session ;user;query position;cell hashcode;novelty;outlierness;relevance;surprise;query label;session label
user-I301280_session-97AFC965ABF526B36B105A3821C9BD1C9F1390DB3D7B2B07D7C6A16AF3061CF2_analysis-3.csv;user-I301280;1;-1645642369;true;0.02204554857721397;0.0;Infinity;1;C
user-I301280_session-97AFC965ABF526B36B105A3821C9BD1C9F1390DB3D7B2B07D7C6A16AF3061CF2_analysis-3.csv;user-I301280;1;1959132295;true;0.15766810112797391;0.0;Infinity;1;C
user-I301280_session-97AFC965ABF526B36B105A3821C9BD1C9F1390DB3D7B2B07D7C6A16AF3061CF2_analysis-3.csv;user-I301280;1;385039036;true;0.25098653649098246;0.0;Infinity;1;C
user-I301280_session-97AFC965ABF526B36B105A3821C9BD1C9F1390DB3D7B2B07D7C6A16AF3061CF2_analysis-3.csv;user-I301280;1;-1709703921;true;0.45824589628565937;0.0;Infinity;1;C
user-I301280_session-97AFC965ABF526B36B105A3821C9BD1C9F1390DB3D7B2B07D7C6A16AF3061CF2_analysis-3.csv;user-I301280;1;1052919571;true;0.18283311941341984;0.0;Infinity;1;C
user-I301280_session-97AFC965ABF526B36B105A3821C9BD1C9F1390DB3D7B2B07D7C6A16AF3061CF2_analysis-3.csv;user-I301280;1;2102439832;true;0.21467279309802723;0.0;Infinity;1;C
user-I301280_session-97AFC965ABF526B36B105A3821C9BD1C9F1390DB3D7B2B07D7C6A16AF3061CF2_analysis-3.csv;user-I301280;1;-1709711384;true;0.48279068880324305;0.0;Infinity;1;C
user-I301280_session-97AFC965ABF526B36B105A3821C9BD1C9F1390DB3D7B2B07D7C6A16AF3061CF2_analysis-3.csv;user-I301280;1;455384322;true;0.16832974360988073;0.0;Infinity;1;C
user-I301280_session-97AFC965ABF526B36B105A3821C9BD1C9F1390DB3D7B2B07D7C6A16AF3061CF2_analysis-3.csv;user-I301280;1;312076785;true;0.028434234348105436;0.0;Infinity;1;C
user-I301280_session-97AFC965ABF526B36B105A3821C9BD1C9F1390DB3D7B2B07D7C6A16AF3061CF2_analysis-3.csv;user-I301280;1;2032094546;true;0.16162171616262855;0.0;Infinity;1;C
user-I301280_session-97AFC965ABF526B36B105A3821C9BD1C9F1390DB3D7B2B07D7C6A16AF3061CF2_analysis-3.csv;user-I301280;1;1891004452;true;0.4859741891639724;0.0;Infinity;1;C
user-I301280_session-97AFC965ABF526B36B105A3821C9BD1C9F1390DB3D7B2B07D7C6A16AF3061CF2_analysis-3.csv;user-I301280;1;243948942;true;0.3876669041018673;0.0;Infinity;1;C
user-I301280_session-97AFC965ABF526B36B105A3821C9BD1C9F1390DB3D7B2B07D7C6A16AF3061CF2_analysis-3.csv;user-I301280;1;1413141;true;0.2626713824722766;0.0;Infinity;1;C
user-I301280_session-97AFC965ABF526B36B105A3821C9BD1C9F1390DB3D7B2B07D7C6A16AF3061CF2_analysis-3.csv;user-I301280;1;2123340856;true;0.44269361154022624;0.0;Infinity;1;C
user-I301280_session-97AFC965ABF526B36B105A3821C9BD1C9F1390DB3D7B2B07D7C6A16AF3061CF2_analysis-3.csv;user-I301280;2;-1645642369;true;0.02204554857721397;0.0;Infinity;1;C
user-I301280_session-97AFC965ABF526B36B105A3821C9BD1C9F1390DB3D7B2B07D7C6A16AF3061CF2_analysis-3.csv;user-I301280;2;1959132295;true;0.15766810112797391;0.0;Infinity;1;C
user-I301280_session-97AFC965ABF526B36B105A3821C9BD1C9F1390DB3D7B2B07D7C6A16AF3061CF2_analysis-3.csv;user-I301280;2;385039036;true;0.25098653649098246;0.0;Infinity;1;C
user-I301280_session-97AFC965ABF526B36B105A3821C9BD1C9F1390DB3D7B2B07D7C6A16AF3061CF2_analysis-3.csv;user-I301280;2;-1709703921;true;0.45824589628565937;0.0;Infinity;1;C
user-I301280_session-97AFC965ABF526B36B105A3821C9BD1C9F1390DB3D7B2B07D7C6A16AF3061CF2_analysis-3.csv;user-I301280;2;1052919571;true;0.18283311941341984;0.0;Infinity;1;C
user-I301280_session-97AFC965ABF526B36B105A3821C9BD1C9F1390DB3D7B2B07D7C6A16AF3061CF2_analysis-3.csv;user-I301280;2;2102439832;true;0.21467279309802723;0.0;Infinity;1;C
user-I301280_session-97AFC965ABF526B36B105A3821C9BD1C9F1390DB3D7B2B07D7C6A16AF3061CF2_analysis-3.csv;user-I301280;2;-1709711384;true;0.48279068880324305;0.0;Infinity;1;C
user-I301280_session-97AFC965ABF526B36B105A3821C9BD1C9F1390DB3D7B2B07D7C6A16AF3061CF2_analysis-3.csv;user-I301280;2;455384322;true;0.16832974360988073;0.0;Infinity;1;C
user-I301280_session-97AFC965ABF526B36B105A3821C9BD1C9F1390DB3D7B2B07D7C6A16AF3061CF2_analysis-3.csv;user-I301280;2;312076785;true;0.028434234348105436;0.0;Infinity;1;C
user-I301280_session-97AFC965ABF526B36B105A3821C9BD1C9F1390DB3D7B2B07D7C6A16AF3061CF2_analysis-3.csv;user-I301280;2;2032094546;true;0.16162171616262855;0.0;Infinity;1;C
user-I301280_session-97AFC965ABF526B36B105A3821C9BD1C9F1390DB3D7B2B07D7C6A16AF3061CF2_analysis-3.csv;user-I301280;2;1891004452;true;0.4859741891639724;0.0;Infinity;1;C
user-I301280_session-97AFC965ABF526B36B105A3821C9BD1C9F1390DB3D7B2B07D7C6A16AF3061CF2_analysis-3.csv;user-I301280;2;243948942;true;0.3876669041018673;0.0;Infinity;1;C
user-I301280_session-97AFC965ABF526B36B105A3821C9BD1C9F1390DB3D7B2B07D7C6A16AF3061CF2_analysis-3.csv;user-I301280;2;1413141;true;0.2626713824722766;0.0;Infinity;1;C
user-I301280_session-97AFC965ABF526B36B105A3821C9BD1C9F1390DB3D7B2B07D7C6A16AF3061CF2_analysis-3.csv;user-I301280;2;2123340856;true;0.44269361154022624;0.0;Infinity;1;C
user-I301280_session-97AFC965ABF526B36B105A3821C9BD1C9F1390DB3D7B2B07D7C6A16AF3061CF2_analysis-3.csv;user-I301280;3;-1716324496;true;0.13532778190852512;0.0;Infinity;1;C
user-I301280_session-97AFC965ABF526B36B105A3821C9BD1C9F1390DB3D7B2B07D7C6A16AF3061CF2_analysis-3.csv;user-I301280;3;-1094907858;true;0.25912679040062736;0.0;Infinity;1;C
user-I301280_session-97AFC965ABF526B36B105A3821C9BD1C9F1390DB3D7B2B07D7C6A16AF3061CF2_analysis-3.csv;user-I301280;3;-657987788;true;0.28512358662819315;0.0;Infinity;1;C
user-I301280_session-97AFC965ABF526B36B105A3821C9BD1C9F1390DB3D7B2B07D7C6A16AF3061CF2_analysis-3.csv;user-I301280;3;-1009694579;true;0.15310621355409104;0.0;Infinity;1;C
user-I301280_session-97AFC965ABF526B36B105A3821C9BD1C9F1390DB3D7B2B07D7C6A16AF3061CF2_analysis-3.csv;user-I301280;4;-1716324496;true;0.13532778190852512;0.0;Infinity;1;C
user-I301280_session-97AFC965ABF526B36B105A3821C9BD1C9F1390DB3D7B2B07D7C6A16AF3061CF2_analysis-3.csv;user-I301280;4;-1094907858;true;0.25912679040062736;0.0;Infinity;1;C
user-I301280_session-97AFC965ABF526B36B105A3821C9BD1C9F1390DB3D7B2B07D7C6A16AF3061CF2_analysis-3.csv;user-I301280;4;-657987788;true;0.28512358662819315;0.0;Infinity;1;C
user-I301280_session-97AFC965ABF526B36B105A3821C9BD1C9F1390DB3D7B2B07D7C6A16AF3061CF2_analysis-3.csv;user-I301280;4;-1009694579;true;0.15310621355409104;0.0;Infinity;1;C
user-I301280_session-97AFC965ABF526B36B105A3821C9BD1C9F1390DB3D7B2B07D7C6A16AF3061CF2_analysis-3.csv;user-I301280;5;-1716324496;true;0.13532778190852512;0.0;Infinity;1;C
user-I301280_session-97AFC965ABF526B36B105A3821C9BD1C9F1390DB3D7B2B07D7C6A16AF3061CF2_analysis-3.csv;user-I301280;5;-1094907858;true;0.25912679040062736;0.0;Infinity;1;C
user-I301280_session-97AFC965ABF526B36B105A3821C9BD1C9F1390DB3D7B2B07D7C6A16AF3061CF2_analysis-3.csv;user-I301280;5;-657987788;true;0.28512358662819315;0.0;Infinity;1;C
user-I301280_session-97AFC965ABF526B36B105A3821C9BD1C9F1390DB3D7B2B07D7C6A16AF3061CF2_analysis-3.csv;user-I301280;5;-1009694579;true;0.15310621355409104;0.0;Infinity;1;C
user-I301280_session-97AFC965ABF526B36B105A3821C9BD1C9F1390DB3D7B2B07D7C6A16AF3061CF2_analysis-3.csv;user-I301280;6;-1716324496;true;0.13532778190852512;0.0;Infinity;1;C
user-I301280_session-97AFC965ABF526B36B105A3821C9BD1C9F1390DB3D7B2B07D7C6A16AF3061CF2_analysis-3.csv;user-I301280;6;-1094907858;true;0.25912679040062736;0.0;Infinity;1;C
user-I301280_session-97AFC965ABF526B36B105A3821C9BD1C9F1390DB3D7B2B07D7C6A16AF3061CF2_analysis-3.csv;user-I301280;6;-657987788;true;0.28512358662819315;0.0;Infinity;1;C
user-I301280_session-97AFC965ABF526B36B105A3821C9BD1C9F1390DB3D7B2B07D7C6A16AF3061CF2_analysis-3.csv;user-I301280;6;-1009694579;true;0.15310621355409104;0.0;Infinity;1;C
user-I301280_session-97AFC965ABF526B36B105A3821C9BD1C9F1390DB3D7B2B07D7C6A16AF3061CF2_analysis-3.csv;user-I301280;7;-1553953416;true;0.13101950521479178;0.0;Infinity;1;C
user-I301280_session-97AFC965ABF526B36B105A3821C9BD1C9F1390DB3D7B2B07D7C6A16AF3061CF2_analysis-3.csv;user-I301280;7;710332475;true;0.29369439839142375;0.0;Infinity;1;C
user-I301280_session-97AFC965ABF526B36B105A3821C9BD1C9F1390DB3D7B2B07D7C6A16AF3061CF2_analysis-3.csv;user-I301280;7;646252038;true;0.3421528588078273;0.0;Infinity;1;C
user-I301280_session-97AFC965ABF526B36B105A3821C9BD1C9F1390DB3D7B2B07D7C6A16AF3061CF2_analysis-3.csv;user-I301280;7;-1626915667;true;0.08362079955457502;0.0;Infinity;1;C
user-I301280_session-97AFC965ABF526B36B105A3821C9BD1C9F1390DB3D7B2B07D7C6A16AF3061CF2_analysis-3.csv;user-I301280;7;-1695043510;true;0.4853147938879465;0.0;Infinity;1;C
user-I301280_session-97AFC965ABF526B36B105A3821C9BD1C9F1390DB3D7B2B07D7C6A16AF3061CF2_analysis-3.csv;user-I301280;7;-1483608130;true;0.12061126070459416;0.0;Infinity;1;C
user-I301280_session-97AFC965ABF526B36B105A3821C9BD1C9F1390DB3D7B2B07D7C6A16AF3061CF2_analysis-3.csv;user-I301280;8;-1553953416;true;0.13101950521479178;0.0;Infinity;1;C
user-I301280_session-97AFC965ABF526B36B105A3821C9BD1C9F1390DB3D7B2B07D7C6A16AF3061CF2_analysis-3.csv;user-I301280;8;710332475;true;0.29369439839142375;0.0;Infinity;1;C
user-I301280_session-97AFC965ABF526B36B105A3821C9BD1C9F1390DB3D7B2B07D7C6A16AF3061CF2_analysis-3.csv;user-I301280;8;646252038;true;0.3421528588078273;0.0;Infinity;1;C
user-I301280_session-97AFC965ABF526B36B105A3821C9BD1C9F1390DB3D7B2B07D7C6A16AF3061CF2_analysis-3.csv;user-I301280;8;-1626915667;true;0.08362079955457502;0.0;Infinity;1;C
user-I301280_session-97AFC965ABF526B36B105A3821C9BD1C9F1390DB3D7B2B07D7C6A16AF3061CF2_analysis-3.csv;user-I301280;8;-1695043510;true;0.4853147938879465;0.0;Infinity;1;C
user-I301280_session-97AFC965ABF526B36B105A3821C9BD1C9F1390DB3D7B2B07D7C6A16AF3061CF2_analysis-3.csv;user-I301280;8;-1483608130;true;0.12061126070459416;0.0;Infinity;1;C
user-I301280_session-97AFC965ABF526B36B105A3821C9BD1C9F1390DB3D7B2B07D7C6A16AF3061CF2_analysis-3.csv;user-I301280;9;713703908;true;NaN;0.0;Infinity;1;C
user-I301280_session-97AFC965ABF526B36B105A3821C9BD1C9F1390DB3D7B2B07D7C6A16AF3061CF2_analysis-3.csv;user-I301280;10;4784574;true;0.2911476204856007;0.0;Infinity;0;C
user-I301280_session-97AFC965ABF526B36B105A3821C9BD1C9F1390DB3D7B2B07D7C6A16AF3061CF2_analysis-3.csv;user-I301280;10;-1642252051;true;0.299078412586816;0.0;Infinity;0;C
user-I301280_session-97AFC965ABF526B36B105A3821C9BD1C9F1390DB3D7B2B07D7C6A16AF3061CF2_analysis-3.csv;user-I301280;10;-2104174570;true;0.2947508781011592;0.0;Infinity;0;C
user-I301280_session-97AFC965ABF526B36B105A3821C9BD1C9F1390DB3D7B2B07D7C6A16AF3061CF2_analysis-3.csv;user-I301280;10;-1642270936;true;0.035490742287579646;0.0;Infinity;0;C
user-I301280_session-97AFC965ABF526B36B105A3821C9BD1C9F1390DB3D7B2B07D7C6A16AF3061CF2_analysis-3.csv;user-I301280;10;1120371441;true;0.21722304327259978;0.0;Infinity;0;C
user-I301280_session-97AFC965ABF526B36B105A3821C9BD1C9F1390DB3D7B2B07D7C6A16AF3061CF2_analysis-3.csv;user-I301280;10;-1642259514;true;0.30593224454358103;0.0;Infinity;0;C
user-I301280_session-97AFC965ABF526B36B105A3821C9BD1C9F1390DB3D7B2B07D7C6A16AF3061CF2_analysis-3.csv;user-I301280;11;4784574;true;0.2911476204856007;0.0;Infinity;1;C
user-I301280_session-97AFC965ABF526B36B105A3821C9BD1C9F1390DB3D7B2B07D7C6A16AF3061CF2_analysis-3.csv;user-I301280;11;-1642252051;true;0.299078412586816;0.0;Infinity;1;C
user-I301280_session-97AFC965ABF526B36B105A3821C9BD1C9F1390DB3D7B2B07D7C6A16AF3061CF2_analysis-3.csv;user-I301280;11;-2104174570;true;0.2947508781011592;0.0;Infinity;1;C
user-I301280_session-97AFC965ABF526B36B105A3821C9BD1C9F1390DB3D7B2B07D7C6A16AF3061CF2_analysis-3.csv;user-I301280;11;-1642270936;true;0.035490742287579646;0.0;Infinity;1;C
user-I301280_session-97AFC965ABF526B36B105A3821C9BD1C9F1390DB3D7B2B07D7C6A16AF3061CF2_analysis-3.csv;user-I301280;11;1120371441;true;0.21722304327259978;0.0;Infinity;1;C
user-I301280_session-97AFC965ABF526B36B105A3821C9BD1C9F1390DB3D7B2B07D7C6A16AF3061CF2_analysis-3.csv;user-I301280;11;-1642259514;true;0.30593224454358103;0.0;Infinity;1;C
