session ;user;query position;cell hashcode;novelty;outlierness;relevance;surprise;query label;session label
user-a_session-29AF06B372FD52129AAB65DA477E308EC73CF0D44087D05DA8D39C7BE425D30E_analysis-6.csv;user-a;1;504584635;false;0.16462722434923172;1.0;25.050095910628777;0;B
user-a_session-29AF06B372FD52129AAB65DA477E308EC73CF0D44087D05DA8D39C7BE425D30E_analysis-6.csv;user-a;1;504584636;false;0.44602576091891466;1.0;25.050095910628777;0;B
user-a_session-29AF06B372FD52129AAB65DA477E308EC73CF0D44087D05DA8D39C7BE425D30E_analysis-6.csv;user-a;1;504584637;false;0.2441227063113558;1.0;25.050095910628777;0;B
user-a_session-29AF06B372FD52129AAB65DA477E308EC73CF0D44087D05DA8D39C7BE425D30E_analysis-6.csv;user-a;1;504584638;false;0.10980063274322038;1.0;25.050095910628777;0;B
user-a_session-29AF06B372FD52129AAB65DA477E308EC73CF0D44087D05DA8D39C7BE425D30E_analysis-6.csv;user-a;1;-1897342600;false;0.21529279872752305;1.0;25.204246590456037;0;B
user-a_session-29AF06B372FD52129AAB65DA477E308EC73CF0D44087D05DA8D39C7BE425D30E_analysis-6.csv;user-a;1;-1897342604;false;0.4219947747989792;1.0;25.204246590456037;0;B
user-a_session-29AF06B372FD52129AAB65DA477E308EC73CF0D44087D05DA8D39C7BE425D30E_analysis-6.csv;user-a;1;-1831492107;false;0.10143767256674252;1.0;25.10893641065171;0;B
user-a_session-29AF06B372FD52129AAB65DA477E308EC73CF0D44087D05DA8D39C7BE425D30E_analysis-6.csv;user-a;1;-1897342603;false;0.13951208408150217;1.0;25.021925033662082;0;B
user-a_session-29AF06B372FD52129AAB65DA477E308EC73CF0D44087D05DA8D39C7BE425D30E_analysis-6.csv;user-a;1;-1831492106;false;0.1464062071611978;1.0;25.10893641065171;0;B
user-a_session-29AF06B372FD52129AAB65DA477E308EC73CF0D44087D05DA8D39C7BE425D30E_analysis-6.csv;user-a;1;-1897342602;false;0.2441227063113558;1.0;25.021925033662082;0;B
user-a_session-29AF06B372FD52129AAB65DA477E308EC73CF0D44087D05DA8D39C7BE425D30E_analysis-6.csv;user-a;1;-1831492105;false;0.1464062071611978;1.0;25.10893641065171;0;B
user-a_session-29AF06B372FD52129AAB65DA477E308EC73CF0D44087D05DA8D39C7BE425D30E_analysis-6.csv;user-a;1;-1897342601;false;0.3649233660190807;1.0;24.86777435383482;0;B
user-a_session-29AF06B372FD52129AAB65DA477E308EC73CF0D44087D05DA8D39C7BE425D30E_analysis-6.csv;user-a;1;-1897342608;false;0.12886164696414615;1.0;24.86777435383482;0;B
user-a_session-29AF06B372FD52129AAB65DA477E308EC73CF0D44087D05DA8D39C7BE425D30E_analysis-6.csv;user-a;1;-1897342607;false;0.06506810195931845;1.0;24.86777435383482;0;B
user-a_session-29AF06B372FD52129AAB65DA477E308EC73CF0D44087D05DA8D39C7BE425D30E_analysis-6.csv;user-a;1;-1897342606;false;0.46280995951460335;1.0;24.86777435383482;0;B
user-a_session-29AF06B372FD52129AAB65DA477E308EC73CF0D44087D05DA8D39C7BE425D30E_analysis-6.csv;user-a;1;-1897342605;false;0.4386309144422008;1.0;24.86777435383482;0;B
user-a_session-29AF06B372FD52129AAB65DA477E308EC73CF0D44087D05DA8D39C7BE425D30E_analysis-6.csv;user-a;1;175805190;false;0.2526986665112808;1.0;25.021925033662082;0;B
user-a_session-29AF06B372FD52129AAB65DA477E308EC73CF0D44087D05DA8D39C7BE425D30E_analysis-6.csv;user-a;1;175805191;false;0.038736746927466204;1.0;25.021925033662082;0;B
user-a_session-29AF06B372FD52129AAB65DA477E308EC73CF0D44087D05DA8D39C7BE425D30E_analysis-6.csv;user-a;1;-563747479;false;0.22662363858451928;1.0;24.86777435383482;0;B
user-a_session-29AF06B372FD52129AAB65DA477E308EC73CF0D44087D05DA8D39C7BE425D30E_analysis-6.csv;user-a;1;175805188;false;0.09683986196584715;1.0;24.86777435383482;0;B
user-a_session-29AF06B372FD52129AAB65DA477E308EC73CF0D44087D05DA8D39C7BE425D30E_analysis-6.csv;user-a;1;-563747478;false;0.3146299179015968;1.0;24.86777435383482;0;B
user-a_session-29AF06B372FD52129AAB65DA477E308EC73CF0D44087D05DA8D39C7BE425D30E_analysis-6.csv;user-a;1;175805189;false;0.0125799091382639;1.0;25.204246590456037;0;B
user-a_session-29AF06B372FD52129AAB65DA477E308EC73CF0D44087D05DA8D39C7BE425D30E_analysis-6.csv;user-a;1;-563747477;false;0.46584390020617406;1.0;24.86777435383482;0;B
user-a_session-29AF06B372FD52129AAB65DA477E308EC73CF0D44087D05DA8D39C7BE425D30E_analysis-6.csv;user-a;1;175805186;false;9.86991399349324E-4;1.0;24.86777435383482;0;B
user-a_session-29AF06B372FD52129AAB65DA477E308EC73CF0D44087D05DA8D39C7BE425D30E_analysis-6.csv;user-a;1;-563747476;false;0.42362872650229577;1.0;24.86777435383482;0;B
user-a_session-29AF06B372FD52129AAB65DA477E308EC73CF0D44087D05DA8D39C7BE425D30E_analysis-6.csv;user-a;1;175805187;false;0.09170768837393672;1.0;24.86777435383482;0;B
user-a_session-29AF06B372FD52129AAB65DA477E308EC73CF0D44087D05DA8D39C7BE425D30E_analysis-6.csv;user-a;1;-563747475;false;0.3406874346286064;1.0;25.204246590456037;0;B
user-a_session-29AF06B372FD52129AAB65DA477E308EC73CF0D44087D05DA8D39C7BE425D30E_analysis-6.csv;user-a;1;-563747474;false;0.2417333514153801;1.0;25.021925033662082;0;B
user-a_session-29AF06B372FD52129AAB65DA477E308EC73CF0D44087D05DA8D39C7BE425D30E_analysis-6.csv;user-a;1;175805185;false;0.03387834227322184;1.0;24.86777435383482;0;B
user-a_session-29AF06B372FD52129AAB65DA477E308EC73CF0D44087D05DA8D39C7BE425D30E_analysis-6.csv;user-a;1;-563747473;false;0.4176574524006138;1.0;25.021925033662082;0;B
user-a_session-29AF06B372FD52129AAB65DA477E308EC73CF0D44087D05DA8D39C7BE425D30E_analysis-6.csv;user-a;1;175805192;false;0.044865571419259176;1.0;24.86777435383482;0;B
user-a_session-29AF06B372FD52129AAB65DA477E308EC73CF0D44087D05DA8D39C7BE425D30E_analysis-6.csv;user-a;1;175805193;false;0.4430091403854496;1.0;25.204246590456037;0;B
user-a_session-29AF06B372FD52129AAB65DA477E308EC73CF0D44087D05DA8D39C7BE425D30E_analysis-6.csv;user-a;1;-1170705781;false;0.4190093300866182;1.0;25.204246590456037;0;B
user-a_session-29AF06B372FD52129AAB65DA477E308EC73CF0D44087D05DA8D39C7BE425D30E_analysis-6.csv;user-a;1;-1831493624;false;0.32680046706149224;1.0;24.95478573082445;0;B
user-a_session-29AF06B372FD52129AAB65DA477E308EC73CF0D44087D05DA8D39C7BE425D30E_analysis-6.csv;user-a;1;-1170705782;false;0.2892207206814834;1.0;24.86777435383482;0;B
user-a_session-29AF06B372FD52129AAB65DA477E308EC73CF0D44087D05DA8D39C7BE425D30E_analysis-6.csv;user-a;1;-1831493623;false;0.35763984813257343;1.0;24.95478573082445;0;B
user-a_session-29AF06B372FD52129AAB65DA477E308EC73CF0D44087D05DA8D39C7BE425D30E_analysis-6.csv;user-a;1;-1170705783;false;0.26618821830917805;1.0;25.021925033662082;0;B
user-a_session-29AF06B372FD52129AAB65DA477E308EC73CF0D44087D05DA8D39C7BE425D30E_analysis-6.csv;user-a;1;-1831493622;false;0.13951208408150217;1.0;24.95478573082445;0;B
user-a_session-29AF06B372FD52129AAB65DA477E308EC73CF0D44087D05DA8D39C7BE425D30E_analysis-6.csv;user-a;1;-1170705784;false;0.31858048653660553;1.0;25.021925033662082;0;B
user-a_session-29AF06B372FD52129AAB65DA477E308EC73CF0D44087D05DA8D39C7BE425D30E_analysis-6.csv;user-a;1;-1831493621;false;0.1263951375657848;1.0;25.291257967445667;0;B
user-a_session-29AF06B372FD52129AAB65DA477E308EC73CF0D44087D05DA8D39C7BE425D30E_analysis-6.csv;user-a;1;-1831493619;false;0.15716959356204208;1.0;25.10893641065171;0;B
user-a_session-29AF06B372FD52129AAB65DA477E308EC73CF0D44087D05DA8D39C7BE425D30E_analysis-6.csv;user-a;1;-1831493618;false;0.20965033520039644;1.0;24.95478573082445;0;B
user-a_session-29AF06B372FD52129AAB65DA477E308EC73CF0D44087D05DA8D39C7BE425D30E_analysis-6.csv;user-a;1;-1831493617;false;0.13284215230834273;1.0;25.291257967445667;0;B
user-a_session-29AF06B372FD52129AAB65DA477E308EC73CF0D44087D05DA8D39C7BE425D30E_analysis-6.csv;user-a;1;-1170705789;false;0.016190391577483476;1.0;24.86777435383482;0;B
user-a_session-29AF06B372FD52129AAB65DA477E308EC73CF0D44087D05DA8D39C7BE425D30E_analysis-6.csv;user-a;1;-563747471;false;0.16002644875958882;1.0;25.204246590456037;0;B
user-a_session-29AF06B372FD52129AAB65DA477E308EC73CF0D44087D05DA8D39C7BE425D30E_analysis-6.csv;user-a;1;-563747472;false;0.1822306460895846;1.0;24.86777435383482;0;B
user-a_session-29AF06B372FD52129AAB65DA477E308EC73CF0D44087D05DA8D39C7BE425D30E_analysis-6.csv;user-a;1;-1170705785;false;0.19999512337315595;1.0;25.204246590456037;0;B
user-a_session-29AF06B372FD52129AAB65DA477E308EC73CF0D44087D05DA8D39C7BE425D30E_analysis-6.csv;user-a;1;-1170705786;false;0.39691569099785096;1.0;24.86777435383482;0;B
user-a_session-29AF06B372FD52129AAB65DA477E308EC73CF0D44087D05DA8D39C7BE425D30E_analysis-6.csv;user-a;1;-1170705787;false;0.19882860845407246;1.0;24.86777435383482;0;B
user-a_session-29AF06B372FD52129AAB65DA477E308EC73CF0D44087D05DA8D39C7BE425D30E_analysis-6.csv;user-a;1;-1170705788;false;0.050153309916577515;1.0;24.86777435383482;0;B
user-a_session-29AF06B372FD52129AAB65DA477E308EC73CF0D44087D05DA8D39C7BE425D30E_analysis-6.csv;user-a;1;-1831493625;false;0.3450283553417681;1.0;24.95478573082445;0;B
user-a_session-29AF06B372FD52129AAB65DA477E308EC73CF0D44087D05DA8D39C7BE425D30E_analysis-6.csv;user-a;1;-827732520;false;0.29183661297880537;1.0;25.56092153439477;0;B
user-a_session-29AF06B372FD52129AAB65DA477E308EC73CF0D44087D05DA8D39C7BE425D30E_analysis-6.csv;user-a;1;-827732525;false;0.10009020162830651;1.0;25.56092153439477;0;B
user-a_session-29AF06B372FD52129AAB65DA477E308EC73CF0D44087D05DA8D39C7BE425D30E_analysis-6.csv;user-a;1;-827732526;false;0.23464206424615763;1.0;25.56092153439477;0;B
user-a_session-29AF06B372FD52129AAB65DA477E308EC73CF0D44087D05DA8D39C7BE425D30E_analysis-6.csv;user-a;1;-827732527;false;0.1464062071611978;1.0;25.56092153439477;0;B
user-a_session-29AF06B372FD52129AAB65DA477E308EC73CF0D44087D05DA8D39C7BE425D30E_analysis-6.csv;user-a;1;-827732522;false;0.10555927099983364;1.0;25.715072214222026;0;B
user-a_session-29AF06B372FD52129AAB65DA477E308EC73CF0D44087D05DA8D39C7BE425D30E_analysis-6.csv;user-a;1;-827732524;false;0.15352541359622363;1.0;25.56092153439477;0;B
user-a_session-29AF06B372FD52129AAB65DA477E308EC73CF0D44087D05DA8D39C7BE425D30E_analysis-6.csv;user-a;1;-1897341090;false;0.25136654552934246;1.0;25.021925033662082;0;B
user-a_session-29AF06B372FD52129AAB65DA477E308EC73CF0D44087D05DA8D39C7BE425D30E_analysis-6.csv;user-a;1;-1897341089;false;0.1723103991546011;1.0;25.021925033662082;0;B
user-a_session-29AF06B372FD52129AAB65DA477E308EC73CF0D44087D05DA8D39C7BE425D30E_analysis-6.csv;user-a;1;175806703;false;0.17142832081044146;1.0;25.021925033662082;0;B
user-a_session-29AF06B372FD52129AAB65DA477E308EC73CF0D44087D05DA8D39C7BE425D30E_analysis-6.csv;user-a;1;-563745961;false;0.2611989395788519;1.0;25.021925033662082;0;B
user-a_session-29AF06B372FD52129AAB65DA477E308EC73CF0D44087D05DA8D39C7BE425D30E_analysis-6.csv;user-a;1;-1897341088;false;0.4296175905825024;1.0;25.021925033662082;0;B
user-a_session-29AF06B372FD52129AAB65DA477E308EC73CF0D44087D05DA8D39C7BE425D30E_analysis-6.csv;user-a;1;-563745959;false;0.3982508457394188;1.0;25.021925033662082;0;B
user-a_session-29AF06B372FD52129AAB65DA477E308EC73CF0D44087D05DA8D39C7BE425D30E_analysis-6.csv;user-a;1;-563745960;false;0.4339797650512187;1.0;25.021925033662082;0;B
user-a_session-29AF06B372FD52129AAB65DA477E308EC73CF0D44087D05DA8D39C7BE425D30E_analysis-6.csv;user-a;1;-1170704271;false;0.12410762352729399;1.0;25.021925033662082;0;B
user-a_session-29AF06B372FD52129AAB65DA477E308EC73CF0D44087D05DA8D39C7BE425D30E_analysis-6.csv;user-a;1;-1170704269;false;0.22308313982653827;1.0;25.021925033662082;0;B
user-a_session-29AF06B372FD52129AAB65DA477E308EC73CF0D44087D05DA8D39C7BE425D30E_analysis-6.csv;user-a;1;-1170704270;false;0.29064937621354625;1.0;25.021925033662082;0;B
user-a_session-29AF06B372FD52129AAB65DA477E308EC73CF0D44087D05DA8D39C7BE425D30E_analysis-6.csv;user-a;1;504586153;false;0.3240508663291921;1.0;25.204246590456037;0;B
user-a_session-29AF06B372FD52129AAB65DA477E308EC73CF0D44087D05DA8D39C7BE425D30E_analysis-6.csv;user-a;1;504584642;false;0.2892207206814834;1.0;25.050095910628777;0;B
user-a_session-29AF06B372FD52129AAB65DA477E308EC73CF0D44087D05DA8D39C7BE425D30E_analysis-6.csv;user-a;1;504584641;false;0.4130525760476197;1.0;25.204246590456037;0;B
user-a_session-29AF06B372FD52129AAB65DA477E308EC73CF0D44087D05DA8D39C7BE425D30E_analysis-6.csv;user-a;1;504586155;false;0.48850750945551047;1.0;25.204246590456037;0;B
user-a_session-29AF06B372FD52129AAB65DA477E308EC73CF0D44087D05DA8D39C7BE425D30E_analysis-6.csv;user-a;1;504584640;false;0.24303795675309403;1.0;25.204246590456037;0;B
user-a_session-29AF06B372FD52129AAB65DA477E308EC73CF0D44087D05DA8D39C7BE425D30E_analysis-6.csv;user-a;1;504586154;false;0.1412145554183466;1.0;25.204246590456037;0;B
user-a_session-29AF06B372FD52129AAB65DA477E308EC73CF0D44087D05DA8D39C7BE425D30E_analysis-6.csv;user-a;1;175806704;false;0.21753229860676704;1.0;25.021925033662082;0;B
user-a_session-29AF06B372FD52129AAB65DA477E308EC73CF0D44087D05DA8D39C7BE425D30E_analysis-6.csv;user-a;1;175806705;false;0.27007940652489615;1.0;25.021925033662082;0;B
