session ;user;query position;cell hashcode;novelty;outlierness;relevance;surprise;query label;session label
user-I051892_session-05F964991B84D6A73AB5C73DA9CB1A97C34CB84348A55BE18FEB6A11A66B8BC9_analysis-6.csv;user-I051892;1;1906239541;true;NaN;0.0;Infinity;1;C
user-I051892_session-05F964991B84D6A73AB5C73DA9CB1A97C34CB84348A55BE18FEB6A11A66B8BC9_analysis-6.csv;user-I051892;2;-60668144;true;0.2781583449768277;0.0;Infinity;1;C
user-I051892_session-05F964991B84D6A73AB5C73DA9CB1A97C34CB84348A55BE18FEB6A11A66B8BC9_analysis-6.csv;user-I051892;2;-547512291;true;0.4154295114003914;0.0;Infinity;1;C
user-I051892_session-05F964991B84D6A73AB5C73DA9CB1A97C34CB84348A55BE18FEB6A11A66B8BC9_analysis-6.csv;user-I051892;2;102927118;true;0.3140002055071902;0.0;Infinity;1;C
user-I051892_session-05F964991B84D6A73AB5C73DA9CB1A97C34CB84348A55BE18FEB6A11A66B8BC9_analysis-6.csv;user-I051892;2;-667745417;true;0.430200982937581;0.0;Infinity;1;C
user-I051892_session-05F964991B84D6A73AB5C73DA9CB1A97C34CB84348A55BE18FEB6A11A66B8BC9_analysis-6.csv;user-I051892;2;-1923146813;true;0.3056813969307993;0.0;Infinity;1;C
user-I051892_session-05F964991B84D6A73AB5C73DA9CB1A97C34CB84348A55BE18FEB6A11A66B8BC9_analysis-6.csv;user-I051892;2;-268044739;true;0.2640935333851042;0.0;Infinity;1;C
user-I051892_session-05F964991B84D6A73AB5C73DA9CB1A97C34CB84348A55BE18FEB6A11A66B8BC9_analysis-6.csv;user-I051892;2;-2115381961;true;0.33434849415829715;0.0;Infinity;1;C
user-I051892_session-05F964991B84D6A73AB5C73DA9CB1A97C34CB84348A55BE18FEB6A11A66B8BC9_analysis-6.csv;user-I051892;2;105040630;true;0.21857685221827972;0.0;Infinity;1;C
user-I051892_session-05F964991B84D6A73AB5C73DA9CB1A97C34CB84348A55BE18FEB6A11A66B8BC9_analysis-6.csv;user-I051892;2;-1401031804;true;0.30678492029662996;0.0;Infinity;1;C
user-I051892_session-05F964991B84D6A73AB5C73DA9CB1A97C34CB84348A55BE18FEB6A11A66B8BC9_analysis-6.csv;user-I051892;2;-1569625400;true;0.2255979825538783;0.0;Infinity;1;C
user-I051892_session-05F964991B84D6A73AB5C73DA9CB1A97C34CB84348A55BE18FEB6A11A66B8BC9_analysis-6.csv;user-I051892;2;1979094113;true;0.4072858134329511;0.0;Infinity;1;C
user-I051892_session-05F964991B84D6A73AB5C73DA9CB1A97C34CB84348A55BE18FEB6A11A66B8BC9_analysis-6.csv;user-I051892;2;-1149760183;true;0.3362467004981762;0.0;Infinity;1;C
user-I051892_session-05F964991B84D6A73AB5C73DA9CB1A97C34CB84348A55BE18FEB6A11A66B8BC9_analysis-6.csv;user-I051892;2;-461476208;true;0.187095981993036;0.0;Infinity;1;C
user-I051892_session-05F964991B84D6A73AB5C73DA9CB1A97C34CB84348A55BE18FEB6A11A66B8BC9_analysis-6.csv;user-I051892;2;173644459;true;0.342399413924671;0.0;Infinity;1;C
user-I051892_session-05F964991B84D6A73AB5C73DA9CB1A97C34CB84348A55BE18FEB6A11A66B8BC9_analysis-6.csv;user-I051892;2;851240853;true;0.12298746290312623;0.0;Infinity;1;C
user-I051892_session-05F964991B84D6A73AB5C73DA9CB1A97C34CB84348A55BE18FEB6A11A66B8BC9_analysis-6.csv;user-I051892;2;602465432;true;0.31455823169057195;0.0;Infinity;1;C
user-I051892_session-05F964991B84D6A73AB5C73DA9CB1A97C34CB84348A55BE18FEB6A11A66B8BC9_analysis-6.csv;user-I051892;2;-974932530;true;0.3770825164619941;0.0;Infinity;1;C
user-I051892_session-05F964991B84D6A73AB5C73DA9CB1A97C34CB84348A55BE18FEB6A11A66B8BC9_analysis-6.csv;user-I051892;2;-701582858;true;0.4263054128929191;0.0;Infinity;1;C
user-I051892_session-05F964991B84D6A73AB5C73DA9CB1A97C34CB84348A55BE18FEB6A11A66B8BC9_analysis-6.csv;user-I051892;2;-1719127474;true;0.31735470043219605;0.0;Infinity;1;C
user-I051892_session-05F964991B84D6A73AB5C73DA9CB1A97C34CB84348A55BE18FEB6A11A66B8BC9_analysis-6.csv;user-I051892;2;525953925;true;0.3824697755163232;0.0;Infinity;1;C
user-I051892_session-05F964991B84D6A73AB5C73DA9CB1A97C34CB84348A55BE18FEB6A11A66B8BC9_analysis-6.csv;user-I051892;2;176959289;true;0.28612690180543365;0.0;Infinity;1;C
user-I051892_session-05F964991B84D6A73AB5C73DA9CB1A97C34CB84348A55BE18FEB6A11A66B8BC9_analysis-6.csv;user-I051892;2;175534622;true;0.33606744502568875;0.0;Infinity;1;C
user-I051892_session-05F964991B84D6A73AB5C73DA9CB1A97C34CB84348A55BE18FEB6A11A66B8BC9_analysis-6.csv;user-I051892;2;717068808;true;0.3377898310376398;0.0;Infinity;1;C
user-I051892_session-05F964991B84D6A73AB5C73DA9CB1A97C34CB84348A55BE18FEB6A11A66B8BC9_analysis-6.csv;user-I051892;2;1829372600;true;0.45545701814406003;0.0;Infinity;1;C
user-I051892_session-05F964991B84D6A73AB5C73DA9CB1A97C34CB84348A55BE18FEB6A11A66B8BC9_analysis-6.csv;user-I051892;2;105334956;true;0.4475572214414447;0.0;Infinity;1;C
user-I051892_session-05F964991B84D6A73AB5C73DA9CB1A97C34CB84348A55BE18FEB6A11A66B8BC9_analysis-6.csv;user-I051892;2;-141396907;true;0.03280870487667353;0.0;Infinity;1;C
user-I051892_session-05F964991B84D6A73AB5C73DA9CB1A97C34CB84348A55BE18FEB6A11A66B8BC9_analysis-6.csv;user-I051892;2;-255309665;true;0.3850593263880512;0.0;Infinity;1;C
user-I051892_session-05F964991B84D6A73AB5C73DA9CB1A97C34CB84348A55BE18FEB6A11A66B8BC9_analysis-6.csv;user-I051892;2;1543009399;true;0.4892392811281111;0.0;Infinity;1;C
user-I051892_session-05F964991B84D6A73AB5C73DA9CB1A97C34CB84348A55BE18FEB6A11A66B8BC9_analysis-6.csv;user-I051892;2;183479088;true;0.29582993326086904;0.0;Infinity;1;C
user-I051892_session-05F964991B84D6A73AB5C73DA9CB1A97C34CB84348A55BE18FEB6A11A66B8BC9_analysis-6.csv;user-I051892;2;-897981334;true;0.1855414401180414;0.0;Infinity;1;C
user-I051892_session-05F964991B84D6A73AB5C73DA9CB1A97C34CB84348A55BE18FEB6A11A66B8BC9_analysis-6.csv;user-I051892;2;552214402;true;0.19828405600045096;0.0;Infinity;1;C
user-I051892_session-05F964991B84D6A73AB5C73DA9CB1A97C34CB84348A55BE18FEB6A11A66B8BC9_analysis-6.csv;user-I051892;2;2088972767;true;0.07185947581197616;0.0;Infinity;1;C
user-I051892_session-05F964991B84D6A73AB5C73DA9CB1A97C34CB84348A55BE18FEB6A11A66B8BC9_analysis-6.csv;user-I051892;2;172338809;true;0.39168756109172864;0.0;Infinity;1;C
user-I051892_session-05F964991B84D6A73AB5C73DA9CB1A97C34CB84348A55BE18FEB6A11A66B8BC9_analysis-6.csv;user-I051892;2;-832068148;true;0.347613370157112;0.0;Infinity;1;C
user-I051892_session-05F964991B84D6A73AB5C73DA9CB1A97C34CB84348A55BE18FEB6A11A66B8BC9_analysis-6.csv;user-I051892;2;1402847215;true;0.36283556160437447;0.0;Infinity;1;C
user-I051892_session-05F964991B84D6A73AB5C73DA9CB1A97C34CB84348A55BE18FEB6A11A66B8BC9_analysis-6.csv;user-I051892;2;1688656466;true;0.38848236732820696;0.0;Infinity;1;C
user-I051892_session-05F964991B84D6A73AB5C73DA9CB1A97C34CB84348A55BE18FEB6A11A66B8BC9_analysis-6.csv;user-I051892;2;166921316;true;0.25356767934611124;0.0;Infinity;1;C
user-I051892_session-05F964991B84D6A73AB5C73DA9CB1A97C34CB84348A55BE18FEB6A11A66B8BC9_analysis-6.csv;user-I051892;2;245729308;true;0.47251881962606446;0.0;Infinity;1;C
user-I051892_session-05F964991B84D6A73AB5C73DA9CB1A97C34CB84348A55BE18FEB6A11A66B8BC9_analysis-6.csv;user-I051892;2;-1732934161;true;0.268741266807074;0.0;Infinity;1;C
user-I051892_session-05F964991B84D6A73AB5C73DA9CB1A97C34CB84348A55BE18FEB6A11A66B8BC9_analysis-6.csv;user-I051892;2;2125732870;true;0.430200982937581;0.0;Infinity;1;C
user-I051892_session-05F964991B84D6A73AB5C73DA9CB1A97C34CB84348A55BE18FEB6A11A66B8BC9_analysis-6.csv;user-I051892;2;-2047693219;true;0.2657993839005115;0.0;Infinity;1;C
user-I051892_session-05F964991B84D6A73AB5C73DA9CB1A97C34CB84348A55BE18FEB6A11A66B8BC9_analysis-6.csv;user-I051892;2;-1795959266;true;0.25964634974125833;0.0;Infinity;1;C
user-I051892_session-05F964991B84D6A73AB5C73DA9CB1A97C34CB84348A55BE18FEB6A11A66B8BC9_analysis-6.csv;user-I051892;2;1130569675;true;0.45234151792134314;0.0;Infinity;1;C
user-I051892_session-05F964991B84D6A73AB5C73DA9CB1A97C34CB84348A55BE18FEB6A11A66B8BC9_analysis-6.csv;user-I051892;2;1542839308;true;0.4318615801696134;0.0;Infinity;1;C
user-I051892_session-05F964991B84D6A73AB5C73DA9CB1A97C34CB84348A55BE18FEB6A11A66B8BC9_analysis-6.csv;user-I051892;2;-916822410;true;0.42218626012421323;0.0;Infinity;1;C
user-I051892_session-05F964991B84D6A73AB5C73DA9CB1A97C34CB84348A55BE18FEB6A11A66B8BC9_analysis-6.csv;user-I051892;2;236349531;true;0.3040294181081732;0.0;Infinity;1;C
user-I051892_session-05F964991B84D6A73AB5C73DA9CB1A97C34CB84348A55BE18FEB6A11A66B8BC9_analysis-6.csv;user-I051892;2;-826047484;true;0.12076156036464036;0.0;Infinity;1;C
user-I051892_session-05F964991B84D6A73AB5C73DA9CB1A97C34CB84348A55BE18FEB6A11A66B8BC9_analysis-6.csv;user-I051892;2;-1675713438;true;0.3156755548100654;0.0;Infinity;1;C
user-I051892_session-05F964991B84D6A73AB5C73DA9CB1A97C34CB84348A55BE18FEB6A11A66B8BC9_analysis-6.csv;user-I051892;2;-326876761;true;0.48297020464088036;0.0;Infinity;1;C
user-I051892_session-05F964991B84D6A73AB5C73DA9CB1A97C34CB84348A55BE18FEB6A11A66B8BC9_analysis-6.csv;user-I051892;2;174191994;true;0.4018026042188073;0.0;Infinity;1;C
user-I051892_session-05F964991B84D6A73AB5C73DA9CB1A97C34CB84348A55BE18FEB6A11A66B8BC9_analysis-6.csv;user-I051892;2;-276428033;true;0.4810902318290109;0.0;Infinity;1;C
user-I051892_session-05F964991B84D6A73AB5C73DA9CB1A97C34CB84348A55BE18FEB6A11A66B8BC9_analysis-6.csv;user-I051892;2;1059731469;true;0.4226093401250498;0.0;Infinity;1;C
user-I051892_session-05F964991B84D6A73AB5C73DA9CB1A97C34CB84348A55BE18FEB6A11A66B8BC9_analysis-6.csv;user-I051892;2;173820439;true;0.40850681648792664;0.0;Infinity;1;C
user-I051892_session-05F964991B84D6A73AB5C73DA9CB1A97C34CB84348A55BE18FEB6A11A66B8BC9_analysis-6.csv;user-I051892;2;1691272487;true;0.43391001749098623;0.0;Infinity;1;C
user-I051892_session-05F964991B84D6A73AB5C73DA9CB1A97C34CB84348A55BE18FEB6A11A66B8BC9_analysis-6.csv;user-I051892;2;-1660517200;true;0.32146334311540037;0.0;Infinity;1;C
user-I051892_session-05F964991B84D6A73AB5C73DA9CB1A97C34CB84348A55BE18FEB6A11A66B8BC9_analysis-6.csv;user-I051892;2;556368618;true;0.4525361527641957;0.0;Infinity;1;C
user-I051892_session-05F964991B84D6A73AB5C73DA9CB1A97C34CB84348A55BE18FEB6A11A66B8BC9_analysis-6.csv;user-I051892;2;1338756922;true;0.4512906888364401;0.0;Infinity;1;C
user-I051892_session-05F964991B84D6A73AB5C73DA9CB1A97C34CB84348A55BE18FEB6A11A66B8BC9_analysis-6.csv;user-I051892;2;572552153;true;0.3356732142403325;0.0;Infinity;1;C
user-I051892_session-05F964991B84D6A73AB5C73DA9CB1A97C34CB84348A55BE18FEB6A11A66B8BC9_analysis-6.csv;user-I051892;2;-1731628317;true;0.39391668787601286;0.0;Infinity;1;C
user-I051892_session-05F964991B84D6A73AB5C73DA9CB1A97C34CB84348A55BE18FEB6A11A66B8BC9_analysis-6.csv;user-I051892;2;318992177;true;0.3736902899730967;0.0;Infinity;1;C
user-I051892_session-05F964991B84D6A73AB5C73DA9CB1A97C34CB84348A55BE18FEB6A11A66B8BC9_analysis-6.csv;user-I051892;2;2007038289;true;0.40301946671333644;0.0;Infinity;1;C
user-I051892_session-05F964991B84D6A73AB5C73DA9CB1A97C34CB84348A55BE18FEB6A11A66B8BC9_analysis-6.csv;user-I051892;2;17929734;true;0.283092751457545;0.0;Infinity;1;C
user-I051892_session-05F964991B84D6A73AB5C73DA9CB1A97C34CB84348A55BE18FEB6A11A66B8BC9_analysis-6.csv;user-I051892;2;577772973;true;0.3218507617672026;0.0;Infinity;1;C
user-I051892_session-05F964991B84D6A73AB5C73DA9CB1A97C34CB84348A55BE18FEB6A11A66B8BC9_analysis-6.csv;user-I051892;2;2113959042;true;0.2640935333851042;0.0;Infinity;1;C
user-I051892_session-05F964991B84D6A73AB5C73DA9CB1A97C34CB84348A55BE18FEB6A11A66B8BC9_analysis-6.csv;user-I051892;2;-1675603671;true;0.27186242162702623;0.0;Infinity;1;C
user-I051892_session-05F964991B84D6A73AB5C73DA9CB1A97C34CB84348A55BE18FEB6A11A66B8BC9_analysis-6.csv;user-I051892;2;-916700363;true;0.1922103587997277;0.0;Infinity;1;C
user-I051892_session-05F964991B84D6A73AB5C73DA9CB1A97C34CB84348A55BE18FEB6A11A66B8BC9_analysis-6.csv;user-I051892;2;2051475134;true;0.24542595285053737;0.0;Infinity;1;C
user-I051892_session-05F964991B84D6A73AB5C73DA9CB1A97C34CB84348A55BE18FEB6A11A66B8BC9_analysis-6.csv;user-I051892;2;-1967552936;true;0.4238406243208839;0.0;Infinity;1;C
user-I051892_session-05F964991B84D6A73AB5C73DA9CB1A97C34CB84348A55BE18FEB6A11A66B8BC9_analysis-6.csv;user-I051892;2;-2073310036;true;0.21213879585888984;0.0;Infinity;1;C
user-I051892_session-05F964991B84D6A73AB5C73DA9CB1A97C34CB84348A55BE18FEB6A11A66B8BC9_analysis-6.csv;user-I051892;2;105138381;true;0.20017805986864845;0.0;Infinity;1;C
user-I051892_session-05F964991B84D6A73AB5C73DA9CB1A97C34CB84348A55BE18FEB6A11A66B8BC9_analysis-6.csv;user-I051892;2;179729283;true;0.4525361527641957;0.0;Infinity;1;C
user-I051892_session-05F964991B84D6A73AB5C73DA9CB1A97C34CB84348A55BE18FEB6A11A66B8BC9_analysis-6.csv;user-I051892;2;105241541;true;0.38607403309793675;0.0;Infinity;1;C
user-I051892_session-05F964991B84D6A73AB5C73DA9CB1A97C34CB84348A55BE18FEB6A11A66B8BC9_analysis-6.csv;user-I051892;2;105138378;true;0.4486068041808725;0.0;Infinity;1;C
user-I051892_session-05F964991B84D6A73AB5C73DA9CB1A97C34CB84348A55BE18FEB6A11A66B8BC9_analysis-6.csv;user-I051892;2;914561514;true;0.1910575817931668;0.0;Infinity;1;C
user-I051892_session-05F964991B84D6A73AB5C73DA9CB1A97C34CB84348A55BE18FEB6A11A66B8BC9_analysis-6.csv;user-I051892;2;315983299;true;0.38968815044793725;0.0;Infinity;1;C
user-I051892_session-05F964991B84D6A73AB5C73DA9CB1A97C34CB84348A55BE18FEB6A11A66B8BC9_analysis-6.csv;user-I051892;2;41508526;true;0.4835969484653332;0.0;Infinity;1;C
user-I051892_session-05F964991B84D6A73AB5C73DA9CB1A97C34CB84348A55BE18FEB6A11A66B8BC9_analysis-6.csv;user-I051892;2;-4822331;true;0.4999019852101858;0.0;Infinity;1;C
user-I051892_session-05F964991B84D6A73AB5C73DA9CB1A97C34CB84348A55BE18FEB6A11A66B8BC9_analysis-6.csv;user-I051892;2;1606211730;true;0.257453201296198;0.0;Infinity;1;C
user-I051892_session-05F964991B84D6A73AB5C73DA9CB1A97C34CB84348A55BE18FEB6A11A66B8BC9_analysis-6.csv;user-I051892;2;-1808829012;true;0.3927072335072008;0.0;Infinity;1;C
user-I051892_session-05F964991B84D6A73AB5C73DA9CB1A97C34CB84348A55BE18FEB6A11A66B8BC9_analysis-6.csv;user-I051892;2;-385399205;true;0.3842706534618483;0.0;Infinity;1;C
user-I051892_session-05F964991B84D6A73AB5C73DA9CB1A97C34CB84348A55BE18FEB6A11A66B8BC9_analysis-6.csv;user-I051892;2;-120477470;true;0.3414250957416355;0.0;Infinity;1;C
user-I051892_session-05F964991B84D6A73AB5C73DA9CB1A97C34CB84348A55BE18FEB6A11A66B8BC9_analysis-6.csv;user-I051892;2;-138577199;true;0.3412447821311234;0.0;Infinity;1;C
user-I051892_session-05F964991B84D6A73AB5C73DA9CB1A97C34CB84348A55BE18FEB6A11A66B8BC9_analysis-6.csv;user-I051892;2;-45332633;true;0.40686630096975684;0.0;Infinity;1;C
user-I051892_session-05F964991B84D6A73AB5C73DA9CB1A97C34CB84348A55BE18FEB6A11A66B8BC9_analysis-6.csv;user-I051892;2;-1929684936;true;0.47670533582377284;0.0;Infinity;1;C
user-I051892_session-05F964991B84D6A73AB5C73DA9CB1A97C34CB84348A55BE18FEB6A11A66B8BC9_analysis-6.csv;user-I051892;2;1818702281;true;0.4072858134329511;0.0;Infinity;1;C
user-I051892_session-05F964991B84D6A73AB5C73DA9CB1A97C34CB84348A55BE18FEB6A11A66B8BC9_analysis-6.csv;user-I051892;2;171408411;true;0.3908949962764312;0.0;Infinity;1;C
user-I051892_session-05F964991B84D6A73AB5C73DA9CB1A97C34CB84348A55BE18FEB6A11A66B8BC9_analysis-6.csv;user-I051892;2;-1483011840;true;0.36519751920510446;0.0;Infinity;1;C
user-I051892_session-05F964991B84D6A73AB5C73DA9CB1A97C34CB84348A55BE18FEB6A11A66B8BC9_analysis-6.csv;user-I051892;2;1425118353;true;0.22859044036336584;0.0;Infinity;1;C
user-I051892_session-05F964991B84D6A73AB5C73DA9CB1A97C34CB84348A55BE18FEB6A11A66B8BC9_analysis-6.csv;user-I051892;2;2000953636;true;0.3999790976603177;0.0;Infinity;1;C
user-I051892_session-05F964991B84D6A73AB5C73DA9CB1A97C34CB84348A55BE18FEB6A11A66B8BC9_analysis-6.csv;user-I051892;2;-1624141542;true;0.4166562143552456;0.0;Infinity;1;C
user-I051892_session-05F964991B84D6A73AB5C73DA9CB1A97C34CB84348A55BE18FEB6A11A66B8BC9_analysis-6.csv;user-I051892;2;171615943;true;0.28080247298669336;0.0;Infinity;1;C
user-I051892_session-05F964991B84D6A73AB5C73DA9CB1A97C34CB84348A55BE18FEB6A11A66B8BC9_analysis-6.csv;user-I051892;2;1340637364;true;0.20640123278278244;0.0;Infinity;1;C
user-I051892_session-05F964991B84D6A73AB5C73DA9CB1A97C34CB84348A55BE18FEB6A11A66B8BC9_analysis-6.csv;user-I051892;2;-1261997418;true;0.36165653030074185;0.0;Infinity;1;C
user-I051892_session-05F964991B84D6A73AB5C73DA9CB1A97C34CB84348A55BE18FEB6A11A66B8BC9_analysis-6.csv;user-I051892;2;-371550158;true;0.48316605763847875;0.0;Infinity;1;C
user-I051892_session-05F964991B84D6A73AB5C73DA9CB1A97C34CB84348A55BE18FEB6A11A66B8BC9_analysis-6.csv;user-I051892;2;182936381;true;0.2594871024502585;0.0;Infinity;1;C
user-I051892_session-05F964991B84D6A73AB5C73DA9CB1A97C34CB84348A55BE18FEB6A11A66B8BC9_analysis-6.csv;user-I051892;2;-1827036999;true;0.29582993326086904;0.0;Infinity;1;C
user-I051892_session-05F964991B84D6A73AB5C73DA9CB1A97C34CB84348A55BE18FEB6A11A66B8BC9_analysis-6.csv;user-I051892;2;-2039057101;true;0.49551101731224423;0.0;Infinity;1;C
user-I051892_session-05F964991B84D6A73AB5C73DA9CB1A97C34CB84348A55BE18FEB6A11A66B8BC9_analysis-6.csv;user-I051892;2;1146097553;true;0.30365140083614284;0.0;Infinity;1;C
user-I051892_session-05F964991B84D6A73AB5C73DA9CB1A97C34CB84348A55BE18FEB6A11A66B8BC9_analysis-6.csv;user-I051892;2;1548740264;true;0.4368117723501327;0.0;Infinity;1;C
user-I051892_session-05F964991B84D6A73AB5C73DA9CB1A97C34CB84348A55BE18FEB6A11A66B8BC9_analysis-6.csv;user-I051892;2;167929547;true;0.3754783957144654;0.0;Infinity;1;C
user-I051892_session-05F964991B84D6A73AB5C73DA9CB1A97C34CB84348A55BE18FEB6A11A66B8BC9_analysis-6.csv;user-I051892;2;-1853018062;true;0.4999019852101858;0.0;Infinity;1;C
user-I051892_session-05F964991B84D6A73AB5C73DA9CB1A97C34CB84348A55BE18FEB6A11A66B8BC9_analysis-6.csv;user-I051892;2;-1293144076;true;0.3326330097573831;0.0;Infinity;1;C
user-I051892_session-05F964991B84D6A73AB5C73DA9CB1A97C34CB84348A55BE18FEB6A11A66B8BC9_analysis-6.csv;user-I051892;2;-1576992388;true;0.3575403190927253;0.0;Infinity;1;C
user-I051892_session-05F964991B84D6A73AB5C73DA9CB1A97C34CB84348A55BE18FEB6A11A66B8BC9_analysis-6.csv;user-I051892;2;-2048157661;true;0.22939416448530436;0.0;Infinity;1;C
user-I051892_session-05F964991B84D6A73AB5C73DA9CB1A97C34CB84348A55BE18FEB6A11A66B8BC9_analysis-6.csv;user-I051892;2;1304458484;true;0.38968815044793725;0.0;Infinity;1;C
user-I051892_session-05F964991B84D6A73AB5C73DA9CB1A97C34CB84348A55BE18FEB6A11A66B8BC9_analysis-6.csv;user-I051892;2;-1444964392;true;0.35537856801844725;0.0;Infinity;1;C
user-I051892_session-05F964991B84D6A73AB5C73DA9CB1A97C34CB84348A55BE18FEB6A11A66B8BC9_analysis-6.csv;user-I051892;2;741675710;true;0.4988434270886829;0.0;Infinity;1;C
user-I051892_session-05F964991B84D6A73AB5C73DA9CB1A97C34CB84348A55BE18FEB6A11A66B8BC9_analysis-6.csv;user-I051892;2;183087971;true;0.4798371476336414;0.0;Infinity;1;C
user-I051892_session-05F964991B84D6A73AB5C73DA9CB1A97C34CB84348A55BE18FEB6A11A66B8BC9_analysis-6.csv;user-I051892;2;1446451037;true;0.24940118613240914;0.0;Infinity;1;C
user-I051892_session-05F964991B84D6A73AB5C73DA9CB1A97C34CB84348A55BE18FEB6A11A66B8BC9_analysis-6.csv;user-I051892;2;180660489;true;0.2657993839005115;0.0;Infinity;1;C
user-I051892_session-05F964991B84D6A73AB5C73DA9CB1A97C34CB84348A55BE18FEB6A11A66B8BC9_analysis-6.csv;user-I051892;2;-1890717079;true;0.3788756707177767;0.0;Infinity;1;C
user-I051892_session-05F964991B84D6A73AB5C73DA9CB1A97C34CB84348A55BE18FEB6A11A66B8BC9_analysis-6.csv;user-I051892;2;2068511678;true;0.31529128424706276;0.0;Infinity;1;C
user-I051892_session-05F964991B84D6A73AB5C73DA9CB1A97C34CB84348A55BE18FEB6A11A66B8BC9_analysis-6.csv;user-I051892;2;-1399918831;true;0.3136168089722622;0.0;Infinity;1;C
user-I051892_session-05F964991B84D6A73AB5C73DA9CB1A97C34CB84348A55BE18FEB6A11A66B8BC9_analysis-6.csv;user-I051892;2;105463383;true;0.30365140083614284;0.0;Infinity;1;C
user-I051892_session-05F964991B84D6A73AB5C73DA9CB1A97C34CB84348A55BE18FEB6A11A66B8BC9_analysis-6.csv;user-I051892;2;-262258424;true;0.28399138124760115;0.0;Infinity;1;C
user-I051892_session-05F964991B84D6A73AB5C73DA9CB1A97C34CB84348A55BE18FEB6A11A66B8BC9_analysis-6.csv;user-I051892;2;798188739;true;0.21580401366963753;0.0;Infinity;1;C
user-I051892_session-05F964991B84D6A73AB5C73DA9CB1A97C34CB84348A55BE18FEB6A11A66B8BC9_analysis-6.csv;user-I051892;2;1040967982;true;0.35519558131594997;0.0;Infinity;1;C
user-I051892_session-05F964991B84D6A73AB5C73DA9CB1A97C34CB84348A55BE18FEB6A11A66B8BC9_analysis-6.csv;user-I051892;2;-1016715943;true;0.30457963554034917;0.0;Infinity;1;C
user-I051892_session-05F964991B84D6A73AB5C73DA9CB1A97C34CB84348A55BE18FEB6A11A66B8BC9_analysis-6.csv;user-I051892;2;-1248256419;true;0.47858426267243503;0.0;Infinity;1;C
user-I051892_session-05F964991B84D6A73AB5C73DA9CB1A97C34CB84348A55BE18FEB6A11A66B8BC9_analysis-6.csv;user-I051892;2;-1881787467;true;0.439484396724684;0.0;Infinity;1;C
user-I051892_session-05F964991B84D6A73AB5C73DA9CB1A97C34CB84348A55BE18FEB6A11A66B8BC9_analysis-6.csv;user-I051892;2;-582000635;true;0.3314912946741242;0.0;Infinity;1;C
user-I051892_session-05F964991B84D6A73AB5C73DA9CB1A97C34CB84348A55BE18FEB6A11A66B8BC9_analysis-6.csv;user-I051892;2;-1254225164;true;0.16643496392928991;0.0;Infinity;1;C
user-I051892_session-05F964991B84D6A73AB5C73DA9CB1A97C34CB84348A55BE18FEB6A11A66B8BC9_analysis-6.csv;user-I051892;2;1301296456;true;0.39149881426728717;0.0;Infinity;1;C
user-I051892_session-05F964991B84D6A73AB5C73DA9CB1A97C34CB84348A55BE18FEB6A11A66B8BC9_analysis-6.csv;user-I051892;2;-468544069;true;0.30789019752475055;0.0;Infinity;1;C
user-I051892_session-05F964991B84D6A73AB5C73DA9CB1A97C34CB84348A55BE18FEB6A11A66B8BC9_analysis-6.csv;user-I051892;2;-1589038622;true;0.0552740116291397;0.0;Infinity;1;C
user-I051892_session-05F964991B84D6A73AB5C73DA9CB1A97C34CB84348A55BE18FEB6A11A66B8BC9_analysis-6.csv;user-I051892;2;-163302716;true;0.3112164705387681;0.0;Infinity;1;C
user-I051892_session-05F964991B84D6A73AB5C73DA9CB1A97C34CB84348A55BE18FEB6A11A66B8BC9_analysis-6.csv;user-I051892;2;906026781;true;0.49927469094765287;0.0;Infinity;1;C
user-I051892_session-05F964991B84D6A73AB5C73DA9CB1A97C34CB84348A55BE18FEB6A11A66B8BC9_analysis-6.csv;user-I051892;2;1576870584;true;0.31066101007124114;0.0;Infinity;1;C
user-I051892_session-05F964991B84D6A73AB5C73DA9CB1A97C34CB84348A55BE18FEB6A11A66B8BC9_analysis-6.csv;user-I051892;2;168142686;true;0.25240492019375205;0.0;Infinity;1;C
user-I051892_session-05F964991B84D6A73AB5C73DA9CB1A97C34CB84348A55BE18FEB6A11A66B8BC9_analysis-6.csv;user-I051892;2;1483499021;true;0.46064251215961893;0.0;Infinity;1;C
user-I051892_session-05F964991B84D6A73AB5C73DA9CB1A97C34CB84348A55BE18FEB6A11A66B8BC9_analysis-6.csv;user-I051892;2;758097522;true;0.22796641660328054;0.0;Infinity;1;C
user-I051892_session-05F964991B84D6A73AB5C73DA9CB1A97C34CB84348A55BE18FEB6A11A66B8BC9_analysis-6.csv;user-I051892;2;-1702889568;true;0.2776309801768271;0.0;Infinity;1;C
user-I051892_session-05F964991B84D6A73AB5C73DA9CB1A97C34CB84348A55BE18FEB6A11A66B8BC9_analysis-6.csv;user-I051892;2;1334022147;true;0.44134524935387276;0.0;Infinity;1;C
user-I051892_session-05F964991B84D6A73AB5C73DA9CB1A97C34CB84348A55BE18FEB6A11A66B8BC9_analysis-6.csv;user-I051892;2;166391575;true;0.3634255660511443;0.0;Infinity;1;C
user-I051892_session-05F964991B84D6A73AB5C73DA9CB1A97C34CB84348A55BE18FEB6A11A66B8BC9_analysis-6.csv;user-I051892;2;280356970;true;0.293119520332642;0.0;Infinity;1;C
user-I051892_session-05F964991B84D6A73AB5C73DA9CB1A97C34CB84348A55BE18FEB6A11A66B8BC9_analysis-6.csv;user-I051892;2;-1971262147;true;0.3959220939249264;0.0;Infinity;1;C
user-I051892_session-05F964991B84D6A73AB5C73DA9CB1A97C34CB84348A55BE18FEB6A11A66B8BC9_analysis-6.csv;user-I051892;2;2136200010;true;0.20626108368051188;0.0;Infinity;1;C
user-I051892_session-05F964991B84D6A73AB5C73DA9CB1A97C34CB84348A55BE18FEB6A11A66B8BC9_analysis-6.csv;user-I051892;2;-429365195;true;0.3254169808770484;0.0;Infinity;1;C
user-I051892_session-05F964991B84D6A73AB5C73DA9CB1A97C34CB84348A55BE18FEB6A11A66B8BC9_analysis-6.csv;user-I051892;2;896857074;true;0.2594871024502585;0.0;Infinity;1;C
user-I051892_session-05F964991B84D6A73AB5C73DA9CB1A97C34CB84348A55BE18FEB6A11A66B8BC9_analysis-6.csv;user-I051892;2;176264641;true;0.3669723550801587;0.0;Infinity;1;C
user-I051892_session-05F964991B84D6A73AB5C73DA9CB1A97C34CB84348A55BE18FEB6A11A66B8BC9_analysis-6.csv;user-I051892;2;-290006080;true;0.25999687128104454;0.0;Infinity;1;C
user-I051892_session-05F964991B84D6A73AB5C73DA9CB1A97C34CB84348A55BE18FEB6A11A66B8BC9_analysis-6.csv;user-I051892;2;515915661;true;0.26204109865082725;0.0;Infinity;1;C
user-I051892_session-05F964991B84D6A73AB5C73DA9CB1A97C34CB84348A55BE18FEB6A11A66B8BC9_analysis-6.csv;user-I051892;2;-1407825078;true;0.29366068079577756;0.0;Infinity;1;C
user-I051892_session-05F964991B84D6A73AB5C73DA9CB1A97C34CB84348A55BE18FEB6A11A66B8BC9_analysis-6.csv;user-I051892;2;-967185616;true;0.4988434270886829;0.0;Infinity;1;C
user-I051892_session-05F964991B84D6A73AB5C73DA9CB1A97C34CB84348A55BE18FEB6A11A66B8BC9_analysis-6.csv;user-I051892;2;811157472;true;0.18373361844247316;0.0;Infinity;1;C
user-I051892_session-05F964991B84D6A73AB5C73DA9CB1A97C34CB84348A55BE18FEB6A11A66B8BC9_analysis-6.csv;user-I051892;2;-1287287356;true;0.43867069148799387;0.0;Infinity;1;C
user-I051892_session-05F964991B84D6A73AB5C73DA9CB1A97C34CB84348A55BE18FEB6A11A66B8BC9_analysis-6.csv;user-I051892;2;-2079795761;true;1.292551843334877E-9;0.0;Infinity;1;C
user-I051892_session-05F964991B84D6A73AB5C73DA9CB1A97C34CB84348A55BE18FEB6A11A66B8BC9_analysis-6.csv;user-I051892;2;15059028;true;0.27082003573353164;0.0;Infinity;1;C
user-I051892_session-05F964991B84D6A73AB5C73DA9CB1A97C34CB84348A55BE18FEB6A11A66B8BC9_analysis-6.csv;user-I051892;2;931462795;true;0.38787987771610943;0.0;Infinity;1;C
user-I051892_session-05F964991B84D6A73AB5C73DA9CB1A97C34CB84348A55BE18FEB6A11A66B8BC9_analysis-6.csv;user-I051892;2;-1929666253;true;2.220446049250313E-16;0.0;Infinity;1;C
user-I051892_session-05F964991B84D6A73AB5C73DA9CB1A97C34CB84348A55BE18FEB6A11A66B8BC9_analysis-6.csv;user-I051892;2;-847926853;true;0.25999687128104454;0.0;Infinity;1;C
user-I051892_session-05F964991B84D6A73AB5C73DA9CB1A97C34CB84348A55BE18FEB6A11A66B8BC9_analysis-6.csv;user-I051892;2;105081678;true;0.046111240505106954;0.0;Infinity;1;C
user-I051892_session-05F964991B84D6A73AB5C73DA9CB1A97C34CB84348A55BE18FEB6A11A66B8BC9_analysis-6.csv;user-I051892;2;1933341694;true;0.44611950202325834;0.0;Infinity;1;C
user-I051892_session-05F964991B84D6A73AB5C73DA9CB1A97C34CB84348A55BE18FEB6A11A66B8BC9_analysis-6.csv;user-I051892;2;395293988;true;0.22954317591318985;0.0;Infinity;1;C
user-I051892_session-05F964991B84D6A73AB5C73DA9CB1A97C34CB84348A55BE18FEB6A11A66B8BC9_analysis-6.csv;user-I051892;2;167929489;true;0.3800725595837545;0.0;Infinity;1;C
user-I051892_session-05F964991B84D6A73AB5C73DA9CB1A97C34CB84348A55BE18FEB6A11A66B8BC9_analysis-6.csv;user-I051892;2;-781718248;true;0.40667564877685924;0.0;Infinity;1;C
user-I051892_session-05F964991B84D6A73AB5C73DA9CB1A97C34CB84348A55BE18FEB6A11A66B8BC9_analysis-6.csv;user-I051892;2;-1933236333;true;0.3372153226266039;0.0;Infinity;1;C
user-I051892_session-05F964991B84D6A73AB5C73DA9CB1A97C34CB84348A55BE18FEB6A11A66B8BC9_analysis-6.csv;user-I051892;2;-1525709545;true;0.32694016173766305;0.0;Infinity;1;C
user-I051892_session-05F964991B84D6A73AB5C73DA9CB1A97C34CB84348A55BE18FEB6A11A66B8BC9_analysis-6.csv;user-I051892;2;-1997537003;true;0.019494245547629907;0.0;Infinity;1;C
user-I051892_session-05F964991B84D6A73AB5C73DA9CB1A97C34CB84348A55BE18FEB6A11A66B8BC9_analysis-6.csv;user-I051892;2;182501221;true;0.3683424032432576;0.0;Infinity;1;C
user-I051892_session-05F964991B84D6A73AB5C73DA9CB1A97C34CB84348A55BE18FEB6A11A66B8BC9_analysis-6.csv;user-I051892;3;-965314297;true;0.3091072960318222;0.0;Infinity;1;C
user-I051892_session-05F964991B84D6A73AB5C73DA9CB1A97C34CB84348A55BE18FEB6A11A66B8BC9_analysis-6.csv;user-I051892;3;1570387468;true;0.22813821007751356;0.0;Infinity;1;C
user-I051892_session-05F964991B84D6A73AB5C73DA9CB1A97C34CB84348A55BE18FEB6A11A66B8BC9_analysis-6.csv;user-I051892;3;-621116586;true;0.002422588756088251;0.0;Infinity;1;C
user-I051892_session-05F964991B84D6A73AB5C73DA9CB1A97C34CB84348A55BE18FEB6A11A66B8BC9_analysis-6.csv;user-I051892;3;1873948817;true;0.43267450244319194;0.0;Infinity;1;C
user-I051892_session-05F964991B84D6A73AB5C73DA9CB1A97C34CB84348A55BE18FEB6A11A66B8BC9_analysis-6.csv;user-I051892;3;699877297;true;0.21191495686300454;0.0;Infinity;1;C
user-I051892_session-05F964991B84D6A73AB5C73DA9CB1A97C34CB84348A55BE18FEB6A11A66B8BC9_analysis-6.csv;user-I051892;3;-1924198045;true;0.3795835849864202;0.0;Infinity;1;C
user-I051892_session-05F964991B84D6A73AB5C73DA9CB1A97C34CB84348A55BE18FEB6A11A66B8BC9_analysis-6.csv;user-I051892;3;1073163577;true;0.40060848598537646;0.0;Infinity;1;C
user-I051892_session-05F964991B84D6A73AB5C73DA9CB1A97C34CB84348A55BE18FEB6A11A66B8BC9_analysis-6.csv;user-I051892;3;1493875961;true;0.4979404592217803;0.0;Infinity;1;C
user-I051892_session-05F964991B84D6A73AB5C73DA9CB1A97C34CB84348A55BE18FEB6A11A66B8BC9_analysis-6.csv;user-I051892;3;-859114963;true;0.2715981391488137;0.0;Infinity;1;C
user-I051892_session-05F964991B84D6A73AB5C73DA9CB1A97C34CB84348A55BE18FEB6A11A66B8BC9_analysis-6.csv;user-I051892;3;-601703364;true;0.25373287380419196;0.0;Infinity;1;C
user-I051892_session-05F964991B84D6A73AB5C73DA9CB1A97C34CB84348A55BE18FEB6A11A66B8BC9_analysis-6.csv;user-I051892;3;-1320006971;true;0.3487202158218119;0.0;Infinity;1;C
user-I051892_session-05F964991B84D6A73AB5C73DA9CB1A97C34CB84348A55BE18FEB6A11A66B8BC9_analysis-6.csv;user-I051892;3;-707681635;true;0.17443074204505216;0.0;Infinity;1;C
user-I051892_session-05F964991B84D6A73AB5C73DA9CB1A97C34CB84348A55BE18FEB6A11A66B8BC9_analysis-6.csv;user-I051892;3;-765012125;true;0.22813821007751356;0.0;Infinity;1;C
user-I051892_session-05F964991B84D6A73AB5C73DA9CB1A97C34CB84348A55BE18FEB6A11A66B8BC9_analysis-6.csv;user-I051892;3;1139537979;true;0.19638724839845478;0.0;Infinity;1;C
user-I051892_session-05F964991B84D6A73AB5C73DA9CB1A97C34CB84348A55BE18FEB6A11A66B8BC9_analysis-6.csv;user-I051892;3;499377967;true;0.2625877532851193;0.0;Infinity;1;C
user-I051892_session-05F964991B84D6A73AB5C73DA9CB1A97C34CB84348A55BE18FEB6A11A66B8BC9_analysis-6.csv;user-I051892;3;-1029614967;true;0.02301501830065278;0.0;Infinity;1;C
user-I051892_session-05F964991B84D6A73AB5C73DA9CB1A97C34CB84348A55BE18FEB6A11A66B8BC9_analysis-6.csv;user-I051892;3;-7010494;true;0.4152554860958425;0.0;Infinity;1;C
user-I051892_session-05F964991B84D6A73AB5C73DA9CB1A97C34CB84348A55BE18FEB6A11A66B8BC9_analysis-6.csv;user-I051892;3;51099626;true;0.40060848598537646;0.0;Infinity;1;C
user-I051892_session-05F964991B84D6A73AB5C73DA9CB1A97C34CB84348A55BE18FEB6A11A66B8BC9_analysis-6.csv;user-I051892;3;-1238072493;true;0.07784829500643276;0.0;Infinity;1;C
user-I051892_session-05F964991B84D6A73AB5C73DA9CB1A97C34CB84348A55BE18FEB6A11A66B8BC9_analysis-6.csv;user-I051892;3;963099705;true;0.48020476521870625;0.0;Infinity;1;C
user-I051892_session-05F964991B84D6A73AB5C73DA9CB1A97C34CB84348A55BE18FEB6A11A66B8BC9_analysis-6.csv;user-I051892;3;1283905335;true;0.4692955542697771;0.0;Infinity;1;C
user-I051892_session-05F964991B84D6A73AB5C73DA9CB1A97C34CB84348A55BE18FEB6A11A66B8BC9_analysis-6.csv;user-I051892;3;1144186677;true;0.4760918643455404;0.0;Infinity;1;C
user-I051892_session-05F964991B84D6A73AB5C73DA9CB1A97C34CB84348A55BE18FEB6A11A66B8BC9_analysis-6.csv;user-I051892;3;-431996795;true;0.33241473643920716;0.0;Infinity;1;C
user-I051892_session-05F964991B84D6A73AB5C73DA9CB1A97C34CB84348A55BE18FEB6A11A66B8BC9_analysis-6.csv;user-I051892;3;-477042356;true;0.3900558298527532;0.0;Infinity;1;C
user-I051892_session-05F964991B84D6A73AB5C73DA9CB1A97C34CB84348A55BE18FEB6A11A66B8BC9_analysis-6.csv;user-I051892;3;420409745;true;0.3589088848403803;0.0;Infinity;1;C
user-I051892_session-05F964991B84D6A73AB5C73DA9CB1A97C34CB84348A55BE18FEB6A11A66B8BC9_analysis-6.csv;user-I051892;3;1070849154;true;0.2625877532851193;0.0;Infinity;1;C
user-I051892_session-05F964991B84D6A73AB5C73DA9CB1A97C34CB84348A55BE18FEB6A11A66B8BC9_analysis-6.csv;user-I051892;3;1545695009;true;0.3795835849864202;0.0;Infinity;1;C
user-I051892_session-05F964991B84D6A73AB5C73DA9CB1A97C34CB84348A55BE18FEB6A11A66B8BC9_analysis-6.csv;user-I051892;3;-922795043;true;0.36919893809540927;0.0;Infinity;1;C
user-I051892_session-05F964991B84D6A73AB5C73DA9CB1A97C34CB84348A55BE18FEB6A11A66B8BC9_analysis-6.csv;user-I051892;3;1151010007;true;0.21994075308093475;0.0;Infinity;1;C
user-I051892_session-05F964991B84D6A73AB5C73DA9CB1A97C34CB84348A55BE18FEB6A11A66B8BC9_analysis-6.csv;user-I051892;3;-515089804;true;0.3795835849864202;0.0;Infinity;1;C
user-I051892_session-05F964991B84D6A73AB5C73DA9CB1A97C34CB84348A55BE18FEB6A11A66B8BC9_analysis-6.csv;user-I051892;3;-1347951147;true;0.4760918643455404;0.0;Infinity;1;C
user-I051892_session-05F964991B84D6A73AB5C73DA9CB1A97C34CB84348A55BE18FEB6A11A66B8BC9_analysis-6.csv;user-I051892;3;-1003340111;true;0.40460419989551144;0.0;Infinity;1;C
user-I051892_session-05F964991B84D6A73AB5C73DA9CB1A97C34CB84348A55BE18FEB6A11A66B8BC9_analysis-6.csv;user-I051892;3;1141566495;true;0.318827071102635;0.0;Infinity;1;C
user-I051892_session-05F964991B84D6A73AB5C73DA9CB1A97C34CB84348A55BE18FEB6A11A66B8BC9_analysis-6.csv;user-I051892;3;-1258533582;true;0.37310125960726204;0.0;Infinity;1;C
user-I051892_session-05F964991B84D6A73AB5C73DA9CB1A97C34CB84348A55BE18FEB6A11A66B8BC9_analysis-6.csv;user-I051892;3;1882483550;true;0.28425048895774885;0.0;Infinity;1;C
user-I051892_session-05F964991B84D6A73AB5C73DA9CB1A97C34CB84348A55BE18FEB6A11A66B8BC9_analysis-6.csv;user-I051892;3;-734967532;true;0.18156982099281138;0.0;Infinity;1;C
user-I051892_session-05F964991B84D6A73AB5C73DA9CB1A97C34CB84348A55BE18FEB6A11A66B8BC9_analysis-6.csv;user-I051892;3;141874552;true;0.0739350510595509;0.0;Infinity;1;C
user-I051892_session-05F964991B84D6A73AB5C73DA9CB1A97C34CB84348A55BE18FEB6A11A66B8BC9_analysis-6.csv;user-I051892;3;1073060414;true;0.40060848598537646;0.0;Infinity;1;C
user-I051892_session-05F964991B84D6A73AB5C73DA9CB1A97C34CB84348A55BE18FEB6A11A66B8BC9_analysis-6.csv;user-I051892;3;1684990844;true;0.2625877532851193;0.0;Infinity;1;C
user-I051892_session-05F964991B84D6A73AB5C73DA9CB1A97C34CB84348A55BE18FEB6A11A66B8BC9_analysis-6.csv;user-I051892;3;-1326091624;true;0.2397005725168393;0.0;Infinity;1;C
user-I051892_session-05F964991B84D6A73AB5C73DA9CB1A97C34CB84348A55BE18FEB6A11A66B8BC9_analysis-6.csv;user-I051892;3;1073385419;true;0.3424249491980489;0.0;Infinity;1;C
user-I051892_session-05F964991B84D6A73AB5C73DA9CB1A97C34CB84348A55BE18FEB6A11A66B8BC9_analysis-6.csv;user-I051892;3;1135851583;true;0.40460419989551144;0.0;Infinity;1;C
user-I051892_session-05F964991B84D6A73AB5C73DA9CB1A97C34CB84348A55BE18FEB6A11A66B8BC9_analysis-6.csv;user-I051892;3;1073060417;true;0.3225226516122466;0.0;Infinity;1;C
user-I051892_session-05F964991B84D6A73AB5C73DA9CB1A97C34CB84348A55BE18FEB6A11A66B8BC9_analysis-6.csv;user-I051892;3;705663612;true;0.3589088848403803;0.0;Infinity;1;C
user-I051892_session-05F964991B84D6A73AB5C73DA9CB1A97C34CB84348A55BE18FEB6A11A66B8BC9_analysis-6.csv;user-I051892;3;982981064;true;0.18156982099281138;0.0;Infinity;1;C
user-I051892_session-05F964991B84D6A73AB5C73DA9CB1A97C34CB84348A55BE18FEB6A11A66B8BC9_analysis-6.csv;user-I051892;3;186203788;true;0.2715981391488137;0.0;Infinity;1;C
user-I051892_session-05F964991B84D6A73AB5C73DA9CB1A97C34CB84348A55BE18FEB6A11A66B8BC9_analysis-6.csv;user-I051892;3;-181838147;true;0.2482949810488242;0.0;Infinity;1;C
user-I051892_session-05F964991B84D6A73AB5C73DA9CB1A97C34CB84348A55BE18FEB6A11A66B8BC9_analysis-6.csv;user-I051892;3;51221673;true;0.23650471573385357;0.0;Infinity;1;C
user-I051892_session-05F964991B84D6A73AB5C73DA9CB1A97C34CB84348A55BE18FEB6A11A66B8BC9_analysis-6.csv;user-I051892;3;1819162889;true;0.36919893809540927;0.0;Infinity;1;C
user-I051892_session-05F964991B84D6A73AB5C73DA9CB1A97C34CB84348A55BE18FEB6A11A66B8BC9_analysis-6.csv;user-I051892;3;-319365320;true;0.48020476521870625;0.0;Infinity;1;C
user-I051892_session-05F964991B84D6A73AB5C73DA9CB1A97C34CB84348A55BE18FEB6A11A66B8BC9_analysis-6.csv;user-I051892;3;1213651344;true;0.3525470982398782;0.0;Infinity;1;C
user-I051892_session-05F964991B84D6A73AB5C73DA9CB1A97C34CB84348A55BE18FEB6A11A66B8BC9_analysis-6.csv;user-I051892;3;-1720833530;true;0.2715981391488137;0.0;Infinity;1;C
user-I051892_session-05F964991B84D6A73AB5C73DA9CB1A97C34CB84348A55BE18FEB6A11A66B8BC9_analysis-6.csv;user-I051892;3;-692595164;true;0.2397005725168393;0.0;Infinity;1;C
user-I051892_session-05F964991B84D6A73AB5C73DA9CB1A97C34CB84348A55BE18FEB6A11A66B8BC9_analysis-6.csv;user-I051892;3;-1638388794;true;0.45431493254569955;0.0;Infinity;1;C
user-I051892_session-05F964991B84D6A73AB5C73DA9CB1A97C34CB84348A55BE18FEB6A11A66B8BC9_analysis-6.csv;user-I051892;3;1204271567;true;0.2625877532851193;0.0;Infinity;1;C
user-I051892_session-05F964991B84D6A73AB5C73DA9CB1A97C34CB84348A55BE18FEB6A11A66B8BC9_analysis-6.csv;user-I051892;3;1134313611;true;0.18888901883931664;0.0;Infinity;1;C
user-I051892_session-05F964991B84D6A73AB5C73DA9CB1A97C34CB84348A55BE18FEB6A11A66B8BC9_analysis-6.csv;user-I051892;3;1141742475;true;0.25373287380419196;0.0;Infinity;1;C
user-I051892_session-05F964991B84D6A73AB5C73DA9CB1A97C34CB84348A55BE18FEB6A11A66B8BC9_analysis-6.csv;user-I051892;3;-1201312390;true;0.15008258067859204;0.0;Infinity;1;C
user-I051892_session-05F964991B84D6A73AB5C73DA9CB1A97C34CB84348A55BE18FEB6A11A66B8BC9_analysis-6.csv;user-I051892;3;-961762900;true;0.25373287380419196;0.0;Infinity;1;C
user-I051892_session-05F964991B84D6A73AB5C73DA9CB1A97C34CB84348A55BE18FEB6A11A66B8BC9_analysis-6.csv;user-I051892;3;1524290654;true;0.3627747537256414;0.0;Infinity;1;C
user-I051892_session-05F964991B84D6A73AB5C73DA9CB1A97C34CB84348A55BE18FEB6A11A66B8BC9_analysis-6.csv;user-I051892;3;-1784035861;true;0.43267450244319194;0.0;Infinity;1;C
user-I051892_session-05F964991B84D6A73AB5C73DA9CB1A97C34CB84348A55BE18FEB6A11A66B8BC9_analysis-6.csv;user-I051892;3;-955224777;true;0.21191495686300454;0.0;Infinity;1;C
user-I051892_session-05F964991B84D6A73AB5C73DA9CB1A97C34CB84348A55BE18FEB6A11A66B8BC9_analysis-6.csv;user-I051892;3;-961744217;true;7.435474458361568E-11;0.0;Infinity;1;C
user-I051892_session-05F964991B84D6A73AB5C73DA9CB1A97C34CB84348A55BE18FEB6A11A66B8BC9_analysis-6.csv;user-I051892;3;826525129;true;0.13766252035962323;0.0;Infinity;1;C
user-I051892_session-05F964991B84D6A73AB5C73DA9CB1A97C34CB84348A55BE18FEB6A11A66B8BC9_analysis-6.csv;user-I051892;3;-1988288338;true;0.37310125960726204;0.0;Infinity;1;C
user-I051892_session-05F964991B84D6A73AB5C73DA9CB1A97C34CB84348A55BE18FEB6A11A66B8BC9_analysis-6.csv;user-I051892;3;-885096026;true;0.21191495686300454;0.0;Infinity;1;C
user-I051892_session-05F964991B84D6A73AB5C73DA9CB1A97C34CB84348A55BE18FEB6A11A66B8BC9_analysis-6.csv;user-I051892;3;1136064722;true;0.21994075308093475;0.0;Infinity;1;C
user-I051892_session-05F964991B84D6A73AB5C73DA9CB1A97C34CB84348A55BE18FEB6A11A66B8BC9_analysis-6.csv;user-I051892;3;-557787509;true;0.2715981391488137;0.0;Infinity;1;C
user-I051892_session-05F964991B84D6A73AB5C73DA9CB1A97C34CB84348A55BE18FEB6A11A66B8BC9_analysis-6.csv;user-I051892;3;-1393703566;true;0.4219254188505097;0.0;Infinity;1;C
user-I051892_session-05F964991B84D6A73AB5C73DA9CB1A97C34CB84348A55BE18FEB6A11A66B8BC9_analysis-6.csv;user-I051892;3;-707791402;true;0.24503734770823404;0.0;Infinity;1;C
user-I051892_session-05F964991B84D6A73AB5C73DA9CB1A97C34CB84348A55BE18FEB6A11A66B8BC9_analysis-6.csv;user-I051892;3;1135851525;true;0.3286730887485795;0.0;Infinity;1;C
user-I051892_session-05F964991B84D6A73AB5C73DA9CB1A97C34CB84348A55BE18FEB6A11A66B8BC9_analysis-6.csv;user-I051892;3;1140260845;true;0.36919893809540927;0.0;Infinity;1;C
user-I051892_session-05F964991B84D6A73AB5C73DA9CB1A97C34CB84348A55BE18FEB6A11A66B8BC9_analysis-6.csv;user-I051892;3;1148582525;true;0.23127110870457135;0.0;Infinity;1;C
user-I051892_session-05F964991B84D6A73AB5C73DA9CB1A97C34CB84348A55BE18FEB6A11A66B8BC9_analysis-6.csv;user-I051892;3;1483837697;true;0.23650471573385357;0.0;Infinity;1;C
user-I051892_session-05F964991B84D6A73AB5C73DA9CB1A97C34CB84348A55BE18FEB6A11A66B8BC9_analysis-6.csv;user-I051892;3;907253892;true;0.40060848598537646;0.0;Infinity;1;C
user-I051892_session-05F964991B84D6A73AB5C73DA9CB1A97C34CB84348A55BE18FEB6A11A66B8BC9_analysis-6.csv;user-I051892;3;-1901926907;true;0.3940231448186676;0.0;Infinity;1;C
user-I051892_session-05F964991B84D6A73AB5C73DA9CB1A97C34CB84348A55BE18FEB6A11A66B8BC9_analysis-6.csv;user-I051892;3;-2025748804;true;0.4219254188505097;0.0;Infinity;1;C
user-I051892_session-05F964991B84D6A73AB5C73DA9CB1A97C34CB84348A55BE18FEB6A11A66B8BC9_analysis-6.csv;user-I051892;3;2027653505;true;0.19638724839845478;0.0;Infinity;1;C
user-I051892_session-05F964991B84D6A73AB5C73DA9CB1A97C34CB84348A55BE18FEB6A11A66B8BC9_analysis-6.csv;user-I051892;3;-1508342979;true;0.2625877532851193;0.0;Infinity;1;C
user-I051892_session-05F964991B84D6A73AB5C73DA9CB1A97C34CB84348A55BE18FEB6A11A66B8BC9_analysis-6.csv;user-I051892;3;1248279006;true;0.3286730887485795;0.0;Infinity;1;C
user-I051892_session-05F964991B84D6A73AB5C73DA9CB1A97C34CB84348A55BE18FEB6A11A66B8BC9_analysis-6.csv;user-I051892;3;2114019589;true;0.3031163754476647;0.0;Infinity;1;C
user-I051892_session-05F964991B84D6A73AB5C73DA9CB1A97C34CB84348A55BE18FEB6A11A66B8BC9_analysis-6.csv;user-I051892;3;-325222040;true;0.22813821007751356;0.0;Infinity;1;C
user-I051892_session-05F964991B84D6A73AB5C73DA9CB1A97C34CB84348A55BE18FEB6A11A66B8BC9_analysis-6.csv;user-I051892;3;829344837;true;0.4434736434396843;0.0;Infinity;1;C
user-I051892_session-05F964991B84D6A73AB5C73DA9CB1A97C34CB84348A55BE18FEB6A11A66B8BC9_analysis-6.csv;user-I051892;3;-1986407896;true;0.4870112883273827;0.0;Infinity;1;C
user-I051892_session-05F964991B84D6A73AB5C73DA9CB1A97C34CB84348A55BE18FEB6A11A66B8BC9_analysis-6.csv;user-I051892;3;-1275570126;true;0.23650471573385357;0.0;Infinity;1;C
user-I051892_session-05F964991B84D6A73AB5C73DA9CB1A97C34CB84348A55BE18FEB6A11A66B8BC9_analysis-6.csv;user-I051892;3;300176619;true;0.37310125960726204;0.0;Infinity;1;C
user-I051892_session-05F964991B84D6A73AB5C73DA9CB1A97C34CB84348A55BE18FEB6A11A66B8BC9_analysis-6.csv;user-I051892;3;1139330447;true;0.43267450244319194;0.0;Infinity;1;C
user-I051892_session-05F964991B84D6A73AB5C73DA9CB1A97C34CB84348A55BE18FEB6A11A66B8BC9_analysis-6.csv;user-I051892;3;712612371;true;0.3940231448186676;0.0;Infinity;1;C
user-I051892_session-05F964991B84D6A73AB5C73DA9CB1A97C34CB84348A55BE18FEB6A11A66B8BC9_analysis-6.csv;user-I051892;3;-1213086218;true;0.16747257539865879;0.0;Infinity;1;C
user-I051892_session-05F964991B84D6A73AB5C73DA9CB1A97C34CB84348A55BE18FEB6A11A66B8BC9_analysis-6.csv;user-I051892;3;1142114030;true;0.3225226516122466;0.0;Infinity;1;C
user-I051892_session-05F964991B84D6A73AB5C73DA9CB1A97C34CB84348A55BE18FEB6A11A66B8BC9_analysis-6.csv;user-I051892;3;-1111873725;true;2.7503259669714453E-9;0.0;Infinity;1;C
user-I051892_session-05F964991B84D6A73AB5C73DA9CB1A97C34CB84348A55BE18FEB6A11A66B8BC9_analysis-6.csv;user-I051892;3;1147651319;true;0.4979404592217803;0.0;Infinity;1;C
user-I051892_session-05F964991B84D6A73AB5C73DA9CB1A97C34CB84348A55BE18FEB6A11A66B8BC9_analysis-6.csv;user-I051892;3;-1843546239;true;0.383519746416106;0.0;Infinity;1;C
user-I051892_session-05F964991B84D6A73AB5C73DA9CB1A97C34CB84348A55BE18FEB6A11A66B8BC9_analysis-6.csv;user-I051892;3;1709597746;true;0.3091072960318222;0.0;Infinity;1;C
user-I051892_session-05F964991B84D6A73AB5C73DA9CB1A97C34CB84348A55BE18FEB6A11A66B8BC9_analysis-6.csv;user-I051892;3;119995183;true;0.25373287380419196;0.0;Infinity;1;C
user-I051892_session-05F964991B84D6A73AB5C73DA9CB1A97C34CB84348A55BE18FEB6A11A66B8BC9_analysis-6.csv;user-I051892;3;69940702;true;0.040188061913156714;0.0;Infinity;1;C
user-I051892_session-05F964991B84D6A73AB5C73DA9CB1A97C34CB84348A55BE18FEB6A11A66B8BC9_analysis-6.csv;user-I051892;3;596371878;true;0.318827071102635;0.0;Infinity;1;C
user-I051892_session-05F964991B84D6A73AB5C73DA9CB1A97C34CB84348A55BE18FEB6A11A66B8BC9_analysis-6.csv;user-I051892;3;266339178;true;0.43267450244319194;0.0;Infinity;1;C
user-I051892_session-05F964991B84D6A73AB5C73DA9CB1A97C34CB84348A55BE18FEB6A11A66B8BC9_analysis-6.csv;user-I051892;3;-433109768;true;0.24503734770823404;0.0;Infinity;1;C
user-I051892_session-05F964991B84D6A73AB5C73DA9CB1A97C34CB84348A55BE18FEB6A11A66B8BC9_analysis-6.csv;user-I051892;3;-828037230;true;0.2936132806216156;0.0;Infinity;1;C
user-I051892_session-05F964991B84D6A73AB5C73DA9CB1A97C34CB84348A55BE18FEB6A11A66B8BC9_analysis-6.csv;user-I051892;3;1009430562;true;0.4692955542697771;0.0;Infinity;1;C
user-I051892_session-05F964991B84D6A73AB5C73DA9CB1A97C34CB84348A55BE18FEB6A11A66B8BC9_analysis-6.csv;user-I051892;3;-48793907;true;0.25373287380419196;0.0;Infinity;1;C
user-I051892_session-05F964991B84D6A73AB5C73DA9CB1A97C34CB84348A55BE18FEB6A11A66B8BC9_analysis-6.csv;user-I051892;3;-1784205952;true;0.4911288238427933;0.0;Infinity;1;C
user-I051892_session-05F964991B84D6A73AB5C73DA9CB1A97C34CB84348A55BE18FEB6A11A66B8BC9_analysis-6.csv;user-I051892;3;922589403;true;0.37310125960726204;0.0;Infinity;1;C
user-I051892_session-05F964991B84D6A73AB5C73DA9CB1A97C34CB84348A55BE18FEB6A11A66B8BC9_analysis-6.csv;user-I051892;3;-1071135065;true;0.45431493254569955;0.0;Infinity;1;C
user-I051892_session-05F964991B84D6A73AB5C73DA9CB1A97C34CB84348A55BE18FEB6A11A66B8BC9_analysis-6.csv;user-I051892;3;-1750174676;true;0.3589088848403803;0.0;Infinity;1;C
user-I051892_session-05F964991B84D6A73AB5C73DA9CB1A97C34CB84348A55BE18FEB6A11A66B8BC9_analysis-6.csv;user-I051892;3;-751205438;true;0.2715981391488137;0.0;Infinity;1;C
user-I051892_session-05F964991B84D6A73AB5C73DA9CB1A97C34CB84348A55BE18FEB6A11A66B8BC9_analysis-6.csv;user-I051892;3;135853888;true;0.3386395033084544;0.0;Infinity;1;C
user-I051892_session-05F964991B84D6A73AB5C73DA9CB1A97C34CB84348A55BE18FEB6A11A66B8BC9_analysis-6.csv;user-I051892;3;-1497672660;true;0.3900558298527532;0.0;Infinity;1;C
user-I051892_session-05F964991B84D6A73AB5C73DA9CB1A97C34CB84348A55BE18FEB6A11A66B8BC9_analysis-6.csv;user-I051892;3;1540474189;true;0.2807598813713228;0.0;Infinity;1;C
user-I051892_session-05F964991B84D6A73AB5C73DA9CB1A97C34CB84348A55BE18FEB6A11A66B8BC9_analysis-6.csv;user-I051892;3;1134843352;true;0.15656450165306213;0.0;Infinity;1;C
user-I051892_session-05F964991B84D6A73AB5C73DA9CB1A97C34CB84348A55BE18FEB6A11A66B8BC9_analysis-6.csv;user-I051892;3;1363216024;true;0.46519036621060683;0.0;Infinity;1;C
user-I051892_session-05F964991B84D6A73AB5C73DA9CB1A97C34CB84348A55BE18FEB6A11A66B8BC9_analysis-6.csv;user-I051892;3;1144881325;true;0.17443074204505216;0.0;Infinity;1;C
user-I051892_session-05F964991B84D6A73AB5C73DA9CB1A97C34CB84348A55BE18FEB6A11A66B8BC9_analysis-6.csv;user-I051892;3;-286303128;true;0.09508264949914236;0.0;Infinity;1;C
user-I051892_session-05F964991B84D6A73AB5C73DA9CB1A97C34CB84348A55BE18FEB6A11A66B8BC9_analysis-6.csv;user-I051892;3;1286914213;true;0.40460419989551144;0.0;Infinity;1;C
user-I051892_session-05F964991B84D6A73AB5C73DA9CB1A97C34CB84348A55BE18FEB6A11A66B8BC9_analysis-6.csv;user-I051892;3;1150423257;true;0.43267450244319194;0.0;Infinity;1;C
user-I051892_session-05F964991B84D6A73AB5C73DA9CB1A97C34CB84348A55BE18FEB6A11A66B8BC9_analysis-6.csv;user-I051892;3;691494003;true;0.3940231448186676;0.0;Infinity;1;C
user-I051892_session-05F964991B84D6A73AB5C73DA9CB1A97C34CB84348A55BE18FEB6A11A66B8BC9_analysis-6.csv;user-I051892;3;-1778304996;true;0.36919893809540927;0.0;Infinity;1;C
user-I051892_session-05F964991B84D6A73AB5C73DA9CB1A97C34CB84348A55BE18FEB6A11A66B8BC9_analysis-6.csv;user-I051892;3;-2022586776;true;0.24503734770823404;0.0;Infinity;1;C
user-I051892_session-05F964991B84D6A73AB5C73DA9CB1A97C34CB84348A55BE18FEB6A11A66B8BC9_analysis-6.csv;user-I051892;3;538556841;true;0.3031163754476647;0.0;Infinity;1;C
user-I051892_session-05F964991B84D6A73AB5C73DA9CB1A97C34CB84348A55BE18FEB6A11A66B8BC9_analysis-6.csv;user-I051892;3;985851770;true;0.4152554860958425;0.0;Infinity;1;C
user-I051892_session-05F964991B84D6A73AB5C73DA9CB1A97C34CB84348A55BE18FEB6A11A66B8BC9_analysis-6.csv;user-I051892;3;847444566;true;0.2397005725168393;0.0;Infinity;1;C
user-I051892_session-05F964991B84D6A73AB5C73DA9CB1A97C34CB84348A55BE18FEB6A11A66B8BC9_analysis-6.csv;user-I051892;3;641045275;true;0.43267450244319194;0.0;Infinity;1;C
user-I051892_session-05F964991B84D6A73AB5C73DA9CB1A97C34CB84348A55BE18FEB6A11A66B8BC9_analysis-6.csv;user-I051892;3;-1079771183;true;0.09508264949914236;0.0;Infinity;1;C
user-I051892_session-05F964991B84D6A73AB5C73DA9CB1A97C34CB84348A55BE18FEB6A11A66B8BC9_analysis-6.csv;user-I051892;3;-1635772773;true;0.4367382905520931;0.0;Infinity;1;C
user-I051892_session-05F964991B84D6A73AB5C73DA9CB1A97C34CB84348A55BE18FEB6A11A66B8BC9_analysis-6.csv;user-I051892;3;-763706281;true;0.36919893809540927;0.0;Infinity;1;C
user-I051892_session-05F964991B84D6A73AB5C73DA9CB1A97C34CB84348A55BE18FEB6A11A66B8BC9_analysis-6.csv;user-I051892;3;-294075382;true;0.46519036621060683;0.0;Infinity;1;C
user-I051892_session-05F964991B84D6A73AB5C73DA9CB1A97C34CB84348A55BE18FEB6A11A66B8BC9_analysis-6.csv;user-I051892;3;-439903042;true;0.2625877532851193;0.0;Infinity;1;C
user-I051892_session-05F964991B84D6A73AB5C73DA9CB1A97C34CB84348A55BE18FEB6A11A66B8BC9_analysis-6.csv;user-I051892;3;-280334383;true;0.383519746416106;0.0;Infinity;1;C
user-I051892_session-05F964991B84D6A73AB5C73DA9CB1A97C34CB84348A55BE18FEB6A11A66B8BC9_analysis-6.csv;user-I051892;3;1073003714;true;0.02617067508865789;0.0;Infinity;1;C
user-I051892_session-05F964991B84D6A73AB5C73DA9CB1A97C34CB84348A55BE18FEB6A11A66B8BC9_analysis-6.csv;user-I051892;3;677915956;true;0.25373287380419196;0.0;Infinity;1;C
user-I051892_session-05F964991B84D6A73AB5C73DA9CB1A97C34CB84348A55BE18FEB6A11A66B8BC9_analysis-6.csv;user-I051892;3;-1993023113;true;0.3627747537256414;0.0;Infinity;1;C
user-I051892_session-05F964991B84D6A73AB5C73DA9CB1A97C34CB84348A55BE18FEB6A11A66B8BC9_analysis-6.csv;user-I051892;3;804619320;true;0.24503734770823404;0.0;Infinity;1;C
user-I051892_session-05F964991B84D6A73AB5C73DA9CB1A97C34CB84348A55BE18FEB6A11A66B8BC9_analysis-6.csv;user-I051892;3;-913865431;true;0.40460419989551144;0.0;Infinity;1;C
user-I051892_session-05F964991B84D6A73AB5C73DA9CB1A97C34CB84348A55BE18FEB6A11A66B8BC9_analysis-6.csv;user-I051892;3;582522831;true;0.3386395033084544;0.0;Infinity;1;C
user-I051892_session-05F964991B84D6A73AB5C73DA9CB1A97C34CB84348A55BE18FEB6A11A66B8BC9_analysis-6.csv;user-I051892;3;1143456658;true;0.3589088848403803;0.0;Infinity;1;C
user-I051892_session-05F964991B84D6A73AB5C73DA9CB1A97C34CB84348A55BE18FEB6A11A66B8BC9_analysis-6.csv;user-I051892;3;-656219506;true;0.36919893809540927;0.0;Infinity;1;C
user-I051892_session-05F964991B84D6A73AB5C73DA9CB1A97C34CB84348A55BE18FEB6A11A66B8BC9_analysis-6.csv;user-I051892;3;1073256992;true;0.29006853112519393;0.0;Infinity;1;C
user-I051892_session-05F964991B84D6A73AB5C73DA9CB1A97C34CB84348A55BE18FEB6A11A66B8BC9_analysis-6.csv;user-I051892;4;844014191;true;0.2467763947592927;0.0;Infinity;1;C
user-I051892_session-05F964991B84D6A73AB5C73DA9CB1A97C34CB84348A55BE18FEB6A11A66B8BC9_analysis-6.csv;user-I051892;4;-224317923;true;0.4610578524853989;0.0;Infinity;1;C
user-I051892_session-05F964991B84D6A73AB5C73DA9CB1A97C34CB84348A55BE18FEB6A11A66B8BC9_analysis-6.csv;user-I051892;4;515234741;true;0.043386342629952446;0.0;Infinity;1;C
user-I051892_session-05F964991B84D6A73AB5C73DA9CB1A97C34CB84348A55BE18FEB6A11A66B8BC9_analysis-6.csv;user-I051892;4;-831276233;true;0.25782084025644336;0.0;Infinity;1;C
user-I051892_session-05F964991B84D6A73AB5C73DA9CB1A97C34CB84348A55BE18FEB6A11A66B8BC9_analysis-6.csv;user-I051892;4;-1557913052;true;0.3998032448088751;0.0;Infinity;1;C
user-I051892_session-05F964991B84D6A73AB5C73DA9CB1A97C34CB84348A55BE18FEB6A11A66B8BC9_analysis-6.csv;user-I051892;4;-488302971;true;0.12324142853308762;0.0;Infinity;1;C
user-I051892_session-05F964991B84D6A73AB5C73DA9CB1A97C34CB84348A55BE18FEB6A11A66B8BC9_analysis-6.csv;user-I051892;4;-1492064069;true;0.19193899102323286;0.0;Infinity;1;C
user-I051892_session-05F964991B84D6A73AB5C73DA9CB1A97C34CB84348A55BE18FEB6A11A66B8BC9_analysis-6.csv;user-I051892;5;-1577607871;true;0.20546001835572247;0.0;Infinity;1;C
user-I051892_session-05F964991B84D6A73AB5C73DA9CB1A97C34CB84348A55BE18FEB6A11A66B8BC9_analysis-6.csv;user-I051892;5;-1643456854;true;0.4165060981425118;0.0;Infinity;1;C
user-I051892_session-05F964991B84D6A73AB5C73DA9CB1A97C34CB84348A55BE18FEB6A11A66B8BC9_analysis-6.csv;user-I051892;5;-573846773;true;0.10831817269292132;0.0;Infinity;1;C
user-I051892_session-05F964991B84D6A73AB5C73DA9CB1A97C34CB84348A55BE18FEB6A11A66B8BC9_analysis-6.csv;user-I051892;5;758470389;true;0.2838723459262319;0.0;Infinity;1;C
user-I051892_session-05F964991B84D6A73AB5C73DA9CB1A97C34CB84348A55BE18FEB6A11A66B8BC9_analysis-6.csv;user-I051892;5;-916820035;true;0.3064227861939056;0.0;Infinity;1;C
user-I051892_session-05F964991B84D6A73AB5C73DA9CB1A97C34CB84348A55BE18FEB6A11A66B8BC9_analysis-6.csv;user-I051892;5;-309861725;true;0.4454972412863022;0.0;Infinity;1;C
user-I051892_session-05F964991B84D6A73AB5C73DA9CB1A97C34CB84348A55BE18FEB6A11A66B8BC9_analysis-6.csv;user-I051892;5;429690939;true;0.037926490997744366;0.0;Infinity;1;C
