session ;user;query position;cell hashcode;novelty;outlierness;relevance;surprise;query label;session label
user-I050648_session-B34FE261C41F1CECA723A22B5D5BB74C4AC140931465D2DA8F3A7033ABC96D46_analysis-7.csv;user-I050648;1;-1378993210;true;NaN;0.0;Infinity;0;C
user-I050648_session-B34FE261C41F1CECA723A22B5D5BB74C4AC140931465D2DA8F3A7033ABC96D46_analysis-7.csv;user-I050648;2;-1120503911;true;0.43952341203613765;0.0;Infinity;0;C
user-I050648_session-B34FE261C41F1CECA723A22B5D5BB74C4AC140931465D2DA8F3A7033ABC96D46_analysis-7.csv;user-I050648;2;-943318421;true;0.48311986710576327;0.0;Infinity;0;C
user-I050648_session-B34FE261C41F1CECA723A22B5D5BB74C4AC140931465D2DA8F3A7033ABC96D46_analysis-7.csv;user-I050648;2;-728483002;true;0.08035345583627318;0.0;Infinity;0;C
user-I050648_session-B34FE261C41F1CECA723A22B5D5BB74C4AC140931465D2DA8F3A7033ABC96D46_analysis-7.csv;user-I050648;2;-1666786583;true;0.05765444481190585;0.0;Infinity;0;C
user-I050648_session-B34FE261C41F1CECA723A22B5D5BB74C4AC140931465D2DA8F3A7033ABC96D46_analysis-7.csv;user-I050648;2;-1627985141;true;0.20963376768549913;0.0;Infinity;0;C
user-I050648_session-B34FE261C41F1CECA723A22B5D5BB74C4AC140931465D2DA8F3A7033ABC96D46_analysis-7.csv;user-I050648;2;-481075126;true;0.46830592380137503;0.0;Infinity;0;C
user-I050648_session-B34FE261C41F1CECA723A22B5D5BB74C4AC140931465D2DA8F3A7033ABC96D46_analysis-7.csv;user-I050648;2;1781502284;true;0.03306882028816083;0.0;Infinity;0;C
user-I050648_session-B34FE261C41F1CECA723A22B5D5BB74C4AC140931465D2DA8F3A7033ABC96D46_analysis-7.csv;user-I050648;2;-1464537009;true;0.19789319248878956;0.0;Infinity;0;C
user-I050648_session-B34FE261C41F1CECA723A22B5D5BB74C4AC140931465D2DA8F3A7033ABC96D46_analysis-7.csv;user-I050648;2;-78583711;true;0.1482657140564656;0.0;Infinity;0;C
user-I050648_session-B34FE261C41F1CECA723A22B5D5BB74C4AC140931465D2DA8F3A7033ABC96D46_analysis-7.csv;user-I050648;2;-1927930493;true;0.22050112684110224;0.0;Infinity;0;C
user-I050648_session-B34FE261C41F1CECA723A22B5D5BB74C4AC140931465D2DA8F3A7033ABC96D46_analysis-7.csv;user-I050648;2;605351513;true;0.31086623204058905;0.0;Infinity;0;C
user-I050648_session-B34FE261C41F1CECA723A22B5D5BB74C4AC140931465D2DA8F3A7033ABC96D46_analysis-7.csv;user-I050648;2;396611947;true;0.3807457483759261;0.0;Infinity;0;C
user-I050648_session-B34FE261C41F1CECA723A22B5D5BB74C4AC140931465D2DA8F3A7033ABC96D46_analysis-7.csv;user-I050648;2;496368243;true;0.19284914520095364;0.0;Infinity;0;C
user-I050648_session-B34FE261C41F1CECA723A22B5D5BB74C4AC140931465D2DA8F3A7033ABC96D46_analysis-7.csv;user-I050648;3;-1464537009;true;0.485714426402337;0.0;Infinity;0;C
user-I050648_session-B34FE261C41F1CECA723A22B5D5BB74C4AC140931465D2DA8F3A7033ABC96D46_analysis-7.csv;user-I050648;3;-1464537010;true;0.4451690247458949;0.0;Infinity;0;C
user-I050648_session-B34FE261C41F1CECA723A22B5D5BB74C4AC140931465D2DA8F3A7033ABC96D46_analysis-7.csv;user-I050648;3;-1464537011;true;0.2680897480225387;0.0;Infinity;0;C
user-I050648_session-B34FE261C41F1CECA723A22B5D5BB74C4AC140931465D2DA8F3A7033ABC96D46_analysis-7.csv;user-I050648;3;-1464537012;true;0.07935921862314022;0.0;Infinity;0;C
user-I050648_session-B34FE261C41F1CECA723A22B5D5BB74C4AC140931465D2DA8F3A7033ABC96D46_analysis-7.csv;user-I050648;3;-1464537008;true;0.25737504812685497;0.0;Infinity;0;C
user-I050648_session-B34FE261C41F1CECA723A22B5D5BB74C4AC140931465D2DA8F3A7033ABC96D46_analysis-7.csv;user-I050648;3;-1464537007;true;0.069624098618558;0.0;Infinity;0;C
user-I050648_session-B34FE261C41F1CECA723A22B5D5BB74C4AC140931465D2DA8F3A7033ABC96D46_analysis-7.csv;user-I050648;4;834748235;true;0.013158422523860125;0.0;Infinity;0;C
user-I050648_session-B34FE261C41F1CECA723A22B5D5BB74C4AC140931465D2DA8F3A7033ABC96D46_analysis-7.csv;user-I050648;4;834748234;true;0.024072787780824667;0.0;Infinity;0;C
user-I050648_session-B34FE261C41F1CECA723A22B5D5BB74C4AC140931465D2DA8F3A7033ABC96D46_analysis-7.csv;user-I050648;4;820265504;true;0.1476466451238807;0.0;Infinity;0;C
user-I050648_session-B34FE261C41F1CECA723A22B5D5BB74C4AC140931465D2DA8F3A7033ABC96D46_analysis-7.csv;user-I050648;4;834748233;true;0.10832045207287144;0.0;Infinity;0;C
user-I050648_session-B34FE261C41F1CECA723A22B5D5BB74C4AC140931465D2DA8F3A7033ABC96D46_analysis-7.csv;user-I050648;4;834748232;true;0.11690991864378453;0.0;Infinity;0;C
user-I050648_session-B34FE261C41F1CECA723A22B5D5BB74C4AC140931465D2DA8F3A7033ABC96D46_analysis-7.csv;user-I050648;4;820265508;true;0.14852441896078328;0.0;Infinity;0;C
user-I050648_session-B34FE261C41F1CECA723A22B5D5BB74C4AC140931465D2DA8F3A7033ABC96D46_analysis-7.csv;user-I050648;4;820265509;true;0.15058610288854946;0.0;Infinity;0;C
user-I050648_session-B34FE261C41F1CECA723A22B5D5BB74C4AC140931465D2DA8F3A7033ABC96D46_analysis-7.csv;user-I050648;4;-1067244949;true;0.42428055498596706;0.0;Infinity;0;C
user-I050648_session-B34FE261C41F1CECA723A22B5D5BB74C4AC140931465D2DA8F3A7033ABC96D46_analysis-7.csv;user-I050648;4;-1067244950;true;0.35997121313452596;0.0;Infinity;0;C
user-I050648_session-B34FE261C41F1CECA723A22B5D5BB74C4AC140931465D2DA8F3A7033ABC96D46_analysis-7.csv;user-I050648;4;834748231;true;0.10547611100475807;0.0;Infinity;0;C
user-I050648_session-B34FE261C41F1CECA723A22B5D5BB74C4AC140931465D2DA8F3A7033ABC96D46_analysis-7.csv;user-I050648;4;751281072;true;0.21865933890470457;0.0;Infinity;0;C
user-I050648_session-B34FE261C41F1CECA723A22B5D5BB74C4AC140931465D2DA8F3A7033ABC96D46_analysis-7.csv;user-I050648;4;-1067244947;true;0.458484295967315;0.0;Infinity;0;C
user-I050648_session-B34FE261C41F1CECA723A22B5D5BB74C4AC140931465D2DA8F3A7033ABC96D46_analysis-7.csv;user-I050648;4;834748230;true;0.2399574478748061;0.0;Infinity;0;C
user-I050648_session-B34FE261C41F1CECA723A22B5D5BB74C4AC140931465D2DA8F3A7033ABC96D46_analysis-7.csv;user-I050648;4;-1067244948;true;0.40651439398282285;0.0;Infinity;0;C
user-I050648_session-B34FE261C41F1CECA723A22B5D5BB74C4AC140931465D2DA8F3A7033ABC96D46_analysis-7.csv;user-I050648;4;751281073;true;0.17549636197103624;0.0;Infinity;0;C
user-I050648_session-B34FE261C41F1CECA723A22B5D5BB74C4AC140931465D2DA8F3A7033ABC96D46_analysis-7.csv;user-I050648;4;-1067244945;true;0.4696650574814989;0.0;Infinity;0;C
user-I050648_session-B34FE261C41F1CECA723A22B5D5BB74C4AC140931465D2DA8F3A7033ABC96D46_analysis-7.csv;user-I050648;4;751281074;true;0.18011014553262839;0.0;Infinity;0;C
user-I050648_session-B34FE261C41F1CECA723A22B5D5BB74C4AC140931465D2DA8F3A7033ABC96D46_analysis-7.csv;user-I050648;4;751281075;true;0.18278046674722126;0.0;Infinity;0;C
user-I050648_session-B34FE261C41F1CECA723A22B5D5BB74C4AC140931465D2DA8F3A7033ABC96D46_analysis-7.csv;user-I050648;4;-1067244946;true;0.4948833292699275;0.0;Infinity;0;C
user-I050648_session-B34FE261C41F1CECA723A22B5D5BB74C4AC140931465D2DA8F3A7033ABC96D46_analysis-7.csv;user-I050648;4;815465249;true;0.033975303997407;0.0;Infinity;0;C
user-I050648_session-B34FE261C41F1CECA723A22B5D5BB74C4AC140931465D2DA8F3A7033ABC96D46_analysis-7.csv;user-I050648;4;751281071;true;0.1617989321633999;0.0;Infinity;0;C
user-I050648_session-B34FE261C41F1CECA723A22B5D5BB74C4AC140931465D2DA8F3A7033ABC96D46_analysis-7.csv;user-I050648;4;815465248;true;0.0973333262652305;0.0;Infinity;0;C
user-I050648_session-B34FE261C41F1CECA723A22B5D5BB74C4AC140931465D2DA8F3A7033ABC96D46_analysis-7.csv;user-I050648;4;751281070;true;0.16649582525859463;0.0;Infinity;0;C
user-I050648_session-B34FE261C41F1CECA723A22B5D5BB74C4AC140931465D2DA8F3A7033ABC96D46_analysis-7.csv;user-I050648;4;-899173418;true;0.1968503872114058;0.0;Infinity;0;C
user-I050648_session-B34FE261C41F1CECA723A22B5D5BB74C4AC140931465D2DA8F3A7033ABC96D46_analysis-7.csv;user-I050648;4;-899173419;true;0.16586453662690204;0.0;Infinity;0;C
user-I050648_session-B34FE261C41F1CECA723A22B5D5BB74C4AC140931465D2DA8F3A7033ABC96D46_analysis-7.csv;user-I050648;4;-899173420;true;0.18294817839519117;0.0;Infinity;0;C
user-I050648_session-B34FE261C41F1CECA723A22B5D5BB74C4AC140931465D2DA8F3A7033ABC96D46_analysis-7.csv;user-I050648;4;815465244;true;0.21829850222188796;0.0;Infinity;0;C
user-I050648_session-B34FE261C41F1CECA723A22B5D5BB74C4AC140931465D2DA8F3A7033ABC96D46_analysis-7.csv;user-I050648;4;-899173421;true;0.15386422874796213;0.0;Infinity;0;C
user-I050648_session-B34FE261C41F1CECA723A22B5D5BB74C4AC140931465D2DA8F3A7033ABC96D46_analysis-7.csv;user-I050648;4;815465245;true;0.15423469883914354;0.0;Infinity;0;C
user-I050648_session-B34FE261C41F1CECA723A22B5D5BB74C4AC140931465D2DA8F3A7033ABC96D46_analysis-7.csv;user-I050648;4;-899173422;true;0.20682562621738954;0.0;Infinity;0;C
user-I050648_session-B34FE261C41F1CECA723A22B5D5BB74C4AC140931465D2DA8F3A7033ABC96D46_analysis-7.csv;user-I050648;4;-899173423;true;0.1864922784948494;0.0;Infinity;0;C
user-I050648_session-B34FE261C41F1CECA723A22B5D5BB74C4AC140931465D2DA8F3A7033ABC96D46_analysis-7.csv;user-I050648;4;815465246;true;0.09283839822767348;0.0;Infinity;0;C
user-I050648_session-B34FE261C41F1CECA723A22B5D5BB74C4AC140931465D2DA8F3A7033ABC96D46_analysis-7.csv;user-I050648;4;815465247;true;0.08626701505010637;0.0;Infinity;0;C
user-I050648_session-B34FE261C41F1CECA723A22B5D5BB74C4AC140931465D2DA8F3A7033ABC96D46_analysis-7.csv;user-I050648;4;753272761;true;0.4640124587247514;0.0;Infinity;0;C
user-I050648_session-B34FE261C41F1CECA723A22B5D5BB74C4AC140931465D2DA8F3A7033ABC96D46_analysis-7.csv;user-I050648;4;753272760;true;0.3504978682313893;0.0;Infinity;0;C
user-I050648_session-B34FE261C41F1CECA723A22B5D5BB74C4AC140931465D2DA8F3A7033ABC96D46_analysis-7.csv;user-I050648;4;753272763;true;0.4156226363640352;0.0;Infinity;0;C
user-I050648_session-B34FE261C41F1CECA723A22B5D5BB74C4AC140931465D2DA8F3A7033ABC96D46_analysis-7.csv;user-I050648;4;753272762;true;0.4652698677782907;0.0;Infinity;0;C
user-I050648_session-B34FE261C41F1CECA723A22B5D5BB74C4AC140931465D2DA8F3A7033ABC96D46_analysis-7.csv;user-I050648;4;753272764;true;0.372353264182789;0.0;Infinity;0;C
user-I050648_session-B34FE261C41F1CECA723A22B5D5BB74C4AC140931465D2DA8F3A7033ABC96D46_analysis-7.csv;user-I050648;4;753272759;true;0.41217065827132426;0.0;Infinity;0;C
