session ;user;query position;cell hashcode;novelty;outlierness;relevance;surprise;query label;session label
user-I050648_session-B34FE261C41F1CECA723A22B5D5BB74C4AC140931465D2DA8F3A7033ABC96D46_analysis-6.csv;user-I050648;1;423030991;true;0.01266620447049549;0.0;Infinity;0;A
user-I050648_session-B34FE261C41F1CECA723A22B5D5BB74C4AC140931465D2DA8F3A7033ABC96D46_analysis-6.csv;user-I050648;1;423030990;true;0.03140048306493326;0.0;Infinity;0;A
user-I050648_session-B34FE261C41F1CECA723A22B5D5BB74C4AC140931465D2DA8F3A7033ABC96D46_analysis-6.csv;user-I050648;1;423030994;true;0.471475455174982;0.0;Infinity;0;A
user-I050648_session-B34FE261C41F1CECA723A22B5D5BB74C4AC140931465D2DA8F3A7033ABC96D46_analysis-6.csv;user-I050648;1;423030995;true;0.1761081464776144;0.0;Infinity;0;A
user-I050648_session-B34FE261C41F1CECA723A22B5D5BB74C4AC140931465D2DA8F3A7033ABC96D46_analysis-6.csv;user-I050648;1;423030992;true;0.40804581766582193;0.0;Infinity;0;A
user-I050648_session-B34FE261C41F1CECA723A22B5D5BB74C4AC140931465D2DA8F3A7033ABC96D46_analysis-6.csv;user-I050648;1;423030993;true;0.4290066764970185;0.0;Infinity;0;A
user-I050648_session-B34FE261C41F1CECA723A22B5D5BB74C4AC140931465D2DA8F3A7033ABC96D46_analysis-6.csv;user-I050648;1;423032508;true;0.3273439837265456;0.0;Infinity;0;A
user-I050648_session-B34FE261C41F1CECA723A22B5D5BB74C4AC140931465D2DA8F3A7033ABC96D46_analysis-6.csv;user-I050648;1;423030998;true;0.27150340289599195;0.0;Infinity;0;A
user-I050648_session-B34FE261C41F1CECA723A22B5D5BB74C4AC140931465D2DA8F3A7033ABC96D46_analysis-6.csv;user-I050648;1;423032509;true;0.2052662767938711;0.0;Infinity;0;A
user-I050648_session-B34FE261C41F1CECA723A22B5D5BB74C4AC140931465D2DA8F3A7033ABC96D46_analysis-6.csv;user-I050648;1;423032510;true;0.3082101120122466;0.0;Infinity;0;A
user-I050648_session-B34FE261C41F1CECA723A22B5D5BB74C4AC140931465D2DA8F3A7033ABC96D46_analysis-6.csv;user-I050648;1;423030996;true;0.3873449153882591;0.0;Infinity;0;A
user-I050648_session-B34FE261C41F1CECA723A22B5D5BB74C4AC140931465D2DA8F3A7033ABC96D46_analysis-6.csv;user-I050648;1;423030997;true;0.4928631575104564;0.0;Infinity;0;A
user-I050648_session-B34FE261C41F1CECA723A22B5D5BB74C4AC140931465D2DA8F3A7033ABC96D46_analysis-6.csv;user-I050648;2;814221742;true;0.2981507656180411;0.0;Infinity;0;A
user-I050648_session-B34FE261C41F1CECA723A22B5D5BB74C4AC140931465D2DA8F3A7033ABC96D46_analysis-6.csv;user-I050648;2;814221743;true;0.0015936345244863537;0.0;Infinity;0;A
user-I050648_session-B34FE261C41F1CECA723A22B5D5BB74C4AC140931465D2DA8F3A7033ABC96D46_analysis-6.csv;user-I050648;2;-1237477723;true;0.13936599467342736;0.0;Infinity;0;A
user-I050648_session-B34FE261C41F1CECA723A22B5D5BB74C4AC140931465D2DA8F3A7033ABC96D46_analysis-6.csv;user-I050648;2;-957254619;true;0.2981507656180411;0.0;Infinity;0;A
user-I050648_session-B34FE261C41F1CECA723A22B5D5BB74C4AC140931465D2DA8F3A7033ABC96D46_analysis-6.csv;user-I050648;2;-957254620;true;0.39099647054922737;0.0;Infinity;0;A
user-I050648_session-B34FE261C41F1CECA723A22B5D5BB74C4AC140931465D2DA8F3A7033ABC96D46_analysis-6.csv;user-I050648;2;-1309388111;true;0.13936599467342736;0.0;Infinity;0;A
user-I050648_session-B34FE261C41F1CECA723A22B5D5BB74C4AC140931465D2DA8F3A7033ABC96D46_analysis-6.csv;user-I050648;2;1080130431;true;0.13936599467342736;0.0;Infinity;0;A
user-I050648_session-B34FE261C41F1CECA723A22B5D5BB74C4AC140931465D2DA8F3A7033ABC96D46_analysis-6.csv;user-I050648;2;1913777418;true;0.13936599467342736;0.0;Infinity;0;A
user-I050648_session-B34FE261C41F1CECA723A22B5D5BB74C4AC140931465D2DA8F3A7033ABC96D46_analysis-6.csv;user-I050648;2;568268103;true;0.13936599467342736;0.0;Infinity;0;A
user-I050648_session-B34FE261C41F1CECA723A22B5D5BB74C4AC140931465D2DA8F3A7033ABC96D46_analysis-6.csv;user-I050648;2;814221749;true;0.2981507656180411;0.0;Infinity;0;A
user-I050648_session-B34FE261C41F1CECA723A22B5D5BB74C4AC140931465D2DA8F3A7033ABC96D46_analysis-6.csv;user-I050648;2;814221747;true;0.13936599467342736;0.0;Infinity;0;A
user-I050648_session-B34FE261C41F1CECA723A22B5D5BB74C4AC140931465D2DA8F3A7033ABC96D46_analysis-6.csv;user-I050648;2;1913777415;true;0.39099647054922737;0.0;Infinity;0;A
user-I050648_session-B34FE261C41F1CECA723A22B5D5BB74C4AC140931465D2DA8F3A7033ABC96D46_analysis-6.csv;user-I050648;2;-577180251;true;0.13936599467342736;0.0;Infinity;0;A
user-I050648_session-B34FE261C41F1CECA723A22B5D5BB74C4AC140931465D2DA8F3A7033ABC96D46_analysis-6.csv;user-I050648;2;1913777412;true;0.2981507656180411;0.0;Infinity;0;A
user-I050648_session-B34FE261C41F1CECA723A22B5D5BB74C4AC140931465D2DA8F3A7033ABC96D46_analysis-6.csv;user-I050648;2;814221745;true;0.2981507656180411;0.0;Infinity;0;A
user-I050648_session-B34FE261C41F1CECA723A22B5D5BB74C4AC140931465D2DA8F3A7033ABC96D46_analysis-6.csv;user-I050648;2;1913777413;true;0.13936599467342736;0.0;Infinity;0;A
user-I050648_session-B34FE261C41F1CECA723A22B5D5BB74C4AC140931465D2DA8F3A7033ABC96D46_analysis-6.csv;user-I050648;2;-142571187;true;0.13936599467342736;0.0;Infinity;0;A
user-I050648_session-B34FE261C41F1CECA723A22B5D5BB74C4AC140931465D2DA8F3A7033ABC96D46_analysis-6.csv;user-I050648;2;1403933667;true;0.13936599467342736;0.0;Infinity;0;A
user-I050648_session-B34FE261C41F1CECA723A22B5D5BB74C4AC140931465D2DA8F3A7033ABC96D46_analysis-6.csv;user-I050648;2;1913778930;true;0.13936599467342736;0.0;Infinity;0;A
user-I050648_session-B34FE261C41F1CECA723A22B5D5BB74C4AC140931465D2DA8F3A7033ABC96D46_analysis-6.csv;user-I050648;2;1913778929;true;0.13936599467342736;0.0;Infinity;0;A
user-I050648_session-B34FE261C41F1CECA723A22B5D5BB74C4AC140931465D2DA8F3A7033ABC96D46_analysis-6.csv;user-I050648;2;764067046;true;0.2981507656180411;0.0;Infinity;0;A
user-I050648_session-B34FE261C41F1CECA723A22B5D5BB74C4AC140931465D2DA8F3A7033ABC96D46_analysis-6.csv;user-I050648;2;-1377967006;true;0.2981507656180411;0.0;Infinity;0;A
user-I050648_session-B34FE261C41F1CECA723A22B5D5BB74C4AC140931465D2DA8F3A7033ABC96D46_analysis-6.csv;user-I050648;2;-1377745160;true;0.016071597631466483;0.0;Infinity;0;A
user-I050648_session-B34FE261C41F1CECA723A22B5D5BB74C4AC140931465D2DA8F3A7033ABC96D46_analysis-6.csv;user-I050648;2;-142569668;true;0.13936599467342736;0.0;Infinity;0;A
user-I050648_session-B34FE261C41F1CECA723A22B5D5BB74C4AC140931465D2DA8F3A7033ABC96D46_analysis-6.csv;user-I050648;2;-1377745163;true;0.13936599467342736;0.0;Infinity;0;A
user-I050648_session-B34FE261C41F1CECA723A22B5D5BB74C4AC140931465D2DA8F3A7033ABC96D46_analysis-6.csv;user-I050648;2;517745091;true;0.2981507656180411;0.0;Infinity;0;A
user-I050648_session-B34FE261C41F1CECA723A22B5D5BB74C4AC140931465D2DA8F3A7033ABC96D46_analysis-6.csv;user-I050648;2;517745088;true;0.2981507656180411;0.0;Infinity;0;A
user-I050648_session-B34FE261C41F1CECA723A22B5D5BB74C4AC140931465D2DA8F3A7033ABC96D46_analysis-6.csv;user-I050648;2;517745089;true;0.13936599467342736;0.0;Infinity;0;A
user-I050648_session-B34FE261C41F1CECA723A22B5D5BB74C4AC140931465D2DA8F3A7033ABC96D46_analysis-6.csv;user-I050648;2;59630758;true;0.39099647054922737;0.0;Infinity;0;A
user-I050648_session-B34FE261C41F1CECA723A22B5D5BB74C4AC140931465D2DA8F3A7033ABC96D46_analysis-6.csv;user-I050648;2;517745092;true;0.2981507656180411;0.0;Infinity;0;A
user-I050648_session-B34FE261C41F1CECA723A22B5D5BB74C4AC140931465D2DA8F3A7033ABC96D46_analysis-6.csv;user-I050648;2;-1745466975;true;0.39099647054922737;0.0;Infinity;0;A
user-I050648_session-B34FE261C41F1CECA723A22B5D5BB74C4AC140931465D2DA8F3A7033ABC96D46_analysis-6.csv;user-I050648;2;-1621784231;true;0.13936599467342736;0.0;Infinity;0;A
user-I050648_session-B34FE261C41F1CECA723A22B5D5BB74C4AC140931465D2DA8F3A7033ABC96D46_analysis-6.csv;user-I050648;2;882092495;true;0.39099647054922737;0.0;Infinity;0;A
user-I050648_session-B34FE261C41F1CECA723A22B5D5BB74C4AC140931465D2DA8F3A7033ABC96D46_analysis-6.csv;user-I050648;2;882092494;true;0.0015936345244863537;0.0;Infinity;0;A
user-I050648_session-B34FE261C41F1CECA723A22B5D5BB74C4AC140931465D2DA8F3A7033ABC96D46_analysis-6.csv;user-I050648;2;882092493;true;8.64895540551025E-5;0.0;Infinity;0;A
user-I050648_session-B34FE261C41F1CECA723A22B5D5BB74C4AC140931465D2DA8F3A7033ABC96D46_analysis-6.csv;user-I050648;2;882092492;true;3.3108671360082553E-10;0.0;Infinity;0;A
user-I050648_session-B34FE261C41F1CECA723A22B5D5BB74C4AC140931465D2DA8F3A7033ABC96D46_analysis-6.csv;user-I050648;2;1080131947;true;0.13936599467342736;0.0;Infinity;0;A
user-I050648_session-B34FE261C41F1CECA723A22B5D5BB74C4AC140931465D2DA8F3A7033ABC96D46_analysis-6.csv;user-I050648;2;1836827733;true;0.2981507656180411;0.0;Infinity;0;A
user-I050648_session-B34FE261C41F1CECA723A22B5D5BB74C4AC140931465D2DA8F3A7033ABC96D46_analysis-6.csv;user-I050648;2;1963831898;true;0.39099647054922737;0.0;Infinity;0;A
user-I050648_session-B34FE261C41F1CECA723A22B5D5BB74C4AC140931465D2DA8F3A7033ABC96D46_analysis-6.csv;user-I050648;2;1979690605;true;0.39099647054922737;0.0;Infinity;0;A
user-I050648_session-B34FE261C41F1CECA723A22B5D5BB74C4AC140931465D2DA8F3A7033ABC96D46_analysis-6.csv;user-I050648;2;-741532833;true;0.39099647054922737;0.0;Infinity;0;A
user-I050648_session-B34FE261C41F1CECA723A22B5D5BB74C4AC140931465D2DA8F3A7033ABC96D46_analysis-6.csv;user-I050648;2;-1646511262;true;0.39099647054922737;0.0;Infinity;0;A
user-I050648_session-B34FE261C41F1CECA723A22B5D5BB74C4AC140931465D2DA8F3A7033ABC96D46_analysis-6.csv;user-I050648;2;882073815;true;0.2981507656180411;0.0;Infinity;0;A
user-I050648_session-B34FE261C41F1CECA723A22B5D5BB74C4AC140931465D2DA8F3A7033ABC96D46_analysis-6.csv;user-I050648;2;882094012;true;0.2981507656180411;0.0;Infinity;0;A
user-I050648_session-B34FE261C41F1CECA723A22B5D5BB74C4AC140931465D2DA8F3A7033ABC96D46_analysis-6.csv;user-I050648;2;882092500;true;0.39099647054922737;0.0;Infinity;0;A
user-I050648_session-B34FE261C41F1CECA723A22B5D5BB74C4AC140931465D2DA8F3A7033ABC96D46_analysis-6.csv;user-I050648;2;-1773214625;true;0.39099647054922737;0.0;Infinity;0;A
user-I050648_session-B34FE261C41F1CECA723A22B5D5BB74C4AC140931465D2DA8F3A7033ABC96D46_analysis-6.csv;user-I050648;2;882092498;true;0.2981507656180411;0.0;Infinity;0;A
user-I050648_session-B34FE261C41F1CECA723A22B5D5BB74C4AC140931465D2DA8F3A7033ABC96D46_analysis-6.csv;user-I050648;2;814223260;true;0.2981507656180411;0.0;Infinity;0;A
user-I050648_session-B34FE261C41F1CECA723A22B5D5BB74C4AC140931465D2DA8F3A7033ABC96D46_analysis-6.csv;user-I050648;2;882092499;true;0.09074588564243835;0.0;Infinity;0;A
user-I050648_session-B34FE261C41F1CECA723A22B5D5BB74C4AC140931465D2DA8F3A7033ABC96D46_analysis-6.csv;user-I050648;2;1366794357;true;0.2981507656180411;0.0;Infinity;0;A
user-I050648_session-B34FE261C41F1CECA723A22B5D5BB74C4AC140931465D2DA8F3A7033ABC96D46_analysis-6.csv;user-I050648;2;882094010;true;0.13936599467342736;0.0;Infinity;0;A
user-I050648_session-B34FE261C41F1CECA723A22B5D5BB74C4AC140931465D2DA8F3A7033ABC96D46_analysis-6.csv;user-I050648;2;882092496;true;0.39099647054922737;0.0;Infinity;0;A
user-I050648_session-B34FE261C41F1CECA723A22B5D5BB74C4AC140931465D2DA8F3A7033ABC96D46_analysis-6.csv;user-I050648;2;882094011;true;0.2981507656180411;0.0;Infinity;0;A
user-I050648_session-B34FE261C41F1CECA723A22B5D5BB74C4AC140931465D2DA8F3A7033ABC96D46_analysis-6.csv;user-I050648;2;-1745465456;true;0.2981507656180411;0.0;Infinity;0;A
user-I050648_session-B34FE261C41F1CECA723A22B5D5BB74C4AC140931465D2DA8F3A7033ABC96D46_analysis-6.csv;user-I050648;2;-1854758708;true;0.39099647054922737;0.0;Infinity;0;A
user-I050648_session-B34FE261C41F1CECA723A22B5D5BB74C4AC140931465D2DA8F3A7033ABC96D46_analysis-6.csv;user-I050648;2;731962992;true;0.39099647054922737;0.0;Infinity;0;A
user-I050648_session-B34FE261C41F1CECA723A22B5D5BB74C4AC140931465D2DA8F3A7033ABC96D46_analysis-6.csv;user-I050648;2;1411841433;true;0.39099647054922737;0.0;Infinity;0;A
user-I050648_session-B34FE261C41F1CECA723A22B5D5BB74C4AC140931465D2DA8F3A7033ABC96D46_analysis-6.csv;user-I050648;2;1092631275;true;0.39099647054922737;0.0;Infinity;0;A
user-I050648_session-B34FE261C41F1CECA723A22B5D5BB74C4AC140931465D2DA8F3A7033ABC96D46_analysis-6.csv;user-I050648;2;-1300120578;true;0.13936599467342736;0.0;Infinity;0;A
user-I050648_session-B34FE261C41F1CECA723A22B5D5BB74C4AC140931465D2DA8F3A7033ABC96D46_analysis-6.csv;user-I050648;2;1563503846;true;0.39099647054922737;0.0;Infinity;0;A
user-I050648_session-B34FE261C41F1CECA723A22B5D5BB74C4AC140931465D2DA8F3A7033ABC96D46_analysis-6.csv;user-I050648;2;585304646;true;0.13936599467342736;0.0;Infinity;0;A
user-I050648_session-B34FE261C41F1CECA723A22B5D5BB74C4AC140931465D2DA8F3A7033ABC96D46_analysis-6.csv;user-I050648;2;-1237479237;true;0.39099647054922737;0.0;Infinity;0;A
user-I050648_session-B34FE261C41F1CECA723A22B5D5BB74C4AC140931465D2DA8F3A7033ABC96D46_analysis-6.csv;user-I050648;2;1563503844;true;0.39099647054922737;0.0;Infinity;0;A
user-I050648_session-B34FE261C41F1CECA723A22B5D5BB74C4AC140931465D2DA8F3A7033ABC96D46_analysis-6.csv;user-I050648;2;-1237479239;true;0.39099647054922737;0.0;Infinity;0;A
user-I050648_session-B34FE261C41F1CECA723A22B5D5BB74C4AC140931465D2DA8F3A7033ABC96D46_analysis-6.csv;user-I050648;2;921041674;true;0.13936599467342736;0.0;Infinity;0;A
user-I050648_session-B34FE261C41F1CECA723A22B5D5BB74C4AC140931465D2DA8F3A7033ABC96D46_analysis-6.csv;user-I050648;2;-1380281426;true;0.39099647054922737;0.0;Infinity;0;A
user-I050648_session-B34FE261C41F1CECA723A22B5D5BB74C4AC140931465D2DA8F3A7033ABC96D46_analysis-6.csv;user-I050648;2;1662000082;true;0.13936599467342736;0.0;Infinity;0;A
user-I050648_session-B34FE261C41F1CECA723A22B5D5BB74C4AC140931465D2DA8F3A7033ABC96D46_analysis-6.csv;user-I050648;2;-1868607753;true;0.13936599467342736;0.0;Infinity;0;A
user-I050648_session-B34FE261C41F1CECA723A22B5D5BB74C4AC140931465D2DA8F3A7033ABC96D46_analysis-6.csv;user-I050648;2;731962991;true;0.09074588564243835;0.0;Infinity;0;A
user-I050648_session-B34FE261C41F1CECA723A22B5D5BB74C4AC140931465D2DA8F3A7033ABC96D46_analysis-6.csv;user-I050648;2;-1303479261;true;0.13936599467342736;0.0;Infinity;0;A
user-I050648_session-B34FE261C41F1CECA723A22B5D5BB74C4AC140931465D2DA8F3A7033ABC96D46_analysis-6.csv;user-I050648;2;123003179;true;0.13936599467342736;0.0;Infinity;0;A
user-I050648_session-B34FE261C41F1CECA723A22B5D5BB74C4AC140931465D2DA8F3A7033ABC96D46_analysis-6.csv;user-I050648;2;731962990;true;0.13936599467342736;0.0;Infinity;0;A
user-I050648_session-B34FE261C41F1CECA723A22B5D5BB74C4AC140931465D2DA8F3A7033ABC96D46_analysis-6.csv;user-I050648;2;921041668;true;0.2981507656180411;0.0;Infinity;0;A
user-I050648_session-B34FE261C41F1CECA723A22B5D5BB74C4AC140931465D2DA8F3A7033ABC96D46_analysis-6.csv;user-I050648;2;731962989;true;0.016071597631466483;0.0;Infinity;0;A
user-I050648_session-B34FE261C41F1CECA723A22B5D5BB74C4AC140931465D2DA8F3A7033ABC96D46_analysis-6.csv;user-I050648;2;731962988;true;0.09074588564243835;0.0;Infinity;0;A
user-I050648_session-B34FE261C41F1CECA723A22B5D5BB74C4AC140931465D2DA8F3A7033ABC96D46_analysis-6.csv;user-I050648;2;731962987;true;0.2981507656180411;0.0;Infinity;0;A
user-I050648_session-B34FE261C41F1CECA723A22B5D5BB74C4AC140931465D2DA8F3A7033ABC96D46_analysis-6.csv;user-I050648;2;-1868607748;true;0.2981507656180411;0.0;Infinity;0;A
user-I050648_session-B34FE261C41F1CECA723A22B5D5BB74C4AC140931465D2DA8F3A7033ABC96D46_analysis-6.csv;user-I050648;2;731962986;true;0.39099647054922737;0.0;Infinity;0;A
user-I050648_session-B34FE261C41F1CECA723A22B5D5BB74C4AC140931465D2DA8F3A7033ABC96D46_analysis-6.csv;user-I050648;2;1222720129;true;0.2981507656180411;0.0;Infinity;0;A
user-I050648_session-B34FE261C41F1CECA723A22B5D5BB74C4AC140931465D2DA8F3A7033ABC96D46_analysis-6.csv;user-I050648;2;731962984;true;0.0015936345244863537;0.0;Infinity;0;A
user-I050648_session-B34FE261C41F1CECA723A22B5D5BB74C4AC140931465D2DA8F3A7033ABC96D46_analysis-6.csv;user-I050648;2;-1237479243;true;0.13936599467342736;0.0;Infinity;0;A
user-I050648_session-B34FE261C41F1CECA723A22B5D5BB74C4AC140931465D2DA8F3A7033ABC96D46_analysis-6.csv;user-I050648;2;-1310869734;true;0.39099647054922737;0.0;Infinity;0;A
user-I050648_session-B34FE261C41F1CECA723A22B5D5BB74C4AC140931465D2DA8F3A7033ABC96D46_analysis-6.csv;user-I050648;2;-1912573742;true;0.13936599467342736;0.0;Infinity;0;A
user-I050648_session-B34FE261C41F1CECA723A22B5D5BB74C4AC140931465D2DA8F3A7033ABC96D46_analysis-6.csv;user-I050648;2;-1087914557;true;0.39099647054922737;0.0;Infinity;0;A
user-I050648_session-B34FE261C41F1CECA723A22B5D5BB74C4AC140931465D2DA8F3A7033ABC96D46_analysis-6.csv;user-I050648;2;-1087914558;true;0.39099647054922737;0.0;Infinity;0;A
user-I050648_session-B34FE261C41F1CECA723A22B5D5BB74C4AC140931465D2DA8F3A7033ABC96D46_analysis-6.csv;user-I050648;2;1222720123;true;0.2981507656180411;0.0;Infinity;0;A
user-I050648_session-B34FE261C41F1CECA723A22B5D5BB74C4AC140931465D2DA8F3A7033ABC96D46_analysis-6.csv;user-I050648;2;-1310869740;true;0.39099647054922737;0.0;Infinity;0;A
user-I050648_session-B34FE261C41F1CECA723A22B5D5BB74C4AC140931465D2DA8F3A7033ABC96D46_analysis-6.csv;user-I050648;2;1222720125;true;0.39099647054922737;0.0;Infinity;0;A
user-I050648_session-B34FE261C41F1CECA723A22B5D5BB74C4AC140931465D2DA8F3A7033ABC96D46_analysis-6.csv;user-I050648;2;585303128;true;0.39099647054922737;0.0;Infinity;0;A
user-I050648_session-B34FE261C41F1CECA723A22B5D5BB74C4AC140931465D2DA8F3A7033ABC96D46_analysis-6.csv;user-I050648;2;585303135;true;0.13936599467342736;0.0;Infinity;0;A
user-I050648_session-B34FE261C41F1CECA723A22B5D5BB74C4AC140931465D2DA8F3A7033ABC96D46_analysis-6.csv;user-I050648;2;764065528;true;0.2981507656180411;0.0;Infinity;0;A
user-I050648_session-B34FE261C41F1CECA723A22B5D5BB74C4AC140931465D2DA8F3A7033ABC96D46_analysis-6.csv;user-I050648;2;-1912573745;true;0.39099647054922737;0.0;Infinity;0;A
user-I050648_session-B34FE261C41F1CECA723A22B5D5BB74C4AC140931465D2DA8F3A7033ABC96D46_analysis-6.csv;user-I050648;2;-1912573746;true;0.13936599467342736;0.0;Infinity;0;A
user-I050648_session-B34FE261C41F1CECA723A22B5D5BB74C4AC140931465D2DA8F3A7033ABC96D46_analysis-6.csv;user-I050648;2;764065529;true;0.39099647054922737;0.0;Infinity;0;A
user-I050648_session-B34FE261C41F1CECA723A22B5D5BB74C4AC140931465D2DA8F3A7033ABC96D46_analysis-6.csv;user-I050648;2;-1316287234;true;0.39099647054922737;0.0;Infinity;0;A
user-I050648_session-B34FE261C41F1CECA723A22B5D5BB74C4AC140931465D2DA8F3A7033ABC96D46_analysis-6.csv;user-I050648;2;585303127;true;0.39099647054922737;0.0;Infinity;0;A
user-I050648_session-B34FE261C41F1CECA723A22B5D5BB74C4AC140931465D2DA8F3A7033ABC96D46_analysis-6.csv;user-I050648;2;642524319;true;0.2981507656180411;0.0;Infinity;0;A
user-I050648_session-B34FE261C41F1CECA723A22B5D5BB74C4AC140931465D2DA8F3A7033ABC96D46_analysis-6.csv;user-I050648;2;764065532;true;0.39099647054922737;0.0;Infinity;0;A
user-I050648_session-B34FE261C41F1CECA723A22B5D5BB74C4AC140931465D2DA8F3A7033ABC96D46_analysis-6.csv;user-I050648;2;642524323;true;0.2981507656180411;0.0;Infinity;0;A
user-I050648_session-B34FE261C41F1CECA723A22B5D5BB74C4AC140931465D2DA8F3A7033ABC96D46_analysis-6.csv;user-I050648;2;642524320;true;0.39099647054922737;0.0;Infinity;0;A
user-I050648_session-B34FE261C41F1CECA723A22B5D5BB74C4AC140931465D2DA8F3A7033ABC96D46_analysis-6.csv;user-I050648;2;-1377743650;true;0.39099647054922737;0.0;Infinity;0;A
user-I050648_session-B34FE261C41F1CECA723A22B5D5BB74C4AC140931465D2DA8F3A7033ABC96D46_analysis-6.csv;user-I050648;2;642524324;true;0.2981507656180411;0.0;Infinity;0;A
user-I050648_session-B34FE261C41F1CECA723A22B5D5BB74C4AC140931465D2DA8F3A7033ABC96D46_analysis-6.csv;user-I050648;2;642524325;true;0.2981507656180411;0.0;Infinity;0;A
user-I050648_session-B34FE261C41F1CECA723A22B5D5BB74C4AC140931465D2DA8F3A7033ABC96D46_analysis-6.csv;user-I050648;2;346164057;true;0.09074588564243835;0.0;Infinity;0;A
user-I050648_session-B34FE261C41F1CECA723A22B5D5BB74C4AC140931465D2DA8F3A7033ABC96D46_analysis-6.csv;user-I050648;2;1661998568;true;0.39099647054922737;0.0;Infinity;0;A
user-I050648_session-B34FE261C41F1CECA723A22B5D5BB74C4AC140931465D2DA8F3A7033ABC96D46_analysis-6.csv;user-I050648;2;1661998569;true;0.39099647054922737;0.0;Infinity;0;A
user-I050648_session-B34FE261C41F1CECA723A22B5D5BB74C4AC140931465D2DA8F3A7033ABC96D46_analysis-6.csv;user-I050648;2;1985712779;true;0.2981507656180411;0.0;Infinity;0;A
user-I050648_session-B34FE261C41F1CECA723A22B5D5BB74C4AC140931465D2DA8F3A7033ABC96D46_analysis-6.csv;user-I050648;2;-1315279061;true;0.2981507656180411;0.0;Infinity;0;A
user-I050648_session-B34FE261C41F1CECA723A22B5D5BB74C4AC140931465D2DA8F3A7033ABC96D46_analysis-6.csv;user-I050648;2;-577181770;true;0.2981507656180411;0.0;Infinity;0;A
user-I050648_session-B34FE261C41F1CECA723A22B5D5BB74C4AC140931465D2DA8F3A7033ABC96D46_analysis-6.csv;user-I050648;2;1015799482;true;0.2981507656180411;0.0;Infinity;0;A
user-I050648_session-B34FE261C41F1CECA723A22B5D5BB74C4AC140931465D2DA8F3A7033ABC96D46_analysis-6.csv;user-I050648;2;1015799480;true;0.2981507656180411;0.0;Infinity;0;A
user-I050648_session-B34FE261C41F1CECA723A22B5D5BB74C4AC140931465D2DA8F3A7033ABC96D46_analysis-6.csv;user-I050648;2;1015799486;true;0.2981507656180411;0.0;Infinity;0;A
user-I050648_session-B34FE261C41F1CECA723A22B5D5BB74C4AC140931465D2DA8F3A7033ABC96D46_analysis-6.csv;user-I050648;2;1661998565;true;0.39099647054922737;0.0;Infinity;0;A
user-I050648_session-B34FE261C41F1CECA723A22B5D5BB74C4AC140931465D2DA8F3A7033ABC96D46_analysis-6.csv;user-I050648;2;1661998567;true;0.39099647054922737;0.0;Infinity;0;A
user-I050648_session-B34FE261C41F1CECA723A22B5D5BB74C4AC140931465D2DA8F3A7033ABC96D46_analysis-6.csv;user-I050648;2;1015799485;true;0.2981507656180411;0.0;Infinity;0;A
user-I050648_session-B34FE261C41F1CECA723A22B5D5BB74C4AC140931465D2DA8F3A7033ABC96D46_analysis-6.csv;user-I050648;2;-1621785746;true;0.2981507656180411;0.0;Infinity;0;A
user-I050648_session-B34FE261C41F1CECA723A22B5D5BB74C4AC140931465D2DA8F3A7033ABC96D46_analysis-6.csv;user-I050648;2;-1306943905;true;0.2981507656180411;0.0;Infinity;0;A
user-I050648_session-B34FE261C41F1CECA723A22B5D5BB74C4AC140931465D2DA8F3A7033ABC96D46_analysis-6.csv;user-I050648;2;1151243063;true;0.2981507656180411;0.0;Infinity;0;A
user-I050648_session-B34FE261C41F1CECA723A22B5D5BB74C4AC140931465D2DA8F3A7033ABC96D46_analysis-6.csv;user-I050648;2;-1307673928;true;0.2981507656180411;0.0;Infinity;0;A
user-I050648_session-B34FE261C41F1CECA723A22B5D5BB74C4AC140931465D2DA8F3A7033ABC96D46_analysis-6.csv;user-I050648;2;-1307673927;true;0.13936599467342736;0.0;Infinity;0;A
user-I050648_session-B34FE261C41F1CECA723A22B5D5BB74C4AC140931465D2DA8F3A7033ABC96D46_analysis-6.csv;user-I050648;2;-1624605458;true;0.2981507656180411;0.0;Infinity;0;A
user-I050648_session-B34FE261C41F1CECA723A22B5D5BB74C4AC140931465D2DA8F3A7033ABC96D46_analysis-6.csv;user-I050648;2;-1624605455;true;0.2981507656180411;0.0;Infinity;0;A
user-I050648_session-B34FE261C41F1CECA723A22B5D5BB74C4AC140931465D2DA8F3A7033ABC96D46_analysis-6.csv;user-I050648;2;290471;true;0.2981507656180411;0.0;Infinity;0;A
user-I050648_session-B34FE261C41F1CECA723A22B5D5BB74C4AC140931465D2DA8F3A7033ABC96D46_analysis-6.csv;user-I050648;2;958742203;true;0.13936599467342736;0.0;Infinity;0;A
user-I050648_session-B34FE261C41F1CECA723A22B5D5BB74C4AC140931465D2DA8F3A7033ABC96D46_analysis-6.csv;user-I050648;2;-1167223734;true;0.2981507656180411;0.0;Infinity;0;A
user-I050648_session-B34FE261C41F1CECA723A22B5D5BB74C4AC140931465D2DA8F3A7033ABC96D46_analysis-6.csv;user-I050648;2;1563502326;true;0.39099647054922737;0.0;Infinity;0;A
user-I050648_session-B34FE261C41F1CECA723A22B5D5BB74C4AC140931465D2DA8F3A7033ABC96D46_analysis-6.csv;user-I050648;2;-1624605451;true;0.2981507656180411;0.0;Infinity;0;A
user-I050648_session-B34FE261C41F1CECA723A22B5D5BB74C4AC140931465D2DA8F3A7033ABC96D46_analysis-6.csv;user-I050648;2;450133144;true;0.13936599467342736;0.0;Infinity;0;A
user-I050648_session-B34FE261C41F1CECA723A22B5D5BB74C4AC140931465D2DA8F3A7033ABC96D46_analysis-6.csv;user-I050648;2;-1624605450;true;0.2981507656180411;0.0;Infinity;0;A
user-I050648_session-B34FE261C41F1CECA723A22B5D5BB74C4AC140931465D2DA8F3A7033ABC96D46_analysis-6.csv;user-I050648;2;290477;true;0.39099647054922737;0.0;Infinity;0;A
user-I050648_session-B34FE261C41F1CECA723A22B5D5BB74C4AC140931465D2DA8F3A7033ABC96D46_analysis-6.csv;user-I050648;2;-926838415;true;0.39099647054922737;0.0;Infinity;0;A
user-I050648_session-B34FE261C41F1CECA723A22B5D5BB74C4AC140931465D2DA8F3A7033ABC96D46_analysis-6.csv;user-I050648;2;450133143;true;0.39099647054922737;0.0;Infinity;0;A
user-I050648_session-B34FE261C41F1CECA723A22B5D5BB74C4AC140931465D2DA8F3A7033ABC96D46_analysis-6.csv;user-I050648;2;-1951752620;true;0.13936599467342736;0.0;Infinity;0;A
user-I050648_session-B34FE261C41F1CECA723A22B5D5BB74C4AC140931465D2DA8F3A7033ABC96D46_analysis-6.csv;user-I050648;2;888613450;true;0.39099647054922737;0.0;Infinity;0;A
user-I050648_session-B34FE261C41F1CECA723A22B5D5BB74C4AC140931465D2DA8F3A7033ABC96D46_analysis-6.csv;user-I050648;2;-1621785744;true;0.2981507656180411;0.0;Infinity;0;A
user-I050648_session-B34FE261C41F1CECA723A22B5D5BB74C4AC140931465D2DA8F3A7033ABC96D46_analysis-6.csv;user-I050648;2;-1377965491;true;0.39099647054922737;0.0;Infinity;0;A
user-I050648_session-B34FE261C41F1CECA723A22B5D5BB74C4AC140931465D2DA8F3A7033ABC96D46_analysis-6.csv;user-I050648;2;605764219;true;0.39099647054922737;0.0;Infinity;0;A
user-I050648_session-B34FE261C41F1CECA723A22B5D5BB74C4AC140931465D2DA8F3A7033ABC96D46_analysis-6.csv;user-I050648;2;605764218;true;0.39099647054922737;0.0;Infinity;0;A
user-I050648_session-B34FE261C41F1CECA723A22B5D5BB74C4AC140931465D2DA8F3A7033ABC96D46_analysis-6.csv;user-I050648;2;605764221;true;0.09074588564243835;0.0;Infinity;0;A
user-I050648_session-B34FE261C41F1CECA723A22B5D5BB74C4AC140931465D2DA8F3A7033ABC96D46_analysis-6.csv;user-I050648;2;-2030720841;true;0.13936599467342736;0.0;Infinity;0;A
user-I050648_session-B34FE261C41F1CECA723A22B5D5BB74C4AC140931465D2DA8F3A7033ABC96D46_analysis-6.csv;user-I050648;2;2030040498;true;0.13936599467342736;0.0;Infinity;0;A
user-I050648_session-B34FE261C41F1CECA723A22B5D5BB74C4AC140931465D2DA8F3A7033ABC96D46_analysis-6.csv;user-I050648;2;59802368;true;0.39099647054922737;0.0;Infinity;0;A
user-I050648_session-B34FE261C41F1CECA723A22B5D5BB74C4AC140931465D2DA8F3A7033ABC96D46_analysis-6.csv;user-I050648;2;605764223;true;0.13936599467342736;0.0;Infinity;0;A
user-I050648_session-B34FE261C41F1CECA723A22B5D5BB74C4AC140931465D2DA8F3A7033ABC96D46_analysis-6.csv;user-I050648;2;59800851;true;0.2981507656180411;0.0;Infinity;0;A
user-I050648_session-B34FE261C41F1CECA723A22B5D5BB74C4AC140931465D2DA8F3A7033ABC96D46_analysis-6.csv;user-I050648;2;605764222;true;0.13936599467342736;0.0;Infinity;0;A
user-I050648_session-B34FE261C41F1CECA723A22B5D5BB74C4AC140931465D2DA8F3A7033ABC96D46_analysis-6.csv;user-I050648;2;-1738518209;true;0.13936599467342736;0.0;Infinity;0;A
user-I050648_session-B34FE261C41F1CECA723A22B5D5BB74C4AC140931465D2DA8F3A7033ABC96D46_analysis-6.csv;user-I050648;2;-2030720839;true;0.13936599467342736;0.0;Infinity;0;A
user-I050648_session-B34FE261C41F1CECA723A22B5D5BB74C4AC140931465D2DA8F3A7033ABC96D46_analysis-6.csv;user-I050648;2;-1738518215;true;0.2981507656180411;0.0;Infinity;0;A
user-I050648_session-B34FE261C41F1CECA723A22B5D5BB74C4AC140931465D2DA8F3A7033ABC96D46_analysis-6.csv;user-I050648;2;-1810085312;true;0.2981507656180411;0.0;Infinity;0;A
user-I050648_session-B34FE261C41F1CECA723A22B5D5BB74C4AC140931465D2DA8F3A7033ABC96D46_analysis-6.csv;user-I050648;2;-1738518213;true;0.13936599467342736;0.0;Infinity;0;A
user-I050648_session-B34FE261C41F1CECA723A22B5D5BB74C4AC140931465D2DA8F3A7033ABC96D46_analysis-6.csv;user-I050648;2;-1624603938;true;0.13936599467342736;0.0;Infinity;0;A
user-I050648_session-B34FE261C41F1CECA723A22B5D5BB74C4AC140931465D2DA8F3A7033ABC96D46_analysis-6.csv;user-I050648;2;1411839915;true;0.2981507656180411;0.0;Infinity;0;A
user-I050648_session-B34FE261C41F1CECA723A22B5D5BB74C4AC140931465D2DA8F3A7033ABC96D46_analysis-6.csv;user-I050648;2;-1810085309;true;0.39099647054922737;0.0;Infinity;0;A
user-I050648_session-B34FE261C41F1CECA723A22B5D5BB74C4AC140931465D2DA8F3A7033ABC96D46_analysis-6.csv;user-I050648;2;59632277;true;0.13936599467342736;0.0;Infinity;0;A
user-I050648_session-B34FE261C41F1CECA723A22B5D5BB74C4AC140931465D2DA8F3A7033ABC96D46_analysis-6.csv;user-I050648;2;59632276;true;0.13936599467342736;0.0;Infinity;0;A
user-I050648_session-B34FE261C41F1CECA723A22B5D5BB74C4AC140931465D2DA8F3A7033ABC96D46_analysis-6.csv;user-I050648;2;-1315279000;true;0.2981507656180411;0.0;Infinity;0;A
user-I050648_session-B34FE261C41F1CECA723A22B5D5BB74C4AC140931465D2DA8F3A7033ABC96D46_analysis-6.csv;user-I050648;2;-181912095;true;0.39099647054922737;0.0;Infinity;0;A
user-I050648_session-B34FE261C41F1CECA723A22B5D5BB74C4AC140931465D2DA8F3A7033ABC96D46_analysis-6.csv;user-I050648;2;1411839920;true;0.09074588564243835;0.0;Infinity;0;A
user-I050648_session-B34FE261C41F1CECA723A22B5D5BB74C4AC140931465D2DA8F3A7033ABC96D46_analysis-6.csv;user-I050648;2;-1315279003;true;0.2981507656180411;0.0;Infinity;0;A
user-I050648_session-B34FE261C41F1CECA723A22B5D5BB74C4AC140931465D2DA8F3A7033ABC96D46_analysis-6.csv;user-I050648;2;-1306943904;true;0.2981507656180411;0.0;Infinity;0;A
user-I050648_session-B34FE261C41F1CECA723A22B5D5BB74C4AC140931465D2DA8F3A7033ABC96D46_analysis-6.csv;user-I050648;2;-1306942392;true;0.2981507656180411;0.0;Infinity;0;A
user-I050648_session-B34FE261C41F1CECA723A22B5D5BB74C4AC140931465D2DA8F3A7033ABC96D46_analysis-6.csv;user-I050648;2;523831258;true;0.2981507656180411;0.0;Infinity;0;A
user-I050648_session-B34FE261C41F1CECA723A22B5D5BB74C4AC140931465D2DA8F3A7033ABC96D46_analysis-6.csv;user-I050648;2;-1378125354;true;0.39099647054922737;0.0;Infinity;0;A
user-I050648_session-B34FE261C41F1CECA723A22B5D5BB74C4AC140931465D2DA8F3A7033ABC96D46_analysis-6.csv;user-I050648;2;-1488030882;true;0.2981507656180411;0.0;Infinity;0;A
user-I050648_session-B34FE261C41F1CECA723A22B5D5BB74C4AC140931465D2DA8F3A7033ABC96D46_analysis-6.csv;user-I050648;2;-1378125353;true;0.2981507656180411;0.0;Infinity;0;A
user-I050648_session-B34FE261C41F1CECA723A22B5D5BB74C4AC140931465D2DA8F3A7033ABC96D46_analysis-6.csv;user-I050648;2;-1488030881;true;0.2981507656180411;0.0;Infinity;0;A
user-I050648_session-B34FE261C41F1CECA723A22B5D5BB74C4AC140931465D2DA8F3A7033ABC96D46_analysis-6.csv;user-I050648;2;-1377873587;true;0.2981507656180411;0.0;Infinity;0;A
user-I050648_session-B34FE261C41F1CECA723A22B5D5BB74C4AC140931465D2DA8F3A7033ABC96D46_analysis-6.csv;user-I050648;2;-1246859013;true;0.2981507656180411;0.0;Infinity;0;A
user-I050648_session-B34FE261C41F1CECA723A22B5D5BB74C4AC140931465D2DA8F3A7033ABC96D46_analysis-6.csv;user-I050648;2;1524472909;true;0.39099647054922737;0.0;Infinity;0;A
user-I050648_session-B34FE261C41F1CECA723A22B5D5BB74C4AC140931465D2DA8F3A7033ABC96D46_analysis-6.csv;user-I050648;2;-1315277543;true;0.13936599467342736;0.0;Infinity;0;A
user-I050648_session-B34FE261C41F1CECA723A22B5D5BB74C4AC140931465D2DA8F3A7033ABC96D46_analysis-6.csv;user-I050648;2;-1378070170;true;0.13936599467342736;0.0;Infinity;0;A
user-I050648_session-B34FE261C41F1CECA723A22B5D5BB74C4AC140931465D2DA8F3A7033ABC96D46_analysis-6.csv;user-I050648;2;772701651;true;0.13936599467342736;0.0;Infinity;0;A
user-I050648_session-B34FE261C41F1CECA723A22B5D5BB74C4AC140931465D2DA8F3A7033ABC96D46_analysis-6.csv;user-I050648;2;-1378070165;true;0.2981507656180411;0.0;Infinity;0;A
user-I050648_session-B34FE261C41F1CECA723A22B5D5BB74C4AC140931465D2DA8F3A7033ABC96D46_analysis-6.csv;user-I050648;2;-1378070166;true;0.39099647054922737;0.0;Infinity;0;A
user-I050648_session-B34FE261C41F1CECA723A22B5D5BB74C4AC140931465D2DA8F3A7033ABC96D46_analysis-6.csv;user-I050648;2;-1378070168;true;0.2981507656180411;0.0;Infinity;0;A
user-I050648_session-B34FE261C41F1CECA723A22B5D5BB74C4AC140931465D2DA8F3A7033ABC96D46_analysis-6.csv;user-I050648;2;495885565;true;0.2981507656180411;0.0;Infinity;0;A
user-I050648_session-B34FE261C41F1CECA723A22B5D5BB74C4AC140931465D2DA8F3A7033ABC96D46_analysis-6.csv;user-I050648;2;495885562;true;0.016071597631466483;0.0;Infinity;0;A
user-I050648_session-B34FE261C41F1CECA723A22B5D5BB74C4AC140931465D2DA8F3A7033ABC96D46_analysis-6.csv;user-I050648;2;-1378070163;true;0.39099647054922737;0.0;Infinity;0;A
user-I050648_session-B34FE261C41F1CECA723A22B5D5BB74C4AC140931465D2DA8F3A7033ABC96D46_analysis-6.csv;user-I050648;2;878522419;true;0.2981507656180411;0.0;Infinity;0;A
user-I050648_session-B34FE261C41F1CECA723A22B5D5BB74C4AC140931465D2DA8F3A7033ABC96D46_analysis-6.csv;user-I050648;2;-1164216373;true;0.2981507656180411;0.0;Infinity;0;A
user-I050648_session-B34FE261C41F1CECA723A22B5D5BB74C4AC140931465D2DA8F3A7033ABC96D46_analysis-6.csv;user-I050648;2;-144451621;true;0.13936599467342736;0.0;Infinity;0;A
user-I050648_session-B34FE261C41F1CECA723A22B5D5BB74C4AC140931465D2DA8F3A7033ABC96D46_analysis-6.csv;user-I050648;2;1895058385;true;0.39099647054922737;0.0;Infinity;0;A
user-I050648_session-B34FE261C41F1CECA723A22B5D5BB74C4AC140931465D2DA8F3A7033ABC96D46_analysis-6.csv;user-I050648;2;1557533581;true;0.2981507656180411;0.0;Infinity;0;A
user-I050648_session-B34FE261C41F1CECA723A22B5D5BB74C4AC140931465D2DA8F3A7033ABC96D46_analysis-6.csv;user-I050648;2;-1164216370;true;0.2981507656180411;0.0;Infinity;0;A
user-I050648_session-B34FE261C41F1CECA723A22B5D5BB74C4AC140931465D2DA8F3A7033ABC96D46_analysis-6.csv;user-I050648;2;-1300707328;true;0.39099647054922737;0.0;Infinity;0;A
user-I050648_session-B34FE261C41F1CECA723A22B5D5BB74C4AC140931465D2DA8F3A7033ABC96D46_analysis-6.csv;user-I050648;2;1836826221;true;0.39099647054922737;0.0;Infinity;0;A
user-I050648_session-B34FE261C41F1CECA723A22B5D5BB74C4AC140931465D2DA8F3A7033ABC96D46_analysis-6.csv;user-I050648;2;-1164216367;true;0.2981507656180411;0.0;Infinity;0;A
user-I050648_session-B34FE261C41F1CECA723A22B5D5BB74C4AC140931465D2DA8F3A7033ABC96D46_analysis-6.csv;user-I050648;2;1557533584;true;0.13936599467342736;0.0;Infinity;0;A
user-I050648_session-B34FE261C41F1CECA723A22B5D5BB74C4AC140931465D2DA8F3A7033ABC96D46_analysis-6.csv;user-I050648;2;1557533589;true;0.016071597631466483;0.0;Infinity;0;A
user-I050648_session-B34FE261C41F1CECA723A22B5D5BB74C4AC140931465D2DA8F3A7033ABC96D46_analysis-6.csv;user-I050648;2;-1603684502;true;0.13936599467342736;0.0;Infinity;0;A
user-I050648_session-B34FE261C41F1CECA723A22B5D5BB74C4AC140931465D2DA8F3A7033ABC96D46_analysis-6.csv;user-I050648;2;-1311800137;true;0.13936599467342736;0.0;Infinity;0;A
user-I050648_session-B34FE261C41F1CECA723A22B5D5BB74C4AC140931465D2DA8F3A7033ABC96D46_analysis-6.csv;user-I050648;2;-1202851581;true;0.39099647054922737;0.0;Infinity;0;A
user-I050648_session-B34FE261C41F1CECA723A22B5D5BB74C4AC140931465D2DA8F3A7033ABC96D46_analysis-6.csv;user-I050648;2;-1603686021;true;0.2981507656180411;0.0;Infinity;0;A
user-I050648_session-B34FE261C41F1CECA723A22B5D5BB74C4AC140931465D2DA8F3A7033ABC96D46_analysis-6.csv;user-I050648;2;-1603686020;true;0.0015936345244863537;0.0;Infinity;0;A
user-I050648_session-B34FE261C41F1CECA723A22B5D5BB74C4AC140931465D2DA8F3A7033ABC96D46_analysis-6.csv;user-I050648;2;1985711264;true;0.39099647054922737;0.0;Infinity;0;A
user-I050648_session-B34FE261C41F1CECA723A22B5D5BB74C4AC140931465D2DA8F3A7033ABC96D46_analysis-6.csv;user-I050648;2;840498116;true;0.13936599467342736;0.0;Infinity;0;A
user-I050648_session-B34FE261C41F1CECA723A22B5D5BB74C4AC140931465D2DA8F3A7033ABC96D46_analysis-6.csv;user-I050648;2;-1316285716;true;0.09074588564243835;0.0;Infinity;0;A
user-I050648_session-B34FE261C41F1CECA723A22B5D5BB74C4AC140931465D2DA8F3A7033ABC96D46_analysis-6.csv;user-I050648;2;523829743;true;0.39099647054922737;0.0;Infinity;0;A
user-I050648_session-B34FE261C41F1CECA723A22B5D5BB74C4AC140931465D2DA8F3A7033ABC96D46_analysis-6.csv;user-I050648;2;-1316285717;true;0.13936599467342736;0.0;Infinity;0;A
user-I050648_session-B34FE261C41F1CECA723A22B5D5BB74C4AC140931465D2DA8F3A7033ABC96D46_analysis-6.csv;user-I050648;2;-1465278817;true;0.39099647054922737;0.0;Infinity;0;A
user-I050648_session-B34FE261C41F1CECA723A22B5D5BB74C4AC140931465D2DA8F3A7033ABC96D46_analysis-6.csv;user-I050648;2;-80359816;true;0.39099647054922737;0.0;Infinity;0;A
user-I050648_session-B34FE261C41F1CECA723A22B5D5BB74C4AC140931465D2DA8F3A7033ABC96D46_analysis-6.csv;user-I050648;2;-1309564092;true;0.2981507656180411;0.0;Infinity;0;A
user-I050648_session-B34FE261C41F1CECA723A22B5D5BB74C4AC140931465D2DA8F3A7033ABC96D46_analysis-6.csv;user-I050648;2;-1528541181;true;0.2981507656180411;0.0;Infinity;0;A
user-I050648_session-B34FE261C41F1CECA723A22B5D5BB74C4AC140931465D2DA8F3A7033ABC96D46_analysis-6.csv;user-I050648;2;1151241548;true;0.2981507656180411;0.0;Infinity;0;A
user-I050648_session-B34FE261C41F1CECA723A22B5D5BB74C4AC140931465D2DA8F3A7033ABC96D46_analysis-6.csv;user-I050648;2;-1528541184;true;0.39099647054922737;0.0;Infinity;0;A
user-I050648_session-B34FE261C41F1CECA723A22B5D5BB74C4AC140931465D2DA8F3A7033ABC96D46_analysis-6.csv;user-I050648;2;-1441698506;true;0.13936599467342736;0.0;Infinity;0;A
user-I050648_session-B34FE261C41F1CECA723A22B5D5BB74C4AC140931465D2DA8F3A7033ABC96D46_analysis-6.csv;user-I050648;2;-1465278816;true;0.39099647054922737;0.0;Infinity;0;A
user-I050648_session-B34FE261C41F1CECA723A22B5D5BB74C4AC140931465D2DA8F3A7033ABC96D46_analysis-6.csv;user-I050648;2;-766139742;true;0.39099647054922737;0.0;Infinity;0;A
user-I050648_session-B34FE261C41F1CECA723A22B5D5BB74C4AC140931465D2DA8F3A7033ABC96D46_analysis-6.csv;user-I050648;2;-1543876695;true;0.39099647054922737;0.0;Infinity;0;A
user-I050648_session-B34FE261C41F1CECA723A22B5D5BB74C4AC140931465D2DA8F3A7033ABC96D46_analysis-6.csv;user-I050648;2;-1528541179;true;0.13936599467342736;0.0;Infinity;0;A
user-I050648_session-B34FE261C41F1CECA723A22B5D5BB74C4AC140931465D2DA8F3A7033ABC96D46_analysis-6.csv;user-I050648;2;-1441698507;true;0.13936599467342736;0.0;Infinity;0;A
user-I050648_session-B34FE261C41F1CECA723A22B5D5BB74C4AC140931465D2DA8F3A7033ABC96D46_analysis-6.csv;user-I050648;2;1151241545;true;0.016071597631466483;0.0;Infinity;0;A
user-I050648_session-B34FE261C41F1CECA723A22B5D5BB74C4AC140931465D2DA8F3A7033ABC96D46_analysis-6.csv;user-I050648;2;-1465278814;true;0.13936599467342736;0.0;Infinity;0;A
user-I050648_session-B34FE261C41F1CECA723A22B5D5BB74C4AC140931465D2DA8F3A7033ABC96D46_analysis-6.csv;user-I050648;2;-1528541180;true;0.2981507656180411;0.0;Infinity;0;A
user-I050648_session-B34FE261C41F1CECA723A22B5D5BB74C4AC140931465D2DA8F3A7033ABC96D46_analysis-6.csv;user-I050648;2;-58090198;true;0.39099647054922737;0.0;Infinity;0;A
user-I050648_session-B34FE261C41F1CECA723A22B5D5BB74C4AC140931465D2DA8F3A7033ABC96D46_analysis-6.csv;user-I050648;2;1557535099;true;0.016071597631466483;0.0;Infinity;0;A
user-I050648_session-B34FE261C41F1CECA723A22B5D5BB74C4AC140931465D2DA8F3A7033ABC96D46_analysis-6.csv;user-I050648;2;-58090197;true;0.2981507656180411;0.0;Infinity;0;A
user-I050648_session-B34FE261C41F1CECA723A22B5D5BB74C4AC140931465D2DA8F3A7033ABC96D46_analysis-6.csv;user-I050648;2;-1167225248;true;0.13936599467342736;0.0;Infinity;0;A
user-I050648_session-B34FE261C41F1CECA723A22B5D5BB74C4AC140931465D2DA8F3A7033ABC96D46_analysis-6.csv;user-I050648;2;-1167225245;true;0.13936599467342736;0.0;Infinity;0;A
user-I050648_session-B34FE261C41F1CECA723A22B5D5BB74C4AC140931465D2DA8F3A7033ABC96D46_analysis-6.csv;user-I050648;2;-1759636583;true;0.016071597631466483;0.0;Infinity;0;A
user-I050648_session-B34FE261C41F1CECA723A22B5D5BB74C4AC140931465D2DA8F3A7033ABC96D46_analysis-6.csv;user-I050648;2;-58090195;true;0.13936599467342736;0.0;Infinity;0;A
user-I050648_session-B34FE261C41F1CECA723A22B5D5BB74C4AC140931465D2DA8F3A7033ABC96D46_analysis-6.csv;user-I050648;2;-58090192;true;0.39099647054922737;0.0;Infinity;0;A
user-I050648_session-B34FE261C41F1CECA723A22B5D5BB74C4AC140931465D2DA8F3A7033ABC96D46_analysis-6.csv;user-I050648;2;291988;true;0.2981507656180411;0.0;Infinity;0;A
user-I050648_session-B34FE261C41F1CECA723A22B5D5BB74C4AC140931465D2DA8F3A7033ABC96D46_analysis-6.csv;user-I050648;2;1985711261;true;0.39099647054922737;0.0;Infinity;0;A
user-I050648_session-B34FE261C41F1CECA723A22B5D5BB74C4AC140931465D2DA8F3A7033ABC96D46_analysis-6.csv;user-I050648;2;1985711263;true;0.0015936345244863537;0.0;Infinity;0;A
user-I050648_session-B34FE261C41F1CECA723A22B5D5BB74C4AC140931465D2DA8F3A7033ABC96D46_analysis-6.csv;user-I050648;2;-178750059;true;0.13936599467342736;0.0;Infinity;0;A
user-I050648_session-B34FE261C41F1CECA723A22B5D5BB74C4AC140931465D2DA8F3A7033ABC96D46_analysis-6.csv;user-I050648;2;-1316287231;true;0.13936599467342736;0.0;Infinity;0;A
user-I050648_session-B34FE261C41F1CECA723A22B5D5BB74C4AC140931465D2DA8F3A7033ABC96D46_analysis-6.csv;user-I050648;2;-149184884;true;0.09074588564243835;0.0;Infinity;0;A
user-I050648_session-B34FE261C41F1CECA723A22B5D5BB74C4AC140931465D2DA8F3A7033ABC96D46_analysis-6.csv;user-I050648;2;-1302548060;true;0.39099647054922737;0.0;Infinity;0;A
user-I050648_session-B34FE261C41F1CECA723A22B5D5BB74C4AC140931465D2DA8F3A7033ABC96D46_analysis-6.csv;user-I050648;2;-1378126869;true;0.09074588564243835;0.0;Infinity;0;A
user-I050648_session-B34FE261C41F1CECA723A22B5D5BB74C4AC140931465D2DA8F3A7033ABC96D46_analysis-6.csv;user-I050648;2;-1378126870;true;0.13936599467342736;0.0;Infinity;0;A
user-I050648_session-B34FE261C41F1CECA723A22B5D5BB74C4AC140931465D2DA8F3A7033ABC96D46_analysis-6.csv;user-I050648;2;-1378126871;true;0.016071597631466483;0.0;Infinity;0;A
user-I050648_session-B34FE261C41F1CECA723A22B5D5BB74C4AC140931465D2DA8F3A7033ABC96D46_analysis-6.csv;user-I050648;2;-741531322;true;0.13936599467342736;0.0;Infinity;0;A
user-I050648_session-B34FE261C41F1CECA723A22B5D5BB74C4AC140931465D2DA8F3A7033ABC96D46_analysis-6.csv;user-I050648;2;1894936343;true;0.2981507656180411;0.0;Infinity;0;A
user-I050648_session-B34FE261C41F1CECA723A22B5D5BB74C4AC140931465D2DA8F3A7033ABC96D46_analysis-6.csv;user-I050648;2;-1302548057;true;0.13936599467342736;0.0;Infinity;0;A
user-I050648_session-B34FE261C41F1CECA723A22B5D5BB74C4AC140931465D2DA8F3A7033ABC96D46_analysis-6.csv;user-I050648;2;-1378126865;true;0.2981507656180411;0.0;Infinity;0;A
user-I050648_session-B34FE261C41F1CECA723A22B5D5BB74C4AC140931465D2DA8F3A7033ABC96D46_analysis-6.csv;user-I050648;2;-1302548061;true;0.2981507656180411;0.0;Infinity;0;A
user-I050648_session-B34FE261C41F1CECA723A22B5D5BB74C4AC140931465D2DA8F3A7033ABC96D46_analysis-6.csv;user-I050648;2;-144450110;true;0.13936599467342736;0.0;Infinity;0;A
user-I050648_session-B34FE261C41F1CECA723A22B5D5BB74C4AC140931465D2DA8F3A7033ABC96D46_analysis-6.csv;user-I050648;2;-1751253289;true;0.13936599467342736;0.0;Infinity;0;A
user-I050648_session-B34FE261C41F1CECA723A22B5D5BB74C4AC140931465D2DA8F3A7033ABC96D46_analysis-6.csv;user-I050648;2;1242133350;true;0.39099647054922737;0.0;Infinity;0;A
user-I050648_session-B34FE261C41F1CECA723A22B5D5BB74C4AC140931465D2DA8F3A7033ABC96D46_analysis-6.csv;user-I050648;2;-144450111;true;0.39099647054922737;0.0;Infinity;0;A
user-I050648_session-B34FE261C41F1CECA723A22B5D5BB74C4AC140931465D2DA8F3A7033ABC96D46_analysis-6.csv;user-I050648;2;1524471394;true;0.2981507656180411;0.0;Infinity;0;A
user-I050648_session-B34FE261C41F1CECA723A22B5D5BB74C4AC140931465D2DA8F3A7033ABC96D46_analysis-6.csv;user-I050648;2;335495250;true;0.2981507656180411;0.0;Infinity;0;A
user-I050648_session-B34FE261C41F1CECA723A22B5D5BB74C4AC140931465D2DA8F3A7033ABC96D46_analysis-6.csv;user-I050648;2;1328748425;true;0.09074588564243835;0.0;Infinity;0;A
user-I050648_session-B34FE261C41F1CECA723A22B5D5BB74C4AC140931465D2DA8F3A7033ABC96D46_analysis-6.csv;user-I050648;2;731964502;true;0.2981507656180411;0.0;Infinity;0;A
user-I050648_session-B34FE261C41F1CECA723A22B5D5BB74C4AC140931465D2DA8F3A7033ABC96D46_analysis-6.csv;user-I050648;2;-1309015037;true;0.39099647054922737;0.0;Infinity;0;A
user-I050648_session-B34FE261C41F1CECA723A22B5D5BB74C4AC140931465D2DA8F3A7033ABC96D46_analysis-6.csv;user-I050648;2;-1309015038;true;0.13936599467342736;0.0;Infinity;0;A
user-I050648_session-B34FE261C41F1CECA723A22B5D5BB74C4AC140931465D2DA8F3A7033ABC96D46_analysis-6.csv;user-I050648;2;93662035;true;0.2981507656180411;0.0;Infinity;0;A
user-I050648_session-B34FE261C41F1CECA723A22B5D5BB74C4AC140931465D2DA8F3A7033ABC96D46_analysis-6.csv;user-I050648;2;731964504;true;0.39099647054922737;0.0;Infinity;0;A
user-I050648_session-B34FE261C41F1CECA723A22B5D5BB74C4AC140931465D2DA8F3A7033ABC96D46_analysis-6.csv;user-I050648;2;205447919;true;0.2981507656180411;0.0;Infinity;0;A
user-I050648_session-B34FE261C41F1CECA723A22B5D5BB74C4AC140931465D2DA8F3A7033ABC96D46_analysis-6.csv;user-I050648;2;205447916;true;0.39099647054922737;0.0;Infinity;0;A
user-I050648_session-B34FE261C41F1CECA723A22B5D5BB74C4AC140931465D2DA8F3A7033ABC96D46_analysis-6.csv;user-I050648;2;93662036;true;0.2981507656180411;0.0;Infinity;0;A
user-I050648_session-B34FE261C41F1CECA723A22B5D5BB74C4AC140931465D2DA8F3A7033ABC96D46_analysis-6.csv;user-I050648;2;205447917;true;0.2981507656180411;0.0;Infinity;0;A
user-I050648_session-B34FE261C41F1CECA723A22B5D5BB74C4AC140931465D2DA8F3A7033ABC96D46_analysis-6.csv;user-I050648;2;840496598;true;0.13936599467342736;0.0;Infinity;0;A
user-I050648_session-B34FE261C41F1CECA723A22B5D5BB74C4AC140931465D2DA8F3A7033ABC96D46_analysis-6.csv;user-I050648;2;605765736;true;0.2981507656180411;0.0;Infinity;0;A
user-I050648_session-B34FE261C41F1CECA723A22B5D5BB74C4AC140931465D2DA8F3A7033ABC96D46_analysis-6.csv;user-I050648;2;-631966179;true;0.2981507656180411;0.0;Infinity;0;A
user-I050648_session-B34FE261C41F1CECA723A22B5D5BB74C4AC140931465D2DA8F3A7033ABC96D46_analysis-6.csv;user-I050648;2;-568647034;true;0.13936599467342736;0.0;Infinity;0;A
user-I050648_session-B34FE261C41F1CECA723A22B5D5BB74C4AC140931465D2DA8F3A7033ABC96D46_analysis-6.csv;user-I050648;2;-568647029;true;0.13936599467342736;0.0;Infinity;0;A
user-I050648_session-B34FE261C41F1CECA723A22B5D5BB74C4AC140931465D2DA8F3A7033ABC96D46_analysis-6.csv;user-I050648;2;1078824589;true;0.39099647054922737;0.0;Infinity;0;A
user-I050648_session-B34FE261C41F1CECA723A22B5D5BB74C4AC140931465D2DA8F3A7033ABC96D46_analysis-6.csv;user-I050648;2;-568647030;true;0.39099647054922737;0.0;Infinity;0;A
user-I050648_session-B34FE261C41F1CECA723A22B5D5BB74C4AC140931465D2DA8F3A7033ABC96D46_analysis-6.csv;user-I050648;2;-1441700024;true;0.2981507656180411;0.0;Infinity;0;A
user-I050648_session-B34FE261C41F1CECA723A22B5D5BB74C4AC140931465D2DA8F3A7033ABC96D46_analysis-6.csv;user-I050648;2;-568647031;true;0.2981507656180411;0.0;Infinity;0;A
user-I050648_session-B34FE261C41F1CECA723A22B5D5BB74C4AC140931465D2DA8F3A7033ABC96D46_analysis-6.csv;user-I050648;2;840496602;true;0.13936599467342736;0.0;Infinity;0;A
user-I050648_session-B34FE261C41F1CECA723A22B5D5BB74C4AC140931465D2DA8F3A7033ABC96D46_analysis-6.csv;user-I050648;2;-1441700018;true;0.13936599467342736;0.0;Infinity;0;A
user-I050648_session-B34FE261C41F1CECA723A22B5D5BB74C4AC140931465D2DA8F3A7033ABC96D46_analysis-6.csv;user-I050648;2;840496600;true;0.2981507656180411;0.0;Infinity;0;A
user-I050648_session-B34FE261C41F1CECA723A22B5D5BB74C4AC140931465D2DA8F3A7033ABC96D46_analysis-6.csv;user-I050648;2;1549762845;true;0.13936599467342736;0.0;Infinity;0;A
user-I050648_session-B34FE261C41F1CECA723A22B5D5BB74C4AC140931465D2DA8F3A7033ABC96D46_analysis-6.csv;user-I050648;2;65531715;true;0.13936599467342736;0.0;Infinity;0;A
user-I050648_session-B34FE261C41F1CECA723A22B5D5BB74C4AC140931465D2DA8F3A7033ABC96D46_analysis-6.csv;user-I050648;2;1136045309;true;0.2981507656180411;0.0;Infinity;0;A
user-I050648_session-B34FE261C41F1CECA723A22B5D5BB74C4AC140931465D2DA8F3A7033ABC96D46_analysis-6.csv;user-I050648;2;1286049205;true;0.2981507656180411;0.0;Infinity;0;A
user-I050648_session-B34FE261C41F1CECA723A22B5D5BB74C4AC140931465D2DA8F3A7033ABC96D46_analysis-6.csv;user-I050648;2;65531713;true;0.2981507656180411;0.0;Infinity;0;A
user-I050648_session-B34FE261C41F1CECA723A22B5D5BB74C4AC140931465D2DA8F3A7033ABC96D46_analysis-6.csv;user-I050648;2;1187617207;true;0.2981507656180411;0.0;Infinity;0;A
user-I050648_session-B34FE261C41F1CECA723A22B5D5BB74C4AC140931465D2DA8F3A7033ABC96D46_analysis-6.csv;user-I050648;2;-926839929;true;0.2981507656180411;0.0;Infinity;0;A
user-I050648_session-B34FE261C41F1CECA723A22B5D5BB74C4AC140931465D2DA8F3A7033ABC96D46_analysis-6.csv;user-I050648;2;-1603686013;true;0.13936599467342736;0.0;Infinity;0;A
user-I050648_session-B34FE261C41F1CECA723A22B5D5BB74C4AC140931465D2DA8F3A7033ABC96D46_analysis-6.csv;user-I050648;2;-926839925;true;0.39099647054922737;0.0;Infinity;0;A
user-I050648_session-B34FE261C41F1CECA723A22B5D5BB74C4AC140931465D2DA8F3A7033ABC96D46_analysis-6.csv;user-I050648;2;-149186398;true;0.2981507656180411;0.0;Infinity;0;A
user-I050648_session-B34FE261C41F1CECA723A22B5D5BB74C4AC140931465D2DA8F3A7033ABC96D46_analysis-6.csv;user-I050648;2;-337110996;true;0.13936599467342736;0.0;Infinity;0;A
user-I050648_session-B34FE261C41F1CECA723A22B5D5BB74C4AC140931465D2DA8F3A7033ABC96D46_analysis-6.csv;user-I050648;2;2144013333;true;0.13936599467342736;0.0;Infinity;0;A
user-I050648_session-B34FE261C41F1CECA723A22B5D5BB74C4AC140931465D2DA8F3A7033ABC96D46_analysis-6.csv;user-I050648;2;-337110995;true;0.13936599467342736;0.0;Infinity;0;A
user-I050648_session-B34FE261C41F1CECA723A22B5D5BB74C4AC140931465D2DA8F3A7033ABC96D46_analysis-6.csv;user-I050648;2;2144013331;true;0.39099647054922737;0.0;Infinity;0;A
user-I050648_session-B34FE261C41F1CECA723A22B5D5BB74C4AC140931465D2DA8F3A7033ABC96D46_analysis-6.csv;user-I050648;2;-337110997;true;0.13936599467342736;0.0;Infinity;0;A
user-I050648_session-B34FE261C41F1CECA723A22B5D5BB74C4AC140931465D2DA8F3A7033ABC96D46_analysis-6.csv;user-I050648;2;2144013329;true;0.2981507656180411;0.0;Infinity;0;A
user-I050648_session-B34FE261C41F1CECA723A22B5D5BB74C4AC140931465D2DA8F3A7033ABC96D46_analysis-6.csv;user-I050648;2;1549761331;true;0.2981507656180411;0.0;Infinity;0;A
user-I050648_session-B34FE261C41F1CECA723A22B5D5BB74C4AC140931465D2DA8F3A7033ABC96D46_analysis-6.csv;user-I050648;2;208063938;true;0.13936599467342736;0.0;Infinity;0;A
user-I050648_session-B34FE261C41F1CECA723A22B5D5BB74C4AC140931465D2DA8F3A7033ABC96D46_analysis-6.csv;user-I050648;2;-80361335;true;0.39099647054922737;0.0;Infinity;0;A
user-I050648_session-B34FE261C41F1CECA723A22B5D5BB74C4AC140931465D2DA8F3A7033ABC96D46_analysis-6.csv;user-I050648;2;929971282;true;0.39099647054922737;0.0;Infinity;0;A
user-I050648_session-B34FE261C41F1CECA723A22B5D5BB74C4AC140931465D2DA8F3A7033ABC96D46_analysis-6.csv;user-I050648;2;1222721641;true;0.2981507656180411;0.0;Infinity;0;A
user-I050648_session-B34FE261C41F1CECA723A22B5D5BB74C4AC140931465D2DA8F3A7033ABC96D46_analysis-6.csv;user-I050648;2;1222721642;true;8.64895540551025E-5;0.0;Infinity;0;A
user-I050648_session-B34FE261C41F1CECA723A22B5D5BB74C4AC140931465D2DA8F3A7033ABC96D46_analysis-6.csv;user-I050648;2;1222721643;true;0.09074588564243835;0.0;Infinity;0;A
user-I050648_session-B34FE261C41F1CECA723A22B5D5BB74C4AC140931465D2DA8F3A7033ABC96D46_analysis-6.csv;user-I050648;2;-1759635064;true;0.13936599467342736;0.0;Infinity;0;A
user-I050648_session-B34FE261C41F1CECA723A22B5D5BB74C4AC140931465D2DA8F3A7033ABC96D46_analysis-6.csv;user-I050648;2;208063937;true;0.13936599467342736;0.0;Infinity;0;A
user-I050648_session-B34FE261C41F1CECA723A22B5D5BB74C4AC140931465D2DA8F3A7033ABC96D46_analysis-6.csv;user-I050648;2;1187618721;true;0.13936599467342736;0.0;Infinity;0;A
user-I050648_session-B34FE261C41F1CECA723A22B5D5BB74C4AC140931465D2DA8F3A7033ABC96D46_analysis-6.csv;user-I050648;2;929971285;true;0.2981507656180411;0.0;Infinity;0;A
user-I050648_session-B34FE261C41F1CECA723A22B5D5BB74C4AC140931465D2DA8F3A7033ABC96D46_analysis-6.csv;user-I050648;2;929971279;true;0.2981507656180411;0.0;Infinity;0;A
user-I050648_session-B34FE261C41F1CECA723A22B5D5BB74C4AC140931465D2DA8F3A7033ABC96D46_analysis-6.csv;user-I050648;2;-905435577;true;0.39099647054922737;0.0;Infinity;0;A
user-I050648_session-B34FE261C41F1CECA723A22B5D5BB74C4AC140931465D2DA8F3A7033ABC96D46_analysis-6.csv;user-I050648;2;-181910576;true;0.2981507656180411;0.0;Infinity;0;A
user-I050648_session-B34FE261C41F1CECA723A22B5D5BB74C4AC140931465D2DA8F3A7033ABC96D46_analysis-6.csv;user-I050648;2;-1302546544;true;0.2981507656180411;0.0;Infinity;0;A
user-I050648_session-B34FE261C41F1CECA723A22B5D5BB74C4AC140931465D2DA8F3A7033ABC96D46_analysis-6.csv;user-I050648;2;-905435571;true;0.2981507656180411;0.0;Infinity;0;A
user-I050648_session-B34FE261C41F1CECA723A22B5D5BB74C4AC140931465D2DA8F3A7033ABC96D46_analysis-6.csv;user-I050648;2;-337110991;true;0.2981507656180411;0.0;Infinity;0;A
user-I050648_session-B34FE261C41F1CECA723A22B5D5BB74C4AC140931465D2DA8F3A7033ABC96D46_analysis-6.csv;user-I050648;2;-1309016549;true;0.39099647054922737;0.0;Infinity;0;A
user-I050648_session-B34FE261C41F1CECA723A22B5D5BB74C4AC140931465D2DA8F3A7033ABC96D46_analysis-6.csv;user-I050648;2;-1309016556;true;0.13936599467342736;0.0;Infinity;0;A
user-I050648_session-B34FE261C41F1CECA723A22B5D5BB74C4AC140931465D2DA8F3A7033ABC96D46_analysis-6.csv;user-I050648;2;2110175887;true;0.2981507656180411;0.0;Infinity;0;A
user-I050648_session-B34FE261C41F1CECA723A22B5D5BB74C4AC140931465D2DA8F3A7033ABC96D46_analysis-6.csv;user-I050648;2;-568645518;true;0.2981507656180411;0.0;Infinity;0;A
user-I050648_session-B34FE261C41F1CECA723A22B5D5BB74C4AC140931465D2DA8F3A7033ABC96D46_analysis-6.csv;user-I050648;2;984721752;true;0.13936599467342736;0.0;Infinity;0;A
user-I050648_session-B34FE261C41F1CECA723A22B5D5BB74C4AC140931465D2DA8F3A7033ABC96D46_analysis-6.csv;user-I050648;2;2110175888;true;0.13936599467342736;0.0;Infinity;0;A
user-I050648_session-B34FE261C41F1CECA723A22B5D5BB74C4AC140931465D2DA8F3A7033ABC96D46_analysis-6.csv;user-I050648;2;-149186403;true;0.39099647054922737;0.0;Infinity;0;A
user-I050648_session-B34FE261C41F1CECA723A22B5D5BB74C4AC140931465D2DA8F3A7033ABC96D46_analysis-6.csv;user-I050648;2;1795042802;true;0.2981507656180411;0.0;Infinity;0;A
