session ;user;query position;cell hashcode;novelty;outlierness;relevance;surprise;query label;session label
user-I316785_session-0001BDAD11490DEA53791D77A9DD35BBD6DDA9EC2E01D78617538C4CBBFE4521_analysis-3.csv;user-I316785;1;-1645642369;true;0.02204554857721397;0.0;Infinity;0;A
user-I316785_session-0001BDAD11490DEA53791D77A9DD35BBD6DDA9EC2E01D78617538C4CBBFE4521_analysis-3.csv;user-I316785;1;1959132295;true;0.15766810112797391;0.0;Infinity;0;A
user-I316785_session-0001BDAD11490DEA53791D77A9DD35BBD6DDA9EC2E01D78617538C4CBBFE4521_analysis-3.csv;user-I316785;1;385039036;true;0.25098653649098246;0.0;Infinity;0;A
user-I316785_session-0001BDAD11490DEA53791D77A9DD35BBD6DDA9EC2E01D78617538C4CBBFE4521_analysis-3.csv;user-I316785;1;-1709703921;true;0.45824589628565937;0.0;Infinity;0;A
user-I316785_session-0001BDAD11490DEA53791D77A9DD35BBD6DDA9EC2E01D78617538C4CBBFE4521_analysis-3.csv;user-I316785;1;1052919571;true;0.18283311941341984;0.0;Infinity;0;A
user-I316785_session-0001BDAD11490DEA53791D77A9DD35BBD6DDA9EC2E01D78617538C4CBBFE4521_analysis-3.csv;user-I316785;1;2102439832;true;0.21467279309802723;0.0;Infinity;0;A
user-I316785_session-0001BDAD11490DEA53791D77A9DD35BBD6DDA9EC2E01D78617538C4CBBFE4521_analysis-3.csv;user-I316785;1;-1709711384;true;0.48279068880324305;0.0;Infinity;0;A
user-I316785_session-0001BDAD11490DEA53791D77A9DD35BBD6DDA9EC2E01D78617538C4CBBFE4521_analysis-3.csv;user-I316785;1;455384322;true;0.16832974360988073;0.0;Infinity;0;A
user-I316785_session-0001BDAD11490DEA53791D77A9DD35BBD6DDA9EC2E01D78617538C4CBBFE4521_analysis-3.csv;user-I316785;1;312076785;true;0.028434234348105436;0.0;Infinity;0;A
user-I316785_session-0001BDAD11490DEA53791D77A9DD35BBD6DDA9EC2E01D78617538C4CBBFE4521_analysis-3.csv;user-I316785;1;2032094546;true;0.16162171616262855;0.0;Infinity;0;A
user-I316785_session-0001BDAD11490DEA53791D77A9DD35BBD6DDA9EC2E01D78617538C4CBBFE4521_analysis-3.csv;user-I316785;1;1891004452;true;0.4859741891639724;0.0;Infinity;0;A
user-I316785_session-0001BDAD11490DEA53791D77A9DD35BBD6DDA9EC2E01D78617538C4CBBFE4521_analysis-3.csv;user-I316785;1;243948942;true;0.3876669041018673;0.0;Infinity;0;A
user-I316785_session-0001BDAD11490DEA53791D77A9DD35BBD6DDA9EC2E01D78617538C4CBBFE4521_analysis-3.csv;user-I316785;1;1413141;true;0.2626713824722766;0.0;Infinity;0;A
user-I316785_session-0001BDAD11490DEA53791D77A9DD35BBD6DDA9EC2E01D78617538C4CBBFE4521_analysis-3.csv;user-I316785;1;2123340856;true;0.44269361154022624;0.0;Infinity;0;A
user-I316785_session-0001BDAD11490DEA53791D77A9DD35BBD6DDA9EC2E01D78617538C4CBBFE4521_analysis-3.csv;user-I316785;2;-1645642369;true;0.02204554857721397;0.0;Infinity;0;A
user-I316785_session-0001BDAD11490DEA53791D77A9DD35BBD6DDA9EC2E01D78617538C4CBBFE4521_analysis-3.csv;user-I316785;2;1959132295;true;0.15766810112797391;0.0;Infinity;0;A
user-I316785_session-0001BDAD11490DEA53791D77A9DD35BBD6DDA9EC2E01D78617538C4CBBFE4521_analysis-3.csv;user-I316785;2;385039036;true;0.25098653649098246;0.0;Infinity;0;A
user-I316785_session-0001BDAD11490DEA53791D77A9DD35BBD6DDA9EC2E01D78617538C4CBBFE4521_analysis-3.csv;user-I316785;2;-1709703921;true;0.45824589628565937;0.0;Infinity;0;A
user-I316785_session-0001BDAD11490DEA53791D77A9DD35BBD6DDA9EC2E01D78617538C4CBBFE4521_analysis-3.csv;user-I316785;2;1052919571;true;0.18283311941341984;0.0;Infinity;0;A
user-I316785_session-0001BDAD11490DEA53791D77A9DD35BBD6DDA9EC2E01D78617538C4CBBFE4521_analysis-3.csv;user-I316785;2;2102439832;true;0.21467279309802723;0.0;Infinity;0;A
user-I316785_session-0001BDAD11490DEA53791D77A9DD35BBD6DDA9EC2E01D78617538C4CBBFE4521_analysis-3.csv;user-I316785;2;-1709711384;true;0.48279068880324305;0.0;Infinity;0;A
user-I316785_session-0001BDAD11490DEA53791D77A9DD35BBD6DDA9EC2E01D78617538C4CBBFE4521_analysis-3.csv;user-I316785;2;455384322;true;0.16832974360988073;0.0;Infinity;0;A
user-I316785_session-0001BDAD11490DEA53791D77A9DD35BBD6DDA9EC2E01D78617538C4CBBFE4521_analysis-3.csv;user-I316785;2;312076785;true;0.028434234348105436;0.0;Infinity;0;A
user-I316785_session-0001BDAD11490DEA53791D77A9DD35BBD6DDA9EC2E01D78617538C4CBBFE4521_analysis-3.csv;user-I316785;2;2032094546;true;0.16162171616262855;0.0;Infinity;0;A
user-I316785_session-0001BDAD11490DEA53791D77A9DD35BBD6DDA9EC2E01D78617538C4CBBFE4521_analysis-3.csv;user-I316785;2;1891004452;true;0.4859741891639724;0.0;Infinity;0;A
user-I316785_session-0001BDAD11490DEA53791D77A9DD35BBD6DDA9EC2E01D78617538C4CBBFE4521_analysis-3.csv;user-I316785;2;243948942;true;0.3876669041018673;0.0;Infinity;0;A
user-I316785_session-0001BDAD11490DEA53791D77A9DD35BBD6DDA9EC2E01D78617538C4CBBFE4521_analysis-3.csv;user-I316785;2;1413141;true;0.2626713824722766;0.0;Infinity;0;A
user-I316785_session-0001BDAD11490DEA53791D77A9DD35BBD6DDA9EC2E01D78617538C4CBBFE4521_analysis-3.csv;user-I316785;2;2123340856;true;0.44269361154022624;0.0;Infinity;0;A
