session ;user;query position;cell hashcode;novelty;outlierness;relevance;surprise;query label;session label
user-I050582_session-9E660CDDDD20A34952D94F30C37A47CC7CAA6D82FDC1E2C23E4317D98C53AFFD_analysis-6.csv;user-I050582;1;1072963689;true;0.48176547941853964;0.0;Infinity;0;B
user-I050582_session-9E660CDDDD20A34952D94F30C37A47CC7CAA6D82FDC1E2C23E4317D98C53AFFD_analysis-6.csv;user-I050582;1;-881082482;true;0.1547144690006793;0.0;Infinity;0;B
user-I050582_session-9E660CDDDD20A34952D94F30C37A47CC7CAA6D82FDC1E2C23E4317D98C53AFFD_analysis-6.csv;user-I050582;1;1560462117;true;0.07262622948079844;0.0;Infinity;0;B
user-I050582_session-9E660CDDDD20A34952D94F30C37A47CC7CAA6D82FDC1E2C23E4317D98C53AFFD_analysis-6.csv;user-I050582;1;-819951584;true;0.23663014500166724;0.0;Infinity;0;B
user-I050582_session-9E660CDDDD20A34952D94F30C37A47CC7CAA6D82FDC1E2C23E4317D98C53AFFD_analysis-6.csv;user-I050582;1;-881011310;true;0.12463551271857809;0.0;Infinity;0;B
user-I050582_session-9E660CDDDD20A34952D94F30C37A47CC7CAA6D82FDC1E2C23E4317D98C53AFFD_analysis-6.csv;user-I050582;1;657980104;true;0.483817653776484;0.0;Infinity;0;B
user-I050582_session-9E660CDDDD20A34952D94F30C37A47CC7CAA6D82FDC1E2C23E4317D98C53AFFD_analysis-6.csv;user-I050582;2;504584635;true;0.16462722434923172;0.0;Infinity;0;B
user-I050582_session-9E660CDDDD20A34952D94F30C37A47CC7CAA6D82FDC1E2C23E4317D98C53AFFD_analysis-6.csv;user-I050582;2;504584636;true;0.44602576091891466;0.0;Infinity;0;B
user-I050582_session-9E660CDDDD20A34952D94F30C37A47CC7CAA6D82FDC1E2C23E4317D98C53AFFD_analysis-6.csv;user-I050582;2;504584637;true;0.2441227063113558;0.0;Infinity;0;B
user-I050582_session-9E660CDDDD20A34952D94F30C37A47CC7CAA6D82FDC1E2C23E4317D98C53AFFD_analysis-6.csv;user-I050582;2;504584638;true;0.10980063274322038;0.0;Infinity;0;B
user-I050582_session-9E660CDDDD20A34952D94F30C37A47CC7CAA6D82FDC1E2C23E4317D98C53AFFD_analysis-6.csv;user-I050582;2;-1897342600;true;0.21529279872752305;0.0;Infinity;0;B
user-I050582_session-9E660CDDDD20A34952D94F30C37A47CC7CAA6D82FDC1E2C23E4317D98C53AFFD_analysis-6.csv;user-I050582;2;-1897342604;true;0.4219947747989792;0.0;Infinity;0;B
user-I050582_session-9E660CDDDD20A34952D94F30C37A47CC7CAA6D82FDC1E2C23E4317D98C53AFFD_analysis-6.csv;user-I050582;2;-1831492107;true;0.10143767256674252;0.0;Infinity;0;B
user-I050582_session-9E660CDDDD20A34952D94F30C37A47CC7CAA6D82FDC1E2C23E4317D98C53AFFD_analysis-6.csv;user-I050582;2;-1897342603;true;0.13951208408150217;0.0;Infinity;0;B
user-I050582_session-9E660CDDDD20A34952D94F30C37A47CC7CAA6D82FDC1E2C23E4317D98C53AFFD_analysis-6.csv;user-I050582;2;-1831492106;true;0.1464062071611978;0.0;Infinity;0;B
user-I050582_session-9E660CDDDD20A34952D94F30C37A47CC7CAA6D82FDC1E2C23E4317D98C53AFFD_analysis-6.csv;user-I050582;2;-1897342602;true;0.2441227063113558;0.0;Infinity;0;B
user-I050582_session-9E660CDDDD20A34952D94F30C37A47CC7CAA6D82FDC1E2C23E4317D98C53AFFD_analysis-6.csv;user-I050582;2;-1831492105;true;0.1464062071611978;0.0;Infinity;0;B
user-I050582_session-9E660CDDDD20A34952D94F30C37A47CC7CAA6D82FDC1E2C23E4317D98C53AFFD_analysis-6.csv;user-I050582;2;-1897342601;true;0.3649233660190807;0.0;Infinity;0;B
user-I050582_session-9E660CDDDD20A34952D94F30C37A47CC7CAA6D82FDC1E2C23E4317D98C53AFFD_analysis-6.csv;user-I050582;2;-1897342608;true;0.12886164696414615;0.0;Infinity;0;B
user-I050582_session-9E660CDDDD20A34952D94F30C37A47CC7CAA6D82FDC1E2C23E4317D98C53AFFD_analysis-6.csv;user-I050582;2;-1897342607;true;0.06506810195931845;0.0;Infinity;0;B
user-I050582_session-9E660CDDDD20A34952D94F30C37A47CC7CAA6D82FDC1E2C23E4317D98C53AFFD_analysis-6.csv;user-I050582;2;-1897342606;true;0.46280995951460335;0.0;Infinity;0;B
user-I050582_session-9E660CDDDD20A34952D94F30C37A47CC7CAA6D82FDC1E2C23E4317D98C53AFFD_analysis-6.csv;user-I050582;2;-1897342605;true;0.4386309144422008;0.0;Infinity;0;B
user-I050582_session-9E660CDDDD20A34952D94F30C37A47CC7CAA6D82FDC1E2C23E4317D98C53AFFD_analysis-6.csv;user-I050582;2;175805190;true;0.2526986665112808;0.0;Infinity;0;B
user-I050582_session-9E660CDDDD20A34952D94F30C37A47CC7CAA6D82FDC1E2C23E4317D98C53AFFD_analysis-6.csv;user-I050582;2;175805191;true;0.038736746927466204;0.0;Infinity;0;B
user-I050582_session-9E660CDDDD20A34952D94F30C37A47CC7CAA6D82FDC1E2C23E4317D98C53AFFD_analysis-6.csv;user-I050582;2;-563747479;true;0.22662363858451928;0.0;Infinity;0;B
user-I050582_session-9E660CDDDD20A34952D94F30C37A47CC7CAA6D82FDC1E2C23E4317D98C53AFFD_analysis-6.csv;user-I050582;2;175805188;true;0.09683986196584715;0.0;Infinity;0;B
user-I050582_session-9E660CDDDD20A34952D94F30C37A47CC7CAA6D82FDC1E2C23E4317D98C53AFFD_analysis-6.csv;user-I050582;2;-563747478;true;0.3146299179015968;0.0;Infinity;0;B
user-I050582_session-9E660CDDDD20A34952D94F30C37A47CC7CAA6D82FDC1E2C23E4317D98C53AFFD_analysis-6.csv;user-I050582;2;175805189;true;0.0125799091382639;0.0;Infinity;0;B
user-I050582_session-9E660CDDDD20A34952D94F30C37A47CC7CAA6D82FDC1E2C23E4317D98C53AFFD_analysis-6.csv;user-I050582;2;-563747477;true;0.46584390020617406;0.0;Infinity;0;B
user-I050582_session-9E660CDDDD20A34952D94F30C37A47CC7CAA6D82FDC1E2C23E4317D98C53AFFD_analysis-6.csv;user-I050582;2;175805186;true;9.86991399349324E-4;0.0;Infinity;0;B
user-I050582_session-9E660CDDDD20A34952D94F30C37A47CC7CAA6D82FDC1E2C23E4317D98C53AFFD_analysis-6.csv;user-I050582;2;-563747476;true;0.42362872650229577;0.0;Infinity;0;B
user-I050582_session-9E660CDDDD20A34952D94F30C37A47CC7CAA6D82FDC1E2C23E4317D98C53AFFD_analysis-6.csv;user-I050582;2;175805187;true;0.09170768837393672;0.0;Infinity;0;B
user-I050582_session-9E660CDDDD20A34952D94F30C37A47CC7CAA6D82FDC1E2C23E4317D98C53AFFD_analysis-6.csv;user-I050582;2;-563747475;true;0.3406874346286064;0.0;Infinity;0;B
user-I050582_session-9E660CDDDD20A34952D94F30C37A47CC7CAA6D82FDC1E2C23E4317D98C53AFFD_analysis-6.csv;user-I050582;2;-563747474;true;0.2417333514153801;0.0;Infinity;0;B
user-I050582_session-9E660CDDDD20A34952D94F30C37A47CC7CAA6D82FDC1E2C23E4317D98C53AFFD_analysis-6.csv;user-I050582;2;175805185;true;0.03387834227322184;0.0;Infinity;0;B
user-I050582_session-9E660CDDDD20A34952D94F30C37A47CC7CAA6D82FDC1E2C23E4317D98C53AFFD_analysis-6.csv;user-I050582;2;-563747473;true;0.4176574524006138;0.0;Infinity;0;B
user-I050582_session-9E660CDDDD20A34952D94F30C37A47CC7CAA6D82FDC1E2C23E4317D98C53AFFD_analysis-6.csv;user-I050582;2;175805192;true;0.044865571419259176;0.0;Infinity;0;B
user-I050582_session-9E660CDDDD20A34952D94F30C37A47CC7CAA6D82FDC1E2C23E4317D98C53AFFD_analysis-6.csv;user-I050582;2;175805193;true;0.4430091403854496;0.0;Infinity;0;B
user-I050582_session-9E660CDDDD20A34952D94F30C37A47CC7CAA6D82FDC1E2C23E4317D98C53AFFD_analysis-6.csv;user-I050582;2;-1170705781;true;0.4190093300866182;0.0;Infinity;0;B
user-I050582_session-9E660CDDDD20A34952D94F30C37A47CC7CAA6D82FDC1E2C23E4317D98C53AFFD_analysis-6.csv;user-I050582;2;-1831493624;true;0.32680046706149224;0.0;Infinity;0;B
user-I050582_session-9E660CDDDD20A34952D94F30C37A47CC7CAA6D82FDC1E2C23E4317D98C53AFFD_analysis-6.csv;user-I050582;2;-1170705782;true;0.2892207206814834;0.0;Infinity;0;B
user-I050582_session-9E660CDDDD20A34952D94F30C37A47CC7CAA6D82FDC1E2C23E4317D98C53AFFD_analysis-6.csv;user-I050582;2;-1831493623;true;0.35763984813257343;0.0;Infinity;0;B
user-I050582_session-9E660CDDDD20A34952D94F30C37A47CC7CAA6D82FDC1E2C23E4317D98C53AFFD_analysis-6.csv;user-I050582;2;-1170705783;true;0.26618821830917805;0.0;Infinity;0;B
user-I050582_session-9E660CDDDD20A34952D94F30C37A47CC7CAA6D82FDC1E2C23E4317D98C53AFFD_analysis-6.csv;user-I050582;2;-1831493622;true;0.13951208408150217;0.0;Infinity;0;B
user-I050582_session-9E660CDDDD20A34952D94F30C37A47CC7CAA6D82FDC1E2C23E4317D98C53AFFD_analysis-6.csv;user-I050582;2;-1170705784;true;0.31858048653660553;0.0;Infinity;0;B
user-I050582_session-9E660CDDDD20A34952D94F30C37A47CC7CAA6D82FDC1E2C23E4317D98C53AFFD_analysis-6.csv;user-I050582;2;-1831493621;true;0.1263951375657848;0.0;Infinity;0;B
user-I050582_session-9E660CDDDD20A34952D94F30C37A47CC7CAA6D82FDC1E2C23E4317D98C53AFFD_analysis-6.csv;user-I050582;2;-1831493619;true;0.15716959356204208;0.0;Infinity;0;B
user-I050582_session-9E660CDDDD20A34952D94F30C37A47CC7CAA6D82FDC1E2C23E4317D98C53AFFD_analysis-6.csv;user-I050582;2;-1831493618;true;0.20965033520039644;0.0;Infinity;0;B
user-I050582_session-9E660CDDDD20A34952D94F30C37A47CC7CAA6D82FDC1E2C23E4317D98C53AFFD_analysis-6.csv;user-I050582;2;-1831493617;true;0.13284215230834273;0.0;Infinity;0;B
user-I050582_session-9E660CDDDD20A34952D94F30C37A47CC7CAA6D82FDC1E2C23E4317D98C53AFFD_analysis-6.csv;user-I050582;2;-1170705789;true;0.016190391577483476;0.0;Infinity;0;B
user-I050582_session-9E660CDDDD20A34952D94F30C37A47CC7CAA6D82FDC1E2C23E4317D98C53AFFD_analysis-6.csv;user-I050582;2;-563747471;true;0.16002644875958882;0.0;Infinity;0;B
user-I050582_session-9E660CDDDD20A34952D94F30C37A47CC7CAA6D82FDC1E2C23E4317D98C53AFFD_analysis-6.csv;user-I050582;2;-563747472;true;0.1822306460895846;0.0;Infinity;0;B
user-I050582_session-9E660CDDDD20A34952D94F30C37A47CC7CAA6D82FDC1E2C23E4317D98C53AFFD_analysis-6.csv;user-I050582;2;-1170705785;true;0.19999512337315595;0.0;Infinity;0;B
user-I050582_session-9E660CDDDD20A34952D94F30C37A47CC7CAA6D82FDC1E2C23E4317D98C53AFFD_analysis-6.csv;user-I050582;2;-1170705786;true;0.39691569099785096;0.0;Infinity;0;B
user-I050582_session-9E660CDDDD20A34952D94F30C37A47CC7CAA6D82FDC1E2C23E4317D98C53AFFD_analysis-6.csv;user-I050582;2;-1170705787;true;0.19882860845407246;0.0;Infinity;0;B
user-I050582_session-9E660CDDDD20A34952D94F30C37A47CC7CAA6D82FDC1E2C23E4317D98C53AFFD_analysis-6.csv;user-I050582;2;-1170705788;true;0.050153309916577515;0.0;Infinity;0;B
user-I050582_session-9E660CDDDD20A34952D94F30C37A47CC7CAA6D82FDC1E2C23E4317D98C53AFFD_analysis-6.csv;user-I050582;2;-1831493625;true;0.3450283553417681;0.0;Infinity;0;B
user-I050582_session-9E660CDDDD20A34952D94F30C37A47CC7CAA6D82FDC1E2C23E4317D98C53AFFD_analysis-6.csv;user-I050582;2;-827732520;true;0.29183661297880537;0.0;Infinity;0;B
user-I050582_session-9E660CDDDD20A34952D94F30C37A47CC7CAA6D82FDC1E2C23E4317D98C53AFFD_analysis-6.csv;user-I050582;2;-827732525;true;0.10009020162830651;0.0;Infinity;0;B
user-I050582_session-9E660CDDDD20A34952D94F30C37A47CC7CAA6D82FDC1E2C23E4317D98C53AFFD_analysis-6.csv;user-I050582;2;-827732526;true;0.23464206424615763;0.0;Infinity;0;B
user-I050582_session-9E660CDDDD20A34952D94F30C37A47CC7CAA6D82FDC1E2C23E4317D98C53AFFD_analysis-6.csv;user-I050582;2;-827732527;true;0.1464062071611978;0.0;Infinity;0;B
user-I050582_session-9E660CDDDD20A34952D94F30C37A47CC7CAA6D82FDC1E2C23E4317D98C53AFFD_analysis-6.csv;user-I050582;2;-827732522;true;0.10555927099983364;0.0;Infinity;0;B
user-I050582_session-9E660CDDDD20A34952D94F30C37A47CC7CAA6D82FDC1E2C23E4317D98C53AFFD_analysis-6.csv;user-I050582;2;-827732524;true;0.15352541359622363;0.0;Infinity;0;B
user-I050582_session-9E660CDDDD20A34952D94F30C37A47CC7CAA6D82FDC1E2C23E4317D98C53AFFD_analysis-6.csv;user-I050582;2;-1897341090;true;0.25136654552934246;0.0;Infinity;0;B
user-I050582_session-9E660CDDDD20A34952D94F30C37A47CC7CAA6D82FDC1E2C23E4317D98C53AFFD_analysis-6.csv;user-I050582;2;-1897341089;true;0.1723103991546011;0.0;Infinity;0;B
user-I050582_session-9E660CDDDD20A34952D94F30C37A47CC7CAA6D82FDC1E2C23E4317D98C53AFFD_analysis-6.csv;user-I050582;2;175806703;true;0.17142832081044146;0.0;Infinity;0;B
user-I050582_session-9E660CDDDD20A34952D94F30C37A47CC7CAA6D82FDC1E2C23E4317D98C53AFFD_analysis-6.csv;user-I050582;2;-563745961;true;0.2611989395788519;0.0;Infinity;0;B
user-I050582_session-9E660CDDDD20A34952D94F30C37A47CC7CAA6D82FDC1E2C23E4317D98C53AFFD_analysis-6.csv;user-I050582;2;-1897341088;true;0.4296175905825024;0.0;Infinity;0;B
user-I050582_session-9E660CDDDD20A34952D94F30C37A47CC7CAA6D82FDC1E2C23E4317D98C53AFFD_analysis-6.csv;user-I050582;2;-563745959;true;0.3982508457394188;0.0;Infinity;0;B
user-I050582_session-9E660CDDDD20A34952D94F30C37A47CC7CAA6D82FDC1E2C23E4317D98C53AFFD_analysis-6.csv;user-I050582;2;-563745960;true;0.4339797650512187;0.0;Infinity;0;B
user-I050582_session-9E660CDDDD20A34952D94F30C37A47CC7CAA6D82FDC1E2C23E4317D98C53AFFD_analysis-6.csv;user-I050582;2;-1170704271;true;0.12410762352729399;0.0;Infinity;0;B
user-I050582_session-9E660CDDDD20A34952D94F30C37A47CC7CAA6D82FDC1E2C23E4317D98C53AFFD_analysis-6.csv;user-I050582;2;-1170704269;true;0.22308313982653827;0.0;Infinity;0;B
user-I050582_session-9E660CDDDD20A34952D94F30C37A47CC7CAA6D82FDC1E2C23E4317D98C53AFFD_analysis-6.csv;user-I050582;2;-1170704270;true;0.29064937621354625;0.0;Infinity;0;B
user-I050582_session-9E660CDDDD20A34952D94F30C37A47CC7CAA6D82FDC1E2C23E4317D98C53AFFD_analysis-6.csv;user-I050582;2;504586153;true;0.3240508663291921;0.0;Infinity;0;B
user-I050582_session-9E660CDDDD20A34952D94F30C37A47CC7CAA6D82FDC1E2C23E4317D98C53AFFD_analysis-6.csv;user-I050582;2;504584642;true;0.2892207206814834;0.0;Infinity;0;B
user-I050582_session-9E660CDDDD20A34952D94F30C37A47CC7CAA6D82FDC1E2C23E4317D98C53AFFD_analysis-6.csv;user-I050582;2;504584641;true;0.4130525760476197;0.0;Infinity;0;B
user-I050582_session-9E660CDDDD20A34952D94F30C37A47CC7CAA6D82FDC1E2C23E4317D98C53AFFD_analysis-6.csv;user-I050582;2;504586155;true;0.48850750945551047;0.0;Infinity;0;B
user-I050582_session-9E660CDDDD20A34952D94F30C37A47CC7CAA6D82FDC1E2C23E4317D98C53AFFD_analysis-6.csv;user-I050582;2;504584640;true;0.24303795675309403;0.0;Infinity;0;B
user-I050582_session-9E660CDDDD20A34952D94F30C37A47CC7CAA6D82FDC1E2C23E4317D98C53AFFD_analysis-6.csv;user-I050582;2;504586154;true;0.1412145554183466;0.0;Infinity;0;B
user-I050582_session-9E660CDDDD20A34952D94F30C37A47CC7CAA6D82FDC1E2C23E4317D98C53AFFD_analysis-6.csv;user-I050582;2;175806704;true;0.21753229860676704;0.0;Infinity;0;B
user-I050582_session-9E660CDDDD20A34952D94F30C37A47CC7CAA6D82FDC1E2C23E4317D98C53AFFD_analysis-6.csv;user-I050582;2;175806705;true;0.27007940652489615;0.0;Infinity;0;B
user-I050582_session-9E660CDDDD20A34952D94F30C37A47CC7CAA6D82FDC1E2C23E4317D98C53AFFD_analysis-6.csv;user-I050582;3;-1170704271;true;0.1269209547448058;0.0;Infinity;0;B
user-I050582_session-9E660CDDDD20A34952D94F30C37A47CC7CAA6D82FDC1E2C23E4317D98C53AFFD_analysis-6.csv;user-I050582;3;-1170705781;true;0.33822170684106934;0.0;Infinity;0;B
user-I050582_session-9E660CDDDD20A34952D94F30C37A47CC7CAA6D82FDC1E2C23E4317D98C53AFFD_analysis-6.csv;user-I050582;3;-1170705784;true;0.2346108360810203;0.0;Infinity;0;B
