session ;user;query position;cell hashcode;novelty;outlierness;relevance;surprise;query label;session label
user-I050582_session-9E660CDDDD20A34952D94F30C37A47CC7CAA6D82FDC1E2C23E4317D98C53AFFD_analysis-1.csv;user-I050582;1;802856382;true;0.32553481894224356;0.0;Infinity;0;A
user-I050582_session-9E660CDDDD20A34952D94F30C37A47CC7CAA6D82FDC1E2C23E4317D98C53AFFD_analysis-1.csv;user-I050582;1;-1238681375;true;0.1566039813680542;0.0;Infinity;0;A
user-I050582_session-9E660CDDDD20A34952D94F30C37A47CC7CAA6D82FDC1E2C23E4317D98C53AFFD_analysis-1.csv;user-I050582;1;1855846717;true;0.07461635065851713;0.0;Infinity;0;A
user-I050582_session-9E660CDDDD20A34952D94F30C37A47CC7CAA6D82FDC1E2C23E4317D98C53AFFD_analysis-1.csv;user-I050582;1;323866424;true;0.14746345215457923;0.0;Infinity;0;A
user-I050582_session-9E660CDDDD20A34952D94F30C37A47CC7CAA6D82FDC1E2C23E4317D98C53AFFD_analysis-1.csv;user-I050582;1;-801358161;true;0.20821745155126026;0.0;Infinity;0;A
user-I050582_session-9E660CDDDD20A34952D94F30C37A47CC7CAA6D82FDC1E2C23E4317D98C53AFFD_analysis-1.csv;user-I050582;1;1174780999;true;0.19305190373008374;0.0;Infinity;0;A
user-I050582_session-9E660CDDDD20A34952D94F30C37A47CC7CAA6D82FDC1E2C23E4317D98C53AFFD_analysis-1.csv;user-I050582;1;797938978;true;0.2800519515552433;0.0;Infinity;0;A
user-I050582_session-9E660CDDDD20A34952D94F30C37A47CC7CAA6D82FDC1E2C23E4317D98C53AFFD_analysis-1.csv;user-I050582;1;-1071851465;true;0.026643215253953967;0.0;Infinity;0;A
user-I050582_session-9E660CDDDD20A34952D94F30C37A47CC7CAA6D82FDC1E2C23E4317D98C53AFFD_analysis-1.csv;user-I050582;1;1838464897;true;0.009690040396476474;0.0;Infinity;0;A
user-I050582_session-9E660CDDDD20A34952D94F30C37A47CC7CAA6D82FDC1E2C23E4317D98C53AFFD_analysis-1.csv;user-I050582;1;2101206485;true;0.3909573171444297;0.0;Infinity;0;A
user-I050582_session-9E660CDDDD20A34952D94F30C37A47CC7CAA6D82FDC1E2C23E4317D98C53AFFD_analysis-1.csv;user-I050582;1;-1124767660;true;0.23605186250399002;0.0;Infinity;0;A
user-I050582_session-9E660CDDDD20A34952D94F30C37A47CC7CAA6D82FDC1E2C23E4317D98C53AFFD_analysis-1.csv;user-I050582;1;1093652438;true;0.2718240563694613;0.0;Infinity;0;A
user-I050582_session-9E660CDDDD20A34952D94F30C37A47CC7CAA6D82FDC1E2C23E4317D98C53AFFD_analysis-1.csv;user-I050582;1;1485245684;true;0.06904880129464941;0.0;Infinity;0;A
user-I050582_session-9E660CDDDD20A34952D94F30C37A47CC7CAA6D82FDC1E2C23E4317D98C53AFFD_analysis-1.csv;user-I050582;1;1675533724;true;0.38669756520891374;0.0;Infinity;0;A
user-I050582_session-9E660CDDDD20A34952D94F30C37A47CC7CAA6D82FDC1E2C23E4317D98C53AFFD_analysis-1.csv;user-I050582;1;524511983;true;0.1560441439418403;0.0;Infinity;0;A
user-I050582_session-9E660CDDDD20A34952D94F30C37A47CC7CAA6D82FDC1E2C23E4317D98C53AFFD_analysis-1.csv;user-I050582;1;14969309;true;0.4737393832818696;0.0;Infinity;0;A
user-I050582_session-9E660CDDDD20A34952D94F30C37A47CC7CAA6D82FDC1E2C23E4317D98C53AFFD_analysis-1.csv;user-I050582;1;-1349187308;true;0.17945599759134656;0.0;Infinity;0;A
user-I050582_session-9E660CDDDD20A34952D94F30C37A47CC7CAA6D82FDC1E2C23E4317D98C53AFFD_analysis-1.csv;user-I050582;1;1828958527;true;0.2169099526106929;0.0;Infinity;0;A
user-I050582_session-9E660CDDDD20A34952D94F30C37A47CC7CAA6D82FDC1E2C23E4317D98C53AFFD_analysis-1.csv;user-I050582;1;-1494414203;true;0.4640593262228575;0.0;Infinity;0;A
user-I050582_session-9E660CDDDD20A34952D94F30C37A47CC7CAA6D82FDC1E2C23E4317D98C53AFFD_analysis-1.csv;user-I050582;1;1118071845;true;0.23792897234902133;0.0;Infinity;0;A
user-I050582_session-9E660CDDDD20A34952D94F30C37A47CC7CAA6D82FDC1E2C23E4317D98C53AFFD_analysis-1.csv;user-I050582;1;-2139761238;true;0.11305476537810044;0.0;Infinity;0;A
user-I050582_session-9E660CDDDD20A34952D94F30C37A47CC7CAA6D82FDC1E2C23E4317D98C53AFFD_analysis-1.csv;user-I050582;1;-2094978672;true;0.13451519028641545;0.0;Infinity;0;A
user-I050582_session-9E660CDDDD20A34952D94F30C37A47CC7CAA6D82FDC1E2C23E4317D98C53AFFD_analysis-1.csv;user-I050582;1;-1398927799;true;0.16055393145019947;0.0;Infinity;0;A
user-I050582_session-9E660CDDDD20A34952D94F30C37A47CC7CAA6D82FDC1E2C23E4317D98C53AFFD_analysis-1.csv;user-I050582;1;-2020583343;true;0.2772821788454478;0.0;Infinity;0;A
user-I050582_session-9E660CDDDD20A34952D94F30C37A47CC7CAA6D82FDC1E2C23E4317D98C53AFFD_analysis-1.csv;user-I050582;1;1118932130;true;0.15379018324404714;0.0;Infinity;0;A
user-I050582_session-9E660CDDDD20A34952D94F30C37A47CC7CAA6D82FDC1E2C23E4317D98C53AFFD_analysis-1.csv;user-I050582;1;-2139773731;true;0.49641447441183173;0.0;Infinity;0;A
user-I050582_session-9E660CDDDD20A34952D94F30C37A47CC7CAA6D82FDC1E2C23E4317D98C53AFFD_analysis-1.csv;user-I050582;1;1530818752;true;0.26569377267308625;0.0;Infinity;0;A
user-I050582_session-9E660CDDDD20A34952D94F30C37A47CC7CAA6D82FDC1E2C23E4317D98C53AFFD_analysis-1.csv;user-I050582;1;-1032655259;true;0.49857844672850826;0.0;Infinity;0;A
user-I050582_session-9E660CDDDD20A34952D94F30C37A47CC7CAA6D82FDC1E2C23E4317D98C53AFFD_analysis-1.csv;user-I050582;1;2115011341;true;0.17376221251593948;0.0;Infinity;0;A
user-I050582_session-9E660CDDDD20A34952D94F30C37A47CC7CAA6D82FDC1E2C23E4317D98C53AFFD_analysis-1.csv;user-I050582;1;-202348126;true;0.01845745893038664;0.0;Infinity;0;A
user-I050582_session-9E660CDDDD20A34952D94F30C37A47CC7CAA6D82FDC1E2C23E4317D98C53AFFD_analysis-1.csv;user-I050582;1;2020521674;true;0.18681767310924424;0.0;Infinity;0;A
user-I050582_session-9E660CDDDD20A34952D94F30C37A47CC7CAA6D82FDC1E2C23E4317D98C53AFFD_analysis-1.csv;user-I050582;1;146528472;true;0.33981674159380515;0.0;Infinity;0;A
user-I050582_session-9E660CDDDD20A34952D94F30C37A47CC7CAA6D82FDC1E2C23E4317D98C53AFFD_analysis-1.csv;user-I050582;1;1608139620;true;0.2950558787449098;0.0;Infinity;0;A
user-I050582_session-9E660CDDDD20A34952D94F30C37A47CC7CAA6D82FDC1E2C23E4317D98C53AFFD_analysis-1.csv;user-I050582;1;-1291923975;true;0.13483609251483974;0.0;Infinity;0;A
user-I050582_session-9E660CDDDD20A34952D94F30C37A47CC7CAA6D82FDC1E2C23E4317D98C53AFFD_analysis-1.csv;user-I050582;1;-75872480;true;0.24693343296614956;0.0;Infinity;0;A
user-I050582_session-9E660CDDDD20A34952D94F30C37A47CC7CAA6D82FDC1E2C23E4317D98C53AFFD_analysis-1.csv;user-I050582;1;-646098478;true;0.2672854198733411;0.0;Infinity;0;A
user-I050582_session-9E660CDDDD20A34952D94F30C37A47CC7CAA6D82FDC1E2C23E4317D98C53AFFD_analysis-1.csv;user-I050582;1;1269197454;true;0.26550365988058755;0.0;Infinity;0;A
user-I050582_session-9E660CDDDD20A34952D94F30C37A47CC7CAA6D82FDC1E2C23E4317D98C53AFFD_analysis-1.csv;user-I050582;2;-1886832398;true;0.41486202775106373;0.0;Infinity;0;A
user-I050582_session-9E660CDDDD20A34952D94F30C37A47CC7CAA6D82FDC1E2C23E4317D98C53AFFD_analysis-1.csv;user-I050582;2;-147964646;true;0.4462969821260989;0.0;Infinity;0;A
user-I050582_session-9E660CDDDD20A34952D94F30C37A47CC7CAA6D82FDC1E2C23E4317D98C53AFFD_analysis-1.csv;user-I050582;2;1957079340;true;0.003661206099634162;0.0;Infinity;0;A
user-I050582_session-9E660CDDDD20A34952D94F30C37A47CC7CAA6D82FDC1E2C23E4317D98C53AFFD_analysis-1.csv;user-I050582;2;1534516602;true;0.44440558171039235;0.0;Infinity;0;A
user-I050582_session-9E660CDDDD20A34952D94F30C37A47CC7CAA6D82FDC1E2C23E4317D98C53AFFD_analysis-1.csv;user-I050582;2;-959963162;true;0.17350545792193017;0.0;Infinity;0;A
user-I050582_session-9E660CDDDD20A34952D94F30C37A47CC7CAA6D82FDC1E2C23E4317D98C53AFFD_analysis-1.csv;user-I050582;2;-147104361;true;0.1707924082877783;0.0;Infinity;0;A
user-I050582_session-9E660CDDDD20A34952D94F30C37A47CC7CAA6D82FDC1E2C23E4317D98C53AFFD_analysis-1.csv;user-I050582;2;-1372345216;true;0.030480722538082983;0.0;Infinity;0;A
user-I050582_session-9E660CDDDD20A34952D94F30C37A47CC7CAA6D82FDC1E2C23E4317D98C53AFFD_analysis-1.csv;user-I050582;2;-825278778;true;0.04579010826378904;0.0;Infinity;0;A
user-I050582_session-9E660CDDDD20A34952D94F30C37A47CC7CAA6D82FDC1E2C23E4317D98C53AFFD_analysis-1.csv;user-I050582;2;-1862412991;true;0.27458630883839574;0.0;Infinity;0;A
user-I050582_session-9E660CDDDD20A34952D94F30C37A47CC7CAA6D82FDC1E2C23E4317D98C53AFFD_analysis-1.csv;user-I050582;2;889157074;true;0.3080034497577767;0.0;Infinity;0;A
user-I050582_session-9E660CDDDD20A34952D94F30C37A47CC7CAA6D82FDC1E2C23E4317D98C53AFFD_analysis-1.csv;user-I050582;2;-1449666084;true;0.16708183624081374;0.0;Infinity;0;A
user-I050582_session-9E660CDDDD20A34952D94F30C37A47CC7CAA6D82FDC1E2C23E4317D98C53AFFD_analysis-1.csv;user-I050582;2;-468097513;true;0.47189379767651285;0.0;Infinity;0;A
user-I050582_session-9E660CDDDD20A34952D94F30C37A47CC7CAA6D82FDC1E2C23E4317D98C53AFFD_analysis-1.csv;user-I050582;2;513124299;true;0.3353788078601251;0.0;Infinity;0;A
user-I050582_session-9E660CDDDD20A34952D94F30C37A47CC7CAA6D82FDC1E2C23E4317D98C53AFFD_analysis-1.csv;user-I050582;2;-463180109;true;0.4765906422067654;0.0;Infinity;0;A
user-I050582_session-9E660CDDDD20A34952D94F30C37A47CC7CAA6D82FDC1E2C23E4317D98C53AFFD_analysis-1.csv;user-I050582;2;-1861552706;true;0.21650253465288238;0.0;Infinity;0;A
user-I050582_session-9E660CDDDD20A34952D94F30C37A47CC7CAA6D82FDC1E2C23E4317D98C53AFFD_analysis-1.csv;user-I050582;2;-1805703837;true;0.17679711204977555;0.0;Infinity;0;A
user-I050582_session-9E660CDDDD20A34952D94F30C37A47CC7CAA6D82FDC1E2C23E4317D98C53AFFD_analysis-1.csv;user-I050582;2;-942170067;true;0.24982362238770783;0.0;Infinity;0;A
user-I050582_session-9E660CDDDD20A34952D94F30C37A47CC7CAA6D82FDC1E2C23E4317D98C53AFFD_analysis-1.csv;user-I050582;2;2117338842;true;0.4993438525468029;0.0;Infinity;0;A
user-I050582_session-9E660CDDDD20A34952D94F30C37A47CC7CAA6D82FDC1E2C23E4317D98C53AFFD_analysis-1.csv;user-I050582;2;848974850;true;0.244532740259227;0.0;Infinity;0;A
user-I050582_session-9E660CDDDD20A34952D94F30C37A47CC7CAA6D82FDC1E2C23E4317D98C53AFFD_analysis-1.csv;user-I050582;2;-91255492;true;0.14883544446078956;0.0;Infinity;0;A
user-I050582_session-9E660CDDDD20A34952D94F30C37A47CC7CAA6D82FDC1E2C23E4317D98C53AFFD_analysis-1.csv;user-I050582;2;-1711287382;true;0.13951812450836387;0.0;Infinity;0;A
user-I050582_session-9E660CDDDD20A34952D94F30C37A47CC7CAA6D82FDC1E2C23E4317D98C53AFFD_analysis-1.csv;user-I050582;2;-706100883;true;0.15081772127848114;0.0;Infinity;0;A
user-I050582_session-9E660CDDDD20A34952D94F30C37A47CC7CAA6D82FDC1E2C23E4317D98C53AFFD_analysis-1.csv;user-I050582;2;-172384053;true;0.3474780832667562;0.0;Infinity;0;A
user-I050582_session-9E660CDDDD20A34952D94F30C37A47CC7CAA6D82FDC1E2C23E4317D98C53AFFD_analysis-1.csv;user-I050582;2;-1142019939;true;0.4907526303068781;0.0;Infinity;0;A
user-I050582_session-9E660CDDDD20A34952D94F30C37A47CC7CAA6D82FDC1E2C23E4317D98C53AFFD_analysis-1.csv;user-I050582;2;-179931743;true;0.32211192734778793;0.0;Infinity;0;A
user-I050582_session-9E660CDDDD20A34952D94F30C37A47CC7CAA6D82FDC1E2C23E4317D98C53AFFD_analysis-1.csv;user-I050582;2;-1304951112;true;0.42681917935481084;0.0;Infinity;0;A
user-I050582_session-9E660CDDDD20A34952D94F30C37A47CC7CAA6D82FDC1E2C23E4317D98C53AFFD_analysis-1.csv;user-I050582;2;-1468384617;true;0.05943984476817843;0.0;Infinity;0;A
user-I050582_session-9E660CDDDD20A34952D94F30C37A47CC7CAA6D82FDC1E2C23E4317D98C53AFFD_analysis-1.csv;user-I050582;2;-2067394652;true;0.31735936703221923;0.0;Infinity;0;A
user-I050582_session-9E660CDDDD20A34952D94F30C37A47CC7CAA6D82FDC1E2C23E4317D98C53AFFD_analysis-1.csv;user-I050582;2;668383982;true;0.14203509577124906;0.0;Infinity;0;A
user-I050582_session-9E660CDDDD20A34952D94F30C37A47CC7CAA6D82FDC1E2C23E4317D98C53AFFD_analysis-1.csv;user-I050582;2;1996275546;true;0.43036777881930055;0.0;Infinity;0;A
user-I050582_session-9E660CDDDD20A34952D94F30C37A47CC7CAA6D82FDC1E2C23E4317D98C53AFFD_analysis-1.csv;user-I050582;2;589810226;true;0.14161717184556777;0.0;Infinity;0;A
user-I050582_session-9E660CDDDD20A34952D94F30C37A47CC7CAA6D82FDC1E2C23E4317D98C53AFFD_analysis-1.csv;user-I050582;2;189714800;true;0.251176951236761;0.0;Infinity;0;A
user-I050582_session-9E660CDDDD20A34952D94F30C37A47CC7CAA6D82FDC1E2C23E4317D98C53AFFD_analysis-1.csv;user-I050582;2;-1151526309;true;0.07624340782220962;0.0;Infinity;0;A
user-I050582_session-9E660CDDDD20A34952D94F30C37A47CC7CAA6D82FDC1E2C23E4317D98C53AFFD_analysis-1.csv;user-I050582;2;1638348884;true;0.38609761411763244;0.0;Infinity;0;A
user-I050582_session-9E660CDDDD20A34952D94F30C37A47CC7CAA6D82FDC1E2C23E4317D98C53AFFD_analysis-1.csv;user-I050582;2;1838994443;true;0.1416768242054104;0.0;Infinity;0;A
user-I050582_session-9E660CDDDD20A34952D94F30C37A47CC7CAA6D82FDC1E2C23E4317D98C53AFFD_analysis-1.csv;user-I050582;2;-741524508;true;0.14431838485581683;0.0;Infinity;0;A
user-I050582_session-9E660CDDDD20A34952D94F30C37A47CC7CAA6D82FDC1E2C23E4317D98C53AFFD_analysis-1.csv;user-I050582;2;1329451769;true;0.22023619166374364;0.0;Infinity;0;A
user-I050582_session-9E660CDDDD20A34952D94F30C37A47CC7CAA6D82FDC1E2C23E4317D98C53AFFD_analysis-1.csv;user-I050582;2;1008347462;true;0.17459831572332685;0.0;Infinity;0;A
user-I050582_session-9E660CDDDD20A34952D94F30C37A47CC7CAA6D82FDC1E2C23E4317D98C53AFFD_analysis-1.csv;user-I050582;2;754485183;true;0.20878371997109246;0.0;Infinity;0;A
user-I050582_session-9E660CDDDD20A34952D94F30C37A47CC7CAA6D82FDC1E2C23E4317D98C53AFFD_analysis-1.csv;user-I050582;2;1112134334;true;0.01191537358280581;0.0;Infinity;0;A
user-I050582_session-9E660CDDDD20A34952D94F30C37A47CC7CAA6D82FDC1E2C23E4317D98C53AFFD_analysis-1.csv;user-I050582;2;-1124638119;true;0.15007231742354699;0.0;Infinity;0;A
user-I050582_session-9E660CDDDD20A34952D94F30C37A47CC7CAA6D82FDC1E2C23E4317D98C53AFFD_analysis-1.csv;user-I050582;2;1679743497;true;0.14846571476525905;0.0;Infinity;0;A
user-I050582_session-9E660CDDDD20A34952D94F30C37A47CC7CAA6D82FDC1E2C23E4317D98C53AFFD_analysis-1.csv;user-I050582;2;-1341908971;true;0.45267644628114234;0.0;Infinity;0;A
user-I050582_session-9E660CDDDD20A34952D94F30C37A47CC7CAA6D82FDC1E2C23E4317D98C53AFFD_analysis-1.csv;user-I050582;2;562922036;true;0.33128248760953416;0.0;Infinity;0;A
user-I050582_session-9E660CDDDD20A34952D94F30C37A47CC7CAA6D82FDC1E2C23E4317D98C53AFFD_analysis-1.csv;user-I050582;2;-1119508019;true;0.43611996269386055;0.0;Infinity;0;A
user-I050582_session-9E660CDDDD20A34952D94F30C37A47CC7CAA6D82FDC1E2C23E4317D98C53AFFD_analysis-1.csv;user-I050582;2;342103129;true;0.04490257174990986;0.0;Infinity;0;A
user-I050582_session-9E660CDDDD20A34952D94F30C37A47CC7CAA6D82FDC1E2C23E4317D98C53AFFD_analysis-1.csv;user-I050582;2;1238609980;true;0.19439925804209002;0.0;Infinity;0;A
user-I050582_session-9E660CDDDD20A34952D94F30C37A47CC7CAA6D82FDC1E2C23E4317D98C53AFFD_analysis-1.csv;user-I050582;2;835169994;true;0.4500834083323796;0.0;Infinity;0;A
user-I050582_session-9E660CDDDD20A34952D94F30C37A47CC7CAA6D82FDC1E2C23E4317D98C53AFFD_analysis-1.csv;user-I050582;2;2112421438;true;0.4971557069491954;0.0;Infinity;0;A
user-I050582_session-9E660CDDDD20A34952D94F30C37A47CC7CAA6D82FDC1E2C23E4317D98C53AFFD_analysis-1.csv;user-I050582;2;281827201;true;0.41196217882308095;0.0;Infinity;0;A
user-I050582_session-9E660CDDDD20A34952D94F30C37A47CC7CAA6D82FDC1E2C23E4317D98C53AFFD_analysis-1.csv;user-I050582;2;-865473495;true;0.17679711204977555;0.0;Infinity;0;A
user-I050582_session-9E660CDDDD20A34952D94F30C37A47CC7CAA6D82FDC1E2C23E4317D98C53AFFD_analysis-1.csv;user-I050582;2;409497233;true;0.4401021821876473;0.0;Infinity;0;A
user-I050582_session-9E660CDDDD20A34952D94F30C37A47CC7CAA6D82FDC1E2C23E4317D98C53AFFD_analysis-1.csv;user-I050582;2;889169567;true;0.020997243651699304;0.0;Infinity;0;A
user-I050582_session-9E660CDDDD20A34952D94F30C37A47CC7CAA6D82FDC1E2C23E4317D98C53AFFD_analysis-1.csv;user-I050582;2;1737006830;true;0.13989465344075924;0.0;Infinity;0;A
user-I050582_session-9E660CDDDD20A34952D94F30C37A47CC7CAA6D82FDC1E2C23E4317D98C53AFFD_analysis-1.csv;user-I050582;2;-1251067182;true;0.42942788398226484;0.0;Infinity;0;A
user-I050582_session-9E660CDDDD20A34952D94F30C37A47CC7CAA6D82FDC1E2C23E4317D98C53AFFD_analysis-1.csv;user-I050582;2;-825291271;true;0.4552052486326983;0.0;Infinity;0;A
user-I050582_session-9E660CDDDD20A34952D94F30C37A47CC7CAA6D82FDC1E2C23E4317D98C53AFFD_analysis-1.csv;user-I050582;2;572428406;true;0.3706929333636265;0.0;Infinity;0;A
user-I050582_session-9E660CDDDD20A34952D94F30C37A47CC7CAA6D82FDC1E2C23E4317D98C53AFFD_analysis-1.csv;user-I050582;2;-1912134969;true;0.15489810037019724;0.0;Infinity;0;A
user-I050582_session-9E660CDDDD20A34952D94F30C37A47CC7CAA6D82FDC1E2C23E4317D98C53AFFD_analysis-1.csv;user-I050582;2;1904163145;true;0.2708753377609652;0.0;Infinity;0;A
user-I050582_session-9E660CDDDD20A34952D94F30C37A47CC7CAA6D82FDC1E2C23E4317D98C53AFFD_analysis-1.csv;user-I050582;2;1461010932;true;0.33611841265651476;0.0;Infinity;0;A
user-I050582_session-9E660CDDDD20A34952D94F30C37A47CC7CAA6D82FDC1E2C23E4317D98C53AFFD_analysis-1.csv;user-I050582;2;-84445339;true;0.16053743909064466;0.0;Infinity;0;A
user-I050582_session-9E660CDDDD20A34952D94F30C37A47CC7CAA6D82FDC1E2C23E4317D98C53AFFD_analysis-1.csv;user-I050582;2;-879278351;true;0.4761670874124764;0.0;Infinity;0;A
user-I050582_session-9E660CDDDD20A34952D94F30C37A47CC7CAA6D82FDC1E2C23E4317D98C53AFFD_analysis-1.csv;user-I050582;2;264782261;true;0.11835323671196174;0.0;Infinity;0;A
user-I050582_session-9E660CDDDD20A34952D94F30C37A47CC7CAA6D82FDC1E2C23E4317D98C53AFFD_analysis-1.csv;user-I050582;2;22558485;true;0.1456515361806605;0.0;Infinity;0;A
user-I050582_session-9E660CDDDD20A34952D94F30C37A47CC7CAA6D82FDC1E2C23E4317D98C53AFFD_analysis-1.csv;user-I050582;2;219209193;true;0.06007128981193777;0.0;Infinity;0;A
user-I050582_session-9E660CDDDD20A34952D94F30C37A47CC7CAA6D82FDC1E2C23E4317D98C53AFFD_analysis-1.csv;user-I050582;2;242630995;true;0.021884728822876953;0.0;Infinity;0;A
user-I050582_session-9E660CDDDD20A34952D94F30C37A47CC7CAA6D82FDC1E2C23E4317D98C53AFFD_analysis-1.csv;user-I050582;2;1630003006;true;0.1820890384646774;0.0;Infinity;0;A
user-I050582_session-9E660CDDDD20A34952D94F30C37A47CC7CAA6D82FDC1E2C23E4317D98C53AFFD_analysis-1.csv;user-I050582;2;-1495239152;true;0.058595661456189885;0.0;Infinity;0;A
user-I050582_session-9E660CDDDD20A34952D94F30C37A47CC7CAA6D82FDC1E2C23E4317D98C53AFFD_analysis-1.csv;user-I050582;2;3160963;true;0.268908945703635;0.0;Infinity;0;A
user-I050582_session-9E660CDDDD20A34952D94F30C37A47CC7CAA6D82FDC1E2C23E4317D98C53AFFD_analysis-1.csv;user-I050582;2;-34704848;true;0.15995460727950905;0.0;Infinity;0;A
user-I050582_session-9E660CDDDD20A34952D94F30C37A47CC7CAA6D82FDC1E2C23E4317D98C53AFFD_analysis-1.csv;user-I050582;3;634041340;true;0.44311914717358736;0.0;Infinity;0;A
user-I050582_session-9E660CDDDD20A34952D94F30C37A47CC7CAA6D82FDC1E2C23E4317D98C53AFFD_analysis-1.csv;user-I050582;3;-894945027;true;0.32472006508742113;0.0;Infinity;0;A
user-I050582_session-9E660CDDDD20A34952D94F30C37A47CC7CAA6D82FDC1E2C23E4317D98C53AFFD_analysis-1.csv;user-I050582;3;1059714101;true;0.3967998302525517;0.0;Infinity;0;A
user-I050582_session-9E660CDDDD20A34952D94F30C37A47CC7CAA6D82FDC1E2C23E4317D98C53AFFD_analysis-1.csv;user-I050582;3;1942172300;true;0.43143185885118185;0.0;Infinity;0;A
user-I050582_session-9E660CDDDD20A34952D94F30C37A47CC7CAA6D82FDC1E2C23E4317D98C53AFFD_analysis-1.csv;user-I050582;3;-1793033923;true;0.44674718533673974;0.0;Infinity;0;A
user-I050582_session-9E660CDDDD20A34952D94F30C37A47CC7CAA6D82FDC1E2C23E4317D98C53AFFD_analysis-1.csv;user-I050582;3;1130075109;true;0.19454182568855616;0.0;Infinity;0;A
user-I050582_session-9E660CDDDD20A34952D94F30C37A47CC7CAA6D82FDC1E2C23E4317D98C53AFFD_analysis-1.csv;user-I050582;3;969589569;true;0.1966879522986269;0.0;Infinity;0;A
user-I050582_session-9E660CDDDD20A34952D94F30C37A47CC7CAA6D82FDC1E2C23E4317D98C53AFFD_analysis-1.csv;user-I050582;3;-888851077;true;0.35659216225047496;0.0;Infinity;0;A
user-I050582_session-9E660CDDDD20A34952D94F30C37A47CC7CAA6D82FDC1E2C23E4317D98C53AFFD_analysis-1.csv;user-I050582;3;-1588197685;true;0.4049905509289793;0.0;Infinity;0;A
user-I050582_session-9E660CDDDD20A34952D94F30C37A47CC7CAA6D82FDC1E2C23E4317D98C53AFFD_analysis-1.csv;user-I050582;3;2128707252;true;0.18876159321606267;0.0;Infinity;0;A
user-I050582_session-9E660CDDDD20A34952D94F30C37A47CC7CAA6D82FDC1E2C23E4317D98C53AFFD_analysis-1.csv;user-I050582;3;-1080871648;true;0.1916383617259817;0.0;Infinity;0;A
user-I050582_session-9E660CDDDD20A34952D94F30C37A47CC7CAA6D82FDC1E2C23E4317D98C53AFFD_analysis-1.csv;user-I050582;3;-793364673;true;0.22534138183799612;0.0;Infinity;0;A
user-I050582_session-9E660CDDDD20A34952D94F30C37A47CC7CAA6D82FDC1E2C23E4317D98C53AFFD_analysis-1.csv;user-I050582;3;1475812343;true;0.490122429934179;0.0;Infinity;0;A
user-I050582_session-9E660CDDDD20A34952D94F30C37A47CC7CAA6D82FDC1E2C23E4317D98C53AFFD_analysis-1.csv;user-I050582;3;133300037;true;0.2519190891110954;0.0;Infinity;0;A
user-I050582_session-9E660CDDDD20A34952D94F30C37A47CC7CAA6D82FDC1E2C23E4317D98C53AFFD_analysis-1.csv;user-I050582;3;1287356212;true;0.3800196427825424;0.0;Infinity;0;A
user-I050582_session-9E660CDDDD20A34952D94F30C37A47CC7CAA6D82FDC1E2C23E4317D98C53AFFD_analysis-1.csv;user-I050582;3;-451811699;true;0.18638473239944175;0.0;Infinity;0;A
user-I050582_session-9E660CDDDD20A34952D94F30C37A47CC7CAA6D82FDC1E2C23E4317D98C53AFFD_analysis-1.csv;user-I050582;3;1759060709;true;0.2519190891110954;0.0;Infinity;0;A
user-I050582_session-9E660CDDDD20A34952D94F30C37A47CC7CAA6D82FDC1E2C23E4317D98C53AFFD_analysis-1.csv;user-I050582;3;180237740;true;0.10940573023812683;0.0;Infinity;0;A
user-I050582_session-9E660CDDDD20A34952D94F30C37A47CC7CAA6D82FDC1E2C23E4317D98C53AFFD_analysis-1.csv;user-I050582;3;226021636;true;0.3631972881506478;0.0;Infinity;0;A
user-I050582_session-9E660CDDDD20A34952D94F30C37A47CC7CAA6D82FDC1E2C23E4317D98C53AFFD_analysis-1.csv;user-I050582;3;-1026511653;true;0.35577128382566914;0.0;Infinity;0;A
user-I050582_session-9E660CDDDD20A34952D94F30C37A47CC7CAA6D82FDC1E2C23E4317D98C53AFFD_analysis-1.csv;user-I050582;3;-1793041386;true;0.456289331847785;0.0;Infinity;0;A
user-I050582_session-9E660CDDDD20A34952D94F30C37A47CC7CAA6D82FDC1E2C23E4317D98C53AFFD_analysis-1.csv;user-I050582;3;-1842831660;true;0.4995939959605027;0.0;Infinity;0;A
user-I050582_session-9E660CDDDD20A34952D94F30C37A47CC7CAA6D82FDC1E2C23E4317D98C53AFFD_analysis-1.csv;user-I050582;3;-119109108;true;0.19444461430193405;0.0;Infinity;0;A
user-I050582_session-9E660CDDDD20A34952D94F30C37A47CC7CAA6D82FDC1E2C23E4317D98C53AFFD_analysis-1.csv;user-I050582;3;566647236;true;0.001135554248452797;0.0;Infinity;0;A
user-I050582_session-9E660CDDDD20A34952D94F30C37A47CC7CAA6D82FDC1E2C23E4317D98C53AFFD_analysis-1.csv;user-I050582;3;1480249781;true;0.41181577349286513;0.0;Infinity;0;A
user-I050582_session-9E660CDDDD20A34952D94F30C37A47CC7CAA6D82FDC1E2C23E4317D98C53AFFD_analysis-1.csv;user-I050582;3;1113713674;true;0.0025207439424809186;0.0;Infinity;0;A
user-I050582_session-9E660CDDDD20A34952D94F30C37A47CC7CAA6D82FDC1E2C23E4317D98C53AFFD_analysis-1.csv;user-I050582;3;1403502104;true;0.18196669779695385;0.0;Infinity;0;A
user-I050582_session-9E660CDDDD20A34952D94F30C37A47CC7CAA6D82FDC1E2C23E4317D98C53AFFD_analysis-1.csv;user-I050582;3;2136381878;true;0.23736371933519673;0.0;Infinity;0;A
user-I050582_session-9E660CDDDD20A34952D94F30C37A47CC7CAA6D82FDC1E2C23E4317D98C53AFFD_analysis-1.csv;user-I050582;3;996841270;true;0.36957674500282023;0.0;Infinity;0;A
user-I050582_session-9E660CDDDD20A34952D94F30C37A47CC7CAA6D82FDC1E2C23E4317D98C53AFFD_analysis-1.csv;user-I050582;3;-1946477611;true;0.4175971155694208;0.0;Infinity;0;A
user-I050582_session-9E660CDDDD20A34952D94F30C37A47CC7CAA6D82FDC1E2C23E4317D98C53AFFD_analysis-1.csv;user-I050582;3;52171476;true;0.4184571102244734;0.0;Infinity;0;A
user-I050582_session-9E660CDDDD20A34952D94F30C37A47CC7CAA6D82FDC1E2C23E4317D98C53AFFD_analysis-1.csv;user-I050582;3;-299422101;true;0.2030122831292186;0.0;Infinity;0;A
user-I050582_session-9E660CDDDD20A34952D94F30C37A47CC7CAA6D82FDC1E2C23E4317D98C53AFFD_analysis-1.csv;user-I050582;3;-238636002;true;0.48522713357793057;0.0;Infinity;0;A
user-I050582_session-9E660CDDDD20A34952D94F30C37A47CC7CAA6D82FDC1E2C23E4317D98C53AFFD_analysis-1.csv;user-I050582;3;-384463888;true;0.2256595202277476;0.0;Infinity;0;A
user-I050582_session-9E660CDDDD20A34952D94F30C37A47CC7CAA6D82FDC1E2C23E4317D98C53AFFD_analysis-1.csv;user-I050582;3;1329984457;true;0.19067646891348677;0.0;Infinity;0;A
user-I050582_session-9E660CDDDD20A34952D94F30C37A47CC7CAA6D82FDC1E2C23E4317D98C53AFFD_analysis-1.csv;user-I050582;3;-1243840510;true;5.572011778089969E-4;0.0;Infinity;0;A
user-I050582_session-9E660CDDDD20A34952D94F30C37A47CC7CAA6D82FDC1E2C23E4317D98C53AFFD_analysis-1.csv;user-I050582;3;227723955;true;0.3663509872610766;0.0;Infinity;0;A
user-I050582_session-9E660CDDDD20A34952D94F30C37A47CC7CAA6D82FDC1E2C23E4317D98C53AFFD_analysis-1.csv;user-I050582;3;-717607075;true;0.42893487169715405;0.0;Infinity;0;A
user-I050582_session-9E660CDDDD20A34952D94F30C37A47CC7CAA6D82FDC1E2C23E4317D98C53AFFD_analysis-1.csv;user-I050582;3;-821458242;true;0.32195968689980814;0.0;Infinity;0;A
user-I050582_session-9E660CDDDD20A34952D94F30C37A47CC7CAA6D82FDC1E2C23E4317D98C53AFFD_analysis-1.csv;user-I050582;3;1304704765;true;0.30840884774514365;0.0;Infinity;0;A
user-I050582_session-9E660CDDDD20A34952D94F30C37A47CC7CAA6D82FDC1E2C23E4317D98C53AFFD_analysis-1.csv;user-I050582;3;-894952490;true;0.2256595202277476;0.0;Infinity;0;A
user-I050582_session-9E660CDDDD20A34952D94F30C37A47CC7CAA6D82FDC1E2C23E4317D98C53AFFD_analysis-1.csv;user-I050582;3;687936692;true;0.37867572797174853;0.0;Infinity;0;A
user-I050582_session-9E660CDDDD20A34952D94F30C37A47CC7CAA6D82FDC1E2C23E4317D98C53AFFD_analysis-1.csv;user-I050582;3;77451168;true;0.2385915909194265;0.0;Infinity;0;A
user-I050582_session-9E660CDDDD20A34952D94F30C37A47CC7CAA6D82FDC1E2C23E4317D98C53AFFD_analysis-1.csv;user-I050582;3;-1356867546;true;0.291710915618131;0.0;Infinity;0;A
user-I050582_session-9E660CDDDD20A34952D94F30C37A47CC7CAA6D82FDC1E2C23E4317D98C53AFFD_analysis-1.csv;user-I050582;3;-1172099443;true;0.2996390581243784;0.0;Infinity;0;A
user-I050582_session-9E660CDDDD20A34952D94F30C37A47CC7CAA6D82FDC1E2C23E4317D98C53AFFD_analysis-1.csv;user-I050582;3;-519204534;true;0.33318000628967737;0.0;Infinity;0;A
user-I050582_session-9E660CDDDD20A34952D94F30C37A47CC7CAA6D82FDC1E2C23E4317D98C53AFFD_analysis-1.csv;user-I050582;3;-466288339;true;0.42699472966579843;0.0;Infinity;0;A
user-I050582_session-9E660CDDDD20A34952D94F30C37A47CC7CAA6D82FDC1E2C23E4317D98C53AFFD_analysis-1.csv;user-I050582;3;-398895504;true;6.865491398243551E-4;0.0;Infinity;0;A
user-I050582_session-9E660CDDDD20A34952D94F30C37A47CC7CAA6D82FDC1E2C23E4317D98C53AFFD_analysis-1.csv;user-I050582;3;-128383315;true;0.4731280235198556;0.0;Infinity;0;A
user-I050582_session-9E660CDDDD20A34952D94F30C37A47CC7CAA6D82FDC1E2C23E4317D98C53AFFD_analysis-1.csv;user-I050582;3;1791027806;true;0.3503913430074118;0.0;Infinity;0;A
user-I050582_session-9E660CDDDD20A34952D94F30C37A47CC7CAA6D82FDC1E2C23E4317D98C53AFFD_analysis-1.csv;user-I050582;3;-444137073;true;0.3632984884317796;0.0;Infinity;0;A
user-I050582_session-9E660CDDDD20A34952D94F30C37A47CC7CAA6D82FDC1E2C23E4317D98C53AFFD_analysis-1.csv;user-I050582;3;-2074147643;true;0.3510768059554047;0.0;Infinity;0;A
user-I050582_session-9E660CDDDD20A34952D94F30C37A47CC7CAA6D82FDC1E2C23E4317D98C53AFFD_analysis-1.csv;user-I050582;3;-427092133;true;0.36851095057583705;0.0;Infinity;0;A
user-I050582_session-9E660CDDDD20A34952D94F30C37A47CC7CAA6D82FDC1E2C23E4317D98C53AFFD_analysis-1.csv;user-I050582;3;597102366;true;0.23529538128883232;0.0;Infinity;0;A
user-I050582_session-9E660CDDDD20A34952D94F30C37A47CC7CAA6D82FDC1E2C23E4317D98C53AFFD_analysis-1.csv;user-I050582;3;1195243811;true;0.36624950239642984;0.0;Infinity;0;A
user-I050582_session-9E660CDDDD20A34952D94F30C37A47CC7CAA6D82FDC1E2C23E4317D98C53AFFD_analysis-1.csv;user-I050582;3;1904287604;true;0.22438849203626066;0.0;Infinity;0;A
user-I050582_session-9E660CDDDD20A34952D94F30C37A47CC7CAA6D82FDC1E2C23E4317D98C53AFFD_analysis-1.csv;user-I050582;3;-243553406;true;0.3171337842990818;0.0;Infinity;0;A
user-I050582_session-9E660CDDDD20A34952D94F30C37A47CC7CAA6D82FDC1E2C23E4317D98C53AFFD_analysis-1.csv;user-I050582;3;-1833557453;true;0.20823912504083508;0.0;Infinity;0;A
user-I050582_session-9E660CDDDD20A34952D94F30C37A47CC7CAA6D82FDC1E2C23E4317D98C53AFFD_analysis-1.csv;user-I050582;3;26857483;true;0.21612300523830485;0.0;Infinity;0;A
user-I050582_session-9E660CDDDD20A34952D94F30C37A47CC7CAA6D82FDC1E2C23E4317D98C53AFFD_analysis-1.csv;user-I050582;3;-1488426709;true;0.40824633224257145;0.0;Infinity;0;A
user-I050582_session-9E660CDDDD20A34952D94F30C37A47CC7CAA6D82FDC1E2C23E4317D98C53AFFD_analysis-1.csv;user-I050582;3;-2013871715;true;0.002425757360093983;0.0;Infinity;0;A
user-I050582_session-9E660CDDDD20A34952D94F30C37A47CC7CAA6D82FDC1E2C23E4317D98C53AFFD_analysis-1.csv;user-I050582;3;403215000;true;0.2478800323251087;0.0;Infinity;0;A
user-I050582_session-9E660CDDDD20A34952D94F30C37A47CC7CAA6D82FDC1E2C23E4317D98C53AFFD_analysis-1.csv;user-I050582;3;-136490928;true;0.22312153717749572;0.0;Infinity;0;A
user-I050582_session-9E660CDDDD20A34952D94F30C37A47CC7CAA6D82FDC1E2C23E4317D98C53AFFD_analysis-1.csv;user-I050582;3;1408419508;true;0.3506840333558163;0.0;Infinity;0;A
user-I050582_session-9E660CDDDD20A34952D94F30C37A47CC7CAA6D82FDC1E2C23E4317D98C53AFFD_analysis-1.csv;user-I050582;3;443753300;true;0.04086840955454274;0.0;Infinity;0;A
user-I050582_session-9E660CDDDD20A34952D94F30C37A47CC7CAA6D82FDC1E2C23E4317D98C53AFFD_analysis-1.csv;user-I050582;3;-409743580;true;0.3076633980256337;0.0;Infinity;0;A
user-I050582_session-9E660CDDDD20A34952D94F30C37A47CC7CAA6D82FDC1E2C23E4317D98C53AFFD_analysis-1.csv;user-I050582;3;-489710141;true;0.4782978200610142;0.0;Infinity;0;A
user-I050582_session-9E660CDDDD20A34952D94F30C37A47CC7CAA6D82FDC1E2C23E4317D98C53AFFD_analysis-1.csv;user-I050582;3;2090808810;true;0.46708705392086725;0.0;Infinity;0;A
user-I050582_session-9E660CDDDD20A34952D94F30C37A47CC7CAA6D82FDC1E2C23E4317D98C53AFFD_analysis-1.csv;user-I050582;3;-1347627382;true;0.24832710296137106;0.0;Infinity;0;A
user-I050582_session-9E660CDDDD20A34952D94F30C37A47CC7CAA6D82FDC1E2C23E4317D98C53AFFD_analysis-1.csv;user-I050582;3;-2136765651;true;0.056247488277074265;0.0;Infinity;0;A
user-I050582_session-9E660CDDDD20A34952D94F30C37A47CC7CAA6D82FDC1E2C23E4317D98C53AFFD_analysis-1.csv;user-I050582;3;787477565;true;0.2525689568365732;0.0;Infinity;0;A
user-I050582_session-9E660CDDDD20A34952D94F30C37A47CC7CAA6D82FDC1E2C23E4317D98C53AFFD_analysis-1.csv;user-I050582;3;1766619821;true;0.32882645846678993;0.0;Infinity;0;A
user-I050582_session-9E660CDDDD20A34952D94F30C37A47CC7CAA6D82FDC1E2C23E4317D98C53AFFD_analysis-1.csv;user-I050582;3;-1117345979;true;0.04379897452670112;0.0;Infinity;0;A
user-I050582_session-9E660CDDDD20A34952D94F30C37A47CC7CAA6D82FDC1E2C23E4317D98C53AFFD_analysis-1.csv;user-I050582;3;-1534210605;true;0.23790967342124114;0.0;Infinity;0;A
user-I050582_session-9E660CDDDD20A34952D94F30C37A47CC7CAA6D82FDC1E2C23E4317D98C53AFFD_analysis-1.csv;user-I050582;3;1499647303;true;0.20102300444762966;0.0;Infinity;0;A
user-I050582_session-9E660CDDDD20A34952D94F30C37A47CC7CAA6D82FDC1E2C23E4317D98C53AFFD_analysis-1.csv;user-I050582;3;-234198564;true;0.25031768515988606;0.0;Infinity;0;A
user-I050582_session-9E660CDDDD20A34952D94F30C37A47CC7CAA6D82FDC1E2C23E4317D98C53AFFD_analysis-1.csv;user-I050582;3;-1177016847;true;0.19747190393948644;0.0;Infinity;0;A
user-I050582_session-9E660CDDDD20A34952D94F30C37A47CC7CAA6D82FDC1E2C23E4317D98C53AFFD_analysis-1.csv;user-I050582;3;489326368;true;0.4422825730465273;0.0;Infinity;0;A
user-I050582_session-9E660CDDDD20A34952D94F30C37A47CC7CAA6D82FDC1E2C23E4317D98C53AFFD_analysis-1.csv;user-I050582;3;-1506999994;true;0.36121136968290823;0.0;Infinity;0;A
user-I050582_session-9E660CDDDD20A34952D94F30C37A47CC7CAA6D82FDC1E2C23E4317D98C53AFFD_analysis-1.csv;user-I050582;3;787485028;true;0.2403200312355721;0.0;Infinity;0;A
user-I050582_session-9E660CDDDD20A34952D94F30C37A47CC7CAA6D82FDC1E2C23E4317D98C53AFFD_analysis-1.csv;user-I050582;3;796972513;true;0.3724812445013381;0.0;Infinity;0;A
user-I050582_session-9E660CDDDD20A34952D94F30C37A47CC7CAA6D82FDC1E2C23E4317D98C53AFFD_analysis-1.csv;user-I050582;3;-1668882496;true;0.24654140215442222;0.0;Infinity;0;A
user-I050582_session-9E660CDDDD20A34952D94F30C37A47CC7CAA6D82FDC1E2C23E4317D98C53AFFD_analysis-1.csv;user-I050582;3;2117663345;true;0.28760320835078357;0.0;Infinity;0;A
user-I050582_session-9E660CDDDD20A34952D94F30C37A47CC7CAA6D82FDC1E2C23E4317D98C53AFFD_analysis-1.csv;user-I050582;3;357580799;true;0.24721023271760312;0.0;Infinity;0;A
user-I050582_session-9E660CDDDD20A34952D94F30C37A47CC7CAA6D82FDC1E2C23E4317D98C53AFFD_analysis-1.csv;user-I050582;3;1073518957;true;0.2519190891110954;0.0;Infinity;0;A
user-I050582_session-9E660CDDDD20A34952D94F30C37A47CC7CAA6D82FDC1E2C23E4317D98C53AFFD_analysis-1.csv;user-I050582;3;1232891569;true;0.20945649980586323;0.0;Infinity;0;A
user-I050582_session-9E660CDDDD20A34952D94F30C37A47CC7CAA6D82FDC1E2C23E4317D98C53AFFD_analysis-1.csv;user-I050582;3;-1520804850;true;0.41281053936799217;0.0;Infinity;0;A
user-I050582_session-9E660CDDDD20A34952D94F30C37A47CC7CAA6D82FDC1E2C23E4317D98C53AFFD_analysis-1.csv;user-I050582;3;-1687590862;true;0.19512571491144104;0.0;Infinity;0;A
user-I050582_session-9E660CDDDD20A34952D94F30C37A47CC7CAA6D82FDC1E2C23E4317D98C53AFFD_analysis-1.csv;user-I050582;3;-1783546438;true;0.2184864212155866;0.0;Infinity;0;A
user-I050582_session-9E660CDDDD20A34952D94F30C37A47CC7CAA6D82FDC1E2C23E4317D98C53AFFD_analysis-1.csv;user-I050582;3;-1450443842;true;0.19884835730847417;0.0;Infinity;0;A
user-I050582_session-9E660CDDDD20A34952D94F30C37A47CC7CAA6D82FDC1E2C23E4317D98C53AFFD_analysis-1.csv;user-I050582;3;45565849;true;0.3039480980671475;0.0;Infinity;0;A
user-I050582_session-9E660CDDDD20A34952D94F30C37A47CC7CAA6D82FDC1E2C23E4317D98C53AFFD_analysis-1.csv;user-I050582;3;-744858776;true;0.18933480761172672;0.0;Infinity;0;A
user-I050582_session-9E660CDDDD20A34952D94F30C37A47CC7CAA6D82FDC1E2C23E4317D98C53AFFD_analysis-1.csv;user-I050582;3;825597268;true;0.441897328266854;0.0;Infinity;0;A
user-I050582_session-9E660CDDDD20A34952D94F30C37A47CC7CAA6D82FDC1E2C23E4317D98C53AFFD_analysis-1.csv;user-I050582;3;-2113343849;true;0.01916815776801628;0.0;Infinity;0;A
user-I050582_session-9E660CDDDD20A34952D94F30C37A47CC7CAA6D82FDC1E2C23E4317D98C53AFFD_analysis-1.csv;user-I050582;3;921083672;true;0.26055873775024296;0.0;Infinity;0;A
user-I050582_session-9E660CDDDD20A34952D94F30C37A47CC7CAA6D82FDC1E2C23E4317D98C53AFFD_analysis-1.csv;user-I050582;3;-676231347;true;0.205615845161234;0.0;Infinity;0;A
user-I050582_session-9E660CDDDD20A34952D94F30C37A47CC7CAA6D82FDC1E2C23E4317D98C53AFFD_analysis-1.csv;user-I050582;3;1248160006;true;0.47565871829684825;0.0;Infinity;0;A
user-I050582_session-9E660CDDDD20A34952D94F30C37A47CC7CAA6D82FDC1E2C23E4317D98C53AFFD_analysis-1.csv;user-I050582;3;1791899513;true;0.20884728980676948;0.0;Infinity;0;A
user-I050582_session-9E660CDDDD20A34952D94F30C37A47CC7CAA6D82FDC1E2C23E4317D98C53AFFD_analysis-1.csv;user-I050582;3;1847748382;true;0.20621946994997242;0.0;Infinity;0;A
user-I050582_session-9E660CDDDD20A34952D94F30C37A47CC7CAA6D82FDC1E2C23E4317D98C53AFFD_analysis-1.csv;user-I050582;3;819495855;true;0.18761837744104626;0.0;Infinity;0;A
user-I050582_session-9E660CDDDD20A34952D94F30C37A47CC7CAA6D82FDC1E2C23E4317D98C53AFFD_analysis-1.csv;user-I050582;3;819503318;true;0.4790344884310652;0.0;Infinity;0;A
user-I050582_session-9E660CDDDD20A34952D94F30C37A47CC7CAA6D82FDC1E2C23E4317D98C53AFFD_analysis-1.csv;user-I050582;3;-1466805277;true;5.482494496982238E-4;0.0;Infinity;0;A
user-I050582_session-9E660CDDDD20A34952D94F30C37A47CC7CAA6D82FDC1E2C23E4317D98C53AFFD_analysis-1.csv;user-I050582;3;-1850939273;true;0.2366262883488992;0.0;Infinity;0;A
user-I050582_session-9E660CDDDD20A34952D94F30C37A47CC7CAA6D82FDC1E2C23E4317D98C53AFFD_analysis-1.csv;user-I050582;3;76579461;true;0.4082787479201635;0.0;Infinity;0;A
user-I050582_session-9E660CDDDD20A34952D94F30C37A47CC7CAA6D82FDC1E2C23E4317D98C53AFFD_analysis-1.csv;user-I050582;3;-2091192583;true;0.2120842679522631;0.0;Infinity;0;A
user-I050582_session-9E660CDDDD20A34952D94F30C37A47CC7CAA6D82FDC1E2C23E4317D98C53AFFD_analysis-1.csv;user-I050582;3;470607835;true;0.013588454322449817;0.0;Infinity;0;A
user-I050582_session-9E660CDDDD20A34952D94F30C37A47CC7CAA6D82FDC1E2C23E4317D98C53AFFD_analysis-1.csv;user-I050582;3;1470894939;true;0.3009612798039497;0.0;Infinity;0;A
user-I050582_session-9E660CDDDD20A34952D94F30C37A47CC7CAA6D82FDC1E2C23E4317D98C53AFFD_analysis-1.csv;user-I050582;3;-359699298;true;0.3630647784145118;0.0;Infinity;0;A
user-I050582_session-9E660CDDDD20A34952D94F30C37A47CC7CAA6D82FDC1E2C23E4317D98C53AFFD_analysis-1.csv;user-I050582;3;-2013870446;true;0.208745856401494;0.0;Infinity;0;A
user-I050582_session-9E660CDDDD20A34952D94F30C37A47CC7CAA6D82FDC1E2C23E4317D98C53AFFD_analysis-1.csv;user-I050582;3;126250660;true;0.35606557463603505;0.0;Infinity;0;A
