session ;user;query position;cell hashcode;novelty;outlierness;relevance;surprise;query label;session label
user-a_session-3C604A43A349CDC4130E5F83A8625EE6C83A2283F66A05BD44300AE9E67250DE_analysis-3.csv;user-a;1;-1716324496;true;0.13532778190852512;0.0;Infinity;0;B
user-a_session-3C604A43A349CDC4130E5F83A8625EE6C83A2283F66A05BD44300AE9E67250DE_analysis-3.csv;user-a;1;-1094907858;true;0.25912679040062736;0.0;Infinity;0;B
user-a_session-3C604A43A349CDC4130E5F83A8625EE6C83A2283F66A05BD44300AE9E67250DE_analysis-3.csv;user-a;1;-657987788;true;0.28512358662819315;0.0;Infinity;0;B
user-a_session-3C604A43A349CDC4130E5F83A8625EE6C83A2283F66A05BD44300AE9E67250DE_analysis-3.csv;user-a;1;-1009694579;true;0.15310621355409104;0.0;Infinity;0;B
user-a_session-3C604A43A349CDC4130E5F83A8625EE6C83A2283F66A05BD44300AE9E67250DE_analysis-3.csv;user-a;2;-228550523;true;0.23975006109347663;0.0;Infinity;0;B
user-a_session-3C604A43A349CDC4130E5F83A8625EE6C83A2283F66A05BD44300AE9E67250DE_analysis-3.csv;user-a;2;-1286887231;true;0.23975006109347663;0.0;Infinity;0;B
user-a_session-3C604A43A349CDC4130E5F83A8625EE6C83A2283F66A05BD44300AE9E67250DE_analysis-3.csv;user-a;3;864194455;true;0.13444501575923673;0.0;Infinity;0;B
user-a_session-3C604A43A349CDC4130E5F83A8625EE6C83A2283F66A05BD44300AE9E67250DE_analysis-3.csv;user-a;3;1922531163;true;0.2982447717109067;0.0;Infinity;0;B
user-a_session-3C604A43A349CDC4130E5F83A8625EE6C83A2283F66A05BD44300AE9E67250DE_analysis-3.csv;user-a;3;1570824372;true;0.13547977538786826;0.0;Infinity;0;B
user-a_session-3C604A43A349CDC4130E5F83A8625EE6C83A2283F66A05BD44300AE9E67250DE_analysis-3.csv;user-a;3;1485611093;true;0.29659388914689744;0.0;Infinity;0;B
user-a_session-3C604A43A349CDC4130E5F83A8625EE6C83A2283F66A05BD44300AE9E67250DE_analysis-3.csv;user-a;4;-1234309182;true;NaN;0.0;Infinity;0;B
user-a_session-3C604A43A349CDC4130E5F83A8625EE6C83A2283F66A05BD44300AE9E67250DE_analysis-3.csv;user-a;5;-1553953416;true;0.13101950521479178;0.0;Infinity;0;B
user-a_session-3C604A43A349CDC4130E5F83A8625EE6C83A2283F66A05BD44300AE9E67250DE_analysis-3.csv;user-a;5;710332475;true;0.29369439839142375;0.0;Infinity;0;B
user-a_session-3C604A43A349CDC4130E5F83A8625EE6C83A2283F66A05BD44300AE9E67250DE_analysis-3.csv;user-a;5;646252038;true;0.3421528588078273;0.0;Infinity;0;B
user-a_session-3C604A43A349CDC4130E5F83A8625EE6C83A2283F66A05BD44300AE9E67250DE_analysis-3.csv;user-a;5;-1626915667;true;0.08362079955457502;0.0;Infinity;0;B
user-a_session-3C604A43A349CDC4130E5F83A8625EE6C83A2283F66A05BD44300AE9E67250DE_analysis-3.csv;user-a;5;-1695043510;true;0.4853147938879465;0.0;Infinity;0;B
user-a_session-3C604A43A349CDC4130E5F83A8625EE6C83A2283F66A05BD44300AE9E67250DE_analysis-3.csv;user-a;5;-1483608130;true;0.12061126070459416;0.0;Infinity;0;B
user-a_session-3C604A43A349CDC4130E5F83A8625EE6C83A2283F66A05BD44300AE9E67250DE_analysis-3.csv;user-a;6;-1553953416;true;0.13101950521479178;0.0;Infinity;0;B
user-a_session-3C604A43A349CDC4130E5F83A8625EE6C83A2283F66A05BD44300AE9E67250DE_analysis-3.csv;user-a;6;710332475;true;0.29369439839142375;0.0;Infinity;0;B
user-a_session-3C604A43A349CDC4130E5F83A8625EE6C83A2283F66A05BD44300AE9E67250DE_analysis-3.csv;user-a;6;646252038;true;0.3421528588078273;0.0;Infinity;0;B
user-a_session-3C604A43A349CDC4130E5F83A8625EE6C83A2283F66A05BD44300AE9E67250DE_analysis-3.csv;user-a;6;-1626915667;true;0.08362079955457502;0.0;Infinity;0;B
user-a_session-3C604A43A349CDC4130E5F83A8625EE6C83A2283F66A05BD44300AE9E67250DE_analysis-3.csv;user-a;6;-1695043510;true;0.4853147938879465;0.0;Infinity;0;B
user-a_session-3C604A43A349CDC4130E5F83A8625EE6C83A2283F66A05BD44300AE9E67250DE_analysis-3.csv;user-a;6;-1483608130;true;0.12061126070459416;0.0;Infinity;0;B
user-a_session-3C604A43A349CDC4130E5F83A8625EE6C83A2283F66A05BD44300AE9E67250DE_analysis-3.csv;user-a;7;4784574;true;0.2911476204856007;0.0;Infinity;0;B
user-a_session-3C604A43A349CDC4130E5F83A8625EE6C83A2283F66A05BD44300AE9E67250DE_analysis-3.csv;user-a;7;-1642252051;true;0.299078412586816;0.0;Infinity;0;B
user-a_session-3C604A43A349CDC4130E5F83A8625EE6C83A2283F66A05BD44300AE9E67250DE_analysis-3.csv;user-a;7;-2104174570;true;0.2947508781011592;0.0;Infinity;0;B
user-a_session-3C604A43A349CDC4130E5F83A8625EE6C83A2283F66A05BD44300AE9E67250DE_analysis-3.csv;user-a;7;-1642270936;true;0.035490742287579646;0.0;Infinity;0;B
user-a_session-3C604A43A349CDC4130E5F83A8625EE6C83A2283F66A05BD44300AE9E67250DE_analysis-3.csv;user-a;7;1120371441;true;0.21722304327259978;0.0;Infinity;0;B
user-a_session-3C604A43A349CDC4130E5F83A8625EE6C83A2283F66A05BD44300AE9E67250DE_analysis-3.csv;user-a;7;-1642259514;true;0.30593224454358103;0.0;Infinity;0;B
