session ;user;query position;cell hashcode;novelty;outlierness;relevance;surprise;query label;session label
user-a_session-3C604A43A349CDC4130E5F83A8625EE6C83A2283F66A05BD44300AE9E67250DE_analysis-6.csv;user-a;1;-1831493624;false;0.2302161160267262;1.0;24.95478573082445;0;A
user-a_session-3C604A43A349CDC4130E5F83A8625EE6C83A2283F66A05BD44300AE9E67250DE_analysis-6.csv;user-a;1;-1831493623;false;0.1818709853463698;1.0;24.95478573082445;0;A
user-a_session-3C604A43A349CDC4130E5F83A8625EE6C83A2283F66A05BD44300AE9E67250DE_analysis-6.csv;user-a;1;-1831493622;false;0.29269894800913676;1.0;24.95478573082445;0;A
user-a_session-3C604A43A349CDC4130E5F83A8625EE6C83A2283F66A05BD44300AE9E67250DE_analysis-6.csv;user-a;1;-1831493621;false;0.25167034364065133;1.0;25.291257967445667;0;A
user-a_session-3C604A43A349CDC4130E5F83A8625EE6C83A2283F66A05BD44300AE9E67250DE_analysis-6.csv;user-a;1;-1831493619;false;0.34795028033602715;1.0;25.10893641065171;0;A
user-a_session-3C604A43A349CDC4130E5F83A8625EE6C83A2283F66A05BD44300AE9E67250DE_analysis-6.csv;user-a;1;-1831493618;false;0.49551288117992554;1.0;24.95478573082445;0;A
user-a_session-3C604A43A349CDC4130E5F83A8625EE6C83A2283F66A05BD44300AE9E67250DE_analysis-6.csv;user-a;1;-1831493617;false;0.2717994097394729;1.0;25.291257967445667;0;A
user-a_session-3C604A43A349CDC4130E5F83A8625EE6C83A2283F66A05BD44300AE9E67250DE_analysis-6.csv;user-a;1;-1831492107;false;0.17562706627764424;1.0;25.10893641065171;0;A
user-a_session-3C604A43A349CDC4130E5F83A8625EE6C83A2283F66A05BD44300AE9E67250DE_analysis-6.csv;user-a;1;-1831492106;false;0.3143155905454873;1.0;25.10893641065171;0;A
user-a_session-3C604A43A349CDC4130E5F83A8625EE6C83A2283F66A05BD44300AE9E67250DE_analysis-6.csv;user-a;1;-1831492105;false;0.3143155905454873;1.0;25.10893641065171;0;A
user-a_session-3C604A43A349CDC4130E5F83A8625EE6C83A2283F66A05BD44300AE9E67250DE_analysis-6.csv;user-a;1;-1831493625;false;0.0070476176987981365;1.0;24.95478573082445;0;A
user-a_session-3C604A43A349CDC4130E5F83A8625EE6C83A2283F66A05BD44300AE9E67250DE_analysis-6.csv;user-a;2;175806703;false;0.32266877416998563;1.0;25.021925033662082;0;A
user-a_session-3C604A43A349CDC4130E5F83A8625EE6C83A2283F66A05BD44300AE9E67250DE_analysis-6.csv;user-a;2;175805190;false;0.21480869093314814;1.0;25.021925033662082;0;A
user-a_session-3C604A43A349CDC4130E5F83A8625EE6C83A2283F66A05BD44300AE9E67250DE_analysis-6.csv;user-a;2;175805191;false;0.3110374669294571;1.0;25.021925033662082;0;A
user-a_session-3C604A43A349CDC4130E5F83A8625EE6C83A2283F66A05BD44300AE9E67250DE_analysis-6.csv;user-a;2;175805188;false;0.4798703754040239;1.0;24.86777435383482;0;A
user-a_session-3C604A43A349CDC4130E5F83A8625EE6C83A2283F66A05BD44300AE9E67250DE_analysis-6.csv;user-a;2;175805189;false;0.14796284812935812;1.0;25.204246590456037;0;A
user-a_session-3C604A43A349CDC4130E5F83A8625EE6C83A2283F66A05BD44300AE9E67250DE_analysis-6.csv;user-a;2;175805186;false;0.020530604198944036;1.0;24.86777435383482;0;A
user-a_session-3C604A43A349CDC4130E5F83A8625EE6C83A2283F66A05BD44300AE9E67250DE_analysis-6.csv;user-a;2;175805187;false;0.4940772253114457;1.0;24.86777435383482;0;A
user-a_session-3C604A43A349CDC4130E5F83A8625EE6C83A2283F66A05BD44300AE9E67250DE_analysis-6.csv;user-a;2;175805185;false;0.2863171400451212;1.0;24.86777435383482;0;A
user-a_session-3C604A43A349CDC4130E5F83A8625EE6C83A2283F66A05BD44300AE9E67250DE_analysis-6.csv;user-a;2;175806704;false;0.25583939197896344;1.0;25.021925033662082;0;A
user-a_session-3C604A43A349CDC4130E5F83A8625EE6C83A2283F66A05BD44300AE9E67250DE_analysis-6.csv;user-a;2;175805192;false;0.3398987885121808;1.0;24.86777435383482;0;A
user-a_session-3C604A43A349CDC4130E5F83A8625EE6C83A2283F66A05BD44300AE9E67250DE_analysis-6.csv;user-a;2;175806705;false;0.1970507517002753;1.0;25.021925033662082;0;A
user-a_session-3C604A43A349CDC4130E5F83A8625EE6C83A2283F66A05BD44300AE9E67250DE_analysis-6.csv;user-a;2;175805193;false;0.04145023977584361;1.0;25.204246590456037;0;A
user-a_session-3C604A43A349CDC4130E5F83A8625EE6C83A2283F66A05BD44300AE9E67250DE_analysis-6.csv;user-a;3;-1897341088;false;0.43887050857286425;1.0;25.021925033662082;0;A
user-a_session-3C604A43A349CDC4130E5F83A8625EE6C83A2283F66A05BD44300AE9E67250DE_analysis-6.csv;user-a;3;-1897342600;false;0.18414184929047406;1.0;25.204246590456037;0;A
user-a_session-3C604A43A349CDC4130E5F83A8625EE6C83A2283F66A05BD44300AE9E67250DE_analysis-6.csv;user-a;3;-1897342604;false;0.38094287944683747;1.0;25.204246590456037;0;A
user-a_session-3C604A43A349CDC4130E5F83A8625EE6C83A2283F66A05BD44300AE9E67250DE_analysis-6.csv;user-a;3;-1897342603;false;0.0831024712482018;1.0;25.021925033662082;0;A
user-a_session-3C604A43A349CDC4130E5F83A8625EE6C83A2283F66A05BD44300AE9E67250DE_analysis-6.csv;user-a;3;-1897342602;false;0.18167080034886585;1.0;25.021925033662082;0;A
user-a_session-3C604A43A349CDC4130E5F83A8625EE6C83A2283F66A05BD44300AE9E67250DE_analysis-6.csv;user-a;3;-1897342601;false;0.35981817756189105;1.0;24.86777435383482;0;A
user-a_session-3C604A43A349CDC4130E5F83A8625EE6C83A2283F66A05BD44300AE9E67250DE_analysis-6.csv;user-a;3;-1897341090;false;0.18914634703905375;1.0;25.021925033662082;0;A
user-a_session-3C604A43A349CDC4130E5F83A8625EE6C83A2283F66A05BD44300AE9E67250DE_analysis-6.csv;user-a;3;-1897342608;false;0.09354464136768703;1.0;24.86777435383482;0;A
user-a_session-3C604A43A349CDC4130E5F83A8625EE6C83A2283F66A05BD44300AE9E67250DE_analysis-6.csv;user-a;3;-1897341089;false;0.11186239521716956;1.0;25.021925033662082;0;A
user-a_session-3C604A43A349CDC4130E5F83A8625EE6C83A2283F66A05BD44300AE9E67250DE_analysis-6.csv;user-a;3;-1897342607;false;0.03709815216443402;1.0;24.86777435383482;0;A
user-a_session-3C604A43A349CDC4130E5F83A8625EE6C83A2283F66A05BD44300AE9E67250DE_analysis-6.csv;user-a;3;-1897342606;false;0.47955206533074923;1.0;24.86777435383482;0;A
user-a_session-3C604A43A349CDC4130E5F83A8625EE6C83A2283F66A05BD44300AE9E67250DE_analysis-6.csv;user-a;3;-1897342605;false;0.4499198790933615;1.0;24.86777435383482;0;A
user-a_session-3C604A43A349CDC4130E5F83A8625EE6C83A2283F66A05BD44300AE9E67250DE_analysis-6.csv;user-a;4;-563745961;false;0.15154824009182288;1.0;25.021925033662082;0;A
user-a_session-3C604A43A349CDC4130E5F83A8625EE6C83A2283F66A05BD44300AE9E67250DE_analysis-6.csv;user-a;4;-563747479;false;0.09335751795961056;1.0;24.86777435383482;0;A
user-a_session-3C604A43A349CDC4130E5F83A8625EE6C83A2283F66A05BD44300AE9E67250DE_analysis-6.csv;user-a;4;-563747478;false;0.192586967113065;1.0;24.86777435383482;0;A
user-a_session-3C604A43A349CDC4130E5F83A8625EE6C83A2283F66A05BD44300AE9E67250DE_analysis-6.csv;user-a;4;-563747477;false;0.4219434961521443;1.0;24.86777435383482;0;A
user-a_session-3C604A43A349CDC4130E5F83A8625EE6C83A2283F66A05BD44300AE9E67250DE_analysis-6.csv;user-a;4;-563747476;false;0.35282423122336304;1.0;24.86777435383482;0;A
user-a_session-3C604A43A349CDC4130E5F83A8625EE6C83A2283F66A05BD44300AE9E67250DE_analysis-6.csv;user-a;4;-563747475;false;0.2602988697551806;1.0;25.204246590456037;0;A
user-a_session-3C604A43A349CDC4130E5F83A8625EE6C83A2283F66A05BD44300AE9E67250DE_analysis-6.csv;user-a;4;-563747474;false;0.12858188741785614;1.0;25.021925033662082;0;A
user-a_session-3C604A43A349CDC4130E5F83A8625EE6C83A2283F66A05BD44300AE9E67250DE_analysis-6.csv;user-a;4;-563747473;false;0.3432781408986557;1.0;25.021925033662082;0;A
user-a_session-3C604A43A349CDC4130E5F83A8625EE6C83A2283F66A05BD44300AE9E67250DE_analysis-6.csv;user-a;4;-563747471;false;0.04149657546561736;1.0;25.204246590456037;0;A
user-a_session-3C604A43A349CDC4130E5F83A8625EE6C83A2283F66A05BD44300AE9E67250DE_analysis-6.csv;user-a;4;-563747472;false;0.06920040815314188;1.0;24.86777435383482;0;A
user-a_session-3C604A43A349CDC4130E5F83A8625EE6C83A2283F66A05BD44300AE9E67250DE_analysis-6.csv;user-a;4;-563745959;false;0.3504287226474273;1.0;25.021925033662082;0;A
user-a_session-3C604A43A349CDC4130E5F83A8625EE6C83A2283F66A05BD44300AE9E67250DE_analysis-6.csv;user-a;4;-563745960;false;0.4093541511592359;1.0;25.021925033662082;0;A
