session ;user;query position;cell hashcode;novelty;outlierness;relevance;surprise;query label;session label
user-a_session-29AF06B372FD52129AAB65DA477E308EC73CF0D44087D05DA8D39C7BE425D30E_analysis-10.csv;user-a;1;1076123306;true;0.38268853563922045;0.0;Infinity;0;D
user-a_session-29AF06B372FD52129AAB65DA477E308EC73CF0D44087D05DA8D39C7BE425D30E_analysis-10.csv;user-a;1;1070456875;true;0.363931166029387;0.0;Infinity;0;D
user-a_session-29AF06B372FD52129AAB65DA477E308EC73CF0D44087D05DA8D39C7BE425D30E_analysis-10.csv;user-a;1;-1463507536;true;0.46903005214558;0.0;Infinity;0;D
user-a_session-29AF06B372FD52129AAB65DA477E308EC73CF0D44087D05DA8D39C7BE425D30E_analysis-10.csv;user-a;1;942701074;true;0.4167566382202177;0.0;Infinity;0;D
user-a_session-29AF06B372FD52129AAB65DA477E308EC73CF0D44087D05DA8D39C7BE425D30E_analysis-10.csv;user-a;1;-996657663;true;0.2753173052527913;0.0;Infinity;0;D
user-a_session-29AF06B372FD52129AAB65DA477E308EC73CF0D44087D05DA8D39C7BE425D30E_analysis-10.csv;user-a;1;-1389810941;true;0.24035566390420804;0.0;Infinity;0;D
user-a_session-29AF06B372FD52129AAB65DA477E308EC73CF0D44087D05DA8D39C7BE425D30E_analysis-10.csv;user-a;1;1003581449;true;0.36180637166872476;0.0;Infinity;0;D
user-a_session-29AF06B372FD52129AAB65DA477E308EC73CF0D44087D05DA8D39C7BE425D30E_analysis-10.csv;user-a;1;116399818;true;0.2402246853589476;0.0;Infinity;0;D
user-a_session-29AF06B372FD52129AAB65DA477E308EC73CF0D44087D05DA8D39C7BE425D30E_analysis-10.csv;user-a;1;526567908;true;0.24695393337204752;0.0;Infinity;0;D
user-a_session-29AF06B372FD52129AAB65DA477E308EC73CF0D44087D05DA8D39C7BE425D30E_analysis-10.csv;user-a;1;-1150039595;true;0.40808913072063;0.0;Infinity;0;D
user-a_session-29AF06B372FD52129AAB65DA477E308EC73CF0D44087D05DA8D39C7BE425D30E_analysis-10.csv;user-a;1;-678874322;true;0.24938145583279814;0.0;Infinity;0;D
user-a_session-29AF06B372FD52129AAB65DA477E308EC73CF0D44087D05DA8D39C7BE425D30E_analysis-10.csv;user-a;1;-833510251;true;0.4414035523354777;0.0;Infinity;0;D
user-a_session-29AF06B372FD52129AAB65DA477E308EC73CF0D44087D05DA8D39C7BE425D30E_analysis-10.csv;user-a;1;852785433;true;0.007001493252531077;0.0;Infinity;0;D
user-a_session-29AF06B372FD52129AAB65DA477E308EC73CF0D44087D05DA8D39C7BE425D30E_analysis-10.csv;user-a;1;-1913350209;true;0.3874634896852087;0.0;Infinity;0;D
user-a_session-29AF06B372FD52129AAB65DA477E308EC73CF0D44087D05DA8D39C7BE425D30E_analysis-10.csv;user-a;1;1267678652;true;0.29373899998794806;0.0;Infinity;0;D
user-a_session-29AF06B372FD52129AAB65DA477E308EC73CF0D44087D05DA8D39C7BE425D30E_analysis-10.csv;user-a;1;1003359607;true;0.49066832017151774;0.0;Infinity;0;D
user-a_session-29AF06B372FD52129AAB65DA477E308EC73CF0D44087D05DA8D39C7BE425D30E_analysis-10.csv;user-a;1;-69067550;true;0.21708664587590232;0.0;Infinity;0;D
user-a_session-29AF06B372FD52129AAB65DA477E308EC73CF0D44087D05DA8D39C7BE425D30E_analysis-10.csv;user-a;1;-2056211866;true;2.1470724490169069E-4;0.0;Infinity;0;D
user-a_session-29AF06B372FD52129AAB65DA477E308EC73CF0D44087D05DA8D39C7BE425D30E_analysis-10.csv;user-a;1;1065039382;true;0.27394340710554244;0.0;Infinity;0;D
user-a_session-29AF06B372FD52129AAB65DA477E308EC73CF0D44087D05DA8D39C7BE425D30E_analysis-10.csv;user-a;1;635859642;true;0.09707246082622856;0.0;Infinity;0;D
user-a_session-29AF06B372FD52129AAB65DA477E308EC73CF0D44087D05DA8D39C7BE425D30E_analysis-10.csv;user-a;1;1454486684;true;0.19150468869423531;0.0;Infinity;0;D
user-a_session-29AF06B372FD52129AAB65DA477E308EC73CF0D44087D05DA8D39C7BE425D30E_analysis-10.csv;user-a;1;1076233951;true;0.49432708420982807;0.0;Infinity;0;D
user-a_session-29AF06B372FD52129AAB65DA477E308EC73CF0D44087D05DA8D39C7BE425D30E_analysis-10.csv;user-a;1;-350138353;true;0.1927454704773668;0.0;Infinity;0;D
user-a_session-29AF06B372FD52129AAB65DA477E308EC73CF0D44087D05DA8D39C7BE425D30E_analysis-10.csv;user-a;1;913177094;true;0.4113076070982823;0.0;Infinity;0;D
user-a_session-29AF06B372FD52129AAB65DA477E308EC73CF0D44087D05DA8D39C7BE425D30E_analysis-10.csv;user-a;1;-762399134;true;0.467766231978648;0.0;Infinity;0;D
user-a_session-29AF06B372FD52129AAB65DA477E308EC73CF0D44087D05DA8D39C7BE425D30E_analysis-10.csv;user-a;1;1178475036;true;0.13561342727580783;0.0;Infinity;0;D
user-a_session-29AF06B372FD52129AAB65DA477E308EC73CF0D44087D05DA8D39C7BE425D30E_analysis-10.csv;user-a;1;-1140939035;true;0.4708725158922903;0.0;Infinity;0;D
user-a_session-29AF06B372FD52129AAB65DA477E308EC73CF0D44087D05DA8D39C7BE425D30E_analysis-10.csv;user-a;1;50191213;true;0.480876341225546;0.0;Infinity;0;D
user-a_session-29AF06B372FD52129AAB65DA477E308EC73CF0D44087D05DA8D39C7BE425D30E_analysis-10.csv;user-a;2;1080619287;true;0.18758961084817416;0.0;Infinity;0;D
user-a_session-29AF06B372FD52129AAB65DA477E308EC73CF0D44087D05DA8D39C7BE425D30E_analysis-10.csv;user-a;2;916047800;true;0.499991195593375;0.0;Infinity;0;D
user-a_session-29AF06B372FD52129AAB65DA477E308EC73CF0D44087D05DA8D39C7BE425D30E_analysis-10.csv;user-a;2;-1175191970;true;0.12417163660378827;0.0;Infinity;0;D
user-a_session-29AF06B372FD52129AAB65DA477E308EC73CF0D44087D05DA8D39C7BE425D30E_analysis-10.csv;user-a;2;618785809;true;0.39021517041308085;0.0;Infinity;0;D
user-a_session-29AF06B372FD52129AAB65DA477E308EC73CF0D44087D05DA8D39C7BE425D30E_analysis-10.csv;user-a;2;1926240362;true;0.41343895228584926;0.0;Infinity;0;D
user-a_session-29AF06B372FD52129AAB65DA477E308EC73CF0D44087D05DA8D39C7BE425D30E_analysis-10.csv;user-a;2;316117431;true;0.2707490152612966;0.0;Infinity;0;D
user-a_session-29AF06B372FD52129AAB65DA477E308EC73CF0D44087D05DA8D39C7BE425D30E_analysis-10.csv;user-a;2;1071762525;true;0.20785845493200505;0.0;Infinity;0;D
user-a_session-29AF06B372FD52129AAB65DA477E308EC73CF0D44087D05DA8D39C7BE425D30E_analysis-10.csv;user-a;2;-389169290;true;0.08173365010555955;0.0;Infinity;0;D
user-a_session-29AF06B372FD52129AAB65DA477E308EC73CF0D44087D05DA8D39C7BE425D30E_analysis-10.csv;user-a;2;-1417755117;true;0.021096153920413085;0.0;Infinity;0;D
user-a_session-29AF06B372FD52129AAB65DA477E308EC73CF0D44087D05DA8D39C7BE425D30E_analysis-10.csv;user-a;2;-1994002015;true;0.24541672945123683;0.0;Infinity;0;D
user-a_session-29AF06B372FD52129AAB65DA477E308EC73CF0D44087D05DA8D39C7BE425D30E_analysis-10.csv;user-a;2;350605775;true;0.3764828191905636;0.0;Infinity;0;D
user-a_session-29AF06B372FD52129AAB65DA477E308EC73CF0D44087D05DA8D39C7BE425D30E_analysis-10.csv;user-a;2;-1562024468;true;0.1572689956039942;0.0;Infinity;0;D
user-a_session-29AF06B372FD52129AAB65DA477E308EC73CF0D44087D05DA8D39C7BE425D30E_analysis-10.csv;user-a;2;1073351554;true;0.16387241555339194;0.0;Infinity;0;D
user-a_session-29AF06B372FD52129AAB65DA477E308EC73CF0D44087D05DA8D39C7BE425D30E_analysis-10.csv;user-a;2;-1040764705;true;0.4690571877126525;0.0;Infinity;0;D
user-a_session-29AF06B372FD52129AAB65DA477E308EC73CF0D44087D05DA8D39C7BE425D30E_analysis-10.csv;user-a;2;-1512321145;true;0.2950879942786403;0.0;Infinity;0;D
user-a_session-29AF06B372FD52129AAB65DA477E308EC73CF0D44087D05DA8D39C7BE425D30E_analysis-10.csv;user-a;2;1829580861;true;0.012025026038020803;0.0;Infinity;0;D
user-a_session-29AF06B372FD52129AAB65DA477E308EC73CF0D44087D05DA8D39C7BE425D30E_analysis-10.csv;user-a;2;1414033727;true;0.04481472574076606;0.0;Infinity;0;D
user-a_session-29AF06B372FD52129AAB65DA477E308EC73CF0D44087D05DA8D39C7BE425D30E_analysis-10.csv;user-a;2;1926671107;true;0.47691014332030235;0.0;Infinity;0;D
user-a_session-29AF06B372FD52129AAB65DA477E308EC73CF0D44087D05DA8D39C7BE425D30E_analysis-10.csv;user-a;2;608111986;true;0.2818715473598158;0.0;Infinity;0;D
user-a_session-29AF06B372FD52129AAB65DA477E308EC73CF0D44087D05DA8D39C7BE425D30E_analysis-10.csv;user-a;2;1939086048;true;0.14210847222948808;0.0;Infinity;0;D
user-a_session-29AF06B372FD52129AAB65DA477E308EC73CF0D44087D05DA8D39C7BE425D30E_analysis-10.csv;user-a;2;2044215619;true;0.2056652360792488;0.0;Infinity;0;D
user-a_session-29AF06B372FD52129AAB65DA477E308EC73CF0D44087D05DA8D39C7BE425D30E_analysis-10.csv;user-a;2;1069734009;true;0.2588277134005639;0.0;Infinity;0;D
user-a_session-29AF06B372FD52129AAB65DA477E308EC73CF0D44087D05DA8D39C7BE425D30E_analysis-10.csv;user-a;2;-1819978646;true;0.33543809024597626;0.0;Infinity;0;D
user-a_session-29AF06B372FD52129AAB65DA477E308EC73CF0D44087D05DA8D39C7BE425D30E_analysis-10.csv;user-a;2;1081206037;true;0.2863528572964761;0.0;Infinity;0;D
user-a_session-29AF06B372FD52129AAB65DA477E308EC73CF0D44087D05DA8D39C7BE425D30E_analysis-10.csv;user-a;2;1214101365;true;0.10373397245937055;0.0;Infinity;0;D
user-a_session-29AF06B372FD52129AAB65DA477E308EC73CF0D44087D05DA8D39C7BE425D30E_analysis-10.csv;user-a;2;-671507334;true;0.06865744519117145;0.0;Infinity;0;D
user-a_session-29AF06B372FD52129AAB65DA477E308EC73CF0D44087D05DA8D39C7BE425D30E_analysis-10.csv;user-a;2;468752871;true;0.29841702572578;0.0;Infinity;0;D
user-a_session-29AF06B372FD52129AAB65DA477E308EC73CF0D44087D05DA8D39C7BE425D30E_analysis-10.csv;user-a;2;-1304827976;true;0.396317531728443;0.0;Infinity;0;D
user-a_session-29AF06B372FD52129AAB65DA477E308EC73CF0D44087D05DA8D39C7BE425D30E_analysis-10.csv;user-a;2;-624448390;true;0.33381468665165437;0.0;Infinity;0;D
user-a_session-29AF06B372FD52129AAB65DA477E308EC73CF0D44087D05DA8D39C7BE425D30E_analysis-10.csv;user-a;2;-1708192764;true;0.47553909639057845;0.0;Infinity;0;D
user-a_session-29AF06B372FD52129AAB65DA477E308EC73CF0D44087D05DA8D39C7BE425D30E_analysis-10.csv;user-a;2;1615186874;true;0.13988736018202474;0.0;Infinity;0;D
user-a_session-29AF06B372FD52129AAB65DA477E308EC73CF0D44087D05DA8D39C7BE425D30E_analysis-10.csv;user-a;2;-1149575153;true;0.18255183301038702;0.0;Infinity;0;D
user-a_session-29AF06B372FD52129AAB65DA477E308EC73CF0D44087D05DA8D39C7BE425D30E_analysis-10.csv;user-a;2;-395026010;true;0.18504534244268966;0.0;Infinity;0;D
user-a_session-29AF06B372FD52129AAB65DA477E308EC73CF0D44087D05DA8D39C7BE425D30E_analysis-10.csv;user-a;2;2028687741;true;0.04412681538180785;0.0;Infinity;0;D
user-a_session-29AF06B372FD52129AAB65DA477E308EC73CF0D44087D05DA8D39C7BE425D30E_analysis-10.csv;user-a;2;66049918;true;0.050693583319622704;0.0;Infinity;0;D
user-a_session-29AF06B372FD52129AAB65DA477E308EC73CF0D44087D05DA8D39C7BE425D30E_analysis-10.csv;user-a;2;2105911807;true;0.45794033038439663;0.0;Infinity;0;D
user-a_session-29AF06B372FD52129AAB65DA477E308EC73CF0D44087D05DA8D39C7BE425D30E_analysis-10.csv;user-a;2;-1567476630;true;0.2739222547881389;0.0;Infinity;0;D
user-a_session-29AF06B372FD52129AAB65DA477E308EC73CF0D44087D05DA8D39C7BE425D30E_analysis-10.csv;user-a;2;230372649;true;0.10063755957095899;0.0;Infinity;0;D
user-a_session-29AF06B372FD52129AAB65DA477E308EC73CF0D44087D05DA8D39C7BE425D30E_analysis-10.csv;user-a;2;630073327;true;0.44595762289766305;0.0;Infinity;0;D
user-a_session-29AF06B372FD52129AAB65DA477E308EC73CF0D44087D05DA8D39C7BE425D30E_analysis-10.csv;user-a;2;-1395895594;true;0.10673640100539439;0.0;Infinity;0;D
user-a_session-29AF06B372FD52129AAB65DA477E308EC73CF0D44087D05DA8D39C7BE425D30E_analysis-10.csv;user-a;2;-2062827083;true;0.12653408291746693;0.0;Infinity;0;D
user-a_session-29AF06B372FD52129AAB65DA477E308EC73CF0D44087D05DA8D39C7BE425D30E_analysis-10.csv;user-a;2;621690033;true;0.33964741302178125;0.0;Infinity;0;D
user-a_session-29AF06B372FD52129AAB65DA477E308EC73CF0D44087D05DA8D39C7BE425D30E_analysis-10.csv;user-a;3;-1345374096;true;0.23401541267280046;0.0;Infinity;0;D
user-a_session-29AF06B372FD52129AAB65DA477E308EC73CF0D44087D05DA8D39C7BE425D30E_analysis-10.csv;user-a;3;-1578146949;true;0.2832732687552507;0.0;Infinity;0;D
user-a_session-29AF06B372FD52129AAB65DA477E308EC73CF0D44087D05DA8D39C7BE425D30E_analysis-10.csv;user-a;3;571241305;true;0.10945469908878769;0.0;Infinity;0;D
user-a_session-29AF06B372FD52129AAB65DA477E308EC73CF0D44087D05DA8D39C7BE425D30E_analysis-10.csv;user-a;3;1132170913;true;0.10555921901131082;0.0;Infinity;0;D
user-a_session-29AF06B372FD52129AAB65DA477E308EC73CF0D44087D05DA8D39C7BE425D30E_analysis-10.csv;user-a;3;1003158696;true;0.4684289535312427;0.0;Infinity;0;D
user-a_session-29AF06B372FD52129AAB65DA477E308EC73CF0D44087D05DA8D39C7BE425D30E_analysis-10.csv;user-a;3;1696306805;true;0.35881510875225653;0.0;Infinity;0;D
user-a_session-29AF06B372FD52129AAB65DA477E308EC73CF0D44087D05DA8D39C7BE425D30E_analysis-10.csv;user-a;3;-2092390746;true;0.31533564522341395;0.0;Infinity;0;D
user-a_session-29AF06B372FD52129AAB65DA477E308EC73CF0D44087D05DA8D39C7BE425D30E_analysis-10.csv;user-a;3;436641858;true;0.47272903039958647;0.0;Infinity;0;D
user-a_session-29AF06B372FD52129AAB65DA477E308EC73CF0D44087D05DA8D39C7BE425D30E_analysis-10.csv;user-a;3;1003080599;true;0.3957812457271538;0.0;Infinity;0;D
user-a_session-29AF06B372FD52129AAB65DA477E308EC73CF0D44087D05DA8D39C7BE425D30E_analysis-10.csv;user-a;3;-1307876463;true;0.4713974629609249;0.0;Infinity;0;D
user-a_session-29AF06B372FD52129AAB65DA477E308EC73CF0D44087D05DA8D39C7BE425D30E_analysis-10.csv;user-a;3;734815350;true;0.06961739098040365;0.0;Infinity;0;D
user-a_session-29AF06B372FD52129AAB65DA477E308EC73CF0D44087D05DA8D39C7BE425D30E_analysis-10.csv;user-a;3;92729137;true;0.34045734575199793;0.0;Infinity;0;D
user-a_session-29AF06B372FD52129AAB65DA477E308EC73CF0D44087D05DA8D39C7BE425D30E_analysis-10.csv;user-a;3;1798342657;true;0.0945208789983647;0.0;Infinity;0;D
user-a_session-29AF06B372FD52129AAB65DA477E308EC73CF0D44087D05DA8D39C7BE425D30E_analysis-10.csv;user-a;3;-928918933;true;0.10115873333055281;0.0;Infinity;0;D
user-a_session-29AF06B372FD52129AAB65DA477E308EC73CF0D44087D05DA8D39C7BE425D30E_analysis-10.csv;user-a;3;1749358919;true;0.45211883324758484;0.0;Infinity;0;D
user-a_session-29AF06B372FD52129AAB65DA477E308EC73CF0D44087D05DA8D39C7BE425D30E_analysis-10.csv;user-a;3;-2058092308;true;0.1860359029488865;0.0;Infinity;0;D
user-a_session-29AF06B372FD52129AAB65DA477E308EC73CF0D44087D05DA8D39C7BE425D30E_analysis-10.csv;user-a;3;1081960595;true;0.1958296136301031;0.0;Infinity;0;D
user-a_session-29AF06B372FD52129AAB65DA477E308EC73CF0D44087D05DA8D39C7BE425D30E_analysis-10.csv;user-a;3;473566264;true;0.40681983264219;0.0;Infinity;0;D
user-a_session-29AF06B372FD52129AAB65DA477E308EC73CF0D44087D05DA8D39C7BE425D30E_analysis-10.csv;user-a;3;-283843971;true;0.45755749183286176;0.0;Infinity;0;D
user-a_session-29AF06B372FD52129AAB65DA477E308EC73CF0D44087D05DA8D39C7BE425D30E_analysis-10.csv;user-a;3;1293412054;true;0.17024143868438313;0.0;Infinity;0;D
user-a_session-29AF06B372FD52129AAB65DA477E308EC73CF0D44087D05DA8D39C7BE425D30E_analysis-10.csv;user-a;3;39836820;true;0.39781357075243307;0.0;Infinity;0;D
user-a_session-29AF06B372FD52129AAB65DA477E308EC73CF0D44087D05DA8D39C7BE425D30E_analysis-10.csv;user-a;3;474040741;true;0.23881721201484973;0.0;Infinity;0;D
user-a_session-29AF06B372FD52129AAB65DA477E308EC73CF0D44087D05DA8D39C7BE425D30E_analysis-10.csv;user-a;3;1744618306;true;0.09841298936344889;0.0;Infinity;0;D
user-a_session-29AF06B372FD52129AAB65DA477E308EC73CF0D44087D05DA8D39C7BE425D30E_analysis-10.csv;user-a;3;-1328337552;true;0.09260194856705739;0.0;Infinity;0;D
user-a_session-29AF06B372FD52129AAB65DA477E308EC73CF0D44087D05DA8D39C7BE425D30E_analysis-10.csv;user-a;3;-992599013;true;0.014328197978314083;0.0;Infinity;0;D
user-a_session-29AF06B372FD52129AAB65DA477E308EC73CF0D44087D05DA8D39C7BE425D30E_analysis-10.csv;user-a;3;1077847349;true;0.024535499017785733;0.0;Infinity;0;D
user-a_session-29AF06B372FD52129AAB65DA477E308EC73CF0D44087D05DA8D39C7BE425D30E_analysis-10.csv;user-a;3;-251642117;true;0.425259361075631;0.0;Infinity;0;D
user-a_session-29AF06B372FD52129AAB65DA477E308EC73CF0D44087D05DA8D39C7BE425D30E_analysis-10.csv;user-a;3;-777485605;true;0.09224712185744433;0.0;Infinity;0;D
user-a_session-29AF06B372FD52129AAB65DA477E308EC73CF0D44087D05DA8D39C7BE425D30E_analysis-10.csv;user-a;3;1069526477;true;0.0026880261182680165;0.0;Infinity;0;D
user-a_session-29AF06B372FD52129AAB65DA477E308EC73CF0D44087D05DA8D39C7BE425D30E_analysis-10.csv;user-a;3;1660820403;true;0.11615899080013148;0.0;Infinity;0;D
user-a_session-29AF06B372FD52129AAB65DA477E308EC73CF0D44087D05DA8D39C7BE425D30E_analysis-10.csv;user-a;3;-546846326;true;0.30447606200408817;0.0;Infinity;0;D
user-a_session-29AF06B372FD52129AAB65DA477E308EC73CF0D44087D05DA8D39C7BE425D30E_analysis-10.csv;user-a;3;-584893774;true;0.2138003934071706;0.0;Infinity;0;D
user-a_session-29AF06B372FD52129AAB65DA477E308EC73CF0D44087D05DA8D39C7BE425D30E_analysis-10.csv;user-a;3;1003453022;true;0.4008346807297366;0.0;Infinity;0;D
user-a_session-29AF06B372FD52129AAB65DA477E308EC73CF0D44087D05DA8D39C7BE425D30E_analysis-10.csv;user-a;3;-910710946;true;0.1672526501476015;0.0;Infinity;0;D
user-a_session-29AF06B372FD52129AAB65DA477E308EC73CF0D44087D05DA8D39C7BE425D30E_analysis-10.csv;user-a;3;1074382707;true;0.13507954390422494;0.0;Infinity;0;D
user-a_session-29AF06B372FD52129AAB65DA477E308EC73CF0D44087D05DA8D39C7BE425D30E_analysis-10.csv;user-a;3;1066047613;true;0.09548514111501483;0.0;Infinity;0;D
user-a_session-29AF06B372FD52129AAB65DA477E308EC73CF0D44087D05DA8D39C7BE425D30E_analysis-10.csv;user-a;3;759540867;true;0.4558772901575371;0.0;Infinity;0;D
user-a_session-29AF06B372FD52129AAB65DA477E308EC73CF0D44087D05DA8D39C7BE425D30E_analysis-10.csv;user-a;3;642808401;true;0.2544276360550487;0.0;Infinity;0;D
user-a_session-29AF06B372FD52129AAB65DA477E308EC73CF0D44087D05DA8D39C7BE425D30E_analysis-10.csv;user-a;3;-1854009922;true;0.20366059811682913;0.0;Infinity;0;D
user-a_session-29AF06B372FD52129AAB65DA477E308EC73CF0D44087D05DA8D39C7BE425D30E_analysis-10.csv;user-a;3;-821009408;true;0.15570705928263884;0.0;Infinity;0;D
user-a_session-29AF06B372FD52129AAB65DA477E308EC73CF0D44087D05DA8D39C7BE425D30E_analysis-10.csv;user-a;3;1143847374;true;0.379024288514593;0.0;Infinity;0;D
user-a_session-29AF06B372FD52129AAB65DA477E308EC73CF0D44087D05DA8D39C7BE425D30E_analysis-10.csv;user-a;3;1003256447;true;0.3106029634036823;0.0;Infinity;0;D
user-a_session-29AF06B372FD52129AAB65DA477E308EC73CF0D44087D05DA8D39C7BE425D30E_analysis-10.csv;user-a;3;-1296182574;true;0.08263191725934615;0.0;Infinity;0;D
user-a_session-29AF06B372FD52129AAB65DA477E308EC73CF0D44087D05DA8D39C7BE425D30E_analysis-10.csv;user-a;3;2056562925;true;0.30581699856699196;0.0;Infinity;0;D
user-a_session-29AF06B372FD52129AAB65DA477E308EC73CF0D44087D05DA8D39C7BE425D30E_analysis-10.csv;user-a;3;837449922;true;0.39507662265249055;0.0;Infinity;0;D
user-a_session-29AF06B372FD52129AAB65DA477E308EC73CF0D44087D05DA8D39C7BE425D30E_analysis-10.csv;user-a;3;1134467597;true;0.3225218695628539;0.0;Infinity;0;D
user-a_session-29AF06B372FD52129AAB65DA477E308EC73CF0D44087D05DA8D39C7BE425D30E_analysis-10.csv;user-a;3;-1069434870;true;0.35712537275838174;0.0;Infinity;0;D
user-a_session-29AF06B372FD52129AAB65DA477E308EC73CF0D44087D05DA8D39C7BE425D30E_analysis-10.csv;user-a;3;-1099418937;true;0.17897072702203065;0.0;Infinity;0;D
user-a_session-29AF06B372FD52129AAB65DA477E308EC73CF0D44087D05DA8D39C7BE425D30E_analysis-10.csv;user-a;3;-777595372;true;0.08413087530050412;0.0;Infinity;0;D
user-a_session-29AF06B372FD52129AAB65DA477E308EC73CF0D44087D05DA8D39C7BE425D30E_analysis-10.csv;user-a;3;-1073144081;true;0.3669058228365836;0.0;Infinity;0;D
user-a_session-29AF06B372FD52129AAB65DA477E308EC73CF0D44087D05DA8D39C7BE425D30E_analysis-10.csv;user-a;4;30835038;true;0.26391718106995576;0.0;Infinity;0;D
user-a_session-29AF06B372FD52129AAB65DA477E308EC73CF0D44087D05DA8D39C7BE425D30E_analysis-10.csv;user-a;4;30835091;true;0.38006748088979236;0.0;Infinity;0;D
user-a_session-29AF06B372FD52129AAB65DA477E308EC73CF0D44087D05DA8D39C7BE425D30E_analysis-10.csv;user-a;4;30835037;true;0.26391718106995576;0.0;Infinity;0;D
user-a_session-29AF06B372FD52129AAB65DA477E308EC73CF0D44087D05DA8D39C7BE425D30E_analysis-10.csv;user-a;4;30835036;true;0.3355593223682922;0.0;Infinity;0;D
user-a_session-29AF06B372FD52129AAB65DA477E308EC73CF0D44087D05DA8D39C7BE425D30E_analysis-10.csv;user-a;4;30835035;true;0.28326128751216806;0.0;Infinity;0;D
user-a_session-29AF06B372FD52129AAB65DA477E308EC73CF0D44087D05DA8D39C7BE425D30E_analysis-10.csv;user-a;4;30835034;true;0.20834427049024695;0.0;Infinity;0;D
user-a_session-29AF06B372FD52129AAB65DA477E308EC73CF0D44087D05DA8D39C7BE425D30E_analysis-10.csv;user-a;4;30835033;true;0.1732580283221694;0.0;Infinity;0;D
user-a_session-29AF06B372FD52129AAB65DA477E308EC73CF0D44087D05DA8D39C7BE425D30E_analysis-10.csv;user-a;4;30835092;true;0.3998914665744394;0.0;Infinity;0;D
user-a_session-29AF06B372FD52129AAB65DA477E308EC73CF0D44087D05DA8D39C7BE425D30E_analysis-10.csv;user-a;4;30835032;true;0.1683397444261634;0.0;Infinity;0;D
user-a_session-29AF06B372FD52129AAB65DA477E308EC73CF0D44087D05DA8D39C7BE425D30E_analysis-10.csv;user-a;4;30835031;true;0.13645296158756204;0.0;Infinity;0;D
user-a_session-29AF06B372FD52129AAB65DA477E308EC73CF0D44087D05DA8D39C7BE425D30E_analysis-10.csv;user-a;4;30835030;true;0.13929855849607553;0.0;Infinity;0;D
user-a_session-29AF06B372FD52129AAB65DA477E308EC73CF0D44087D05DA8D39C7BE425D30E_analysis-10.csv;user-a;4;30835029;true;0.13929855849607553;0.0;Infinity;0;D
user-a_session-29AF06B372FD52129AAB65DA477E308EC73CF0D44087D05DA8D39C7BE425D30E_analysis-10.csv;user-a;4;30856018;true;0.0015375278726925679;0.0;Infinity;0;D
user-a_session-29AF06B372FD52129AAB65DA477E308EC73CF0D44087D05DA8D39C7BE425D30E_analysis-10.csv;user-a;4;30856016;true;0.015926752106283137;0.0;Infinity;0;D
user-a_session-29AF06B372FD52129AAB65DA477E308EC73CF0D44087D05DA8D39C7BE425D30E_analysis-10.csv;user-a;4;30856017;true;0.006529887996232331;0.0;Infinity;0;D
user-a_session-29AF06B372FD52129AAB65DA477E308EC73CF0D44087D05DA8D39C7BE425D30E_analysis-10.csv;user-a;4;30855992;true;0.17570203491174663;0.0;Infinity;0;D
user-a_session-29AF06B372FD52129AAB65DA477E308EC73CF0D44087D05DA8D39C7BE425D30E_analysis-10.csv;user-a;4;30835069;true;0.37515810405637173;0.0;Infinity;0;D
user-a_session-29AF06B372FD52129AAB65DA477E308EC73CF0D44087D05DA8D39C7BE425D30E_analysis-10.csv;user-a;4;30855993;true;0.17073934192167828;0.0;Infinity;0;D
user-a_session-29AF06B372FD52129AAB65DA477E308EC73CF0D44087D05DA8D39C7BE425D30E_analysis-10.csv;user-a;4;30835068;true;0.445373871737219;0.0;Infinity;0;D
user-a_session-29AF06B372FD52129AAB65DA477E308EC73CF0D44087D05DA8D39C7BE425D30E_analysis-10.csv;user-a;4;30855994;true;0.0764667354661639;0.0;Infinity;0;D
user-a_session-29AF06B372FD52129AAB65DA477E308EC73CF0D44087D05DA8D39C7BE425D30E_analysis-10.csv;user-a;4;30835065;true;0.39622626376016523;0.0;Infinity;0;D
user-a_session-29AF06B372FD52129AAB65DA477E308EC73CF0D44087D05DA8D39C7BE425D30E_analysis-10.csv;user-a;4;30835064;true;0.36425811746415293;0.0;Infinity;0;D
user-a_session-29AF06B372FD52129AAB65DA477E308EC73CF0D44087D05DA8D39C7BE425D30E_analysis-10.csv;user-a;4;30835067;true;0.49295166696795445;0.0;Infinity;0;D
user-a_session-29AF06B372FD52129AAB65DA477E308EC73CF0D44087D05DA8D39C7BE425D30E_analysis-10.csv;user-a;4;30835066;true;0.4238423676775689;0.0;Infinity;0;D
user-a_session-29AF06B372FD52129AAB65DA477E308EC73CF0D44087D05DA8D39C7BE425D30E_analysis-10.csv;user-a;4;30835061;true;0.33086274561603424;0.0;Infinity;0;D
user-a_session-29AF06B372FD52129AAB65DA477E308EC73CF0D44087D05DA8D39C7BE425D30E_analysis-10.csv;user-a;4;30835060;true;0.32386771114571644;0.0;Infinity;0;D
user-a_session-29AF06B372FD52129AAB65DA477E308EC73CF0D44087D05DA8D39C7BE425D30E_analysis-10.csv;user-a;4;30835063;true;0.2920716889778201;0.0;Infinity;0;D
user-a_session-29AF06B372FD52129AAB65DA477E308EC73CF0D44087D05DA8D39C7BE425D30E_analysis-10.csv;user-a;4;30855986;true;0.23127134842391028;0.0;Infinity;0;D
user-a_session-29AF06B372FD52129AAB65DA477E308EC73CF0D44087D05DA8D39C7BE425D30E_analysis-10.csv;user-a;4;30835062;true;0.27673826585794914;0.0;Infinity;0;D
user-a_session-29AF06B372FD52129AAB65DA477E308EC73CF0D44087D05DA8D39C7BE425D30E_analysis-10.csv;user-a;4;30855987;true;0.3887779503570634;0.0;Infinity;0;D
user-a_session-29AF06B372FD52129AAB65DA477E308EC73CF0D44087D05DA8D39C7BE425D30E_analysis-10.csv;user-a;4;30855988;true;0.4213141087913297;0.0;Infinity;0;D
user-a_session-29AF06B372FD52129AAB65DA477E308EC73CF0D44087D05DA8D39C7BE425D30E_analysis-10.csv;user-a;4;30855989;true;0.4775015752965063;0.0;Infinity;0;D
user-a_session-29AF06B372FD52129AAB65DA477E308EC73CF0D44087D05DA8D39C7BE425D30E_analysis-10.csv;user-a;4;30855990;true;0.4402730440102005;0.0;Infinity;0;D
user-a_session-29AF06B372FD52129AAB65DA477E308EC73CF0D44087D05DA8D39C7BE425D30E_analysis-10.csv;user-a;4;30855991;true;0.38252949144659;0.0;Infinity;0;D
user-a_session-29AF06B372FD52129AAB65DA477E308EC73CF0D44087D05DA8D39C7BE425D30E_analysis-10.csv;user-a;5;1841127276;true;0.2981812066812969;0.0;Infinity;0;D
user-a_session-29AF06B372FD52129AAB65DA477E308EC73CF0D44087D05DA8D39C7BE425D30E_analysis-10.csv;user-a;5;1841127277;true;0.34059604663607124;0.0;Infinity;0;D
user-a_session-29AF06B372FD52129AAB65DA477E308EC73CF0D44087D05DA8D39C7BE425D30E_analysis-10.csv;user-a;5;1841127278;true;0.4209547226699434;0.0;Infinity;0;D
user-a_session-29AF06B372FD52129AAB65DA477E308EC73CF0D44087D05DA8D39C7BE425D30E_analysis-10.csv;user-a;5;1841127279;true;0.4350591056444353;0.0;Infinity;0;D
user-a_session-29AF06B372FD52129AAB65DA477E308EC73CF0D44087D05DA8D39C7BE425D30E_analysis-10.csv;user-a;5;1841127274;true;0.25491842116654095;0.0;Infinity;0;D
user-a_session-29AF06B372FD52129AAB65DA477E308EC73CF0D44087D05DA8D39C7BE425D30E_analysis-10.csv;user-a;5;1841127275;true;0.27394668663595734;0.0;Infinity;0;D
user-a_session-29AF06B372FD52129AAB65DA477E308EC73CF0D44087D05DA8D39C7BE425D30E_analysis-10.csv;user-a;5;1841127307;true;0.057321927014563845;0.0;Infinity;0;D
user-a_session-29AF06B372FD52129AAB65DA477E308EC73CF0D44087D05DA8D39C7BE425D30E_analysis-10.csv;user-a;5;1841106412;true;0.2465741309180387;0.0;Infinity;0;D
user-a_session-29AF06B372FD52129AAB65DA477E308EC73CF0D44087D05DA8D39C7BE425D30E_analysis-10.csv;user-a;5;1841127306;true;0.051023255347893426;0.0;Infinity;0;D
user-a_session-29AF06B372FD52129AAB65DA477E308EC73CF0D44087D05DA8D39C7BE425D30E_analysis-10.csv;user-a;5;1841106413;true;0.19314078403258517;0.0;Infinity;0;D
user-a_session-29AF06B372FD52129AAB65DA477E308EC73CF0D44087D05DA8D39C7BE425D30E_analysis-10.csv;user-a;5;1841127305;true;0.08201068655511423;0.0;Infinity;0;D
user-a_session-29AF06B372FD52129AAB65DA477E308EC73CF0D44087D05DA8D39C7BE425D30E_analysis-10.csv;user-a;5;1841106414;true;0.19045731240611008;0.0;Infinity;0;D
user-a_session-29AF06B372FD52129AAB65DA477E308EC73CF0D44087D05DA8D39C7BE425D30E_analysis-10.csv;user-a;5;1841106415;true;0.20017916868307983;0.0;Infinity;0;D
user-a_session-29AF06B372FD52129AAB65DA477E308EC73CF0D44087D05DA8D39C7BE425D30E_analysis-10.csv;user-a;5;1841106411;true;0.2588800733050137;0.0;Infinity;0;D
user-a_session-29AF06B372FD52129AAB65DA477E308EC73CF0D44087D05DA8D39C7BE425D30E_analysis-10.csv;user-a;5;1841106420;true;0.2483868534967486;0.0;Infinity;0;D
user-a_session-29AF06B372FD52129AAB65DA477E308EC73CF0D44087D05DA8D39C7BE425D30E_analysis-10.csv;user-a;5;1841106417;true;0.22489299604171753;0.0;Infinity;0;D
user-a_session-29AF06B372FD52129AAB65DA477E308EC73CF0D44087D05DA8D39C7BE425D30E_analysis-10.csv;user-a;5;1841106416;true;0.21327785542196787;0.0;Infinity;0;D
user-a_session-29AF06B372FD52129AAB65DA477E308EC73CF0D44087D05DA8D39C7BE425D30E_analysis-10.csv;user-a;5;1841106419;true;0.25151082929616375;0.0;Infinity;0;D
user-a_session-29AF06B372FD52129AAB65DA477E308EC73CF0D44087D05DA8D39C7BE425D30E_analysis-10.csv;user-a;5;1841106418;true;0.22958789050859063;0.0;Infinity;0;D
user-a_session-29AF06B372FD52129AAB65DA477E308EC73CF0D44087D05DA8D39C7BE425D30E_analysis-10.csv;user-a;5;1841127281;true;0.08774005359803505;0.0;Infinity;0;D
user-a_session-29AF06B372FD52129AAB65DA477E308EC73CF0D44087D05DA8D39C7BE425D30E_analysis-10.csv;user-a;5;1841127280;true;0.2829876012833773;0.0;Infinity;0;D
user-a_session-29AF06B372FD52129AAB65DA477E308EC73CF0D44087D05DA8D39C7BE425D30E_analysis-10.csv;user-a;5;1841127283;true;0.11146079333790293;0.0;Infinity;0;D
user-a_session-29AF06B372FD52129AAB65DA477E308EC73CF0D44087D05DA8D39C7BE425D30E_analysis-10.csv;user-a;5;1841127282;true;0.020646450442659114;0.0;Infinity;0;D
user-a_session-29AF06B372FD52129AAB65DA477E308EC73CF0D44087D05DA8D39C7BE425D30E_analysis-10.csv;user-a;6;1659053611;true;0.1699225323632938;0.0;Infinity;0;D
user-a_session-29AF06B372FD52129AAB65DA477E308EC73CF0D44087D05DA8D39C7BE425D30E_analysis-10.csv;user-a;6;1659053610;true;0.2279335276512522;0.0;Infinity;0;D
user-a_session-29AF06B372FD52129AAB65DA477E308EC73CF0D44087D05DA8D39C7BE425D30E_analysis-10.csv;user-a;6;1659053615;true;0.2541769246755041;0.0;Infinity;0;D
user-a_session-29AF06B372FD52129AAB65DA477E308EC73CF0D44087D05DA8D39C7BE425D30E_analysis-10.csv;user-a;6;1659053614;true;0.22278503690976315;0.0;Infinity;0;D
user-a_session-29AF06B372FD52129AAB65DA477E308EC73CF0D44087D05DA8D39C7BE425D30E_analysis-10.csv;user-a;6;1659053613;true;0.1756424757535362;0.0;Infinity;0;D
user-a_session-29AF06B372FD52129AAB65DA477E308EC73CF0D44087D05DA8D39C7BE425D30E_analysis-10.csv;user-a;6;1659053612;true;0.14756343422516904;0.0;Infinity;0;D
user-a_session-29AF06B372FD52129AAB65DA477E308EC73CF0D44087D05DA8D39C7BE425D30E_analysis-10.csv;user-a;6;1659053618;true;0.2781579476238256;0.0;Infinity;0;D
user-a_session-29AF06B372FD52129AAB65DA477E308EC73CF0D44087D05DA8D39C7BE425D30E_analysis-10.csv;user-a;6;1659074506;true;0.03734815841610606;0.0;Infinity;0;D
user-a_session-29AF06B372FD52129AAB65DA477E308EC73CF0D44087D05DA8D39C7BE425D30E_analysis-10.csv;user-a;6;1659053619;true;0.33432832124641965;0.0;Infinity;0;D
user-a_session-29AF06B372FD52129AAB65DA477E308EC73CF0D44087D05DA8D39C7BE425D30E_analysis-10.csv;user-a;6;1659074505;true;0.031136012041306005;0.0;Infinity;0;D
user-a_session-29AF06B372FD52129AAB65DA477E308EC73CF0D44087D05DA8D39C7BE425D30E_analysis-10.csv;user-a;6;1659053616;true;0.298777769023043;0.0;Infinity;0;D
user-a_session-29AF06B372FD52129AAB65DA477E308EC73CF0D44087D05DA8D39C7BE425D30E_analysis-10.csv;user-a;6;1659074504;true;0.054018393818008326;0.0;Infinity;0;D
user-a_session-29AF06B372FD52129AAB65DA477E308EC73CF0D44087D05DA8D39C7BE425D30E_analysis-10.csv;user-a;6;1659053617;true;0.23935356654426432;0.0;Infinity;0;D
user-a_session-29AF06B372FD52129AAB65DA477E308EC73CF0D44087D05DA8D39C7BE425D30E_analysis-10.csv;user-a;6;1659074480;true;0.09329682272757456;0.0;Infinity;0;D
user-a_session-29AF06B372FD52129AAB65DA477E308EC73CF0D44087D05DA8D39C7BE425D30E_analysis-10.csv;user-a;6;1659074481;true;0.031188375050154704;0.0;Infinity;0;D
user-a_session-29AF06B372FD52129AAB65DA477E308EC73CF0D44087D05DA8D39C7BE425D30E_analysis-10.csv;user-a;6;1659074482;true;0.04770914664049153;0.0;Infinity;0;D
user-a_session-29AF06B372FD52129AAB65DA477E308EC73CF0D44087D05DA8D39C7BE425D30E_analysis-10.csv;user-a;6;1659053583;true;0.23520673165821937;0.0;Infinity;0;D
user-a_session-29AF06B372FD52129AAB65DA477E308EC73CF0D44087D05DA8D39C7BE425D30E_analysis-10.csv;user-a;6;1659053584;true;0.23451947016891805;0.0;Infinity;0;D
user-a_session-29AF06B372FD52129AAB65DA477E308EC73CF0D44087D05DA8D39C7BE425D30E_analysis-10.csv;user-a;6;1659074477;true;0.29796616798485076;0.0;Infinity;0;D
user-a_session-29AF06B372FD52129AAB65DA477E308EC73CF0D44087D05DA8D39C7BE425D30E_analysis-10.csv;user-a;6;1659053585;true;0.24588280550520802;0.0;Infinity;0;D
user-a_session-29AF06B372FD52129AAB65DA477E308EC73CF0D44087D05DA8D39C7BE425D30E_analysis-10.csv;user-a;6;1659074476;true;0.45988487407570755;0.0;Infinity;0;D
user-a_session-29AF06B372FD52129AAB65DA477E308EC73CF0D44087D05DA8D39C7BE425D30E_analysis-10.csv;user-a;6;1659053586;true;0.24028047885000747;0.0;Infinity;0;D
user-a_session-29AF06B372FD52129AAB65DA477E308EC73CF0D44087D05DA8D39C7BE425D30E_analysis-10.csv;user-a;6;1659074479;true;0.17312268026541955;0.0;Infinity;0;D
user-a_session-29AF06B372FD52129AAB65DA477E308EC73CF0D44087D05DA8D39C7BE425D30E_analysis-10.csv;user-a;6;1659053587;true;0.23429063010891893;0.0;Infinity;0;D
user-a_session-29AF06B372FD52129AAB65DA477E308EC73CF0D44087D05DA8D39C7BE425D30E_analysis-10.csv;user-a;6;1659074478;true;0.22543201381401734;0.0;Infinity;0;D
user-a_session-29AF06B372FD52129AAB65DA477E308EC73CF0D44087D05DA8D39C7BE425D30E_analysis-10.csv;user-a;6;1659053588;true;0.24541328276046237;0.0;Infinity;0;D
user-a_session-29AF06B372FD52129AAB65DA477E308EC73CF0D44087D05DA8D39C7BE425D30E_analysis-10.csv;user-a;6;1659074473;true;0.35631182715997645;0.0;Infinity;0;D
user-a_session-29AF06B372FD52129AAB65DA477E308EC73CF0D44087D05DA8D39C7BE425D30E_analysis-10.csv;user-a;6;1659074475;true;0.4272436834521759;0.0;Infinity;0;D
user-a_session-29AF06B372FD52129AAB65DA477E308EC73CF0D44087D05DA8D39C7BE425D30E_analysis-10.csv;user-a;6;1659074474;true;0.39275844430665785;0.0;Infinity;0;D
