session ;user;query position;cell hashcode;novelty;outlierness;relevance;surprise;query label;session label
user-a_session-29AF06B372FD52129AAB65DA477E308EC73CF0D44087D05DA8D39C7BE425D30E_analysis-7.csv;user-a;1;-1120503911;false;0.43952341203613765;1.0;25.319176557130014;0;A
user-a_session-29AF06B372FD52129AAB65DA477E308EC73CF0D44087D05DA8D39C7BE425D30E_analysis-7.csv;user-a;1;-943318421;false;0.48311986710576327;1.0;25.319176557130014;0;A
user-a_session-29AF06B372FD52129AAB65DA477E308EC73CF0D44087D05DA8D39C7BE425D30E_analysis-7.csv;user-a;1;-728483002;false;0.08035345583627318;1.0;25.319176557130014;0;A
user-a_session-29AF06B372FD52129AAB65DA477E308EC73CF0D44087D05DA8D39C7BE425D30E_analysis-7.csv;user-a;1;-1666786583;false;0.05765444481190585;1.0;25.319176557130014;0;A
user-a_session-29AF06B372FD52129AAB65DA477E308EC73CF0D44087D05DA8D39C7BE425D30E_analysis-7.csv;user-a;1;-1627985141;false;0.20963376768549913;1.0;25.319176557130014;0;A
user-a_session-29AF06B372FD52129AAB65DA477E308EC73CF0D44087D05DA8D39C7BE425D30E_analysis-7.csv;user-a;1;-481075126;false;0.46830592380137503;1.0;25.319176557130014;0;A
user-a_session-29AF06B372FD52129AAB65DA477E308EC73CF0D44087D05DA8D39C7BE425D30E_analysis-7.csv;user-a;1;1781502284;false;0.03306882028816083;1.0;25.319176557130014;0;A
user-a_session-29AF06B372FD52129AAB65DA477E308EC73CF0D44087D05DA8D39C7BE425D30E_analysis-7.csv;user-a;1;-1464537009;false;0.19789319248878956;1.0;25.319176557130014;0;A
user-a_session-29AF06B372FD52129AAB65DA477E308EC73CF0D44087D05DA8D39C7BE425D30E_analysis-7.csv;user-a;1;-78583711;false;0.1482657140564656;1.0;25.319176557130014;0;A
user-a_session-29AF06B372FD52129AAB65DA477E308EC73CF0D44087D05DA8D39C7BE425D30E_analysis-7.csv;user-a;1;-1927930493;false;0.22050112684110224;1.0;25.319176557130014;0;A
user-a_session-29AF06B372FD52129AAB65DA477E308EC73CF0D44087D05DA8D39C7BE425D30E_analysis-7.csv;user-a;1;605351513;false;0.31086623204058905;1.0;21.668518315836273;0;A
user-a_session-29AF06B372FD52129AAB65DA477E308EC73CF0D44087D05DA8D39C7BE425D30E_analysis-7.csv;user-a;1;396611947;false;0.3807457483759261;1.0;25.319176557130014;0;A
user-a_session-29AF06B372FD52129AAB65DA477E308EC73CF0D44087D05DA8D39C7BE425D30E_analysis-7.csv;user-a;1;496368243;false;0.19284914520095364;1.0;25.319176557130014;0;A
user-a_session-29AF06B372FD52129AAB65DA477E308EC73CF0D44087D05DA8D39C7BE425D30E_analysis-7.csv;user-a;2;1938791358;false;0.2055088114998136;1.0;25.457959467770117;0;A
user-a_session-29AF06B372FD52129AAB65DA477E308EC73CF0D44087D05DA8D39C7BE425D30E_analysis-7.csv;user-a;2;120265338;false;0.4670937394272473;1.0;25.457959467770117;0;A
user-a_session-29AF06B372FD52129AAB65DA477E308EC73CF0D44087D05DA8D39C7BE425D30E_analysis-7.csv;user-a;2;1940783047;false;0.4636460503879064;1.0;25.457959467770117;0;A
user-a_session-29AF06B372FD52129AAB65DA477E308EC73CF0D44087D05DA8D39C7BE425D30E_analysis-7.csv;user-a;2;2002975532;false;0.08253840613787233;1.0;25.457959467770117;0;A
user-a_session-29AF06B372FD52129AAB65DA477E308EC73CF0D44087D05DA8D39C7BE425D30E_analysis-7.csv;user-a;2;288336865;false;0.20679899611851882;1.0;25.457959467770117;0;A
user-a_session-29AF06B372FD52129AAB65DA477E308EC73CF0D44087D05DA8D39C7BE425D30E_analysis-7.csv;user-a;2;2022258518;false;0.08725245272106297;1.0;25.457959467770117;0;A
user-a_session-29AF06B372FD52129AAB65DA477E308EC73CF0D44087D05DA8D39C7BE425D30E_analysis-7.csv;user-a;2;2007775792;false;0.17552473580092998;1.0;25.457959467770117;0;A
user-a_session-29AF06B372FD52129AAB65DA477E308EC73CF0D44087D05DA8D39C7BE425D30E_analysis-7.csv;user-a;3;-1863764277;false;0.12410653949496198;1.0;26.17719445768439;0;A
user-a_session-29AF06B372FD52129AAB65DA477E308EC73CF0D44087D05DA8D39C7BE425D30E_analysis-7.csv;user-a;3;1312013787;false;0.28185143082538655;1.0;26.17719445768439;0;A
user-a_session-29AF06B372FD52129AAB65DA477E308EC73CF0D44087D05DA8D39C7BE425D30E_analysis-7.csv;user-a;3;7261785;false;0.28185143082538655;1.0;26.17719445768439;0;A
