session ;user;query position;cell hashcode;novelty;outlierness;relevance;surprise;query label;session label
user-I301280_session-97AFC965ABF526B36B105A3821C9BD1C9F1390DB3D7B2B07D7C6A16AF3061CF2_analysis-1.csv;user-I301280;1;1085702289;true;0.4283303742348382;0.0;Infinity;1;A
user-I301280_session-97AFC965ABF526B36B105A3821C9BD1C9F1390DB3D7B2B07D7C6A16AF3061CF2_analysis-1.csv;user-I301280;1;-1023256855;true;0.29500057843984506;0.0;Infinity;1;A
user-I301280_session-97AFC965ABF526B36B105A3821C9BD1C9F1390DB3D7B2B07D7C6A16AF3061CF2_analysis-1.csv;user-I301280;1;-2093678140;true;0.21582877967133118;0.0;Infinity;1;A
user-I301280_session-97AFC965ABF526B36B105A3821C9BD1C9F1390DB3D7B2B07D7C6A16AF3061CF2_analysis-1.csv;user-I301280;1;-561341799;true;0.2850379421808138;0.0;Infinity;1;A
user-I301280_session-97AFC965ABF526B36B105A3821C9BD1C9F1390DB3D7B2B07D7C6A16AF3061CF2_analysis-1.csv;user-I301280;1;-561334336;true;0.41720118635513503;0.0;Infinity;1;A
user-I301280_session-97AFC965ABF526B36B105A3821C9BD1C9F1390DB3D7B2B07D7C6A16AF3061CF2_analysis-1.csv;user-I301280;1;-561353221;true;0.02733027546268174;0.0;Infinity;1;A
user-I301280_session-97AFC965ABF526B36B105A3821C9BD1C9F1390DB3D7B2B07D7C6A16AF3061CF2_analysis-1.csv;user-I301280;2;1085702289;true;0.4283303742348382;0.0;Infinity;1;A
user-I301280_session-97AFC965ABF526B36B105A3821C9BD1C9F1390DB3D7B2B07D7C6A16AF3061CF2_analysis-1.csv;user-I301280;2;-1023256855;true;0.29500057843984506;0.0;Infinity;1;A
user-I301280_session-97AFC965ABF526B36B105A3821C9BD1C9F1390DB3D7B2B07D7C6A16AF3061CF2_analysis-1.csv;user-I301280;2;-2093678140;true;0.21582877967133118;0.0;Infinity;1;A
user-I301280_session-97AFC965ABF526B36B105A3821C9BD1C9F1390DB3D7B2B07D7C6A16AF3061CF2_analysis-1.csv;user-I301280;2;-561341799;true;0.2850379421808138;0.0;Infinity;1;A
user-I301280_session-97AFC965ABF526B36B105A3821C9BD1C9F1390DB3D7B2B07D7C6A16AF3061CF2_analysis-1.csv;user-I301280;2;-561334336;true;0.41720118635513503;0.0;Infinity;1;A
user-I301280_session-97AFC965ABF526B36B105A3821C9BD1C9F1390DB3D7B2B07D7C6A16AF3061CF2_analysis-1.csv;user-I301280;2;-561353221;true;0.02733027546268174;0.0;Infinity;1;A
user-I301280_session-97AFC965ABF526B36B105A3821C9BD1C9F1390DB3D7B2B07D7C6A16AF3061CF2_analysis-1.csv;user-I301280;3;1085702289;true;0.4283303742348382;0.0;Infinity;1;A
user-I301280_session-97AFC965ABF526B36B105A3821C9BD1C9F1390DB3D7B2B07D7C6A16AF3061CF2_analysis-1.csv;user-I301280;3;-1023256855;true;0.29500057843984506;0.0;Infinity;1;A
user-I301280_session-97AFC965ABF526B36B105A3821C9BD1C9F1390DB3D7B2B07D7C6A16AF3061CF2_analysis-1.csv;user-I301280;3;-2093678140;true;0.21582877967133118;0.0;Infinity;1;A
user-I301280_session-97AFC965ABF526B36B105A3821C9BD1C9F1390DB3D7B2B07D7C6A16AF3061CF2_analysis-1.csv;user-I301280;3;-561341799;true;0.2850379421808138;0.0;Infinity;1;A
user-I301280_session-97AFC965ABF526B36B105A3821C9BD1C9F1390DB3D7B2B07D7C6A16AF3061CF2_analysis-1.csv;user-I301280;3;-561334336;true;0.41720118635513503;0.0;Infinity;1;A
user-I301280_session-97AFC965ABF526B36B105A3821C9BD1C9F1390DB3D7B2B07D7C6A16AF3061CF2_analysis-1.csv;user-I301280;3;-561353221;true;0.02733027546268174;0.0;Infinity;1;A
user-I301280_session-97AFC965ABF526B36B105A3821C9BD1C9F1390DB3D7B2B07D7C6A16AF3061CF2_analysis-1.csv;user-I301280;4;1085702289;true;0.4283303742348382;0.0;Infinity;1;A
user-I301280_session-97AFC965ABF526B36B105A3821C9BD1C9F1390DB3D7B2B07D7C6A16AF3061CF2_analysis-1.csv;user-I301280;4;-1023256855;true;0.29500057843984506;0.0;Infinity;1;A
user-I301280_session-97AFC965ABF526B36B105A3821C9BD1C9F1390DB3D7B2B07D7C6A16AF3061CF2_analysis-1.csv;user-I301280;4;-2093678140;true;0.21582877967133118;0.0;Infinity;1;A
user-I301280_session-97AFC965ABF526B36B105A3821C9BD1C9F1390DB3D7B2B07D7C6A16AF3061CF2_analysis-1.csv;user-I301280;4;-561341799;true;0.2850379421808138;0.0;Infinity;1;A
user-I301280_session-97AFC965ABF526B36B105A3821C9BD1C9F1390DB3D7B2B07D7C6A16AF3061CF2_analysis-1.csv;user-I301280;4;-561334336;true;0.41720118635513503;0.0;Infinity;1;A
user-I301280_session-97AFC965ABF526B36B105A3821C9BD1C9F1390DB3D7B2B07D7C6A16AF3061CF2_analysis-1.csv;user-I301280;4;-561353221;true;0.02733027546268174;0.0;Infinity;1;A
user-I301280_session-97AFC965ABF526B36B105A3821C9BD1C9F1390DB3D7B2B07D7C6A16AF3061CF2_analysis-1.csv;user-I301280;5;-1234309182;true;NaN;0.0;Infinity;1;A
user-I301280_session-97AFC965ABF526B36B105A3821C9BD1C9F1390DB3D7B2B07D7C6A16AF3061CF2_analysis-1.csv;user-I301280;6;-827641649;true;0.25677972032857277;0.0;Infinity;1;A
user-I301280_session-97AFC965ABF526B36B105A3821C9BD1C9F1390DB3D7B2B07D7C6A16AF3061CF2_analysis-1.csv;user-I301280;6;-1943228516;true;0.45338552032486;0.0;Infinity;1;A
user-I301280_session-97AFC965ABF526B36B105A3821C9BD1C9F1390DB3D7B2B07D7C6A16AF3061CF2_analysis-1.csv;user-I301280;6;242779636;true;0.30404018553138945;0.0;Infinity;1;A
user-I301280_session-97AFC965ABF526B36B105A3821C9BD1C9F1390DB3D7B2B07D7C6A16AF3061CF2_analysis-1.csv;user-I301280;6;704683270;true;0.02458979080523771;0.0;Infinity;1;A
user-I301280_session-97AFC965ABF526B36B105A3821C9BD1C9F1390DB3D7B2B07D7C6A16AF3061CF2_analysis-1.csv;user-I301280;6;704702155;true;0.34285187796959127;0.0;Infinity;1;A
user-I301280_session-97AFC965ABF526B36B105A3821C9BD1C9F1390DB3D7B2B07D7C6A16AF3061CF2_analysis-1.csv;user-I301280;6;704694692;true;0.3038600049658874;0.0;Infinity;1;A
user-I301280_session-97AFC965ABF526B36B105A3821C9BD1C9F1390DB3D7B2B07D7C6A16AF3061CF2_analysis-1.csv;user-I301280;7;-827641649;true;0.25677972032857277;0.0;Infinity;1;A
user-I301280_session-97AFC965ABF526B36B105A3821C9BD1C9F1390DB3D7B2B07D7C6A16AF3061CF2_analysis-1.csv;user-I301280;7;-1943228516;true;0.45338552032486;0.0;Infinity;1;A
user-I301280_session-97AFC965ABF526B36B105A3821C9BD1C9F1390DB3D7B2B07D7C6A16AF3061CF2_analysis-1.csv;user-I301280;7;242779636;true;0.30404018553138945;0.0;Infinity;1;A
user-I301280_session-97AFC965ABF526B36B105A3821C9BD1C9F1390DB3D7B2B07D7C6A16AF3061CF2_analysis-1.csv;user-I301280;7;704683270;true;0.02458979080523771;0.0;Infinity;1;A
user-I301280_session-97AFC965ABF526B36B105A3821C9BD1C9F1390DB3D7B2B07D7C6A16AF3061CF2_analysis-1.csv;user-I301280;7;704702155;true;0.34285187796959127;0.0;Infinity;1;A
user-I301280_session-97AFC965ABF526B36B105A3821C9BD1C9F1390DB3D7B2B07D7C6A16AF3061CF2_analysis-1.csv;user-I301280;7;704694692;true;0.3038600049658874;0.0;Infinity;1;A
user-I301280_session-97AFC965ABF526B36B105A3821C9BD1C9F1390DB3D7B2B07D7C6A16AF3061CF2_analysis-1.csv;user-I301280;8;-827641649;true;0.25677972032857277;0.0;Infinity;1;A
user-I301280_session-97AFC965ABF526B36B105A3821C9BD1C9F1390DB3D7B2B07D7C6A16AF3061CF2_analysis-1.csv;user-I301280;8;-1943228516;true;0.45338552032486;0.0;Infinity;1;A
user-I301280_session-97AFC965ABF526B36B105A3821C9BD1C9F1390DB3D7B2B07D7C6A16AF3061CF2_analysis-1.csv;user-I301280;8;242779636;true;0.30404018553138945;0.0;Infinity;1;A
user-I301280_session-97AFC965ABF526B36B105A3821C9BD1C9F1390DB3D7B2B07D7C6A16AF3061CF2_analysis-1.csv;user-I301280;8;704683270;true;0.02458979080523771;0.0;Infinity;1;A
user-I301280_session-97AFC965ABF526B36B105A3821C9BD1C9F1390DB3D7B2B07D7C6A16AF3061CF2_analysis-1.csv;user-I301280;8;704702155;true;0.34285187796959127;0.0;Infinity;1;A
user-I301280_session-97AFC965ABF526B36B105A3821C9BD1C9F1390DB3D7B2B07D7C6A16AF3061CF2_analysis-1.csv;user-I301280;8;704694692;true;0.3038600049658874;0.0;Infinity;1;A
user-I301280_session-97AFC965ABF526B36B105A3821C9BD1C9F1390DB3D7B2B07D7C6A16AF3061CF2_analysis-1.csv;user-I301280;9;-827641649;true;0.25677972032857277;0.0;Infinity;1;A
user-I301280_session-97AFC965ABF526B36B105A3821C9BD1C9F1390DB3D7B2B07D7C6A16AF3061CF2_analysis-1.csv;user-I301280;9;-1943228516;true;0.45338552032486;0.0;Infinity;1;A
user-I301280_session-97AFC965ABF526B36B105A3821C9BD1C9F1390DB3D7B2B07D7C6A16AF3061CF2_analysis-1.csv;user-I301280;9;242779636;true;0.30404018553138945;0.0;Infinity;1;A
user-I301280_session-97AFC965ABF526B36B105A3821C9BD1C9F1390DB3D7B2B07D7C6A16AF3061CF2_analysis-1.csv;user-I301280;9;704683270;true;0.02458979080523771;0.0;Infinity;1;A
user-I301280_session-97AFC965ABF526B36B105A3821C9BD1C9F1390DB3D7B2B07D7C6A16AF3061CF2_analysis-1.csv;user-I301280;9;704702155;true;0.34285187796959127;0.0;Infinity;1;A
user-I301280_session-97AFC965ABF526B36B105A3821C9BD1C9F1390DB3D7B2B07D7C6A16AF3061CF2_analysis-1.csv;user-I301280;9;704694692;true;0.3038600049658874;0.0;Infinity;1;A
user-I301280_session-97AFC965ABF526B36B105A3821C9BD1C9F1390DB3D7B2B07D7C6A16AF3061CF2_analysis-1.csv;user-I301280;10;-827641649;true;0.25677972032857277;0.0;Infinity;1;A
user-I301280_session-97AFC965ABF526B36B105A3821C9BD1C9F1390DB3D7B2B07D7C6A16AF3061CF2_analysis-1.csv;user-I301280;10;-1943228516;true;0.45338552032486;0.0;Infinity;1;A
user-I301280_session-97AFC965ABF526B36B105A3821C9BD1C9F1390DB3D7B2B07D7C6A16AF3061CF2_analysis-1.csv;user-I301280;10;242779636;true;0.30404018553138945;0.0;Infinity;1;A
user-I301280_session-97AFC965ABF526B36B105A3821C9BD1C9F1390DB3D7B2B07D7C6A16AF3061CF2_analysis-1.csv;user-I301280;10;704683270;true;0.02458979080523771;0.0;Infinity;1;A
user-I301280_session-97AFC965ABF526B36B105A3821C9BD1C9F1390DB3D7B2B07D7C6A16AF3061CF2_analysis-1.csv;user-I301280;10;704702155;true;0.34285187796959127;0.0;Infinity;1;A
user-I301280_session-97AFC965ABF526B36B105A3821C9BD1C9F1390DB3D7B2B07D7C6A16AF3061CF2_analysis-1.csv;user-I301280;10;704694692;true;0.3038600049658874;0.0;Infinity;1;A
