session ;user;query position;cell hashcode;novelty;outlierness;relevance;surprise;query label;session label
user-I050582_session-9E660CDDDD20A34952D94F30C37A47CC7CAA6D82FDC1E2C23E4317D98C53AFFD_analysis-7.csv;user-I050582;1;-1120503911;true;0.43952341203613765;0.0;Infinity;1;A
user-I050582_session-9E660CDDDD20A34952D94F30C37A47CC7CAA6D82FDC1E2C23E4317D98C53AFFD_analysis-7.csv;user-I050582;1;-943318421;true;0.48311986710576327;0.0;Infinity;1;A
user-I050582_session-9E660CDDDD20A34952D94F30C37A47CC7CAA6D82FDC1E2C23E4317D98C53AFFD_analysis-7.csv;user-I050582;1;-728483002;true;0.08035345583627318;0.0;Infinity;1;A
user-I050582_session-9E660CDDDD20A34952D94F30C37A47CC7CAA6D82FDC1E2C23E4317D98C53AFFD_analysis-7.csv;user-I050582;1;-1666786583;true;0.05765444481190585;0.0;Infinity;1;A
user-I050582_session-9E660CDDDD20A34952D94F30C37A47CC7CAA6D82FDC1E2C23E4317D98C53AFFD_analysis-7.csv;user-I050582;1;-1627985141;true;0.20963376768549913;0.0;Infinity;1;A
user-I050582_session-9E660CDDDD20A34952D94F30C37A47CC7CAA6D82FDC1E2C23E4317D98C53AFFD_analysis-7.csv;user-I050582;1;-481075126;true;0.46830592380137503;0.0;Infinity;1;A
user-I050582_session-9E660CDDDD20A34952D94F30C37A47CC7CAA6D82FDC1E2C23E4317D98C53AFFD_analysis-7.csv;user-I050582;1;1781502284;true;0.03306882028816083;0.0;Infinity;1;A
user-I050582_session-9E660CDDDD20A34952D94F30C37A47CC7CAA6D82FDC1E2C23E4317D98C53AFFD_analysis-7.csv;user-I050582;1;-1464537009;true;0.19789319248878956;0.0;Infinity;1;A
user-I050582_session-9E660CDDDD20A34952D94F30C37A47CC7CAA6D82FDC1E2C23E4317D98C53AFFD_analysis-7.csv;user-I050582;1;-78583711;true;0.1482657140564656;0.0;Infinity;1;A
user-I050582_session-9E660CDDDD20A34952D94F30C37A47CC7CAA6D82FDC1E2C23E4317D98C53AFFD_analysis-7.csv;user-I050582;1;-1927930493;true;0.22050112684110224;0.0;Infinity;1;A
user-I050582_session-9E660CDDDD20A34952D94F30C37A47CC7CAA6D82FDC1E2C23E4317D98C53AFFD_analysis-7.csv;user-I050582;1;605351513;true;0.31086623204058905;0.0;Infinity;1;A
user-I050582_session-9E660CDDDD20A34952D94F30C37A47CC7CAA6D82FDC1E2C23E4317D98C53AFFD_analysis-7.csv;user-I050582;1;396611947;true;0.3807457483759261;0.0;Infinity;1;A
user-I050582_session-9E660CDDDD20A34952D94F30C37A47CC7CAA6D82FDC1E2C23E4317D98C53AFFD_analysis-7.csv;user-I050582;1;496368243;true;0.19284914520095364;0.0;Infinity;1;A
user-I050582_session-9E660CDDDD20A34952D94F30C37A47CC7CAA6D82FDC1E2C23E4317D98C53AFFD_analysis-7.csv;user-I050582;2;-1120503911;true;0.43952341203613765;0.0;Infinity;1;A
user-I050582_session-9E660CDDDD20A34952D94F30C37A47CC7CAA6D82FDC1E2C23E4317D98C53AFFD_analysis-7.csv;user-I050582;2;-943318421;true;0.48311986710576327;0.0;Infinity;1;A
user-I050582_session-9E660CDDDD20A34952D94F30C37A47CC7CAA6D82FDC1E2C23E4317D98C53AFFD_analysis-7.csv;user-I050582;2;-728483002;true;0.08035345583627318;0.0;Infinity;1;A
user-I050582_session-9E660CDDDD20A34952D94F30C37A47CC7CAA6D82FDC1E2C23E4317D98C53AFFD_analysis-7.csv;user-I050582;2;-1666786583;true;0.05765444481190585;0.0;Infinity;1;A
user-I050582_session-9E660CDDDD20A34952D94F30C37A47CC7CAA6D82FDC1E2C23E4317D98C53AFFD_analysis-7.csv;user-I050582;2;-1627985141;true;0.20963376768549913;0.0;Infinity;1;A
user-I050582_session-9E660CDDDD20A34952D94F30C37A47CC7CAA6D82FDC1E2C23E4317D98C53AFFD_analysis-7.csv;user-I050582;2;-481075126;true;0.46830592380137503;0.0;Infinity;1;A
user-I050582_session-9E660CDDDD20A34952D94F30C37A47CC7CAA6D82FDC1E2C23E4317D98C53AFFD_analysis-7.csv;user-I050582;2;1781502284;true;0.03306882028816083;0.0;Infinity;1;A
user-I050582_session-9E660CDDDD20A34952D94F30C37A47CC7CAA6D82FDC1E2C23E4317D98C53AFFD_analysis-7.csv;user-I050582;2;-1464537009;true;0.19789319248878956;0.0;Infinity;1;A
user-I050582_session-9E660CDDDD20A34952D94F30C37A47CC7CAA6D82FDC1E2C23E4317D98C53AFFD_analysis-7.csv;user-I050582;2;-78583711;true;0.1482657140564656;0.0;Infinity;1;A
user-I050582_session-9E660CDDDD20A34952D94F30C37A47CC7CAA6D82FDC1E2C23E4317D98C53AFFD_analysis-7.csv;user-I050582;2;-1927930493;true;0.22050112684110224;0.0;Infinity;1;A
user-I050582_session-9E660CDDDD20A34952D94F30C37A47CC7CAA6D82FDC1E2C23E4317D98C53AFFD_analysis-7.csv;user-I050582;2;605351513;true;0.31086623204058905;0.0;Infinity;1;A
user-I050582_session-9E660CDDDD20A34952D94F30C37A47CC7CAA6D82FDC1E2C23E4317D98C53AFFD_analysis-7.csv;user-I050582;2;396611947;true;0.3807457483759261;0.0;Infinity;1;A
user-I050582_session-9E660CDDDD20A34952D94F30C37A47CC7CAA6D82FDC1E2C23E4317D98C53AFFD_analysis-7.csv;user-I050582;2;496368243;true;0.19284914520095364;0.0;Infinity;1;A
