session ;user;query position;cell hashcode;novelty;outlierness;relevance;surprise;query label;session label
user-I051069_session-687ECC64E4980354EB0247A82F3E2C895961472A05E14D1ACBD44B5029F9DAA2_analysis-7.csv;user-I051069;1;-1120503911;true;0.43952341203613765;0.0;Infinity;0;A
user-I051069_session-687ECC64E4980354EB0247A82F3E2C895961472A05E14D1ACBD44B5029F9DAA2_analysis-7.csv;user-I051069;1;-943318421;true;0.48311986710576327;0.0;Infinity;0;A
user-I051069_session-687ECC64E4980354EB0247A82F3E2C895961472A05E14D1ACBD44B5029F9DAA2_analysis-7.csv;user-I051069;1;-728483002;true;0.08035345583627318;0.0;Infinity;0;A
user-I051069_session-687ECC64E4980354EB0247A82F3E2C895961472A05E14D1ACBD44B5029F9DAA2_analysis-7.csv;user-I051069;1;-1666786583;true;0.05765444481190585;0.0;Infinity;0;A
user-I051069_session-687ECC64E4980354EB0247A82F3E2C895961472A05E14D1ACBD44B5029F9DAA2_analysis-7.csv;user-I051069;1;-1627985141;true;0.20963376768549913;0.0;Infinity;0;A
user-I051069_session-687ECC64E4980354EB0247A82F3E2C895961472A05E14D1ACBD44B5029F9DAA2_analysis-7.csv;user-I051069;1;-481075126;true;0.46830592380137503;0.0;Infinity;0;A
user-I051069_session-687ECC64E4980354EB0247A82F3E2C895961472A05E14D1ACBD44B5029F9DAA2_analysis-7.csv;user-I051069;1;1781502284;true;0.03306882028816083;0.0;Infinity;0;A
user-I051069_session-687ECC64E4980354EB0247A82F3E2C895961472A05E14D1ACBD44B5029F9DAA2_analysis-7.csv;user-I051069;1;-1464537009;true;0.19789319248878956;0.0;Infinity;0;A
user-I051069_session-687ECC64E4980354EB0247A82F3E2C895961472A05E14D1ACBD44B5029F9DAA2_analysis-7.csv;user-I051069;1;-78583711;true;0.1482657140564656;0.0;Infinity;0;A
user-I051069_session-687ECC64E4980354EB0247A82F3E2C895961472A05E14D1ACBD44B5029F9DAA2_analysis-7.csv;user-I051069;1;-1927930493;true;0.22050112684110224;0.0;Infinity;0;A
user-I051069_session-687ECC64E4980354EB0247A82F3E2C895961472A05E14D1ACBD44B5029F9DAA2_analysis-7.csv;user-I051069;1;605351513;true;0.31086623204058905;1.0;Infinity;0;A
user-I051069_session-687ECC64E4980354EB0247A82F3E2C895961472A05E14D1ACBD44B5029F9DAA2_analysis-7.csv;user-I051069;1;396611947;true;0.3807457483759261;0.0;Infinity;0;A
user-I051069_session-687ECC64E4980354EB0247A82F3E2C895961472A05E14D1ACBD44B5029F9DAA2_analysis-7.csv;user-I051069;1;496368243;true;0.19284914520095364;0.0;Infinity;0;A
user-I051069_session-687ECC64E4980354EB0247A82F3E2C895961472A05E14D1ACBD44B5029F9DAA2_analysis-7.csv;user-I051069;2;-1120503911;true;0.43952341203613765;0.0;Infinity;0;A
user-I051069_session-687ECC64E4980354EB0247A82F3E2C895961472A05E14D1ACBD44B5029F9DAA2_analysis-7.csv;user-I051069;2;-943318421;true;0.48311986710576327;0.0;Infinity;0;A
user-I051069_session-687ECC64E4980354EB0247A82F3E2C895961472A05E14D1ACBD44B5029F9DAA2_analysis-7.csv;user-I051069;2;-728483002;true;0.08035345583627318;0.0;Infinity;0;A
user-I051069_session-687ECC64E4980354EB0247A82F3E2C895961472A05E14D1ACBD44B5029F9DAA2_analysis-7.csv;user-I051069;2;-1666786583;true;0.05765444481190585;0.0;Infinity;0;A
user-I051069_session-687ECC64E4980354EB0247A82F3E2C895961472A05E14D1ACBD44B5029F9DAA2_analysis-7.csv;user-I051069;2;-1627985141;true;0.20963376768549913;0.0;Infinity;0;A
user-I051069_session-687ECC64E4980354EB0247A82F3E2C895961472A05E14D1ACBD44B5029F9DAA2_analysis-7.csv;user-I051069;2;-481075126;true;0.46830592380137503;0.0;Infinity;0;A
user-I051069_session-687ECC64E4980354EB0247A82F3E2C895961472A05E14D1ACBD44B5029F9DAA2_analysis-7.csv;user-I051069;2;1781502284;true;0.03306882028816083;0.0;Infinity;0;A
user-I051069_session-687ECC64E4980354EB0247A82F3E2C895961472A05E14D1ACBD44B5029F9DAA2_analysis-7.csv;user-I051069;2;-1464537009;true;0.19789319248878956;0.0;Infinity;0;A
user-I051069_session-687ECC64E4980354EB0247A82F3E2C895961472A05E14D1ACBD44B5029F9DAA2_analysis-7.csv;user-I051069;2;-78583711;true;0.1482657140564656;0.0;Infinity;0;A
user-I051069_session-687ECC64E4980354EB0247A82F3E2C895961472A05E14D1ACBD44B5029F9DAA2_analysis-7.csv;user-I051069;2;-1927930493;true;0.22050112684110224;0.0;Infinity;0;A
user-I051069_session-687ECC64E4980354EB0247A82F3E2C895961472A05E14D1ACBD44B5029F9DAA2_analysis-7.csv;user-I051069;2;605351513;true;0.31086623204058905;1.0;Infinity;0;A
user-I051069_session-687ECC64E4980354EB0247A82F3E2C895961472A05E14D1ACBD44B5029F9DAA2_analysis-7.csv;user-I051069;2;396611947;true;0.3807457483759261;0.0;Infinity;0;A
user-I051069_session-687ECC64E4980354EB0247A82F3E2C895961472A05E14D1ACBD44B5029F9DAA2_analysis-7.csv;user-I051069;2;496368243;true;0.19284914520095364;0.0;Infinity;0;A
user-I051069_session-687ECC64E4980354EB0247A82F3E2C895961472A05E14D1ACBD44B5029F9DAA2_analysis-7.csv;user-I051069;3;-277026724;true;NaN;0.07692307692307693;Infinity;0;A
