session ;user;query position;cell hashcode;novelty;outlierness;relevance;surprise;query label;session label
user-I316785_session-0001BDAD11490DEA53791D77A9DD35BBD6DDA9EC2E01D78617538C4CBBFE4521_analysis-1.csv;user-I316785;1;-248491594;true;0.4805432153029461;0.0;Infinity;0;A
user-I316785_session-0001BDAD11490DEA53791D77A9DD35BBD6DDA9EC2E01D78617538C4CBBFE4521_analysis-1.csv;user-I316785;1;-321453845;true;0.017413636710939873;0.0;Infinity;0;A
user-I316785_session-0001BDAD11490DEA53791D77A9DD35BBD6DDA9EC2E01D78617538C4CBBFE4521_analysis-1.csv;user-I316785;1;1489810226;true;0.4766343194271627;0.0;Infinity;0;A
user-I316785_session-0001BDAD11490DEA53791D77A9DD35BBD6DDA9EC2E01D78617538C4CBBFE4521_analysis-1.csv;user-I316785;1;-632117489;true;0.21687859584138924;0.0;Infinity;0;A
user-I316785_session-0001BDAD11490DEA53791D77A9DD35BBD6DDA9EC2E01D78617538C4CBBFE4521_analysis-1.csv;user-I316785;1;2015794297;true;0.08661530875581991;0.0;Infinity;0;A
user-I316785_session-0001BDAD11490DEA53791D77A9DD35BBD6DDA9EC2E01D78617538C4CBBFE4521_analysis-1.csv;user-I316785;1;-178146308;true;0.20381939301709484;0.0;Infinity;0;A
user-I316785_session-0001BDAD11490DEA53791D77A9DD35BBD6DDA9EC2E01D78617538C4CBBFE4521_analysis-1.csv;user-I316785;1;1951725282;true;0.4266589241664729;0.0;Infinity;0;A
user-I316785_session-0001BDAD11490DEA53791D77A9DD35BBD6DDA9EC2E01D78617538C4CBBFE4521_analysis-1.csv;user-I316785;1;1951732745;true;0.06076961450358542;0.0;Infinity;0;A
user-I316785_session-0001BDAD11490DEA53791D77A9DD35BBD6DDA9EC2E01D78617538C4CBBFE4521_analysis-1.csv;user-I316785;1;419388941;true;0.13003835421050014;0.0;Infinity;0;A
user-I316785_session-0001BDAD11490DEA53791D77A9DD35BBD6DDA9EC2E01D78617538C4CBBFE4521_analysis-1.csv;user-I316785;1;1468909202;true;0.2538416904747771;0.0;Infinity;0;A
user-I316785_session-0001BDAD11490DEA53791D77A9DD35BBD6DDA9EC2E01D78617538C4CBBFE4521_analysis-1.csv;user-I316785;1;1257473822;true;0.27606069070660944;0.0;Infinity;0;A
user-I316785_session-0001BDAD11490DEA53791D77A9DD35BBD6DDA9EC2E01D78617538C4CBBFE4521_analysis-1.csv;user-I316785;1;-389581688;true;0.31824491438535274;0.0;Infinity;0;A
user-I316785_session-0001BDAD11490DEA53791D77A9DD35BBD6DDA9EC2E01D78617538C4CBBFE4521_analysis-1.csv;user-I316785;1;1325601665;true;0.4728327495949247;0.0;Infinity;0;A
user-I316785_session-0001BDAD11490DEA53791D77A9DD35BBD6DDA9EC2E01D78617538C4CBBFE4521_analysis-1.csv;user-I316785;1;1398563916;true;0.2070321419472254;0.0;Infinity;0;A
