session ;user;query position;cell hashcode;novelty;outlierness;relevance;surprise;query label;session label
user-I051911_session-547BFC0A9BECA12855B0C21A1D028732A75106E4BFAC87C9590A6616878B5C90_analysis-10.csv;user-I051911;1;-1511595038;true;0.0037458536117600527;0.0;Infinity;0;B
user-I051911_session-547BFC0A9BECA12855B0C21A1D028732A75106E4BFAC87C9590A6616878B5C90_analysis-10.csv;user-I051911;1;-1511595037;true;0.004844951615894155;0.0;Infinity;0;B
user-I051911_session-547BFC0A9BECA12855B0C21A1D028732A75106E4BFAC87C9590A6616878B5C90_analysis-10.csv;user-I051911;1;-1511595039;true;0.011907002058503036;0.0;Infinity;0;B
user-I051911_session-547BFC0A9BECA12855B0C21A1D028732A75106E4BFAC87C9590A6616878B5C90_analysis-10.csv;user-I051911;1;-1511616025;true;0.09725518525998322;0.0;Infinity;0;B
user-I051911_session-547BFC0A9BECA12855B0C21A1D028732A75106E4BFAC87C9590A6616878B5C90_analysis-10.csv;user-I051911;1;-1511616026;true;0.09595971122669589;0.0;Infinity;0;B
user-I051911_session-547BFC0A9BECA12855B0C21A1D028732A75106E4BFAC87C9590A6616878B5C90_analysis-10.csv;user-I051911;1;-1511616023;true;0.10275224784030956;0.0;Infinity;0;B
user-I051911_session-547BFC0A9BECA12855B0C21A1D028732A75106E4BFAC87C9590A6616878B5C90_analysis-10.csv;user-I051911;1;-1511616024;true;0.0986541434572511;0.0;Infinity;0;B
user-I051911_session-547BFC0A9BECA12855B0C21A1D028732A75106E4BFAC87C9590A6616878B5C90_analysis-10.csv;user-I051911;1;-1511616021;true;0.11255941367426536;0.0;Infinity;0;B
user-I051911_session-547BFC0A9BECA12855B0C21A1D028732A75106E4BFAC87C9590A6616878B5C90_analysis-10.csv;user-I051911;1;-1511616022;true;0.10750287024941252;0.0;Infinity;0;B
user-I051911_session-547BFC0A9BECA12855B0C21A1D028732A75106E4BFAC87C9590A6616878B5C90_analysis-10.csv;user-I051911;1;-1511616019;true;0.12841248058570343;0.0;Infinity;0;B
user-I051911_session-547BFC0A9BECA12855B0C21A1D028732A75106E4BFAC87C9590A6616878B5C90_analysis-10.csv;user-I051911;1;-1511616020;true;0.12296444447645016;0.0;Infinity;0;B
user-I051911_session-547BFC0A9BECA12855B0C21A1D028732A75106E4BFAC87C9590A6616878B5C90_analysis-10.csv;user-I051911;1;-1511616017;true;0.13459066847930556;0.0;Infinity;0;B
user-I051911_session-547BFC0A9BECA12855B0C21A1D028732A75106E4BFAC87C9590A6616878B5C90_analysis-10.csv;user-I051911;1;-1511616018;true;0.12879618125715897;0.0;Infinity;0;B
user-I051911_session-547BFC0A9BECA12855B0C21A1D028732A75106E4BFAC87C9590A6616878B5C90_analysis-10.csv;user-I051911;1;-1511615924;true;0.4082924184378772;0.0;Infinity;0;B
user-I051911_session-547BFC0A9BECA12855B0C21A1D028732A75106E4BFAC87C9590A6616878B5C90_analysis-10.csv;user-I051911;1;-1511615992;true;0.20178156443651662;0.0;Infinity;0;B
user-I051911_session-547BFC0A9BECA12855B0C21A1D028732A75106E4BFAC87C9590A6616878B5C90_analysis-10.csv;user-I051911;1;-1511615991;true;0.23942970876220304;0.0;Infinity;0;B
user-I051911_session-547BFC0A9BECA12855B0C21A1D028732A75106E4BFAC87C9590A6616878B5C90_analysis-10.csv;user-I051911;1;-1511615990;true;0.28406064734592995;0.0;Infinity;0;B
user-I051911_session-547BFC0A9BECA12855B0C21A1D028732A75106E4BFAC87C9590A6616878B5C90_analysis-10.csv;user-I051911;1;-1511615989;true;0.28681016722504593;0.0;Infinity;0;B
user-I051911_session-547BFC0A9BECA12855B0C21A1D028732A75106E4BFAC87C9590A6616878B5C90_analysis-10.csv;user-I051911;1;-1511615928;true;0.42254332090459135;0.0;Infinity;0;B
user-I051911_session-547BFC0A9BECA12855B0C21A1D028732A75106E4BFAC87C9590A6616878B5C90_analysis-10.csv;user-I051911;1;-1511615988;true;0.3296743565210236;0.0;Infinity;0;B
user-I051911_session-547BFC0A9BECA12855B0C21A1D028732A75106E4BFAC87C9590A6616878B5C90_analysis-10.csv;user-I051911;1;-1511615927;true;0.36329022534278155;0.0;Infinity;0;B
user-I051911_session-547BFC0A9BECA12855B0C21A1D028732A75106E4BFAC87C9590A6616878B5C90_analysis-10.csv;user-I051911;1;-1511615987;true;0.3881376026575414;0.0;Infinity;0;B
user-I051911_session-547BFC0A9BECA12855B0C21A1D028732A75106E4BFAC87C9590A6616878B5C90_analysis-10.csv;user-I051911;1;-1511615926;true;0.3752084871549807;0.0;Infinity;0;B
user-I051911_session-547BFC0A9BECA12855B0C21A1D028732A75106E4BFAC87C9590A6616878B5C90_analysis-10.csv;user-I051911;1;-1511615986;true;0.4634384071897574;0.0;Infinity;0;B
user-I051911_session-547BFC0A9BECA12855B0C21A1D028732A75106E4BFAC87C9590A6616878B5C90_analysis-10.csv;user-I051911;1;-1511615925;true;0.39516675858339445;0.0;Infinity;0;B
user-I051911_session-547BFC0A9BECA12855B0C21A1D028732A75106E4BFAC87C9590A6616878B5C90_analysis-10.csv;user-I051911;1;-1511615932;true;0.3521810378770249;0.0;Infinity;0;B
user-I051911_session-547BFC0A9BECA12855B0C21A1D028732A75106E4BFAC87C9590A6616878B5C90_analysis-10.csv;user-I051911;1;-1511615931;true;0.41438626850571114;0.0;Infinity;0;B
user-I051911_session-547BFC0A9BECA12855B0C21A1D028732A75106E4BFAC87C9590A6616878B5C90_analysis-10.csv;user-I051911;1;-1511615930;true;0.4193783170151191;0.0;Infinity;0;B
user-I051911_session-547BFC0A9BECA12855B0C21A1D028732A75106E4BFAC87C9590A6616878B5C90_analysis-10.csv;user-I051911;1;-1511615929;true;0.47444426385210015;0.0;Infinity;0;B
user-I051911_session-547BFC0A9BECA12855B0C21A1D028732A75106E4BFAC87C9590A6616878B5C90_analysis-10.csv;user-I051911;1;-1511615995;true;0.14491808434556086;0.0;Infinity;0;B
user-I051911_session-547BFC0A9BECA12855B0C21A1D028732A75106E4BFAC87C9590A6616878B5C90_analysis-10.csv;user-I051911;1;-1511615994;true;0.15452116533764249;0.0;Infinity;0;B
user-I051911_session-547BFC0A9BECA12855B0C21A1D028732A75106E4BFAC87C9590A6616878B5C90_analysis-10.csv;user-I051911;1;-1511615933;true;0.4022206667968463;0.0;Infinity;0;B
user-I051911_session-547BFC0A9BECA12855B0C21A1D028732A75106E4BFAC87C9590A6616878B5C90_analysis-10.csv;user-I051911;1;-1511615993;true;0.16641850019177462;0.0;Infinity;0;B
user-I051911_session-547BFC0A9BECA12855B0C21A1D028732A75106E4BFAC87C9590A6616878B5C90_analysis-10.csv;user-I051911;1;-1511595070;true;0.45650551241167003;0.0;Infinity;0;B
user-I051911_session-547BFC0A9BECA12855B0C21A1D028732A75106E4BFAC87C9590A6616878B5C90_analysis-10.csv;user-I051911;1;-1511595069;true;0.4424558700825959;0.0;Infinity;0;B
user-I051911_session-547BFC0A9BECA12855B0C21A1D028732A75106E4BFAC87C9590A6616878B5C90_analysis-10.csv;user-I051911;1;-1511595068;true;0.41927630575413444;0.0;Infinity;0;B
user-I051911_session-547BFC0A9BECA12855B0C21A1D028732A75106E4BFAC87C9590A6616878B5C90_analysis-10.csv;user-I051911;1;-1511595067;true;0.3622130825735831;0.0;Infinity;0;B
user-I051911_session-547BFC0A9BECA12855B0C21A1D028732A75106E4BFAC87C9590A6616878B5C90_analysis-10.csv;user-I051911;1;-1511595066;true;0.28922355985916326;0.0;Infinity;0;B
user-I051911_session-547BFC0A9BECA12855B0C21A1D028732A75106E4BFAC87C9590A6616878B5C90_analysis-10.csv;user-I051911;1;-1511595065;true;0.2406548305906424;0.0;Infinity;0;B
user-I051911_session-547BFC0A9BECA12855B0C21A1D028732A75106E4BFAC87C9590A6616878B5C90_analysis-10.csv;user-I051911;1;-1511595064;true;0.19893503827321468;0.0;Infinity;0;B
user-I051911_session-547BFC0A9BECA12855B0C21A1D028732A75106E4BFAC87C9590A6616878B5C90_analysis-10.csv;user-I051911;1;-1511595063;true;0.10712163620633364;0.0;Infinity;0;B
user-I051911_session-547BFC0A9BECA12855B0C21A1D028732A75106E4BFAC87C9590A6616878B5C90_analysis-10.csv;user-I051911;1;-1511595062;true;0.0167979977174173;0.0;Infinity;0;B
user-I051911_session-547BFC0A9BECA12855B0C21A1D028732A75106E4BFAC87C9590A6616878B5C90_analysis-10.csv;user-I051911;1;-1511595061;true;0.019580355998580323;0.0;Infinity;0;B
user-I051911_session-547BFC0A9BECA12855B0C21A1D028732A75106E4BFAC87C9590A6616878B5C90_analysis-10.csv;user-I051911;1;-1511615958;true;0.49266289439576805;0.0;Infinity;0;B
user-I051911_session-547BFC0A9BECA12855B0C21A1D028732A75106E4BFAC87C9590A6616878B5C90_analysis-10.csv;user-I051911;1;-1511615957;true;0.45009270367142873;0.0;Infinity;0;B
user-I051911_session-547BFC0A9BECA12855B0C21A1D028732A75106E4BFAC87C9590A6616878B5C90_analysis-10.csv;user-I051911;1;-1511615960;true;0.41031174025847206;0.0;Infinity;0;B
user-I051911_session-547BFC0A9BECA12855B0C21A1D028732A75106E4BFAC87C9590A6616878B5C90_analysis-10.csv;user-I051911;1;-1511615959;true;0.4074719841013198;0.0;Infinity;0;B
user-I051911_session-547BFC0A9BECA12855B0C21A1D028732A75106E4BFAC87C9590A6616878B5C90_analysis-10.csv;user-I051911;1;-1511615956;true;0.39315754041070405;0.0;Infinity;0;B
user-I051911_session-547BFC0A9BECA12855B0C21A1D028732A75106E4BFAC87C9590A6616878B5C90_analysis-10.csv;user-I051911;1;-1511615955;true;0.43001582215917655;0.0;Infinity;0;B
user-I051911_session-547BFC0A9BECA12855B0C21A1D028732A75106E4BFAC87C9590A6616878B5C90_analysis-10.csv;user-I051911;1;-1511615962;true;0.4827737800480538;0.0;Infinity;0;B
user-I051911_session-547BFC0A9BECA12855B0C21A1D028732A75106E4BFAC87C9590A6616878B5C90_analysis-10.csv;user-I051911;1;-1511615961;true;0.45732406436320294;0.0;Infinity;0;B
user-I051911_session-547BFC0A9BECA12855B0C21A1D028732A75106E4BFAC87C9590A6616878B5C90_analysis-10.csv;user-I051911;1;-1511615964;true;0.4070762550730518;0.0;Infinity;0;B
user-I051911_session-547BFC0A9BECA12855B0C21A1D028732A75106E4BFAC87C9590A6616878B5C90_analysis-10.csv;user-I051911;1;-1511615963;true;0.4330941554882365;0.0;Infinity;0;B
user-I051911_session-547BFC0A9BECA12855B0C21A1D028732A75106E4BFAC87C9590A6616878B5C90_analysis-10.csv;user-I051911;2;-1947876358;true;NaN;0.0;Infinity;0;B
user-I051911_session-547BFC0A9BECA12855B0C21A1D028732A75106E4BFAC87C9590A6616878B5C90_analysis-10.csv;user-I051911;3;-1947876358;true;NaN;0.0;Infinity;0;B
user-I051911_session-547BFC0A9BECA12855B0C21A1D028732A75106E4BFAC87C9590A6616878B5C90_analysis-10.csv;user-I051911;4;1076123306;true;0.38268853563922045;0.0;Infinity;0;B
user-I051911_session-547BFC0A9BECA12855B0C21A1D028732A75106E4BFAC87C9590A6616878B5C90_analysis-10.csv;user-I051911;4;1070456875;true;0.363931166029387;0.0;Infinity;0;B
user-I051911_session-547BFC0A9BECA12855B0C21A1D028732A75106E4BFAC87C9590A6616878B5C90_analysis-10.csv;user-I051911;4;-1463507536;true;0.46903005214558;0.0;Infinity;0;B
user-I051911_session-547BFC0A9BECA12855B0C21A1D028732A75106E4BFAC87C9590A6616878B5C90_analysis-10.csv;user-I051911;4;942701074;true;0.4167566382202177;0.0;Infinity;0;B
user-I051911_session-547BFC0A9BECA12855B0C21A1D028732A75106E4BFAC87C9590A6616878B5C90_analysis-10.csv;user-I051911;4;-996657663;true;0.2753173052527913;0.0;Infinity;0;B
user-I051911_session-547BFC0A9BECA12855B0C21A1D028732A75106E4BFAC87C9590A6616878B5C90_analysis-10.csv;user-I051911;4;-1389810941;true;0.24035566390420804;0.0;Infinity;0;B
user-I051911_session-547BFC0A9BECA12855B0C21A1D028732A75106E4BFAC87C9590A6616878B5C90_analysis-10.csv;user-I051911;4;1003581449;true;0.36180637166872476;0.0;Infinity;0;B
user-I051911_session-547BFC0A9BECA12855B0C21A1D028732A75106E4BFAC87C9590A6616878B5C90_analysis-10.csv;user-I051911;4;116399818;true;0.2402246853589476;0.0;Infinity;0;B
user-I051911_session-547BFC0A9BECA12855B0C21A1D028732A75106E4BFAC87C9590A6616878B5C90_analysis-10.csv;user-I051911;4;526567908;true;0.24695393337204752;0.0;Infinity;0;B
user-I051911_session-547BFC0A9BECA12855B0C21A1D028732A75106E4BFAC87C9590A6616878B5C90_analysis-10.csv;user-I051911;4;-1150039595;true;0.40808913072063;0.0;Infinity;0;B
user-I051911_session-547BFC0A9BECA12855B0C21A1D028732A75106E4BFAC87C9590A6616878B5C90_analysis-10.csv;user-I051911;4;-678874322;true;0.24938145583279814;0.0;Infinity;0;B
user-I051911_session-547BFC0A9BECA12855B0C21A1D028732A75106E4BFAC87C9590A6616878B5C90_analysis-10.csv;user-I051911;4;-833510251;true;0.4414035523354777;0.0;Infinity;0;B
user-I051911_session-547BFC0A9BECA12855B0C21A1D028732A75106E4BFAC87C9590A6616878B5C90_analysis-10.csv;user-I051911;4;852785433;true;0.007001493252531077;0.0;Infinity;0;B
user-I051911_session-547BFC0A9BECA12855B0C21A1D028732A75106E4BFAC87C9590A6616878B5C90_analysis-10.csv;user-I051911;4;-1913350209;true;0.3874634896852087;0.0;Infinity;0;B
user-I051911_session-547BFC0A9BECA12855B0C21A1D028732A75106E4BFAC87C9590A6616878B5C90_analysis-10.csv;user-I051911;4;1267678652;true;0.29373899998794806;0.0;Infinity;0;B
user-I051911_session-547BFC0A9BECA12855B0C21A1D028732A75106E4BFAC87C9590A6616878B5C90_analysis-10.csv;user-I051911;4;1003359607;true;0.49066832017151774;0.0;Infinity;0;B
user-I051911_session-547BFC0A9BECA12855B0C21A1D028732A75106E4BFAC87C9590A6616878B5C90_analysis-10.csv;user-I051911;4;-69067550;true;0.21708664587590232;0.0;Infinity;0;B
user-I051911_session-547BFC0A9BECA12855B0C21A1D028732A75106E4BFAC87C9590A6616878B5C90_analysis-10.csv;user-I051911;4;-2056211866;true;2.1470724490169069E-4;0.0;Infinity;0;B
user-I051911_session-547BFC0A9BECA12855B0C21A1D028732A75106E4BFAC87C9590A6616878B5C90_analysis-10.csv;user-I051911;4;1065039382;true;0.27394340710554244;0.0;Infinity;0;B
user-I051911_session-547BFC0A9BECA12855B0C21A1D028732A75106E4BFAC87C9590A6616878B5C90_analysis-10.csv;user-I051911;4;635859642;true;0.09707246082622856;0.0;Infinity;0;B
user-I051911_session-547BFC0A9BECA12855B0C21A1D028732A75106E4BFAC87C9590A6616878B5C90_analysis-10.csv;user-I051911;4;1454486684;true;0.19150468869423531;0.0;Infinity;0;B
user-I051911_session-547BFC0A9BECA12855B0C21A1D028732A75106E4BFAC87C9590A6616878B5C90_analysis-10.csv;user-I051911;4;1076233951;true;0.49432708420982807;0.0;Infinity;0;B
user-I051911_session-547BFC0A9BECA12855B0C21A1D028732A75106E4BFAC87C9590A6616878B5C90_analysis-10.csv;user-I051911;4;-350138353;true;0.1927454704773668;0.0;Infinity;0;B
user-I051911_session-547BFC0A9BECA12855B0C21A1D028732A75106E4BFAC87C9590A6616878B5C90_analysis-10.csv;user-I051911;4;913177094;true;0.4113076070982823;0.0;Infinity;0;B
user-I051911_session-547BFC0A9BECA12855B0C21A1D028732A75106E4BFAC87C9590A6616878B5C90_analysis-10.csv;user-I051911;4;-762399134;true;0.467766231978648;0.0;Infinity;0;B
user-I051911_session-547BFC0A9BECA12855B0C21A1D028732A75106E4BFAC87C9590A6616878B5C90_analysis-10.csv;user-I051911;4;1178475036;true;0.13561342727580783;0.0;Infinity;0;B
user-I051911_session-547BFC0A9BECA12855B0C21A1D028732A75106E4BFAC87C9590A6616878B5C90_analysis-10.csv;user-I051911;4;-1140939035;true;0.4708725158922903;0.0;Infinity;0;B
user-I051911_session-547BFC0A9BECA12855B0C21A1D028732A75106E4BFAC87C9590A6616878B5C90_analysis-10.csv;user-I051911;4;50191213;true;0.480876341225546;0.0;Infinity;0;B
user-I051911_session-547BFC0A9BECA12855B0C21A1D028732A75106E4BFAC87C9590A6616878B5C90_analysis-10.csv;user-I051911;5;1076123306;true;0.38268853563922045;0.0;Infinity;1;B
user-I051911_session-547BFC0A9BECA12855B0C21A1D028732A75106E4BFAC87C9590A6616878B5C90_analysis-10.csv;user-I051911;5;1070456875;true;0.363931166029387;0.0;Infinity;1;B
user-I051911_session-547BFC0A9BECA12855B0C21A1D028732A75106E4BFAC87C9590A6616878B5C90_analysis-10.csv;user-I051911;5;-1463507536;true;0.46903005214558;0.0;Infinity;1;B
user-I051911_session-547BFC0A9BECA12855B0C21A1D028732A75106E4BFAC87C9590A6616878B5C90_analysis-10.csv;user-I051911;5;942701074;true;0.4167566382202177;0.0;Infinity;1;B
user-I051911_session-547BFC0A9BECA12855B0C21A1D028732A75106E4BFAC87C9590A6616878B5C90_analysis-10.csv;user-I051911;5;-996657663;true;0.2753173052527913;0.0;Infinity;1;B
user-I051911_session-547BFC0A9BECA12855B0C21A1D028732A75106E4BFAC87C9590A6616878B5C90_analysis-10.csv;user-I051911;5;-1389810941;true;0.24035566390420804;0.0;Infinity;1;B
user-I051911_session-547BFC0A9BECA12855B0C21A1D028732A75106E4BFAC87C9590A6616878B5C90_analysis-10.csv;user-I051911;5;1003581449;true;0.36180637166872476;0.0;Infinity;1;B
user-I051911_session-547BFC0A9BECA12855B0C21A1D028732A75106E4BFAC87C9590A6616878B5C90_analysis-10.csv;user-I051911;5;116399818;true;0.2402246853589476;0.0;Infinity;1;B
user-I051911_session-547BFC0A9BECA12855B0C21A1D028732A75106E4BFAC87C9590A6616878B5C90_analysis-10.csv;user-I051911;5;526567908;true;0.24695393337204752;0.0;Infinity;1;B
user-I051911_session-547BFC0A9BECA12855B0C21A1D028732A75106E4BFAC87C9590A6616878B5C90_analysis-10.csv;user-I051911;5;-1150039595;true;0.40808913072063;0.0;Infinity;1;B
user-I051911_session-547BFC0A9BECA12855B0C21A1D028732A75106E4BFAC87C9590A6616878B5C90_analysis-10.csv;user-I051911;5;-678874322;true;0.24938145583279814;0.0;Infinity;1;B
user-I051911_session-547BFC0A9BECA12855B0C21A1D028732A75106E4BFAC87C9590A6616878B5C90_analysis-10.csv;user-I051911;5;-833510251;true;0.4414035523354777;0.0;Infinity;1;B
user-I051911_session-547BFC0A9BECA12855B0C21A1D028732A75106E4BFAC87C9590A6616878B5C90_analysis-10.csv;user-I051911;5;852785433;true;0.007001493252531077;0.0;Infinity;1;B
user-I051911_session-547BFC0A9BECA12855B0C21A1D028732A75106E4BFAC87C9590A6616878B5C90_analysis-10.csv;user-I051911;5;-1913350209;true;0.3874634896852087;0.0;Infinity;1;B
user-I051911_session-547BFC0A9BECA12855B0C21A1D028732A75106E4BFAC87C9590A6616878B5C90_analysis-10.csv;user-I051911;5;1267678652;true;0.29373899998794806;0.0;Infinity;1;B
user-I051911_session-547BFC0A9BECA12855B0C21A1D028732A75106E4BFAC87C9590A6616878B5C90_analysis-10.csv;user-I051911;5;1003359607;true;0.49066832017151774;0.0;Infinity;1;B
user-I051911_session-547BFC0A9BECA12855B0C21A1D028732A75106E4BFAC87C9590A6616878B5C90_analysis-10.csv;user-I051911;5;-69067550;true;0.21708664587590232;0.0;Infinity;1;B
user-I051911_session-547BFC0A9BECA12855B0C21A1D028732A75106E4BFAC87C9590A6616878B5C90_analysis-10.csv;user-I051911;5;-2056211866;true;2.1470724490169069E-4;0.0;Infinity;1;B
user-I051911_session-547BFC0A9BECA12855B0C21A1D028732A75106E4BFAC87C9590A6616878B5C90_analysis-10.csv;user-I051911;5;1065039382;true;0.27394340710554244;0.0;Infinity;1;B
user-I051911_session-547BFC0A9BECA12855B0C21A1D028732A75106E4BFAC87C9590A6616878B5C90_analysis-10.csv;user-I051911;5;635859642;true;0.09707246082622856;0.0;Infinity;1;B
user-I051911_session-547BFC0A9BECA12855B0C21A1D028732A75106E4BFAC87C9590A6616878B5C90_analysis-10.csv;user-I051911;5;1454486684;true;0.19150468869423531;0.0;Infinity;1;B
user-I051911_session-547BFC0A9BECA12855B0C21A1D028732A75106E4BFAC87C9590A6616878B5C90_analysis-10.csv;user-I051911;5;1076233951;true;0.49432708420982807;0.0;Infinity;1;B
user-I051911_session-547BFC0A9BECA12855B0C21A1D028732A75106E4BFAC87C9590A6616878B5C90_analysis-10.csv;user-I051911;5;-350138353;true;0.1927454704773668;0.0;Infinity;1;B
user-I051911_session-547BFC0A9BECA12855B0C21A1D028732A75106E4BFAC87C9590A6616878B5C90_analysis-10.csv;user-I051911;5;913177094;true;0.4113076070982823;0.0;Infinity;1;B
user-I051911_session-547BFC0A9BECA12855B0C21A1D028732A75106E4BFAC87C9590A6616878B5C90_analysis-10.csv;user-I051911;5;-762399134;true;0.467766231978648;0.0;Infinity;1;B
user-I051911_session-547BFC0A9BECA12855B0C21A1D028732A75106E4BFAC87C9590A6616878B5C90_analysis-10.csv;user-I051911;5;1178475036;true;0.13561342727580783;0.0;Infinity;1;B
user-I051911_session-547BFC0A9BECA12855B0C21A1D028732A75106E4BFAC87C9590A6616878B5C90_analysis-10.csv;user-I051911;5;-1140939035;true;0.4708725158922903;0.0;Infinity;1;B
user-I051911_session-547BFC0A9BECA12855B0C21A1D028732A75106E4BFAC87C9590A6616878B5C90_analysis-10.csv;user-I051911;5;50191213;true;0.480876341225546;0.0;Infinity;1;B
user-I051911_session-547BFC0A9BECA12855B0C21A1D028732A75106E4BFAC87C9590A6616878B5C90_analysis-10.csv;user-I051911;6;1743418758;true;0.18871963677646486;0.0;Infinity;1;B
user-I051911_session-547BFC0A9BECA12855B0C21A1D028732A75106E4BFAC87C9590A6616878B5C90_analysis-10.csv;user-I051911;6;1743439684;true;0.3629793832572852;0.0;Infinity;1;B
user-I051911_session-547BFC0A9BECA12855B0C21A1D028732A75106E4BFAC87C9590A6616878B5C90_analysis-10.csv;user-I051911;6;1743418759;true;0.1933259268433849;0.0;Infinity;1;B
user-I051911_session-547BFC0A9BECA12855B0C21A1D028732A75106E4BFAC87C9590A6616878B5C90_analysis-10.csv;user-I051911;6;1743439685;true;0.2900379736919164;0.0;Infinity;1;B
user-I051911_session-547BFC0A9BECA12855B0C21A1D028732A75106E4BFAC87C9590A6616878B5C90_analysis-10.csv;user-I051911;6;1743439686;true;0.2159498858258626;0.0;Infinity;1;B
user-I051911_session-547BFC0A9BECA12855B0C21A1D028732A75106E4BFAC87C9590A6616878B5C90_analysis-10.csv;user-I051911;6;1743418757;true;0.183182472540665;0.0;Infinity;1;B
user-I051911_session-547BFC0A9BECA12855B0C21A1D028732A75106E4BFAC87C9590A6616878B5C90_analysis-10.csv;user-I051911;6;1743439687;true;0.15798114105901717;0.0;Infinity;1;B
user-I051911_session-547BFC0A9BECA12855B0C21A1D028732A75106E4BFAC87C9590A6616878B5C90_analysis-10.csv;user-I051911;6;1743439682;true;0.3854902746711375;0.0;Infinity;1;B
user-I051911_session-547BFC0A9BECA12855B0C21A1D028732A75106E4BFAC87C9590A6616878B5C90_analysis-10.csv;user-I051911;6;1743439683;true;0.3818842537666529;0.0;Infinity;1;B
user-I051911_session-547BFC0A9BECA12855B0C21A1D028732A75106E4BFAC87C9590A6616878B5C90_analysis-10.csv;user-I051911;6;1743418766;true;0.33078648087969187;0.0;Infinity;1;B
user-I051911_session-547BFC0A9BECA12855B0C21A1D028732A75106E4BFAC87C9590A6616878B5C90_analysis-10.csv;user-I051911;6;1743418764;true;0.27417147335134073;0.0;Infinity;1;B
user-I051911_session-547BFC0A9BECA12855B0C21A1D028732A75106E4BFAC87C9590A6616878B5C90_analysis-10.csv;user-I051911;6;1743418765;true;0.29255140390103573;0.0;Infinity;1;B
user-I051911_session-547BFC0A9BECA12855B0C21A1D028732A75106E4BFAC87C9590A6616878B5C90_analysis-10.csv;user-I051911;6;1743418762;true;0.2553120159404556;0.0;Infinity;1;B
user-I051911_session-547BFC0A9BECA12855B0C21A1D028732A75106E4BFAC87C9590A6616878B5C90_analysis-10.csv;user-I051911;6;1743439688;true;0.09149609161340932;0.0;Infinity;1;B
user-I051911_session-547BFC0A9BECA12855B0C21A1D028732A75106E4BFAC87C9590A6616878B5C90_analysis-10.csv;user-I051911;6;1743418763;true;0.26038098343517;0.0;Infinity;1;B
user-I051911_session-547BFC0A9BECA12855B0C21A1D028732A75106E4BFAC87C9590A6616878B5C90_analysis-10.csv;user-I051911;6;1743439689;true;0.039285655098821204;0.0;Infinity;1;B
user-I051911_session-547BFC0A9BECA12855B0C21A1D028732A75106E4BFAC87C9590A6616878B5C90_analysis-10.csv;user-I051911;6;1743439690;true;0.01482576912658029;0.0;Infinity;1;B
user-I051911_session-547BFC0A9BECA12855B0C21A1D028732A75106E4BFAC87C9590A6616878B5C90_analysis-10.csv;user-I051911;6;1743418760;true;0.21111011434909455;0.0;Infinity;1;B
user-I051911_session-547BFC0A9BECA12855B0C21A1D028732A75106E4BFAC87C9590A6616878B5C90_analysis-10.csv;user-I051911;6;1743439691;true;0.024737757978660735;0.0;Infinity;1;B
user-I051911_session-547BFC0A9BECA12855B0C21A1D028732A75106E4BFAC87C9590A6616878B5C90_analysis-10.csv;user-I051911;6;1743418761;true;0.25379724583670127;0.0;Infinity;1;B
user-I051911_session-547BFC0A9BECA12855B0C21A1D028732A75106E4BFAC87C9590A6616878B5C90_analysis-10.csv;user-I051911;6;1743418788;true;0.3724447226986889;0.0;Infinity;1;B
user-I051911_session-547BFC0A9BECA12855B0C21A1D028732A75106E4BFAC87C9590A6616878B5C90_analysis-10.csv;user-I051911;6;1743418789;true;0.3797122767667689;0.0;Infinity;1;B
user-I051911_session-547BFC0A9BECA12855B0C21A1D028732A75106E4BFAC87C9590A6616878B5C90_analysis-10.csv;user-I051911;6;1743418790;true;0.3765044966540634;0.0;Infinity;1;B
user-I051911_session-547BFC0A9BECA12855B0C21A1D028732A75106E4BFAC87C9590A6616878B5C90_analysis-10.csv;user-I051911;6;1743418791;true;0.36648862804448323;0.0;Infinity;1;B
user-I051911_session-547BFC0A9BECA12855B0C21A1D028732A75106E4BFAC87C9590A6616878B5C90_analysis-10.csv;user-I051911;6;1743439714;true;0.0044231858462047136;0.0;Infinity;1;B
user-I051911_session-547BFC0A9BECA12855B0C21A1D028732A75106E4BFAC87C9590A6616878B5C90_analysis-10.csv;user-I051911;6;1743439715;true;0.001961070907069873;0.0;Infinity;1;B
user-I051911_session-547BFC0A9BECA12855B0C21A1D028732A75106E4BFAC87C9590A6616878B5C90_analysis-10.csv;user-I051911;6;1743439713;true;0.010535744858065188;0.0;Infinity;1;B
user-I051911_session-547BFC0A9BECA12855B0C21A1D028732A75106E4BFAC87C9590A6616878B5C90_analysis-10.csv;user-I051911;6;1743418796;true;0.43019910881229606;0.0;Infinity;1;B
user-I051911_session-547BFC0A9BECA12855B0C21A1D028732A75106E4BFAC87C9590A6616878B5C90_analysis-10.csv;user-I051911;6;1743418797;true;0.4126882233506418;0.0;Infinity;1;B
user-I051911_session-547BFC0A9BECA12855B0C21A1D028732A75106E4BFAC87C9590A6616878B5C90_analysis-10.csv;user-I051911;6;1743418792;true;0.36795410804088946;0.0;Infinity;1;B
user-I051911_session-547BFC0A9BECA12855B0C21A1D028732A75106E4BFAC87C9590A6616878B5C90_analysis-10.csv;user-I051911;6;1743418793;true;0.3665379946954188;0.0;Infinity;1;B
user-I051911_session-547BFC0A9BECA12855B0C21A1D028732A75106E4BFAC87C9590A6616878B5C90_analysis-10.csv;user-I051911;6;1743418794;true;0.356791122392917;0.0;Infinity;1;B
user-I051911_session-547BFC0A9BECA12855B0C21A1D028732A75106E4BFAC87C9590A6616878B5C90_analysis-10.csv;user-I051911;6;1743418795;true;0.41539675333598924;0.0;Infinity;1;B
user-I051911_session-547BFC0A9BECA12855B0C21A1D028732A75106E4BFAC87C9590A6616878B5C90_analysis-10.csv;user-I051911;6;1743418819;true;0.4885897121777776;0.0;Infinity;1;B
user-I051911_session-547BFC0A9BECA12855B0C21A1D028732A75106E4BFAC87C9590A6616878B5C90_analysis-10.csv;user-I051911;6;1743418822;true;0.49014143107200525;0.0;Infinity;1;B
user-I051911_session-547BFC0A9BECA12855B0C21A1D028732A75106E4BFAC87C9590A6616878B5C90_analysis-10.csv;user-I051911;6;1743418823;true;0.4682329779696308;0.0;Infinity;1;B
user-I051911_session-547BFC0A9BECA12855B0C21A1D028732A75106E4BFAC87C9590A6616878B5C90_analysis-10.csv;user-I051911;6;1743418820;true;0.4777338290240203;0.0;Infinity;1;B
user-I051911_session-547BFC0A9BECA12855B0C21A1D028732A75106E4BFAC87C9590A6616878B5C90_analysis-10.csv;user-I051911;6;1743418821;true;0.48350001748781624;0.0;Infinity;1;B
user-I051911_session-547BFC0A9BECA12855B0C21A1D028732A75106E4BFAC87C9590A6616878B5C90_analysis-10.csv;user-I051911;6;1743418826;true;0.38976013588600966;0.0;Infinity;1;B
user-I051911_session-547BFC0A9BECA12855B0C21A1D028732A75106E4BFAC87C9590A6616878B5C90_analysis-10.csv;user-I051911;6;1743418827;true;0.40939584208870583;0.0;Infinity;1;B
user-I051911_session-547BFC0A9BECA12855B0C21A1D028732A75106E4BFAC87C9590A6616878B5C90_analysis-10.csv;user-I051911;6;1743418824;true;0.43091014396518124;0.0;Infinity;1;B
user-I051911_session-547BFC0A9BECA12855B0C21A1D028732A75106E4BFAC87C9590A6616878B5C90_analysis-10.csv;user-I051911;6;1743418825;true;0.40613703269740253;0.0;Infinity;1;B
user-I051911_session-547BFC0A9BECA12855B0C21A1D028732A75106E4BFAC87C9590A6616878B5C90_analysis-10.csv;user-I051911;6;1743418828;true;0.41310354121826176;0.0;Infinity;1;B
user-I051911_session-547BFC0A9BECA12855B0C21A1D028732A75106E4BFAC87C9590A6616878B5C90_analysis-10.csv;user-I051911;6;1743418729;true;0.15760803097746767;0.0;Infinity;1;B
user-I051911_session-547BFC0A9BECA12855B0C21A1D028732A75106E4BFAC87C9590A6616878B5C90_analysis-10.csv;user-I051911;6;1743418728;true;0.15664097317614178;0.0;Infinity;1;B
user-I051911_session-547BFC0A9BECA12855B0C21A1D028732A75106E4BFAC87C9590A6616878B5C90_analysis-10.csv;user-I051911;6;1743418731;true;0.16768022493273338;0.0;Infinity;1;B
user-I051911_session-547BFC0A9BECA12855B0C21A1D028732A75106E4BFAC87C9590A6616878B5C90_analysis-10.csv;user-I051911;6;1743418730;true;0.1606073251385871;0.0;Infinity;1;B
user-I051911_session-547BFC0A9BECA12855B0C21A1D028732A75106E4BFAC87C9590A6616878B5C90_analysis-10.csv;user-I051911;6;1743418733;true;0.17294112136680362;0.0;Infinity;1;B
user-I051911_session-547BFC0A9BECA12855B0C21A1D028732A75106E4BFAC87C9590A6616878B5C90_analysis-10.csv;user-I051911;6;1743418732;true;0.16903252942219793;0.0;Infinity;1;B
user-I051911_session-547BFC0A9BECA12855B0C21A1D028732A75106E4BFAC87C9590A6616878B5C90_analysis-10.csv;user-I051911;6;1743418735;true;0.17904822369020446;0.0;Infinity;1;B
user-I051911_session-547BFC0A9BECA12855B0C21A1D028732A75106E4BFAC87C9590A6616878B5C90_analysis-10.csv;user-I051911;6;1743418734;true;0.17441032682295987;0.0;Infinity;1;B
user-I051911_session-547BFC0A9BECA12855B0C21A1D028732A75106E4BFAC87C9590A6616878B5C90_analysis-10.csv;user-I051911;6;1743418727;true;0.15633695112349943;0.0;Infinity;1;B
user-I051911_session-547BFC0A9BECA12855B0C21A1D028732A75106E4BFAC87C9590A6616878B5C90_analysis-10.csv;user-I051911;6;1743418726;true;0.15494762481580715;0.0;Infinity;1;B
user-I051911_session-547BFC0A9BECA12855B0C21A1D028732A75106E4BFAC87C9590A6616878B5C90_analysis-10.csv;user-I051911;7;852800941;true;0.3684447191375054;0.0;Infinity;1;B
user-I051911_session-547BFC0A9BECA12855B0C21A1D028732A75106E4BFAC87C9590A6616878B5C90_analysis-10.csv;user-I051911;7;852800940;true;0.36976746746227884;0.0;Infinity;1;B
user-I051911_session-547BFC0A9BECA12855B0C21A1D028732A75106E4BFAC87C9590A6616878B5C90_analysis-10.csv;user-I051911;7;852800937;true;0.4175538389170269;0.0;Infinity;1;B
user-I051911_session-547BFC0A9BECA12855B0C21A1D028732A75106E4BFAC87C9590A6616878B5C90_analysis-10.csv;user-I051911;7;852800936;true;0.45076612911835445;0.0;Infinity;1;B
user-I051911_session-547BFC0A9BECA12855B0C21A1D028732A75106E4BFAC87C9590A6616878B5C90_analysis-10.csv;user-I051911;7;852800939;true;0.3638151926144977;0.0;Infinity;1;B
user-I051911_session-547BFC0A9BECA12855B0C21A1D028732A75106E4BFAC87C9590A6616878B5C90_analysis-10.csv;user-I051911;7;852800870;true;0.1825777329973315;0.0;Infinity;1;B
user-I051911_session-547BFC0A9BECA12855B0C21A1D028732A75106E4BFAC87C9590A6616878B5C90_analysis-10.csv;user-I051911;7;852800938;true;0.390968220112067;0.0;Infinity;1;B
user-I051911_session-547BFC0A9BECA12855B0C21A1D028732A75106E4BFAC87C9590A6616878B5C90_analysis-10.csv;user-I051911;7;852800871;true;0.18520111348489943;0.0;Infinity;1;B
user-I051911_session-547BFC0A9BECA12855B0C21A1D028732A75106E4BFAC87C9590A6616878B5C90_analysis-10.csv;user-I051911;7;852800933;true;0.4963251289481899;0.0;Infinity;1;B
user-I051911_session-547BFC0A9BECA12855B0C21A1D028732A75106E4BFAC87C9590A6616878B5C90_analysis-10.csv;user-I051911;7;852800872;true;0.1903638051082921;0.0;Infinity;1;B
user-I051911_session-547BFC0A9BECA12855B0C21A1D028732A75106E4BFAC87C9590A6616878B5C90_analysis-10.csv;user-I051911;7;852800932;true;0.49955692426554565;0.0;Infinity;1;B
user-I051911_session-547BFC0A9BECA12855B0C21A1D028732A75106E4BFAC87C9590A6616878B5C90_analysis-10.csv;user-I051911;7;852800873;true;0.19976703047499744;0.0;Infinity;1;B
user-I051911_session-547BFC0A9BECA12855B0C21A1D028732A75106E4BFAC87C9590A6616878B5C90_analysis-10.csv;user-I051911;7;852800935;true;0.47543352599459965;0.0;Infinity;1;B
user-I051911_session-547BFC0A9BECA12855B0C21A1D028732A75106E4BFAC87C9590A6616878B5C90_analysis-10.csv;user-I051911;7;852800874;true;0.21719026250874174;0.0;Infinity;1;B
user-I051911_session-547BFC0A9BECA12855B0C21A1D028732A75106E4BFAC87C9590A6616878B5C90_analysis-10.csv;user-I051911;7;852800934;true;0.48386688320475113;0.0;Infinity;1;B
user-I051911_session-547BFC0A9BECA12855B0C21A1D028732A75106E4BFAC87C9590A6616878B5C90_analysis-10.csv;user-I051911;7;852800875;true;0.2305185601254489;0.0;Infinity;1;B
user-I051911_session-547BFC0A9BECA12855B0C21A1D028732A75106E4BFAC87C9590A6616878B5C90_analysis-10.csv;user-I051911;7;852800876;true;0.2419298083646556;0.0;Infinity;1;B
user-I051911_session-547BFC0A9BECA12855B0C21A1D028732A75106E4BFAC87C9590A6616878B5C90_analysis-10.csv;user-I051911;7;852800877;true;0.25446777672588117;0.0;Infinity;1;B
user-I051911_session-547BFC0A9BECA12855B0C21A1D028732A75106E4BFAC87C9590A6616878B5C90_analysis-10.csv;user-I051911;7;852800878;true;0.2653536024560207;0.0;Infinity;1;B
user-I051911_session-547BFC0A9BECA12855B0C21A1D028732A75106E4BFAC87C9590A6616878B5C90_analysis-10.csv;user-I051911;7;852800879;true;0.29329565175306804;0.0;Infinity;1;B
user-I051911_session-547BFC0A9BECA12855B0C21A1D028732A75106E4BFAC87C9590A6616878B5C90_analysis-10.csv;user-I051911;7;852821802;true;0.03476673892381399;0.0;Infinity;1;B
user-I051911_session-547BFC0A9BECA12855B0C21A1D028732A75106E4BFAC87C9590A6616878B5C90_analysis-10.csv;user-I051911;7;852821803;true;0.011416485477595995;0.0;Infinity;1;B
user-I051911_session-547BFC0A9BECA12855B0C21A1D028732A75106E4BFAC87C9590A6616878B5C90_analysis-10.csv;user-I051911;7;852821800;true;0.12850608625762727;0.0;Infinity;1;B
user-I051911_session-547BFC0A9BECA12855B0C21A1D028732A75106E4BFAC87C9590A6616878B5C90_analysis-10.csv;user-I051911;7;852821801;true;0.07825319874397263;0.0;Infinity;1;B
user-I051911_session-547BFC0A9BECA12855B0C21A1D028732A75106E4BFAC87C9590A6616878B5C90_analysis-10.csv;user-I051911;7;852821804;true;0.023716480574519805;0.0;Infinity;1;B
user-I051911_session-547BFC0A9BECA12855B0C21A1D028732A75106E4BFAC87C9590A6616878B5C90_analysis-10.csv;user-I051911;7;852821795;true;0.3261276828272094;0.0;Infinity;1;B
user-I051911_session-547BFC0A9BECA12855B0C21A1D028732A75106E4BFAC87C9590A6616878B5C90_analysis-10.csv;user-I051911;7;852821798;true;0.25943481120012235;0.0;Infinity;1;B
user-I051911_session-547BFC0A9BECA12855B0C21A1D028732A75106E4BFAC87C9590A6616878B5C90_analysis-10.csv;user-I051911;7;852821799;true;0.1852272904347151;0.0;Infinity;1;B
user-I051911_session-547BFC0A9BECA12855B0C21A1D028732A75106E4BFAC87C9590A6616878B5C90_analysis-10.csv;user-I051911;7;852821796;true;0.332284928707703;0.0;Infinity;1;B
user-I051911_session-547BFC0A9BECA12855B0C21A1D028732A75106E4BFAC87C9590A6616878B5C90_analysis-10.csv;user-I051911;7;852821797;true;0.31434205768453904;0.0;Infinity;1;B
user-I051911_session-547BFC0A9BECA12855B0C21A1D028732A75106E4BFAC87C9590A6616878B5C90_analysis-10.csv;user-I051911;7;852800910;true;0.41025714673827385;0.0;Infinity;1;B
user-I051911_session-547BFC0A9BECA12855B0C21A1D028732A75106E4BFAC87C9590A6616878B5C90_analysis-10.csv;user-I051911;7;852800909;true;0.4006917966870085;0.0;Infinity;1;B
user-I051911_session-547BFC0A9BECA12855B0C21A1D028732A75106E4BFAC87C9590A6616878B5C90_analysis-10.csv;user-I051911;7;852800908;true;0.38345148426365083;0.0;Infinity;1;B
user-I051911_session-547BFC0A9BECA12855B0C21A1D028732A75106E4BFAC87C9590A6616878B5C90_analysis-10.csv;user-I051911;7;852800907;true;0.35266087968223525;0.0;Infinity;1;B
user-I051911_session-547BFC0A9BECA12855B0C21A1D028732A75106E4BFAC87C9590A6616878B5C90_analysis-10.csv;user-I051911;7;852800906;true;0.33929666555245586;0.0;Infinity;1;B
user-I051911_session-547BFC0A9BECA12855B0C21A1D028732A75106E4BFAC87C9590A6616878B5C90_analysis-10.csv;user-I051911;7;852800839;true;0.16721968085151184;0.0;Infinity;1;B
user-I051911_session-547BFC0A9BECA12855B0C21A1D028732A75106E4BFAC87C9590A6616878B5C90_analysis-10.csv;user-I051911;7;852800905;true;0.3474539086908205;0.0;Infinity;1;B
user-I051911_session-547BFC0A9BECA12855B0C21A1D028732A75106E4BFAC87C9590A6616878B5C90_analysis-10.csv;user-I051911;7;852800904;true;0.3417597386407789;0.0;Infinity;1;B
user-I051911_session-547BFC0A9BECA12855B0C21A1D028732A75106E4BFAC87C9590A6616878B5C90_analysis-10.csv;user-I051911;7;852800842;true;0.16889629700513276;0.0;Infinity;1;B
user-I051911_session-547BFC0A9BECA12855B0C21A1D028732A75106E4BFAC87C9590A6616878B5C90_analysis-10.csv;user-I051911;7;852800903;true;0.3449032223662598;0.0;Infinity;1;B
user-I051911_session-547BFC0A9BECA12855B0C21A1D028732A75106E4BFAC87C9590A6616878B5C90_analysis-10.csv;user-I051911;7;852800843;true;0.17038216627870595;0.0;Infinity;1;B
user-I051911_session-547BFC0A9BECA12855B0C21A1D028732A75106E4BFAC87C9590A6616878B5C90_analysis-10.csv;user-I051911;7;852800902;true;0.3523859161885967;0.0;Infinity;1;B
user-I051911_session-547BFC0A9BECA12855B0C21A1D028732A75106E4BFAC87C9590A6616878B5C90_analysis-10.csv;user-I051911;7;852800840;true;0.1674706234679737;0.0;Infinity;1;B
user-I051911_session-547BFC0A9BECA12855B0C21A1D028732A75106E4BFAC87C9590A6616878B5C90_analysis-10.csv;user-I051911;7;852800901;true;0.3422595663769752;0.0;Infinity;1;B
user-I051911_session-547BFC0A9BECA12855B0C21A1D028732A75106E4BFAC87C9590A6616878B5C90_analysis-10.csv;user-I051911;7;852800841;true;0.1680908344015628;0.0;Infinity;1;B
user-I051911_session-547BFC0A9BECA12855B0C21A1D028732A75106E4BFAC87C9590A6616878B5C90_analysis-10.csv;user-I051911;7;852800846;true;0.17651345224167037;0.0;Infinity;1;B
user-I051911_session-547BFC0A9BECA12855B0C21A1D028732A75106E4BFAC87C9590A6616878B5C90_analysis-10.csv;user-I051911;7;852800847;true;0.17699362797361085;0.0;Infinity;1;B
user-I051911_session-547BFC0A9BECA12855B0C21A1D028732A75106E4BFAC87C9590A6616878B5C90_analysis-10.csv;user-I051911;7;852800844;true;0.17388443896700456;0.0;Infinity;1;B
user-I051911_session-547BFC0A9BECA12855B0C21A1D028732A75106E4BFAC87C9590A6616878B5C90_analysis-10.csv;user-I051911;7;852800845;true;0.1755162040771947;0.0;Infinity;1;B
user-I051911_session-547BFC0A9BECA12855B0C21A1D028732A75106E4BFAC87C9590A6616878B5C90_analysis-10.csv;user-I051911;7;852800848;true;0.17911334527411182;0.0;Infinity;1;B
user-I051911_session-547BFC0A9BECA12855B0C21A1D028732A75106E4BFAC87C9590A6616878B5C90_analysis-10.csv;user-I051911;7;852821828;true;0.005581528812854897;0.0;Infinity;1;B
user-I051911_session-547BFC0A9BECA12855B0C21A1D028732A75106E4BFAC87C9590A6616878B5C90_analysis-10.csv;user-I051911;7;852821826;true;0.014473405542267725;0.0;Infinity;1;B
user-I051911_session-547BFC0A9BECA12855B0C21A1D028732A75106E4BFAC87C9590A6616878B5C90_analysis-10.csv;user-I051911;7;852821827;true;0.004933534840759313;0.0;Infinity;1;B
