session ;user;query position;cell hashcode;novelty;outlierness;relevance;surprise;query label;session label
user-I051881_session-9A785E6798E260C46352A7B90FAD29CFA536F5C7109F2A80E5CD5DA05E495CB8_analysis-1.csv;user-I051881;1;-1544075749;true;0.4785332253235475;0.0;Infinity;0;A
user-I051881_session-9A785E6798E260C46352A7B90FAD29CFA536F5C7109F2A80E5CD5DA05E495CB8_analysis-1.csv;user-I051881;1;-1054126583;true;0.3046608694858579;0.0;Infinity;0;A
user-I051881_session-9A785E6798E260C46352A7B90FAD29CFA536F5C7109F2A80E5CD5DA05E495CB8_analysis-1.csv;user-I051881;1;-482522129;true;0.009056805424062064;0.0;Infinity;0;A
user-I051881_session-9A785E6798E260C46352A7B90FAD29CFA536F5C7109F2A80E5CD5DA05E495CB8_analysis-1.csv;user-I051881;1;-71604936;true;0.20342550109012736;0.0;Infinity;0;A
user-I051881_session-9A785E6798E260C46352A7B90FAD29CFA536F5C7109F2A80E5CD5DA05E495CB8_analysis-1.csv;user-I051881;1;1454890983;true;0.008077883430439137;0.0;Infinity;0;A
user-I051881_session-9A785E6798E260C46352A7B90FAD29CFA536F5C7109F2A80E5CD5DA05E495CB8_analysis-1.csv;user-I051881;1;-919442199;true;0.39194800055651713;0.0;Infinity;0;A
user-I051881_session-9A785E6798E260C46352A7B90FAD29CFA536F5C7109F2A80E5CD5DA05E495CB8_analysis-1.csv;user-I051881;1;-1839789209;true;0.27222075785030464;0.0;Infinity;0;A
user-I051881_session-9A785E6798E260C46352A7B90FAD29CFA536F5C7109F2A80E5CD5DA05E495CB8_analysis-1.csv;user-I051881;1;148467574;true;0.26711289054874154;0.0;Infinity;0;A
user-I051881_session-9A785E6798E260C46352A7B90FAD29CFA536F5C7109F2A80E5CD5DA05E495CB8_analysis-1.csv;user-I051881;1;855880948;true;0.4428297627264808;0.0;Infinity;0;A
user-I051881_session-9A785E6798E260C46352A7B90FAD29CFA536F5C7109F2A80E5CD5DA05E495CB8_analysis-1.csv;user-I051881;1;-1834871805;true;0.326369784473692;0.0;Infinity;0;A
user-I051881_session-9A785E6798E260C46352A7B90FAD29CFA536F5C7109F2A80E5CD5DA05E495CB8_analysis-1.csv;user-I051881;1;-1519656342;true;0.360266269071186;0.0;Infinity;0;A
user-I051881_session-9A785E6798E260C46352A7B90FAD29CFA536F5C7109F2A80E5CD5DA05E495CB8_analysis-1.csv;user-I051881;1;-808769660;true;0.14726956099297261;0.0;Infinity;0;A
user-I051881_session-9A785E6798E260C46352A7B90FAD29CFA536F5C7109F2A80E5CD5DA05E495CB8_analysis-1.csv;user-I051881;1;365315134;true;0.19909165774831528;0.0;Infinity;0;A
user-I051881_session-9A785E6798E260C46352A7B90FAD29CFA536F5C7109F2A80E5CD5DA05E495CB8_analysis-1.csv;user-I051881;1;-799263290;true;0.1788655953280358;0.0;Infinity;0;A
user-I051881_session-9A785E6798E260C46352A7B90FAD29CFA536F5C7109F2A80E5CD5DA05E495CB8_analysis-1.csv;user-I051881;1;532471449;true;0.32809634341724114;0.0;Infinity;0;A
user-I051881_session-9A785E6798E260C46352A7B90FAD29CFA536F5C7109F2A80E5CD5DA05E495CB8_analysis-1.csv;user-I051881;1;-2113216204;true;0.19269617173851272;0.0;Infinity;0;A
user-I051881_session-9A785E6798E260C46352A7B90FAD29CFA536F5C7109F2A80E5CD5DA05E495CB8_analysis-1.csv;user-I051881;1;-1543829505;true;0.33497403784517465;0.0;Infinity;0;A
user-I051881_session-9A785E6798E260C46352A7B90FAD29CFA536F5C7109F2A80E5CD5DA05E495CB8_analysis-1.csv;user-I051881;1;-128868269;true;0.19076731562539373;0.0;Infinity;0;A
user-I051881_session-9A785E6798E260C46352A7B90FAD29CFA536F5C7109F2A80E5CD5DA05E495CB8_analysis-1.csv;user-I051881;1;308051801;true;0.22553822136797086;0.0;Infinity;0;A
user-I051881_session-9A785E6798E260C46352A7B90FAD29CFA536F5C7109F2A80E5CD5DA05E495CB8_analysis-1.csv;user-I051881;1;1981105533;true;0.2740252613326706;0.0;Infinity;0;A
user-I051881_session-9A785E6798E260C46352A7B90FAD29CFA536F5C7109F2A80E5CD5DA05E495CB8_analysis-1.csv;user-I051881;1;162824906;true;0.36243270564105334;0.0;Infinity;0;A
user-I051881_session-9A785E6798E260C46352A7B90FAD29CFA536F5C7109F2A80E5CD5DA05E495CB8_analysis-1.csv;user-I051881;1;-1980995819;true;0.2152542497622375;0.0;Infinity;0;A
user-I051881_session-9A785E6798E260C46352A7B90FAD29CFA536F5C7109F2A80E5CD5DA05E495CB8_analysis-1.csv;user-I051881;1;-1368530733;true;0.23759308327581685;0.0;Infinity;0;A
user-I051881_session-9A785E6798E260C46352A7B90FAD29CFA536F5C7109F2A80E5CD5DA05E495CB8_analysis-1.csv;user-I051881;1;-617206513;true;0.20134188605845194;0.0;Infinity;0;A
user-I051881_session-9A785E6798E260C46352A7B90FAD29CFA536F5C7109F2A80E5CD5DA05E495CB8_analysis-1.csv;user-I051881;1;-1589402573;true;0.24925643746641035;0.0;Infinity;0;A
user-I051881_session-9A785E6798E260C46352A7B90FAD29CFA536F5C7109F2A80E5CD5DA05E495CB8_analysis-1.csv;user-I051881;1;-1805450803;true;0.36773344183019074;0.0;Infinity;0;A
user-I051881_session-9A785E6798E260C46352A7B90FAD29CFA536F5C7109F2A80E5CD5DA05E495CB8_analysis-1.csv;user-I051881;1;-973441772;true;0.22844346623460487;0.0;Infinity;0;A
user-I051881_session-9A785E6798E260C46352A7B90FAD29CFA536F5C7109F2A80E5CD5DA05E495CB8_analysis-1.csv;user-I051881;1;-363344234;true;0.2708239769564429;0.0;Infinity;0;A
user-I051881_session-9A785E6798E260C46352A7B90FAD29CFA536F5C7109F2A80E5CD5DA05E495CB8_analysis-1.csv;user-I051881;1;-919454692;true;0.27713750803641624;0.0;Infinity;0;A
user-I051881_session-9A785E6798E260C46352A7B90FAD29CFA536F5C7109F2A80E5CD5DA05E495CB8_analysis-1.csv;user-I051881;1;95551379;true;0.2544840524169234;0.0;Infinity;0;A
user-I051881_session-9A785E6798E260C46352A7B90FAD29CFA536F5C7109F2A80E5CD5DA05E495CB8_analysis-1.csv;user-I051881;1;1144446559;true;0.3005115234124611;0.0;Infinity;0;A
user-I051881_session-9A785E6798E260C46352A7B90FAD29CFA536F5C7109F2A80E5CD5DA05E495CB8_analysis-1.csv;user-I051881;1;1672208418;true;0.37979538435705185;0.0;Infinity;0;A
user-I051881_session-9A785E6798E260C46352A7B90FAD29CFA536F5C7109F2A80E5CD5DA05E495CB8_analysis-1.csv;user-I051881;1;-1955716127;true;0.22112439191638278;0.0;Infinity;0;A
user-I051881_session-9A785E6798E260C46352A7B90FAD29CFA536F5C7109F2A80E5CD5DA05E495CB8_analysis-1.csv;user-I051881;1;-1152482503;true;0.014386827092323973;0.0;Infinity;0;A
user-I051881_session-9A785E6798E260C46352A7B90FAD29CFA536F5C7109F2A80E5CD5DA05E495CB8_analysis-1.csv;user-I051881;1;-1029588567;true;0.028132817171770408;0.0;Infinity;0;A
user-I051881_session-9A785E6798E260C46352A7B90FAD29CFA536F5C7109F2A80E5CD5DA05E495CB8_analysis-1.csv;user-I051881;1;-962194463;true;0.3673837441016503;0.0;Infinity;0;A
user-I051881_session-9A785E6798E260C46352A7B90FAD29CFA536F5C7109F2A80E5CD5DA05E495CB8_analysis-1.csv;user-I051881;1;-536521702;true;0.4113446840415027;0.0;Infinity;0;A
user-I051881_session-9A785E6798E260C46352A7B90FAD29CFA536F5C7109F2A80E5CD5DA05E495CB8_analysis-1.csv;user-I051881;1;624583850;true;0.3786950308086148;0.0;Infinity;0;A
user-I051881_session-9A785E6798E260C46352A7B90FAD29CFA536F5C7109F2A80E5CD5DA05E495CB8_analysis-1.csv;user-I051881;1;-1466508637;true;0.41008124678518443;0.0;Infinity;0;A
user-I051881_session-9A785E6798E260C46352A7B90FAD29CFA536F5C7109F2A80E5CD5DA05E495CB8_analysis-1.csv;user-I051881;1;-482534622;true;0.20352648349239189;0.0;Infinity;0;A
user-I051881_session-9A785E6798E260C46352A7B90FAD29CFA536F5C7109F2A80E5CD5DA05E495CB8_analysis-1.csv;user-I051881;1;418960878;true;0.2122602290570179;0.0;Infinity;0;A
user-I051881_session-9A785E6798E260C46352A7B90FAD29CFA536F5C7109F2A80E5CD5DA05E495CB8_analysis-1.csv;user-I051881;1;1544185463;true;0.27983428773536223;0.0;Infinity;0;A
user-I051881_session-9A785E6798E260C46352A7B90FAD29CFA536F5C7109F2A80E5CD5DA05E495CB8_analysis-1.csv;user-I051881;1;258311310;true;0.28243511349417627;0.0;Infinity;0;A
user-I051881_session-9A785E6798E260C46352A7B90FAD29CFA536F5C7109F2A80E5CD5DA05E495CB8_analysis-1.csv;user-I051881;1;-781881470;true;0.21893614369322767;0.0;Infinity;0;A
user-I051881_session-9A785E6798E260C46352A7B90FAD29CFA536F5C7109F2A80E5CD5DA05E495CB8_analysis-1.csv;user-I051881;1;-1106909435;true;0.06840825572285691;0.0;Infinity;0;A
user-I051881_session-9A785E6798E260C46352A7B90FAD29CFA536F5C7109F2A80E5CD5DA05E495CB8_analysis-1.csv;user-I051881;1;1366847511;true;0.21827263585442613;0.0;Infinity;0;A
user-I051881_session-9A785E6798E260C46352A7B90FAD29CFA536F5C7109F2A80E5CD5DA05E495CB8_analysis-1.csv;user-I051881;1;1581366629;true;0.38273440024774785;0.0;Infinity;0;A
user-I051881_session-9A785E6798E260C46352A7B90FAD29CFA536F5C7109F2A80E5CD5DA05E495CB8_analysis-1.csv;user-I051881;1;1803767581;true;0.41472295236109313;0.0;Infinity;0;A
user-I051881_session-9A785E6798E260C46352A7B90FAD29CFA536F5C7109F2A80E5CD5DA05E495CB8_analysis-1.csv;user-I051881;1;-1518796057;true;0.2268913926680407;0.0;Infinity;0;A
user-I051881_session-9A785E6798E260C46352A7B90FAD29CFA536F5C7109F2A80E5CD5DA05E495CB8_analysis-1.csv;user-I051881;1;1744831022;true;0.21694910161915515;0.0;Infinity;0;A
user-I051881_session-9A785E6798E260C46352A7B90FAD29CFA536F5C7109F2A80E5CD5DA05E495CB8_analysis-1.csv;user-I051881;1;585387644;true;2.3797917505918864E-4;0.0;Infinity;0;A
user-I051881_session-9A785E6798E260C46352A7B90FAD29CFA536F5C7109F2A80E5CD5DA05E495CB8_analysis-1.csv;user-I051881;1;-522716846;true;0.376361746044204;0.0;Infinity;0;A
user-I051881_session-9A785E6798E260C46352A7B90FAD29CFA536F5C7109F2A80E5CD5DA05E495CB8_analysis-1.csv;user-I051881;1;-1462947188;true;0.23039191966444705;0.0;Infinity;0;A
user-I051881_session-9A785E6798E260C46352A7B90FAD29CFA536F5C7109F2A80E5CD5DA05E495CB8_analysis-1.csv;user-I051881;1;1011140631;true;0.23997254488830722;0.0;Infinity;0;A
