session ;user;query position;cell hashcode;novelty;outlierness;relevance;surprise;query label;session label
user-I051892_session-05F964991B84D6A73AB5C73DA9CB1A97C34CB84348A55BE18FEB6A11A66B8BC9_analysis-1.csv;user-I051892;1;802856382;true;0.32553481894224356;0.0;Infinity;1;B
user-I051892_session-05F964991B84D6A73AB5C73DA9CB1A97C34CB84348A55BE18FEB6A11A66B8BC9_analysis-1.csv;user-I051892;1;-1238681375;true;0.1566039813680542;0.0;Infinity;1;B
user-I051892_session-05F964991B84D6A73AB5C73DA9CB1A97C34CB84348A55BE18FEB6A11A66B8BC9_analysis-1.csv;user-I051892;1;1855846717;true;0.07461635065851713;0.0;Infinity;1;B
user-I051892_session-05F964991B84D6A73AB5C73DA9CB1A97C34CB84348A55BE18FEB6A11A66B8BC9_analysis-1.csv;user-I051892;1;323866424;true;0.14746345215457923;0.0;Infinity;1;B
user-I051892_session-05F964991B84D6A73AB5C73DA9CB1A97C34CB84348A55BE18FEB6A11A66B8BC9_analysis-1.csv;user-I051892;1;-801358161;true;0.20821745155126026;0.0;Infinity;1;B
user-I051892_session-05F964991B84D6A73AB5C73DA9CB1A97C34CB84348A55BE18FEB6A11A66B8BC9_analysis-1.csv;user-I051892;1;1174780999;true;0.19305190373008374;0.0;Infinity;1;B
user-I051892_session-05F964991B84D6A73AB5C73DA9CB1A97C34CB84348A55BE18FEB6A11A66B8BC9_analysis-1.csv;user-I051892;1;797938978;true;0.2800519515552433;0.0;Infinity;1;B
user-I051892_session-05F964991B84D6A73AB5C73DA9CB1A97C34CB84348A55BE18FEB6A11A66B8BC9_analysis-1.csv;user-I051892;1;-1071851465;true;0.026643215253953967;0.0;Infinity;1;B
user-I051892_session-05F964991B84D6A73AB5C73DA9CB1A97C34CB84348A55BE18FEB6A11A66B8BC9_analysis-1.csv;user-I051892;1;1838464897;true;0.009690040396476474;0.0;Infinity;1;B
user-I051892_session-05F964991B84D6A73AB5C73DA9CB1A97C34CB84348A55BE18FEB6A11A66B8BC9_analysis-1.csv;user-I051892;1;2101206485;true;0.3909573171444297;0.0;Infinity;1;B
user-I051892_session-05F964991B84D6A73AB5C73DA9CB1A97C34CB84348A55BE18FEB6A11A66B8BC9_analysis-1.csv;user-I051892;1;-1124767660;true;0.23605186250399002;0.0;Infinity;1;B
user-I051892_session-05F964991B84D6A73AB5C73DA9CB1A97C34CB84348A55BE18FEB6A11A66B8BC9_analysis-1.csv;user-I051892;1;1093652438;true;0.2718240563694613;0.0;Infinity;1;B
user-I051892_session-05F964991B84D6A73AB5C73DA9CB1A97C34CB84348A55BE18FEB6A11A66B8BC9_analysis-1.csv;user-I051892;1;1485245684;true;0.06904880129464941;0.0;Infinity;1;B
user-I051892_session-05F964991B84D6A73AB5C73DA9CB1A97C34CB84348A55BE18FEB6A11A66B8BC9_analysis-1.csv;user-I051892;1;1675533724;true;0.38669756520891374;0.0;Infinity;1;B
user-I051892_session-05F964991B84D6A73AB5C73DA9CB1A97C34CB84348A55BE18FEB6A11A66B8BC9_analysis-1.csv;user-I051892;1;524511983;true;0.1560441439418403;0.0;Infinity;1;B
user-I051892_session-05F964991B84D6A73AB5C73DA9CB1A97C34CB84348A55BE18FEB6A11A66B8BC9_analysis-1.csv;user-I051892;1;14969309;true;0.4737393832818696;0.0;Infinity;1;B
user-I051892_session-05F964991B84D6A73AB5C73DA9CB1A97C34CB84348A55BE18FEB6A11A66B8BC9_analysis-1.csv;user-I051892;1;-1349187308;true;0.17945599759134656;0.0;Infinity;1;B
user-I051892_session-05F964991B84D6A73AB5C73DA9CB1A97C34CB84348A55BE18FEB6A11A66B8BC9_analysis-1.csv;user-I051892;1;1828958527;true;0.2169099526106929;0.0;Infinity;1;B
user-I051892_session-05F964991B84D6A73AB5C73DA9CB1A97C34CB84348A55BE18FEB6A11A66B8BC9_analysis-1.csv;user-I051892;1;-1494414203;true;0.4640593262228575;0.0;Infinity;1;B
user-I051892_session-05F964991B84D6A73AB5C73DA9CB1A97C34CB84348A55BE18FEB6A11A66B8BC9_analysis-1.csv;user-I051892;1;1118071845;true;0.23792897234902133;0.0;Infinity;1;B
user-I051892_session-05F964991B84D6A73AB5C73DA9CB1A97C34CB84348A55BE18FEB6A11A66B8BC9_analysis-1.csv;user-I051892;1;-2139761238;true;0.11305476537810044;0.0;Infinity;1;B
user-I051892_session-05F964991B84D6A73AB5C73DA9CB1A97C34CB84348A55BE18FEB6A11A66B8BC9_analysis-1.csv;user-I051892;1;-2094978672;true;0.13451519028641545;0.0;Infinity;1;B
user-I051892_session-05F964991B84D6A73AB5C73DA9CB1A97C34CB84348A55BE18FEB6A11A66B8BC9_analysis-1.csv;user-I051892;1;-1398927799;true;0.16055393145019947;0.0;Infinity;1;B
user-I051892_session-05F964991B84D6A73AB5C73DA9CB1A97C34CB84348A55BE18FEB6A11A66B8BC9_analysis-1.csv;user-I051892;1;-2020583343;true;0.2772821788454478;0.0;Infinity;1;B
user-I051892_session-05F964991B84D6A73AB5C73DA9CB1A97C34CB84348A55BE18FEB6A11A66B8BC9_analysis-1.csv;user-I051892;1;1118932130;true;0.15379018324404714;0.0;Infinity;1;B
user-I051892_session-05F964991B84D6A73AB5C73DA9CB1A97C34CB84348A55BE18FEB6A11A66B8BC9_analysis-1.csv;user-I051892;1;-2139773731;true;0.49641447441183173;0.0;Infinity;1;B
user-I051892_session-05F964991B84D6A73AB5C73DA9CB1A97C34CB84348A55BE18FEB6A11A66B8BC9_analysis-1.csv;user-I051892;1;1530818752;true;0.26569377267308625;0.0;Infinity;1;B
user-I051892_session-05F964991B84D6A73AB5C73DA9CB1A97C34CB84348A55BE18FEB6A11A66B8BC9_analysis-1.csv;user-I051892;1;-1032655259;true;0.49857844672850826;0.0;Infinity;1;B
user-I051892_session-05F964991B84D6A73AB5C73DA9CB1A97C34CB84348A55BE18FEB6A11A66B8BC9_analysis-1.csv;user-I051892;1;2115011341;true;0.17376221251593948;0.0;Infinity;1;B
user-I051892_session-05F964991B84D6A73AB5C73DA9CB1A97C34CB84348A55BE18FEB6A11A66B8BC9_analysis-1.csv;user-I051892;1;-202348126;true;0.01845745893038664;0.0;Infinity;1;B
user-I051892_session-05F964991B84D6A73AB5C73DA9CB1A97C34CB84348A55BE18FEB6A11A66B8BC9_analysis-1.csv;user-I051892;1;2020521674;true;0.18681767310924424;0.0;Infinity;1;B
user-I051892_session-05F964991B84D6A73AB5C73DA9CB1A97C34CB84348A55BE18FEB6A11A66B8BC9_analysis-1.csv;user-I051892;1;146528472;true;0.33981674159380515;0.0;Infinity;1;B
user-I051892_session-05F964991B84D6A73AB5C73DA9CB1A97C34CB84348A55BE18FEB6A11A66B8BC9_analysis-1.csv;user-I051892;1;1608139620;true;0.2950558787449098;0.0;Infinity;1;B
user-I051892_session-05F964991B84D6A73AB5C73DA9CB1A97C34CB84348A55BE18FEB6A11A66B8BC9_analysis-1.csv;user-I051892;1;-1291923975;true;0.13483609251483974;0.0;Infinity;1;B
user-I051892_session-05F964991B84D6A73AB5C73DA9CB1A97C34CB84348A55BE18FEB6A11A66B8BC9_analysis-1.csv;user-I051892;1;-75872480;true;0.24693343296614956;0.0;Infinity;1;B
user-I051892_session-05F964991B84D6A73AB5C73DA9CB1A97C34CB84348A55BE18FEB6A11A66B8BC9_analysis-1.csv;user-I051892;1;-646098478;true;0.2672854198733411;0.0;Infinity;1;B
user-I051892_session-05F964991B84D6A73AB5C73DA9CB1A97C34CB84348A55BE18FEB6A11A66B8BC9_analysis-1.csv;user-I051892;1;1269197454;true;0.26550365988058755;0.0;Infinity;1;B
user-I051892_session-05F964991B84D6A73AB5C73DA9CB1A97C34CB84348A55BE18FEB6A11A66B8BC9_analysis-1.csv;user-I051892;2;-595516215;true;0.15976669819560674;0.0;Infinity;1;B
user-I051892_session-05F964991B84D6A73AB5C73DA9CB1A97C34CB84348A55BE18FEB6A11A66B8BC9_analysis-1.csv;user-I051892;2;124016552;true;0.010812369331791083;0.0;Infinity;1;B
user-I051892_session-05F964991B84D6A73AB5C73DA9CB1A97C34CB84348A55BE18FEB6A11A66B8BC9_analysis-1.csv;user-I051892;2;1455751291;true;0.21360974978339908;0.0;Infinity;1;B
user-I051892_session-05F964991B84D6A73AB5C73DA9CB1A97C34CB84348A55BE18FEB6A11A66B8BC9_analysis-1.csv;user-I051892;2;-539667346;true;0.21769726690577496;0.0;Infinity;1;B
user-I051892_session-05F964991B84D6A73AB5C73DA9CB1A97C34CB84348A55BE18FEB6A11A66B8BC9_analysis-1.csv;user-I051892;2;-916509367;true;0.3641868859725813;0.0;Infinity;1;B
user-I051892_session-05F964991B84D6A73AB5C73DA9CB1A97C34CB84348A55BE18FEB6A11A66B8BC9_analysis-1.csv;user-I051892;2;400562996;true;0.1528498106030094;0.0;Infinity;1;B
user-I051892_session-05F964991B84D6A73AB5C73DA9CB1A97C34CB84348A55BE18FEB6A11A66B8BC9_analysis-1.csv;user-I051892;2;1181591152;true;0.1519712981974617;0.0;Infinity;1;B
user-I051892_session-05F964991B84D6A73AB5C73DA9CB1A97C34CB84348A55BE18FEB6A11A66B8BC9_analysis-1.csv;user-I051892;2;-183629593;true;0.3109703743733404;0.0;Infinity;1;B
user-I051892_session-05F964991B84D6A73AB5C73DA9CB1A97C34CB84348A55BE18FEB6A11A66B8BC9_analysis-1.csv;user-I051892;2;-445250891;true;0.08500887953458824;0.0;Infinity;1;B
user-I051892_session-05F964991B84D6A73AB5C73DA9CB1A97C34CB84348A55BE18FEB6A11A66B8BC9_analysis-1.csv;user-I051892;2;440745220;true;0.47022853172790147;0.0;Infinity;1;B
user-I051892_session-05F964991B84D6A73AB5C73DA9CB1A97C34CB84348A55BE18FEB6A11A66B8BC9_analysis-1.csv;user-I051892;2;1086104748;true;0.4520869383189621;0.0;Infinity;1;B
user-I051892_session-05F964991B84D6A73AB5C73DA9CB1A97C34CB84348A55BE18FEB6A11A66B8BC9_analysis-1.csv;user-I051892;2;386758140;true;0.40787092328818997;0.0;Infinity;1;B
user-I051892_session-05F964991B84D6A73AB5C73DA9CB1A97C34CB84348A55BE18FEB6A11A66B8BC9_analysis-1.csv;user-I051892;2;1934420473;true;0.22574572731336628;0.0;Infinity;1;B
user-I051892_session-05F964991B84D6A73AB5C73DA9CB1A97C34CB84348A55BE18FEB6A11A66B8BC9_analysis-1.csv;user-I051892;2;1547863692;true;0.46812669693138353;0.0;Infinity;1;B
user-I051892_session-05F964991B84D6A73AB5C73DA9CB1A97C34CB84348A55BE18FEB6A11A66B8BC9_analysis-1.csv;user-I051892;2;485540279;true;0.12311446118864655;0.0;Infinity;1;B
user-I051892_session-05F964991B84D6A73AB5C73DA9CB1A97C34CB84348A55BE18FEB6A11A66B8BC9_analysis-1.csv;user-I051892;2;-1189936362;true;0.14531128365723678;0.0;Infinity;1;B
user-I051892_session-05F964991B84D6A73AB5C73DA9CB1A97C34CB84348A55BE18FEB6A11A66B8BC9_analysis-1.csv;user-I051892;2;-1699479036;true;0.26639058071851873;0.0;Infinity;1;B
user-I051892_session-05F964991B84D6A73AB5C73DA9CB1A97C34CB84348A55BE18FEB6A11A66B8BC9_analysis-1.csv;user-I051892;2;1508667486;true;0.03920384199975713;0.0;Infinity;1;B
user-I051892_session-05F964991B84D6A73AB5C73DA9CB1A97C34CB84348A55BE18FEB6A11A66B8BC9_analysis-1.csv;user-I051892;2;-1567919873;true;0.4706659361424834;0.0;Infinity;1;B
user-I051892_session-05F964991B84D6A73AB5C73DA9CB1A97C34CB84348A55BE18FEB6A11A66B8BC9_analysis-1.csv;user-I051892;2;-1790320825;true;0.30497808888651123;0.0;Infinity;1;B
user-I051892_session-05F964991B84D6A73AB5C73DA9CB1A97C34CB84348A55BE18FEB6A11A66B8BC9_analysis-1.csv;user-I051892;2;559935608;true;0.23786224161094616;0.0;Infinity;1;B
user-I051892_session-05F964991B84D6A73AB5C73DA9CB1A97C34CB84348A55BE18FEB6A11A66B8BC9_analysis-1.csv;user-I051892;2;-1390581921;true;0.15123387819899503;0.0;Infinity;1;B
user-I051892_session-05F964991B84D6A73AB5C73DA9CB1A97C34CB84348A55BE18FEB6A11A66B8BC9_analysis-1.csv;user-I051892;2;1779160790;true;0.2429756110689303;0.0;Infinity;1;B
user-I051892_session-05F964991B84D6A73AB5C73DA9CB1A97C34CB84348A55BE18FEB6A11A66B8BC9_analysis-1.csv;user-I051892;2;141398372;true;0.12355840643628901;0.0;Infinity;1;B
user-I051892_session-05F964991B84D6A73AB5C73DA9CB1A97C34CB84348A55BE18FEB6A11A66B8BC9_analysis-1.csv;user-I051892;2;-911591963;true;0.39945196721476295;0.0;Infinity;1;B
user-I051892_session-05F964991B84D6A73AB5C73DA9CB1A97C34CB84348A55BE18FEB6A11A66B8BC9_analysis-1.csv;user-I051892;2;1341837576;true;0.14859805202166376;0.0;Infinity;1;B
user-I051892_session-05F964991B84D6A73AB5C73DA9CB1A97C34CB84348A55BE18FEB6A11A66B8BC9_analysis-1.csv;user-I051892;2;306073329;true;0.18105774303978972;0.0;Infinity;1;B
user-I051892_session-05F964991B84D6A73AB5C73DA9CB1A97C34CB84348A55BE18FEB6A11A66B8BC9_analysis-1.csv;user-I051892;2;-1916796471;true;0.025153648364139802;0.0;Infinity;1;B
user-I051892_session-05F964991B84D6A73AB5C73DA9CB1A97C34CB84348A55BE18FEB6A11A66B8BC9_analysis-1.csv;user-I051892;2;440757713;true;0.18846098558221103;0.0;Infinity;1;B
user-I051892_session-05F964991B84D6A73AB5C73DA9CB1A97C34CB84348A55BE18FEB6A11A66B8BC9_analysis-1.csv;user-I051892;2;114510182;true;0.044637891863723134;0.0;Infinity;1;B
user-I051892_session-05F964991B84D6A73AB5C73DA9CB1A97C34CB84348A55BE18FEB6A11A66B8BC9_analysis-1.csv;user-I051892;2;-38914621;true;0.44631058196543805;0.0;Infinity;1;B
user-I051892_session-05F964991B84D6A73AB5C73DA9CB1A97C34CB84348A55BE18FEB6A11A66B8BC9_analysis-1.csv;user-I051892;2;-620795907;true;0.34173528070633385;0.0;Infinity;1;B
user-I051892_session-05F964991B84D6A73AB5C73DA9CB1A97C34CB84348A55BE18FEB6A11A66B8BC9_analysis-1.csv;user-I051892;2;1288594976;true;0.12925419075753042;0.0;Infinity;1;B
user-I051892_session-05F964991B84D6A73AB5C73DA9CB1A97C34CB84348A55BE18FEB6A11A66B8BC9_analysis-1.csv;user-I051892;2;-106308725;true;0.37775511329196343;0.0;Infinity;1;B
user-I051892_session-05F964991B84D6A73AB5C73DA9CB1A97C34CB84348A55BE18FEB6A11A66B8BC9_analysis-1.csv;user-I051892;2;-596376500;true;0.33455660519128894;0.0;Infinity;1;B
user-I051892_session-05F964991B84D6A73AB5C73DA9CB1A97C34CB84348A55BE18FEB6A11A66B8BC9_analysis-1.csv;user-I051892;2;1231331643;true;0.15751649256779476;0.0;Infinity;1;B
user-I051892_session-05F964991B84D6A73AB5C73DA9CB1A97C34CB84348A55BE18FEB6A11A66B8BC9_analysis-1.csv;user-I051892;2;-229202661;true;0.09933384312296223;0.0;Infinity;1;B
user-I051892_session-05F964991B84D6A73AB5C73DA9CB1A97C34CB84348A55BE18FEB6A11A66B8BC9_analysis-1.csv;user-I051892;3;-1886832398;true;0.40501396327191097;0.0;Infinity;1;B
user-I051892_session-05F964991B84D6A73AB5C73DA9CB1A97C34CB84348A55BE18FEB6A11A66B8BC9_analysis-1.csv;user-I051892;3;1329451769;true;0.23546167386300854;0.0;Infinity;1;B
user-I051892_session-05F964991B84D6A73AB5C73DA9CB1A97C34CB84348A55BE18FEB6A11A66B8BC9_analysis-1.csv;user-I051892;3;-1124638119;true;0.14903538253814141;0.0;Infinity;1;B
user-I051892_session-05F964991B84D6A73AB5C73DA9CB1A97C34CB84348A55BE18FEB6A11A66B8BC9_analysis-1.csv;user-I051892;3;1112134334;true;0.014943676713022658;0.0;Infinity;1;B
user-I051892_session-05F964991B84D6A73AB5C73DA9CB1A97C34CB84348A55BE18FEB6A11A66B8BC9_analysis-1.csv;user-I051892;3;-959963162;true;0.1717447152129422;0.0;Infinity;1;B
user-I051892_session-05F964991B84D6A73AB5C73DA9CB1A97C34CB84348A55BE18FEB6A11A66B8BC9_analysis-1.csv;user-I051892;3;-1372345216;true;0.03630095460329552;0.0;Infinity;1;B
user-I051892_session-05F964991B84D6A73AB5C73DA9CB1A97C34CB84348A55BE18FEB6A11A66B8BC9_analysis-1.csv;user-I051892;3;-825278778;true;0.0533269927347384;0.0;Infinity;1;B
user-I051892_session-05F964991B84D6A73AB5C73DA9CB1A97C34CB84348A55BE18FEB6A11A66B8BC9_analysis-1.csv;user-I051892;3;-1862412991;true;0.26941875006960536;0.0;Infinity;1;B
user-I051892_session-05F964991B84D6A73AB5C73DA9CB1A97C34CB84348A55BE18FEB6A11A66B8BC9_analysis-1.csv;user-I051892;3;-1449666084;true;0.18130563929313448;0.0;Infinity;1;B
user-I051892_session-05F964991B84D6A73AB5C73DA9CB1A97C34CB84348A55BE18FEB6A11A66B8BC9_analysis-1.csv;user-I051892;3;1238609980;true;0.20923419792091713;0.0;Infinity;1;B
user-I051892_session-05F964991B84D6A73AB5C73DA9CB1A97C34CB84348A55BE18FEB6A11A66B8BC9_analysis-1.csv;user-I051892;3;513124299;true;0.3281231350078424;0.0;Infinity;1;B
user-I051892_session-05F964991B84D6A73AB5C73DA9CB1A97C34CB84348A55BE18FEB6A11A66B8BC9_analysis-1.csv;user-I051892;3;2112421438;true;0.484942966292915;0.0;Infinity;1;B
user-I051892_session-05F964991B84D6A73AB5C73DA9CB1A97C34CB84348A55BE18FEB6A11A66B8BC9_analysis-1.csv;user-I051892;3;281827201;true;0.40220430971695376;0.0;Infinity;1;B
user-I051892_session-05F964991B84D6A73AB5C73DA9CB1A97C34CB84348A55BE18FEB6A11A66B8BC9_analysis-1.csv;user-I051892;3;-1861552706;true;0.21332843518199507;0.0;Infinity;1;B
user-I051892_session-05F964991B84D6A73AB5C73DA9CB1A97C34CB84348A55BE18FEB6A11A66B8BC9_analysis-1.csv;user-I051892;3;-1805703837;true;0.1749315276503809;0.0;Infinity;1;B
user-I051892_session-05F964991B84D6A73AB5C73DA9CB1A97C34CB84348A55BE18FEB6A11A66B8BC9_analysis-1.csv;user-I051892;3;2117338842;true;0.48835249914758483;0.0;Infinity;1;B
user-I051892_session-05F964991B84D6A73AB5C73DA9CB1A97C34CB84348A55BE18FEB6A11A66B8BC9_analysis-1.csv;user-I051892;3;-865473495;true;0.1749315276503809;0.0;Infinity;1;B
user-I051892_session-05F964991B84D6A73AB5C73DA9CB1A97C34CB84348A55BE18FEB6A11A66B8BC9_analysis-1.csv;user-I051892;3;-1711287382;true;0.15288030051866186;0.0;Infinity;1;B
user-I051892_session-05F964991B84D6A73AB5C73DA9CB1A97C34CB84348A55BE18FEB6A11A66B8BC9_analysis-1.csv;user-I051892;3;-825291271;true;0.4685733543169456;0.0;Infinity;1;B
user-I051892_session-05F964991B84D6A73AB5C73DA9CB1A97C34CB84348A55BE18FEB6A11A66B8BC9_analysis-1.csv;user-I051892;3;-706100883;true;0.14975845315282899;0.0;Infinity;1;B
user-I051892_session-05F964991B84D6A73AB5C73DA9CB1A97C34CB84348A55BE18FEB6A11A66B8BC9_analysis-1.csv;user-I051892;3;-1304951112;true;0.4166035291372736;0.0;Infinity;1;B
user-I051892_session-05F964991B84D6A73AB5C73DA9CB1A97C34CB84348A55BE18FEB6A11A66B8BC9_analysis-1.csv;user-I051892;3;-179931743;true;0.3153074867762502;0.0;Infinity;1;B
user-I051892_session-05F964991B84D6A73AB5C73DA9CB1A97C34CB84348A55BE18FEB6A11A66B8BC9_analysis-1.csv;user-I051892;3;-1142019939;true;0.4967244500675374;0.0;Infinity;1;B
user-I051892_session-05F964991B84D6A73AB5C73DA9CB1A97C34CB84348A55BE18FEB6A11A66B8BC9_analysis-1.csv;user-I051892;3;1461010932;true;0.35140912319829043;0.0;Infinity;1;B
user-I051892_session-05F964991B84D6A73AB5C73DA9CB1A97C34CB84348A55BE18FEB6A11A66B8BC9_analysis-1.csv;user-I051892;3;-879278351;true;0.4645175755543992;0.0;Infinity;1;B
user-I051892_session-05F964991B84D6A73AB5C73DA9CB1A97C34CB84348A55BE18FEB6A11A66B8BC9_analysis-1.csv;user-I051892;3;-84445339;true;0.1591825420260804;0.0;Infinity;1;B
user-I051892_session-05F964991B84D6A73AB5C73DA9CB1A97C34CB84348A55BE18FEB6A11A66B8BC9_analysis-1.csv;user-I051892;3;668383982;true;0.14123562050812977;0.0;Infinity;1;B
user-I051892_session-05F964991B84D6A73AB5C73DA9CB1A97C34CB84348A55BE18FEB6A11A66B8BC9_analysis-1.csv;user-I051892;3;22558485;true;0.14474598977218067;0.0;Infinity;1;B
user-I051892_session-05F964991B84D6A73AB5C73DA9CB1A97C34CB84348A55BE18FEB6A11A66B8BC9_analysis-1.csv;user-I051892;3;242630995;true;0.026543156107862176;0.0;Infinity;1;B
user-I051892_session-05F964991B84D6A73AB5C73DA9CB1A97C34CB84348A55BE18FEB6A11A66B8BC9_analysis-1.csv;user-I051892;3;189714800;true;0.24681818786829757;0.0;Infinity;1;B
user-I051892_session-05F964991B84D6A73AB5C73DA9CB1A97C34CB84348A55BE18FEB6A11A66B8BC9_analysis-1.csv;user-I051892;3;-1151526309;true;0.08634411310829015;0.0;Infinity;1;B
user-I051892_session-05F964991B84D6A73AB5C73DA9CB1A97C34CB84348A55BE18FEB6A11A66B8BC9_analysis-1.csv;user-I051892;3;1638348884;true;0.37716082775394244;0.0;Infinity;1;B
user-I051892_session-05F964991B84D6A73AB5C73DA9CB1A97C34CB84348A55BE18FEB6A11A66B8BC9_analysis-1.csv;user-I051892;3;1838994443;true;0.1408877851675533;0.0;Infinity;1;B
user-I051892_session-05F964991B84D6A73AB5C73DA9CB1A97C34CB84348A55BE18FEB6A11A66B8BC9_analysis-1.csv;user-I051892;3;-1495239152;true;0.06732272410054407;0.0;Infinity;1;B
user-I051892_session-05F964991B84D6A73AB5C73DA9CB1A97C34CB84348A55BE18FEB6A11A66B8BC9_analysis-1.csv;user-I051892;3;-34704848;true;0.1586176576195255;0.0;Infinity;1;B
user-I051892_session-05F964991B84D6A73AB5C73DA9CB1A97C34CB84348A55BE18FEB6A11A66B8BC9_analysis-1.csv;user-I051892;4;2034520999;true;0.16670025215841355;0.0;Infinity;1;B
user-I051892_session-05F964991B84D6A73AB5C73DA9CB1A97C34CB84348A55BE18FEB6A11A66B8BC9_analysis-1.csv;user-I051892;4;2107483250;true;0.24981596528804717;0.0;Infinity;1;B
user-I051892_session-05F964991B84D6A73AB5C73DA9CB1A97C34CB84348A55BE18FEB6A11A66B8BC9_analysis-1.csv;user-I051892;4;-2117138760;true;0.1557097327485485;0.0;Infinity;1;B
user-I051892_session-05F964991B84D6A73AB5C73DA9CB1A97C34CB84348A55BE18FEB6A11A66B8BC9_analysis-1.csv;user-I051892;4;1966393156;true;0.21656070597115917;0.0;Infinity;1;B
user-I051892_session-05F964991B84D6A73AB5C73DA9CB1A97C34CB84348A55BE18FEB6A11A66B8BC9_analysis-1.csv;user-I051892;4;76801845;true;0.45843777652910256;0.0;Infinity;1;B
user-I051892_session-05F964991B84D6A73AB5C73DA9CB1A97C34CB84348A55BE18FEB6A11A66B8BC9_analysis-1.csv;user-I051892;4;12721408;true;0.08082838409827131;0.0;Infinity;1;B
user-I051892_session-05F964991B84D6A73AB5C73DA9CB1A97C34CB84348A55BE18FEB6A11A66B8BC9_analysis-1.csv;user-I051892;5;2034520999;true;0.16670025215841355;0.0;Infinity;1;B
user-I051892_session-05F964991B84D6A73AB5C73DA9CB1A97C34CB84348A55BE18FEB6A11A66B8BC9_analysis-1.csv;user-I051892;5;2107483250;true;0.24981596528804717;0.0;Infinity;1;B
user-I051892_session-05F964991B84D6A73AB5C73DA9CB1A97C34CB84348A55BE18FEB6A11A66B8BC9_analysis-1.csv;user-I051892;5;-2117138760;true;0.1557097327485485;0.0;Infinity;1;B
user-I051892_session-05F964991B84D6A73AB5C73DA9CB1A97C34CB84348A55BE18FEB6A11A66B8BC9_analysis-1.csv;user-I051892;5;1966393156;true;0.21656070597115917;0.0;Infinity;1;B
user-I051892_session-05F964991B84D6A73AB5C73DA9CB1A97C34CB84348A55BE18FEB6A11A66B8BC9_analysis-1.csv;user-I051892;5;76801845;true;0.45843777652910256;0.0;Infinity;1;B
user-I051892_session-05F964991B84D6A73AB5C73DA9CB1A97C34CB84348A55BE18FEB6A11A66B8BC9_analysis-1.csv;user-I051892;5;12721408;true;0.08082838409827131;0.0;Infinity;1;B
