session ;user;query position;cell hashcode;novelty;outlierness;relevance;surprise;query label;session label
user-I050648_session-B34FE261C41F1CECA723A22B5D5BB74C4AC140931465D2DA8F3A7033ABC96D46_analysis-3.csv;user-I050648;1;-1645642369;true;0.01810026243849716;0.0;Infinity;0;C
user-I050648_session-B34FE261C41F1CECA723A22B5D5BB74C4AC140931465D2DA8F3A7033ABC96D46_analysis-3.csv;user-I050648;1;1959132295;true;0.15130643161213064;0.0;Infinity;0;C
user-I050648_session-B34FE261C41F1CECA723A22B5D5BB74C4AC140931465D2DA8F3A7033ABC96D46_analysis-3.csv;user-I050648;1;934876582;true;0.022839442870840054;0.0;Infinity;0;C
user-I050648_session-B34FE261C41F1CECA723A22B5D5BB74C4AC140931465D2DA8F3A7033ABC96D46_analysis-3.csv;user-I050648;1;1052919571;true;0.16322319567494925;0.0;Infinity;0;C
user-I050648_session-B34FE261C41F1CECA723A22B5D5BB74C4AC140931465D2DA8F3A7033ABC96D46_analysis-3.csv;user-I050648;1;385039036;true;0.2310402455787417;0.0;Infinity;0;C
user-I050648_session-B34FE261C41F1CECA723A22B5D5BB74C4AC140931465D2DA8F3A7033ABC96D46_analysis-3.csv;user-I050648;1;317646201;true;0.14731664967328162;0.0;Infinity;0;C
user-I050648_session-B34FE261C41F1CECA723A22B5D5BB74C4AC140931465D2DA8F3A7033ABC96D46_analysis-3.csv;user-I050648;1;176556107;true;0.49372070835898196;0.0;Infinity;0;C
user-I050648_session-B34FE261C41F1CECA723A22B5D5BB74C4AC140931465D2DA8F3A7033ABC96D46_analysis-3.csv;user-I050648;1;408892511;true;0.37947767783584097;0.0;Infinity;0;C
user-I050648_session-B34FE261C41F1CECA723A22B5D5BB74C4AC140931465D2DA8F3A7033ABC96D46_analysis-3.csv;user-I050648;1;455384322;true;0.14905241204886344;0.0;Infinity;0;C
user-I050648_session-B34FE261C41F1CECA723A22B5D5BB74C4AC140931465D2DA8F3A7033ABC96D46_analysis-3.csv;user-I050648;1;312076785;true;0.02385946163748054;0.0;Infinity;0;C
user-I050648_session-B34FE261C41F1CECA723A22B5D5BB74C4AC140931465D2DA8F3A7033ABC96D46_analysis-3.csv;user-I050648;1;-1259064023;true;0.1482792825592314;0.0;Infinity;0;C
user-I050648_session-B34FE261C41F1CECA723A22B5D5BB74C4AC140931465D2DA8F3A7033ABC96D46_analysis-3.csv;user-I050648;1;870807567;true;0.3445872865445504;0.0;Infinity;0;C
user-I050648_session-B34FE261C41F1CECA723A22B5D5BB74C4AC140931465D2DA8F3A7033ABC96D46_analysis-3.csv;user-I050648;1;-661528774;true;0.20839344518354574;0.0;Infinity;0;C
user-I050648_session-B34FE261C41F1CECA723A22B5D5BB74C4AC140931465D2DA8F3A7033ABC96D46_analysis-3.csv;user-I050648;1;870815030;true;0.3445872865445504;0.0;Infinity;0;C
user-I050648_session-B34FE261C41F1CECA723A22B5D5BB74C4AC140931465D2DA8F3A7033ABC96D46_analysis-3.csv;user-I050648;1;-1709703921;true;0.44504521782426054;0.0;Infinity;0;C
user-I050648_session-B34FE261C41F1CECA723A22B5D5BB74C4AC140931465D2DA8F3A7033ABC96D46_analysis-3.csv;user-I050648;1;-1709711384;true;0.47084618550794355;0.0;Infinity;0;C
user-I050648_session-B34FE261C41F1CECA723A22B5D5BB74C4AC140931465D2DA8F3A7033ABC96D46_analysis-3.csv;user-I050648;1;2102439832;true;0.19467592358286756;0.0;Infinity;0;C
user-I050648_session-B34FE261C41F1CECA723A22B5D5BB74C4AC140931465D2DA8F3A7033ABC96D46_analysis-3.csv;user-I050648;1;387991487;true;0.23375694598409114;0.0;Infinity;0;C
user-I050648_session-B34FE261C41F1CECA723A22B5D5BB74C4AC140931465D2DA8F3A7033ABC96D46_analysis-3.csv;user-I050648;1;-1470499403;true;0.49258418043522667;0.0;Infinity;0;C
user-I050648_session-B34FE261C41F1CECA723A22B5D5BB74C4AC140931465D2DA8F3A7033ABC96D46_analysis-3.csv;user-I050648;1;-1713035204;true;0.21760163089713447;0.0;Infinity;0;C
user-I050648_session-B34FE261C41F1CECA723A22B5D5BB74C4AC140931465D2DA8F3A7033ABC96D46_analysis-3.csv;user-I050648;1;2032094546;true;0.14253509308851164;0.0;Infinity;0;C
user-I050648_session-B34FE261C41F1CECA723A22B5D5BB74C4AC140931465D2DA8F3A7033ABC96D46_analysis-3.csv;user-I050648;1;243948942;true;0.3923429943336162;0.0;Infinity;0;C
user-I050648_session-B34FE261C41F1CECA723A22B5D5BB74C4AC140931465D2DA8F3A7033ABC96D46_analysis-3.csv;user-I050648;1;1891004452;true;0.4962434146680761;0.0;Infinity;0;C
user-I050648_session-B34FE261C41F1CECA723A22B5D5BB74C4AC140931465D2DA8F3A7033ABC96D46_analysis-3.csv;user-I050648;1;244683950;true;0.1583213899853526;0.0;Infinity;0;C
user-I050648_session-B34FE261C41F1CECA723A22B5D5BB74C4AC140931465D2DA8F3A7033ABC96D46_analysis-3.csv;user-I050648;1;-1329409309;true;0.19433157332228612;0.0;Infinity;0;C
user-I050648_session-B34FE261C41F1CECA723A22B5D5BB74C4AC140931465D2DA8F3A7033ABC96D46_analysis-3.csv;user-I050648;1;1413141;true;0.24283776196428963;0.0;Infinity;0;C
user-I050648_session-B34FE261C41F1CECA723A22B5D5BB74C4AC140931465D2DA8F3A7033ABC96D46_analysis-3.csv;user-I050648;1;2123340856;true;0.42872997107928024;0.0;Infinity;0;C
user-I050648_session-B34FE261C41F1CECA723A22B5D5BB74C4AC140931465D2DA8F3A7033ABC96D46_analysis-3.csv;user-I050648;1;-1402371560;true;0.06050764561025668;0.0;Infinity;0;C
user-I050648_session-B34FE261C41F1CECA723A22B5D5BB74C4AC140931465D2DA8F3A7033ABC96D46_analysis-3.csv;user-I050648;2;-1716324496;true;0.13532778190852512;0.0;Infinity;0;C
user-I050648_session-B34FE261C41F1CECA723A22B5D5BB74C4AC140931465D2DA8F3A7033ABC96D46_analysis-3.csv;user-I050648;2;-1094907858;true;0.25912679040062736;0.0;Infinity;0;C
user-I050648_session-B34FE261C41F1CECA723A22B5D5BB74C4AC140931465D2DA8F3A7033ABC96D46_analysis-3.csv;user-I050648;2;-657987788;true;0.28512358662819315;0.0;Infinity;0;C
user-I050648_session-B34FE261C41F1CECA723A22B5D5BB74C4AC140931465D2DA8F3A7033ABC96D46_analysis-3.csv;user-I050648;2;-1009694579;true;0.15310621355409104;0.0;Infinity;0;C
user-I050648_session-B34FE261C41F1CECA723A22B5D5BB74C4AC140931465D2DA8F3A7033ABC96D46_analysis-3.csv;user-I050648;3;426929655;true;0.3552015295785277;0.0;Infinity;0;C
user-I050648_session-B34FE261C41F1CECA723A22B5D5BB74C4AC140931465D2DA8F3A7033ABC96D46_analysis-3.csv;user-I050648;3;-254037773;true;0.45125782142817983;0.0;Infinity;0;C
user-I050648_session-B34FE261C41F1CECA723A22B5D5BB74C4AC140931465D2DA8F3A7033ABC96D46_analysis-3.csv;user-I050648;3;1701320077;true;0.38674112147873085;0.0;Infinity;0;C
user-I050648_session-B34FE261C41F1CECA723A22B5D5BB74C4AC140931465D2DA8F3A7033ABC96D46_analysis-3.csv;user-I050648;3;-738073445;true;0.36146938569994447;0.0;Infinity;0;C
user-I050648_session-B34FE261C41F1CECA723A22B5D5BB74C4AC140931465D2DA8F3A7033ABC96D46_analysis-3.csv;user-I050648;3;1688966418;true;2.4018585400575887E-6;0.0;Infinity;0;C
user-I050648_session-B34FE261C41F1CECA723A22B5D5BB74C4AC140931465D2DA8F3A7033ABC96D46_analysis-3.csv;user-I050648;3;-908806156;true;0.43026344441002307;0.0;Infinity;0;C
user-I050648_session-B34FE261C41F1CECA723A22B5D5BB74C4AC140931465D2DA8F3A7033ABC96D46_analysis-3.csv;user-I050648;3;-1041818412;true;0.35323800300343644;0.0;Infinity;0;C
user-I050648_session-B34FE261C41F1CECA723A22B5D5BB74C4AC140931465D2DA8F3A7033ABC96D46_analysis-3.csv;user-I050648;3;-1415300262;true;0.3506988863570315;0.0;Infinity;0;C
user-I050648_session-B34FE261C41F1CECA723A22B5D5BB74C4AC140931465D2DA8F3A7033ABC96D46_analysis-3.csv;user-I050648;3;-396806472;true;0.38252522764759034;0.0;Infinity;0;C
user-I050648_session-B34FE261C41F1CECA723A22B5D5BB74C4AC140931465D2DA8F3A7033ABC96D46_analysis-3.csv;user-I050648;3;1337259627;true;0.37230211616118614;0.0;Infinity;0;C
user-I050648_session-B34FE261C41F1CECA723A22B5D5BB74C4AC140931465D2DA8F3A7033ABC96D46_analysis-3.csv;user-I050648;3;1049760016;true;0.4033870253444719;0.0;Infinity;0;C
user-I050648_session-B34FE261C41F1CECA723A22B5D5BB74C4AC140931465D2DA8F3A7033ABC96D46_analysis-3.csv;user-I050648;3;1252046348;true;0.49260977068115974;0.0;Infinity;0;C
user-I050648_session-B34FE261C41F1CECA723A22B5D5BB74C4AC140931465D2DA8F3A7033ABC96D46_analysis-3.csv;user-I050648;3;-482552036;true;0.3834396039594856;0.0;Infinity;0;C
user-I050648_session-B34FE261C41F1CECA723A22B5D5BB74C4AC140931465D2DA8F3A7033ABC96D46_analysis-3.csv;user-I050648;3;858729218;true;0.3605351194977259;0.0;Infinity;0;C
user-I050648_session-B34FE261C41F1CECA723A22B5D5BB74C4AC140931465D2DA8F3A7033ABC96D46_analysis-3.csv;user-I050648;3;1844958072;true;0.35461653460038145;0.0;Infinity;0;C
user-I050648_session-B34FE261C41F1CECA723A22B5D5BB74C4AC140931465D2DA8F3A7033ABC96D46_analysis-3.csv;user-I050648;3;-176309898;true;0.4263713689377673;0.0;Infinity;0;C
user-I050648_session-B34FE261C41F1CECA723A22B5D5BB74C4AC140931465D2DA8F3A7033ABC96D46_analysis-3.csv;user-I050648;3;630629710;true;0.3347262177293814;0.0;Infinity;0;C
user-I050648_session-B34FE261C41F1CECA723A22B5D5BB74C4AC140931465D2DA8F3A7033ABC96D46_analysis-3.csv;user-I050648;3;299914093;true;0.174110145186674;0.0;Infinity;0;C
user-I050648_session-B34FE261C41F1CECA723A22B5D5BB74C4AC140931465D2DA8F3A7033ABC96D46_analysis-3.csv;user-I050648;3;621980209;true;0.3601732016019564;0.0;Infinity;0;C
user-I050648_session-B34FE261C41F1CECA723A22B5D5BB74C4AC140931465D2DA8F3A7033ABC96D46_analysis-3.csv;user-I050648;3;-110077840;true;0.35105423062133634;0.0;Infinity;0;C
user-I050648_session-B34FE261C41F1CECA723A22B5D5BB74C4AC140931465D2DA8F3A7033ABC96D46_analysis-3.csv;user-I050648;3;-72230280;true;0.36725782519896544;0.0;Infinity;0;C
user-I050648_session-B34FE261C41F1CECA723A22B5D5BB74C4AC140931465D2DA8F3A7033ABC96D46_analysis-3.csv;user-I050648;3;1874053090;true;0.42809565008079986;0.0;Infinity;0;C
user-I050648_session-B34FE261C41F1CECA723A22B5D5BB74C4AC140931465D2DA8F3A7033ABC96D46_analysis-3.csv;user-I050648;3;-1448548824;true;0.3542552572949186;0.0;Infinity;0;C
user-I050648_session-B34FE261C41F1CECA723A22B5D5BB74C4AC140931465D2DA8F3A7033ABC96D46_analysis-3.csv;user-I050648;3;1331180323;true;0.44310326141264156;0.0;Infinity;0;C
user-I050648_session-B34FE261C41F1CECA723A22B5D5BB74C4AC140931465D2DA8F3A7033ABC96D46_analysis-3.csv;user-I050648;3;-1173334908;true;0.3668766101953105;0.0;Infinity;0;C
user-I050648_session-B34FE261C41F1CECA723A22B5D5BB74C4AC140931465D2DA8F3A7033ABC96D46_analysis-3.csv;user-I050648;4;426929655;true;0.3552015295785277;0.0;Infinity;0;C
user-I050648_session-B34FE261C41F1CECA723A22B5D5BB74C4AC140931465D2DA8F3A7033ABC96D46_analysis-3.csv;user-I050648;4;-254037773;true;0.45125782142817983;0.0;Infinity;0;C
user-I050648_session-B34FE261C41F1CECA723A22B5D5BB74C4AC140931465D2DA8F3A7033ABC96D46_analysis-3.csv;user-I050648;4;1701320077;true;0.38674112147873085;0.0;Infinity;0;C
user-I050648_session-B34FE261C41F1CECA723A22B5D5BB74C4AC140931465D2DA8F3A7033ABC96D46_analysis-3.csv;user-I050648;4;-738073445;true;0.36146938569994447;0.0;Infinity;0;C
user-I050648_session-B34FE261C41F1CECA723A22B5D5BB74C4AC140931465D2DA8F3A7033ABC96D46_analysis-3.csv;user-I050648;4;1688966418;true;2.4018585400575887E-6;0.0;Infinity;0;C
user-I050648_session-B34FE261C41F1CECA723A22B5D5BB74C4AC140931465D2DA8F3A7033ABC96D46_analysis-3.csv;user-I050648;4;-908806156;true;0.43026344441002307;0.0;Infinity;0;C
user-I050648_session-B34FE261C41F1CECA723A22B5D5BB74C4AC140931465D2DA8F3A7033ABC96D46_analysis-3.csv;user-I050648;4;-1041818412;true;0.35323800300343644;0.0;Infinity;0;C
user-I050648_session-B34FE261C41F1CECA723A22B5D5BB74C4AC140931465D2DA8F3A7033ABC96D46_analysis-3.csv;user-I050648;4;-1415300262;true;0.3506988863570315;0.0;Infinity;0;C
user-I050648_session-B34FE261C41F1CECA723A22B5D5BB74C4AC140931465D2DA8F3A7033ABC96D46_analysis-3.csv;user-I050648;4;-396806472;true;0.38252522764759034;0.0;Infinity;0;C
user-I050648_session-B34FE261C41F1CECA723A22B5D5BB74C4AC140931465D2DA8F3A7033ABC96D46_analysis-3.csv;user-I050648;4;1337259627;true;0.37230211616118614;0.0;Infinity;0;C
user-I050648_session-B34FE261C41F1CECA723A22B5D5BB74C4AC140931465D2DA8F3A7033ABC96D46_analysis-3.csv;user-I050648;4;1049760016;true;0.4033870253444719;0.0;Infinity;0;C
user-I050648_session-B34FE261C41F1CECA723A22B5D5BB74C4AC140931465D2DA8F3A7033ABC96D46_analysis-3.csv;user-I050648;4;1252046348;true;0.49260977068115974;0.0;Infinity;0;C
user-I050648_session-B34FE261C41F1CECA723A22B5D5BB74C4AC140931465D2DA8F3A7033ABC96D46_analysis-3.csv;user-I050648;4;-482552036;true;0.3834396039594856;0.0;Infinity;0;C
user-I050648_session-B34FE261C41F1CECA723A22B5D5BB74C4AC140931465D2DA8F3A7033ABC96D46_analysis-3.csv;user-I050648;4;858729218;true;0.3605351194977259;0.0;Infinity;0;C
user-I050648_session-B34FE261C41F1CECA723A22B5D5BB74C4AC140931465D2DA8F3A7033ABC96D46_analysis-3.csv;user-I050648;4;1844958072;true;0.35461653460038145;0.0;Infinity;0;C
user-I050648_session-B34FE261C41F1CECA723A22B5D5BB74C4AC140931465D2DA8F3A7033ABC96D46_analysis-3.csv;user-I050648;4;-176309898;true;0.4263713689377673;0.0;Infinity;0;C
user-I050648_session-B34FE261C41F1CECA723A22B5D5BB74C4AC140931465D2DA8F3A7033ABC96D46_analysis-3.csv;user-I050648;4;630629710;true;0.3347262177293814;0.0;Infinity;0;C
user-I050648_session-B34FE261C41F1CECA723A22B5D5BB74C4AC140931465D2DA8F3A7033ABC96D46_analysis-3.csv;user-I050648;4;299914093;true;0.174110145186674;0.0;Infinity;0;C
user-I050648_session-B34FE261C41F1CECA723A22B5D5BB74C4AC140931465D2DA8F3A7033ABC96D46_analysis-3.csv;user-I050648;4;621980209;true;0.3601732016019564;0.0;Infinity;0;C
user-I050648_session-B34FE261C41F1CECA723A22B5D5BB74C4AC140931465D2DA8F3A7033ABC96D46_analysis-3.csv;user-I050648;4;-110077840;true;0.35105423062133634;0.0;Infinity;0;C
user-I050648_session-B34FE261C41F1CECA723A22B5D5BB74C4AC140931465D2DA8F3A7033ABC96D46_analysis-3.csv;user-I050648;4;-72230280;true;0.36725782519896544;0.0;Infinity;0;C
user-I050648_session-B34FE261C41F1CECA723A22B5D5BB74C4AC140931465D2DA8F3A7033ABC96D46_analysis-3.csv;user-I050648;4;1874053090;true;0.42809565008079986;0.0;Infinity;0;C
user-I050648_session-B34FE261C41F1CECA723A22B5D5BB74C4AC140931465D2DA8F3A7033ABC96D46_analysis-3.csv;user-I050648;4;-1448548824;true;0.3542552572949186;0.0;Infinity;0;C
user-I050648_session-B34FE261C41F1CECA723A22B5D5BB74C4AC140931465D2DA8F3A7033ABC96D46_analysis-3.csv;user-I050648;4;1331180323;true;0.44310326141264156;0.0;Infinity;0;C
user-I050648_session-B34FE261C41F1CECA723A22B5D5BB74C4AC140931465D2DA8F3A7033ABC96D46_analysis-3.csv;user-I050648;4;-1173334908;true;0.3668766101953105;0.0;Infinity;0;C
user-I050648_session-B34FE261C41F1CECA723A22B5D5BB74C4AC140931465D2DA8F3A7033ABC96D46_analysis-3.csv;user-I050648;5;-1716324496;true;0.13532778190852512;0.0;Infinity;0;C
user-I050648_session-B34FE261C41F1CECA723A22B5D5BB74C4AC140931465D2DA8F3A7033ABC96D46_analysis-3.csv;user-I050648;5;-1094907858;true;0.25912679040062736;0.0;Infinity;0;C
user-I050648_session-B34FE261C41F1CECA723A22B5D5BB74C4AC140931465D2DA8F3A7033ABC96D46_analysis-3.csv;user-I050648;5;-657987788;true;0.28512358662819315;0.0;Infinity;0;C
user-I050648_session-B34FE261C41F1CECA723A22B5D5BB74C4AC140931465D2DA8F3A7033ABC96D46_analysis-3.csv;user-I050648;5;-1009694579;true;0.15310621355409104;0.0;Infinity;0;C
