session ;user;query position;cell hashcode;novelty;outlierness;relevance;surprise;query label;session label
user-I050648_session-B34FE261C41F1CECA723A22B5D5BB74C4AC140931465D2DA8F3A7033ABC96D46_analysis-11.csv;user-I050648;1;-1947876358;true;NaN;0.0;Infinity;0;A
user-I050648_session-B34FE261C41F1CECA723A22B5D5BB74C4AC140931465D2DA8F3A7033ABC96D46_analysis-11.csv;user-I050648;2;-1947876358;false;NaN;1.0;3.295836866004329;0;A
user-I050648_session-B34FE261C41F1CECA723A22B5D5BB74C4AC140931465D2DA8F3A7033ABC96D46_analysis-11.csv;user-I050648;3;1080619287;false;0.18758961084817416;1.0;8.53227882883428;1;A
user-I050648_session-B34FE261C41F1CECA723A22B5D5BB74C4AC140931465D2DA8F3A7033ABC96D46_analysis-11.csv;user-I050648;3;916047800;false;0.499991195593375;1.0;8.53227882883428;1;A
user-I050648_session-B34FE261C41F1CECA723A22B5D5BB74C4AC140931465D2DA8F3A7033ABC96D46_analysis-11.csv;user-I050648;3;-1175191970;false;0.12417163660378827;1.0;8.53227882883428;1;A
user-I050648_session-B34FE261C41F1CECA723A22B5D5BB74C4AC140931465D2DA8F3A7033ABC96D46_analysis-11.csv;user-I050648;3;618785809;false;0.39021517041308085;1.0;8.53227882883428;1;A
user-I050648_session-B34FE261C41F1CECA723A22B5D5BB74C4AC140931465D2DA8F3A7033ABC96D46_analysis-11.csv;user-I050648;3;1926240362;false;0.41343895228584926;1.0;8.53227882883428;1;A
user-I050648_session-B34FE261C41F1CECA723A22B5D5BB74C4AC140931465D2DA8F3A7033ABC96D46_analysis-11.csv;user-I050648;3;316117431;false;0.2707490152612966;1.0;8.53227882883428;1;A
user-I050648_session-B34FE261C41F1CECA723A22B5D5BB74C4AC140931465D2DA8F3A7033ABC96D46_analysis-11.csv;user-I050648;3;1071762525;false;0.20785845493200505;1.0;8.53227882883428;1;A
user-I050648_session-B34FE261C41F1CECA723A22B5D5BB74C4AC140931465D2DA8F3A7033ABC96D46_analysis-11.csv;user-I050648;3;-389169290;false;0.08173365010555955;1.0;8.53227882883428;1;A
user-I050648_session-B34FE261C41F1CECA723A22B5D5BB74C4AC140931465D2DA8F3A7033ABC96D46_analysis-11.csv;user-I050648;3;-1417755117;false;0.021096153920413085;1.0;8.53227882883428;1;A
user-I050648_session-B34FE261C41F1CECA723A22B5D5BB74C4AC140931465D2DA8F3A7033ABC96D46_analysis-11.csv;user-I050648;3;-1994002015;false;0.24541672945123683;1.0;8.53227882883428;1;A
user-I050648_session-B34FE261C41F1CECA723A22B5D5BB74C4AC140931465D2DA8F3A7033ABC96D46_analysis-11.csv;user-I050648;3;350605775;false;0.3764828191905636;1.0;8.53227882883428;1;A
user-I050648_session-B34FE261C41F1CECA723A22B5D5BB74C4AC140931465D2DA8F3A7033ABC96D46_analysis-11.csv;user-I050648;3;-1562024468;false;0.1572689956039942;1.0;8.53227882883428;1;A
user-I050648_session-B34FE261C41F1CECA723A22B5D5BB74C4AC140931465D2DA8F3A7033ABC96D46_analysis-11.csv;user-I050648;3;1073351554;false;0.16387241555339194;1.0;8.53227882883428;1;A
user-I050648_session-B34FE261C41F1CECA723A22B5D5BB74C4AC140931465D2DA8F3A7033ABC96D46_analysis-11.csv;user-I050648;3;-1040764705;false;0.4690571877126525;1.0;8.53227882883428;1;A
user-I050648_session-B34FE261C41F1CECA723A22B5D5BB74C4AC140931465D2DA8F3A7033ABC96D46_analysis-11.csv;user-I050648;3;-1512321145;false;0.2950879942786403;1.0;8.53227882883428;1;A
user-I050648_session-B34FE261C41F1CECA723A22B5D5BB74C4AC140931465D2DA8F3A7033ABC96D46_analysis-11.csv;user-I050648;3;1829580861;false;0.012025026038020803;1.0;8.53227882883428;1;A
user-I050648_session-B34FE261C41F1CECA723A22B5D5BB74C4AC140931465D2DA8F3A7033ABC96D46_analysis-11.csv;user-I050648;3;1414033727;false;0.04481472574076606;1.0;8.53227882883428;1;A
user-I050648_session-B34FE261C41F1CECA723A22B5D5BB74C4AC140931465D2DA8F3A7033ABC96D46_analysis-11.csv;user-I050648;3;1926671107;false;0.47691014332030235;1.0;8.53227882883428;1;A
user-I050648_session-B34FE261C41F1CECA723A22B5D5BB74C4AC140931465D2DA8F3A7033ABC96D46_analysis-11.csv;user-I050648;3;608111986;false;0.2818715473598158;1.0;8.53227882883428;1;A
user-I050648_session-B34FE261C41F1CECA723A22B5D5BB74C4AC140931465D2DA8F3A7033ABC96D46_analysis-11.csv;user-I050648;3;1939086048;false;0.14210847222948808;1.0;8.53227882883428;1;A
user-I050648_session-B34FE261C41F1CECA723A22B5D5BB74C4AC140931465D2DA8F3A7033ABC96D46_analysis-11.csv;user-I050648;3;2044215619;false;0.2056652360792488;1.0;8.53227882883428;1;A
user-I050648_session-B34FE261C41F1CECA723A22B5D5BB74C4AC140931465D2DA8F3A7033ABC96D46_analysis-11.csv;user-I050648;3;1069734009;false;0.2588277134005639;1.0;8.53227882883428;1;A
user-I050648_session-B34FE261C41F1CECA723A22B5D5BB74C4AC140931465D2DA8F3A7033ABC96D46_analysis-11.csv;user-I050648;3;-1819978646;false;0.33543809024597626;1.0;8.53227882883428;1;A
user-I050648_session-B34FE261C41F1CECA723A22B5D5BB74C4AC140931465D2DA8F3A7033ABC96D46_analysis-11.csv;user-I050648;3;1081206037;false;0.2863528572964761;1.0;8.53227882883428;1;A
user-I050648_session-B34FE261C41F1CECA723A22B5D5BB74C4AC140931465D2DA8F3A7033ABC96D46_analysis-11.csv;user-I050648;3;1214101365;false;0.10373397245937055;1.0;8.53227882883428;1;A
user-I050648_session-B34FE261C41F1CECA723A22B5D5BB74C4AC140931465D2DA8F3A7033ABC96D46_analysis-11.csv;user-I050648;3;-671507334;false;0.06865744519117145;1.0;8.53227882883428;1;A
user-I050648_session-B34FE261C41F1CECA723A22B5D5BB74C4AC140931465D2DA8F3A7033ABC96D46_analysis-11.csv;user-I050648;3;468752871;false;0.29841702572578;1.0;8.53227882883428;1;A
user-I050648_session-B34FE261C41F1CECA723A22B5D5BB74C4AC140931465D2DA8F3A7033ABC96D46_analysis-11.csv;user-I050648;3;-1304827976;false;0.396317531728443;1.0;8.53227882883428;1;A
user-I050648_session-B34FE261C41F1CECA723A22B5D5BB74C4AC140931465D2DA8F3A7033ABC96D46_analysis-11.csv;user-I050648;3;-624448390;false;0.33381468665165437;1.0;8.53227882883428;1;A
user-I050648_session-B34FE261C41F1CECA723A22B5D5BB74C4AC140931465D2DA8F3A7033ABC96D46_analysis-11.csv;user-I050648;3;-1708192764;false;0.47553909639057845;1.0;8.53227882883428;1;A
user-I050648_session-B34FE261C41F1CECA723A22B5D5BB74C4AC140931465D2DA8F3A7033ABC96D46_analysis-11.csv;user-I050648;3;1615186874;false;0.13988736018202474;1.0;8.53227882883428;1;A
user-I050648_session-B34FE261C41F1CECA723A22B5D5BB74C4AC140931465D2DA8F3A7033ABC96D46_analysis-11.csv;user-I050648;3;-1149575153;false;0.18255183301038702;1.0;8.53227882883428;1;A
user-I050648_session-B34FE261C41F1CECA723A22B5D5BB74C4AC140931465D2DA8F3A7033ABC96D46_analysis-11.csv;user-I050648;3;-395026010;false;0.18504534244268966;1.0;8.53227882883428;1;A
user-I050648_session-B34FE261C41F1CECA723A22B5D5BB74C4AC140931465D2DA8F3A7033ABC96D46_analysis-11.csv;user-I050648;3;2028687741;false;0.04412681538180785;1.0;8.53227882883428;1;A
user-I050648_session-B34FE261C41F1CECA723A22B5D5BB74C4AC140931465D2DA8F3A7033ABC96D46_analysis-11.csv;user-I050648;3;66049918;false;0.050693583319622704;1.0;8.53227882883428;1;A
user-I050648_session-B34FE261C41F1CECA723A22B5D5BB74C4AC140931465D2DA8F3A7033ABC96D46_analysis-11.csv;user-I050648;3;2105911807;false;0.45794033038439663;1.0;8.53227882883428;1;A
user-I050648_session-B34FE261C41F1CECA723A22B5D5BB74C4AC140931465D2DA8F3A7033ABC96D46_analysis-11.csv;user-I050648;3;-1567476630;false;0.2739222547881389;1.0;8.53227882883428;1;A
user-I050648_session-B34FE261C41F1CECA723A22B5D5BB74C4AC140931465D2DA8F3A7033ABC96D46_analysis-11.csv;user-I050648;3;230372649;false;0.10063755957095899;1.0;8.53227882883428;1;A
user-I050648_session-B34FE261C41F1CECA723A22B5D5BB74C4AC140931465D2DA8F3A7033ABC96D46_analysis-11.csv;user-I050648;3;630073327;false;0.44595762289766305;1.0;8.53227882883428;1;A
user-I050648_session-B34FE261C41F1CECA723A22B5D5BB74C4AC140931465D2DA8F3A7033ABC96D46_analysis-11.csv;user-I050648;3;-1395895594;false;0.10673640100539439;1.0;8.53227882883428;1;A
user-I050648_session-B34FE261C41F1CECA723A22B5D5BB74C4AC140931465D2DA8F3A7033ABC96D46_analysis-11.csv;user-I050648;3;-2062827083;false;0.12653408291746693;1.0;8.53227882883428;1;A
user-I050648_session-B34FE261C41F1CECA723A22B5D5BB74C4AC140931465D2DA8F3A7033ABC96D46_analysis-11.csv;user-I050648;3;621690033;false;0.33964741302178125;1.0;8.53227882883428;1;A
user-I050648_session-B34FE261C41F1CECA723A22B5D5BB74C4AC140931465D2DA8F3A7033ABC96D46_analysis-11.csv;user-I050648;4;-1947876358;false;NaN;1.0;9.62733871589802;1;A
user-I050648_session-B34FE261C41F1CECA723A22B5D5BB74C4AC140931465D2DA8F3A7033ABC96D46_analysis-11.csv;user-I050648;5;938365628;true;NaN;1.0;Infinity;0;A
user-I050648_session-B34FE261C41F1CECA723A22B5D5BB74C4AC140931465D2DA8F3A7033ABC96D46_analysis-11.csv;user-I050648;6;-1932430166;true;0.11553408414414745;1.0;Infinity;0;A
user-I050648_session-B34FE261C41F1CECA723A22B5D5BB74C4AC140931465D2DA8F3A7033ABC96D46_analysis-11.csv;user-I050648;6;1828983515;true;0.2136419865627157;1.0;Infinity;0;A
user-I050648_session-B34FE261C41F1CECA723A22B5D5BB74C4AC140931465D2DA8F3A7033ABC96D46_analysis-11.csv;user-I050648;6;938365628;true;0.31663539654050255;1.0;Infinity;0;A
user-I050648_session-B34FE261C41F1CECA723A22B5D5BB74C4AC140931465D2DA8F3A7033ABC96D46_analysis-11.csv;user-I050648;6;-1426051237;true;0.1876260825116598;1.0;Infinity;0;A
user-I050648_session-B34FE261C41F1CECA723A22B5D5BB74C4AC140931465D2DA8F3A7033ABC96D46_analysis-11.csv;user-I050648;6;495467645;true;0.16851689500562594;1.0;Infinity;0;A
user-I050648_session-B34FE261C41F1CECA723A22B5D5BB74C4AC140931465D2DA8F3A7033ABC96D46_analysis-11.csv;user-I050648;7;1828983515;true;NaN;1.0;Infinity;1;A
user-I050648_session-B34FE261C41F1CECA723A22B5D5BB74C4AC140931465D2DA8F3A7033ABC96D46_analysis-11.csv;user-I050648;8;-1932430166;true;0.11553408414414745;1.0;Infinity;0;A
user-I050648_session-B34FE261C41F1CECA723A22B5D5BB74C4AC140931465D2DA8F3A7033ABC96D46_analysis-11.csv;user-I050648;8;1828983515;true;0.2136419865627157;1.0;Infinity;0;A
user-I050648_session-B34FE261C41F1CECA723A22B5D5BB74C4AC140931465D2DA8F3A7033ABC96D46_analysis-11.csv;user-I050648;8;938365628;true;0.31663539654050255;1.0;Infinity;0;A
user-I050648_session-B34FE261C41F1CECA723A22B5D5BB74C4AC140931465D2DA8F3A7033ABC96D46_analysis-11.csv;user-I050648;8;-1426051237;true;0.1876260825116598;1.0;Infinity;0;A
user-I050648_session-B34FE261C41F1CECA723A22B5D5BB74C4AC140931465D2DA8F3A7033ABC96D46_analysis-11.csv;user-I050648;8;495467645;true;0.16851689500562594;1.0;Infinity;0;A
user-I050648_session-B34FE261C41F1CECA723A22B5D5BB74C4AC140931465D2DA8F3A7033ABC96D46_analysis-11.csv;user-I050648;9;-1947876358;false;NaN;1.0;8.319717386850606;0;A
