session ;user;query position;cell hashcode;novelty;outlierness;relevance;surprise;query label;session label
user-I051911_session-547BFC0A9BECA12855B0C21A1D028732A75106E4BFAC87C9590A6616878B5C90_analysis-3.csv;user-I051911;1;-1716324496;true;0.13532778190852512;0.0;Infinity;0;B
user-I051911_session-547BFC0A9BECA12855B0C21A1D028732A75106E4BFAC87C9590A6616878B5C90_analysis-3.csv;user-I051911;1;-1094907858;true;0.25912679040062736;0.0;Infinity;0;B
user-I051911_session-547BFC0A9BECA12855B0C21A1D028732A75106E4BFAC87C9590A6616878B5C90_analysis-3.csv;user-I051911;1;-657987788;true;0.28512358662819315;0.0;Infinity;0;B
user-I051911_session-547BFC0A9BECA12855B0C21A1D028732A75106E4BFAC87C9590A6616878B5C90_analysis-3.csv;user-I051911;1;-1009694579;true;0.15310621355409104;0.0;Infinity;0;B
user-I051911_session-547BFC0A9BECA12855B0C21A1D028732A75106E4BFAC87C9590A6616878B5C90_analysis-3.csv;user-I051911;2;-1645642369;true;0.02204554857721397;0.0;Infinity;0;B
user-I051911_session-547BFC0A9BECA12855B0C21A1D028732A75106E4BFAC87C9590A6616878B5C90_analysis-3.csv;user-I051911;2;1959132295;true;0.15766810112797391;0.0;Infinity;0;B
user-I051911_session-547BFC0A9BECA12855B0C21A1D028732A75106E4BFAC87C9590A6616878B5C90_analysis-3.csv;user-I051911;2;385039036;true;0.25098653649098246;0.0;Infinity;0;B
user-I051911_session-547BFC0A9BECA12855B0C21A1D028732A75106E4BFAC87C9590A6616878B5C90_analysis-3.csv;user-I051911;2;-1709703921;true;0.45824589628565937;0.0;Infinity;0;B
user-I051911_session-547BFC0A9BECA12855B0C21A1D028732A75106E4BFAC87C9590A6616878B5C90_analysis-3.csv;user-I051911;2;1052919571;true;0.18283311941341984;0.0;Infinity;0;B
user-I051911_session-547BFC0A9BECA12855B0C21A1D028732A75106E4BFAC87C9590A6616878B5C90_analysis-3.csv;user-I051911;2;2102439832;true;0.21467279309802723;0.0;Infinity;0;B
user-I051911_session-547BFC0A9BECA12855B0C21A1D028732A75106E4BFAC87C9590A6616878B5C90_analysis-3.csv;user-I051911;2;-1709711384;true;0.48279068880324305;0.0;Infinity;0;B
user-I051911_session-547BFC0A9BECA12855B0C21A1D028732A75106E4BFAC87C9590A6616878B5C90_analysis-3.csv;user-I051911;2;455384322;true;0.16832974360988073;0.0;Infinity;0;B
user-I051911_session-547BFC0A9BECA12855B0C21A1D028732A75106E4BFAC87C9590A6616878B5C90_analysis-3.csv;user-I051911;2;312076785;true;0.028434234348105436;0.0;Infinity;0;B
user-I051911_session-547BFC0A9BECA12855B0C21A1D028732A75106E4BFAC87C9590A6616878B5C90_analysis-3.csv;user-I051911;2;2032094546;true;0.16162171616262855;0.0;Infinity;0;B
user-I051911_session-547BFC0A9BECA12855B0C21A1D028732A75106E4BFAC87C9590A6616878B5C90_analysis-3.csv;user-I051911;2;1891004452;true;0.4859741891639724;0.0;Infinity;0;B
user-I051911_session-547BFC0A9BECA12855B0C21A1D028732A75106E4BFAC87C9590A6616878B5C90_analysis-3.csv;user-I051911;2;243948942;true;0.3876669041018673;0.0;Infinity;0;B
user-I051911_session-547BFC0A9BECA12855B0C21A1D028732A75106E4BFAC87C9590A6616878B5C90_analysis-3.csv;user-I051911;2;1413141;true;0.2626713824722766;0.0;Infinity;0;B
user-I051911_session-547BFC0A9BECA12855B0C21A1D028732A75106E4BFAC87C9590A6616878B5C90_analysis-3.csv;user-I051911;2;2123340856;true;0.44269361154022624;0.0;Infinity;0;B
