session ;user;query position;cell hashcode;novelty;outlierness;relevance;surprise;query label;session label
user-I050648_session-78800BE8CEA61EE809830FA78386B6DFB4DAD39EFEE862E34B966556F0DCF817_analysis-1.csv;user-I050648;1;1085702289;true;0.4283303742348382;0.0;Infinity;0;B
user-I050648_session-78800BE8CEA61EE809830FA78386B6DFB4DAD39EFEE862E34B966556F0DCF817_analysis-1.csv;user-I050648;1;-1023256855;true;0.29500057843984506;0.0;Infinity;0;B
user-I050648_session-78800BE8CEA61EE809830FA78386B6DFB4DAD39EFEE862E34B966556F0DCF817_analysis-1.csv;user-I050648;1;-2093678140;true;0.21582877967133118;0.0;Infinity;0;B
user-I050648_session-78800BE8CEA61EE809830FA78386B6DFB4DAD39EFEE862E34B966556F0DCF817_analysis-1.csv;user-I050648;1;-561341799;true;0.2850379421808138;0.0;Infinity;0;B
user-I050648_session-78800BE8CEA61EE809830FA78386B6DFB4DAD39EFEE862E34B966556F0DCF817_analysis-1.csv;user-I050648;1;-561334336;true;0.41720118635513503;0.0;Infinity;0;B
user-I050648_session-78800BE8CEA61EE809830FA78386B6DFB4DAD39EFEE862E34B966556F0DCF817_analysis-1.csv;user-I050648;1;-561353221;true;0.02733027546268174;0.0;Infinity;0;B
user-I050648_session-78800BE8CEA61EE809830FA78386B6DFB4DAD39EFEE862E34B966556F0DCF817_analysis-1.csv;user-I050648;2;1085702289;true;0.4283303742348382;0.0;Infinity;0;B
user-I050648_session-78800BE8CEA61EE809830FA78386B6DFB4DAD39EFEE862E34B966556F0DCF817_analysis-1.csv;user-I050648;2;-1023256855;true;0.29500057843984506;0.0;Infinity;0;B
user-I050648_session-78800BE8CEA61EE809830FA78386B6DFB4DAD39EFEE862E34B966556F0DCF817_analysis-1.csv;user-I050648;2;-2093678140;true;0.21582877967133118;0.0;Infinity;0;B
user-I050648_session-78800BE8CEA61EE809830FA78386B6DFB4DAD39EFEE862E34B966556F0DCF817_analysis-1.csv;user-I050648;2;-561341799;true;0.2850379421808138;0.0;Infinity;0;B
user-I050648_session-78800BE8CEA61EE809830FA78386B6DFB4DAD39EFEE862E34B966556F0DCF817_analysis-1.csv;user-I050648;2;-561334336;true;0.41720118635513503;0.0;Infinity;0;B
user-I050648_session-78800BE8CEA61EE809830FA78386B6DFB4DAD39EFEE862E34B966556F0DCF817_analysis-1.csv;user-I050648;2;-561353221;true;0.02733027546268174;0.0;Infinity;0;B
user-I050648_session-78800BE8CEA61EE809830FA78386B6DFB4DAD39EFEE862E34B966556F0DCF817_analysis-1.csv;user-I050648;3;-628786206;true;0.20017189568218352;0.0;Infinity;0;B
user-I050648_session-78800BE8CEA61EE809830FA78386B6DFB4DAD39EFEE862E34B966556F0DCF817_analysis-1.csv;user-I050648;3;1392994500;true;0.004917768220843444;0.0;Infinity;0;B
user-I050648_session-78800BE8CEA61EE809830FA78386B6DFB4DAD39EFEE862E34B966556F0DCF817_analysis-1.csv;user-I050648;3;1324866657;true;0.41248157914177863;0.0;Infinity;0;B
user-I050648_session-78800BE8CEA61EE809830FA78386B6DFB4DAD39EFEE862E34B966556F0DCF817_analysis-1.csv;user-I050648;3;-628793669;true;0.35194592993066154;0.0;Infinity;0;B
user-I050648_session-78800BE8CEA61EE809830FA78386B6DFB4DAD39EFEE862E34B966556F0DCF817_analysis-1.csv;user-I050648;3;2133837286;true;0.13066914051256295;0.0;Infinity;0;B
user-I050648_session-78800BE8CEA61EE809830FA78386B6DFB4DAD39EFEE862E34B966556F0DCF817_analysis-1.csv;user-I050648;3;1465956751;true;0.2904782763827193;0.0;Infinity;0;B
user-I050648_session-78800BE8CEA61EE809830FA78386B6DFB4DAD39EFEE862E34B966556F0DCF817_analysis-1.csv;user-I050648;3;-1323045129;true;0.3090219291177062;0.0;Infinity;0;B
user-I050648_session-78800BE8CEA61EE809830FA78386B6DFB4DAD39EFEE862E34B966556F0DCF817_analysis-1.csv;user-I050648;3;-1111609749;true;0.22612991348260392;0.0;Infinity;0;B
user-I050648_session-78800BE8CEA61EE809830FA78386B6DFB4DAD39EFEE862E34B966556F0DCF817_analysis-1.csv;user-I050648;3;-1254917286;true;0.3789950824602629;0.0;Infinity;0;B
user-I050648_session-78800BE8CEA61EE809830FA78386B6DFB4DAD39EFEE862E34B966556F0DCF817_analysis-1.csv;user-I050648;3;1536302037;true;0.2699994900505134;0.0;Infinity;0;B
user-I050648_session-78800BE8CEA61EE809830FA78386B6DFB4DAD39EFEE862E34B966556F0DCF817_analysis-1.csv;user-I050648;3;1082330856;true;0.2516142121374879;0.0;Infinity;0;B
user-I050648_session-78800BE8CEA61EE809830FA78386B6DFB4DAD39EFEE862E34B966556F0DCF817_analysis-1.csv;user-I050648;3;-1181955035;true;0.18983778662498474;0.0;Infinity;0;B
user-I050648_session-78800BE8CEA61EE809830FA78386B6DFB4DAD39EFEE862E34B966556F0DCF817_analysis-1.csv;user-I050648;3;-1090708725;true;0.3893390481393336;0.0;Infinity;0;B
user-I050648_session-78800BE8CEA61EE809830FA78386B6DFB4DAD39EFEE862E34B966556F0DCF817_analysis-1.csv;user-I050648;3;-564724654;true;0.12842999629758922;0.0;Infinity;0;B
user-I050648_session-78800BE8CEA61EE809830FA78386B6DFB4DAD39EFEE862E34B966556F0DCF817_analysis-1.csv;user-I050648;4;1641625956;true;0.2736898045371936;0.0;Infinity;0;B
user-I050648_session-78800BE8CEA61EE809830FA78386B6DFB4DAD39EFEE862E34B966556F0DCF817_analysis-1.csv;user-I050648;4;-699669592;true;0.25247676551582;0.0;Infinity;0;B
user-I050648_session-78800BE8CEA61EE809830FA78386B6DFB4DAD39EFEE862E34B966556F0DCF817_analysis-1.csv;user-I050648;4;1641625953;true;0.2776739631610172;0.0;Infinity;0;B
user-I050648_session-78800BE8CEA61EE809830FA78386B6DFB4DAD39EFEE862E34B966556F0DCF817_analysis-1.csv;user-I050648;4;1641625952;true;0.35442721907699704;0.0;Infinity;0;B
user-I050648_session-78800BE8CEA61EE809830FA78386B6DFB4DAD39EFEE862E34B966556F0DCF817_analysis-1.csv;user-I050648;4;1641625955;true;0.11796724116016877;0.0;Infinity;0;B
user-I050648_session-78800BE8CEA61EE809830FA78386B6DFB4DAD39EFEE862E34B966556F0DCF817_analysis-1.csv;user-I050648;4;1641625954;true;0.16461790120444109;0.0;Infinity;0;B
user-I050648_session-78800BE8CEA61EE809830FA78386B6DFB4DAD39EFEE862E34B966556F0DCF817_analysis-1.csv;user-I050648;4;-699669597;true;0.1722601188422923;0.0;Infinity;0;B
user-I050648_session-78800BE8CEA61EE809830FA78386B6DFB4DAD39EFEE862E34B966556F0DCF817_analysis-1.csv;user-I050648;4;-699669595;true;0.22362914044690085;0.0;Infinity;0;B
user-I050648_session-78800BE8CEA61EE809830FA78386B6DFB4DAD39EFEE862E34B966556F0DCF817_analysis-1.csv;user-I050648;4;-699669596;true;0.1972269840005818;0.0;Infinity;0;B
user-I050648_session-78800BE8CEA61EE809830FA78386B6DFB4DAD39EFEE862E34B966556F0DCF817_analysis-1.csv;user-I050648;4;-699669593;true;0.3060795773233601;0.0;Infinity;0;B
user-I050648_session-78800BE8CEA61EE809830FA78386B6DFB4DAD39EFEE862E34B966556F0DCF817_analysis-1.csv;user-I050648;4;-699669594;true;0.2755834923672056;0.0;Infinity;0;B
user-I050648_session-78800BE8CEA61EE809830FA78386B6DFB4DAD39EFEE862E34B966556F0DCF817_analysis-1.csv;user-I050648;4;-558579500;true;0.3928561021354685;0.0;Infinity;0;B
user-I050648_session-78800BE8CEA61EE809830FA78386B6DFB4DAD39EFEE862E34B966556F0DCF817_analysis-1.csv;user-I050648;4;-558579499;true;0.43817221693270114;0.0;Infinity;0;B
user-I050648_session-78800BE8CEA61EE809830FA78386B6DFB4DAD39EFEE862E34B966556F0DCF817_analysis-1.csv;user-I050648;4;-558579498;true;0.2862090526134843;0.0;Infinity;0;B
user-I050648_session-78800BE8CEA61EE809830FA78386B6DFB4DAD39EFEE862E34B966556F0DCF817_analysis-1.csv;user-I050648;4;-558579503;true;0.23603813546632102;0.0;Infinity;0;B
user-I050648_session-78800BE8CEA61EE809830FA78386B6DFB4DAD39EFEE862E34B966556F0DCF817_analysis-1.csv;user-I050648;4;-558579502;true;0.27501471007029255;0.0;Infinity;0;B
user-I050648_session-78800BE8CEA61EE809830FA78386B6DFB4DAD39EFEE862E34B966556F0DCF817_analysis-1.csv;user-I050648;4;-558579501;true;0.31495121282986704;0.0;Infinity;0;B
user-I050648_session-78800BE8CEA61EE809830FA78386B6DFB4DAD39EFEE862E34B966556F0DCF817_analysis-1.csv;user-I050648;4;-488234212;true;0.15512501906261456;0.0;Infinity;0;B
user-I050648_session-78800BE8CEA61EE809830FA78386B6DFB4DAD39EFEE862E34B966556F0DCF817_analysis-1.csv;user-I050648;4;-488234213;true;0.1506994253122571;0.0;Infinity;0;B
user-I050648_session-78800BE8CEA61EE809830FA78386B6DFB4DAD39EFEE862E34B966556F0DCF817_analysis-1.csv;user-I050648;4;-631541753;true;0.09669157608798651;0.0;Infinity;0;B
user-I050648_session-78800BE8CEA61EE809830FA78386B6DFB4DAD39EFEE862E34B966556F0DCF817_analysis-1.csv;user-I050648;4;-488234214;true;0.1385893495319186;0.0;Infinity;0;B
user-I050648_session-78800BE8CEA61EE809830FA78386B6DFB4DAD39EFEE862E34B966556F0DCF817_analysis-1.csv;user-I050648;4;-631541754;true;0.16261998676669454;0.0;Infinity;0;B
user-I050648_session-78800BE8CEA61EE809830FA78386B6DFB4DAD39EFEE862E34B966556F0DCF817_analysis-1.csv;user-I050648;4;-488234215;true;0.11841680943555111;0.0;Infinity;0;B
user-I050648_session-78800BE8CEA61EE809830FA78386B6DFB4DAD39EFEE862E34B966556F0DCF817_analysis-1.csv;user-I050648;4;-488234216;true;0.108275182197908;0.0;Infinity;0;B
user-I050648_session-78800BE8CEA61EE809830FA78386B6DFB4DAD39EFEE862E34B966556F0DCF817_analysis-1.csv;user-I050648;4;-488234217;true;0.098404293667117;0.0;Infinity;0;B
user-I050648_session-78800BE8CEA61EE809830FA78386B6DFB4DAD39EFEE862E34B966556F0DCF817_analysis-1.csv;user-I050648;4;-631541749;true;0.10144223157152177;0.0;Infinity;0;B
user-I050648_session-78800BE8CEA61EE809830FA78386B6DFB4DAD39EFEE862E34B966556F0DCF817_analysis-1.csv;user-I050648;4;-631541750;true;0.007037942614824821;0.0;Infinity;0;B
user-I050648_session-78800BE8CEA61EE809830FA78386B6DFB4DAD39EFEE862E34B966556F0DCF817_analysis-1.csv;user-I050648;4;-631541751;true;0.01561258531209897;0.0;Infinity;0;B
user-I050648_session-78800BE8CEA61EE809830FA78386B6DFB4DAD39EFEE862E34B966556F0DCF817_analysis-1.csv;user-I050648;4;-631541752;true;0.05455665268027743;0.0;Infinity;0;B
user-I050648_session-78800BE8CEA61EE809830FA78386B6DFB4DAD39EFEE862E34B966556F0DCF817_analysis-1.csv;user-I050648;4;1705706391;true;0.32021461100437454;0.0;Infinity;0;B
user-I050648_session-78800BE8CEA61EE809830FA78386B6DFB4DAD39EFEE862E34B966556F0DCF817_analysis-1.csv;user-I050648;4;1705706390;true;0.28979365001695934;0.0;Infinity;0;B
user-I050648_session-78800BE8CEA61EE809830FA78386B6DFB4DAD39EFEE862E34B966556F0DCF817_analysis-1.csv;user-I050648;4;1705706389;true;0.36526067808134544;0.0;Infinity;0;B
user-I050648_session-78800BE8CEA61EE809830FA78386B6DFB4DAD39EFEE862E34B966556F0DCF817_analysis-1.csv;user-I050648;4;1705706388;true;0.4509044661468611;0.0;Infinity;0;B
user-I050648_session-78800BE8CEA61EE809830FA78386B6DFB4DAD39EFEE862E34B966556F0DCF817_analysis-1.csv;user-I050648;4;1641625951;true;0.4332527911933176;0.0;Infinity;0;B
user-I050648_session-78800BE8CEA61EE809830FA78386B6DFB4DAD39EFEE862E34B966556F0DCF817_analysis-1.csv;user-I050648;4;1705706393;true;0.17433324515020499;0.0;Infinity;0;B
user-I050648_session-78800BE8CEA61EE809830FA78386B6DFB4DAD39EFEE862E34B966556F0DCF817_analysis-1.csv;user-I050648;4;1705706392;true;0.39991470003244156;0.0;Infinity;0;B
user-I050648_session-78800BE8CEA61EE809830FA78386B6DFB4DAD39EFEE862E34B966556F0DCF817_analysis-1.csv;user-I050648;5;-473035701;true;0.3227674836001082;0.0;Infinity;0;B
user-I050648_session-78800BE8CEA61EE809830FA78386B6DFB4DAD39EFEE862E34B966556F0DCF817_analysis-1.csv;user-I050648;5;1791250190;true;0.4804028635857647;0.0;Infinity;0;B
user-I050648_session-78800BE8CEA61EE809830FA78386B6DFB4DAD39EFEE862E34B966556F0DCF817_analysis-1.csv;user-I050648;5;-402690415;true;0.12963855072177055;0.0;Infinity;0;B
user-I050648_session-78800BE8CEA61EE809830FA78386B6DFB4DAD39EFEE862E34B966556F0DCF817_analysis-1.csv;user-I050648;5;1727169753;true;0.2605011465012319;0.0;Infinity;0;B
user-I050648_session-78800BE8CEA61EE809830FA78386B6DFB4DAD39EFEE862E34B966556F0DCF817_analysis-1.csv;user-I050648;5;-545997952;true;0.053670596739093024;0.0;Infinity;0;B
user-I050648_session-78800BE8CEA61EE809830FA78386B6DFB4DAD39EFEE862E34B966556F0DCF817_analysis-1.csv;user-I050648;5;-614125795;true;0.2378832752466169;0.0;Infinity;0;B
