session ;user;query position;cell hashcode;novelty;outlierness;relevance;surprise;query label;session label
user-a_session-29AF06B372FD52129AAB65DA477E308EC73CF0D44087D05DA8D39C7BE425D30E_analysis-9.csv;user-a;1;478849303;true;0.45047165036169445;0.0;Infinity;1;B
user-a_session-29AF06B372FD52129AAB65DA477E308EC73CF0D44087D05DA8D39C7BE425D30E_analysis-9.csv;user-a;1;-260703361;true;0.4943580365809135;0.0;Infinity;1;B
user-a_session-29AF06B372FD52129AAB65DA477E308EC73CF0D44087D05DA8D39C7BE425D30E_analysis-9.csv;user-a;1;-1594298490;true;0.36727765282721736;0.0;Infinity;1;B
user-a_session-29AF06B372FD52129AAB65DA477E308EC73CF0D44087D05DA8D39C7BE425D30E_analysis-9.csv;user-a;1;807628753;true;0.2672482832366099;0.0;Infinity;1;B
user-a_session-29AF06B372FD52129AAB65DA477E308EC73CF0D44087D05DA8D39C7BE425D30E_analysis-9.csv;user-a;1;-867661671;true;0.25449122425396387;0.0;Infinity;1;B
user-a_session-29AF06B372FD52129AAB65DA477E308EC73CF0D44087D05DA8D39C7BE425D30E_analysis-9.csv;user-a;1;-524688409;true;0.25329034032836495;0.0;Infinity;1;B
user-a_session-29AF06B372FD52129AAB65DA477E308EC73CF0D44087D05DA8D39C7BE425D30E_analysis-9.csv;user-a;1;-1528449507;true;0.015928092334575483;0.0;Infinity;1;B
user-a_session-29AF06B372FD52129AAB65DA477E308EC73CF0D44087D05DA8D39C7BE425D30E_analysis-9.csv;user-a;2;1839371490;true;0.10269442114103522;0.0;Infinity;1;B
user-a_session-29AF06B372FD52129AAB65DA477E308EC73CF0D44087D05DA8D39C7BE425D30E_analysis-9.csv;user-a;2;-1792183939;true;0.307081946980717;0.0;Infinity;1;B
user-a_session-29AF06B372FD52129AAB65DA477E308EC73CF0D44087D05DA8D39C7BE425D30E_analysis-9.csv;user-a;2;2031358378;true;0.31891558821328303;0.0;Infinity;1;B
user-a_session-29AF06B372FD52129AAB65DA477E308EC73CF0D44087D05DA8D39C7BE425D30E_analysis-9.csv;user-a;2;745338717;true;0.31891558821328303;0.0;Infinity;1;B
user-a_session-29AF06B372FD52129AAB65DA477E308EC73CF0D44087D05DA8D39C7BE425D30E_analysis-9.csv;user-a;2;-713157430;true;0.0414570368455327;0.0;Infinity;1;B
user-a_session-29AF06B372FD52129AAB65DA477E308EC73CF0D44087D05DA8D39C7BE425D30E_analysis-9.csv;user-a;2;-1126540036;true;0.307081946980717;0.0;Infinity;1;B
user-a_session-29AF06B372FD52129AAB65DA477E308EC73CF0D44087D05DA8D39C7BE425D30E_analysis-9.csv;user-a;2;-1653098493;true;0.307081946980717;0.0;Infinity;1;B
user-a_session-29AF06B372FD52129AAB65DA477E308EC73CF0D44087D05DA8D39C7BE425D30E_analysis-9.csv;user-a;2;1812993890;true;0.36801632514491067;0.0;Infinity;1;B
user-a_session-29AF06B372FD52129AAB65DA477E308EC73CF0D44087D05DA8D39C7BE425D30E_analysis-9.csv;user-a;2;-1497038157;true;0.35549859805252226;0.0;Infinity;1;B
user-a_session-29AF06B372FD52129AAB65DA477E308EC73CF0D44087D05DA8D39C7BE425D30E_analysis-9.csv;user-a;2;-1244043882;true;0.307081946980717;0.0;Infinity;1;B
user-a_session-29AF06B372FD52129AAB65DA477E308EC73CF0D44087D05DA8D39C7BE425D30E_analysis-9.csv;user-a;2;1143378652;true;0.31891558821328303;0.0;Infinity;1;B
user-a_session-29AF06B372FD52129AAB65DA477E308EC73CF0D44087D05DA8D39C7BE425D30E_analysis-9.csv;user-a;2;1825276956;true;0.39346435680858616;0.0;Infinity;1;B
user-a_session-29AF06B372FD52129AAB65DA477E308EC73CF0D44087D05DA8D39C7BE425D30E_analysis-9.csv;user-a;2;-751206855;true;0.4721491149508854;0.0;Infinity;1;B
user-a_session-29AF06B372FD52129AAB65DA477E308EC73CF0D44087D05DA8D39C7BE425D30E_analysis-9.csv;user-a;2;-1156381695;true;0.33315701505819184;0.0;Infinity;1;B
user-a_session-29AF06B372FD52129AAB65DA477E308EC73CF0D44087D05DA8D39C7BE425D30E_analysis-9.csv;user-a;2;-2083061661;true;0.31891558821328303;0.0;Infinity;1;B
user-a_session-29AF06B372FD52129AAB65DA477E308EC73CF0D44087D05DA8D39C7BE425D30E_analysis-9.csv;user-a;2;563104434;true;0.307081946980717;0.0;Infinity;1;B
user-a_session-29AF06B372FD52129AAB65DA477E308EC73CF0D44087D05DA8D39C7BE425D30E_analysis-9.csv;user-a;2;-1434024711;true;0.40636889785678554;0.0;Infinity;1;B
user-a_session-29AF06B372FD52129AAB65DA477E308EC73CF0D44087D05DA8D39C7BE425D30E_analysis-9.csv;user-a;2;2103587953;true;0.38067580222232555;0.0;Infinity;1;B
user-a_session-29AF06B372FD52129AAB65DA477E308EC73CF0D44087D05DA8D39C7BE425D30E_analysis-9.csv;user-a;2;539152537;true;0.31891558821328303;0.0;Infinity;1;B
user-a_session-29AF06B372FD52129AAB65DA477E308EC73CF0D44087D05DA8D39C7BE425D30E_analysis-9.csv;user-a;2;1943139132;true;0.307081946980717;0.0;Infinity;1;B
user-a_session-29AF06B372FD52129AAB65DA477E308EC73CF0D44087D05DA8D39C7BE425D30E_analysis-9.csv;user-a;2;-2000656530;true;0.4878949337035118;0.0;Infinity;1;B
user-a_session-29AF06B372FD52129AAB65DA477E308EC73CF0D44087D05DA8D39C7BE425D30E_analysis-9.csv;user-a;2;-132788662;true;0.3431348371383094;0.0;Infinity;1;B
user-a_session-29AF06B372FD52129AAB65DA477E308EC73CF0D44087D05DA8D39C7BE425D30E_analysis-9.csv;user-a;2;-1602579190;true;0.47458347045836513;0.0;Infinity;1;B
user-a_session-29AF06B372FD52129AAB65DA477E308EC73CF0D44087D05DA8D39C7BE425D30E_analysis-9.csv;user-a;2;-710910525;true;0.31891558821328303;0.0;Infinity;1;B
user-a_session-29AF06B372FD52129AAB65DA477E308EC73CF0D44087D05DA8D39C7BE425D30E_analysis-9.csv;user-a;2;-1865454618;true;0.4193759557221006;0.0;Infinity;1;B
user-a_session-29AF06B372FD52129AAB65DA477E308EC73CF0D44087D05DA8D39C7BE425D30E_analysis-9.csv;user-a;2;-1382758709;true;0.21224043041642904;0.0;Infinity;1;B
user-a_session-29AF06B372FD52129AAB65DA477E308EC73CF0D44087D05DA8D39C7BE425D30E_analysis-9.csv;user-a;2;356008419;true;0.307081946980717;0.0;Infinity;1;B
user-a_session-29AF06B372FD52129AAB65DA477E308EC73CF0D44087D05DA8D39C7BE425D30E_analysis-9.csv;user-a;2;-1005830028;true;0.36801632514491067;0.0;Infinity;1;B
user-a_session-29AF06B372FD52129AAB65DA477E308EC73CF0D44087D05DA8D39C7BE425D30E_analysis-9.csv;user-a;2;-1876601314;true;0.31891558821328303;0.0;Infinity;1;B
user-a_session-29AF06B372FD52129AAB65DA477E308EC73CF0D44087D05DA8D39C7BE425D30E_analysis-9.csv;user-a;2;1689119143;true;0.307081946980717;0.0;Infinity;1;B
user-a_session-29AF06B372FD52129AAB65DA477E308EC73CF0D44087D05DA8D39C7BE425D30E_analysis-9.csv;user-a;2;309825661;true;0.307081946980717;0.0;Infinity;1;B
user-a_session-29AF06B372FD52129AAB65DA477E308EC73CF0D44087D05DA8D39C7BE425D30E_analysis-9.csv;user-a;2;2136984046;true;0.307081946980717;0.0;Infinity;1;B
user-a_session-29AF06B372FD52129AAB65DA477E308EC73CF0D44087D05DA8D39C7BE425D30E_analysis-9.csv;user-a;2;-2079667762;true;0.307081946980717;0.0;Infinity;1;B
user-a_session-29AF06B372FD52129AAB65DA477E308EC73CF0D44087D05DA8D39C7BE425D30E_analysis-9.csv;user-a;2;-1864096909;true;0.307081946980717;0.0;Infinity;1;B
user-a_session-29AF06B372FD52129AAB65DA477E308EC73CF0D44087D05DA8D39C7BE425D30E_analysis-9.csv;user-a;2;-1195226890;true;0.307081946980717;0.0;Infinity;1;B
user-a_session-29AF06B372FD52129AAB65DA477E308EC73CF0D44087D05DA8D39C7BE425D30E_analysis-9.csv;user-a;2;128449865;true;0.36801632514491067;0.0;Infinity;1;B
user-a_session-29AF06B372FD52129AAB65DA477E308EC73CF0D44087D05DA8D39C7BE425D30E_analysis-9.csv;user-a;2;1373725757;true;0.05114975204717376;0.0;Infinity;1;B
user-a_session-29AF06B372FD52129AAB65DA477E308EC73CF0D44087D05DA8D39C7BE425D30E_analysis-9.csv;user-a;2;-35038982;true;0.40636889785678554;0.0;Infinity;1;B
user-a_session-29AF06B372FD52129AAB65DA477E308EC73CF0D44087D05DA8D39C7BE425D30E_analysis-9.csv;user-a;2;1169729902;true;0.36801632514491067;0.0;Infinity;1;B
user-a_session-29AF06B372FD52129AAB65DA477E308EC73CF0D44087D05DA8D39C7BE425D30E_analysis-9.csv;user-a;2;1952899142;true;0.31891558821328303;0.0;Infinity;1;B
user-a_session-29AF06B372FD52129AAB65DA477E308EC73CF0D44087D05DA8D39C7BE425D30E_analysis-9.csv;user-a;2;-1503611877;true;0.307081946980717;0.0;Infinity;1;B
user-a_session-29AF06B372FD52129AAB65DA477E308EC73CF0D44087D05DA8D39C7BE425D30E_analysis-9.csv;user-a;2;-1701220141;true;0.35549859805252226;0.0;Infinity;1;B
user-a_session-29AF06B372FD52129AAB65DA477E308EC73CF0D44087D05DA8D39C7BE425D30E_analysis-9.csv;user-a;2;1513154710;true;0.07121803024733453;0.0;Infinity;1;B
user-a_session-29AF06B372FD52129AAB65DA477E308EC73CF0D44087D05DA8D39C7BE425D30E_analysis-9.csv;user-a;2;-738776152;true;0.307081946980717;0.0;Infinity;1;B
user-a_session-29AF06B372FD52129AAB65DA477E308EC73CF0D44087D05DA8D39C7BE425D30E_analysis-9.csv;user-a;2;1625645123;true;0.307081946980717;0.0;Infinity;1;B
user-a_session-29AF06B372FD52129AAB65DA477E308EC73CF0D44087D05DA8D39C7BE425D30E_analysis-9.csv;user-a;2;-387053139;true;0.4878949337035118;0.0;Infinity;1;B
user-a_session-29AF06B372FD52129AAB65DA477E308EC73CF0D44087D05DA8D39C7BE425D30E_analysis-9.csv;user-a;2;-1324964915;true;1.7395878988413216E-6;0.0;Infinity;1;B
user-a_session-29AF06B372FD52129AAB65DA477E308EC73CF0D44087D05DA8D39C7BE425D30E_analysis-9.csv;user-a;2;2136710202;true;0.307081946980717;0.0;Infinity;1;B
user-a_session-29AF06B372FD52129AAB65DA477E308EC73CF0D44087D05DA8D39C7BE425D30E_analysis-9.csv;user-a;2;-2079676526;true;0.4193759557221006;0.0;Infinity;1;B
user-a_session-29AF06B372FD52129AAB65DA477E308EC73CF0D44087D05DA8D39C7BE425D30E_analysis-9.csv;user-a;2;-2096395021;true;0.31891558821328303;0.0;Infinity;1;B
user-a_session-29AF06B372FD52129AAB65DA477E308EC73CF0D44087D05DA8D39C7BE425D30E_analysis-9.csv;user-a;2;84023347;true;0.33093676704559605;0.0;Infinity;1;B
user-a_session-29AF06B372FD52129AAB65DA477E308EC73CF0D44087D05DA8D39C7BE425D30E_analysis-9.csv;user-a;2;9080902;true;0.307081946980717;0.0;Infinity;1;B
user-a_session-29AF06B372FD52129AAB65DA477E308EC73CF0D44087D05DA8D39C7BE425D30E_analysis-9.csv;user-a;2;-297418184;true;0.307081946980717;0.0;Infinity;1;B
user-a_session-29AF06B372FD52129AAB65DA477E308EC73CF0D44087D05DA8D39C7BE425D30E_analysis-9.csv;user-a;2;-1110626075;true;0.33093676704559605;0.0;Infinity;1;B
user-a_session-29AF06B372FD52129AAB65DA477E308EC73CF0D44087D05DA8D39C7BE425D30E_analysis-9.csv;user-a;2;-1233265939;true;0.38067580222232555;0.0;Infinity;1;B
user-a_session-29AF06B372FD52129AAB65DA477E308EC73CF0D44087D05DA8D39C7BE425D30E_analysis-9.csv;user-a;2;1678025188;true;0.39346435680858616;0.0;Infinity;1;B
user-a_session-29AF06B372FD52129AAB65DA477E308EC73CF0D44087D05DA8D39C7BE425D30E_analysis-9.csv;user-a;2;340099247;true;0.45887275011221274;0.0;Infinity;1;B
user-a_session-29AF06B372FD52129AAB65DA477E308EC73CF0D44087D05DA8D39C7BE425D30E_analysis-9.csv;user-a;2;-1348551827;true;0.307081946980717;0.0;Infinity;1;B
user-a_session-29AF06B372FD52129AAB65DA477E308EC73CF0D44087D05DA8D39C7BE425D30E_analysis-9.csv;user-a;2;-916315058;true;0.38067580222232555;0.0;Infinity;1;B
user-a_session-29AF06B372FD52129AAB65DA477E308EC73CF0D44087D05DA8D39C7BE425D30E_analysis-9.csv;user-a;2;363324893;true;0.0034381225176015606;0.0;Infinity;1;B
user-a_session-29AF06B372FD52129AAB65DA477E308EC73CF0D44087D05DA8D39C7BE425D30E_analysis-9.csv;user-a;2;-1690991359;true;0.36801632514491067;0.0;Infinity;1;B
user-a_session-29AF06B372FD52129AAB65DA477E308EC73CF0D44087D05DA8D39C7BE425D30E_analysis-9.csv;user-a;2;-965558335;true;0.3211026391459675;0.0;Infinity;1;B
user-a_session-29AF06B372FD52129AAB65DA477E308EC73CF0D44087D05DA8D39C7BE425D30E_analysis-9.csv;user-a;2;22420871;true;0.307081946980717;0.0;Infinity;1;B
user-a_session-29AF06B372FD52129AAB65DA477E308EC73CF0D44087D05DA8D39C7BE425D30E_analysis-9.csv;user-a;2;1307859682;true;0.39346435680858616;0.0;Infinity;1;B
user-a_session-29AF06B372FD52129AAB65DA477E308EC73CF0D44087D05DA8D39C7BE425D30E_analysis-9.csv;user-a;2;1387319186;true;0.485456499976465;0.0;Infinity;1;B
user-a_session-29AF06B372FD52129AAB65DA477E308EC73CF0D44087D05DA8D39C7BE425D30E_analysis-9.csv;user-a;2;372637347;true;0.33093676704559605;0.0;Infinity;1;B
user-a_session-29AF06B372FD52129AAB65DA477E308EC73CF0D44087D05DA8D39C7BE425D30E_analysis-9.csv;user-a;2;-119753915;true;0.36801632514491067;0.0;Infinity;1;B
user-a_session-29AF06B372FD52129AAB65DA477E308EC73CF0D44087D05DA8D39C7BE425D30E_analysis-9.csv;user-a;2;2121478154;true;0.307081946980717;0.0;Infinity;1;B
user-a_session-29AF06B372FD52129AAB65DA477E308EC73CF0D44087D05DA8D39C7BE425D30E_analysis-9.csv;user-a;2;1699474989;true;0.33093676704559605;0.0;Infinity;1;B
user-a_session-29AF06B372FD52129AAB65DA477E308EC73CF0D44087D05DA8D39C7BE425D30E_analysis-9.csv;user-a;2;1127596990;true;0.33093676704559605;0.0;Infinity;1;B
user-a_session-29AF06B372FD52129AAB65DA477E308EC73CF0D44087D05DA8D39C7BE425D30E_analysis-9.csv;user-a;2;-1141665062;true;0.307081946980717;0.0;Infinity;1;B
user-a_session-29AF06B372FD52129AAB65DA477E308EC73CF0D44087D05DA8D39C7BE425D30E_analysis-9.csv;user-a;2;1993220553;true;0.3431348371383094;0.0;Infinity;1;B
user-a_session-29AF06B372FD52129AAB65DA477E308EC73CF0D44087D05DA8D39C7BE425D30E_analysis-9.csv;user-a;2;1018451491;true;0.307081946980717;0.0;Infinity;1;B
user-a_session-29AF06B372FD52129AAB65DA477E308EC73CF0D44087D05DA8D39C7BE425D30E_analysis-9.csv;user-a;2;-804229968;true;0.4217672323423871;0.0;Infinity;1;B
user-a_session-29AF06B372FD52129AAB65DA477E308EC73CF0D44087D05DA8D39C7BE425D30E_analysis-9.csv;user-a;2;-7236494;true;0.37032371750060544;0.0;Infinity;1;B
user-a_session-29AF06B372FD52129AAB65DA477E308EC73CF0D44087D05DA8D39C7BE425D30E_analysis-9.csv;user-a;2;-1367120417;true;0.4456421043631924;0.0;Infinity;1;B
user-a_session-29AF06B372FD52129AAB65DA477E308EC73CF0D44087D05DA8D39C7BE425D30E_analysis-9.csv;user-a;2;989758482;true;0.08588111741106919;0.0;Infinity;1;B
user-a_session-29AF06B372FD52129AAB65DA477E308EC73CF0D44087D05DA8D39C7BE425D30E_analysis-9.csv;user-a;2;2055628983;true;0.01638510795702719;0.0;Infinity;1;B
user-a_session-29AF06B372FD52129AAB65DA477E308EC73CF0D44087D05DA8D39C7BE425D30E_analysis-9.csv;user-a;2;-696284692;true;0.33093676704559605;0.0;Infinity;1;B
user-a_session-29AF06B372FD52129AAB65DA477E308EC73CF0D44087D05DA8D39C7BE425D30E_analysis-9.csv;user-a;2;-845009883;true;0.35549859805252226;0.0;Infinity;1;B
user-a_session-29AF06B372FD52129AAB65DA477E308EC73CF0D44087D05DA8D39C7BE425D30E_analysis-9.csv;user-a;2;-747024289;true;0.35549859805252226;0.0;Infinity;1;B
user-a_session-29AF06B372FD52129AAB65DA477E308EC73CF0D44087D05DA8D39C7BE425D30E_analysis-9.csv;user-a;2;69453190;true;0.4087428922036098;0.0;Infinity;1;B
user-a_session-29AF06B372FD52129AAB65DA477E308EC73CF0D44087D05DA8D39C7BE425D30E_analysis-9.csv;user-a;2;1057436315;true;0.307081946980717;0.0;Infinity;1;B
user-a_session-29AF06B372FD52129AAB65DA477E308EC73CF0D44087D05DA8D39C7BE425D30E_analysis-9.csv;user-a;2;-1927518460;true;0.36801632514491067;0.0;Infinity;1;B
user-a_session-29AF06B372FD52129AAB65DA477E308EC73CF0D44087D05DA8D39C7BE425D30E_analysis-9.csv;user-a;2;-1837316310;true;0.28609339182404947;0.0;Infinity;1;B
user-a_session-29AF06B372FD52129AAB65DA477E308EC73CF0D44087D05DA8D39C7BE425D30E_analysis-9.csv;user-a;2;350697516;true;0.31891558821328303;0.0;Infinity;1;B
user-a_session-29AF06B372FD52129AAB65DA477E308EC73CF0D44087D05DA8D39C7BE425D30E_analysis-9.csv;user-a;2;1451642922;true;0.33093676704559605;0.0;Infinity;1;B
user-a_session-29AF06B372FD52129AAB65DA477E308EC73CF0D44087D05DA8D39C7BE425D30E_analysis-9.csv;user-a;2;-992442303;true;0.28609339182404947;0.0;Infinity;1;B
user-a_session-29AF06B372FD52129AAB65DA477E308EC73CF0D44087D05DA8D39C7BE425D30E_analysis-9.csv;user-a;2;-1051991029;true;0.31891558821328303;0.0;Infinity;1;B
user-a_session-29AF06B372FD52129AAB65DA477E308EC73CF0D44087D05DA8D39C7BE425D30E_analysis-9.csv;user-a;2;870034039;true;0.31891558821328303;0.0;Infinity;1;B
user-a_session-29AF06B372FD52129AAB65DA477E308EC73CF0D44087D05DA8D39C7BE425D30E_analysis-9.csv;user-a;2;-750957149;true;0.307081946980717;0.0;Infinity;1;B
user-a_session-29AF06B372FD52129AAB65DA477E308EC73CF0D44087D05DA8D39C7BE425D30E_analysis-9.csv;user-a;2;187193798;true;0.45887275011221274;0.0;Infinity;1;B
user-a_session-29AF06B372FD52129AAB65DA477E308EC73CF0D44087D05DA8D39C7BE425D30E_analysis-9.csv;user-a;2;-270649767;true;0.307081946980717;0.0;Infinity;1;B
user-a_session-29AF06B372FD52129AAB65DA477E308EC73CF0D44087D05DA8D39C7BE425D30E_analysis-9.csv;user-a;2;1804036250;true;0.31891558821328303;0.0;Infinity;1;B
user-a_session-29AF06B372FD52129AAB65DA477E308EC73CF0D44087D05DA8D39C7BE425D30E_analysis-9.csv;user-a;2;2138779977;true;0.31891558821328303;0.0;Infinity;1;B
user-a_session-29AF06B372FD52129AAB65DA477E308EC73CF0D44087D05DA8D39C7BE425D30E_analysis-9.csv;user-a;2;-141945870;true;8.532877255151838E-4;0.0;Infinity;1;B
user-a_session-29AF06B372FD52129AAB65DA477E308EC73CF0D44087D05DA8D39C7BE425D30E_analysis-9.csv;user-a;2;-1214379170;true;2.0165083715240062E-4;0.0;Infinity;1;B
user-a_session-29AF06B372FD52129AAB65DA477E308EC73CF0D44087D05DA8D39C7BE425D30E_analysis-9.csv;user-a;2;386500558;true;0.33093676704559605;0.0;Infinity;1;B
user-a_session-29AF06B372FD52129AAB65DA477E308EC73CF0D44087D05DA8D39C7BE425D30E_analysis-9.csv;user-a;2;1751139829;true;0.307081946980717;0.0;Infinity;1;B
user-a_session-29AF06B372FD52129AAB65DA477E308EC73CF0D44087D05DA8D39C7BE425D30E_analysis-9.csv;user-a;2;-1936344038;true;0.35549859805252226;0.0;Infinity;1;B
user-a_session-29AF06B372FD52129AAB65DA477E308EC73CF0D44087D05DA8D39C7BE425D30E_analysis-9.csv;user-a;2;886134609;true;0.38067580222232555;0.0;Infinity;1;B
user-a_session-29AF06B372FD52129AAB65DA477E308EC73CF0D44087D05DA8D39C7BE425D30E_analysis-9.csv;user-a;2;2038731140;true;0.307081946980717;0.0;Infinity;1;B
user-a_session-29AF06B372FD52129AAB65DA477E308EC73CF0D44087D05DA8D39C7BE425D30E_analysis-9.csv;user-a;2;-1808152641;true;0.4721491149508854;0.0;Infinity;1;B
user-a_session-29AF06B372FD52129AAB65DA477E308EC73CF0D44087D05DA8D39C7BE425D30E_analysis-9.csv;user-a;2;336629637;true;0.2220565223479274;0.0;Infinity;1;B
user-a_session-29AF06B372FD52129AAB65DA477E308EC73CF0D44087D05DA8D39C7BE425D30E_analysis-9.csv;user-a;2;1199129133;true;0.307081946980717;0.0;Infinity;1;B
user-a_session-29AF06B372FD52129AAB65DA477E308EC73CF0D44087D05DA8D39C7BE425D30E_analysis-9.csv;user-a;2;-1368128969;true;0.4613003237386033;0.0;Infinity;1;B
user-a_session-29AF06B372FD52129AAB65DA477E308EC73CF0D44087D05DA8D39C7BE425D30E_analysis-9.csv;user-a;2;-265220946;true;0.307081946980717;0.0;Infinity;1;B
user-a_session-29AF06B372FD52129AAB65DA477E308EC73CF0D44087D05DA8D39C7BE425D30E_analysis-9.csv;user-a;2;1581214560;true;0.307081946980717;0.0;Infinity;1;B
user-a_session-29AF06B372FD52129AAB65DA477E308EC73CF0D44087D05DA8D39C7BE425D30E_analysis-9.csv;user-a;2;2106778597;true;0.307081946980717;0.0;Infinity;1;B
user-a_session-29AF06B372FD52129AAB65DA477E308EC73CF0D44087D05DA8D39C7BE425D30E_analysis-9.csv;user-a;2;1510630924;true;0.3431348371383094;0.0;Infinity;1;B
user-a_session-29AF06B372FD52129AAB65DA477E308EC73CF0D44087D05DA8D39C7BE425D30E_analysis-9.csv;user-a;2;-60964297;true;0.33093676704559605;0.0;Infinity;1;B
user-a_session-29AF06B372FD52129AAB65DA477E308EC73CF0D44087D05DA8D39C7BE425D30E_analysis-9.csv;user-a;2;-1518505564;true;0.4456421043631924;0.0;Infinity;1;B
user-a_session-29AF06B372FD52129AAB65DA477E308EC73CF0D44087D05DA8D39C7BE425D30E_analysis-9.csv;user-a;2;1008522648;true;0.40636889785678554;0.0;Infinity;1;B
user-a_session-29AF06B372FD52129AAB65DA477E308EC73CF0D44087D05DA8D39C7BE425D30E_analysis-9.csv;user-a;2;92416872;true;0.307081946980717;0.0;Infinity;1;B
user-a_session-29AF06B372FD52129AAB65DA477E308EC73CF0D44087D05DA8D39C7BE425D30E_analysis-9.csv;user-a;2;-1390013131;true;0.49878010267437045;0.0;Infinity;1;B
user-a_session-29AF06B372FD52129AAB65DA477E308EC73CF0D44087D05DA8D39C7BE425D30E_analysis-9.csv;user-a;2;235378998;true;0.307081946980717;0.0;Infinity;1;B
user-a_session-29AF06B372FD52129AAB65DA477E308EC73CF0D44087D05DA8D39C7BE425D30E_analysis-9.csv;user-a;2;1041839710;true;0.3431348371383094;0.0;Infinity;1;B
user-a_session-29AF06B372FD52129AAB65DA477E308EC73CF0D44087D05DA8D39C7BE425D30E_analysis-9.csv;user-a;2;-1106090526;true;0.307081946980717;0.0;Infinity;1;B
user-a_session-29AF06B372FD52129AAB65DA477E308EC73CF0D44087D05DA8D39C7BE425D30E_analysis-9.csv;user-a;2;1399374740;true;0.33093676704559605;0.0;Infinity;1;B
user-a_session-29AF06B372FD52129AAB65DA477E308EC73CF0D44087D05DA8D39C7BE425D30E_analysis-9.csv;user-a;2;-465480368;true;0.38067580222232555;0.0;Infinity;1;B
user-a_session-29AF06B372FD52129AAB65DA477E308EC73CF0D44087D05DA8D39C7BE425D30E_analysis-9.csv;user-a;2;-1458955296;true;0.33093676704559605;0.0;Infinity;1;B
user-a_session-29AF06B372FD52129AAB65DA477E308EC73CF0D44087D05DA8D39C7BE425D30E_analysis-9.csv;user-a;2;-1207532091;true;0.024542054115708978;0.0;Infinity;1;B
user-a_session-29AF06B372FD52129AAB65DA477E308EC73CF0D44087D05DA8D39C7BE425D30E_analysis-9.csv;user-a;2;1191507444;true;0.307081946980717;0.0;Infinity;1;B
user-a_session-29AF06B372FD52129AAB65DA477E308EC73CF0D44087D05DA8D39C7BE425D30E_analysis-9.csv;user-a;2;1468623878;true;0.33093676704559605;0.0;Infinity;1;B
user-a_session-29AF06B372FD52129AAB65DA477E308EC73CF0D44087D05DA8D39C7BE425D30E_analysis-9.csv;user-a;2;-210281869;true;0.31891558821328303;0.0;Infinity;1;B
user-a_session-29AF06B372FD52129AAB65DA477E308EC73CF0D44087D05DA8D39C7BE425D30E_analysis-9.csv;user-a;2;-751165946;true;0.0011953896658205565;0.0;Infinity;1;B
user-a_session-29AF06B372FD52129AAB65DA477E308EC73CF0D44087D05DA8D39C7BE425D30E_analysis-9.csv;user-a;2;1558397600;true;0.2220565223479274;0.0;Infinity;1;B
user-a_session-29AF06B372FD52129AAB65DA477E308EC73CF0D44087D05DA8D39C7BE425D30E_analysis-9.csv;user-a;2;-2080297983;true;0.33093676704559605;0.0;Infinity;1;B
user-a_session-29AF06B372FD52129AAB65DA477E308EC73CF0D44087D05DA8D39C7BE425D30E_analysis-9.csv;user-a;2;1963436504;true;0.40636889785678554;0.0;Infinity;1;B
user-a_session-29AF06B372FD52129AAB65DA477E308EC73CF0D44087D05DA8D39C7BE425D30E_analysis-9.csv;user-a;2;1454452253;true;0.307081946980717;0.0;Infinity;1;B
user-a_session-29AF06B372FD52129AAB65DA477E308EC73CF0D44087D05DA8D39C7BE425D30E_analysis-9.csv;user-a;2;2026994933;true;0.307081946980717;0.0;Infinity;1;B
user-a_session-29AF06B372FD52129AAB65DA477E308EC73CF0D44087D05DA8D39C7BE425D30E_analysis-9.csv;user-a;2;941025875;true;0.35549859805252226;0.0;Infinity;1;B
user-a_session-29AF06B372FD52129AAB65DA477E308EC73CF0D44087D05DA8D39C7BE425D30E_analysis-9.csv;user-a;2;-909105292;true;0.36801632514491067;0.0;Infinity;1;B
user-a_session-29AF06B372FD52129AAB65DA477E308EC73CF0D44087D05DA8D39C7BE425D30E_analysis-9.csv;user-a;2;-1067589509;true;0.4193759557221006;0.0;Infinity;1;B
user-a_session-29AF06B372FD52129AAB65DA477E308EC73CF0D44087D05DA8D39C7BE425D30E_analysis-9.csv;user-a;2;198602131;true;0.4348777225062115;0.0;Infinity;1;B
user-a_session-29AF06B372FD52129AAB65DA477E308EC73CF0D44087D05DA8D39C7BE425D30E_analysis-9.csv;user-a;2;1505366331;true;0.2638095577823427;0.0;Infinity;1;B
user-a_session-29AF06B372FD52129AAB65DA477E308EC73CF0D44087D05DA8D39C7BE425D30E_analysis-9.csv;user-a;2;-1837314101;true;0.39346435680858616;0.0;Infinity;1;B
user-a_session-29AF06B372FD52129AAB65DA477E308EC73CF0D44087D05DA8D39C7BE425D30E_analysis-9.csv;user-a;2;1521787119;true;0.49878010267437045;0.0;Infinity;1;B
user-a_session-29AF06B372FD52129AAB65DA477E308EC73CF0D44087D05DA8D39C7BE425D30E_analysis-9.csv;user-a;2;2046478213;true;0.08588111741106919;0.0;Infinity;1;B
user-a_session-29AF06B372FD52129AAB65DA477E308EC73CF0D44087D05DA8D39C7BE425D30E_analysis-9.csv;user-a;2;-875358021;true;0.307081946980717;0.0;Infinity;1;B
user-a_session-29AF06B372FD52129AAB65DA477E308EC73CF0D44087D05DA8D39C7BE425D30E_analysis-9.csv;user-a;2;1381541665;true;3.273419145743972E-7;0.0;Infinity;1;B
user-a_session-29AF06B372FD52129AAB65DA477E308EC73CF0D44087D05DA8D39C7BE425D30E_analysis-9.csv;user-a;2;396866294;true;0.307081946980717;0.0;Infinity;1;B
user-a_session-29AF06B372FD52129AAB65DA477E308EC73CF0D44087D05DA8D39C7BE425D30E_analysis-9.csv;user-a;2;21972876;true;0.307081946980717;0.0;Infinity;1;B
user-a_session-29AF06B372FD52129AAB65DA477E308EC73CF0D44087D05DA8D39C7BE425D30E_analysis-9.csv;user-a;2;1179645474;true;0.307081946980717;0.0;Infinity;1;B
user-a_session-29AF06B372FD52129AAB65DA477E308EC73CF0D44087D05DA8D39C7BE425D30E_analysis-9.csv;user-a;2;-873154743;true;0.3211026391459675;0.0;Infinity;1;B
user-a_session-29AF06B372FD52129AAB65DA477E308EC73CF0D44087D05DA8D39C7BE425D30E_analysis-9.csv;user-a;2;1960998364;true;0.307081946980717;0.0;Infinity;1;B
user-a_session-29AF06B372FD52129AAB65DA477E308EC73CF0D44087D05DA8D39C7BE425D30E_analysis-9.csv;user-a;2;2137061980;true;0.31891558821328303;0.0;Infinity;1;B
user-a_session-29AF06B372FD52129AAB65DA477E308EC73CF0D44087D05DA8D39C7BE425D30E_analysis-9.csv;user-a;2;-517837065;true;0.4348777225062115;0.0;Infinity;1;B
user-a_session-29AF06B372FD52129AAB65DA477E308EC73CF0D44087D05DA8D39C7BE425D30E_analysis-9.csv;user-a;2;826662;true;0.4217672323423871;0.0;Infinity;1;B
user-a_session-29AF06B372FD52129AAB65DA477E308EC73CF0D44087D05DA8D39C7BE425D30E_analysis-9.csv;user-a;2;1653116104;true;0.4721491149508854;0.0;Infinity;1;B
user-a_session-29AF06B372FD52129AAB65DA477E308EC73CF0D44087D05DA8D39C7BE425D30E_analysis-9.csv;user-a;2;984124469;true;0.307081946980717;0.0;Infinity;1;B
user-a_session-29AF06B372FD52129AAB65DA477E308EC73CF0D44087D05DA8D39C7BE425D30E_analysis-9.csv;user-a;2;261098029;true;0.307081946980717;0.0;Infinity;1;B
user-a_session-29AF06B372FD52129AAB65DA477E308EC73CF0D44087D05DA8D39C7BE425D30E_analysis-9.csv;user-a;2;223243194;true;0.31891558821328303;0.0;Infinity;1;B
user-a_session-29AF06B372FD52129AAB65DA477E308EC73CF0D44087D05DA8D39C7BE425D30E_analysis-9.csv;user-a;2;-1025323988;true;0.31891558821328303;0.0;Infinity;1;B
user-a_session-29AF06B372FD52129AAB65DA477E308EC73CF0D44087D05DA8D39C7BE425D30E_analysis-9.csv;user-a;2;323458879;true;0.4878949337035118;0.0;Infinity;1;B
user-a_session-29AF06B372FD52129AAB65DA477E308EC73CF0D44087D05DA8D39C7BE425D30E_analysis-9.csv;user-a;2;45708784;true;0.35549859805252226;0.0;Infinity;1;B
user-a_session-29AF06B372FD52129AAB65DA477E308EC73CF0D44087D05DA8D39C7BE425D30E_analysis-9.csv;user-a;2;-919898523;true;0.3431348371383094;0.0;Infinity;1;B
user-a_session-29AF06B372FD52129AAB65DA477E308EC73CF0D44087D05DA8D39C7BE425D30E_analysis-9.csv;user-a;2;706485502;true;0.31891558821328303;0.0;Infinity;1;B
user-a_session-29AF06B372FD52129AAB65DA477E308EC73CF0D44087D05DA8D39C7BE425D30E_analysis-9.csv;user-a;2;986112179;true;0.307081946980717;0.0;Infinity;1;B
user-a_session-29AF06B372FD52129AAB65DA477E308EC73CF0D44087D05DA8D39C7BE425D30E_analysis-9.csv;user-a;2;-2031631870;true;0.25300924885707055;0.0;Infinity;1;B
user-a_session-29AF06B372FD52129AAB65DA477E308EC73CF0D44087D05DA8D39C7BE425D30E_analysis-9.csv;user-a;2;-1854863707;true;0.307081946980717;0.0;Infinity;1;B
user-a_session-29AF06B372FD52129AAB65DA477E308EC73CF0D44087D05DA8D39C7BE425D30E_analysis-9.csv;user-a;2;136708856;true;0.307081946980717;0.0;Infinity;1;B
user-a_session-29AF06B372FD52129AAB65DA477E308EC73CF0D44087D05DA8D39C7BE425D30E_analysis-9.csv;user-a;2;1976502257;true;5.398012089319337E-5;0.0;Infinity;1;B
user-a_session-29AF06B372FD52129AAB65DA477E308EC73CF0D44087D05DA8D39C7BE425D30E_analysis-9.csv;user-a;2;-884554011;true;0.307081946980717;0.0;Infinity;1;B
user-a_session-29AF06B372FD52129AAB65DA477E308EC73CF0D44087D05DA8D39C7BE425D30E_analysis-9.csv;user-a;2;928791987;true;0.31891558821328303;0.0;Infinity;1;B
user-a_session-29AF06B372FD52129AAB65DA477E308EC73CF0D44087D05DA8D39C7BE425D30E_analysis-9.csv;user-a;2;2137024129;true;0.40636889785678554;0.0;Infinity;1;B
user-a_session-29AF06B372FD52129AAB65DA477E308EC73CF0D44087D05DA8D39C7BE425D30E_analysis-9.csv;user-a;2;-102502507;true;0.4878949337035118;0.0;Infinity;1;B
user-a_session-29AF06B372FD52129AAB65DA477E308EC73CF0D44087D05DA8D39C7BE425D30E_analysis-9.csv;user-a;2;1448045693;true;0.307081946980717;0.0;Infinity;1;B
user-a_session-29AF06B372FD52129AAB65DA477E308EC73CF0D44087D05DA8D39C7BE425D30E_analysis-9.csv;user-a;2;-1616919008;true;0.31891558821328303;0.0;Infinity;1;B
user-a_session-29AF06B372FD52129AAB65DA477E308EC73CF0D44087D05DA8D39C7BE425D30E_analysis-9.csv;user-a;2;-778919645;true;0.31891558821328303;0.0;Infinity;1;B
user-a_session-29AF06B372FD52129AAB65DA477E308EC73CF0D44087D05DA8D39C7BE425D30E_analysis-9.csv;user-a;2;2137038041;true;0.3431348371383094;0.0;Infinity;1;B
user-a_session-29AF06B372FD52129AAB65DA477E308EC73CF0D44087D05DA8D39C7BE425D30E_analysis-9.csv;user-a;2;499420970;true;0.307081946980717;0.0;Infinity;1;B
user-a_session-29AF06B372FD52129AAB65DA477E308EC73CF0D44087D05DA8D39C7BE425D30E_analysis-9.csv;user-a;2;1527640203;true;0.10269442114103522;0.0;Infinity;1;B
user-a_session-29AF06B372FD52129AAB65DA477E308EC73CF0D44087D05DA8D39C7BE425D30E_analysis-9.csv;user-a;2;1390864861;true;0.43247172419301283;0.0;Infinity;1;B
user-a_session-29AF06B372FD52129AAB65DA477E308EC73CF0D44087D05DA8D39C7BE425D30E_analysis-9.csv;user-a;2;-1792324620;true;0.33093676704559605;0.0;Infinity;1;B
user-a_session-29AF06B372FD52129AAB65DA477E308EC73CF0D44087D05DA8D39C7BE425D30E_analysis-9.csv;user-a;2;-1215260144;true;0.485456499976465;0.0;Infinity;1;B
user-a_session-29AF06B372FD52129AAB65DA477E308EC73CF0D44087D05DA8D39C7BE425D30E_analysis-9.csv;user-a;2;-1121434899;true;0.35549859805252226;0.0;Infinity;1;B
user-a_session-29AF06B372FD52129AAB65DA477E308EC73CF0D44087D05DA8D39C7BE425D30E_analysis-9.csv;user-a;2;-2053921558;true;0.43247172419301283;0.0;Infinity;1;B
user-a_session-29AF06B372FD52129AAB65DA477E308EC73CF0D44087D05DA8D39C7BE425D30E_analysis-9.csv;user-a;2;-621342288;true;0.31891558821328303;0.0;Infinity;1;B
user-a_session-29AF06B372FD52129AAB65DA477E308EC73CF0D44087D05DA8D39C7BE425D30E_analysis-9.csv;user-a;2;-580775428;true;0.04773614741519505;0.0;Infinity;1;B
user-a_session-29AF06B372FD52129AAB65DA477E308EC73CF0D44087D05DA8D39C7BE425D30E_analysis-9.csv;user-a;2;1098855159;true;0.0414570368455327;0.0;Infinity;1;B
user-a_session-29AF06B372FD52129AAB65DA477E308EC73CF0D44087D05DA8D39C7BE425D30E_analysis-9.csv;user-a;2;-1063699168;true;0.3431348371383094;0.0;Infinity;1;B
user-a_session-29AF06B372FD52129AAB65DA477E308EC73CF0D44087D05DA8D39C7BE425D30E_analysis-9.csv;user-a;2;-573847140;true;0.31891558821328303;0.0;Infinity;1;B
user-a_session-29AF06B372FD52129AAB65DA477E308EC73CF0D44087D05DA8D39C7BE425D30E_analysis-9.csv;user-a;2;255824530;true;0.39346435680858616;0.0;Infinity;1;B
user-a_session-29AF06B372FD52129AAB65DA477E308EC73CF0D44087D05DA8D39C7BE425D30E_analysis-9.csv;user-a;2;-665927154;true;0.31891558821328303;0.0;Infinity;1;B
user-a_session-29AF06B372FD52129AAB65DA477E308EC73CF0D44087D05DA8D39C7BE425D30E_analysis-9.csv;user-a;2;-1600689542;true;0.05855785616705922;0.0;Infinity;1;B
user-a_session-29AF06B372FD52129AAB65DA477E308EC73CF0D44087D05DA8D39C7BE425D30E_analysis-9.csv;user-a;2;1126514049;true;0.33093676704559605;0.0;Infinity;1;B
user-a_session-29AF06B372FD52129AAB65DA477E308EC73CF0D44087D05DA8D39C7BE425D30E_analysis-9.csv;user-a;2;584612610;true;0.31891558821328303;0.0;Infinity;1;B
user-a_session-29AF06B372FD52129AAB65DA477E308EC73CF0D44087D05DA8D39C7BE425D30E_analysis-9.csv;user-a;2;1530904706;true;0.3431348371383094;0.0;Infinity;1;B
user-a_session-29AF06B372FD52129AAB65DA477E308EC73CF0D44087D05DA8D39C7BE425D30E_analysis-9.csv;user-a;2;1664689059;true;0.307081946980717;0.0;Infinity;1;B
user-a_session-29AF06B372FD52129AAB65DA477E308EC73CF0D44087D05DA8D39C7BE425D30E_analysis-9.csv;user-a;2;515611804;true;0.45887275011221274;0.0;Infinity;1;B
user-a_session-29AF06B372FD52129AAB65DA477E308EC73CF0D44087D05DA8D39C7BE425D30E_analysis-9.csv;user-a;2;1033196127;true;0.40636889785678554;0.0;Infinity;1;B
user-a_session-29AF06B372FD52129AAB65DA477E308EC73CF0D44087D05DA8D39C7BE425D30E_analysis-9.csv;user-a;2;1526169465;true;0.33093676704559605;0.0;Infinity;1;B
user-a_session-29AF06B372FD52129AAB65DA477E308EC73CF0D44087D05DA8D39C7BE425D30E_analysis-9.csv;user-a;2;540516076;true;0.38300778584625017;0.0;Infinity;1;B
user-a_session-29AF06B372FD52129AAB65DA477E308EC73CF0D44087D05DA8D39C7BE425D30E_analysis-9.csv;user-a;2;1635905455;true;0.37032371750060544;0.0;Infinity;1;B
user-a_session-29AF06B372FD52129AAB65DA477E308EC73CF0D44087D05DA8D39C7BE425D30E_analysis-9.csv;user-a;2;1994846014;true;0.36801632514491067;0.0;Infinity;1;B
user-a_session-29AF06B372FD52129AAB65DA477E308EC73CF0D44087D05DA8D39C7BE425D30E_analysis-9.csv;user-a;2;-1147037158;true;0.4087428922036098;0.0;Infinity;1;B
user-a_session-29AF06B372FD52129AAB65DA477E308EC73CF0D44087D05DA8D39C7BE425D30E_analysis-9.csv;user-a;2;-324841968;true;0.4721491149508854;0.0;Infinity;1;B
user-a_session-29AF06B372FD52129AAB65DA477E308EC73CF0D44087D05DA8D39C7BE425D30E_analysis-9.csv;user-a;2;-1982675638;true;0.33093676704559605;0.0;Infinity;1;B
user-a_session-29AF06B372FD52129AAB65DA477E308EC73CF0D44087D05DA8D39C7BE425D30E_analysis-9.csv;user-a;2;-2091907138;true;0.4087428922036098;0.0;Infinity;1;B
user-a_session-29AF06B372FD52129AAB65DA477E308EC73CF0D44087D05DA8D39C7BE425D30E_analysis-9.csv;user-a;2;-161562105;true;0.0016590695075189288;0.0;Infinity;1;B
user-a_session-29AF06B372FD52129AAB65DA477E308EC73CF0D44087D05DA8D39C7BE425D30E_analysis-9.csv;user-a;2;895222858;true;0.33093676704559605;0.0;Infinity;1;B
user-a_session-29AF06B372FD52129AAB65DA477E308EC73CF0D44087D05DA8D39C7BE425D30E_analysis-9.csv;user-a;2;-829358845;true;0.3453862723100982;0.0;Infinity;1;B
user-a_session-29AF06B372FD52129AAB65DA477E308EC73CF0D44087D05DA8D39C7BE425D30E_analysis-9.csv;user-a;2;-1993762458;true;0.1588721680704792;0.0;Infinity;1;B
user-a_session-29AF06B372FD52129AAB65DA477E308EC73CF0D44087D05DA8D39C7BE425D30E_analysis-9.csv;user-a;2;-1202615398;true;0.33093676704559605;0.0;Infinity;1;B
user-a_session-29AF06B372FD52129AAB65DA477E308EC73CF0D44087D05DA8D39C7BE425D30E_analysis-9.csv;user-a;2;1536963305;true;0.33093676704559605;0.0;Infinity;1;B
user-a_session-29AF06B372FD52129AAB65DA477E308EC73CF0D44087D05DA8D39C7BE425D30E_analysis-9.csv;user-a;2;115795702;true;0.4217672323423871;0.0;Infinity;1;B
user-a_session-29AF06B372FD52129AAB65DA477E308EC73CF0D44087D05DA8D39C7BE425D30E_analysis-9.csv;user-a;2;1963620042;true;0.44806021508562943;0.0;Infinity;1;B
user-a_session-29AF06B372FD52129AAB65DA477E308EC73CF0D44087D05DA8D39C7BE425D30E_analysis-9.csv;user-a;2;2115891167;true;0.307081946980717;0.0;Infinity;1;B
user-a_session-29AF06B372FD52129AAB65DA477E308EC73CF0D44087D05DA8D39C7BE425D30E_analysis-9.csv;user-a;2;-605844123;true;0.4217672323423871;0.0;Infinity;1;B
user-a_session-29AF06B372FD52129AAB65DA477E308EC73CF0D44087D05DA8D39C7BE425D30E_analysis-9.csv;user-a;2;329965796;true;0.3431348371383094;0.0;Infinity;1;B
user-a_session-29AF06B372FD52129AAB65DA477E308EC73CF0D44087D05DA8D39C7BE425D30E_analysis-9.csv;user-a;2;-311542035;true;0.33093676704559605;0.0;Infinity;1;B
user-a_session-29AF06B372FD52129AAB65DA477E308EC73CF0D44087D05DA8D39C7BE425D30E_analysis-9.csv;user-a;2;564317631;true;0.307081946980717;0.0;Infinity;1;B
user-a_session-29AF06B372FD52129AAB65DA477E308EC73CF0D44087D05DA8D39C7BE425D30E_analysis-9.csv;user-a;2;778059193;true;0.05475482382164332;0.0;Infinity;1;B
user-a_session-29AF06B372FD52129AAB65DA477E308EC73CF0D44087D05DA8D39C7BE425D30E_analysis-9.csv;user-a;2;-122275534;true;0.35549859805252226;0.0;Infinity;1;B
user-a_session-29AF06B372FD52129AAB65DA477E308EC73CF0D44087D05DA8D39C7BE425D30E_analysis-9.csv;user-a;2;-1246168003;true;5.673277403417387E-9;0.0;Infinity;1;B
user-a_session-29AF06B372FD52129AAB65DA477E308EC73CF0D44087D05DA8D39C7BE425D30E_analysis-9.csv;user-a;2;1455276153;true;0.24244621486984852;0.0;Infinity;1;B
user-a_session-29AF06B372FD52129AAB65DA477E308EC73CF0D44087D05DA8D39C7BE425D30E_analysis-9.csv;user-a;2;541840735;true;0.35549859805252226;0.0;Infinity;1;B
user-a_session-29AF06B372FD52129AAB65DA477E308EC73CF0D44087D05DA8D39C7BE425D30E_analysis-9.csv;user-a;2;-117896125;true;0.008149947164504567;0.0;Infinity;1;B
user-a_session-29AF06B372FD52129AAB65DA477E308EC73CF0D44087D05DA8D39C7BE425D30E_analysis-9.csv;user-a;2;1193133141;true;0.1755925188226506;0.0;Infinity;1;B
user-a_session-29AF06B372FD52129AAB65DA477E308EC73CF0D44087D05DA8D39C7BE425D30E_analysis-9.csv;user-a;2;-29997865;true;0.40636889785678554;0.0;Infinity;1;B
user-a_session-29AF06B372FD52129AAB65DA477E308EC73CF0D44087D05DA8D39C7BE425D30E_analysis-9.csv;user-a;2;-1334556700;true;0.4456421043631924;0.0;Infinity;1;B
user-a_session-29AF06B372FD52129AAB65DA477E308EC73CF0D44087D05DA8D39C7BE425D30E_analysis-9.csv;user-a;2;438234089;true;0.307081946980717;0.0;Infinity;1;B
user-a_session-29AF06B372FD52129AAB65DA477E308EC73CF0D44087D05DA8D39C7BE425D30E_analysis-9.csv;user-a;2;79795096;true;0.4217672323423871;0.0;Infinity;1;B
user-a_session-29AF06B372FD52129AAB65DA477E308EC73CF0D44087D05DA8D39C7BE425D30E_analysis-9.csv;user-a;2;661616434;true;0.33093676704559605;0.0;Infinity;1;B
user-a_session-29AF06B372FD52129AAB65DA477E308EC73CF0D44087D05DA8D39C7BE425D30E_analysis-9.csv;user-a;2;-1483601520;true;0.31891558821328303;0.0;Infinity;1;B
user-a_session-29AF06B372FD52129AAB65DA477E308EC73CF0D44087D05DA8D39C7BE425D30E_analysis-9.csv;user-a;2;-229500166;true;0.36801632514491067;0.0;Infinity;1;B
user-a_session-29AF06B372FD52129AAB65DA477E308EC73CF0D44087D05DA8D39C7BE425D30E_analysis-9.csv;user-a;2;1087468020;true;0.33093676704559605;0.0;Infinity;1;B
user-a_session-29AF06B372FD52129AAB65DA477E308EC73CF0D44087D05DA8D39C7BE425D30E_analysis-9.csv;user-a;2;-817157308;true;0.31891558821328303;0.0;Infinity;1;B
user-a_session-29AF06B372FD52129AAB65DA477E308EC73CF0D44087D05DA8D39C7BE425D30E_analysis-9.csv;user-a;2;-229652061;true;6.468342584886599E-7;0.0;Infinity;1;B
user-a_session-29AF06B372FD52129AAB65DA477E308EC73CF0D44087D05DA8D39C7BE425D30E_analysis-9.csv;user-a;2;1522711315;true;0.33093676704559605;0.0;Infinity;1;B
user-a_session-29AF06B372FD52129AAB65DA477E308EC73CF0D44087D05DA8D39C7BE425D30E_analysis-9.csv;user-a;2;1684075402;true;1.7425124184677898E-5;0.0;Infinity;1;B
user-a_session-29AF06B372FD52129AAB65DA477E308EC73CF0D44087D05DA8D39C7BE425D30E_analysis-9.csv;user-a;2;-2095072385;true;0.307081946980717;0.0;Infinity;1;B
user-a_session-29AF06B372FD52129AAB65DA477E308EC73CF0D44087D05DA8D39C7BE425D30E_analysis-9.csv;user-a;2;235846878;true;0.33093676704559605;0.0;Infinity;1;B
user-a_session-29AF06B372FD52129AAB65DA477E308EC73CF0D44087D05DA8D39C7BE425D30E_analysis-9.csv;user-a;2;658961149;true;0.307081946980717;0.0;Infinity;1;B
user-a_session-29AF06B372FD52129AAB65DA477E308EC73CF0D44087D05DA8D39C7BE425D30E_analysis-9.csv;user-a;2;-1440397166;true;0.35549859805252226;0.0;Infinity;1;B
user-a_session-29AF06B372FD52129AAB65DA477E308EC73CF0D44087D05DA8D39C7BE425D30E_analysis-9.csv;user-a;2;-120608714;true;0.38067580222232555;0.0;Infinity;1;B
user-a_session-29AF06B372FD52129AAB65DA477E308EC73CF0D44087D05DA8D39C7BE425D30E_analysis-9.csv;user-a;2;1698791272;true;0.31891558821328303;0.0;Infinity;1;B
user-a_session-29AF06B372FD52129AAB65DA477E308EC73CF0D44087D05DA8D39C7BE425D30E_analysis-9.csv;user-a;2;-42946251;true;0.33093676704559605;0.0;Infinity;1;B
user-a_session-29AF06B372FD52129AAB65DA477E308EC73CF0D44087D05DA8D39C7BE425D30E_analysis-9.csv;user-a;2;1227056058;true;0.33093676704559605;0.0;Infinity;1;B
user-a_session-29AF06B372FD52129AAB65DA477E308EC73CF0D44087D05DA8D39C7BE425D30E_analysis-9.csv;user-a;2;-1670502435;true;0.35549859805252226;0.0;Infinity;1;B
user-a_session-29AF06B372FD52129AAB65DA477E308EC73CF0D44087D05DA8D39C7BE425D30E_analysis-9.csv;user-a;2;-1746132518;true;0.307081946980717;0.0;Infinity;1;B
user-a_session-29AF06B372FD52129AAB65DA477E308EC73CF0D44087D05DA8D39C7BE425D30E_analysis-9.csv;user-a;2;220352425;true;0.4193759557221006;0.0;Infinity;1;B
user-a_session-29AF06B372FD52129AAB65DA477E308EC73CF0D44087D05DA8D39C7BE425D30E_analysis-9.csv;user-a;2;-1488446025;true;0.37032371750060544;0.0;Infinity;1;B
user-a_session-29AF06B372FD52129AAB65DA477E308EC73CF0D44087D05DA8D39C7BE425D30E_analysis-9.csv;user-a;2;1595830051;true;0.002806346680508276;0.0;Infinity;1;B
user-a_session-29AF06B372FD52129AAB65DA477E308EC73CF0D44087D05DA8D39C7BE425D30E_analysis-9.csv;user-a;2;-1611039159;true;0.3211026391459675;0.0;Infinity;1;B
user-a_session-29AF06B372FD52129AAB65DA477E308EC73CF0D44087D05DA8D39C7BE425D30E_analysis-9.csv;user-a;2;-724442488;true;0.31891558821328303;0.0;Infinity;1;B
user-a_session-29AF06B372FD52129AAB65DA477E308EC73CF0D44087D05DA8D39C7BE425D30E_analysis-9.csv;user-a;2;1961798103;true;0.0016590695075189288;0.0;Infinity;1;B
user-a_session-29AF06B372FD52129AAB65DA477E308EC73CF0D44087D05DA8D39C7BE425D30E_analysis-9.csv;user-a;2;1333104427;true;0.35549859805252226;0.0;Infinity;1;B
user-a_session-29AF06B372FD52129AAB65DA477E308EC73CF0D44087D05DA8D39C7BE425D30E_analysis-9.csv;user-a;2;-1820023148;true;0.31891558821328303;0.0;Infinity;1;B
user-a_session-29AF06B372FD52129AAB65DA477E308EC73CF0D44087D05DA8D39C7BE425D30E_analysis-9.csv;user-a;2;285170350;true;0.38067580222232555;0.0;Infinity;1;B
user-a_session-29AF06B372FD52129AAB65DA477E308EC73CF0D44087D05DA8D39C7BE425D30E_analysis-9.csv;user-a;2;1922371006;true;0.27484015650305205;0.0;Infinity;1;B
user-a_session-29AF06B372FD52129AAB65DA477E308EC73CF0D44087D05DA8D39C7BE425D30E_analysis-9.csv;user-a;2;1872303036;true;0.31891558821328303;0.0;Infinity;1;B
user-a_session-29AF06B372FD52129AAB65DA477E308EC73CF0D44087D05DA8D39C7BE425D30E_analysis-9.csv;user-a;2;-1569719358;true;0.35549859805252226;0.0;Infinity;1;B
user-a_session-29AF06B372FD52129AAB65DA477E308EC73CF0D44087D05DA8D39C7BE425D30E_analysis-9.csv;user-a;2;1151113407;true;0.307081946980717;0.0;Infinity;1;B
user-a_session-29AF06B372FD52129AAB65DA477E308EC73CF0D44087D05DA8D39C7BE425D30E_analysis-9.csv;user-a;2;-2143993935;true;0.4613003237386033;0.0;Infinity;1;B
user-a_session-29AF06B372FD52129AAB65DA477E308EC73CF0D44087D05DA8D39C7BE425D30E_analysis-9.csv;user-a;2;1534385972;true;0.18435622016701303;0.0;Infinity;1;B
user-a_session-29AF06B372FD52129AAB65DA477E308EC73CF0D44087D05DA8D39C7BE425D30E_analysis-9.csv;user-a;2;-2009236887;true;0.43247172419301283;0.0;Infinity;1;B
user-a_session-29AF06B372FD52129AAB65DA477E308EC73CF0D44087D05DA8D39C7BE425D30E_analysis-9.csv;user-a;2;-1995167166;true;0.3431348371383094;0.0;Infinity;1;B
user-a_session-29AF06B372FD52129AAB65DA477E308EC73CF0D44087D05DA8D39C7BE425D30E_analysis-9.csv;user-a;2;-2071930576;true;0.33093676704559605;0.0;Infinity;1;B
user-a_session-29AF06B372FD52129AAB65DA477E308EC73CF0D44087D05DA8D39C7BE425D30E_analysis-9.csv;user-a;2;-2009787186;true;0.31891558821328303;0.0;Infinity;1;B
user-a_session-29AF06B372FD52129AAB65DA477E308EC73CF0D44087D05DA8D39C7BE425D30E_analysis-9.csv;user-a;2;-2023973950;true;0.3577791121757189;0.0;Infinity;1;B
user-a_session-29AF06B372FD52129AAB65DA477E308EC73CF0D44087D05DA8D39C7BE425D30E_analysis-9.csv;user-a;2;203263659;true;0.4193759557221006;0.0;Infinity;1;B
user-a_session-29AF06B372FD52129AAB65DA477E308EC73CF0D44087D05DA8D39C7BE425D30E_analysis-9.csv;user-a;2;1123835317;true;0.35549859805252226;0.0;Infinity;1;B
user-a_session-29AF06B372FD52129AAB65DA477E308EC73CF0D44087D05DA8D39C7BE425D30E_analysis-9.csv;user-a;2;-1377601374;true;0.38300778584625017;0.0;Infinity;1;B
user-a_session-29AF06B372FD52129AAB65DA477E308EC73CF0D44087D05DA8D39C7BE425D30E_analysis-9.csv;user-a;2;1246501753;true;0.307081946980717;0.0;Infinity;1;B
user-a_session-29AF06B372FD52129AAB65DA477E308EC73CF0D44087D05DA8D39C7BE425D30E_analysis-9.csv;user-a;2;-954902290;true;0.36801632514491067;0.0;Infinity;1;B
user-a_session-29AF06B372FD52129AAB65DA477E308EC73CF0D44087D05DA8D39C7BE425D30E_analysis-9.csv;user-a;2;-140242824;true;0.4193759557221006;0.0;Infinity;1;B
user-a_session-29AF06B372FD52129AAB65DA477E308EC73CF0D44087D05DA8D39C7BE425D30E_analysis-9.csv;user-a;2;1251515391;true;0.28609339182404947;0.0;Infinity;1;B
user-a_session-29AF06B372FD52129AAB65DA477E308EC73CF0D44087D05DA8D39C7BE425D30E_analysis-9.csv;user-a;2;-873779936;true;0.307081946980717;0.0;Infinity;1;B
user-a_session-29AF06B372FD52129AAB65DA477E308EC73CF0D44087D05DA8D39C7BE425D30E_analysis-9.csv;user-a;2;1269952545;true;0.3431348371383094;0.0;Infinity;1;B
user-a_session-29AF06B372FD52129AAB65DA477E308EC73CF0D44087D05DA8D39C7BE425D30E_analysis-9.csv;user-a;2;1693232840;true;0.307081946980717;0.0;Infinity;1;B
user-a_session-29AF06B372FD52129AAB65DA477E308EC73CF0D44087D05DA8D39C7BE425D30E_analysis-9.csv;user-a;2;-1690906988;true;0.2321267641027459;0.0;Infinity;1;B
user-a_session-29AF06B372FD52129AAB65DA477E308EC73CF0D44087D05DA8D39C7BE425D30E_analysis-9.csv;user-a;2;-174235680;true;0.307081946980717;0.0;Infinity;1;B
user-a_session-29AF06B372FD52129AAB65DA477E308EC73CF0D44087D05DA8D39C7BE425D30E_analysis-9.csv;user-a;2;-1797038298;true;0.3431348371383094;0.0;Infinity;1;B
user-a_session-29AF06B372FD52129AAB65DA477E308EC73CF0D44087D05DA8D39C7BE425D30E_analysis-9.csv;user-a;2;189623246;true;0.307081946980717;0.0;Infinity;1;B
user-a_session-29AF06B372FD52129AAB65DA477E308EC73CF0D44087D05DA8D39C7BE425D30E_analysis-9.csv;user-a;2;-952087852;true;0.38067580222232555;0.0;Infinity;1;B
user-a_session-29AF06B372FD52129AAB65DA477E308EC73CF0D44087D05DA8D39C7BE425D30E_analysis-9.csv;user-a;2;-2013517021;true;0.307081946980717;0.0;Infinity;1;B
user-a_session-29AF06B372FD52129AAB65DA477E308EC73CF0D44087D05DA8D39C7BE425D30E_analysis-9.csv;user-a;2;665005687;true;0.36801632514491067;0.0;Infinity;1;B
user-a_session-29AF06B372FD52129AAB65DA477E308EC73CF0D44087D05DA8D39C7BE425D30E_analysis-9.csv;user-a;2;-605528103;true;0.307081946980717;0.0;Infinity;1;B
user-a_session-29AF06B372FD52129AAB65DA477E308EC73CF0D44087D05DA8D39C7BE425D30E_analysis-9.csv;user-a;2;-240190120;true;0.009763363673404468;0.0;Infinity;1;B
user-a_session-29AF06B372FD52129AAB65DA477E308EC73CF0D44087D05DA8D39C7BE425D30E_analysis-9.csv;user-a;2;-1370400197;true;0.1670975199703817;0.0;Infinity;1;B
user-a_session-29AF06B372FD52129AAB65DA477E308EC73CF0D44087D05DA8D39C7BE425D30E_analysis-9.csv;user-a;2;-702112251;true;0.4878949337035118;0.0;Infinity;1;B
user-a_session-29AF06B372FD52129AAB65DA477E308EC73CF0D44087D05DA8D39C7BE425D30E_analysis-9.csv;user-a;2;741017187;true;0.35549859805252226;0.0;Infinity;1;B
user-a_session-29AF06B372FD52129AAB65DA477E308EC73CF0D44087D05DA8D39C7BE425D30E_analysis-9.csv;user-a;2;-1893980037;true;0.29756095450424036;0.0;Infinity;1;B
user-a_session-29AF06B372FD52129AAB65DA477E308EC73CF0D44087D05DA8D39C7BE425D30E_analysis-9.csv;user-a;2;1781880879;true;0.307081946980717;0.0;Infinity;1;B
user-a_session-29AF06B372FD52129AAB65DA477E308EC73CF0D44087D05DA8D39C7BE425D30E_analysis-9.csv;user-a;2;1362536;true;0.485456499976465;0.0;Infinity;1;B
user-a_session-29AF06B372FD52129AAB65DA477E308EC73CF0D44087D05DA8D39C7BE425D30E_analysis-9.csv;user-a;2;-1481829815;true;0.3092338944604892;0.0;Infinity;1;B
user-a_session-29AF06B372FD52129AAB65DA477E308EC73CF0D44087D05DA8D39C7BE425D30E_analysis-9.csv;user-a;2;1872945946;true;0.38067580222232555;0.0;Infinity;1;B
user-a_session-29AF06B372FD52129AAB65DA477E308EC73CF0D44087D05DA8D39C7BE425D30E_analysis-9.csv;user-a;2;-186796488;true;0.307081946980717;0.0;Infinity;1;B
user-a_session-29AF06B372FD52129AAB65DA477E308EC73CF0D44087D05DA8D39C7BE425D30E_analysis-9.csv;user-a;2;-1277473876;true;0.33093676704559605;0.0;Infinity;1;B
user-a_session-29AF06B372FD52129AAB65DA477E308EC73CF0D44087D05DA8D39C7BE425D30E_analysis-9.csv;user-a;2;-875334573;true;0.43247172419301283;0.0;Infinity;1;B
user-a_session-29AF06B372FD52129AAB65DA477E308EC73CF0D44087D05DA8D39C7BE425D30E_analysis-9.csv;user-a;2;-173268479;true;0.307081946980717;0.0;Infinity;1;B
user-a_session-29AF06B372FD52129AAB65DA477E308EC73CF0D44087D05DA8D39C7BE425D30E_analysis-9.csv;user-a;2;-905204728;true;0.38067580222232555;0.0;Infinity;1;B
user-a_session-29AF06B372FD52129AAB65DA477E308EC73CF0D44087D05DA8D39C7BE425D30E_analysis-9.csv;user-a;2;251669237;true;0.39581856521761005;0.0;Infinity;1;B
user-a_session-29AF06B372FD52129AAB65DA477E308EC73CF0D44087D05DA8D39C7BE425D30E_analysis-9.csv;user-a;2;-1705889690;true;0.3431348371383094;0.0;Infinity;1;B
user-a_session-29AF06B372FD52129AAB65DA477E308EC73CF0D44087D05DA8D39C7BE425D30E_analysis-9.csv;user-a;2;102414109;true;0.4878949337035118;0.0;Infinity;1;B
user-a_session-29AF06B372FD52129AAB65DA477E308EC73CF0D44087D05DA8D39C7BE425D30E_analysis-9.csv;user-a;2;2088176523;true;0.307081946980717;0.0;Infinity;1;B
user-a_session-29AF06B372FD52129AAB65DA477E308EC73CF0D44087D05DA8D39C7BE425D30E_analysis-9.csv;user-a;2;-139829063;true;0.307081946980717;0.0;Infinity;1;B
user-a_session-29AF06B372FD52129AAB65DA477E308EC73CF0D44087D05DA8D39C7BE425D30E_analysis-9.csv;user-a;2;1263292855;true;0.31891558821328303;0.0;Infinity;1;B
user-a_session-29AF06B372FD52129AAB65DA477E308EC73CF0D44087D05DA8D39C7BE425D30E_analysis-9.csv;user-a;2;-733604782;true;0.3453862723100982;0.0;Infinity;1;B
user-a_session-29AF06B372FD52129AAB65DA477E308EC73CF0D44087D05DA8D39C7BE425D30E_analysis-9.csv;user-a;2;2137037742;true;0.35549859805252226;0.0;Infinity;1;B
user-a_session-29AF06B372FD52129AAB65DA477E308EC73CF0D44087D05DA8D39C7BE425D30E_analysis-9.csv;user-a;2;217402085;true;0.35549859805252226;0.0;Infinity;1;B
user-a_session-29AF06B372FD52129AAB65DA477E308EC73CF0D44087D05DA8D39C7BE425D30E_analysis-9.csv;user-a;2;144909628;true;0.40636889785678554;0.0;Infinity;1;B
user-a_session-29AF06B372FD52129AAB65DA477E308EC73CF0D44087D05DA8D39C7BE425D30E_analysis-9.csv;user-a;2;-1851486336;true;0.307081946980717;0.0;Infinity;1;B
user-a_session-29AF06B372FD52129AAB65DA477E308EC73CF0D44087D05DA8D39C7BE425D30E_analysis-9.csv;user-a;2;-163050135;true;0.33315701505819184;0.0;Infinity;1;B
user-a_session-29AF06B372FD52129AAB65DA477E308EC73CF0D44087D05DA8D39C7BE425D30E_analysis-9.csv;user-a;2;-529955467;true;0.3431348371383094;0.0;Infinity;1;B
user-a_session-29AF06B372FD52129AAB65DA477E308EC73CF0D44087D05DA8D39C7BE425D30E_analysis-9.csv;user-a;2;-1657668955;true;0.4878949337035118;0.0;Infinity;1;B
user-a_session-29AF06B372FD52129AAB65DA477E308EC73CF0D44087D05DA8D39C7BE425D30E_analysis-9.csv;user-a;2;-1934192632;true;0.307081946980717;0.0;Infinity;1;B
user-a_session-29AF06B372FD52129AAB65DA477E308EC73CF0D44087D05DA8D39C7BE425D30E_analysis-9.csv;user-a;2;1247983929;true;0.3453862723100982;0.0;Infinity;1;B
user-a_session-29AF06B372FD52129AAB65DA477E308EC73CF0D44087D05DA8D39C7BE425D30E_analysis-9.csv;user-a;2;331103881;true;0.31891558821328303;0.0;Infinity;1;B
user-a_session-29AF06B372FD52129AAB65DA477E308EC73CF0D44087D05DA8D39C7BE425D30E_analysis-9.csv;user-a;2;-1335587744;true;0.307081946980717;0.0;Infinity;1;B
user-a_session-29AF06B372FD52129AAB65DA477E308EC73CF0D44087D05DA8D39C7BE425D30E_analysis-9.csv;user-a;2;-740882020;true;0.3431348371383094;0.0;Infinity;1;B
user-a_session-29AF06B372FD52129AAB65DA477E308EC73CF0D44087D05DA8D39C7BE425D30E_analysis-9.csv;user-a;2;-521704885;true;0.3431348371383094;0.0;Infinity;1;B
user-a_session-29AF06B372FD52129AAB65DA477E308EC73CF0D44087D05DA8D39C7BE425D30E_analysis-9.csv;user-a;2;379635798;true;0.39581856521761005;0.0;Infinity;1;B
user-a_session-29AF06B372FD52129AAB65DA477E308EC73CF0D44087D05DA8D39C7BE425D30E_analysis-9.csv;user-a;2;-1430262453;true;0.47458347045836513;0.0;Infinity;1;B
user-a_session-29AF06B372FD52129AAB65DA477E308EC73CF0D44087D05DA8D39C7BE425D30E_analysis-9.csv;user-a;2;290549966;true;0.33093676704559605;0.0;Infinity;1;B
user-a_session-29AF06B372FD52129AAB65DA477E308EC73CF0D44087D05DA8D39C7BE425D30E_analysis-9.csv;user-a;2;1932251218;true;0.31891558821328303;0.0;Infinity;1;B
user-a_session-29AF06B372FD52129AAB65DA477E308EC73CF0D44087D05DA8D39C7BE425D30E_analysis-9.csv;user-a;2;1887930435;true;0.307081946980717;0.0;Infinity;1;B
user-a_session-29AF06B372FD52129AAB65DA477E308EC73CF0D44087D05DA8D39C7BE425D30E_analysis-9.csv;user-a;2;-493727981;true;2.1822942120053312E-8;0.0;Infinity;1;B
user-a_session-29AF06B372FD52129AAB65DA477E308EC73CF0D44087D05DA8D39C7BE425D30E_analysis-9.csv;user-a;2;140730703;true;0.307081946980717;0.0;Infinity;1;B
user-a_session-29AF06B372FD52129AAB65DA477E308EC73CF0D44087D05DA8D39C7BE425D30E_analysis-9.csv;user-a;2;-1018991197;true;0.35549859805252226;0.0;Infinity;1;B
user-a_session-29AF06B372FD52129AAB65DA477E308EC73CF0D44087D05DA8D39C7BE425D30E_analysis-9.csv;user-a;2;1506958651;true;0.010670003447790233;0.0;Infinity;1;B
user-a_session-29AF06B372FD52129AAB65DA477E308EC73CF0D44087D05DA8D39C7BE425D30E_analysis-9.csv;user-a;2;-1007592127;true;0.36801632514491067;0.0;Infinity;1;B
user-a_session-29AF06B372FD52129AAB65DA477E308EC73CF0D44087D05DA8D39C7BE425D30E_analysis-9.csv;user-a;2;-699010315;true;1.2054884367618257E-4;0.0;Infinity;1;B
user-a_session-29AF06B372FD52129AAB65DA477E308EC73CF0D44087D05DA8D39C7BE425D30E_analysis-9.csv;user-a;2;-92127379;true;0.4217672323423871;0.0;Infinity;1;B
user-a_session-29AF06B372FD52129AAB65DA477E308EC73CF0D44087D05DA8D39C7BE425D30E_analysis-9.csv;user-a;2;-429692914;true;0.307081946980717;0.0;Infinity;1;B
user-a_session-29AF06B372FD52129AAB65DA477E308EC73CF0D44087D05DA8D39C7BE425D30E_analysis-9.csv;user-a;2;1662249774;true;0.4456421043631924;0.0;Infinity;1;B
user-a_session-29AF06B372FD52129AAB65DA477E308EC73CF0D44087D05DA8D39C7BE425D30E_analysis-9.csv;user-a;2;1527491217;true;0.35549859805252226;0.0;Infinity;1;B
user-a_session-29AF06B372FD52129AAB65DA477E308EC73CF0D44087D05DA8D39C7BE425D30E_analysis-9.csv;user-a;2;216588936;true;0.4217672323423871;0.0;Infinity;1;B
user-a_session-29AF06B372FD52129AAB65DA477E308EC73CF0D44087D05DA8D39C7BE425D30E_analysis-9.csv;user-a;2;134399508;true;0.36801632514491067;0.0;Infinity;1;B
user-a_session-29AF06B372FD52129AAB65DA477E308EC73CF0D44087D05DA8D39C7BE425D30E_analysis-9.csv;user-a;2;-1174690549;true;0.3431348371383094;0.0;Infinity;1;B
user-a_session-29AF06B372FD52129AAB65DA477E308EC73CF0D44087D05DA8D39C7BE425D30E_analysis-9.csv;user-a;2;-880642183;true;0.36801632514491067;0.0;Infinity;1;B
user-a_session-29AF06B372FD52129AAB65DA477E308EC73CF0D44087D05DA8D39C7BE425D30E_analysis-9.csv;user-a;2;736021122;true;0.307081946980717;0.0;Infinity;1;B
user-a_session-29AF06B372FD52129AAB65DA477E308EC73CF0D44087D05DA8D39C7BE425D30E_analysis-9.csv;user-a;2;533853756;true;0.38067580222232555;0.0;Infinity;1;B
user-a_session-29AF06B372FD52129AAB65DA477E308EC73CF0D44087D05DA8D39C7BE425D30E_analysis-9.csv;user-a;2;6462685;true;0.33093676704559605;0.0;Infinity;1;B
user-a_session-29AF06B372FD52129AAB65DA477E308EC73CF0D44087D05DA8D39C7BE425D30E_analysis-9.csv;user-a;2;2137173212;true;0.307081946980717;0.0;Infinity;1;B
user-a_session-29AF06B372FD52129AAB65DA477E308EC73CF0D44087D05DA8D39C7BE425D30E_analysis-9.csv;user-a;2;-1300576384;true;0.307081946980717;0.0;Infinity;1;B
user-a_session-29AF06B372FD52129AAB65DA477E308EC73CF0D44087D05DA8D39C7BE425D30E_analysis-9.csv;user-a;2;-103766559;true;0.31891558821328303;0.0;Infinity;1;B
user-a_session-29AF06B372FD52129AAB65DA477E308EC73CF0D44087D05DA8D39C7BE425D30E_analysis-9.csv;user-a;2;196119217;true;0.35549859805252226;0.0;Infinity;1;B
user-a_session-29AF06B372FD52129AAB65DA477E308EC73CF0D44087D05DA8D39C7BE425D30E_analysis-9.csv;user-a;2;-1248831898;true;0.38067580222232555;0.0;Infinity;1;B
user-a_session-29AF06B372FD52129AAB65DA477E308EC73CF0D44087D05DA8D39C7BE425D30E_analysis-9.csv;user-a;2;-1630935264;true;0.307081946980717;0.0;Infinity;1;B
user-a_session-29AF06B372FD52129AAB65DA477E308EC73CF0D44087D05DA8D39C7BE425D30E_analysis-9.csv;user-a;2;1513175060;true;0.31891558821328303;0.0;Infinity;1;B
user-a_session-29AF06B372FD52129AAB65DA477E308EC73CF0D44087D05DA8D39C7BE425D30E_analysis-9.csv;user-a;2;-1791801084;true;0.31891558821328303;0.0;Infinity;1;B
user-a_session-29AF06B372FD52129AAB65DA477E308EC73CF0D44087D05DA8D39C7BE425D30E_analysis-9.csv;user-a;2;-1417338183;true;0.022681879808893024;0.0;Infinity;1;B
user-a_session-29AF06B372FD52129AAB65DA477E308EC73CF0D44087D05DA8D39C7BE425D30E_analysis-9.csv;user-a;2;-177936397;true;0.33093676704559605;0.0;Infinity;1;B
user-a_session-29AF06B372FD52129AAB65DA477E308EC73CF0D44087D05DA8D39C7BE425D30E_analysis-9.csv;user-a;2;106295594;true;0.10269442114103522;0.0;Infinity;1;B
user-a_session-29AF06B372FD52129AAB65DA477E308EC73CF0D44087D05DA8D39C7BE425D30E_analysis-9.csv;user-a;2;-884815590;true;0.31891558821328303;0.0;Infinity;1;B
user-a_session-29AF06B372FD52129AAB65DA477E308EC73CF0D44087D05DA8D39C7BE425D30E_analysis-9.csv;user-a;2;1335175474;true;0.33093676704559605;0.0;Infinity;1;B
user-a_session-29AF06B372FD52129AAB65DA477E308EC73CF0D44087D05DA8D39C7BE425D30E_analysis-9.csv;user-a;2;-532872836;true;0.4217672323423871;0.0;Infinity;1;B
user-a_session-29AF06B372FD52129AAB65DA477E308EC73CF0D44087D05DA8D39C7BE425D30E_analysis-9.csv;user-a;2;-747624534;true;0.36801632514491067;0.0;Infinity;1;B
user-a_session-29AF06B372FD52129AAB65DA477E308EC73CF0D44087D05DA8D39C7BE425D30E_analysis-9.csv;user-a;2;-23931617;true;0.33093676704559605;0.0;Infinity;1;B
user-a_session-29AF06B372FD52129AAB65DA477E308EC73CF0D44087D05DA8D39C7BE425D30E_analysis-9.csv;user-a;2;-1322354878;true;0.36801632514491067;0.0;Infinity;1;B
user-a_session-29AF06B372FD52129AAB65DA477E308EC73CF0D44087D05DA8D39C7BE425D30E_analysis-9.csv;user-a;2;58233390;true;0.35549859805252226;0.0;Infinity;1;B
user-a_session-29AF06B372FD52129AAB65DA477E308EC73CF0D44087D05DA8D39C7BE425D30E_analysis-9.csv;user-a;2;827412585;true;0.31891558821328303;0.0;Infinity;1;B
user-a_session-29AF06B372FD52129AAB65DA477E308EC73CF0D44087D05DA8D39C7BE425D30E_analysis-9.csv;user-a;2;-800992383;true;-8.881784197001252E-16;0.0;Infinity;1;B
user-a_session-29AF06B372FD52129AAB65DA477E308EC73CF0D44087D05DA8D39C7BE425D30E_analysis-9.csv;user-a;2;425390071;true;0.33093676704559605;0.0;Infinity;1;B
user-a_session-29AF06B372FD52129AAB65DA477E308EC73CF0D44087D05DA8D39C7BE425D30E_analysis-9.csv;user-a;2;-587970732;true;0.31891558821328303;0.0;Infinity;1;B
user-a_session-29AF06B372FD52129AAB65DA477E308EC73CF0D44087D05DA8D39C7BE425D30E_analysis-9.csv;user-a;2;1092427227;true;0.38067580222232555;0.0;Infinity;1;B
user-a_session-29AF06B372FD52129AAB65DA477E308EC73CF0D44087D05DA8D39C7BE425D30E_analysis-9.csv;user-a;2;669276342;true;0.33093676704559605;0.0;Infinity;1;B
user-a_session-29AF06B372FD52129AAB65DA477E308EC73CF0D44087D05DA8D39C7BE425D30E_analysis-9.csv;user-a;2;-1022721873;true;0.485456499976465;0.0;Infinity;1;B
user-a_session-29AF06B372FD52129AAB65DA477E308EC73CF0D44087D05DA8D39C7BE425D30E_analysis-9.csv;user-a;2;-193600228;true;0.31891558821328303;0.0;Infinity;1;B
user-a_session-29AF06B372FD52129AAB65DA477E308EC73CF0D44087D05DA8D39C7BE425D30E_analysis-9.csv;user-a;2;-930000387;true;0.3431348371383094;0.0;Infinity;1;B
user-a_session-29AF06B372FD52129AAB65DA477E308EC73CF0D44087D05DA8D39C7BE425D30E_analysis-9.csv;user-a;2;-1758097904;true;0.08588111741106919;0.0;Infinity;1;B
user-a_session-29AF06B372FD52129AAB65DA477E308EC73CF0D44087D05DA8D39C7BE425D30E_analysis-9.csv;user-a;2;155139166;true;0.307081946980717;0.0;Infinity;1;B
user-a_session-29AF06B372FD52129AAB65DA477E308EC73CF0D44087D05DA8D39C7BE425D30E_analysis-9.csv;user-a;2;312507973;true;0.3431348371383094;0.0;Infinity;1;B
user-a_session-29AF06B372FD52129AAB65DA477E308EC73CF0D44087D05DA8D39C7BE425D30E_analysis-9.csv;user-a;2;-654215031;true;0.47458347045836513;0.0;Infinity;1;B
user-a_session-29AF06B372FD52129AAB65DA477E308EC73CF0D44087D05DA8D39C7BE425D30E_analysis-9.csv;user-a;2;-2088089242;true;0.307081946980717;0.0;Infinity;1;B
user-a_session-29AF06B372FD52129AAB65DA477E308EC73CF0D44087D05DA8D39C7BE425D30E_analysis-9.csv;user-a;2;1389024078;true;0.35549859805252226;0.0;Infinity;1;B
user-a_session-29AF06B372FD52129AAB65DA477E308EC73CF0D44087D05DA8D39C7BE425D30E_analysis-9.csv;user-a;2;1053268667;true;0.307081946980717;0.0;Infinity;1;B
user-a_session-29AF06B372FD52129AAB65DA477E308EC73CF0D44087D05DA8D39C7BE425D30E_analysis-9.csv;user-a;2;970112071;true;0.39581856521761005;0.0;Infinity;1;B
user-a_session-29AF06B372FD52129AAB65DA477E308EC73CF0D44087D05DA8D39C7BE425D30E_analysis-9.csv;user-a;2;-1181328531;true;0.3431348371383094;0.0;Infinity;1;B
user-a_session-29AF06B372FD52129AAB65DA477E308EC73CF0D44087D05DA8D39C7BE425D30E_analysis-9.csv;user-a;2;2026510158;true;0.4721491149508854;0.0;Infinity;1;B
user-a_session-29AF06B372FD52129AAB65DA477E308EC73CF0D44087D05DA8D39C7BE425D30E_analysis-9.csv;user-a;2;2071504342;true;0.35549859805252226;0.0;Infinity;1;B
user-a_session-29AF06B372FD52129AAB65DA477E308EC73CF0D44087D05DA8D39C7BE425D30E_analysis-9.csv;user-a;2;-355511180;true;0.307081946980717;0.0;Infinity;1;B
user-a_session-29AF06B372FD52129AAB65DA477E308EC73CF0D44087D05DA8D39C7BE425D30E_analysis-9.csv;user-a;2;-910174393;true;0.307081946980717;0.0;Infinity;1;B
user-a_session-29AF06B372FD52129AAB65DA477E308EC73CF0D44087D05DA8D39C7BE425D30E_analysis-9.csv;user-a;2;1420662056;true;0.4721491149508854;0.0;Infinity;1;B
user-a_session-29AF06B372FD52129AAB65DA477E308EC73CF0D44087D05DA8D39C7BE425D30E_analysis-9.csv;user-a;2;-224319565;true;0.4348777225062115;0.0;Infinity;1;B
user-a_session-29AF06B372FD52129AAB65DA477E308EC73CF0D44087D05DA8D39C7BE425D30E_analysis-9.csv;user-a;2;1221296128;true;0.4721491149508854;0.0;Infinity;1;B
user-a_session-29AF06B372FD52129AAB65DA477E308EC73CF0D44087D05DA8D39C7BE425D30E_analysis-9.csv;user-a;2;299033230;true;0.40636889785678554;0.0;Infinity;1;B
user-a_session-29AF06B372FD52129AAB65DA477E308EC73CF0D44087D05DA8D39C7BE425D30E_analysis-9.csv;user-a;2;-760075651;true;0.1432310927196636;0.0;Infinity;1;B
user-a_session-29AF06B372FD52129AAB65DA477E308EC73CF0D44087D05DA8D39C7BE425D30E_analysis-9.csv;user-a;2;83485855;true;0.307081946980717;0.0;Infinity;1;B
user-a_session-29AF06B372FD52129AAB65DA477E308EC73CF0D44087D05DA8D39C7BE425D30E_analysis-9.csv;user-a;2;-493431999;true;0.31891558821328303;0.0;Infinity;1;B
user-a_session-29AF06B372FD52129AAB65DA477E308EC73CF0D44087D05DA8D39C7BE425D30E_analysis-9.csv;user-a;2;1557793107;true;0.3431348371383094;0.0;Infinity;1;B
user-a_session-29AF06B372FD52129AAB65DA477E308EC73CF0D44087D05DA8D39C7BE425D30E_analysis-9.csv;user-a;2;-1155963706;true;0.4721491149508854;0.0;Infinity;1;B
user-a_session-29AF06B372FD52129AAB65DA477E308EC73CF0D44087D05DA8D39C7BE425D30E_analysis-9.csv;user-a;2;-767966452;true;0.33093676704559605;0.0;Infinity;1;B
user-a_session-29AF06B372FD52129AAB65DA477E308EC73CF0D44087D05DA8D39C7BE425D30E_analysis-9.csv;user-a;2;917750058;true;0.2220565223479274;0.0;Infinity;1;B
user-a_session-29AF06B372FD52129AAB65DA477E308EC73CF0D44087D05DA8D39C7BE425D30E_analysis-9.csv;user-a;2;1315242495;true;0.49878010267437045;0.0;Infinity;1;B
user-a_session-29AF06B372FD52129AAB65DA477E308EC73CF0D44087D05DA8D39C7BE425D30E_analysis-9.csv;user-a;2;-2077094601;true;0.40636889785678554;0.0;Infinity;1;B
user-a_session-29AF06B372FD52129AAB65DA477E308EC73CF0D44087D05DA8D39C7BE425D30E_analysis-9.csv;user-a;2;151927153;true;0.25300924885707055;0.0;Infinity;1;B
user-a_session-29AF06B372FD52129AAB65DA477E308EC73CF0D44087D05DA8D39C7BE425D30E_analysis-9.csv;user-a;2;112472293;true;0.307081946980717;0.0;Infinity;1;B
user-a_session-29AF06B372FD52129AAB65DA477E308EC73CF0D44087D05DA8D39C7BE425D30E_analysis-9.csv;user-a;2;-2056494092;true;0.31891558821328303;0.0;Infinity;1;B
user-a_session-29AF06B372FD52129AAB65DA477E308EC73CF0D44087D05DA8D39C7BE425D30E_analysis-9.csv;user-a;2;-491759421;true;0.36801632514491067;0.0;Infinity;1;B
user-a_session-29AF06B372FD52129AAB65DA477E308EC73CF0D44087D05DA8D39C7BE425D30E_analysis-9.csv;user-a;2;-2097042303;true;0.33093676704559605;0.0;Infinity;1;B
user-a_session-29AF06B372FD52129AAB65DA477E308EC73CF0D44087D05DA8D39C7BE425D30E_analysis-9.csv;user-a;2;1240504692;true;0.33093676704559605;0.0;Infinity;1;B
user-a_session-29AF06B372FD52129AAB65DA477E308EC73CF0D44087D05DA8D39C7BE425D30E_analysis-9.csv;user-a;2;1954861876;true;0.39346435680858616;0.0;Infinity;1;B
user-a_session-29AF06B372FD52129AAB65DA477E308EC73CF0D44087D05DA8D39C7BE425D30E_analysis-9.csv;user-a;2;-1298640458;true;0.307081946980717;0.0;Infinity;1;B
user-a_session-29AF06B372FD52129AAB65DA477E308EC73CF0D44087D05DA8D39C7BE425D30E_analysis-9.csv;user-a;2;-1905414538;true;0.3431348371383094;0.0;Infinity;1;B
user-a_session-29AF06B372FD52129AAB65DA477E308EC73CF0D44087D05DA8D39C7BE425D30E_analysis-9.csv;user-a;2;-1331870495;true;0.3431348371383094;0.0;Infinity;1;B
user-a_session-29AF06B372FD52129AAB65DA477E308EC73CF0D44087D05DA8D39C7BE425D30E_analysis-9.csv;user-a;2;298331668;true;0.31891558821328303;0.0;Infinity;1;B
user-a_session-29AF06B372FD52129AAB65DA477E308EC73CF0D44087D05DA8D39C7BE425D30E_analysis-9.csv;user-a;2;-1932679641;true;0.33093676704559605;0.0;Infinity;1;B
user-a_session-29AF06B372FD52129AAB65DA477E308EC73CF0D44087D05DA8D39C7BE425D30E_analysis-9.csv;user-a;2;2125346272;true;0.33093676704559605;0.0;Infinity;1;B
user-a_session-29AF06B372FD52129AAB65DA477E308EC73CF0D44087D05DA8D39C7BE425D30E_analysis-9.csv;user-a;2;-1046120279;true;0.39346435680858616;0.0;Infinity;1;B
user-a_session-29AF06B372FD52129AAB65DA477E308EC73CF0D44087D05DA8D39C7BE425D30E_analysis-9.csv;user-a;2;-1171386716;true;0.31891558821328303;0.0;Infinity;1;B
user-a_session-29AF06B372FD52129AAB65DA477E308EC73CF0D44087D05DA8D39C7BE425D30E_analysis-9.csv;user-a;2;-1376009082;true;0.07587548349129669;0.0;Infinity;1;B
user-a_session-29AF06B372FD52129AAB65DA477E308EC73CF0D44087D05DA8D39C7BE425D30E_analysis-9.csv;user-a;2;774580614;true;0.31891558821328303;0.0;Infinity;1;B
user-a_session-29AF06B372FD52129AAB65DA477E308EC73CF0D44087D05DA8D39C7BE425D30E_analysis-9.csv;user-a;2;1477050538;true;0.33093676704559605;0.0;Infinity;1;B
user-a_session-29AF06B372FD52129AAB65DA477E308EC73CF0D44087D05DA8D39C7BE425D30E_analysis-9.csv;user-a;2;1215234992;true;0.35549859805252226;0.0;Infinity;1;B
user-a_session-29AF06B372FD52129AAB65DA477E308EC73CF0D44087D05DA8D39C7BE425D30E_analysis-9.csv;user-a;2;-1434757227;true;0.3453862723100982;0.0;Infinity;1;B
user-a_session-29AF06B372FD52129AAB65DA477E308EC73CF0D44087D05DA8D39C7BE425D30E_analysis-9.csv;user-a;2;1404844642;true;6.187839500548797E-5;0.0;Infinity;1;B
user-a_session-29AF06B372FD52129AAB65DA477E308EC73CF0D44087D05DA8D39C7BE425D30E_analysis-9.csv;user-a;2;-1927406057;true;0.307081946980717;0.0;Infinity;1;B
user-a_session-29AF06B372FD52129AAB65DA477E308EC73CF0D44087D05DA8D39C7BE425D30E_analysis-9.csv;user-a;2;-34605576;true;0.307081946980717;0.0;Infinity;1;B
user-a_session-29AF06B372FD52129AAB65DA477E308EC73CF0D44087D05DA8D39C7BE425D30E_analysis-9.csv;user-a;2;-2003819455;true;0.307081946980717;0.0;Infinity;1;B
user-a_session-29AF06B372FD52129AAB65DA477E308EC73CF0D44087D05DA8D39C7BE425D30E_analysis-9.csv;user-a;2;-1910241414;true;0.4456421043631924;0.0;Infinity;1;B
user-a_session-29AF06B372FD52129AAB65DA477E308EC73CF0D44087D05DA8D39C7BE425D30E_analysis-9.csv;user-a;2;1898637222;true;0.33093676704559605;0.0;Infinity;1;B
user-a_session-29AF06B372FD52129AAB65DA477E308EC73CF0D44087D05DA8D39C7BE425D30E_analysis-9.csv;user-a;2;1624237361;true;3.267806025775144E-10;0.0;Infinity;1;B
user-a_session-29AF06B372FD52129AAB65DA477E308EC73CF0D44087D05DA8D39C7BE425D30E_analysis-9.csv;user-a;2;1539831639;true;0.31891558821328303;0.0;Infinity;1;B
user-a_session-29AF06B372FD52129AAB65DA477E308EC73CF0D44087D05DA8D39C7BE425D30E_analysis-9.csv;user-a;2;-1259373380;true;0.31891558821328303;0.0;Infinity;1;B
user-a_session-29AF06B372FD52129AAB65DA477E308EC73CF0D44087D05DA8D39C7BE425D30E_analysis-9.csv;user-a;2;-1256109383;true;0.31891558821328303;0.0;Infinity;1;B
user-a_session-29AF06B372FD52129AAB65DA477E308EC73CF0D44087D05DA8D39C7BE425D30E_analysis-9.csv;user-a;2;-1067063917;true;0.39346435680858616;0.0;Infinity;1;B
user-a_session-29AF06B372FD52129AAB65DA477E308EC73CF0D44087D05DA8D39C7BE425D30E_analysis-9.csv;user-a;2;-1188081853;true;0.3431348371383094;0.0;Infinity;1;B
user-a_session-29AF06B372FD52129AAB65DA477E308EC73CF0D44087D05DA8D39C7BE425D30E_analysis-9.csv;user-a;2;-1947819667;true;0.39346435680858616;0.0;Infinity;1;B
user-a_session-29AF06B372FD52129AAB65DA477E308EC73CF0D44087D05DA8D39C7BE425D30E_analysis-9.csv;user-a;2;1170405828;true;0.3211026391459675;0.0;Infinity;1;B
user-a_session-29AF06B372FD52129AAB65DA477E308EC73CF0D44087D05DA8D39C7BE425D30E_analysis-9.csv;user-a;2;814129259;true;0.24244621486984852;0.0;Infinity;1;B
user-a_session-29AF06B372FD52129AAB65DA477E308EC73CF0D44087D05DA8D39C7BE425D30E_analysis-9.csv;user-a;2;-833556639;true;0.31891558821328303;0.0;Infinity;1;B
user-a_session-29AF06B372FD52129AAB65DA477E308EC73CF0D44087D05DA8D39C7BE425D30E_analysis-9.csv;user-a;2;92863793;true;0.307081946980717;0.0;Infinity;1;B
user-a_session-29AF06B372FD52129AAB65DA477E308EC73CF0D44087D05DA8D39C7BE425D30E_analysis-9.csv;user-a;2;-1733421064;true;0.4613003237386033;0.0;Infinity;1;B
user-a_session-29AF06B372FD52129AAB65DA477E308EC73CF0D44087D05DA8D39C7BE425D30E_analysis-9.csv;user-a;2;-2084309662;true;0.3431348371383094;0.0;Infinity;1;B
user-a_session-29AF06B372FD52129AAB65DA477E308EC73CF0D44087D05DA8D39C7BE425D30E_analysis-9.csv;user-a;2;853786851;true;0.33093676704559605;0.0;Infinity;1;B
user-a_session-29AF06B372FD52129AAB65DA477E308EC73CF0D44087D05DA8D39C7BE425D30E_analysis-9.csv;user-a;2;-1388687415;true;0.4348777225062115;0.0;Infinity;1;B
user-a_session-29AF06B372FD52129AAB65DA477E308EC73CF0D44087D05DA8D39C7BE425D30E_analysis-9.csv;user-a;2;1293804260;true;0.35549859805252226;0.0;Infinity;1;B
user-a_session-29AF06B372FD52129AAB65DA477E308EC73CF0D44087D05DA8D39C7BE425D30E_analysis-9.csv;user-a;2;1944133075;true;0.31891558821328303;0.0;Infinity;1;B
user-a_session-29AF06B372FD52129AAB65DA477E308EC73CF0D44087D05DA8D39C7BE425D30E_analysis-9.csv;user-a;2;-1294623105;true;0.31891558821328303;0.0;Infinity;1;B
user-a_session-29AF06B372FD52129AAB65DA477E308EC73CF0D44087D05DA8D39C7BE425D30E_analysis-9.csv;user-a;2;527812396;true;0.202682744724749;0.0;Infinity;1;B
user-a_session-29AF06B372FD52129AAB65DA477E308EC73CF0D44087D05DA8D39C7BE425D30E_analysis-9.csv;user-a;2;-1809389234;true;0.31891558821328303;0.0;Infinity;1;B
user-a_session-29AF06B372FD52129AAB65DA477E308EC73CF0D44087D05DA8D39C7BE425D30E_analysis-9.csv;user-a;2;-2012397497;true;0.4348777225062115;0.0;Infinity;1;B
user-a_session-29AF06B372FD52129AAB65DA477E308EC73CF0D44087D05DA8D39C7BE425D30E_analysis-9.csv;user-a;2;2136666955;true;0.307081946980717;0.0;Infinity;1;B
user-a_session-29AF06B372FD52129AAB65DA477E308EC73CF0D44087D05DA8D39C7BE425D30E_analysis-9.csv;user-a;2;-1854347810;true;0.36801632514491067;0.0;Infinity;1;B
user-a_session-29AF06B372FD52129AAB65DA477E308EC73CF0D44087D05DA8D39C7BE425D30E_analysis-9.csv;user-a;2;-428329032;true;0.307081946980717;0.0;Infinity;1;B
user-a_session-29AF06B372FD52129AAB65DA477E308EC73CF0D44087D05DA8D39C7BE425D30E_analysis-9.csv;user-a;2;2136845425;true;0.307081946980717;0.0;Infinity;1;B
user-a_session-29AF06B372FD52129AAB65DA477E308EC73CF0D44087D05DA8D39C7BE425D30E_analysis-9.csv;user-a;2;350313812;true;0.39346435680858616;0.0;Infinity;1;B
user-a_session-29AF06B372FD52129AAB65DA477E308EC73CF0D44087D05DA8D39C7BE425D30E_analysis-9.csv;user-a;2;299504956;true;0.307081946980717;0.0;Infinity;1;B
user-a_session-29AF06B372FD52129AAB65DA477E308EC73CF0D44087D05DA8D39C7BE425D30E_analysis-9.csv;user-a;2;-1563721559;true;0.05475482382164332;0.0;Infinity;1;B
user-a_session-29AF06B372FD52129AAB65DA477E308EC73CF0D44087D05DA8D39C7BE425D30E_analysis-9.csv;user-a;2;-1256878642;true;0.1509167857319107;0.0;Infinity;1;B
user-a_session-29AF06B372FD52129AAB65DA477E308EC73CF0D44087D05DA8D39C7BE425D30E_analysis-9.csv;user-a;2;325565925;true;0.307081946980717;0.0;Infinity;1;B
user-a_session-29AF06B372FD52129AAB65DA477E308EC73CF0D44087D05DA8D39C7BE425D30E_analysis-9.csv;user-a;2;-1188031395;true;0.43247172419301283;0.0;Infinity;1;B
user-a_session-29AF06B372FD52129AAB65DA477E308EC73CF0D44087D05DA8D39C7BE425D30E_analysis-9.csv;user-a;2;565336733;true;0.38067580222232555;0.0;Infinity;1;B
user-a_session-29AF06B372FD52129AAB65DA477E308EC73CF0D44087D05DA8D39C7BE425D30E_analysis-9.csv;user-a;2;1124321225;true;0.307081946980717;0.0;Infinity;1;B
user-a_session-29AF06B372FD52129AAB65DA477E308EC73CF0D44087D05DA8D39C7BE425D30E_analysis-9.csv;user-a;2;884740250;true;0.4613003237386033;0.0;Infinity;1;B
user-a_session-29AF06B372FD52129AAB65DA477E308EC73CF0D44087D05DA8D39C7BE425D30E_analysis-9.csv;user-a;2;50981294;true;0.3431348371383094;0.0;Infinity;1;B
user-a_session-29AF06B372FD52129AAB65DA477E308EC73CF0D44087D05DA8D39C7BE425D30E_analysis-9.csv;user-a;2;43641113;true;6.187839500548797E-5;0.0;Infinity;1;B
user-a_session-29AF06B372FD52129AAB65DA477E308EC73CF0D44087D05DA8D39C7BE425D30E_analysis-9.csv;user-a;2;165810281;true;0.24244621486984852;0.0;Infinity;1;B
user-a_session-29AF06B372FD52129AAB65DA477E308EC73CF0D44087D05DA8D39C7BE425D30E_analysis-9.csv;user-a;2;-1272707994;true;0.307081946980717;0.0;Infinity;1;B
user-a_session-29AF06B372FD52129AAB65DA477E308EC73CF0D44087D05DA8D39C7BE425D30E_analysis-9.csv;user-a;2;-324689141;true;0.31891558821328303;0.0;Infinity;1;B
user-a_session-29AF06B372FD52129AAB65DA477E308EC73CF0D44087D05DA8D39C7BE425D30E_analysis-9.csv;user-a;2;455481627;true;0.19338704088005487;0.0;Infinity;1;B
user-a_session-29AF06B372FD52129AAB65DA477E308EC73CF0D44087D05DA8D39C7BE425D30E_analysis-9.csv;user-a;2;928448180;true;0.307081946980717;0.0;Infinity;1;B
user-a_session-29AF06B372FD52129AAB65DA477E308EC73CF0D44087D05DA8D39C7BE425D30E_analysis-9.csv;user-a;2;-2097888297;true;0.4721491149508854;0.0;Infinity;1;B
user-a_session-29AF06B372FD52129AAB65DA477E308EC73CF0D44087D05DA8D39C7BE425D30E_analysis-9.csv;user-a;2;1491814817;true;0.38067580222232555;0.0;Infinity;1;B
user-a_session-29AF06B372FD52129AAB65DA477E308EC73CF0D44087D05DA8D39C7BE425D30E_analysis-9.csv;user-a;2;641697543;true;0.31891558821328303;0.0;Infinity;1;B
user-a_session-29AF06B372FD52129AAB65DA477E308EC73CF0D44087D05DA8D39C7BE425D30E_analysis-9.csv;user-a;2;-582760702;true;0.24244621486984852;0.0;Infinity;1;B
user-a_session-29AF06B372FD52129AAB65DA477E308EC73CF0D44087D05DA8D39C7BE425D30E_analysis-9.csv;user-a;2;563764339;true;0.27484015650305205;0.0;Infinity;1;B
user-a_session-29AF06B372FD52129AAB65DA477E308EC73CF0D44087D05DA8D39C7BE425D30E_analysis-9.csv;user-a;2;325650431;true;0.307081946980717;0.0;Infinity;1;B
user-a_session-29AF06B372FD52129AAB65DA477E308EC73CF0D44087D05DA8D39C7BE425D30E_analysis-9.csv;user-a;2;-1290636501;true;0.4721491149508854;0.0;Infinity;1;B
user-a_session-29AF06B372FD52129AAB65DA477E308EC73CF0D44087D05DA8D39C7BE425D30E_analysis-9.csv;user-a;2;331032752;true;0.307081946980717;0.0;Infinity;1;B
user-a_session-29AF06B372FD52129AAB65DA477E308EC73CF0D44087D05DA8D39C7BE425D30E_analysis-9.csv;user-a;2;1216725415;true;0.45887275011221274;0.0;Infinity;1;B
user-a_session-29AF06B372FD52129AAB65DA477E308EC73CF0D44087D05DA8D39C7BE425D30E_analysis-9.csv;user-a;2;-1763146448;true;0.307081946980717;0.0;Infinity;1;B
user-a_session-29AF06B372FD52129AAB65DA477E308EC73CF0D44087D05DA8D39C7BE425D30E_analysis-9.csv;user-a;2;1211643465;true;0.33093676704559605;0.0;Infinity;1;B
user-a_session-29AF06B372FD52129AAB65DA477E308EC73CF0D44087D05DA8D39C7BE425D30E_analysis-9.csv;user-a;2;-225612642;true;0.31891558821328303;0.0;Infinity;1;B
user-a_session-29AF06B372FD52129AAB65DA477E308EC73CF0D44087D05DA8D39C7BE425D30E_analysis-9.csv;user-a;2;1571008331;true;0.1509167857319107;0.0;Infinity;1;B
user-a_session-29AF06B372FD52129AAB65DA477E308EC73CF0D44087D05DA8D39C7BE425D30E_analysis-9.csv;user-a;2;2137316957;true;0.33093676704559605;0.0;Infinity;1;B
user-a_session-29AF06B372FD52129AAB65DA477E308EC73CF0D44087D05DA8D39C7BE425D30E_analysis-9.csv;user-a;2;-370014553;true;0.307081946980717;0.0;Infinity;1;B
user-a_session-29AF06B372FD52129AAB65DA477E308EC73CF0D44087D05DA8D39C7BE425D30E_analysis-9.csv;user-a;2;1379735256;true;0.33093676704559605;0.0;Infinity;1;B
user-a_session-29AF06B372FD52129AAB65DA477E308EC73CF0D44087D05DA8D39C7BE425D30E_analysis-9.csv;user-a;2;-231271200;true;0.2638095577823427;0.0;Infinity;1;B
user-a_session-29AF06B372FD52129AAB65DA477E308EC73CF0D44087D05DA8D39C7BE425D30E_analysis-9.csv;user-a;2;-2125793164;true;0.33093676704559605;0.0;Infinity;1;B
user-a_session-29AF06B372FD52129AAB65DA477E308EC73CF0D44087D05DA8D39C7BE425D30E_analysis-9.csv;user-a;2;-71005852;true;0.307081946980717;0.0;Infinity;1;B
user-a_session-29AF06B372FD52129AAB65DA477E308EC73CF0D44087D05DA8D39C7BE425D30E_analysis-9.csv;user-a;2;1202414195;true;0.39346435680858616;0.0;Infinity;1;B
user-a_session-29AF06B372FD52129AAB65DA477E308EC73CF0D44087D05DA8D39C7BE425D30E_analysis-9.csv;user-a;2;136738591;true;0.307081946980717;0.0;Infinity;1;B
user-a_session-29AF06B372FD52129AAB65DA477E308EC73CF0D44087D05DA8D39C7BE425D30E_analysis-9.csv;user-a;2;-1279467873;true;0.31891558821328303;0.0;Infinity;1;B
user-a_session-29AF06B372FD52129AAB65DA477E308EC73CF0D44087D05DA8D39C7BE425D30E_analysis-9.csv;user-a;2;-1360164961;true;0.33093676704559605;0.0;Infinity;1;B
user-a_session-29AF06B372FD52129AAB65DA477E308EC73CF0D44087D05DA8D39C7BE425D30E_analysis-9.csv;user-a;2;-1956573787;true;0.307081946980717;0.0;Infinity;1;B
user-a_session-29AF06B372FD52129AAB65DA477E308EC73CF0D44087D05DA8D39C7BE425D30E_analysis-9.csv;user-a;2;-721863943;true;0.35549859805252226;0.0;Infinity;1;B
user-a_session-29AF06B372FD52129AAB65DA477E308EC73CF0D44087D05DA8D39C7BE425D30E_analysis-9.csv;user-a;2;123684765;true;0.40636889785678554;0.0;Infinity;1;B
user-a_session-29AF06B372FD52129AAB65DA477E308EC73CF0D44087D05DA8D39C7BE425D30E_analysis-9.csv;user-a;2;-306393134;true;0.2638095577823427;0.0;Infinity;1;B
user-a_session-29AF06B372FD52129AAB65DA477E308EC73CF0D44087D05DA8D39C7BE425D30E_analysis-9.csv;user-a;2;1464524979;true;0.307081946980717;0.0;Infinity;1;B
user-a_session-29AF06B372FD52129AAB65DA477E308EC73CF0D44087D05DA8D39C7BE425D30E_analysis-9.csv;user-a;2;-1235704166;true;0.4878949337035118;0.0;Infinity;1;B
user-a_session-29AF06B372FD52129AAB65DA477E308EC73CF0D44087D05DA8D39C7BE425D30E_analysis-9.csv;user-a;2;-2124656840;true;0.33093676704559605;0.0;Infinity;1;B
user-a_session-29AF06B372FD52129AAB65DA477E308EC73CF0D44087D05DA8D39C7BE425D30E_analysis-9.csv;user-a;2;-611056766;true;0.4087428922036098;0.0;Infinity;1;B
user-a_session-29AF06B372FD52129AAB65DA477E308EC73CF0D44087D05DA8D39C7BE425D30E_analysis-9.csv;user-a;2;-1486186436;true;0.05475482382164332;0.0;Infinity;1;B
user-a_session-29AF06B372FD52129AAB65DA477E308EC73CF0D44087D05DA8D39C7BE425D30E_analysis-9.csv;user-a;2;-976832499;true;0.307081946980717;0.0;Infinity;1;B
user-a_session-29AF06B372FD52129AAB65DA477E308EC73CF0D44087D05DA8D39C7BE425D30E_analysis-9.csv;user-a;2;297580765;true;0.31891558821328303;0.0;Infinity;1;B
user-a_session-29AF06B372FD52129AAB65DA477E308EC73CF0D44087D05DA8D39C7BE425D30E_analysis-9.csv;user-a;2;1815650096;true;0.33093676704559605;0.0;Infinity;1;B
user-a_session-29AF06B372FD52129AAB65DA477E308EC73CF0D44087D05DA8D39C7BE425D30E_analysis-9.csv;user-a;2;1543325483;true;0.31891558821328303;0.0;Infinity;1;B
user-a_session-29AF06B372FD52129AAB65DA477E308EC73CF0D44087D05DA8D39C7BE425D30E_analysis-9.csv;user-a;2;-999534488;true;0.33093676704559605;0.0;Infinity;1;B
user-a_session-29AF06B372FD52129AAB65DA477E308EC73CF0D44087D05DA8D39C7BE425D30E_analysis-9.csv;user-a;2;1479225247;true;0.33093676704559605;0.0;Infinity;1;B
user-a_session-29AF06B372FD52129AAB65DA477E308EC73CF0D44087D05DA8D39C7BE425D30E_analysis-9.csv;user-a;2;-390715130;true;0.4217672323423871;0.0;Infinity;1;B
user-a_session-29AF06B372FD52129AAB65DA477E308EC73CF0D44087D05DA8D39C7BE425D30E_analysis-9.csv;user-a;2;-749595774;true;0.35549859805252226;0.0;Infinity;1;B
user-a_session-29AF06B372FD52129AAB65DA477E308EC73CF0D44087D05DA8D39C7BE425D30E_analysis-9.csv;user-a;2;-2008251434;true;0.18435622016701303;0.0;Infinity;1;B
user-a_session-29AF06B372FD52129AAB65DA477E308EC73CF0D44087D05DA8D39C7BE425D30E_analysis-9.csv;user-a;2;1683036957;true;0.307081946980717;0.0;Infinity;1;B
user-a_session-29AF06B372FD52129AAB65DA477E308EC73CF0D44087D05DA8D39C7BE425D30E_analysis-9.csv;user-a;2;-1878551924;true;0.017799341740481478;0.0;Infinity;1;B
user-a_session-29AF06B372FD52129AAB65DA477E308EC73CF0D44087D05DA8D39C7BE425D30E_analysis-9.csv;user-a;2;-1139766486;true;0.1670975199703817;0.0;Infinity;1;B
user-a_session-29AF06B372FD52129AAB65DA477E308EC73CF0D44087D05DA8D39C7BE425D30E_analysis-9.csv;user-a;2;1197461111;true;0.13581422698250312;0.0;Infinity;1;B
user-a_session-29AF06B372FD52129AAB65DA477E308EC73CF0D44087D05DA8D39C7BE425D30E_analysis-9.csv;user-a;2;1022029464;true;0.45887275011221274;0.0;Infinity;1;B
user-a_session-29AF06B372FD52129AAB65DA477E308EC73CF0D44087D05DA8D39C7BE425D30E_analysis-9.csv;user-a;2;671591892;true;0.307081946980717;0.0;Infinity;1;B
user-a_session-29AF06B372FD52129AAB65DA477E308EC73CF0D44087D05DA8D39C7BE425D30E_analysis-9.csv;user-a;2;662700677;true;0.4721491149508854;0.0;Infinity;1;B
user-a_session-29AF06B372FD52129AAB65DA477E308EC73CF0D44087D05DA8D39C7BE425D30E_analysis-9.csv;user-a;2;-2080302985;true;0.307081946980717;0.0;Infinity;1;B
user-a_session-29AF06B372FD52129AAB65DA477E308EC73CF0D44087D05DA8D39C7BE425D30E_analysis-9.csv;user-a;2;-2055621326;true;0.307081946980717;0.0;Infinity;1;B
user-a_session-29AF06B372FD52129AAB65DA477E308EC73CF0D44087D05DA8D39C7BE425D30E_analysis-9.csv;user-a;2;2089330803;true;0.307081946980717;0.0;Infinity;1;B
user-a_session-29AF06B372FD52129AAB65DA477E308EC73CF0D44087D05DA8D39C7BE425D30E_analysis-9.csv;user-a;2;2093567413;true;0.45887275011221274;0.0;Infinity;1;B
user-a_session-29AF06B372FD52129AAB65DA477E308EC73CF0D44087D05DA8D39C7BE425D30E_analysis-9.csv;user-a;2;-940933697;true;0.45887275011221274;0.0;Infinity;1;B
user-a_session-29AF06B372FD52129AAB65DA477E308EC73CF0D44087D05DA8D39C7BE425D30E_analysis-9.csv;user-a;2;1761050344;true;0.307081946980717;0.0;Infinity;1;B
user-a_session-29AF06B372FD52129AAB65DA477E308EC73CF0D44087D05DA8D39C7BE425D30E_analysis-9.csv;user-a;2;-1933865307;true;0.36801632514491067;0.0;Infinity;1;B
user-a_session-29AF06B372FD52129AAB65DA477E308EC73CF0D44087D05DA8D39C7BE425D30E_analysis-9.csv;user-a;2;-355825788;true;0.36801632514491067;0.0;Infinity;1;B
user-a_session-29AF06B372FD52129AAB65DA477E308EC73CF0D44087D05DA8D39C7BE425D30E_analysis-9.csv;user-a;2;-1624306132;true;0.005097306737538165;0.0;Infinity;1;B
user-a_session-29AF06B372FD52129AAB65DA477E308EC73CF0D44087D05DA8D39C7BE425D30E_analysis-9.csv;user-a;2;-318852780;true;0.31891558821328303;0.0;Infinity;1;B
user-a_session-29AF06B372FD52129AAB65DA477E308EC73CF0D44087D05DA8D39C7BE425D30E_analysis-9.csv;user-a;2;1546296196;true;0.3431348371383094;0.0;Infinity;1;B
user-a_session-29AF06B372FD52129AAB65DA477E308EC73CF0D44087D05DA8D39C7BE425D30E_analysis-9.csv;user-a;2;-1044299725;true;0.44806021508562943;0.0;Infinity;1;B
user-a_session-29AF06B372FD52129AAB65DA477E308EC73CF0D44087D05DA8D39C7BE425D30E_analysis-9.csv;user-a;2;1354863114;true;0.39581856521761005;0.0;Infinity;1;B
user-a_session-29AF06B372FD52129AAB65DA477E308EC73CF0D44087D05DA8D39C7BE425D30E_analysis-9.csv;user-a;2;-1850304849;true;0.3431348371383094;0.0;Infinity;1;B
user-a_session-29AF06B372FD52129AAB65DA477E308EC73CF0D44087D05DA8D39C7BE425D30E_analysis-9.csv;user-a;2;600895963;true;0.38067580222232555;0.0;Infinity;1;B
user-a_session-29AF06B372FD52129AAB65DA477E308EC73CF0D44087D05DA8D39C7BE425D30E_analysis-9.csv;user-a;2;136976696;true;0.43247172419301283;0.0;Infinity;1;B
user-a_session-29AF06B372FD52129AAB65DA477E308EC73CF0D44087D05DA8D39C7BE425D30E_analysis-9.csv;user-a;2;-1548415126;true;0.307081946980717;0.0;Infinity;1;B
user-a_session-29AF06B372FD52129AAB65DA477E308EC73CF0D44087D05DA8D39C7BE425D30E_analysis-9.csv;user-a;2;115945459;true;0.43247172419301283;0.0;Infinity;1;B
user-a_session-29AF06B372FD52129AAB65DA477E308EC73CF0D44087D05DA8D39C7BE425D30E_analysis-9.csv;user-a;2;229191030;true;0.29756095450424036;0.0;Infinity;1;B
user-a_session-29AF06B372FD52129AAB65DA477E308EC73CF0D44087D05DA8D39C7BE425D30E_analysis-9.csv;user-a;2;1382697984;true;0.4613003237386033;0.0;Infinity;1;B
user-a_session-29AF06B372FD52129AAB65DA477E308EC73CF0D44087D05DA8D39C7BE425D30E_analysis-9.csv;user-a;2;-1797106773;true;0.36801632514491067;0.0;Infinity;1;B
user-a_session-29AF06B372FD52129AAB65DA477E308EC73CF0D44087D05DA8D39C7BE425D30E_analysis-9.csv;user-a;2;-1465545287;true;0.31891558821328303;0.0;Infinity;1;B
user-a_session-29AF06B372FD52129AAB65DA477E308EC73CF0D44087D05DA8D39C7BE425D30E_analysis-9.csv;user-a;2;-154298714;true;0.43247172419301283;0.0;Infinity;1;B
user-a_session-29AF06B372FD52129AAB65DA477E308EC73CF0D44087D05DA8D39C7BE425D30E_analysis-9.csv;user-a;2;-543877949;true;0.307081946980717;0.0;Infinity;1;B
user-a_session-29AF06B372FD52129AAB65DA477E308EC73CF0D44087D05DA8D39C7BE425D30E_analysis-9.csv;user-a;2;-449261971;true;0.4721491149508854;0.0;Infinity;1;B
user-a_session-29AF06B372FD52129AAB65DA477E308EC73CF0D44087D05DA8D39C7BE425D30E_analysis-9.csv;user-a;2;1433765221;true;0.4456421043631924;0.0;Infinity;1;B
user-a_session-29AF06B372FD52129AAB65DA477E308EC73CF0D44087D05DA8D39C7BE425D30E_analysis-9.csv;user-a;2;-1309135108;true;0.38067580222232555;0.0;Infinity;1;B
user-a_session-29AF06B372FD52129AAB65DA477E308EC73CF0D44087D05DA8D39C7BE425D30E_analysis-9.csv;user-a;2;2137091740;true;0.31891558821328303;0.0;Infinity;1;B
user-a_session-29AF06B372FD52129AAB65DA477E308EC73CF0D44087D05DA8D39C7BE425D30E_analysis-9.csv;user-a;2;991342237;true;0.012705277610477905;0.0;Infinity;1;B
user-a_session-29AF06B372FD52129AAB65DA477E308EC73CF0D44087D05DA8D39C7BE425D30E_analysis-9.csv;user-a;2;-879027442;true;0.4878949337035118;0.0;Infinity;1;B
user-a_session-29AF06B372FD52129AAB65DA477E308EC73CF0D44087D05DA8D39C7BE425D30E_analysis-9.csv;user-a;2;-700387946;true;0.31891558821328303;0.0;Infinity;1;B
user-a_session-29AF06B372FD52129AAB65DA477E308EC73CF0D44087D05DA8D39C7BE425D30E_analysis-9.csv;user-a;2;-511898343;true;0.28609339182404947;0.0;Infinity;1;B
user-a_session-29AF06B372FD52129AAB65DA477E308EC73CF0D44087D05DA8D39C7BE425D30E_analysis-9.csv;user-a;2;210776089;true;0.43247172419301283;0.0;Infinity;1;B
user-a_session-29AF06B372FD52129AAB65DA477E308EC73CF0D44087D05DA8D39C7BE425D30E_analysis-9.csv;user-a;2;-2043386765;true;0.3453862723100982;0.0;Infinity;1;B
user-a_session-29AF06B372FD52129AAB65DA477E308EC73CF0D44087D05DA8D39C7BE425D30E_analysis-9.csv;user-a;2;241109918;true;0.4878949337035118;0.0;Infinity;1;B
user-a_session-29AF06B372FD52129AAB65DA477E308EC73CF0D44087D05DA8D39C7BE425D30E_analysis-9.csv;user-a;2;1180244842;true;0.33093676704559605;0.0;Infinity;1;B
user-a_session-29AF06B372FD52129AAB65DA477E308EC73CF0D44087D05DA8D39C7BE425D30E_analysis-9.csv;user-a;2;466110131;true;0.33093676704559605;0.0;Infinity;1;B
user-a_session-29AF06B372FD52129AAB65DA477E308EC73CF0D44087D05DA8D39C7BE425D30E_analysis-9.csv;user-a;2;-1960544109;true;0.36801632514491067;0.0;Infinity;1;B
user-a_session-29AF06B372FD52129AAB65DA477E308EC73CF0D44087D05DA8D39C7BE425D30E_analysis-9.csv;user-a;2;1342649821;true;0.31891558821328303;0.0;Infinity;1;B
user-a_session-29AF06B372FD52129AAB65DA477E308EC73CF0D44087D05DA8D39C7BE425D30E_analysis-9.csv;user-a;2;-350428692;true;0.33093676704559605;0.0;Infinity;1;B
user-a_session-29AF06B372FD52129AAB65DA477E308EC73CF0D44087D05DA8D39C7BE425D30E_analysis-9.csv;user-a;2;46974064;true;0.36801632514491067;0.0;Infinity;1;B
user-a_session-29AF06B372FD52129AAB65DA477E308EC73CF0D44087D05DA8D39C7BE425D30E_analysis-9.csv;user-a;2;-1061881175;true;0.3431348371383094;0.0;Infinity;1;B
user-a_session-29AF06B372FD52129AAB65DA477E308EC73CF0D44087D05DA8D39C7BE425D30E_analysis-9.csv;user-a;2;-1063574974;true;0.36801632514491067;0.0;Infinity;1;B
user-a_session-29AF06B372FD52129AAB65DA477E308EC73CF0D44087D05DA8D39C7BE425D30E_analysis-9.csv;user-a;2;389578741;true;0.39581856521761005;0.0;Infinity;1;B
user-a_session-29AF06B372FD52129AAB65DA477E308EC73CF0D44087D05DA8D39C7BE425D30E_analysis-9.csv;user-a;2;1137997522;true;0.307081946980717;0.0;Infinity;1;B
user-a_session-29AF06B372FD52129AAB65DA477E308EC73CF0D44087D05DA8D39C7BE425D30E_analysis-9.csv;user-a;2;-234349277;true;0.307081946980717;0.0;Infinity;1;B
user-a_session-29AF06B372FD52129AAB65DA477E308EC73CF0D44087D05DA8D39C7BE425D30E_analysis-9.csv;user-a;2;-235423646;true;0.307081946980717;0.0;Infinity;1;B
user-a_session-29AF06B372FD52129AAB65DA477E308EC73CF0D44087D05DA8D39C7BE425D30E_analysis-9.csv;user-a;2;153918816;true;0.33093676704559605;0.0;Infinity;1;B
user-a_session-29AF06B372FD52129AAB65DA477E308EC73CF0D44087D05DA8D39C7BE425D30E_analysis-9.csv;user-a;2;174170937;true;0.43247172419301283;0.0;Infinity;1;B
user-a_session-29AF06B372FD52129AAB65DA477E308EC73CF0D44087D05DA8D39C7BE425D30E_analysis-9.csv;user-a;2;-599225279;true;0.06256524542546205;0.0;Infinity;1;B
user-a_session-29AF06B372FD52129AAB65DA477E308EC73CF0D44087D05DA8D39C7BE425D30E_analysis-9.csv;user-a;2;-1415956097;true;0.33093676704559605;0.0;Infinity;1;B
user-a_session-29AF06B372FD52129AAB65DA477E308EC73CF0D44087D05DA8D39C7BE425D30E_analysis-9.csv;user-a;2;2142803910;true;0.307081946980717;0.0;Infinity;1;B
user-a_session-29AF06B372FD52129AAB65DA477E308EC73CF0D44087D05DA8D39C7BE425D30E_analysis-9.csv;user-a;2;276825113;true;0.31891558821328303;0.0;Infinity;1;B
user-a_session-29AF06B372FD52129AAB65DA477E308EC73CF0D44087D05DA8D39C7BE425D30E_analysis-9.csv;user-a;2;517660370;true;0.36801632514491067;0.0;Infinity;1;B
user-a_session-29AF06B372FD52129AAB65DA477E308EC73CF0D44087D05DA8D39C7BE425D30E_analysis-9.csv;user-a;2;-2086944080;true;0.307081946980717;0.0;Infinity;1;B
user-a_session-29AF06B372FD52129AAB65DA477E308EC73CF0D44087D05DA8D39C7BE425D30E_analysis-9.csv;user-a;2;1148092158;true;0.33093676704559605;0.0;Infinity;1;B
user-a_session-29AF06B372FD52129AAB65DA477E308EC73CF0D44087D05DA8D39C7BE425D30E_analysis-9.csv;user-a;2;577285887;true;0.4613003237386033;0.0;Infinity;1;B
user-a_session-29AF06B372FD52129AAB65DA477E308EC73CF0D44087D05DA8D39C7BE425D30E_analysis-9.csv;user-a;2;-562749336;true;0.1509167857319107;0.0;Infinity;1;B
user-a_session-29AF06B372FD52129AAB65DA477E308EC73CF0D44087D05DA8D39C7BE425D30E_analysis-9.csv;user-a;2;349277726;true;0.3431348371383094;0.0;Infinity;1;B
user-a_session-29AF06B372FD52129AAB65DA477E308EC73CF0D44087D05DA8D39C7BE425D30E_analysis-9.csv;user-a;2;602423146;true;0.307081946980717;0.0;Infinity;1;B
user-a_session-29AF06B372FD52129AAB65DA477E308EC73CF0D44087D05DA8D39C7BE425D30E_analysis-9.csv;user-a;2;345697847;true;0.307081946980717;0.0;Infinity;1;B
user-a_session-29AF06B372FD52129AAB65DA477E308EC73CF0D44087D05DA8D39C7BE425D30E_analysis-9.csv;user-a;2;-1602664263;true;0.35549859805252226;0.0;Infinity;1;B
user-a_session-29AF06B372FD52129AAB65DA477E308EC73CF0D44087D05DA8D39C7BE425D30E_analysis-9.csv;user-a;2;1580154090;true;0.38300778584625017;0.0;Infinity;1;B
user-a_session-29AF06B372FD52129AAB65DA477E308EC73CF0D44087D05DA8D39C7BE425D30E_analysis-9.csv;user-a;2;-997142778;true;0.307081946980717;0.0;Infinity;1;B
user-a_session-29AF06B372FD52129AAB65DA477E308EC73CF0D44087D05DA8D39C7BE425D30E_analysis-9.csv;user-a;2;-1949599571;true;0.028647760563436764;0.0;Infinity;1;B
user-a_session-29AF06B372FD52129AAB65DA477E308EC73CF0D44087D05DA8D39C7BE425D30E_analysis-9.csv;user-a;2;-1888421767;true;0.3211026391459675;0.0;Infinity;1;B
user-a_session-29AF06B372FD52129AAB65DA477E308EC73CF0D44087D05DA8D39C7BE425D30E_analysis-9.csv;user-a;2;1821090214;true;0.4878949337035118;0.0;Infinity;1;B
user-a_session-29AF06B372FD52129AAB65DA477E308EC73CF0D44087D05DA8D39C7BE425D30E_analysis-9.csv;user-a;2;2136786125;true;0.31891558821328303;0.0;Infinity;1;B
user-a_session-29AF06B372FD52129AAB65DA477E308EC73CF0D44087D05DA8D39C7BE425D30E_analysis-9.csv;user-a;2;-27217625;true;0.307081946980717;0.0;Infinity;1;B
user-a_session-29AF06B372FD52129AAB65DA477E308EC73CF0D44087D05DA8D39C7BE425D30E_analysis-9.csv;user-a;2;1988407122;true;0.3431348371383094;0.0;Infinity;1;B
user-a_session-29AF06B372FD52129AAB65DA477E308EC73CF0D44087D05DA8D39C7BE425D30E_analysis-9.csv;user-a;2;-65315435;true;0.33093676704559605;0.0;Infinity;1;B
user-a_session-29AF06B372FD52129AAB65DA477E308EC73CF0D44087D05DA8D39C7BE425D30E_analysis-9.csv;user-a;2;1074587680;true;0.25300924885707055;0.0;Infinity;1;B
user-a_session-29AF06B372FD52129AAB65DA477E308EC73CF0D44087D05DA8D39C7BE425D30E_analysis-9.csv;user-a;2;-1468875463;true;0.4878949337035118;0.0;Infinity;1;B
user-a_session-29AF06B372FD52129AAB65DA477E308EC73CF0D44087D05DA8D39C7BE425D30E_analysis-9.csv;user-a;2;-1002487165;true;0.11515973719571271;0.0;Infinity;1;B
user-a_session-29AF06B372FD52129AAB65DA477E308EC73CF0D44087D05DA8D39C7BE425D30E_analysis-9.csv;user-a;2;1091664603;true;0.307081946980717;0.0;Infinity;1;B
user-a_session-29AF06B372FD52129AAB65DA477E308EC73CF0D44087D05DA8D39C7BE425D30E_analysis-9.csv;user-a;3;232554660;true;0.27821639986608093;0.0;Infinity;1;B
user-a_session-29AF06B372FD52129AAB65DA477E308EC73CF0D44087D05DA8D39C7BE425D30E_analysis-9.csv;user-a;3;575527922;true;0.2753010465157101;0.0;Infinity;1;B
user-a_session-29AF06B372FD52129AAB65DA477E308EC73CF0D44087D05DA8D39C7BE425D30E_analysis-9.csv;user-a;3;1579065634;true;0.43518196465048764;0.0;Infinity;1;B
user-a_session-29AF06B372FD52129AAB65DA477E308EC73CF0D44087D05DA8D39C7BE425D30E_analysis-9.csv;user-a;3;-494082159;true;0.33226698536548216;0.0;Infinity;1;B
user-a_session-29AF06B372FD52129AAB65DA477E308EC73CF0D44087D05DA8D39C7BE425D30E_analysis-9.csv;user-a;3;839512970;true;0.42905428506973575;0.0;Infinity;1;B
user-a_session-29AF06B372FD52129AAB65DA477E308EC73CF0D44087D05DA8D39C7BE425D30E_analysis-9.csv;user-a;3;-428233176;true;0.014859683181902228;0.0;Infinity;1;B
user-a_session-29AF06B372FD52129AAB65DA477E308EC73CF0D44087D05DA8D39C7BE425D30E_analysis-9.csv;user-a;3;1907845084;true;0.2840918783088002;0.0;Infinity;1;B
user-a_session-29AF06B372FD52129AAB65DA477E308EC73CF0D44087D05DA8D39C7BE425D30E_analysis-9.csv;user-a;4;-1310832208;true;0.27572575873261773;0.0;Infinity;1;B
user-a_session-29AF06B372FD52129AAB65DA477E308EC73CF0D44087D05DA8D39C7BE425D30E_analysis-9.csv;user-a;4;-1971620044;true;0.012851570944223623;0.0;Infinity;1;B
user-a_session-29AF06B372FD52129AAB65DA477E308EC73CF0D44087D05DA8D39C7BE425D30E_analysis-9.csv;user-a;4;364458216;true;0.2689710916882678;0.0;Infinity;1;B
user-a_session-29AF06B372FD52129AAB65DA477E308EC73CF0D44087D05DA8D39C7BE425D30E_analysis-9.csv;user-a;4;35678766;true;0.3430588465553597;0.0;Infinity;1;B
user-a_session-29AF06B372FD52129AAB65DA477E308EC73CF0D44087D05DA8D39C7BE425D30E_analysis-9.csv;user-a;4;-703873898;true;0.425233065656224;0.0;Infinity;1;B
user-a_session-29AF06B372FD52129AAB65DA477E308EC73CF0D44087D05DA8D39C7BE425D30E_analysis-9.csv;user-a;4;-967858946;true;0.41964053248056277;0.0;Infinity;1;B
user-a_session-29AF06B372FD52129AAB65DA477E308EC73CF0D44087D05DA8D39C7BE425D30E_analysis-9.csv;user-a;4;-2037469027;true;0.41150025856057004;0.0;Infinity;1;B
