session ;user;query position;cell hashcode;novelty;outlierness;relevance;surprise;query label;session label
user-I051911_session-547BFC0A9BECA12855B0C21A1D028732A75106E4BFAC87C9590A6616878B5C90_analysis-7.csv;user-I051911;1;1938791358;true;0.2055088114998136;0.0;Infinity;1;C
user-I051911_session-547BFC0A9BECA12855B0C21A1D028732A75106E4BFAC87C9590A6616878B5C90_analysis-7.csv;user-I051911;1;120265338;true;0.4670937394272473;0.0;Infinity;1;C
user-I051911_session-547BFC0A9BECA12855B0C21A1D028732A75106E4BFAC87C9590A6616878B5C90_analysis-7.csv;user-I051911;1;1940783047;true;0.4636460503879064;0.0;Infinity;1;C
user-I051911_session-547BFC0A9BECA12855B0C21A1D028732A75106E4BFAC87C9590A6616878B5C90_analysis-7.csv;user-I051911;1;2002975532;true;0.08253840613787233;0.0;Infinity;1;C
user-I051911_session-547BFC0A9BECA12855B0C21A1D028732A75106E4BFAC87C9590A6616878B5C90_analysis-7.csv;user-I051911;1;288336865;true;0.20679899611851882;0.0;Infinity;1;C
user-I051911_session-547BFC0A9BECA12855B0C21A1D028732A75106E4BFAC87C9590A6616878B5C90_analysis-7.csv;user-I051911;1;2022258518;true;0.08725245272106297;0.0;Infinity;1;C
user-I051911_session-547BFC0A9BECA12855B0C21A1D028732A75106E4BFAC87C9590A6616878B5C90_analysis-7.csv;user-I051911;1;2007775792;true;0.17552473580092998;0.0;Infinity;1;C
user-I051911_session-547BFC0A9BECA12855B0C21A1D028732A75106E4BFAC87C9590A6616878B5C90_analysis-7.csv;user-I051911;2;-277026724;true;NaN;0.0;Infinity;1;C
user-I051911_session-547BFC0A9BECA12855B0C21A1D028732A75106E4BFAC87C9590A6616878B5C90_analysis-7.csv;user-I051911;3;-1120503911;true;0.43952341203613765;0.0;Infinity;1;C
user-I051911_session-547BFC0A9BECA12855B0C21A1D028732A75106E4BFAC87C9590A6616878B5C90_analysis-7.csv;user-I051911;3;-943318421;true;0.48311986710576327;0.0;Infinity;1;C
user-I051911_session-547BFC0A9BECA12855B0C21A1D028732A75106E4BFAC87C9590A6616878B5C90_analysis-7.csv;user-I051911;3;-728483002;true;0.08035345583627318;0.0;Infinity;1;C
user-I051911_session-547BFC0A9BECA12855B0C21A1D028732A75106E4BFAC87C9590A6616878B5C90_analysis-7.csv;user-I051911;3;-1666786583;true;0.05765444481190585;0.0;Infinity;1;C
user-I051911_session-547BFC0A9BECA12855B0C21A1D028732A75106E4BFAC87C9590A6616878B5C90_analysis-7.csv;user-I051911;3;-1627985141;true;0.20963376768549913;0.0;Infinity;1;C
user-I051911_session-547BFC0A9BECA12855B0C21A1D028732A75106E4BFAC87C9590A6616878B5C90_analysis-7.csv;user-I051911;3;-481075126;true;0.46830592380137503;0.0;Infinity;1;C
user-I051911_session-547BFC0A9BECA12855B0C21A1D028732A75106E4BFAC87C9590A6616878B5C90_analysis-7.csv;user-I051911;3;1781502284;true;0.03306882028816083;0.0;Infinity;1;C
user-I051911_session-547BFC0A9BECA12855B0C21A1D028732A75106E4BFAC87C9590A6616878B5C90_analysis-7.csv;user-I051911;3;-1464537009;true;0.19789319248878956;0.0;Infinity;1;C
user-I051911_session-547BFC0A9BECA12855B0C21A1D028732A75106E4BFAC87C9590A6616878B5C90_analysis-7.csv;user-I051911;3;-78583711;true;0.1482657140564656;0.0;Infinity;1;C
user-I051911_session-547BFC0A9BECA12855B0C21A1D028732A75106E4BFAC87C9590A6616878B5C90_analysis-7.csv;user-I051911;3;-1927930493;true;0.22050112684110224;0.0;Infinity;1;C
user-I051911_session-547BFC0A9BECA12855B0C21A1D028732A75106E4BFAC87C9590A6616878B5C90_analysis-7.csv;user-I051911;3;605351513;true;0.31086623204058905;0.0;Infinity;1;C
user-I051911_session-547BFC0A9BECA12855B0C21A1D028732A75106E4BFAC87C9590A6616878B5C90_analysis-7.csv;user-I051911;3;396611947;true;0.3807457483759261;0.0;Infinity;1;C
user-I051911_session-547BFC0A9BECA12855B0C21A1D028732A75106E4BFAC87C9590A6616878B5C90_analysis-7.csv;user-I051911;3;496368243;true;0.19284914520095364;0.0;Infinity;1;C
user-I051911_session-547BFC0A9BECA12855B0C21A1D028732A75106E4BFAC87C9590A6616878B5C90_analysis-7.csv;user-I051911;4;-1120503911;true;0.43952341203613765;0.0;Infinity;1;C
user-I051911_session-547BFC0A9BECA12855B0C21A1D028732A75106E4BFAC87C9590A6616878B5C90_analysis-7.csv;user-I051911;4;-943318421;true;0.48311986710576327;0.0;Infinity;1;C
user-I051911_session-547BFC0A9BECA12855B0C21A1D028732A75106E4BFAC87C9590A6616878B5C90_analysis-7.csv;user-I051911;4;-728483002;true;0.08035345583627318;0.0;Infinity;1;C
user-I051911_session-547BFC0A9BECA12855B0C21A1D028732A75106E4BFAC87C9590A6616878B5C90_analysis-7.csv;user-I051911;4;-1666786583;true;0.05765444481190585;0.0;Infinity;1;C
user-I051911_session-547BFC0A9BECA12855B0C21A1D028732A75106E4BFAC87C9590A6616878B5C90_analysis-7.csv;user-I051911;4;-1627985141;true;0.20963376768549913;0.0;Infinity;1;C
user-I051911_session-547BFC0A9BECA12855B0C21A1D028732A75106E4BFAC87C9590A6616878B5C90_analysis-7.csv;user-I051911;4;-481075126;true;0.46830592380137503;0.0;Infinity;1;C
user-I051911_session-547BFC0A9BECA12855B0C21A1D028732A75106E4BFAC87C9590A6616878B5C90_analysis-7.csv;user-I051911;4;1781502284;true;0.03306882028816083;0.0;Infinity;1;C
user-I051911_session-547BFC0A9BECA12855B0C21A1D028732A75106E4BFAC87C9590A6616878B5C90_analysis-7.csv;user-I051911;4;-1464537009;true;0.19789319248878956;0.0;Infinity;1;C
user-I051911_session-547BFC0A9BECA12855B0C21A1D028732A75106E4BFAC87C9590A6616878B5C90_analysis-7.csv;user-I051911;4;-78583711;true;0.1482657140564656;0.0;Infinity;1;C
user-I051911_session-547BFC0A9BECA12855B0C21A1D028732A75106E4BFAC87C9590A6616878B5C90_analysis-7.csv;user-I051911;4;-1927930493;true;0.22050112684110224;0.0;Infinity;1;C
user-I051911_session-547BFC0A9BECA12855B0C21A1D028732A75106E4BFAC87C9590A6616878B5C90_analysis-7.csv;user-I051911;4;605351513;true;0.31086623204058905;0.0;Infinity;1;C
user-I051911_session-547BFC0A9BECA12855B0C21A1D028732A75106E4BFAC87C9590A6616878B5C90_analysis-7.csv;user-I051911;4;396611947;true;0.3807457483759261;0.0;Infinity;1;C
user-I051911_session-547BFC0A9BECA12855B0C21A1D028732A75106E4BFAC87C9590A6616878B5C90_analysis-7.csv;user-I051911;4;496368243;true;0.19284914520095364;0.0;Infinity;1;C
user-I051911_session-547BFC0A9BECA12855B0C21A1D028732A75106E4BFAC87C9590A6616878B5C90_analysis-7.csv;user-I051911;5;-1378993210;true;NaN;0.0;Infinity;1;C
user-I051911_session-547BFC0A9BECA12855B0C21A1D028732A75106E4BFAC87C9590A6616878B5C90_analysis-7.csv;user-I051911;6;-1378993210;true;NaN;0.0;Infinity;1;C
user-I051911_session-547BFC0A9BECA12855B0C21A1D028732A75106E4BFAC87C9590A6616878B5C90_analysis-7.csv;user-I051911;7;-813629621;true;0.2108986888046196;0.0;Infinity;1;C
user-I051911_session-547BFC0A9BECA12855B0C21A1D028732A75106E4BFAC87C9590A6616878B5C90_analysis-7.csv;user-I051911;7;838816561;true;0.44475551586995854;0.0;Infinity;1;C
user-I051911_session-547BFC0A9BECA12855B0C21A1D028732A75106E4BFAC87C9590A6616878B5C90_analysis-7.csv;user-I051911;7;901009046;true;0.097489725244154;0.0;Infinity;1;C
user-I051911_session-547BFC0A9BECA12855B0C21A1D028732A75106E4BFAC87C9590A6616878B5C90_analysis-7.csv;user-I051911;7;920292032;true;0.07315893233729076;0.0;Infinity;1;C
user-I051911_session-547BFC0A9BECA12855B0C21A1D028732A75106E4BFAC87C9590A6616878B5C90_analysis-7.csv;user-I051911;7;-981701148;true;0.4779830331022912;0.0;Infinity;1;C
user-I051911_session-547BFC0A9BECA12855B0C21A1D028732A75106E4BFAC87C9590A6616878B5C90_analysis-7.csv;user-I051911;7;905809306;true;0.17274832975348564;0.0;Infinity;1;C
user-I051911_session-547BFC0A9BECA12855B0C21A1D028732A75106E4BFAC87C9590A6616878B5C90_analysis-7.csv;user-I051911;7;836824872;true;0.20959045157098288;0.0;Infinity;1;C
