session ;user;query position;cell hashcode;novelty;outlierness;relevance;surprise;query label;session label
user-I051911_session-547BFC0A9BECA12855B0C21A1D028732A75106E4BFAC87C9590A6616878B5C90_analysis-2.csv;user-I051911;1;-1234309182;true;NaN;2.796941954708026;Infinity;1;B
user-I051911_session-547BFC0A9BECA12855B0C21A1D028732A75106E4BFAC87C9590A6616878B5C90_analysis-2.csv;user-I051911;2;713703908;true;0.34382921415417955;1.0;18.566126794301898;1;B
user-I051911_session-547BFC0A9BECA12855B0C21A1D028732A75106E4BFAC87C9590A6616878B5C90_analysis-2.csv;user-I051911;2;-1777255273;true;0.05168928778252513;0.0;Infinity;1;B
user-I051911_session-547BFC0A9BECA12855B0C21A1D028732A75106E4BFAC87C9590A6616878B5C90_analysis-2.csv;user-I051911;2;-12456300;true;0.233388381924588;0.0;Infinity;1;B
user-I051911_session-547BFC0A9BECA12855B0C21A1D028732A75106E4BFAC87C9590A6616878B5C90_analysis-2.csv;user-I051911;2;1994181913;true;0.20946968448988335;0.0;Infinity;1;B
user-I051911_session-547BFC0A9BECA12855B0C21A1D028732A75106E4BFAC87C9590A6616878B5C90_analysis-2.csv;user-I051911;2;1785505681;true;0.27123137809350195;0.0;Infinity;1;B
user-I051911_session-547BFC0A9BECA12855B0C21A1D028732A75106E4BFAC87C9590A6616878B5C90_analysis-2.csv;user-I051911;2;-2105509081;true;0.22628780227088185;0.0;Infinity;1;B
user-I051911_session-547BFC0A9BECA12855B0C21A1D028732A75106E4BFAC87C9590A6616878B5C90_analysis-2.csv;user-I051911;2;-1836781814;true;0.42401178204390055;0.0;Infinity;1;B
user-I051911_session-547BFC0A9BECA12855B0C21A1D028732A75106E4BFAC87C9590A6616878B5C90_analysis-2.csv;user-I051911;2;694862832;true;0.45886926746195933;0.0;Infinity;1;B
user-I051911_session-547BFC0A9BECA12855B0C21A1D028732A75106E4BFAC87C9590A6616878B5C90_analysis-2.csv;user-I051911;2;-184274024;true;0.4885250256171304;0.0;Infinity;1;B
user-I051911_session-547BFC0A9BECA12855B0C21A1D028732A75106E4BFAC87C9590A6616878B5C90_analysis-2.csv;user-I051911;2;-994625588;true;0.4176045027986851;0.0;Infinity;1;B
user-I051911_session-547BFC0A9BECA12855B0C21A1D028732A75106E4BFAC87C9590A6616878B5C90_analysis-2.csv;user-I051911;2;-385851761;true;0.3320712103538175;0.0;Infinity;1;B
user-I051911_session-547BFC0A9BECA12855B0C21A1D028732A75106E4BFAC87C9590A6616878B5C90_analysis-2.csv;user-I051911;2;1321679162;true;0.3214622077960868;0.0;Infinity;1;B
user-I051911_session-547BFC0A9BECA12855B0C21A1D028732A75106E4BFAC87C9590A6616878B5C90_analysis-2.csv;user-I051911;2;1332352985;true;6.377666055756848E-5;0.0;Infinity;1;B
user-I051911_session-547BFC0A9BECA12855B0C21A1D028732A75106E4BFAC87C9590A6616878B5C90_analysis-2.csv;user-I051911;2;-215351757;true;0.19676139415175042;0.0;Infinity;1;B
user-I051911_session-547BFC0A9BECA12855B0C21A1D028732A75106E4BFAC87C9590A6616878B5C90_analysis-2.csv;user-I051911;2;1794621623;true;0.3919850451884801;1.0;17.2080033101487;1;B
user-I051911_session-547BFC0A9BECA12855B0C21A1D028732A75106E4BFAC87C9590A6616878B5C90_analysis-2.csv;user-I051911;2;-704187941;true;0.3978451671533445;0.0;Infinity;1;B
user-I051911_session-547BFC0A9BECA12855B0C21A1D028732A75106E4BFAC87C9590A6616878B5C90_analysis-2.csv;user-I051911;2;-1280434839;true;0.4847659647777447;0.0;Infinity;1;B
user-I051911_session-547BFC0A9BECA12855B0C21A1D028732A75106E4BFAC87C9590A6616878B5C90_analysis-2.csv;user-I051911;2;-1140272655;true;0.30984005177542673;0.0;Infinity;1;B
user-I051911_session-547BFC0A9BECA12855B0C21A1D028732A75106E4BFAC87C9590A6616878B5C90_analysis-2.csv;user-I051911;2;1788644531;true;0.33564488922600666;0.0;Infinity;1;B
user-I051911_session-547BFC0A9BECA12855B0C21A1D028732A75106E4BFAC87C9590A6616878B5C90_analysis-2.csv;user-I051911;2;-468110519;true;0.3515253405748132;0.0;Infinity;1;B
user-I051911_session-547BFC0A9BECA12855B0C21A1D028732A75106E4BFAC87C9590A6616878B5C90_analysis-2.csv;user-I051911;2;-2110729901;true;0.2935127545275802;0.0;Infinity;1;B
user-I051911_session-547BFC0A9BECA12855B0C21A1D028732A75106E4BFAC87C9590A6616878B5C90_analysis-2.csv;user-I051911;2;1284808481;true;0.44335850321970627;0.0;Infinity;1;B
user-I051911_session-547BFC0A9BECA12855B0C21A1D028732A75106E4BFAC87C9590A6616878B5C90_analysis-2.csv;user-I051911;2;636752712;true;0.31718041924576323;0.0;Infinity;1;B
user-I051911_session-547BFC0A9BECA12855B0C21A1D028732A75106E4BFAC87C9590A6616878B5C90_analysis-2.csv;user-I051911;2;-1562849725;true;0.4305821327134609;0.0;Infinity;1;B
user-I051911_session-547BFC0A9BECA12855B0C21A1D028732A75106E4BFAC87C9590A6616878B5C90_analysis-2.csv;user-I051911;2;-1751819259;true;0.4121004285846963;0.0;Infinity;1;B
user-I051911_session-547BFC0A9BECA12855B0C21A1D028732A75106E4BFAC87C9590A6616878B5C90_analysis-2.csv;user-I051911;2;1491207772;true;0.3070147832264547;0.0;Infinity;1;B
user-I051911_session-547BFC0A9BECA12855B0C21A1D028732A75106E4BFAC87C9590A6616878B5C90_analysis-2.csv;user-I051911;2;-64028196;true;0.26910359530853123;0.0;Infinity;1;B
user-I051911_session-547BFC0A9BECA12855B0C21A1D028732A75106E4BFAC87C9590A6616878B5C90_analysis-2.csv;user-I051911;2;-569323012;true;0.4343399628930311;0.0;Infinity;1;B
user-I051911_session-547BFC0A9BECA12855B0C21A1D028732A75106E4BFAC87C9590A6616878B5C90_analysis-2.csv;user-I051911;2;429723205;true;0.3675075590236977;0.0;Infinity;1;B
user-I051911_session-547BFC0A9BECA12855B0C21A1D028732A75106E4BFAC87C9590A6616878B5C90_analysis-2.csv;user-I051911;2;2006979230;true;0.026831677931314468;0.0;Infinity;1;B
user-I051911_session-547BFC0A9BECA12855B0C21A1D028732A75106E4BFAC87C9590A6616878B5C90_analysis-2.csv;user-I051911;2;22646620;true;0.2711545410789693;0.0;Infinity;1;B
user-I051911_session-547BFC0A9BECA12855B0C21A1D028732A75106E4BFAC87C9590A6616878B5C90_analysis-2.csv;user-I051911;2;-1654729013;true;0.29781333686563227;0.0;Infinity;1;B
user-I051911_session-547BFC0A9BECA12855B0C21A1D028732A75106E4BFAC87C9590A6616878B5C90_analysis-2.csv;user-I051911;2;1778076817;true;0.4367466291731611;0.0;Infinity;1;B
user-I051911_session-547BFC0A9BECA12855B0C21A1D028732A75106E4BFAC87C9590A6616878B5C90_analysis-2.csv;user-I051911;2;122011993;true;0.4988386493663439;0.0;Infinity;1;B
user-I051911_session-547BFC0A9BECA12855B0C21A1D028732A75106E4BFAC87C9590A6616878B5C90_analysis-2.csv;user-I051911;2;1551017098;true;0.31563874607865905;0.0;Infinity;1;B
user-I051911_session-547BFC0A9BECA12855B0C21A1D028732A75106E4BFAC87C9590A6616878B5C90_analysis-2.csv;user-I051911;2;1716647775;true;0.34922222096988464;0.0;Infinity;1;B
user-I051911_session-547BFC0A9BECA12855B0C21A1D028732A75106E4BFAC87C9590A6616878B5C90_analysis-2.csv;user-I051911;2;-1236831017;true;0.36023497907128565;0.0;Infinity;1;B
user-I051911_session-547BFC0A9BECA12855B0C21A1D028732A75106E4BFAC87C9590A6616878B5C90_analysis-2.csv;user-I051911;2;-547082044;true;8.574193238863881E-4;0.0;Infinity;1;B
user-I051911_session-547BFC0A9BECA12855B0C21A1D028732A75106E4BFAC87C9590A6616878B5C90_analysis-2.csv;user-I051911;2;-279031837;true;0.006520066433074234;0.0;Infinity;1;B
user-I051911_session-547BFC0A9BECA12855B0C21A1D028732A75106E4BFAC87C9590A6616878B5C90_analysis-2.csv;user-I051911;2;694984879;true;0.1985813277877364;0.0;Infinity;1;B
user-I051911_session-547BFC0A9BECA12855B0C21A1D028732A75106E4BFAC87C9590A6616878B5C90_analysis-2.csv;user-I051911;2;349687824;true;0.31097725010411426;0.0;Infinity;1;B
user-I051911_session-547BFC0A9BECA12855B0C21A1D028732A75106E4BFAC87C9590A6616878B5C90_analysis-2.csv;user-I051911;2;785637758;true;0.20496140765473692;0.0;Infinity;1;B
user-I051911_session-547BFC0A9BECA12855B0C21A1D028732A75106E4BFAC87C9590A6616878B5C90_analysis-2.csv;user-I051911;2;753403996;true;0.2803985459406273;0.0;Infinity;1;B
user-I051911_session-547BFC0A9BECA12855B0C21A1D028732A75106E4BFAC87C9590A6616878B5C90_analysis-2.csv;user-I051911;2;-270102225;true;0.2977517925658367;0.0;Infinity;1;B
user-I051911_session-547BFC0A9BECA12855B0C21A1D028732A75106E4BFAC87C9590A6616878B5C90_analysis-2.csv;user-I051911;2;2085438327;true;0.26715943177166745;0.0;Infinity;1;B
user-I051911_session-547BFC0A9BECA12855B0C21A1D028732A75106E4BFAC87C9590A6616878B5C90_analysis-2.csv;user-I051911;2;461925059;true;0.3816857995006968;0.0;Infinity;1;B
user-I051911_session-547BFC0A9BECA12855B0C21A1D028732A75106E4BFAC87C9590A6616878B5C90_analysis-2.csv;user-I051911;2;1784024051;true;0.2537644231177857;0.0;Infinity;1;B
user-I051911_session-547BFC0A9BECA12855B0C21A1D028732A75106E4BFAC87C9590A6616878B5C90_analysis-2.csv;user-I051911;2;-1768720540;true;0.334149686745715;0.0;Infinity;1;B
user-I051911_session-547BFC0A9BECA12855B0C21A1D028732A75106E4BFAC87C9590A6616878B5C90_analysis-2.csv;user-I051911;2;1143141173;true;0.2589350927010655;0.0;Infinity;1;B
user-I051911_session-547BFC0A9BECA12855B0C21A1D028732A75106E4BFAC87C9590A6616878B5C90_analysis-2.csv;user-I051911;2;-1786424980;true;0.2644905691099182;0.0;Infinity;1;B
user-I051911_session-547BFC0A9BECA12855B0C21A1D028732A75106E4BFAC87C9590A6616878B5C90_analysis-2.csv;user-I051911;2;-327197529;true;0.2842769004343859;0.0;Infinity;1;B
user-I051911_session-547BFC0A9BECA12855B0C21A1D028732A75106E4BFAC87C9590A6616878B5C90_analysis-2.csv;user-I051911;2;-992009567;true;0.4579221125143794;0.0;Infinity;1;B
user-I051911_session-547BFC0A9BECA12855B0C21A1D028732A75106E4BFAC87C9590A6616878B5C90_analysis-2.csv;user-I051911;2;-91204326;true;0.34824381524779213;0.0;Infinity;1;B
user-I051911_session-547BFC0A9BECA12855B0C21A1D028732A75106E4BFAC87C9590A6616878B5C90_analysis-2.csv;user-I051911;2;85975697;true;0.1800910012257637;0.0;Infinity;1;B
user-I051911_session-547BFC0A9BECA12855B0C21A1D028732A75106E4BFAC87C9590A6616878B5C90_analysis-2.csv;user-I051911;2;-1134541790;true;0.23101939861072318;0.0;Infinity;1;B
user-I051911_session-547BFC0A9BECA12855B0C21A1D028732A75106E4BFAC87C9590A6616878B5C90_analysis-2.csv;user-I051911;2;-241332820;true;0.2794539321106203;0.0;Infinity;1;B
user-I051911_session-547BFC0A9BECA12855B0C21A1D028732A75106E4BFAC87C9590A6616878B5C90_analysis-2.csv;user-I051911;2;-121248919;true;0.2220811331740853;0.0;Infinity;1;B
user-I051911_session-547BFC0A9BECA12855B0C21A1D028732A75106E4BFAC87C9590A6616878B5C90_analysis-2.csv;user-I051911;2;318541166;true;0.4952822655774356;0.0;Infinity;1;B
user-I051911_session-547BFC0A9BECA12855B0C21A1D028732A75106E4BFAC87C9590A6616878B5C90_analysis-2.csv;user-I051911;2;-107442232;true;0.33836722333538694;0.0;Infinity;1;B
user-I051911_session-547BFC0A9BECA12855B0C21A1D028732A75106E4BFAC87C9590A6616878B5C90_analysis-2.csv;user-I051911;2;1930677419;true;0.19315331305743066;0.0;Infinity;1;B
user-I051911_session-547BFC0A9BECA12855B0C21A1D028732A75106E4BFAC87C9590A6616878B5C90_analysis-2.csv;user-I051911;2;-439370853;true;0.002028760747172287;0.0;Infinity;1;B
user-I051911_session-547BFC0A9BECA12855B0C21A1D028732A75106E4BFAC87C9590A6616878B5C90_analysis-2.csv;user-I051911;3;713703908;true;0.34382921415417955;1.0;18.566126794301898;1;B
user-I051911_session-547BFC0A9BECA12855B0C21A1D028732A75106E4BFAC87C9590A6616878B5C90_analysis-2.csv;user-I051911;3;-1777255273;true;0.05168928778252513;0.0;Infinity;1;B
user-I051911_session-547BFC0A9BECA12855B0C21A1D028732A75106E4BFAC87C9590A6616878B5C90_analysis-2.csv;user-I051911;3;-12456300;true;0.233388381924588;0.0;Infinity;1;B
user-I051911_session-547BFC0A9BECA12855B0C21A1D028732A75106E4BFAC87C9590A6616878B5C90_analysis-2.csv;user-I051911;3;1994181913;true;0.20946968448988335;0.0;Infinity;1;B
user-I051911_session-547BFC0A9BECA12855B0C21A1D028732A75106E4BFAC87C9590A6616878B5C90_analysis-2.csv;user-I051911;3;1785505681;true;0.27123137809350195;0.0;Infinity;1;B
user-I051911_session-547BFC0A9BECA12855B0C21A1D028732A75106E4BFAC87C9590A6616878B5C90_analysis-2.csv;user-I051911;3;-2105509081;true;0.22628780227088185;0.0;Infinity;1;B
user-I051911_session-547BFC0A9BECA12855B0C21A1D028732A75106E4BFAC87C9590A6616878B5C90_analysis-2.csv;user-I051911;3;-1836781814;true;0.42401178204390055;0.0;Infinity;1;B
user-I051911_session-547BFC0A9BECA12855B0C21A1D028732A75106E4BFAC87C9590A6616878B5C90_analysis-2.csv;user-I051911;3;694862832;true;0.45886926746195933;0.0;Infinity;1;B
user-I051911_session-547BFC0A9BECA12855B0C21A1D028732A75106E4BFAC87C9590A6616878B5C90_analysis-2.csv;user-I051911;3;-184274024;true;0.4885250256171304;0.0;Infinity;1;B
user-I051911_session-547BFC0A9BECA12855B0C21A1D028732A75106E4BFAC87C9590A6616878B5C90_analysis-2.csv;user-I051911;3;-994625588;true;0.4176045027986851;0.0;Infinity;1;B
user-I051911_session-547BFC0A9BECA12855B0C21A1D028732A75106E4BFAC87C9590A6616878B5C90_analysis-2.csv;user-I051911;3;-385851761;true;0.3320712103538175;0.0;Infinity;1;B
user-I051911_session-547BFC0A9BECA12855B0C21A1D028732A75106E4BFAC87C9590A6616878B5C90_analysis-2.csv;user-I051911;3;1321679162;true;0.3214622077960868;0.0;Infinity;1;B
user-I051911_session-547BFC0A9BECA12855B0C21A1D028732A75106E4BFAC87C9590A6616878B5C90_analysis-2.csv;user-I051911;3;1332352985;true;6.377666055756848E-5;0.0;Infinity;1;B
user-I051911_session-547BFC0A9BECA12855B0C21A1D028732A75106E4BFAC87C9590A6616878B5C90_analysis-2.csv;user-I051911;3;-215351757;true;0.19676139415175042;0.0;Infinity;1;B
user-I051911_session-547BFC0A9BECA12855B0C21A1D028732A75106E4BFAC87C9590A6616878B5C90_analysis-2.csv;user-I051911;3;1794621623;true;0.3919850451884801;1.0;17.2080033101487;1;B
user-I051911_session-547BFC0A9BECA12855B0C21A1D028732A75106E4BFAC87C9590A6616878B5C90_analysis-2.csv;user-I051911;3;-704187941;true;0.3978451671533445;0.0;Infinity;1;B
user-I051911_session-547BFC0A9BECA12855B0C21A1D028732A75106E4BFAC87C9590A6616878B5C90_analysis-2.csv;user-I051911;3;-1280434839;true;0.4847659647777447;0.0;Infinity;1;B
user-I051911_session-547BFC0A9BECA12855B0C21A1D028732A75106E4BFAC87C9590A6616878B5C90_analysis-2.csv;user-I051911;3;-1140272655;true;0.30984005177542673;0.0;Infinity;1;B
user-I051911_session-547BFC0A9BECA12855B0C21A1D028732A75106E4BFAC87C9590A6616878B5C90_analysis-2.csv;user-I051911;3;1788644531;true;0.33564488922600666;0.0;Infinity;1;B
user-I051911_session-547BFC0A9BECA12855B0C21A1D028732A75106E4BFAC87C9590A6616878B5C90_analysis-2.csv;user-I051911;3;-468110519;true;0.3515253405748132;0.0;Infinity;1;B
user-I051911_session-547BFC0A9BECA12855B0C21A1D028732A75106E4BFAC87C9590A6616878B5C90_analysis-2.csv;user-I051911;3;-2110729901;true;0.2935127545275802;0.0;Infinity;1;B
user-I051911_session-547BFC0A9BECA12855B0C21A1D028732A75106E4BFAC87C9590A6616878B5C90_analysis-2.csv;user-I051911;3;1284808481;true;0.44335850321970627;0.0;Infinity;1;B
user-I051911_session-547BFC0A9BECA12855B0C21A1D028732A75106E4BFAC87C9590A6616878B5C90_analysis-2.csv;user-I051911;3;636752712;true;0.31718041924576323;0.0;Infinity;1;B
user-I051911_session-547BFC0A9BECA12855B0C21A1D028732A75106E4BFAC87C9590A6616878B5C90_analysis-2.csv;user-I051911;3;-1562849725;true;0.4305821327134609;0.0;Infinity;1;B
user-I051911_session-547BFC0A9BECA12855B0C21A1D028732A75106E4BFAC87C9590A6616878B5C90_analysis-2.csv;user-I051911;3;-1751819259;true;0.4121004285846963;0.0;Infinity;1;B
user-I051911_session-547BFC0A9BECA12855B0C21A1D028732A75106E4BFAC87C9590A6616878B5C90_analysis-2.csv;user-I051911;3;1491207772;true;0.3070147832264547;0.0;Infinity;1;B
user-I051911_session-547BFC0A9BECA12855B0C21A1D028732A75106E4BFAC87C9590A6616878B5C90_analysis-2.csv;user-I051911;3;-64028196;true;0.26910359530853123;0.0;Infinity;1;B
user-I051911_session-547BFC0A9BECA12855B0C21A1D028732A75106E4BFAC87C9590A6616878B5C90_analysis-2.csv;user-I051911;3;-569323012;true;0.4343399628930311;0.0;Infinity;1;B
user-I051911_session-547BFC0A9BECA12855B0C21A1D028732A75106E4BFAC87C9590A6616878B5C90_analysis-2.csv;user-I051911;3;429723205;true;0.3675075590236977;0.0;Infinity;1;B
user-I051911_session-547BFC0A9BECA12855B0C21A1D028732A75106E4BFAC87C9590A6616878B5C90_analysis-2.csv;user-I051911;3;2006979230;true;0.026831677931314468;0.0;Infinity;1;B
user-I051911_session-547BFC0A9BECA12855B0C21A1D028732A75106E4BFAC87C9590A6616878B5C90_analysis-2.csv;user-I051911;3;22646620;true;0.2711545410789693;0.0;Infinity;1;B
user-I051911_session-547BFC0A9BECA12855B0C21A1D028732A75106E4BFAC87C9590A6616878B5C90_analysis-2.csv;user-I051911;3;-1654729013;true;0.29781333686563227;0.0;Infinity;1;B
user-I051911_session-547BFC0A9BECA12855B0C21A1D028732A75106E4BFAC87C9590A6616878B5C90_analysis-2.csv;user-I051911;3;1778076817;true;0.4367466291731611;0.0;Infinity;1;B
user-I051911_session-547BFC0A9BECA12855B0C21A1D028732A75106E4BFAC87C9590A6616878B5C90_analysis-2.csv;user-I051911;3;122011993;true;0.4988386493663439;0.0;Infinity;1;B
user-I051911_session-547BFC0A9BECA12855B0C21A1D028732A75106E4BFAC87C9590A6616878B5C90_analysis-2.csv;user-I051911;3;1551017098;true;0.31563874607865905;0.0;Infinity;1;B
user-I051911_session-547BFC0A9BECA12855B0C21A1D028732A75106E4BFAC87C9590A6616878B5C90_analysis-2.csv;user-I051911;3;1716647775;true;0.34922222096988464;0.0;Infinity;1;B
user-I051911_session-547BFC0A9BECA12855B0C21A1D028732A75106E4BFAC87C9590A6616878B5C90_analysis-2.csv;user-I051911;3;-1236831017;true;0.36023497907128565;0.0;Infinity;1;B
user-I051911_session-547BFC0A9BECA12855B0C21A1D028732A75106E4BFAC87C9590A6616878B5C90_analysis-2.csv;user-I051911;3;-547082044;true;8.574193238863881E-4;0.0;Infinity;1;B
user-I051911_session-547BFC0A9BECA12855B0C21A1D028732A75106E4BFAC87C9590A6616878B5C90_analysis-2.csv;user-I051911;3;-279031837;true;0.006520066433074234;0.0;Infinity;1;B
user-I051911_session-547BFC0A9BECA12855B0C21A1D028732A75106E4BFAC87C9590A6616878B5C90_analysis-2.csv;user-I051911;3;694984879;true;0.1985813277877364;0.0;Infinity;1;B
user-I051911_session-547BFC0A9BECA12855B0C21A1D028732A75106E4BFAC87C9590A6616878B5C90_analysis-2.csv;user-I051911;3;349687824;true;0.31097725010411426;0.0;Infinity;1;B
user-I051911_session-547BFC0A9BECA12855B0C21A1D028732A75106E4BFAC87C9590A6616878B5C90_analysis-2.csv;user-I051911;3;785637758;true;0.20496140765473692;0.0;Infinity;1;B
user-I051911_session-547BFC0A9BECA12855B0C21A1D028732A75106E4BFAC87C9590A6616878B5C90_analysis-2.csv;user-I051911;3;753403996;true;0.2803985459406273;0.0;Infinity;1;B
user-I051911_session-547BFC0A9BECA12855B0C21A1D028732A75106E4BFAC87C9590A6616878B5C90_analysis-2.csv;user-I051911;3;-270102225;true;0.2977517925658367;0.0;Infinity;1;B
user-I051911_session-547BFC0A9BECA12855B0C21A1D028732A75106E4BFAC87C9590A6616878B5C90_analysis-2.csv;user-I051911;3;2085438327;true;0.26715943177166745;0.0;Infinity;1;B
user-I051911_session-547BFC0A9BECA12855B0C21A1D028732A75106E4BFAC87C9590A6616878B5C90_analysis-2.csv;user-I051911;3;461925059;true;0.3816857995006968;0.0;Infinity;1;B
user-I051911_session-547BFC0A9BECA12855B0C21A1D028732A75106E4BFAC87C9590A6616878B5C90_analysis-2.csv;user-I051911;3;1784024051;true;0.2537644231177857;0.0;Infinity;1;B
user-I051911_session-547BFC0A9BECA12855B0C21A1D028732A75106E4BFAC87C9590A6616878B5C90_analysis-2.csv;user-I051911;3;-1768720540;true;0.334149686745715;0.0;Infinity;1;B
user-I051911_session-547BFC0A9BECA12855B0C21A1D028732A75106E4BFAC87C9590A6616878B5C90_analysis-2.csv;user-I051911;3;1143141173;true;0.2589350927010655;0.0;Infinity;1;B
user-I051911_session-547BFC0A9BECA12855B0C21A1D028732A75106E4BFAC87C9590A6616878B5C90_analysis-2.csv;user-I051911;3;-1786424980;true;0.2644905691099182;0.0;Infinity;1;B
user-I051911_session-547BFC0A9BECA12855B0C21A1D028732A75106E4BFAC87C9590A6616878B5C90_analysis-2.csv;user-I051911;3;-327197529;true;0.2842769004343859;0.0;Infinity;1;B
user-I051911_session-547BFC0A9BECA12855B0C21A1D028732A75106E4BFAC87C9590A6616878B5C90_analysis-2.csv;user-I051911;3;-992009567;true;0.4579221125143794;0.0;Infinity;1;B
user-I051911_session-547BFC0A9BECA12855B0C21A1D028732A75106E4BFAC87C9590A6616878B5C90_analysis-2.csv;user-I051911;3;-91204326;true;0.34824381524779213;0.0;Infinity;1;B
user-I051911_session-547BFC0A9BECA12855B0C21A1D028732A75106E4BFAC87C9590A6616878B5C90_analysis-2.csv;user-I051911;3;85975697;true;0.1800910012257637;0.0;Infinity;1;B
user-I051911_session-547BFC0A9BECA12855B0C21A1D028732A75106E4BFAC87C9590A6616878B5C90_analysis-2.csv;user-I051911;3;-1134541790;true;0.23101939861072318;0.0;Infinity;1;B
user-I051911_session-547BFC0A9BECA12855B0C21A1D028732A75106E4BFAC87C9590A6616878B5C90_analysis-2.csv;user-I051911;3;-241332820;true;0.2794539321106203;0.0;Infinity;1;B
user-I051911_session-547BFC0A9BECA12855B0C21A1D028732A75106E4BFAC87C9590A6616878B5C90_analysis-2.csv;user-I051911;3;-121248919;true;0.2220811331740853;0.0;Infinity;1;B
user-I051911_session-547BFC0A9BECA12855B0C21A1D028732A75106E4BFAC87C9590A6616878B5C90_analysis-2.csv;user-I051911;3;318541166;true;0.4952822655774356;0.0;Infinity;1;B
user-I051911_session-547BFC0A9BECA12855B0C21A1D028732A75106E4BFAC87C9590A6616878B5C90_analysis-2.csv;user-I051911;3;-107442232;true;0.33836722333538694;0.0;Infinity;1;B
user-I051911_session-547BFC0A9BECA12855B0C21A1D028732A75106E4BFAC87C9590A6616878B5C90_analysis-2.csv;user-I051911;3;1930677419;true;0.19315331305743066;0.0;Infinity;1;B
user-I051911_session-547BFC0A9BECA12855B0C21A1D028732A75106E4BFAC87C9590A6616878B5C90_analysis-2.csv;user-I051911;3;-439370853;true;0.002028760747172287;0.0;Infinity;1;B
user-I051911_session-547BFC0A9BECA12855B0C21A1D028732A75106E4BFAC87C9590A6616878B5C90_analysis-2.csv;user-I051911;4;-535562389;true;0.4096151438429255;0.0;Infinity;1;B
user-I051911_session-547BFC0A9BECA12855B0C21A1D028732A75106E4BFAC87C9590A6616878B5C90_analysis-2.csv;user-I051911;4;1559199453;true;0.3500386024203521;0.0;Infinity;1;B
user-I051911_session-547BFC0A9BECA12855B0C21A1D028732A75106E4BFAC87C9590A6616878B5C90_analysis-2.csv;user-I051911;4;1486237202;true;0.02430434167783946;0.0;Infinity;1;B
user-I051911_session-547BFC0A9BECA12855B0C21A1D028732A75106E4BFAC87C9590A6616878B5C90_analysis-2.csv;user-I051911;4;1629544739;true;0.1854081760371501;0.0;Infinity;1;B
user-I051911_session-547BFC0A9BECA12855B0C21A1D028732A75106E4BFAC87C9590A6616878B5C90_analysis-2.csv;user-I051911;4;1418109359;true;0.3952621537606982;0.0;Infinity;1;B
user-I051911_session-547BFC0A9BECA12855B0C21A1D028732A75106E4BFAC87C9590A6616878B5C90_analysis-2.csv;user-I051911;4;-471481952;true;0.42164706729449;0.0;Infinity;1;B
user-I051911_session-547BFC0A9BECA12855B0C21A1D028732A75106E4BFAC87C9590A6616878B5C90_analysis-2.csv;user-I051911;5;-473035701;true;0.3227674836001082;1.0;16.109391021480594;1;B
user-I051911_session-547BFC0A9BECA12855B0C21A1D028732A75106E4BFAC87C9590A6616878B5C90_analysis-2.csv;user-I051911;5;1791250190;true;0.4804028635857647;1.0;16.109391021480594;1;B
user-I051911_session-547BFC0A9BECA12855B0C21A1D028732A75106E4BFAC87C9590A6616878B5C90_analysis-2.csv;user-I051911;5;-402690415;true;0.12963855072177055;1.0;16.109391021480594;1;B
user-I051911_session-547BFC0A9BECA12855B0C21A1D028732A75106E4BFAC87C9590A6616878B5C90_analysis-2.csv;user-I051911;5;1727169753;true;0.2605011465012319;1.0;15.416243840920647;1;B
user-I051911_session-547BFC0A9BECA12855B0C21A1D028732A75106E4BFAC87C9590A6616878B5C90_analysis-2.csv;user-I051911;5;-545997952;true;0.053670596739093024;1.0;16.109391021480594;1;B
user-I051911_session-547BFC0A9BECA12855B0C21A1D028732A75106E4BFAC87C9590A6616878B5C90_analysis-2.csv;user-I051911;5;-614125795;true;0.2378832752466169;1.0;16.109391021480594;1;B
user-I051911_session-547BFC0A9BECA12855B0C21A1D028732A75106E4BFAC87C9590A6616878B5C90_analysis-2.csv;user-I051911;6;-1645642369;false;0.02204554857721397;1.0;15.452611485091522;1;B
user-I051911_session-547BFC0A9BECA12855B0C21A1D028732A75106E4BFAC87C9590A6616878B5C90_analysis-2.csv;user-I051911;6;1959132295;false;0.15766810112797391;1.0;15.452611485091522;1;B
user-I051911_session-547BFC0A9BECA12855B0C21A1D028732A75106E4BFAC87C9590A6616878B5C90_analysis-2.csv;user-I051911;6;385039036;false;0.25098653649098246;1.0;15.452611485091522;1;B
user-I051911_session-547BFC0A9BECA12855B0C21A1D028732A75106E4BFAC87C9590A6616878B5C90_analysis-2.csv;user-I051911;6;-1709703921;false;0.45824589628565937;1.0;16.368902216965676;1;B
user-I051911_session-547BFC0A9BECA12855B0C21A1D028732A75106E4BFAC87C9590A6616878B5C90_analysis-2.csv;user-I051911;6;1052919571;false;0.18283311941341984;1.0;16.368902216965676;1;B
user-I051911_session-547BFC0A9BECA12855B0C21A1D028732A75106E4BFAC87C9590A6616878B5C90_analysis-2.csv;user-I051911;6;2102439832;false;0.21467279309802723;1.0;15.452611485091522;1;B
user-I051911_session-547BFC0A9BECA12855B0C21A1D028732A75106E4BFAC87C9590A6616878B5C90_analysis-2.csv;user-I051911;6;-1709711384;false;0.48279068880324305;1.0;16.368902216965676;1;B
user-I051911_session-547BFC0A9BECA12855B0C21A1D028732A75106E4BFAC87C9590A6616878B5C90_analysis-2.csv;user-I051911;6;455384322;false;0.16832974360988073;1.0;15.452611485091522;1;B
user-I051911_session-547BFC0A9BECA12855B0C21A1D028732A75106E4BFAC87C9590A6616878B5C90_analysis-2.csv;user-I051911;6;312076785;false;0.028434234348105436;1.0;15.452611485091522;1;B
user-I051911_session-547BFC0A9BECA12855B0C21A1D028732A75106E4BFAC87C9590A6616878B5C90_analysis-2.csv;user-I051911;6;2032094546;false;0.16162171616262855;1.0;15.452611485091522;1;B
user-I051911_session-547BFC0A9BECA12855B0C21A1D028732A75106E4BFAC87C9590A6616878B5C90_analysis-2.csv;user-I051911;6;1891004452;false;0.4859741891639724;1.0;15.452611485091522;1;B
user-I051911_session-547BFC0A9BECA12855B0C21A1D028732A75106E4BFAC87C9590A6616878B5C90_analysis-2.csv;user-I051911;6;243948942;false;0.3876669041018673;1.0;15.452611485091522;1;B
user-I051911_session-547BFC0A9BECA12855B0C21A1D028732A75106E4BFAC87C9590A6616878B5C90_analysis-2.csv;user-I051911;6;1413141;false;0.2626713824722766;1.0;15.452611485091522;1;B
user-I051911_session-547BFC0A9BECA12855B0C21A1D028732A75106E4BFAC87C9590A6616878B5C90_analysis-2.csv;user-I051911;6;2123340856;false;0.44269361154022624;1.0;16.368902216965676;1;B
