session ;user;query position;cell hashcode;novelty;outlierness;relevance;surprise;query label;session label
user-I051892_session-05F964991B84D6A73AB5C73DA9CB1A97C34CB84348A55BE18FEB6A11A66B8BC9_analysis-3.csv;user-I051892;1;934876582;true;0.02236426888145493;0.0;Infinity;1;B
user-I051892_session-05F964991B84D6A73AB5C73DA9CB1A97C34CB84348A55BE18FEB6A11A66B8BC9_analysis-3.csv;user-I051892;1;-661528774;true;0.19621595632627598;0.0;Infinity;1;B
user-I051892_session-05F964991B84D6A73AB5C73DA9CB1A97C34CB84348A55BE18FEB6A11A66B8BC9_analysis-3.csv;user-I051892;1;870815030;true;0.35226289498516483;0.0;Infinity;1;B
user-I051892_session-05F964991B84D6A73AB5C73DA9CB1A97C34CB84348A55BE18FEB6A11A66B8BC9_analysis-3.csv;user-I051892;1;317646201;true;0.13662907371667654;0.0;Infinity;1;B
user-I051892_session-05F964991B84D6A73AB5C73DA9CB1A97C34CB84348A55BE18FEB6A11A66B8BC9_analysis-3.csv;user-I051892;1;176556107;true;0.4823732303416295;0.0;Infinity;1;B
user-I051892_session-05F964991B84D6A73AB5C73DA9CB1A97C34CB84348A55BE18FEB6A11A66B8BC9_analysis-3.csv;user-I051892;1;408892511;true;0.3880631463027958;0.0;Infinity;1;B
user-I051892_session-05F964991B84D6A73AB5C73DA9CB1A97C34CB84348A55BE18FEB6A11A66B8BC9_analysis-3.csv;user-I051892;1;387991487;true;0.22119789359821684;0.0;Infinity;1;B
user-I051892_session-05F964991B84D6A73AB5C73DA9CB1A97C34CB84348A55BE18FEB6A11A66B8BC9_analysis-3.csv;user-I051892;1;-1470499403;true;0.49631703229888136;0.0;Infinity;1;B
user-I051892_session-05F964991B84D6A73AB5C73DA9CB1A97C34CB84348A55BE18FEB6A11A66B8BC9_analysis-3.csv;user-I051892;1;-1713035204;true;0.20527136355047437;0.0;Infinity;1;B
user-I051892_session-05F964991B84D6A73AB5C73DA9CB1A97C34CB84348A55BE18FEB6A11A66B8BC9_analysis-3.csv;user-I051892;1;-1259064023;true;0.13756092436469847;0.0;Infinity;1;B
user-I051892_session-05F964991B84D6A73AB5C73DA9CB1A97C34CB84348A55BE18FEB6A11A66B8BC9_analysis-3.csv;user-I051892;1;244683950;true;0.16065645326263822;0.0;Infinity;1;B
user-I051892_session-05F964991B84D6A73AB5C73DA9CB1A97C34CB84348A55BE18FEB6A11A66B8BC9_analysis-3.csv;user-I051892;1;-1329409309;true;0.18242075479637787;0.0;Infinity;1;B
user-I051892_session-05F964991B84D6A73AB5C73DA9CB1A97C34CB84348A55BE18FEB6A11A66B8BC9_analysis-3.csv;user-I051892;1;870807567;true;0.35226289498516483;0.0;Infinity;1;B
user-I051892_session-05F964991B84D6A73AB5C73DA9CB1A97C34CB84348A55BE18FEB6A11A66B8BC9_analysis-3.csv;user-I051892;1;-1402371560;true;0.06044115331853006;0.0;Infinity;1;B
user-I051892_session-05F964991B84D6A73AB5C73DA9CB1A97C34CB84348A55BE18FEB6A11A66B8BC9_analysis-3.csv;user-I051892;2;1947979365;true;0.40306880380023336;0.0;Infinity;1;B
user-I051892_session-05F964991B84D6A73AB5C73DA9CB1A97C34CB84348A55BE18FEB6A11A66B8BC9_analysis-3.csv;user-I051892;2;-1645642369;true;0.007060178531800521;0.0;Infinity;1;B
user-I051892_session-05F964991B84D6A73AB5C73DA9CB1A97C34CB84348A55BE18FEB6A11A66B8BC9_analysis-3.csv;user-I051892;2;1959132295;true;0.09420365377775619;0.0;Infinity;1;B
user-I051892_session-05F964991B84D6A73AB5C73DA9CB1A97C34CB84348A55BE18FEB6A11A66B8BC9_analysis-3.csv;user-I051892;2;-252237511;true;0.2173789091359224;0.0;Infinity;1;B
user-I051892_session-05F964991B84D6A73AB5C73DA9CB1A97C34CB84348A55BE18FEB6A11A66B8BC9_analysis-3.csv;user-I051892;2;1052919571;true;0.20078834564187098;0.0;Infinity;1;B
user-I051892_session-05F964991B84D6A73AB5C73DA9CB1A97C34CB84348A55BE18FEB6A11A66B8BC9_analysis-3.csv;user-I051892;2;385039036;true;0.28244643080609655;0.0;Infinity;1;B
user-I051892_session-05F964991B84D6A73AB5C73DA9CB1A97C34CB84348A55BE18FEB6A11A66B8BC9_analysis-3.csv;user-I051892;2;1321855748;true;0.31483238879302755;0.0;Infinity;1;B
user-I051892_session-05F964991B84D6A73AB5C73DA9CB1A97C34CB84348A55BE18FEB6A11A66B8BC9_analysis-3.csv;user-I051892;2;415643024;true;0.18561797843023897;0.0;Infinity;1;B
user-I051892_session-05F964991B84D6A73AB5C73DA9CB1A97C34CB84348A55BE18FEB6A11A66B8BC9_analysis-3.csv;user-I051892;2;455384322;true;0.18347648949178452;0.0;Infinity;1;B
user-I051892_session-05F964991B84D6A73AB5C73DA9CB1A97C34CB84348A55BE18FEB6A11A66B8BC9_analysis-3.csv;user-I051892;2;312076785;true;0.009869254534536687;0.0;Infinity;1;B
user-I051892_session-05F964991B84D6A73AB5C73DA9CB1A97C34CB84348A55BE18FEB6A11A66B8BC9_analysis-3.csv;user-I051892;2;-393327605;true;0.4981788999908796;0.0;Infinity;1;B
user-I051892_session-05F964991B84D6A73AB5C73DA9CB1A97C34CB84348A55BE18FEB6A11A66B8BC9_analysis-3.csv;user-I051892;2;2012048380;true;0.03829958810217604;0.0;Infinity;1;B
user-I051892_session-05F964991B84D6A73AB5C73DA9CB1A97C34CB84348A55BE18FEB6A11A66B8BC9_analysis-3.csv;user-I051892;2;1253727905;true;0.40335682978474496;0.0;Infinity;1;B
user-I051892_session-05F964991B84D6A73AB5C73DA9CB1A97C34CB84348A55BE18FEB6A11A66B8BC9_analysis-3.csv;user-I051892;2;1465163285;true;0.22533672616392741;0.0;Infinity;1;B
user-I051892_session-05F964991B84D6A73AB5C73DA9CB1A97C34CB84348A55BE18FEB6A11A66B8BC9_analysis-3.csv;user-I051892;2;1394817999;true;0.16269596094479533;0.0;Infinity;1;B
user-I051892_session-05F964991B84D6A73AB5C73DA9CB1A97C34CB84348A55BE18FEB6A11A66B8BC9_analysis-3.csv;user-I051892;2;-181892225;true;0.17277315370087443;0.0;Infinity;1;B
user-I051892_session-05F964991B84D6A73AB5C73DA9CB1A97C34CB84348A55BE18FEB6A11A66B8BC9_analysis-3.csv;user-I051892;2;-1709703921;true;0.47457051688460616;0.0;Infinity;1;B
user-I051892_session-05F964991B84D6A73AB5C73DA9CB1A97C34CB84348A55BE18FEB6A11A66B8BC9_analysis-3.csv;user-I051892;2;1486064309;true;0.3838982808729695;0.0;Infinity;1;B
user-I051892_session-05F964991B84D6A73AB5C73DA9CB1A97C34CB84348A55BE18FEB6A11A66B8BC9_analysis-3.csv;user-I051892;2;-1709711384;true;0.4469298903870288;0.0;Infinity;1;B
user-I051892_session-05F964991B84D6A73AB5C73DA9CB1A97C34CB84348A55BE18FEB6A11A66B8BC9_analysis-3.csv;user-I051892;2;2102439832;true;0.23891319522594112;0.0;Infinity;1;B
user-I051892_session-05F964991B84D6A73AB5C73DA9CB1A97C34CB84348A55BE18FEB6A11A66B8BC9_analysis-3.csv;user-I051892;2;-635863406;true;0.21432857181273335;0.0;Infinity;1;B
user-I051892_session-05F964991B84D6A73AB5C73DA9CB1A97C34CB84348A55BE18FEB6A11A66B8BC9_analysis-3.csv;user-I051892;2;2032094546;true;0.17548778186038538;0.0;Infinity;1;B
user-I051892_session-05F964991B84D6A73AB5C73DA9CB1A97C34CB84348A55BE18FEB6A11A66B8BC9_analysis-3.csv;user-I051892;2;-325199762;true;0.0851481321367098;0.0;Infinity;1;B
user-I051892_session-05F964991B84D6A73AB5C73DA9CB1A97C34CB84348A55BE18FEB6A11A66B8BC9_analysis-3.csv;user-I051892;2;243948942;true;0.3070532245798139;0.0;Infinity;1;B
user-I051892_session-05F964991B84D6A73AB5C73DA9CB1A97C34CB84348A55BE18FEB6A11A66B8BC9_analysis-3.csv;user-I051892;2;1891004452;true;0.41223229020762453;0.0;Infinity;1;B
user-I051892_session-05F964991B84D6A73AB5C73DA9CB1A97C34CB84348A55BE18FEB6A11A66B8BC9_analysis-3.csv;user-I051892;2;1413141;true;0.2964388828752047;0.0;Infinity;1;B
user-I051892_session-05F964991B84D6A73AB5C73DA9CB1A97C34CB84348A55BE18FEB6A11A66B8BC9_analysis-3.csv;user-I051892;2;2123340856;true;0.49224329661350863;0.0;Infinity;1;B
user-I051892_session-05F964991B84D6A73AB5C73DA9CB1A97C34CB84348A55BE18FEB6A11A66B8BC9_analysis-3.csv;user-I051892;2;1947986828;true;0.40306880380023336;0.0;Infinity;1;B
user-I051892_session-05F964991B84D6A73AB5C73DA9CB1A97C34CB84348A55BE18FEB6A11A66B8BC9_analysis-3.csv;user-I051892;3;-1645642369;true;0.01810026243849716;0.0;Infinity;1;B
user-I051892_session-05F964991B84D6A73AB5C73DA9CB1A97C34CB84348A55BE18FEB6A11A66B8BC9_analysis-3.csv;user-I051892;3;1959132295;true;0.15130643161213064;0.0;Infinity;1;B
user-I051892_session-05F964991B84D6A73AB5C73DA9CB1A97C34CB84348A55BE18FEB6A11A66B8BC9_analysis-3.csv;user-I051892;3;934876582;true;0.022839442870840054;0.0;Infinity;1;B
user-I051892_session-05F964991B84D6A73AB5C73DA9CB1A97C34CB84348A55BE18FEB6A11A66B8BC9_analysis-3.csv;user-I051892;3;1052919571;true;0.16322319567494925;0.0;Infinity;1;B
user-I051892_session-05F964991B84D6A73AB5C73DA9CB1A97C34CB84348A55BE18FEB6A11A66B8BC9_analysis-3.csv;user-I051892;3;385039036;true;0.2310402455787417;0.0;Infinity;1;B
user-I051892_session-05F964991B84D6A73AB5C73DA9CB1A97C34CB84348A55BE18FEB6A11A66B8BC9_analysis-3.csv;user-I051892;3;317646201;true;0.14731664967328162;0.0;Infinity;1;B
user-I051892_session-05F964991B84D6A73AB5C73DA9CB1A97C34CB84348A55BE18FEB6A11A66B8BC9_analysis-3.csv;user-I051892;3;176556107;true;0.49372070835898196;0.0;Infinity;1;B
user-I051892_session-05F964991B84D6A73AB5C73DA9CB1A97C34CB84348A55BE18FEB6A11A66B8BC9_analysis-3.csv;user-I051892;3;408892511;true;0.37947767783584097;0.0;Infinity;1;B
user-I051892_session-05F964991B84D6A73AB5C73DA9CB1A97C34CB84348A55BE18FEB6A11A66B8BC9_analysis-3.csv;user-I051892;3;455384322;true;0.14905241204886344;0.0;Infinity;1;B
user-I051892_session-05F964991B84D6A73AB5C73DA9CB1A97C34CB84348A55BE18FEB6A11A66B8BC9_analysis-3.csv;user-I051892;3;312076785;true;0.02385946163748054;0.0;Infinity;1;B
user-I051892_session-05F964991B84D6A73AB5C73DA9CB1A97C34CB84348A55BE18FEB6A11A66B8BC9_analysis-3.csv;user-I051892;3;-1259064023;true;0.1482792825592314;0.0;Infinity;1;B
user-I051892_session-05F964991B84D6A73AB5C73DA9CB1A97C34CB84348A55BE18FEB6A11A66B8BC9_analysis-3.csv;user-I051892;3;870807567;true;0.3445872865445504;0.0;Infinity;1;B
user-I051892_session-05F964991B84D6A73AB5C73DA9CB1A97C34CB84348A55BE18FEB6A11A66B8BC9_analysis-3.csv;user-I051892;3;-661528774;true;0.20839344518354574;0.0;Infinity;1;B
user-I051892_session-05F964991B84D6A73AB5C73DA9CB1A97C34CB84348A55BE18FEB6A11A66B8BC9_analysis-3.csv;user-I051892;3;870815030;true;0.3445872865445504;0.0;Infinity;1;B
user-I051892_session-05F964991B84D6A73AB5C73DA9CB1A97C34CB84348A55BE18FEB6A11A66B8BC9_analysis-3.csv;user-I051892;3;-1709703921;true;0.44504521782426054;0.0;Infinity;1;B
user-I051892_session-05F964991B84D6A73AB5C73DA9CB1A97C34CB84348A55BE18FEB6A11A66B8BC9_analysis-3.csv;user-I051892;3;-1709711384;true;0.47084618550794355;0.0;Infinity;1;B
user-I051892_session-05F964991B84D6A73AB5C73DA9CB1A97C34CB84348A55BE18FEB6A11A66B8BC9_analysis-3.csv;user-I051892;3;2102439832;true;0.19467592358286756;0.0;Infinity;1;B
user-I051892_session-05F964991B84D6A73AB5C73DA9CB1A97C34CB84348A55BE18FEB6A11A66B8BC9_analysis-3.csv;user-I051892;3;387991487;true;0.23375694598409114;0.0;Infinity;1;B
user-I051892_session-05F964991B84D6A73AB5C73DA9CB1A97C34CB84348A55BE18FEB6A11A66B8BC9_analysis-3.csv;user-I051892;3;-1470499403;true;0.49258418043522667;0.0;Infinity;1;B
user-I051892_session-05F964991B84D6A73AB5C73DA9CB1A97C34CB84348A55BE18FEB6A11A66B8BC9_analysis-3.csv;user-I051892;3;-1713035204;true;0.21760163089713447;0.0;Infinity;1;B
user-I051892_session-05F964991B84D6A73AB5C73DA9CB1A97C34CB84348A55BE18FEB6A11A66B8BC9_analysis-3.csv;user-I051892;3;2032094546;true;0.14253509308851164;0.0;Infinity;1;B
user-I051892_session-05F964991B84D6A73AB5C73DA9CB1A97C34CB84348A55BE18FEB6A11A66B8BC9_analysis-3.csv;user-I051892;3;243948942;true;0.3923429943336162;0.0;Infinity;1;B
user-I051892_session-05F964991B84D6A73AB5C73DA9CB1A97C34CB84348A55BE18FEB6A11A66B8BC9_analysis-3.csv;user-I051892;3;1891004452;true;0.4962434146680761;0.0;Infinity;1;B
user-I051892_session-05F964991B84D6A73AB5C73DA9CB1A97C34CB84348A55BE18FEB6A11A66B8BC9_analysis-3.csv;user-I051892;3;244683950;true;0.1583213899853526;0.0;Infinity;1;B
user-I051892_session-05F964991B84D6A73AB5C73DA9CB1A97C34CB84348A55BE18FEB6A11A66B8BC9_analysis-3.csv;user-I051892;3;-1329409309;true;0.19433157332228612;0.0;Infinity;1;B
user-I051892_session-05F964991B84D6A73AB5C73DA9CB1A97C34CB84348A55BE18FEB6A11A66B8BC9_analysis-3.csv;user-I051892;3;1413141;true;0.24283776196428963;0.0;Infinity;1;B
user-I051892_session-05F964991B84D6A73AB5C73DA9CB1A97C34CB84348A55BE18FEB6A11A66B8BC9_analysis-3.csv;user-I051892;3;2123340856;true;0.42872997107928024;0.0;Infinity;1;B
user-I051892_session-05F964991B84D6A73AB5C73DA9CB1A97C34CB84348A55BE18FEB6A11A66B8BC9_analysis-3.csv;user-I051892;3;-1402371560;true;0.06050764561025668;0.0;Infinity;1;B
user-I051892_session-05F964991B84D6A73AB5C73DA9CB1A97C34CB84348A55BE18FEB6A11A66B8BC9_analysis-3.csv;user-I051892;4;-1645642369;true;0.01810026243849716;0.0;Infinity;1;B
user-I051892_session-05F964991B84D6A73AB5C73DA9CB1A97C34CB84348A55BE18FEB6A11A66B8BC9_analysis-3.csv;user-I051892;4;1959132295;true;0.15130643161213064;0.0;Infinity;1;B
user-I051892_session-05F964991B84D6A73AB5C73DA9CB1A97C34CB84348A55BE18FEB6A11A66B8BC9_analysis-3.csv;user-I051892;4;934876582;true;0.022839442870840054;0.0;Infinity;1;B
user-I051892_session-05F964991B84D6A73AB5C73DA9CB1A97C34CB84348A55BE18FEB6A11A66B8BC9_analysis-3.csv;user-I051892;4;1052919571;true;0.16322319567494925;0.0;Infinity;1;B
user-I051892_session-05F964991B84D6A73AB5C73DA9CB1A97C34CB84348A55BE18FEB6A11A66B8BC9_analysis-3.csv;user-I051892;4;385039036;true;0.2310402455787417;0.0;Infinity;1;B
user-I051892_session-05F964991B84D6A73AB5C73DA9CB1A97C34CB84348A55BE18FEB6A11A66B8BC9_analysis-3.csv;user-I051892;4;317646201;true;0.14731664967328162;0.0;Infinity;1;B
user-I051892_session-05F964991B84D6A73AB5C73DA9CB1A97C34CB84348A55BE18FEB6A11A66B8BC9_analysis-3.csv;user-I051892;4;176556107;true;0.49372070835898196;0.0;Infinity;1;B
user-I051892_session-05F964991B84D6A73AB5C73DA9CB1A97C34CB84348A55BE18FEB6A11A66B8BC9_analysis-3.csv;user-I051892;4;408892511;true;0.37947767783584097;0.0;Infinity;1;B
user-I051892_session-05F964991B84D6A73AB5C73DA9CB1A97C34CB84348A55BE18FEB6A11A66B8BC9_analysis-3.csv;user-I051892;4;455384322;true;0.14905241204886344;0.0;Infinity;1;B
user-I051892_session-05F964991B84D6A73AB5C73DA9CB1A97C34CB84348A55BE18FEB6A11A66B8BC9_analysis-3.csv;user-I051892;4;312076785;true;0.02385946163748054;0.0;Infinity;1;B
user-I051892_session-05F964991B84D6A73AB5C73DA9CB1A97C34CB84348A55BE18FEB6A11A66B8BC9_analysis-3.csv;user-I051892;4;-1259064023;true;0.1482792825592314;0.0;Infinity;1;B
user-I051892_session-05F964991B84D6A73AB5C73DA9CB1A97C34CB84348A55BE18FEB6A11A66B8BC9_analysis-3.csv;user-I051892;4;870807567;true;0.3445872865445504;0.0;Infinity;1;B
user-I051892_session-05F964991B84D6A73AB5C73DA9CB1A97C34CB84348A55BE18FEB6A11A66B8BC9_analysis-3.csv;user-I051892;4;-661528774;true;0.20839344518354574;0.0;Infinity;1;B
user-I051892_session-05F964991B84D6A73AB5C73DA9CB1A97C34CB84348A55BE18FEB6A11A66B8BC9_analysis-3.csv;user-I051892;4;870815030;true;0.3445872865445504;0.0;Infinity;1;B
user-I051892_session-05F964991B84D6A73AB5C73DA9CB1A97C34CB84348A55BE18FEB6A11A66B8BC9_analysis-3.csv;user-I051892;4;-1709703921;true;0.44504521782426054;0.0;Infinity;1;B
user-I051892_session-05F964991B84D6A73AB5C73DA9CB1A97C34CB84348A55BE18FEB6A11A66B8BC9_analysis-3.csv;user-I051892;4;-1709711384;true;0.47084618550794355;0.0;Infinity;1;B
user-I051892_session-05F964991B84D6A73AB5C73DA9CB1A97C34CB84348A55BE18FEB6A11A66B8BC9_analysis-3.csv;user-I051892;4;2102439832;true;0.19467592358286756;0.0;Infinity;1;B
user-I051892_session-05F964991B84D6A73AB5C73DA9CB1A97C34CB84348A55BE18FEB6A11A66B8BC9_analysis-3.csv;user-I051892;4;387991487;true;0.23375694598409114;0.0;Infinity;1;B
user-I051892_session-05F964991B84D6A73AB5C73DA9CB1A97C34CB84348A55BE18FEB6A11A66B8BC9_analysis-3.csv;user-I051892;4;-1470499403;true;0.49258418043522667;0.0;Infinity;1;B
user-I051892_session-05F964991B84D6A73AB5C73DA9CB1A97C34CB84348A55BE18FEB6A11A66B8BC9_analysis-3.csv;user-I051892;4;-1713035204;true;0.21760163089713447;0.0;Infinity;1;B
user-I051892_session-05F964991B84D6A73AB5C73DA9CB1A97C34CB84348A55BE18FEB6A11A66B8BC9_analysis-3.csv;user-I051892;4;2032094546;true;0.14253509308851164;0.0;Infinity;1;B
user-I051892_session-05F964991B84D6A73AB5C73DA9CB1A97C34CB84348A55BE18FEB6A11A66B8BC9_analysis-3.csv;user-I051892;4;243948942;true;0.3923429943336162;0.0;Infinity;1;B
user-I051892_session-05F964991B84D6A73AB5C73DA9CB1A97C34CB84348A55BE18FEB6A11A66B8BC9_analysis-3.csv;user-I051892;4;1891004452;true;0.4962434146680761;0.0;Infinity;1;B
user-I051892_session-05F964991B84D6A73AB5C73DA9CB1A97C34CB84348A55BE18FEB6A11A66B8BC9_analysis-3.csv;user-I051892;4;244683950;true;0.1583213899853526;0.0;Infinity;1;B
user-I051892_session-05F964991B84D6A73AB5C73DA9CB1A97C34CB84348A55BE18FEB6A11A66B8BC9_analysis-3.csv;user-I051892;4;-1329409309;true;0.19433157332228612;0.0;Infinity;1;B
user-I051892_session-05F964991B84D6A73AB5C73DA9CB1A97C34CB84348A55BE18FEB6A11A66B8BC9_analysis-3.csv;user-I051892;4;1413141;true;0.24283776196428963;0.0;Infinity;1;B
user-I051892_session-05F964991B84D6A73AB5C73DA9CB1A97C34CB84348A55BE18FEB6A11A66B8BC9_analysis-3.csv;user-I051892;4;2123340856;true;0.42872997107928024;0.0;Infinity;1;B
user-I051892_session-05F964991B84D6A73AB5C73DA9CB1A97C34CB84348A55BE18FEB6A11A66B8BC9_analysis-3.csv;user-I051892;4;-1402371560;true;0.06050764561025668;0.0;Infinity;1;B
user-I051892_session-05F964991B84D6A73AB5C73DA9CB1A97C34CB84348A55BE18FEB6A11A66B8BC9_analysis-3.csv;user-I051892;5;-1645642369;true;0.01810026243849716;0.0;Infinity;1;B
user-I051892_session-05F964991B84D6A73AB5C73DA9CB1A97C34CB84348A55BE18FEB6A11A66B8BC9_analysis-3.csv;user-I051892;5;1959132295;true;0.15130643161213064;0.0;Infinity;1;B
user-I051892_session-05F964991B84D6A73AB5C73DA9CB1A97C34CB84348A55BE18FEB6A11A66B8BC9_analysis-3.csv;user-I051892;5;934876582;true;0.022839442870840054;0.0;Infinity;1;B
user-I051892_session-05F964991B84D6A73AB5C73DA9CB1A97C34CB84348A55BE18FEB6A11A66B8BC9_analysis-3.csv;user-I051892;5;1052919571;true;0.16322319567494925;0.0;Infinity;1;B
user-I051892_session-05F964991B84D6A73AB5C73DA9CB1A97C34CB84348A55BE18FEB6A11A66B8BC9_analysis-3.csv;user-I051892;5;385039036;true;0.2310402455787417;0.0;Infinity;1;B
user-I051892_session-05F964991B84D6A73AB5C73DA9CB1A97C34CB84348A55BE18FEB6A11A66B8BC9_analysis-3.csv;user-I051892;5;317646201;true;0.14731664967328162;0.0;Infinity;1;B
user-I051892_session-05F964991B84D6A73AB5C73DA9CB1A97C34CB84348A55BE18FEB6A11A66B8BC9_analysis-3.csv;user-I051892;5;176556107;true;0.49372070835898196;0.0;Infinity;1;B
user-I051892_session-05F964991B84D6A73AB5C73DA9CB1A97C34CB84348A55BE18FEB6A11A66B8BC9_analysis-3.csv;user-I051892;5;408892511;true;0.37947767783584097;0.0;Infinity;1;B
user-I051892_session-05F964991B84D6A73AB5C73DA9CB1A97C34CB84348A55BE18FEB6A11A66B8BC9_analysis-3.csv;user-I051892;5;455384322;true;0.14905241204886344;0.0;Infinity;1;B
user-I051892_session-05F964991B84D6A73AB5C73DA9CB1A97C34CB84348A55BE18FEB6A11A66B8BC9_analysis-3.csv;user-I051892;5;312076785;true;0.02385946163748054;0.0;Infinity;1;B
user-I051892_session-05F964991B84D6A73AB5C73DA9CB1A97C34CB84348A55BE18FEB6A11A66B8BC9_analysis-3.csv;user-I051892;5;-1259064023;true;0.1482792825592314;0.0;Infinity;1;B
user-I051892_session-05F964991B84D6A73AB5C73DA9CB1A97C34CB84348A55BE18FEB6A11A66B8BC9_analysis-3.csv;user-I051892;5;870807567;true;0.3445872865445504;0.0;Infinity;1;B
user-I051892_session-05F964991B84D6A73AB5C73DA9CB1A97C34CB84348A55BE18FEB6A11A66B8BC9_analysis-3.csv;user-I051892;5;-661528774;true;0.20839344518354574;0.0;Infinity;1;B
user-I051892_session-05F964991B84D6A73AB5C73DA9CB1A97C34CB84348A55BE18FEB6A11A66B8BC9_analysis-3.csv;user-I051892;5;870815030;true;0.3445872865445504;0.0;Infinity;1;B
user-I051892_session-05F964991B84D6A73AB5C73DA9CB1A97C34CB84348A55BE18FEB6A11A66B8BC9_analysis-3.csv;user-I051892;5;-1709703921;true;0.44504521782426054;0.0;Infinity;1;B
user-I051892_session-05F964991B84D6A73AB5C73DA9CB1A97C34CB84348A55BE18FEB6A11A66B8BC9_analysis-3.csv;user-I051892;5;-1709711384;true;0.47084618550794355;0.0;Infinity;1;B
user-I051892_session-05F964991B84D6A73AB5C73DA9CB1A97C34CB84348A55BE18FEB6A11A66B8BC9_analysis-3.csv;user-I051892;5;2102439832;true;0.19467592358286756;0.0;Infinity;1;B
user-I051892_session-05F964991B84D6A73AB5C73DA9CB1A97C34CB84348A55BE18FEB6A11A66B8BC9_analysis-3.csv;user-I051892;5;387991487;true;0.23375694598409114;0.0;Infinity;1;B
user-I051892_session-05F964991B84D6A73AB5C73DA9CB1A97C34CB84348A55BE18FEB6A11A66B8BC9_analysis-3.csv;user-I051892;5;-1470499403;true;0.49258418043522667;0.0;Infinity;1;B
user-I051892_session-05F964991B84D6A73AB5C73DA9CB1A97C34CB84348A55BE18FEB6A11A66B8BC9_analysis-3.csv;user-I051892;5;-1713035204;true;0.21760163089713447;0.0;Infinity;1;B
user-I051892_session-05F964991B84D6A73AB5C73DA9CB1A97C34CB84348A55BE18FEB6A11A66B8BC9_analysis-3.csv;user-I051892;5;2032094546;true;0.14253509308851164;0.0;Infinity;1;B
user-I051892_session-05F964991B84D6A73AB5C73DA9CB1A97C34CB84348A55BE18FEB6A11A66B8BC9_analysis-3.csv;user-I051892;5;243948942;true;0.3923429943336162;0.0;Infinity;1;B
user-I051892_session-05F964991B84D6A73AB5C73DA9CB1A97C34CB84348A55BE18FEB6A11A66B8BC9_analysis-3.csv;user-I051892;5;1891004452;true;0.4962434146680761;0.0;Infinity;1;B
user-I051892_session-05F964991B84D6A73AB5C73DA9CB1A97C34CB84348A55BE18FEB6A11A66B8BC9_analysis-3.csv;user-I051892;5;244683950;true;0.1583213899853526;0.0;Infinity;1;B
user-I051892_session-05F964991B84D6A73AB5C73DA9CB1A97C34CB84348A55BE18FEB6A11A66B8BC9_analysis-3.csv;user-I051892;5;-1329409309;true;0.19433157332228612;0.0;Infinity;1;B
user-I051892_session-05F964991B84D6A73AB5C73DA9CB1A97C34CB84348A55BE18FEB6A11A66B8BC9_analysis-3.csv;user-I051892;5;1413141;true;0.24283776196428963;0.0;Infinity;1;B
user-I051892_session-05F964991B84D6A73AB5C73DA9CB1A97C34CB84348A55BE18FEB6A11A66B8BC9_analysis-3.csv;user-I051892;5;2123340856;true;0.42872997107928024;0.0;Infinity;1;B
user-I051892_session-05F964991B84D6A73AB5C73DA9CB1A97C34CB84348A55BE18FEB6A11A66B8BC9_analysis-3.csv;user-I051892;5;-1402371560;true;0.06050764561025668;0.0;Infinity;1;B
