session ;user;query position;cell hashcode;novelty;outlierness;relevance;surprise;query label;session label
user-I051069_session-687ECC64E4980354EB0247A82F3E2C895961472A05E14D1ACBD44B5029F9DAA2_analysis-11.csv;user-I051069;1;-1511595037;true;0.19976609709427728;0.0;Infinity;0;A
user-I051069_session-687ECC64E4980354EB0247A82F3E2C895961472A05E14D1ACBD44B5029F9DAA2_analysis-11.csv;user-I051069;1;-2017973966;true;0.04800942108401707;0.0;Infinity;0;A
user-I051069_session-687ECC64E4980354EB0247A82F3E2C895961472A05E14D1ACBD44B5029F9DAA2_analysis-11.csv;user-I051069;1;1743439715;true;0.24601821125093914;0.0;Infinity;0;A
user-I051069_session-687ECC64E4980354EB0247A82F3E2C895961472A05E14D1ACBD44B5029F9DAA2_analysis-11.csv;user-I051069;1;409923845;true;0.47149135823581745;0.0;Infinity;0;A
user-I051069_session-687ECC64E4980354EB0247A82F3E2C895961472A05E14D1ACBD44B5029F9DAA2_analysis-11.csv;user-I051069;1;852821828;true;0.41821599967594725;0.0;Infinity;0;A
user-I051069_session-687ECC64E4980354EB0247A82F3E2C895961472A05E14D1ACBD44B5029F9DAA2_analysis-11.csv;user-I051069;2;-1511595037;true;0.19976609709427728;0.0;Infinity;0;A
user-I051069_session-687ECC64E4980354EB0247A82F3E2C895961472A05E14D1ACBD44B5029F9DAA2_analysis-11.csv;user-I051069;2;-2017973966;true;0.04800942108401707;0.0;Infinity;0;A
user-I051069_session-687ECC64E4980354EB0247A82F3E2C895961472A05E14D1ACBD44B5029F9DAA2_analysis-11.csv;user-I051069;2;1743439715;true;0.24601821125093914;0.0;Infinity;0;A
user-I051069_session-687ECC64E4980354EB0247A82F3E2C895961472A05E14D1ACBD44B5029F9DAA2_analysis-11.csv;user-I051069;2;409923845;true;0.47149135823581745;0.0;Infinity;0;A
user-I051069_session-687ECC64E4980354EB0247A82F3E2C895961472A05E14D1ACBD44B5029F9DAA2_analysis-11.csv;user-I051069;2;852821828;true;0.41821599967594725;0.0;Infinity;0;A
user-I051069_session-687ECC64E4980354EB0247A82F3E2C895961472A05E14D1ACBD44B5029F9DAA2_analysis-11.csv;user-I051069;3;-1932430166;true;0.11553408414414745;0.0;Infinity;0;A
user-I051069_session-687ECC64E4980354EB0247A82F3E2C895961472A05E14D1ACBD44B5029F9DAA2_analysis-11.csv;user-I051069;3;1828983515;true;0.2136419865627157;0.0;Infinity;0;A
user-I051069_session-687ECC64E4980354EB0247A82F3E2C895961472A05E14D1ACBD44B5029F9DAA2_analysis-11.csv;user-I051069;3;938365628;true;0.31663539654050255;0.0;Infinity;0;A
user-I051069_session-687ECC64E4980354EB0247A82F3E2C895961472A05E14D1ACBD44B5029F9DAA2_analysis-11.csv;user-I051069;3;-1426051237;true;0.1876260825116598;0.0;Infinity;0;A
user-I051069_session-687ECC64E4980354EB0247A82F3E2C895961472A05E14D1ACBD44B5029F9DAA2_analysis-11.csv;user-I051069;3;495467645;true;0.16851689500562594;0.0;Infinity;0;A
