session ;user;query position;cell hashcode;novelty;outlierness;relevance;surprise;query label;session label
user-I051911_session-547BFC0A9BECA12855B0C21A1D028732A75106E4BFAC87C9590A6616878B5C90_analysis-8.csv;user-I051911;1;947275131;true;0.4620743751248536;0.0;Infinity;1;A
user-I051911_session-547BFC0A9BECA12855B0C21A1D028732A75106E4BFAC87C9590A6616878B5C90_analysis-8.csv;user-I051911;1;-696588531;true;0.40202052625463436;0.0;Infinity;1;A
user-I051911_session-547BFC0A9BECA12855B0C21A1D028732A75106E4BFAC87C9590A6616878B5C90_analysis-8.csv;user-I051911;1;-1819078776;true;0.3210569033448549;0.0;Infinity;1;A
user-I051911_session-547BFC0A9BECA12855B0C21A1D028732A75106E4BFAC87C9590A6616878B5C90_analysis-8.csv;user-I051911;1;-1931293060;true;0.3041399792330899;0.0;Infinity;1;A
user-I051911_session-547BFC0A9BECA12855B0C21A1D028732A75106E4BFAC87C9590A6616878B5C90_analysis-8.csv;user-I051911;1;-1547221344;true;0.2673515936393671;0.0;Infinity;1;A
user-I051911_session-547BFC0A9BECA12855B0C21A1D028732A75106E4BFAC87C9590A6616878B5C90_analysis-8.csv;user-I051911;1;265846614;true;0.4646054183829641;0.0;Infinity;1;A
user-I051911_session-547BFC0A9BECA12855B0C21A1D028732A75106E4BFAC87C9590A6616878B5C90_analysis-8.csv;user-I051911;1;2056954351;true;0.4156328968338652;0.0;Infinity;1;A
user-I051911_session-547BFC0A9BECA12855B0C21A1D028732A75106E4BFAC87C9590A6616878B5C90_analysis-8.csv;user-I051911;1;-674317393;true;0.29613440592702145;0.0;Infinity;1;A
user-I051911_session-547BFC0A9BECA12855B0C21A1D028732A75106E4BFAC87C9590A6616878B5C90_analysis-8.csv;user-I051911;1;-556596438;true;0.43937621292052653;0.0;Infinity;1;A
user-I051911_session-547BFC0A9BECA12855B0C21A1D028732A75106E4BFAC87C9590A6616878B5C90_analysis-8.csv;user-I051911;1;80149589;true;0.3751646720471842;0.0;Infinity;1;A
user-I051911_session-547BFC0A9BECA12855B0C21A1D028732A75106E4BFAC87C9590A6616878B5C90_analysis-8.csv;user-I051911;1;147373889;true;0.2952831717136408;0.0;Infinity;1;A
user-I051911_session-547BFC0A9BECA12855B0C21A1D028732A75106E4BFAC87C9590A6616878B5C90_analysis-8.csv;user-I051911;1;-1923901124;true;0.366738230477323;0.0;Infinity;1;A
user-I051911_session-547BFC0A9BECA12855B0C21A1D028732A75106E4BFAC87C9590A6616878B5C90_analysis-8.csv;user-I051911;1;265865297;true;6.661338147750939E-16;0.0;Infinity;1;A
user-I051911_session-547BFC0A9BECA12855B0C21A1D028732A75106E4BFAC87C9590A6616878B5C90_analysis-8.csv;user-I051911;1;1369484066;true;0.21557710587883694;0.0;Infinity;1;A
user-I051911_session-547BFC0A9BECA12855B0C21A1D028732A75106E4BFAC87C9590A6616878B5C90_analysis-8.csv;user-I051911;1;1278709140;true;0.48080014000917326;0.0;Infinity;1;A
user-I051911_session-547BFC0A9BECA12855B0C21A1D028732A75106E4BFAC87C9590A6616878B5C90_analysis-8.csv;user-I051911;1;-1994395116;true;0.2747388374187614;0.0;Infinity;1;A
user-I051911_session-547BFC0A9BECA12855B0C21A1D028732A75106E4BFAC87C9590A6616878B5C90_analysis-8.csv;user-I051911;1;-953338193;true;0.419081910060664;0.0;Infinity;1;A
user-I051911_session-547BFC0A9BECA12855B0C21A1D028732A75106E4BFAC87C9590A6616878B5C90_analysis-8.csv;user-I051911;1;1919103517;true;0.45828071991882335;0.0;Infinity;1;A
user-I051911_session-547BFC0A9BECA12855B0C21A1D028732A75106E4BFAC87C9590A6616878B5C90_analysis-8.csv;user-I051911;1;-1573481821;true;0.3873055882664189;0.0;Infinity;1;A
user-I051911_session-547BFC0A9BECA12855B0C21A1D028732A75106E4BFAC87C9590A6616878B5C90_analysis-8.csv;user-I051911;1;313744083;true;0.45294272018980797;0.0;Infinity;1;A
user-I051911_session-547BFC0A9BECA12855B0C21A1D028732A75106E4BFAC87C9590A6616878B5C90_analysis-8.csv;user-I051911;1;-1927819803;true;0.3256335009945567;0.0;Infinity;1;A
user-I051911_session-547BFC0A9BECA12855B0C21A1D028732A75106E4BFAC87C9590A6616878B5C90_analysis-8.csv;user-I051911;1;-120341633;true;0.4218550254995821;0.0;Infinity;1;A
user-I051911_session-547BFC0A9BECA12855B0C21A1D028732A75106E4BFAC87C9590A6616878B5C90_analysis-8.csv;user-I051911;1;669822005;true;0.35956615744100706;0.0;Infinity;1;A
user-I051911_session-547BFC0A9BECA12855B0C21A1D028732A75106E4BFAC87C9590A6616878B5C90_analysis-8.csv;user-I051911;1;147838331;true;0.3760996467825428;0.0;Infinity;1;A
user-I051911_session-547BFC0A9BECA12855B0C21A1D028732A75106E4BFAC87C9590A6616878B5C90_analysis-8.csv;user-I051911;1;-1526883593;true;0.3533587418774611;0.0;Infinity;1;A
user-I051911_session-547BFC0A9BECA12855B0C21A1D028732A75106E4BFAC87C9590A6616878B5C90_analysis-8.csv;user-I051911;1;1823981392;true;0.47474290020255183;0.0;Infinity;1;A
user-I051911_session-547BFC0A9BECA12855B0C21A1D028732A75106E4BFAC87C9590A6616878B5C90_analysis-8.csv;user-I051911;1;476404076;true;0.34654657716660375;0.0;Infinity;1;A
user-I051911_session-547BFC0A9BECA12855B0C21A1D028732A75106E4BFAC87C9590A6616878B5C90_analysis-8.csv;user-I051911;1;-615936725;true;0.4630531871113377;0.0;Infinity;1;A
user-I051911_session-547BFC0A9BECA12855B0C21A1D028732A75106E4BFAC87C9590A6616878B5C90_analysis-8.csv;user-I051911;1;-550695482;true;0.4356104422631514;0.0;Infinity;1;A
user-I051911_session-547BFC0A9BECA12855B0C21A1D028732A75106E4BFAC87C9590A6616878B5C90_analysis-8.csv;user-I051911;1;197994547;true;0.03616212936291041;0.0;Infinity;1;A
user-I051911_session-547BFC0A9BECA12855B0C21A1D028732A75106E4BFAC87C9590A6616878B5C90_analysis-8.csv;user-I051911;1;519927879;true;0.33254777740799546;0.0;Infinity;1;A
user-I051911_session-547BFC0A9BECA12855B0C21A1D028732A75106E4BFAC87C9590A6616878B5C90_analysis-8.csv;user-I051911;1;-1915956658;true;0.34068689237318717;0.0;Infinity;1;A
user-I051911_session-547BFC0A9BECA12855B0C21A1D028732A75106E4BFAC87C9590A6616878B5C90_analysis-8.csv;user-I051911;1;-1248194893;true;0.18186698151884118;0.0;Infinity;1;A
user-I051911_session-547BFC0A9BECA12855B0C21A1D028732A75106E4BFAC87C9590A6616878B5C90_analysis-8.csv;user-I051911;1;-493224016;true;0.3142428541730058;0.0;Infinity;1;A
user-I051911_session-547BFC0A9BECA12855B0C21A1D028732A75106E4BFAC87C9590A6616878B5C90_analysis-8.csv;user-I051911;1;-280733465;true;0.4218550254995821;0.0;Infinity;1;A
user-I051911_session-547BFC0A9BECA12855B0C21A1D028732A75106E4BFAC87C9590A6616878B5C90_analysis-8.csv;user-I051911;1;-408163259;true;0.45925860853630673;0.0;Infinity;1;A
user-I051911_session-547BFC0A9BECA12855B0C21A1D028732A75106E4BFAC87C9590A6616878B5C90_analysis-8.csv;user-I051911;1;1297550216;true;0.2298219880028456;0.0;Infinity;1;A
user-I051911_session-547BFC0A9BECA12855B0C21A1D028732A75106E4BFAC87C9590A6616878B5C90_analysis-8.csv;user-I051911;1;2032228834;true;0.36553957021883;0.0;Infinity;1;A
user-I051911_session-547BFC0A9BECA12855B0C21A1D028732A75106E4BFAC87C9590A6616878B5C90_analysis-8.csv;user-I051911;1;-968866071;true;0.470939072654035;0.0;Infinity;1;A
user-I051911_session-547BFC0A9BECA12855B0C21A1D028732A75106E4BFAC87C9590A6616878B5C90_analysis-8.csv;user-I051911;1;-1923171105;true;0.3824352375962624;0.0;Infinity;1;A
user-I051911_session-547BFC0A9BECA12855B0C21A1D028732A75106E4BFAC87C9590A6616878B5C90_analysis-8.csv;user-I051911;1;26297124;true;0.4858792461578201;0.0;Infinity;1;A
user-I051911_session-547BFC0A9BECA12855B0C21A1D028732A75106E4BFAC87C9590A6616878B5C90_analysis-8.csv;user-I051911;1;14523296;true;0.32219854211792587;0.0;Infinity;1;A
user-I051911_session-547BFC0A9BECA12855B0C21A1D028732A75106E4BFAC87C9590A6616878B5C90_analysis-8.csv;user-I051911;1;262295217;true;0.36553957021883;0.0;Infinity;1;A
user-I051911_session-547BFC0A9BECA12855B0C21A1D028732A75106E4BFAC87C9590A6616878B5C90_analysis-8.csv;user-I051911;1;-760678824;true;0.47065209453768286;0.0;Infinity;1;A
user-I051911_session-547BFC0A9BECA12855B0C21A1D028732A75106E4BFAC87C9590A6616878B5C90_analysis-8.csv;user-I051911;1;941306386;true;0.23273291612619307;0.0;Infinity;1;A
user-I051911_session-547BFC0A9BECA12855B0C21A1D028732A75106E4BFAC87C9590A6616878B5C90_analysis-8.csv;user-I051911;1;712519710;true;0.3775834132707916;0.0;Infinity;1;A
user-I051911_session-547BFC0A9BECA12855B0C21A1D028732A75106E4BFAC87C9590A6616878B5C90_analysis-8.csv;user-I051911;1;902387474;true;0.37154577282239254;0.0;Infinity;1;A
user-I051911_session-547BFC0A9BECA12855B0C21A1D028732A75106E4BFAC87C9590A6616878B5C90_analysis-8.csv;user-I051911;1;368494551;true;0.34654657716660375;0.0;Infinity;1;A
user-I051911_session-547BFC0A9BECA12855B0C21A1D028732A75106E4BFAC87C9590A6616878B5C90_analysis-8.csv;user-I051911;1;122221514;true;0.2822253375625112;0.0;Infinity;1;A
user-I051911_session-547BFC0A9BECA12855B0C21A1D028732A75106E4BFAC87C9590A6616878B5C90_analysis-8.csv;user-I051911;1;-522565162;true;0.35481192914365667;0.0;Infinity;1;A
user-I051911_session-547BFC0A9BECA12855B0C21A1D028732A75106E4BFAC87C9590A6616878B5C90_analysis-8.csv;user-I051911;1;933534132;true;0.3751646720471842;0.0;Infinity;1;A
user-I051911_session-547BFC0A9BECA12855B0C21A1D028732A75106E4BFAC87C9590A6616878B5C90_analysis-8.csv;user-I051911;1;-1925243752;true;0.3983278555552201;0.0;Infinity;1;A
user-I051911_session-547BFC0A9BECA12855B0C21A1D028732A75106E4BFAC87C9590A6616878B5C90_analysis-8.csv;user-I051911;1;-166094052;true;0.43937621292052653;0.0;Infinity;1;A
user-I051911_session-547BFC0A9BECA12855B0C21A1D028732A75106E4BFAC87C9590A6616878B5C90_analysis-8.csv;user-I051911;1;-1382366938;true;0.37637343583112703;0.0;Infinity;1;A
user-I051911_session-547BFC0A9BECA12855B0C21A1D028732A75106E4BFAC87C9590A6616878B5C90_analysis-8.csv;user-I051911;1;-1193408965;true;0.4620743751248536;0.0;Infinity;1;A
user-I051911_session-547BFC0A9BECA12855B0C21A1D028732A75106E4BFAC87C9590A6616878B5C90_analysis-8.csv;user-I051911;1;2075054080;true;0.4141098762068066;0.0;Infinity;1;A
user-I051911_session-547BFC0A9BECA12855B0C21A1D028732A75106E4BFAC87C9590A6616878B5C90_analysis-8.csv;user-I051911;1;399572284;true;0.36407130705144086;0.0;Infinity;1;A
user-I051911_session-547BFC0A9BECA12855B0C21A1D028732A75106E4BFAC87C9590A6616878B5C90_analysis-8.csv;user-I051911;1;1940221885;true;0.42157283426825454;0.0;Infinity;1;A
user-I051911_session-547BFC0A9BECA12855B0C21A1D028732A75106E4BFAC87C9590A6616878B5C90_analysis-8.csv;user-I051911;1;-2081506012;true;0.3664667213869779;0.0;Infinity;1;A
user-I051911_session-547BFC0A9BECA12855B0C21A1D028732A75106E4BFAC87C9590A6616878B5C90_analysis-8.csv;user-I051911;1;1045771367;true;0.4178376566481634;0.0;Infinity;1;A
user-I051911_session-547BFC0A9BECA12855B0C21A1D028732A75106E4BFAC87C9590A6616878B5C90_analysis-8.csv;user-I051911;1;1648019259;true;0.47065209453768286;0.0;Infinity;1;A
user-I051911_session-547BFC0A9BECA12855B0C21A1D028732A75106E4BFAC87C9590A6616878B5C90_analysis-8.csv;user-I051911;1;908244194;true;0.41314986403177323;0.0;Infinity;1;A
user-I051911_session-547BFC0A9BECA12855B0C21A1D028732A75106E4BFAC87C9590A6616878B5C90_analysis-8.csv;user-I051911;1;-10462979;true;0.13859135896710162;0.0;Infinity;1;A
user-I051911_session-547BFC0A9BECA12855B0C21A1D028732A75106E4BFAC87C9590A6616878B5C90_analysis-8.csv;user-I051911;1;1347604697;true;0.3153742243155073;0.0;Infinity;1;A
user-I051911_session-547BFC0A9BECA12855B0C21A1D028732A75106E4BFAC87C9590A6616878B5C90_analysis-8.csv;user-I051911;1;227978614;true;0.4280967235899775;0.0;Infinity;1;A
user-I051911_session-547BFC0A9BECA12855B0C21A1D028732A75106E4BFAC87C9590A6616878B5C90_analysis-8.csv;user-I051911;1;-98482110;true;0.41190964262851826;0.0;Infinity;1;A
user-I051911_session-547BFC0A9BECA12855B0C21A1D028732A75106E4BFAC87C9590A6616878B5C90_analysis-8.csv;user-I051911;1;-2084376718;true;0.31877870175151446;0.0;Infinity;1;A
user-I051911_session-547BFC0A9BECA12855B0C21A1D028732A75106E4BFAC87C9590A6616878B5C90_analysis-8.csv;user-I051911;1;-798139290;true;0.3958711014682429;0.0;Infinity;1;A
user-I051911_session-547BFC0A9BECA12855B0C21A1D028732A75106E4BFAC87C9590A6616878B5C90_analysis-8.csv;user-I051911;1;36764264;true;0.2768678134554716;0.0;Infinity;1;A
user-I051911_session-547BFC0A9BECA12855B0C21A1D028732A75106E4BFAC87C9590A6616878B5C90_analysis-8.csv;user-I051911;1;1493948692;true;0.4406327073419657;0.0;Infinity;1;A
user-I051911_session-547BFC0A9BECA12855B0C21A1D028732A75106E4BFAC87C9590A6616878B5C90_analysis-8.csv;user-I051911;1;-1919706463;true;0.45168091793945264;0.0;Infinity;1;A
user-I051911_session-547BFC0A9BECA12855B0C21A1D028732A75106E4BFAC87C9590A6616878B5C90_analysis-8.csv;user-I051911;1;-556426347;true;0.47601137175635366;0.0;Infinity;1;A
user-I051911_session-547BFC0A9BECA12855B0C21A1D028732A75106E4BFAC87C9590A6616878B5C90_analysis-8.csv;user-I051911;1;750567158;true;0.44034816522102094;0.0;Infinity;1;A
user-I051911_session-547BFC0A9BECA12855B0C21A1D028732A75106E4BFAC87C9590A6616878B5C90_analysis-8.csv;user-I051911;1;-1996508628;true;0.35599840236626357;0.0;Infinity;1;A
user-I051911_session-547BFC0A9BECA12855B0C21A1D028732A75106E4BFAC87C9590A6616878B5C90_analysis-8.csv;user-I051911;1;1927486811;true;0.3153742243155073;0.0;Infinity;1;A
user-I051911_session-547BFC0A9BECA12855B0C21A1D028732A75106E4BFAC87C9590A6616878B5C90_analysis-8.csv;user-I051911;1;-1994354068;true;0.11235549280548685;0.0;Infinity;1;A
user-I051911_session-547BFC0A9BECA12855B0C21A1D028732A75106E4BFAC87C9590A6616878B5C90_analysis-8.csv;user-I051911;1;571390008;true;0.4719196941872066;0.0;Infinity;1;A
user-I051911_session-547BFC0A9BECA12855B0C21A1D028732A75106E4BFAC87C9590A6616878B5C90_analysis-8.csv;user-I051911;1;-1288278274;true;0.2590335220961226;0.0;Infinity;1;A
user-I051911_session-547BFC0A9BECA12855B0C21A1D028732A75106E4BFAC87C9590A6616878B5C90_analysis-8.csv;user-I051911;1;156474449;true;0.4823571200828194;0.0;Infinity;1;A
user-I051911_session-547BFC0A9BECA12855B0C21A1D028732A75106E4BFAC87C9590A6616878B5C90_analysis-8.csv;user-I051911;1;1810132345;true;0.37637343583112703;0.0;Infinity;1;A
user-I051911_session-547BFC0A9BECA12855B0C21A1D028732A75106E4BFAC87C9590A6616878B5C90_analysis-8.csv;user-I051911;1;787706472;true;0.3267818041549936;0.0;Infinity;1;A
user-I051911_session-547BFC0A9BECA12855B0C21A1D028732A75106E4BFAC87C9590A6616878B5C90_analysis-8.csv;user-I051911;1;-1932514430;true;0.37247787695600265;0.0;Infinity;1;A
user-I051911_session-547BFC0A9BECA12855B0C21A1D028732A75106E4BFAC87C9590A6616878B5C90_analysis-8.csv;user-I051911;1;1905525470;true;0.3153742243155073;0.0;Infinity;1;A
user-I051911_session-547BFC0A9BECA12855B0C21A1D028732A75106E4BFAC87C9590A6616878B5C90_analysis-8.csv;user-I051911;1;1766166355;true;0.416594225160854;0.0;Infinity;1;A
user-I051911_session-547BFC0A9BECA12855B0C21A1D028732A75106E4BFAC87C9590A6616878B5C90_analysis-8.csv;user-I051911;1;-270063146;true;0.43435646432446573;0.0;Infinity;1;A
user-I051911_session-547BFC0A9BECA12855B0C21A1D028732A75106E4BFAC87C9590A6616878B5C90_analysis-8.csv;user-I051911;1;386702538;true;0.4218550254995821;0.0;Infinity;1;A
user-I051911_session-547BFC0A9BECA12855B0C21A1D028732A75106E4BFAC87C9590A6616878B5C90_analysis-8.csv;user-I051911;1;-794977262;true;0.4007886463060545;0.0;Infinity;1;A
user-I051911_session-547BFC0A9BECA12855B0C21A1D028732A75106E4BFAC87C9590A6616878B5C90_analysis-8.csv;user-I051911;1;-1927096937;true;0.4719196941872066;0.0;Infinity;1;A
user-I051911_session-547BFC0A9BECA12855B0C21A1D028732A75106E4BFAC87C9590A6616878B5C90_analysis-8.csv;user-I051911;1;-1925615307;true;0.43937621292052653;0.0;Infinity;1;A
user-I051911_session-547BFC0A9BECA12855B0C21A1D028732A75106E4BFAC87C9590A6616878B5C90_analysis-8.csv;user-I051911;1;-1931506257;true;0.39464426723681945;0.0;Infinity;1;A
user-I051911_session-547BFC0A9BECA12855B0C21A1D028732A75106E4BFAC87C9590A6616878B5C90_analysis-8.csv;user-I051911;1;1220599020;true;0.4168756842125444;0.0;Infinity;1;A
user-I051911_session-547BFC0A9BECA12855B0C21A1D028732A75106E4BFAC87C9590A6616878B5C90_analysis-8.csv;user-I051911;1;-1783452447;true;0.41190964262851826;0.0;Infinity;1;A
user-I051911_session-547BFC0A9BECA12855B0C21A1D028732A75106E4BFAC87C9590A6616878B5C90_analysis-8.csv;user-I051911;1;492641982;true;0.3210569033448549;0.0;Infinity;1;A
user-I051911_session-547BFC0A9BECA12855B0C21A1D028732A75106E4BFAC87C9590A6616878B5C90_analysis-8.csv;user-I051911;1;-1922476457;true;0.3210569033448549;0.0;Infinity;1;A
user-I051911_session-547BFC0A9BECA12855B0C21A1D028732A75106E4BFAC87C9590A6616878B5C90_analysis-8.csv;user-I051911;1;-1993972363;true;0.419081910060664;0.0;Infinity;1;A
user-I051911_session-547BFC0A9BECA12855B0C21A1D028732A75106E4BFAC87C9590A6616878B5C90_analysis-8.csv;user-I051911;1;606492928;true;0.11296484320665234;0.0;Infinity;1;A
user-I051911_session-547BFC0A9BECA12855B0C21A1D028732A75106E4BFAC87C9590A6616878B5C90_analysis-8.csv;user-I051911;1;618539162;true;0.3739571329562772;0.0;Infinity;1;A
user-I051911_session-547BFC0A9BECA12855B0C21A1D028732A75106E4BFAC87C9590A6616878B5C90_analysis-8.csv;user-I051911;1;-1780443569;true;0.43783606393373076;0.0;Infinity;1;A
user-I051911_session-547BFC0A9BECA12855B0C21A1D028732A75106E4BFAC87C9590A6616878B5C90_analysis-8.csv;user-I051911;1;463903233;true;0.3897474853689016;0.0;Infinity;1;A
user-I051911_session-547BFC0A9BECA12855B0C21A1D028732A75106E4BFAC87C9590A6616878B5C90_analysis-8.csv;user-I051911;1;1278831187;true;0.2631757691097061;0.0;Infinity;1;A
user-I051911_session-547BFC0A9BECA12855B0C21A1D028732A75106E4BFAC87C9590A6616878B5C90_analysis-8.csv;user-I051911;1;-1853706438;true;0.4820696566464796;0.0;Infinity;1;A
user-I051911_session-547BFC0A9BECA12855B0C21A1D028732A75106E4BFAC87C9590A6616878B5C90_analysis-8.csv;user-I051911;1;1868654789;true;0.46333971125697415;0.0;Infinity;1;A
user-I051911_session-547BFC0A9BECA12855B0C21A1D028732A75106E4BFAC87C9590A6616878B5C90_analysis-8.csv;user-I051911;1;-2144768379;true;0.4643188113540181;0.0;Infinity;1;A
user-I051911_session-547BFC0A9BECA12855B0C21A1D028732A75106E4BFAC87C9590A6616878B5C90_analysis-8.csv;user-I051911;1;342513488;true;0.46967170186802865;0.0;Infinity;1;A
user-I051911_session-547BFC0A9BECA12855B0C21A1D028732A75106E4BFAC87C9590A6616878B5C90_analysis-8.csv;user-I051911;1;-2104258077;true;0.45701699492952574;0.0;Infinity;1;A
user-I051911_session-547BFC0A9BECA12855B0C21A1D028732A75106E4BFAC87C9590A6616878B5C90_analysis-8.csv;user-I051911;1;-1916499365;true;0.3030264230678362;0.0;Infinity;1;A
user-I051911_session-547BFC0A9BECA12855B0C21A1D028732A75106E4BFAC87C9590A6616878B5C90_analysis-8.csv;user-I051911;1;625906150;true;0.3019146948541611;0.0;Infinity;1;A
user-I051911_session-547BFC0A9BECA12855B0C21A1D028732A75106E4BFAC87C9590A6616878B5C90_analysis-8.csv;user-I051911;1;1726987481;true;0.3489008679690717;0.0;Infinity;1;A
user-I051911_session-547BFC0A9BECA12855B0C21A1D028732A75106E4BFAC87C9590A6616878B5C90_analysis-8.csv;user-I051911;1;272384737;true;0.34185581308859114;0.0;Infinity;1;A
user-I051911_session-547BFC0A9BECA12855B0C21A1D028732A75106E4BFAC87C9590A6616878B5C90_analysis-8.csv;user-I051911;1;-1994100790;true;0.48080014000917326;0.0;Infinity;1;A
user-I051911_session-547BFC0A9BECA12855B0C21A1D028732A75106E4BFAC87C9590A6616878B5C90_analysis-8.csv;user-I051911;1;-47960612;true;0.3008048028550936;0.0;Infinity;1;A
user-I051911_session-547BFC0A9BECA12855B0C21A1D028732A75106E4BFAC87C9590A6616878B5C90_analysis-8.csv;user-I051911;1;-1357760036;true;0.46840463827178125;0.0;Infinity;1;A
user-I051911_session-547BFC0A9BECA12855B0C21A1D028732A75106E4BFAC87C9590A6616878B5C90_analysis-8.csv;user-I051911;1;-1039704277;true;0.44818379481866366;0.0;Infinity;1;A
user-I051911_session-547BFC0A9BECA12855B0C21A1D028732A75106E4BFAC87C9590A6616878B5C90_analysis-8.csv;user-I051911;1;-1341338224;true;0.2974862260115402;0.0;Infinity;1;A
user-I051911_session-547BFC0A9BECA12855B0C21A1D028732A75106E4BFAC87C9590A6616878B5C90_analysis-8.csv;user-I051911;1;-1916934525;true;0.4630531871113377;0.0;Infinity;1;A
user-I051911_session-547BFC0A9BECA12855B0C21A1D028732A75106E4BFAC87C9590A6616878B5C90_analysis-8.csv;user-I051911;1;-92397457;true;0.39464426723681945;0.0;Infinity;1;A
user-I051911_session-547BFC0A9BECA12855B0C21A1D028732A75106E4BFAC87C9590A6616878B5C90_analysis-8.csv;user-I051911;1;-1496970314;true;0.35481192914365667;0.0;Infinity;1;A
user-I051911_session-547BFC0A9BECA12855B0C21A1D028732A75106E4BFAC87C9590A6616878B5C90_analysis-8.csv;user-I051911;1;1178815607;true;0.33951949960136096;0.0;Infinity;1;A
user-I051911_session-547BFC0A9BECA12855B0C21A1D028732A75106E4BFAC87C9590A6616878B5C90_analysis-8.csv;user-I051911;1;2134863406;true;0.3313913531154098;0.0;Infinity;1;A
user-I051911_session-547BFC0A9BECA12855B0C21A1D028732A75106E4BFAC87C9590A6616878B5C90_analysis-8.csv;user-I051911;1;-1167972951;true;0.4156328968338652;0.0;Infinity;1;A
user-I051911_session-547BFC0A9BECA12855B0C21A1D028732A75106E4BFAC87C9590A6616878B5C90_analysis-8.csv;user-I051911;1;-1931506199;true;0.44034816522102094;0.0;Infinity;1;A
user-I051911_session-547BFC0A9BECA12855B0C21A1D028732A75106E4BFAC87C9590A6616878B5C90_analysis-8.csv;user-I051911;1;304814471;true;0.38852598613371325;0.0;Infinity;1;A
user-I051911_session-547BFC0A9BECA12855B0C21A1D028732A75106E4BFAC87C9590A6616878B5C90_analysis-8.csv;user-I051911;1;-758798382;true;0.3427611144297862;0.0;Infinity;1;A
user-I051911_session-547BFC0A9BECA12855B0C21A1D028732A75106E4BFAC87C9590A6616878B5C90_analysis-8.csv;user-I051911;1;519818112;true;0.3512609902785784;0.0;Infinity;1;A
user-I051911_session-547BFC0A9BECA12855B0C21A1D028732A75106E4BFAC87C9590A6616878B5C90_analysis-8.csv;user-I051911;1;-652984709;true;0.2974862260115402;0.0;Infinity;1;A
user-I051911_session-547BFC0A9BECA12855B0C21A1D028732A75106E4BFAC87C9590A6616878B5C90_analysis-8.csv;user-I051911;1;-1863086215;true;0.35956615744100706;0.0;Infinity;1;A
user-I051911_session-547BFC0A9BECA12855B0C21A1D028732A75106E4BFAC87C9590A6616878B5C90_analysis-8.csv;user-I051911;1;1734055342;true;0.25800325368069976;0.0;Infinity;1;A
user-I051911_session-547BFC0A9BECA12855B0C21A1D028732A75106E4BFAC87C9590A6616878B5C90_analysis-8.csv;user-I051911;1;-1918775257;true;0.34042244286518775;0.0;Infinity;1;A
user-I051911_session-547BFC0A9BECA12855B0C21A1D028732A75106E4BFAC87C9590A6616878B5C90_analysis-8.csv;user-I051911;1;-1916347775;true;0.4887073413880736;0.0;Infinity;1;A
user-I051911_session-547BFC0A9BECA12855B0C21A1D028732A75106E4BFAC87C9590A6616878B5C90_analysis-8.csv;user-I051911;1;-2057927220;true;0.45575370445666064;0.0;Infinity;1;A
user-I051911_session-547BFC0A9BECA12855B0C21A1D028732A75106E4BFAC87C9590A6616878B5C90_analysis-8.csv;user-I051911;1;1933273126;true;0.3302365341922001;0.0;Infinity;1;A
user-I051911_session-547BFC0A9BECA12855B0C21A1D028732A75106E4BFAC87C9590A6616878B5C90_analysis-8.csv;user-I051911;1;1613530915;true;0.3512609902785784;0.0;Infinity;1;A
user-I051911_session-547BFC0A9BECA12855B0C21A1D028732A75106E4BFAC87C9590A6616878B5C90_analysis-8.csv;user-I051911;1;-1994297368;true;0.4331031465169285;0.0;Infinity;1;A
user-I051911_session-547BFC0A9BECA12855B0C21A1D028732A75106E4BFAC87C9590A6616878B5C90_analysis-8.csv;user-I051911;1;-410779280;true;0.38852598613371325;0.0;Infinity;1;A
user-I051911_session-547BFC0A9BECA12855B0C21A1D028732A75106E4BFAC87C9590A6616878B5C90_analysis-8.csv;user-I051911;1;1363463402;true;0.3934184769860939;0.0;Infinity;1;A
user-I051911_session-547BFC0A9BECA12855B0C21A1D028732A75106E4BFAC87C9590A6616878B5C90_analysis-8.csv;user-I051911;1;-1994297365;true;0.3346027131532048;0.0;Infinity;1;A
user-I051911_session-547BFC0A9BECA12855B0C21A1D028732A75106E4BFAC87C9590A6616878B5C90_analysis-8.csv;user-I051911;1;115735789;true;4.0665337763812204E-10;0.0;Infinity;1;A
user-I051911_session-547BFC0A9BECA12855B0C21A1D028732A75106E4BFAC87C9590A6616878B5C90_analysis-8.csv;user-I051911;1;-30924068;true;0.3451058275253711;0.0;Infinity;1;A
user-I051911_session-547BFC0A9BECA12855B0C21A1D028732A75106E4BFAC87C9590A6616878B5C90_analysis-8.csv;user-I051911;1;-1583520085;true;0.3074915320482815;0.0;Infinity;1;A
user-I051911_session-547BFC0A9BECA12855B0C21A1D028732A75106E4BFAC87C9590A6616878B5C90_analysis-8.csv;user-I051911;1;1413813302;true;0.42310184821602803;0.0;Infinity;1;A
user-I051911_session-547BFC0A9BECA12855B0C21A1D028732A75106E4BFAC87C9590A6616878B5C90_analysis-8.csv;user-I051911;1;-1058467764;true;0.35599840236626357;0.0;Infinity;1;A
user-I051911_session-547BFC0A9BECA12855B0C21A1D028732A75106E4BFAC87C9590A6616878B5C90_analysis-8.csv;user-I051911;1;-1521662773;true;0.33835364460750583;0.0;Infinity;1;A
user-I051911_session-547BFC0A9BECA12855B0C21A1D028732A75106E4BFAC87C9590A6616878B5C90_analysis-8.csv;user-I051911;1;-1543067128;true;0.4795308180690113;0.0;Infinity;1;A
user-I051911_session-547BFC0A9BECA12855B0C21A1D028732A75106E4BFAC87C9590A6616878B5C90_analysis-8.csv;user-I051911;1;535014350;true;0.3288224524790977;0.0;Infinity;1;A
user-I051911_session-547BFC0A9BECA12855B0C21A1D028732A75106E4BFAC87C9590A6616878B5C90_analysis-8.csv;user-I051911;1;794499746;true;0.35008020526951955;0.0;Infinity;1;A
user-I051911_session-547BFC0A9BECA12855B0C21A1D028732A75106E4BFAC87C9590A6616878B5C90_analysis-8.csv;user-I051911;1;-1925791287;true;0.38852598613371325;0.0;Infinity;1;A
user-I051911_session-547BFC0A9BECA12855B0C21A1D028732A75106E4BFAC87C9590A6616878B5C90_analysis-8.csv;user-I051911;1;-1184874232;true;0.31398693651712895;0.0;Infinity;1;A
user-I051911_session-547BFC0A9BECA12855B0C21A1D028732A75106E4BFAC87C9590A6616878B5C90_analysis-8.csv;user-I051911;1;462597389;true;0.30973488658633774;0.0;Infinity;1;A
user-I051911_session-547BFC0A9BECA12855B0C21A1D028732A75106E4BFAC87C9590A6616878B5C90_analysis-8.csv;user-I051911;1;-765413599;true;0.45673092839118457;0.0;Infinity;1;A
user-I051911_session-547BFC0A9BECA12855B0C21A1D028732A75106E4BFAC87C9590A6616878B5C90_analysis-8.csv;user-I051911;1;-1994194205;true;0.40325338029907665;0.0;Infinity;1;A
user-I051911_session-547BFC0A9BECA12855B0C21A1D028732A75106E4BFAC87C9590A6616878B5C90_analysis-8.csv;user-I051911;1;1527786133;true;0.45925860853630673;0.0;Infinity;1;A
user-I051911_session-547BFC0A9BECA12855B0C21A1D028732A75106E4BFAC87C9590A6616878B5C90_analysis-8.csv;user-I051911;1;2054134643;true;0.08581143311407469;0.0;Infinity;1;A
user-I051911_session-547BFC0A9BECA12855B0C21A1D028732A75106E4BFAC87C9590A6616878B5C90_analysis-8.csv;user-I051911;1;224269403;true;0.38094564737541703;0.0;Infinity;1;A
user-I051911_session-547BFC0A9BECA12855B0C21A1D028732A75106E4BFAC87C9590A6616878B5C90_analysis-8.csv;user-I051911;1;-1933044171;true;0.3873055882664189;0.0;Infinity;1;A
user-I051911_session-547BFC0A9BECA12855B0C21A1D028732A75106E4BFAC87C9590A6616878B5C90_analysis-8.csv;user-I051911;1;1228345934;true;0.4620743751248536;0.0;Infinity;1;A
user-I051911_session-547BFC0A9BECA12855B0C21A1D028732A75106E4BFAC87C9590A6616878B5C90_analysis-8.csv;user-I051911;1;-1928027335;true;0.40325338029907665;0.0;Infinity;1;A
user-I051911_session-547BFC0A9BECA12855B0C21A1D028732A75106E4BFAC87C9590A6616878B5C90_analysis-8.csv;user-I051911;1;-1301247007;true;0.279004837077248;0.0;Infinity;1;A
user-I051911_session-547BFC0A9BECA12855B0C21A1D028732A75106E4BFAC87C9590A6616878B5C90_analysis-8.csv;user-I051911;1;-1704141758;true;0.3185212210466768;0.0;Infinity;1;A
user-I051911_session-547BFC0A9BECA12855B0C21A1D028732A75106E4BFAC87C9590A6616878B5C90_analysis-8.csv;user-I051911;1;795612719;true;0.38094564737541703;0.0;Infinity;1;A
