session ;user;query position;cell hashcode;novelty;outlierness;relevance;surprise;query label;session label
user-I316785_session-0001BDAD11490DEA53791D77A9DD35BBD6DDA9EC2E01D78617538C4CBBFE4521_analysis-2.csv;user-I316785;1;-1301761052;true;0.4386460669144113;0.0;Infinity;0;A
user-I316785_session-0001BDAD11490DEA53791D77A9DD35BBD6DDA9EC2E01D78617538C4CBBFE4521_analysis-2.csv;user-I316785;1;793000790;true;0.29232356364235423;0.0;Infinity;0;A
user-I316785_session-0001BDAD11490DEA53791D77A9DD35BBD6DDA9EC2E01D78617538C4CBBFE4521_analysis-2.csv;user-I316785;1;651910696;true;0.4359409861715702;0.0;Infinity;0;A
user-I316785_session-0001BDAD11490DEA53791D77A9DD35BBD6DDA9EC2E01D78617538C4CBBFE4521_analysis-2.csv;user-I316785;1;-1237680615;true;0.4367852247422749;0.0;Infinity;0;A
user-I316785_session-0001BDAD11490DEA53791D77A9DD35BBD6DDA9EC2E01D78617538C4CBBFE4521_analysis-2.csv;user-I316785;1;863346076;true;0.09495381216611842;0.0;Infinity;0;A
user-I316785_session-0001BDAD11490DEA53791D77A9DD35BBD6DDA9EC2E01D78617538C4CBBFE4521_analysis-2.csv;user-I316785;1;720038539;true;0.044078330795545906;0.0;Infinity;0;A
