session ;user;query position;cell hashcode;novelty;outlierness;relevance;surprise;query label;session label
user-a_session-3C604A43A349CDC4130E5F83A8625EE6C83A2283F66A05BD44300AE9E67250DE_analysis-1.csv;user-a;1;1085702289;true;0.4283303742348382;0.0;Infinity;0;B
user-a_session-3C604A43A349CDC4130E5F83A8625EE6C83A2283F66A05BD44300AE9E67250DE_analysis-1.csv;user-a;1;-1023256855;true;0.29500057843984506;0.0;Infinity;0;B
user-a_session-3C604A43A349CDC4130E5F83A8625EE6C83A2283F66A05BD44300AE9E67250DE_analysis-1.csv;user-a;1;-2093678140;true;0.21582877967133118;0.0;Infinity;0;B
user-a_session-3C604A43A349CDC4130E5F83A8625EE6C83A2283F66A05BD44300AE9E67250DE_analysis-1.csv;user-a;1;-561341799;true;0.2850379421808138;0.0;Infinity;0;B
user-a_session-3C604A43A349CDC4130E5F83A8625EE6C83A2283F66A05BD44300AE9E67250DE_analysis-1.csv;user-a;1;-561334336;true;0.41720118635513503;0.0;Infinity;0;B
user-a_session-3C604A43A349CDC4130E5F83A8625EE6C83A2283F66A05BD44300AE9E67250DE_analysis-1.csv;user-a;1;-561353221;true;0.02733027546268174;0.0;Infinity;0;B
user-a_session-3C604A43A349CDC4130E5F83A8625EE6C83A2283F66A05BD44300AE9E67250DE_analysis-1.csv;user-a;2;1085702289;true;0.4283303742348382;0.0;Infinity;0;B
user-a_session-3C604A43A349CDC4130E5F83A8625EE6C83A2283F66A05BD44300AE9E67250DE_analysis-1.csv;user-a;2;-1023256855;true;0.29500057843984506;0.0;Infinity;0;B
user-a_session-3C604A43A349CDC4130E5F83A8625EE6C83A2283F66A05BD44300AE9E67250DE_analysis-1.csv;user-a;2;-2093678140;true;0.21582877967133118;0.0;Infinity;0;B
user-a_session-3C604A43A349CDC4130E5F83A8625EE6C83A2283F66A05BD44300AE9E67250DE_analysis-1.csv;user-a;2;-561341799;true;0.2850379421808138;0.0;Infinity;0;B
user-a_session-3C604A43A349CDC4130E5F83A8625EE6C83A2283F66A05BD44300AE9E67250DE_analysis-1.csv;user-a;2;-561334336;true;0.41720118635513503;0.0;Infinity;0;B
user-a_session-3C604A43A349CDC4130E5F83A8625EE6C83A2283F66A05BD44300AE9E67250DE_analysis-1.csv;user-a;2;-561353221;true;0.02733027546268174;0.0;Infinity;0;B
user-a_session-3C604A43A349CDC4130E5F83A8625EE6C83A2283F66A05BD44300AE9E67250DE_analysis-1.csv;user-a;3;-473035701;true;0.3227674836001082;0.0;Infinity;0;B
user-a_session-3C604A43A349CDC4130E5F83A8625EE6C83A2283F66A05BD44300AE9E67250DE_analysis-1.csv;user-a;3;1791250190;true;0.4804028635857647;0.0;Infinity;0;B
user-a_session-3C604A43A349CDC4130E5F83A8625EE6C83A2283F66A05BD44300AE9E67250DE_analysis-1.csv;user-a;3;-402690415;true;0.12963855072177055;0.0;Infinity;0;B
user-a_session-3C604A43A349CDC4130E5F83A8625EE6C83A2283F66A05BD44300AE9E67250DE_analysis-1.csv;user-a;3;1727169753;true;0.2605011465012319;0.0;Infinity;0;B
user-a_session-3C604A43A349CDC4130E5F83A8625EE6C83A2283F66A05BD44300AE9E67250DE_analysis-1.csv;user-a;3;-545997952;true;0.053670596739093024;0.0;Infinity;0;B
user-a_session-3C604A43A349CDC4130E5F83A8625EE6C83A2283F66A05BD44300AE9E67250DE_analysis-1.csv;user-a;3;-614125795;true;0.2378832752466169;0.0;Infinity;0;B
user-a_session-3C604A43A349CDC4130E5F83A8625EE6C83A2283F66A05BD44300AE9E67250DE_analysis-1.csv;user-a;4;-473035701;true;0.3227674836001082;0.0;Infinity;0;B
user-a_session-3C604A43A349CDC4130E5F83A8625EE6C83A2283F66A05BD44300AE9E67250DE_analysis-1.csv;user-a;4;1791250190;true;0.4804028635857647;0.0;Infinity;0;B
user-a_session-3C604A43A349CDC4130E5F83A8625EE6C83A2283F66A05BD44300AE9E67250DE_analysis-1.csv;user-a;4;-402690415;true;0.12963855072177055;0.0;Infinity;0;B
user-a_session-3C604A43A349CDC4130E5F83A8625EE6C83A2283F66A05BD44300AE9E67250DE_analysis-1.csv;user-a;4;1727169753;true;0.2605011465012319;0.0;Infinity;0;B
user-a_session-3C604A43A349CDC4130E5F83A8625EE6C83A2283F66A05BD44300AE9E67250DE_analysis-1.csv;user-a;4;-545997952;true;0.053670596739093024;0.0;Infinity;0;B
user-a_session-3C604A43A349CDC4130E5F83A8625EE6C83A2283F66A05BD44300AE9E67250DE_analysis-1.csv;user-a;4;-614125795;true;0.2378832752466169;0.0;Infinity;0;B
user-a_session-3C604A43A349CDC4130E5F83A8625EE6C83A2283F66A05BD44300AE9E67250DE_analysis-1.csv;user-a;5;1085702289;true;0.4283303742348382;0.0;Infinity;0;B
user-a_session-3C604A43A349CDC4130E5F83A8625EE6C83A2283F66A05BD44300AE9E67250DE_analysis-1.csv;user-a;5;-1023256855;true;0.29500057843984506;0.0;Infinity;0;B
user-a_session-3C604A43A349CDC4130E5F83A8625EE6C83A2283F66A05BD44300AE9E67250DE_analysis-1.csv;user-a;5;-2093678140;true;0.21582877967133118;0.0;Infinity;0;B
user-a_session-3C604A43A349CDC4130E5F83A8625EE6C83A2283F66A05BD44300AE9E67250DE_analysis-1.csv;user-a;5;-561341799;true;0.2850379421808138;0.0;Infinity;0;B
user-a_session-3C604A43A349CDC4130E5F83A8625EE6C83A2283F66A05BD44300AE9E67250DE_analysis-1.csv;user-a;5;-561334336;true;0.41720118635513503;0.0;Infinity;0;B
user-a_session-3C604A43A349CDC4130E5F83A8625EE6C83A2283F66A05BD44300AE9E67250DE_analysis-1.csv;user-a;5;-561353221;true;0.02733027546268174;0.0;Infinity;0;B
user-a_session-3C604A43A349CDC4130E5F83A8625EE6C83A2283F66A05BD44300AE9E67250DE_analysis-1.csv;user-a;6;-1301761052;true;0.4386460669144113;0.0;Infinity;0;B
user-a_session-3C604A43A349CDC4130E5F83A8625EE6C83A2283F66A05BD44300AE9E67250DE_analysis-1.csv;user-a;6;793000790;true;0.29232356364235423;0.0;Infinity;0;B
user-a_session-3C604A43A349CDC4130E5F83A8625EE6C83A2283F66A05BD44300AE9E67250DE_analysis-1.csv;user-a;6;651910696;true;0.4359409861715702;0.0;Infinity;0;B
user-a_session-3C604A43A349CDC4130E5F83A8625EE6C83A2283F66A05BD44300AE9E67250DE_analysis-1.csv;user-a;6;-1237680615;true;0.4367852247422749;0.0;Infinity;0;B
user-a_session-3C604A43A349CDC4130E5F83A8625EE6C83A2283F66A05BD44300AE9E67250DE_analysis-1.csv;user-a;6;863346076;true;0.09495381216611842;0.0;Infinity;0;B
user-a_session-3C604A43A349CDC4130E5F83A8625EE6C83A2283F66A05BD44300AE9E67250DE_analysis-1.csv;user-a;6;720038539;true;0.044078330795545906;0.0;Infinity;0;B
user-a_session-3C604A43A349CDC4130E5F83A8625EE6C83A2283F66A05BD44300AE9E67250DE_analysis-1.csv;user-a;7;-473035701;true;0.3227674836001082;0.0;Infinity;0;B
user-a_session-3C604A43A349CDC4130E5F83A8625EE6C83A2283F66A05BD44300AE9E67250DE_analysis-1.csv;user-a;7;1791250190;true;0.4804028635857647;0.0;Infinity;0;B
user-a_session-3C604A43A349CDC4130E5F83A8625EE6C83A2283F66A05BD44300AE9E67250DE_analysis-1.csv;user-a;7;-402690415;true;0.12963855072177055;0.0;Infinity;0;B
user-a_session-3C604A43A349CDC4130E5F83A8625EE6C83A2283F66A05BD44300AE9E67250DE_analysis-1.csv;user-a;7;1727169753;true;0.2605011465012319;0.0;Infinity;0;B
user-a_session-3C604A43A349CDC4130E5F83A8625EE6C83A2283F66A05BD44300AE9E67250DE_analysis-1.csv;user-a;7;-545997952;true;0.053670596739093024;0.0;Infinity;0;B
user-a_session-3C604A43A349CDC4130E5F83A8625EE6C83A2283F66A05BD44300AE9E67250DE_analysis-1.csv;user-a;7;-614125795;true;0.2378832752466169;0.0;Infinity;0;B
user-a_session-3C604A43A349CDC4130E5F83A8625EE6C83A2283F66A05BD44300AE9E67250DE_analysis-1.csv;user-a;8;-1234309182;true;NaN;0.0;Infinity;1;B
