session ;user;query position;cell hashcode;novelty;outlierness;relevance;surprise;query label;session label
user-I051738_session-B14A56479D3084E01B61BD92816198B7921A9310073749B3783D5C16587AA622_analysis-1.csv;user-I051738;1;-285989407;true;0.3202908631051882;0.0;Infinity;1;B
user-I051738_session-B14A56479D3084E01B61BD92816198B7921A9310073749B3783D5C16587AA622_analysis-1.csv;user-I051738;1;1463098675;true;0.3079463445023779;0.0;Infinity;1;B
user-I051738_session-B14A56479D3084E01B61BD92816198B7921A9310073749B3783D5C16587AA622_analysis-1.csv;user-I051738;1;1925013731;true;0.28988552538771983;0.0;Infinity;1;B
user-I051738_session-B14A56479D3084E01B61BD92816198B7921A9310073749B3783D5C16587AA622_analysis-1.csv;user-I051738;1;1925002309;true;0.3477439448946199;0.0;Infinity;1;B
user-I051738_session-B14A56479D3084E01B61BD92816198B7921A9310073749B3783D5C16587AA622_analysis-1.csv;user-I051738;1;-1933044917;true;0.002064599777278353;0.0;Infinity;1;B
user-I051738_session-B14A56479D3084E01B61BD92816198B7921A9310073749B3783D5C16587AA622_analysis-1.csv;user-I051738;1;1900018745;true;0.3755042562660559;0.0;Infinity;1;B
user-I051738_session-B14A56479D3084E01B61BD92816198B7921A9310073749B3783D5C16587AA622_analysis-1.csv;user-I051738;1;-1933033495;true;0.3804660169943386;0.0;Infinity;1;B
user-I051738_session-B14A56479D3084E01B61BD92816198B7921A9310073749B3783D5C16587AA622_analysis-1.csv;user-I051738;1;-722909477;true;0.37366510533311537;0.0;Infinity;1;B
user-I051738_session-B14A56479D3084E01B61BD92816198B7921A9310073749B3783D5C16587AA622_analysis-1.csv;user-I051738;1;1925021194;true;0.3204081701488466;0.0;Infinity;1;B
user-I051738_session-B14A56479D3084E01B61BD92816198B7921A9310073749B3783D5C16587AA622_analysis-1.csv;user-I051738;1;829597460;true;0.28528871572551295;0.0;Infinity;1;B
user-I051738_session-B14A56479D3084E01B61BD92816198B7921A9310073749B3783D5C16587AA622_analysis-1.csv;user-I051738;1;-1933026032;true;0.46442155692957954;0.0;Infinity;1;B
user-I051738_session-B14A56479D3084E01B61BD92816198B7921A9310073749B3783D5C16587AA622_analysis-1.csv;user-I051738;2;1839458510;true;0.35847585869475007;1.0;Infinity;1;B
user-I051738_session-B14A56479D3084E01B61BD92816198B7921A9310073749B3783D5C16587AA622_analysis-1.csv;user-I051738;2;1839458511;true;0.36520306368837296;1.0;Infinity;1;B
user-I051738_session-B14A56479D3084E01B61BD92816198B7921A9310073749B3783D5C16587AA622_analysis-1.csv;user-I051738;2;-2018577292;true;0.3985086737405823;1.0;Infinity;1;B
user-I051738_session-B14A56479D3084E01B61BD92816198B7921A9310073749B3783D5C16587AA622_analysis-1.csv;user-I051738;2;1839458508;true;0.33952963236320866;1.0;Infinity;1;B
user-I051738_session-B14A56479D3084E01B61BD92816198B7921A9310073749B3783D5C16587AA622_analysis-1.csv;user-I051738;2;1839458509;true;0.34641965226339655;1.0;Infinity;1;B
user-I051738_session-B14A56479D3084E01B61BD92816198B7921A9310073749B3783D5C16587AA622_analysis-1.csv;user-I051738;2;-2018577294;true;0.3869403779947068;1.0;Infinity;1;B
user-I051738_session-B14A56479D3084E01B61BD92816198B7921A9310073749B3783D5C16587AA622_analysis-1.csv;user-I051738;2;-2018577293;true;0.3964723689401719;1.0;Infinity;1;B
user-I051738_session-B14A56479D3084E01B61BD92816198B7921A9310073749B3783D5C16587AA622_analysis-1.csv;user-I051738;2;1839458507;true;0.3325969301956675;1.0;Infinity;1;B
user-I051738_session-B14A56479D3084E01B61BD92816198B7921A9310073749B3783D5C16587AA622_analysis-1.csv;user-I051738;2;-2018577296;true;0.36153737404564357;1.0;Infinity;1;B
user-I051738_session-B14A56479D3084E01B61BD92816198B7921A9310073749B3783D5C16587AA622_analysis-1.csv;user-I051738;2;-2018577295;true;0.3702759635711568;1.0;Infinity;1;B
user-I051738_session-B14A56479D3084E01B61BD92816198B7921A9310073749B3783D5C16587AA622_analysis-1.csv;user-I051738;2;-2018577297;true;0.35267430671471545;1.0;Infinity;1;B
user-I051738_session-B14A56479D3084E01B61BD92816198B7921A9310073749B3783D5C16587AA622_analysis-1.csv;user-I051738;2;1377554876;true;0.3059164510915826;1.0;Infinity;1;B
user-I051738_session-B14A56479D3084E01B61BD92816198B7921A9310073749B3783D5C16587AA622_analysis-1.csv;user-I051738;2;1377554877;true;0.308327928783774;1.0;Infinity;1;B
user-I051738_session-B14A56479D3084E01B61BD92816198B7921A9310073749B3783D5C16587AA622_analysis-1.csv;user-I051738;2;1377554878;true;0.3107477060034789;1.0;Infinity;1;B
user-I051738_session-B14A56479D3084E01B61BD92816198B7921A9310073749B3783D5C16587AA622_analysis-1.csv;user-I051738;2;1377554873;true;0.29653778597182767;1.0;Infinity;1;B
user-I051738_session-B14A56479D3084E01B61BD92816198B7921A9310073749B3783D5C16587AA622_analysis-1.csv;user-I051738;2;1377554874;true;0.2989158959246402;1.0;Infinity;1;B
user-I051738_session-B14A56479D3084E01B61BD92816198B7921A9310073749B3783D5C16587AA622_analysis-1.csv;user-I051738;2;1839458512;true;0.32353683566342095;1.0;Infinity;1;B
user-I051738_session-B14A56479D3084E01B61BD92816198B7921A9310073749B3783D5C16587AA622_analysis-1.csv;user-I051738;2;1377554875;true;0.3013026315924128;1.0;Infinity;1;B
user-I051738_session-B14A56479D3084E01B61BD92816198B7921A9310073749B3783D5C16587AA622_analysis-1.csv;user-I051738;2;1839477397;true;0.3267677460194356;1.0;Infinity;1;B
user-I051738_session-B14A56479D3084E01B61BD92816198B7921A9310073749B3783D5C16587AA622_analysis-1.csv;user-I051738;2;1839477396;true;0.322968044484107;1.0;Infinity;1;B
user-I051738_session-B14A56479D3084E01B61BD92816198B7921A9310073749B3783D5C16587AA622_analysis-1.csv;user-I051738;2;1839477393;true;0.3096298598892345;1.0;Infinity;1;B
user-I051738_session-B14A56479D3084E01B61BD92816198B7921A9310073749B3783D5C16587AA622_analysis-1.csv;user-I051738;2;1839477392;true;0.3061016527827455;1.0;Infinity;1;B
user-I051738_session-B14A56479D3084E01B61BD92816198B7921A9310073749B3783D5C16587AA622_analysis-1.csv;user-I051738;2;1839477395;true;0.3193753543364991;1.0;Infinity;1;B
user-I051738_session-B14A56479D3084E01B61BD92816198B7921A9310073749B3783D5C16587AA622_analysis-1.csv;user-I051738;2;1839477394;true;0.3131756969395296;1.0;Infinity;1;B
user-I051738_session-B14A56479D3084E01B61BD92816198B7921A9310073749B3783D5C16587AA622_analysis-1.csv;user-I051738;2;744053661;true;0.2810286554932978;1.0;Infinity;1;B
user-I051738_session-B14A56479D3084E01B61BD92816198B7921A9310073749B3783D5C16587AA622_analysis-1.csv;user-I051738;2;744053660;true;0.28013915231899933;1.0;Infinity;1;B
user-I051738_session-B14A56479D3084E01B61BD92816198B7921A9310073749B3783D5C16587AA622_analysis-1.csv;user-I051738;2;744053663;true;0.2819195210984151;1.0;Infinity;1;B
user-I051738_session-B14A56479D3084E01B61BD92816198B7921A9310073749B3783D5C16587AA622_analysis-1.csv;user-I051738;2;744053662;true;0.28138483847439144;1.0;Infinity;1;B
user-I051738_session-B14A56479D3084E01B61BD92816198B7921A9310073749B3783D5C16587AA622_analysis-1.csv;user-I051738;2;744053659;true;0.2796061060900561;1.0;Infinity;1;B
user-I051738_session-B14A56479D3084E01B61BD92816198B7921A9310073749B3783D5C16587AA622_analysis-1.csv;user-I051738;2;1814474943;true;0.3568008022195204;1.0;Infinity;1;B
user-I051738_session-B14A56479D3084E01B61BD92816198B7921A9310073749B3783D5C16587AA622_analysis-1.csv;user-I051738;2;744053658;true;0.27925101568078226;1.0;Infinity;1;B
user-I051738_session-B14A56479D3084E01B61BD92816198B7921A9310073749B3783D5C16587AA622_analysis-1.csv;user-I051738;2;-808453277;true;0.3656001001735478;1.0;Infinity;1;B
user-I051738_session-B14A56479D3084E01B61BD92816198B7921A9310073749B3783D5C16587AA622_analysis-1.csv;user-I051738;2;-808453278;true;0.35709620094331185;1.0;Infinity;1;B
user-I051738_session-B14A56479D3084E01B61BD92816198B7921A9310073749B3783D5C16587AA622_analysis-1.csv;user-I051738;2;-808453279;true;0.34836983373706454;1.0;Infinity;1;B
user-I051738_session-B14A56479D3084E01B61BD92816198B7921A9310073749B3783D5C16587AA622_analysis-1.csv;user-I051738;2;1814474948;true;0.34311369221304633;1.0;Infinity;1;B
user-I051738_session-B14A56479D3084E01B61BD92816198B7921A9310073749B3783D5C16587AA622_analysis-1.csv;user-I051738;2;1814474947;true;0.4023852321815261;1.0;Infinity;1;B
user-I051738_session-B14A56479D3084E01B61BD92816198B7921A9310073749B3783D5C16587AA622_analysis-1.csv;user-I051738;2;-808453274;true;0.38159546543686107;1.0;Infinity;1;B
user-I051738_session-B14A56479D3084E01B61BD92816198B7921A9310073749B3783D5C16587AA622_analysis-1.csv;user-I051738;2;1814474946;true;0.3930171508713006;1.0;Infinity;1;B
user-I051738_session-B14A56479D3084E01B61BD92816198B7921A9310073749B3783D5C16587AA622_analysis-1.csv;user-I051738;2;1814474945;true;0.3756719550294968;1.0;Infinity;1;B
user-I051738_session-B14A56479D3084E01B61BD92816198B7921A9310073749B3783D5C16587AA622_analysis-1.csv;user-I051738;2;-808453275;true;0.3902792783654302;1.0;Infinity;1;B
user-I051738_session-B14A56479D3084E01B61BD92816198B7921A9310073749B3783D5C16587AA622_analysis-1.csv;user-I051738;2;1814474944;true;0.36530230928409124;1.0;Infinity;1;B
user-I051738_session-B14A56479D3084E01B61BD92816198B7921A9310073749B3783D5C16587AA622_analysis-1.csv;user-I051738;2;-808453276;true;0.38159546543686107;1.0;Infinity;1;B
user-I051738_session-B14A56479D3084E01B61BD92816198B7921A9310073749B3783D5C16587AA622_analysis-1.csv;user-I051738;2;-371533209;true;0.40839507468394487;1.0;Infinity;1;B
user-I051738_session-B14A56479D3084E01B61BD92816198B7921A9310073749B3783D5C16587AA622_analysis-1.csv;user-I051738;2;-371533204;true;0.256203709209341;1.0;Infinity;1;B
user-I051738_session-B14A56479D3084E01B61BD92816198B7921A9310073749B3783D5C16587AA622_analysis-1.csv;user-I051738;2;-371533205;true;0.25180499608399176;1.0;Infinity;1;B
user-I051738_session-B14A56479D3084E01B61BD92816198B7921A9310073749B3783D5C16587AA622_analysis-1.csv;user-I051738;2;-371533206;true;0.28136054635176844;1.0;Infinity;1;B
user-I051738_session-B14A56479D3084E01B61BD92816198B7921A9310073749B3783D5C16587AA622_analysis-1.csv;user-I051738;2;-371533207;true;0.3393099495790757;1.0;Infinity;1;B
user-I051738_session-B14A56479D3084E01B61BD92816198B7921A9310073749B3783D5C16587AA622_analysis-1.csv;user-I051738;2;-371533208;true;0.373843254981428;1.0;Infinity;1;B
user-I051738_session-B14A56479D3084E01B61BD92816198B7921A9310073749B3783D5C16587AA622_analysis-1.csv;user-I051738;2;-2018569832;true;0.4661686786289406;1.0;Infinity;1;B
user-I051738_session-B14A56479D3084E01B61BD92816198B7921A9310073749B3783D5C16587AA622_analysis-1.csv;user-I051738;2;-2018569831;true;0.4219800960784309;1.0;Infinity;1;B
user-I051738_session-B14A56479D3084E01B61BD92816198B7921A9310073749B3783D5C16587AA622_analysis-1.csv;user-I051738;2;-2018569830;true;0.3983790077075555;1.0;Infinity;1;B
user-I051738_session-B14A56479D3084E01B61BD92816198B7921A9310073749B3783D5C16587AA622_analysis-1.csv;user-I051738;2;-2018569829;true;0.4899294711458603;1.0;Infinity;1;B
user-I051738_session-B14A56479D3084E01B61BD92816198B7921A9310073749B3783D5C16587AA622_analysis-1.csv;user-I051738;2;-2018569834;true;0.48480054349596513;1.0;Infinity;1;B
user-I051738_session-B14A56479D3084E01B61BD92816198B7921A9310073749B3783D5C16587AA622_analysis-1.csv;user-I051738;2;-2018569833;true;0.4909822833798616;1.0;Infinity;1;B
user-I051738_session-B14A56479D3084E01B61BD92816198B7921A9310073749B3783D5C16587AA622_analysis-1.csv;user-I051738;2;1839469934;true;0.28783310435069354;1.0;Infinity;1;B
user-I051738_session-B14A56479D3084E01B61BD92816198B7921A9310073749B3783D5C16587AA622_analysis-1.csv;user-I051738;2;-2018588719;true;0.005641421119760404;1.0;Infinity;1;B
user-I051738_session-B14A56479D3084E01B61BD92816198B7921A9310073749B3783D5C16587AA622_analysis-1.csv;user-I051738;2;1839469933;true;0.2867535609279557;1.0;Infinity;1;B
user-I051738_session-B14A56479D3084E01B61BD92816198B7921A9310073749B3783D5C16587AA622_analysis-1.csv;user-I051738;2;-2018588718;true;0.0018535770110772454;1.0;Infinity;1;B
user-I051738_session-B14A56479D3084E01B61BD92816198B7921A9310073749B3783D5C16587AA622_analysis-1.csv;user-I051738;2;-2018588717;true;5.851465210297002E-4;1.0;Infinity;1;B
user-I051738_session-B14A56479D3084E01B61BD92816198B7921A9310073749B3783D5C16587AA622_analysis-1.csv;user-I051738;2;1839469932;true;0.2860349333044674;1.0;Infinity;1;B
user-I051738_session-B14A56479D3084E01B61BD92816198B7921A9310073749B3783D5C16587AA622_analysis-1.csv;user-I051738;2;1839469931;true;0.2844211576687774;1.0;Infinity;1;B
user-I051738_session-B14A56479D3084E01B61BD92816198B7921A9310073749B3783D5C16587AA622_analysis-1.csv;user-I051738;2;-2018588716;true;1.675390589267467E-4;1.0;Infinity;1;B
user-I051738_session-B14A56479D3084E01B61BD92816198B7921A9310073749B3783D5C16587AA622_analysis-1.csv;user-I051738;2;1839469930;true;0.2835264993124499;1.0;Infinity;1;B
user-I051738_session-B14A56479D3084E01B61BD92816198B7921A9310073749B3783D5C16587AA622_analysis-1.csv;user-I051738;2;-2018588715;true;3.952478983928476E-4;1.0;Infinity;1;B
user-I051738_session-B14A56479D3084E01B61BD92816198B7921A9310073749B3783D5C16587AA622_analysis-1.csv;user-I051738;2;-2018588714;true;0.022281016205782933;1.0;Infinity;1;B
user-I051738_session-B14A56479D3084E01B61BD92816198B7921A9310073749B3783D5C16587AA622_analysis-1.csv;user-I051738;2;1839469929;true;0.2828117450037986;1.0;Infinity;1;B
user-I051738_session-B14A56479D3084E01B61BD92816198B7921A9310073749B3783D5C16587AA622_analysis-1.csv;user-I051738;3;1839458510;false;0.35847585869475007;1.0;15.189672417026339;0;B
user-I051738_session-B14A56479D3084E01B61BD92816198B7921A9310073749B3783D5C16587AA622_analysis-1.csv;user-I051738;3;1839458511;false;0.36520306368837296;1.0;15.189672417026339;0;B
user-I051738_session-B14A56479D3084E01B61BD92816198B7921A9310073749B3783D5C16587AA622_analysis-1.csv;user-I051738;3;-2018577292;false;0.3985086737405823;1.0;15.007350860232384;0;B
user-I051738_session-B14A56479D3084E01B61BD92816198B7921A9310073749B3783D5C16587AA622_analysis-1.csv;user-I051738;3;1839458508;false;0.33952963236320866;1.0;15.189672417026339;0;B
user-I051738_session-B14A56479D3084E01B61BD92816198B7921A9310073749B3783D5C16587AA622_analysis-1.csv;user-I051738;3;1839458509;false;0.34641965226339655;1.0;15.189672417026339;0;B
user-I051738_session-B14A56479D3084E01B61BD92816198B7921A9310073749B3783D5C16587AA622_analysis-1.csv;user-I051738;3;-2018577294;false;0.3869403779947068;1.0;15.007350860232384;0;B
user-I051738_session-B14A56479D3084E01B61BD92816198B7921A9310073749B3783D5C16587AA622_analysis-1.csv;user-I051738;3;-2018577293;false;0.3964723689401719;1.0;15.007350860232384;0;B
user-I051738_session-B14A56479D3084E01B61BD92816198B7921A9310073749B3783D5C16587AA622_analysis-1.csv;user-I051738;3;1839458507;false;0.3325969301956675;1.0;15.189672417026339;0;B
user-I051738_session-B14A56479D3084E01B61BD92816198B7921A9310073749B3783D5C16587AA622_analysis-1.csv;user-I051738;3;-2018577296;false;0.36153737404564357;1.0;15.007350860232384;0;B
user-I051738_session-B14A56479D3084E01B61BD92816198B7921A9310073749B3783D5C16587AA622_analysis-1.csv;user-I051738;3;-2018577295;false;0.3702759635711568;1.0;15.007350860232384;0;B
user-I051738_session-B14A56479D3084E01B61BD92816198B7921A9310073749B3783D5C16587AA622_analysis-1.csv;user-I051738;3;-2018577297;false;0.35267430671471545;1.0;15.007350860232384;0;B
user-I051738_session-B14A56479D3084E01B61BD92816198B7921A9310073749B3783D5C16587AA622_analysis-1.csv;user-I051738;3;1377554876;false;0.3059164510915826;1.0;15.189672417026339;0;B
user-I051738_session-B14A56479D3084E01B61BD92816198B7921A9310073749B3783D5C16587AA622_analysis-1.csv;user-I051738;3;1377554877;false;0.308327928783774;1.0;15.189672417026339;0;B
user-I051738_session-B14A56479D3084E01B61BD92816198B7921A9310073749B3783D5C16587AA622_analysis-1.csv;user-I051738;3;1377554878;false;0.3107477060034789;1.0;15.189672417026339;0;B
user-I051738_session-B14A56479D3084E01B61BD92816198B7921A9310073749B3783D5C16587AA622_analysis-1.csv;user-I051738;3;1377554873;false;0.29653778597182767;1.0;15.189672417026339;0;B
user-I051738_session-B14A56479D3084E01B61BD92816198B7921A9310073749B3783D5C16587AA622_analysis-1.csv;user-I051738;3;1377554874;false;0.2989158959246402;1.0;15.189672417026339;0;B
user-I051738_session-B14A56479D3084E01B61BD92816198B7921A9310073749B3783D5C16587AA622_analysis-1.csv;user-I051738;3;1839458512;false;0.32353683566342095;1.0;15.189672417026339;0;B
user-I051738_session-B14A56479D3084E01B61BD92816198B7921A9310073749B3783D5C16587AA622_analysis-1.csv;user-I051738;3;1377554875;false;0.3013026315924128;1.0;15.189672417026339;0;B
user-I051738_session-B14A56479D3084E01B61BD92816198B7921A9310073749B3783D5C16587AA622_analysis-1.csv;user-I051738;3;1839477397;false;0.3267677460194356;1.0;15.189672417026339;0;B
user-I051738_session-B14A56479D3084E01B61BD92816198B7921A9310073749B3783D5C16587AA622_analysis-1.csv;user-I051738;3;1839477396;false;0.322968044484107;1.0;15.189672417026339;0;B
user-I051738_session-B14A56479D3084E01B61BD92816198B7921A9310073749B3783D5C16587AA622_analysis-1.csv;user-I051738;3;1839477393;false;0.3096298598892345;1.0;15.189672417026339;0;B
user-I051738_session-B14A56479D3084E01B61BD92816198B7921A9310073749B3783D5C16587AA622_analysis-1.csv;user-I051738;3;1839477392;false;0.3061016527827455;1.0;15.189672417026339;0;B
user-I051738_session-B14A56479D3084E01B61BD92816198B7921A9310073749B3783D5C16587AA622_analysis-1.csv;user-I051738;3;1839477395;false;0.3193753543364991;1.0;15.189672417026339;0;B
user-I051738_session-B14A56479D3084E01B61BD92816198B7921A9310073749B3783D5C16587AA622_analysis-1.csv;user-I051738;3;1839477394;false;0.3131756969395296;1.0;15.189672417026339;0;B
user-I051738_session-B14A56479D3084E01B61BD92816198B7921A9310073749B3783D5C16587AA622_analysis-1.csv;user-I051738;3;744053661;false;0.2810286554932978;1.0;15.70049804079233;0;B
user-I051738_session-B14A56479D3084E01B61BD92816198B7921A9310073749B3783D5C16587AA622_analysis-1.csv;user-I051738;3;744053660;false;0.28013915231899933;1.0;15.70049804079233;0;B
user-I051738_session-B14A56479D3084E01B61BD92816198B7921A9310073749B3783D5C16587AA622_analysis-1.csv;user-I051738;3;744053663;false;0.2819195210984151;1.0;15.70049804079233;0;B
user-I051738_session-B14A56479D3084E01B61BD92816198B7921A9310073749B3783D5C16587AA622_analysis-1.csv;user-I051738;3;744053662;false;0.28138483847439144;1.0;15.70049804079233;0;B
user-I051738_session-B14A56479D3084E01B61BD92816198B7921A9310073749B3783D5C16587AA622_analysis-1.csv;user-I051738;3;744053659;false;0.2796061060900561;1.0;15.70049804079233;0;B
user-I051738_session-B14A56479D3084E01B61BD92816198B7921A9310073749B3783D5C16587AA622_analysis-1.csv;user-I051738;3;1814474943;false;0.3568008022195204;1.0;15.007350860232384;0;B
user-I051738_session-B14A56479D3084E01B61BD92816198B7921A9310073749B3783D5C16587AA622_analysis-1.csv;user-I051738;3;744053658;false;0.27925101568078226;1.0;15.70049804079233;0;B
user-I051738_session-B14A56479D3084E01B61BD92816198B7921A9310073749B3783D5C16587AA622_analysis-1.csv;user-I051738;3;-808453277;false;0.3656001001735478;1.0;15.189672417026339;0;B
user-I051738_session-B14A56479D3084E01B61BD92816198B7921A9310073749B3783D5C16587AA622_analysis-1.csv;user-I051738;3;-808453278;false;0.35709620094331185;1.0;15.189672417026339;0;B
user-I051738_session-B14A56479D3084E01B61BD92816198B7921A9310073749B3783D5C16587AA622_analysis-1.csv;user-I051738;3;-808453279;false;0.34836983373706454;1.0;15.189672417026339;0;B
user-I051738_session-B14A56479D3084E01B61BD92816198B7921A9310073749B3783D5C16587AA622_analysis-1.csv;user-I051738;3;1814474948;false;0.34311369221304633;1.0;15.007350860232384;0;B
user-I051738_session-B14A56479D3084E01B61BD92816198B7921A9310073749B3783D5C16587AA622_analysis-1.csv;user-I051738;3;1814474947;false;0.4023852321815261;1.0;15.007350860232384;0;B
user-I051738_session-B14A56479D3084E01B61BD92816198B7921A9310073749B3783D5C16587AA622_analysis-1.csv;user-I051738;3;-808453274;false;0.38159546543686107;1.0;15.189672417026339;0;B
user-I051738_session-B14A56479D3084E01B61BD92816198B7921A9310073749B3783D5C16587AA622_analysis-1.csv;user-I051738;3;1814474946;false;0.3930171508713006;1.0;15.007350860232384;0;B
user-I051738_session-B14A56479D3084E01B61BD92816198B7921A9310073749B3783D5C16587AA622_analysis-1.csv;user-I051738;3;1814474945;false;0.3756719550294968;1.0;15.007350860232384;0;B
user-I051738_session-B14A56479D3084E01B61BD92816198B7921A9310073749B3783D5C16587AA622_analysis-1.csv;user-I051738;3;-808453275;false;0.3902792783654302;1.0;15.189672417026339;0;B
user-I051738_session-B14A56479D3084E01B61BD92816198B7921A9310073749B3783D5C16587AA622_analysis-1.csv;user-I051738;3;1814474944;false;0.36530230928409124;1.0;15.007350860232384;0;B
user-I051738_session-B14A56479D3084E01B61BD92816198B7921A9310073749B3783D5C16587AA622_analysis-1.csv;user-I051738;3;-808453276;false;0.38159546543686107;1.0;15.189672417026339;0;B
user-I051738_session-B14A56479D3084E01B61BD92816198B7921A9310073749B3783D5C16587AA622_analysis-1.csv;user-I051738;3;-371533209;false;0.40839507468394487;1.0;15.007350860232384;0;B
user-I051738_session-B14A56479D3084E01B61BD92816198B7921A9310073749B3783D5C16587AA622_analysis-1.csv;user-I051738;3;-371533204;false;0.256203709209341;1.0;15.007350860232384;0;B
user-I051738_session-B14A56479D3084E01B61BD92816198B7921A9310073749B3783D5C16587AA622_analysis-1.csv;user-I051738;3;-371533205;false;0.25180499608399176;1.0;15.007350860232384;0;B
user-I051738_session-B14A56479D3084E01B61BD92816198B7921A9310073749B3783D5C16587AA622_analysis-1.csv;user-I051738;3;-371533206;false;0.28136054635176844;1.0;15.007350860232384;0;B
user-I051738_session-B14A56479D3084E01B61BD92816198B7921A9310073749B3783D5C16587AA622_analysis-1.csv;user-I051738;3;-371533207;false;0.3393099495790757;1.0;15.007350860232384;0;B
user-I051738_session-B14A56479D3084E01B61BD92816198B7921A9310073749B3783D5C16587AA622_analysis-1.csv;user-I051738;3;-371533208;false;0.373843254981428;1.0;15.007350860232384;0;B
user-I051738_session-B14A56479D3084E01B61BD92816198B7921A9310073749B3783D5C16587AA622_analysis-1.csv;user-I051738;3;-2018569832;false;0.4661686786289406;1.0;15.007350860232384;0;B
user-I051738_session-B14A56479D3084E01B61BD92816198B7921A9310073749B3783D5C16587AA622_analysis-1.csv;user-I051738;3;-2018569831;false;0.4219800960784309;1.0;15.007350860232384;0;B
user-I051738_session-B14A56479D3084E01B61BD92816198B7921A9310073749B3783D5C16587AA622_analysis-1.csv;user-I051738;3;-2018569830;false;0.3983790077075555;1.0;15.007350860232384;0;B
user-I051738_session-B14A56479D3084E01B61BD92816198B7921A9310073749B3783D5C16587AA622_analysis-1.csv;user-I051738;3;-2018569829;false;0.4899294711458603;1.0;15.007350860232384;0;B
user-I051738_session-B14A56479D3084E01B61BD92816198B7921A9310073749B3783D5C16587AA622_analysis-1.csv;user-I051738;3;-2018569834;false;0.48480054349596513;1.0;15.007350860232384;0;B
user-I051738_session-B14A56479D3084E01B61BD92816198B7921A9310073749B3783D5C16587AA622_analysis-1.csv;user-I051738;3;-2018569833;false;0.4909822833798616;1.0;15.007350860232384;0;B
user-I051738_session-B14A56479D3084E01B61BD92816198B7921A9310073749B3783D5C16587AA622_analysis-1.csv;user-I051738;3;1839469934;false;0.28783310435069354;1.0;15.189672417026339;0;B
user-I051738_session-B14A56479D3084E01B61BD92816198B7921A9310073749B3783D5C16587AA622_analysis-1.csv;user-I051738;3;-2018588719;false;0.005641421119760404;1.0;15.007350860232384;0;B
user-I051738_session-B14A56479D3084E01B61BD92816198B7921A9310073749B3783D5C16587AA622_analysis-1.csv;user-I051738;3;1839469933;false;0.2867535609279557;1.0;15.189672417026339;0;B
user-I051738_session-B14A56479D3084E01B61BD92816198B7921A9310073749B3783D5C16587AA622_analysis-1.csv;user-I051738;3;-2018588718;false;0.0018535770110772454;1.0;15.007350860232384;0;B
user-I051738_session-B14A56479D3084E01B61BD92816198B7921A9310073749B3783D5C16587AA622_analysis-1.csv;user-I051738;3;-2018588717;false;5.851465210297002E-4;1.0;15.007350860232384;0;B
user-I051738_session-B14A56479D3084E01B61BD92816198B7921A9310073749B3783D5C16587AA622_analysis-1.csv;user-I051738;3;1839469932;false;0.2860349333044674;1.0;15.189672417026339;0;B
user-I051738_session-B14A56479D3084E01B61BD92816198B7921A9310073749B3783D5C16587AA622_analysis-1.csv;user-I051738;3;1839469931;false;0.2844211576687774;1.0;15.189672417026339;0;B
user-I051738_session-B14A56479D3084E01B61BD92816198B7921A9310073749B3783D5C16587AA622_analysis-1.csv;user-I051738;3;-2018588716;false;1.675390589267467E-4;1.0;15.007350860232384;0;B
user-I051738_session-B14A56479D3084E01B61BD92816198B7921A9310073749B3783D5C16587AA622_analysis-1.csv;user-I051738;3;1839469930;false;0.2835264993124499;1.0;15.189672417026339;0;B
user-I051738_session-B14A56479D3084E01B61BD92816198B7921A9310073749B3783D5C16587AA622_analysis-1.csv;user-I051738;3;-2018588715;false;3.952478983928476E-4;1.0;15.007350860232384;0;B
user-I051738_session-B14A56479D3084E01B61BD92816198B7921A9310073749B3783D5C16587AA622_analysis-1.csv;user-I051738;3;-2018588714;false;0.022281016205782933;1.0;15.007350860232384;0;B
user-I051738_session-B14A56479D3084E01B61BD92816198B7921A9310073749B3783D5C16587AA622_analysis-1.csv;user-I051738;3;1839469929;false;0.2828117450037986;1.0;15.189672417026339;0;B
user-I051738_session-B14A56479D3084E01B61BD92816198B7921A9310073749B3783D5C16587AA622_analysis-1.csv;user-I051738;4;100026601;true;0.4319882248334175;1.0;14.933242888078663;0;B
user-I051738_session-B14A56479D3084E01B61BD92816198B7921A9310073749B3783D5C16587AA622_analysis-1.csv;user-I051738;4;100026600;true;0.4319882248334175;1.0;14.933242888078663;0;B
user-I051738_session-B14A56479D3084E01B61BD92816198B7921A9310073749B3783D5C16587AA622_analysis-1.csv;user-I051738;4;100026603;true;0.3204428373084742;1.0;14.933242888078663;0;B
user-I051738_session-B14A56479D3084E01B61BD92816198B7921A9310073749B3783D5C16587AA622_analysis-1.csv;user-I051738;4;100026602;true;0.4319882248334175;1.0;14.933242888078663;0;B
user-I051738_session-B14A56479D3084E01B61BD92816198B7921A9310073749B3783D5C16587AA622_analysis-1.csv;user-I051738;4;561949122;true;0.46125654853479037;1.0;14.933242888078663;0;B
user-I051738_session-B14A56479D3084E01B61BD92816198B7921A9310073749B3783D5C16587AA622_analysis-1.csv;user-I051738;4;561949120;true;0.3333127502727189;1.0;14.933242888078663;0;B
user-I051738_session-B14A56479D3084E01B61BD92816198B7921A9310073749B3783D5C16587AA622_analysis-1.csv;user-I051738;4;561949121;true;0.3333127502727189;1.0;14.933242888078663;0;B
user-I051738_session-B14A56479D3084E01B61BD92816198B7921A9310073749B3783D5C16587AA622_analysis-1.csv;user-I051738;4;-2085981551;true;0.3250907094688873;1.0;14.933242888078663;0;B
user-I051738_session-B14A56479D3084E01B61BD92816198B7921A9310073749B3783D5C16587AA622_analysis-1.csv;user-I051738;4;-2085981552;true;0.3250907094688873;1.0;14.933242888078663;0;B
user-I051738_session-B14A56479D3084E01B61BD92816198B7921A9310073749B3783D5C16587AA622_analysis-1.csv;user-I051738;4;-2085981549;true;0.36819707458437545;1.0;14.933242888078663;0;B
user-I051738_session-B14A56479D3084E01B61BD92816198B7921A9310073749B3783D5C16587AA622_analysis-1.csv;user-I051738;4;100026599;true;0.4319882248334175;1.0;14.933242888078663;0;B
user-I051738_session-B14A56479D3084E01B61BD92816198B7921A9310073749B3783D5C16587AA622_analysis-1.csv;user-I051738;4;100026598;true;0.4319882248334175;1.0;14.933242888078663;0;B
user-I051738_session-B14A56479D3084E01B61BD92816198B7921A9310073749B3783D5C16587AA622_analysis-1.csv;user-I051738;4;-2085981550;true;0.3250907094688873;1.0;14.933242888078663;0;B
user-I051738_session-B14A56479D3084E01B61BD92816198B7921A9310073749B3783D5C16587AA622_analysis-1.csv;user-I051738;4;-2085981554;true;0.3250907094688873;1.0;14.933242888078663;0;B
user-I051738_session-B14A56479D3084E01B61BD92816198B7921A9310073749B3783D5C16587AA622_analysis-1.csv;user-I051738;4;-2085981553;true;0.3250907094688873;1.0;14.933242888078663;0;B
user-I051738_session-B14A56479D3084E01B61BD92816198B7921A9310073749B3783D5C16587AA622_analysis-1.csv;user-I051738;4;125010163;true;0.31162371456739446;1.0;15.115564444872618;0;B
user-I051738_session-B14A56479D3084E01B61BD92816198B7921A9310073749B3783D5C16587AA622_analysis-1.csv;user-I051738;4;125010162;true;0.31162371456739446;1.0;15.115564444872618;0;B
user-I051738_session-B14A56479D3084E01B61BD92816198B7921A9310073749B3783D5C16587AA622_analysis-1.csv;user-I051738;4;125010167;true;0.29126529097101517;1.0;15.115564444872618;0;B
user-I051738_session-B14A56479D3084E01B61BD92816198B7921A9310073749B3783D5C16587AA622_analysis-1.csv;user-I051738;4;125010166;true;0.31162371456739446;1.0;15.115564444872618;0;B
user-I051738_session-B14A56479D3084E01B61BD92816198B7921A9310073749B3783D5C16587AA622_analysis-1.csv;user-I051738;4;125010165;true;0.31162371456739446;1.0;15.115564444872618;0;B
user-I051738_session-B14A56479D3084E01B61BD92816198B7921A9310073749B3783D5C16587AA622_analysis-1.csv;user-I051738;4;125010164;true;0.31162371456739446;1.0;15.115564444872618;0;B
user-I051738_session-B14A56479D3084E01B61BD92816198B7921A9310073749B3783D5C16587AA622_analysis-1.csv;user-I051738;4;1772065677;true;0.32904418683362424;1.0;15.115564444872618;0;B
user-I051738_session-B14A56479D3084E01B61BD92816198B7921A9310073749B3783D5C16587AA622_analysis-1.csv;user-I051738;4;561930236;true;0.0010452463984707006;1.0;14.933242888078663;0;B
user-I051738_session-B14A56479D3084E01B61BD92816198B7921A9310073749B3783D5C16587AA622_analysis-1.csv;user-I051738;4;561930237;true;0.029577759234692524;1.0;14.933242888078663;0;B
user-I051738_session-B14A56479D3084E01B61BD92816198B7921A9310073749B3783D5C16587AA622_analysis-1.csv;user-I051738;4;1772065676;true;0.3435810694895667;1.0;15.115564444872618;0;B
user-I051738_session-B14A56479D3084E01B61BD92816198B7921A9310073749B3783D5C16587AA622_analysis-1.csv;user-I051738;4;561930234;true;0.0010452463984707006;1.0;14.933242888078663;0;B
user-I051738_session-B14A56479D3084E01B61BD92816198B7921A9310073749B3783D5C16587AA622_analysis-1.csv;user-I051738;4;1772065675;true;0.3435810694895667;1.0;15.115564444872618;0;B
user-I051738_session-B14A56479D3084E01B61BD92816198B7921A9310073749B3783D5C16587AA622_analysis-1.csv;user-I051738;4;1772065674;true;0.3435810694895667;1.0;15.115564444872618;0;B
user-I051738_session-B14A56479D3084E01B61BD92816198B7921A9310073749B3783D5C16587AA622_analysis-1.csv;user-I051738;4;561930235;true;0.0010452463984707006;1.0;14.933242888078663;0;B
user-I051738_session-B14A56479D3084E01B61BD92816198B7921A9310073749B3783D5C16587AA622_analysis-1.csv;user-I051738;4;1772065673;true;0.3435810694895667;1.0;15.115564444872618;0;B
user-I051738_session-B14A56479D3084E01B61BD92816198B7921A9310073749B3783D5C16587AA622_analysis-1.csv;user-I051738;4;561930232;true;0.0010452463984707006;1.0;14.933242888078663;0;B
user-I051738_session-B14A56479D3084E01B61BD92816198B7921A9310073749B3783D5C16587AA622_analysis-1.csv;user-I051738;4;561930233;true;0.0010452463984707006;1.0;14.933242888078663;0;B
user-I051738_session-B14A56479D3084E01B61BD92816198B7921A9310073749B3783D5C16587AA622_analysis-1.csv;user-I051738;4;1772065672;true;0.3435810694895667;1.0;15.115564444872618;0;B
user-I051738_session-B14A56479D3084E01B61BD92816198B7921A9310073749B3783D5C16587AA622_analysis-1.csv;user-I051738;4;-336893467;true;0.27155027721438973;1.0;15.115564444872618;0;B
user-I051738_session-B14A56479D3084E01B61BD92816198B7921A9310073749B3783D5C16587AA622_analysis-1.csv;user-I051738;4;125021589;true;0.2580232796793883;1.0;15.115564444872618;0;B
user-I051738_session-B14A56479D3084E01B61BD92816198B7921A9310073749B3783D5C16587AA622_analysis-1.csv;user-I051738;4;561941659;true;0.44595136051257;1.0;14.933242888078663;0;B
user-I051738_session-B14A56479D3084E01B61BD92816198B7921A9310073749B3783D5C16587AA622_analysis-1.csv;user-I051738;4;-970394683;true;0.24485441017506882;1.0;15.626390068638608;0;B
user-I051738_session-B14A56479D3084E01B61BD92816198B7921A9310073749B3783D5C16587AA622_analysis-1.csv;user-I051738;4;-336893468;true;0.27155027721438973;1.0;15.115564444872618;0;B
user-I051738_session-B14A56479D3084E01B61BD92816198B7921A9310073749B3783D5C16587AA622_analysis-1.csv;user-I051738;4;125021588;true;0.2580232796793883;1.0;15.115564444872618;0;B
user-I051738_session-B14A56479D3084E01B61BD92816198B7921A9310073749B3783D5C16587AA622_analysis-1.csv;user-I051738;4;561941658;true;0.45412873853813196;1.0;14.933242888078663;0;B
user-I051738_session-B14A56479D3084E01B61BD92816198B7921A9310073749B3783D5C16587AA622_analysis-1.csv;user-I051738;4;-970394684;true;0.24485441017506882;1.0;15.626390068638608;0;B
user-I051738_session-B14A56479D3084E01B61BD92816198B7921A9310073749B3783D5C16587AA622_analysis-1.csv;user-I051738;4;561941657;true;0.45412873853813196;1.0;14.933242888078663;0;B
user-I051738_session-B14A56479D3084E01B61BD92816198B7921A9310073749B3783D5C16587AA622_analysis-1.csv;user-I051738;4;-970394682;true;0.24485441017506882;1.0;15.626390068638608;0;B
user-I051738_session-B14A56479D3084E01B61BD92816198B7921A9310073749B3783D5C16587AA622_analysis-1.csv;user-I051738;4;561941656;true;0.45412873853813196;1.0;14.933242888078663;0;B
user-I051738_session-B14A56479D3084E01B61BD92816198B7921A9310073749B3783D5C16587AA622_analysis-1.csv;user-I051738;4;-336893471;true;0.27155027721438973;1.0;15.115564444872618;0;B
user-I051738_session-B14A56479D3084E01B61BD92816198B7921A9310073749B3783D5C16587AA622_analysis-1.csv;user-I051738;4;125021585;true;0.2580232796793883;1.0;15.115564444872618;0;B
user-I051738_session-B14A56479D3084E01B61BD92816198B7921A9310073749B3783D5C16587AA622_analysis-1.csv;user-I051738;4;-970394687;true;0.24485441017506882;1.0;15.626390068638608;0;B
user-I051738_session-B14A56479D3084E01B61BD92816198B7921A9310073749B3783D5C16587AA622_analysis-1.csv;user-I051738;4;125021584;true;0.2580232796793883;1.0;15.115564444872618;0;B
user-I051738_session-B14A56479D3084E01B61BD92816198B7921A9310073749B3783D5C16587AA622_analysis-1.csv;user-I051738;4;-336893472;true;0.27155027721438973;1.0;15.115564444872618;0;B
user-I051738_session-B14A56479D3084E01B61BD92816198B7921A9310073749B3783D5C16587AA622_analysis-1.csv;user-I051738;4;-970394685;true;0.24485441017506882;1.0;15.626390068638608;0;B
user-I051738_session-B14A56479D3084E01B61BD92816198B7921A9310073749B3783D5C16587AA622_analysis-1.csv;user-I051738;4;125021587;true;0.2580232796793883;1.0;15.115564444872618;0;B
user-I051738_session-B14A56479D3084E01B61BD92816198B7921A9310073749B3783D5C16587AA622_analysis-1.csv;user-I051738;4;-336893469;true;0.27155027721438973;1.0;15.115564444872618;0;B
user-I051738_session-B14A56479D3084E01B61BD92816198B7921A9310073749B3783D5C16587AA622_analysis-1.csv;user-I051738;4;-970394686;true;0.24485441017506882;1.0;15.626390068638608;0;B
user-I051738_session-B14A56479D3084E01B61BD92816198B7921A9310073749B3783D5C16587AA622_analysis-1.csv;user-I051738;4;125021586;true;0.2580232796793883;1.0;15.115564444872618;0;B
user-I051738_session-B14A56479D3084E01B61BD92816198B7921A9310073749B3783D5C16587AA622_analysis-1.csv;user-I051738;4;-336893470;true;0.27155027721438973;1.0;15.115564444872618;0;B
user-I051738_session-B14A56479D3084E01B61BD92816198B7921A9310073749B3783D5C16587AA622_analysis-1.csv;user-I051738;4;561941655;true;0.45412873853813196;1.0;14.933242888078663;0;B
user-I051738_session-B14A56479D3084E01B61BD92816198B7921A9310073749B3783D5C16587AA622_analysis-1.csv;user-I051738;4;561941654;true;0.45412873853813196;1.0;14.933242888078663;0;B
user-I051738_session-B14A56479D3084E01B61BD92816198B7921A9310073749B3783D5C16587AA622_analysis-1.csv;user-I051738;4;125029052;true;0.3120412844584749;1.0;15.115564444872618;0;B
user-I051738_session-B14A56479D3084E01B61BD92816198B7921A9310073749B3783D5C16587AA622_analysis-1.csv;user-I051738;4;125029051;true;0.3120412844584749;1.0;15.115564444872618;0;B
user-I051738_session-B14A56479D3084E01B61BD92816198B7921A9310073749B3783D5C16587AA622_analysis-1.csv;user-I051738;4;125029050;true;0.3120412844584749;1.0;15.115564444872618;0;B
user-I051738_session-B14A56479D3084E01B61BD92816198B7921A9310073749B3783D5C16587AA622_analysis-1.csv;user-I051738;4;125029049;true;0.3120412844584749;1.0;15.115564444872618;0;B
user-I051738_session-B14A56479D3084E01B61BD92816198B7921A9310073749B3783D5C16587AA622_analysis-1.csv;user-I051738;4;125029048;true;0.3120412844584749;1.0;15.115564444872618;0;B
user-I051738_session-B14A56479D3084E01B61BD92816198B7921A9310073749B3783D5C16587AA622_analysis-1.csv;user-I051738;4;125029047;true;0.3120412844584749;1.0;15.115564444872618;0;B
user-I051738_session-B14A56479D3084E01B61BD92816198B7921A9310073749B3783D5C16587AA622_analysis-1.csv;user-I051738;4;561949117;true;0.3333127502727189;1.0;14.933242888078663;0;B
user-I051738_session-B14A56479D3084E01B61BD92816198B7921A9310073749B3783D5C16587AA622_analysis-1.csv;user-I051738;4;561949119;true;0.3333127502727189;1.0;14.933242888078663;0;B
user-I051738_session-B14A56479D3084E01B61BD92816198B7921A9310073749B3783D5C16587AA622_analysis-1.csv;user-I051738;4;561949118;true;0.3333127502727189;1.0;14.933242888078663;0;B
