session ;user;query position;cell hashcode;novelty;outlierness;relevance;surprise;query label;session label
user-I072507_session-F043B57DC27CD5351F4A04F235EF7934EE1AF057E1FE9AB3350C0712A46AA23F_analysis-1.csv;user-I072507;1;-545997952;true;NaN;0.2714285714285714;Infinity;0;A
user-I072507_session-F043B57DC27CD5351F4A04F235EF7934EE1AF057E1FE9AB3350C0712A46AA23F_analysis-1.csv;user-I072507;2;-628786206;true;0.20017189568218352;0.2714285714285714;Infinity;0;A
user-I072507_session-F043B57DC27CD5351F4A04F235EF7934EE1AF057E1FE9AB3350C0712A46AA23F_analysis-1.csv;user-I072507;2;1392994500;true;0.004917768220843444;0.2714285714285714;Infinity;0;A
user-I072507_session-F043B57DC27CD5351F4A04F235EF7934EE1AF057E1FE9AB3350C0712A46AA23F_analysis-1.csv;user-I072507;2;1324866657;true;0.41248157914177863;0.2714285714285714;Infinity;0;A
user-I072507_session-F043B57DC27CD5351F4A04F235EF7934EE1AF057E1FE9AB3350C0712A46AA23F_analysis-1.csv;user-I072507;2;-628793669;true;0.35194592993066154;0.2714285714285714;Infinity;0;A
user-I072507_session-F043B57DC27CD5351F4A04F235EF7934EE1AF057E1FE9AB3350C0712A46AA23F_analysis-1.csv;user-I072507;2;2133837286;true;0.13066914051256295;0.2714285714285714;Infinity;0;A
user-I072507_session-F043B57DC27CD5351F4A04F235EF7934EE1AF057E1FE9AB3350C0712A46AA23F_analysis-1.csv;user-I072507;2;1465956751;true;0.2904782763827193;0.2714285714285714;Infinity;0;A
user-I072507_session-F043B57DC27CD5351F4A04F235EF7934EE1AF057E1FE9AB3350C0712A46AA23F_analysis-1.csv;user-I072507;2;-1323045129;true;0.3090219291177062;0.2714285714285714;Infinity;0;A
user-I072507_session-F043B57DC27CD5351F4A04F235EF7934EE1AF057E1FE9AB3350C0712A46AA23F_analysis-1.csv;user-I072507;2;-1111609749;true;0.22612991348260392;0.2714285714285714;Infinity;0;A
user-I072507_session-F043B57DC27CD5351F4A04F235EF7934EE1AF057E1FE9AB3350C0712A46AA23F_analysis-1.csv;user-I072507;2;-1254917286;true;0.3789950824602629;0.2714285714285714;Infinity;0;A
user-I072507_session-F043B57DC27CD5351F4A04F235EF7934EE1AF057E1FE9AB3350C0712A46AA23F_analysis-1.csv;user-I072507;2;1536302037;true;0.2699994900505134;0.2714285714285714;Infinity;0;A
user-I072507_session-F043B57DC27CD5351F4A04F235EF7934EE1AF057E1FE9AB3350C0712A46AA23F_analysis-1.csv;user-I072507;2;1082330856;true;0.2516142121374879;0.2714285714285714;Infinity;0;A
user-I072507_session-F043B57DC27CD5351F4A04F235EF7934EE1AF057E1FE9AB3350C0712A46AA23F_analysis-1.csv;user-I072507;2;-1181955035;true;0.18983778662498474;0.2714285714285714;Infinity;0;A
user-I072507_session-F043B57DC27CD5351F4A04F235EF7934EE1AF057E1FE9AB3350C0712A46AA23F_analysis-1.csv;user-I072507;2;-1090708725;true;0.3893390481393336;0.2714285714285714;Infinity;0;A
user-I072507_session-F043B57DC27CD5351F4A04F235EF7934EE1AF057E1FE9AB3350C0712A46AA23F_analysis-1.csv;user-I072507;2;-564724654;true;0.12842999629758922;0.2714285714285714;Infinity;0;A
