session ;user;query position;cell hashcode;novelty;outlierness;relevance;surprise;query label;session label
user-I051911_session-547BFC0A9BECA12855B0C21A1D028732A75106E4BFAC87C9590A6616878B5C90_analysis-11.csv;user-I051911;1;-1932430166;true;0.11553408414414745;0.0;Infinity;1;B
user-I051911_session-547BFC0A9BECA12855B0C21A1D028732A75106E4BFAC87C9590A6616878B5C90_analysis-11.csv;user-I051911;1;1828983515;true;0.2136419865627157;0.0;Infinity;1;B
user-I051911_session-547BFC0A9BECA12855B0C21A1D028732A75106E4BFAC87C9590A6616878B5C90_analysis-11.csv;user-I051911;1;938365628;true;0.31663539654050255;0.0;Infinity;1;B
user-I051911_session-547BFC0A9BECA12855B0C21A1D028732A75106E4BFAC87C9590A6616878B5C90_analysis-11.csv;user-I051911;1;-1426051237;true;0.1876260825116598;0.0;Infinity;1;B
user-I051911_session-547BFC0A9BECA12855B0C21A1D028732A75106E4BFAC87C9590A6616878B5C90_analysis-11.csv;user-I051911;1;495467645;true;0.16851689500562594;0.0;Infinity;1;B
user-I051911_session-547BFC0A9BECA12855B0C21A1D028732A75106E4BFAC87C9590A6616878B5C90_analysis-11.csv;user-I051911;2;-1025028747;true;0.38169829323458015;0.0;Infinity;1;B
user-I051911_session-547BFC0A9BECA12855B0C21A1D028732A75106E4BFAC87C9590A6616878B5C90_analysis-11.csv;user-I051911;2;-1345374096;true;0.368272281343047;0.0;Infinity;1;B
user-I051911_session-547BFC0A9BECA12855B0C21A1D028732A75106E4BFAC87C9590A6616878B5C90_analysis-11.csv;user-I051911;2;-1578146949;true;0.36287848519032884;0.0;Infinity;1;B
user-I051911_session-547BFC0A9BECA12855B0C21A1D028732A75106E4BFAC87C9590A6616878B5C90_analysis-11.csv;user-I051911;2;618785809;true;0.29256475318031616;0.0;Infinity;1;B
user-I051911_session-547BFC0A9BECA12855B0C21A1D028732A75106E4BFAC87C9590A6616878B5C90_analysis-11.csv;user-I051911;2;571241305;true;0.3014412344470968;0.0;Infinity;1;B
user-I051911_session-547BFC0A9BECA12855B0C21A1D028732A75106E4BFAC87C9590A6616878B5C90_analysis-11.csv;user-I051911;2;1926240362;true;0.29185957018314035;0.0;Infinity;1;B
user-I051911_session-547BFC0A9BECA12855B0C21A1D028732A75106E4BFAC87C9590A6616878B5C90_analysis-11.csv;user-I051911;2;-1705576743;true;0.08160972465173755;0.0;Infinity;1;B
user-I051911_session-547BFC0A9BECA12855B0C21A1D028732A75106E4BFAC87C9590A6616878B5C90_analysis-11.csv;user-I051911;2;1696306805;true;0.33045185707306857;0.0;Infinity;1;B
user-I051911_session-547BFC0A9BECA12855B0C21A1D028732A75106E4BFAC87C9590A6616878B5C90_analysis-11.csv;user-I051911;2;1003158696;true;0.3401283683664116;0.0;Infinity;1;B
user-I051911_session-547BFC0A9BECA12855B0C21A1D028732A75106E4BFAC87C9590A6616878B5C90_analysis-11.csv;user-I051911;2;-1463507536;true;0.2737916532557324;0.0;Infinity;1;B
user-I051911_session-547BFC0A9BECA12855B0C21A1D028732A75106E4BFAC87C9590A6616878B5C90_analysis-11.csv;user-I051911;2;-1417755117;true;0.3134882705334736;0.0;Infinity;1;B
user-I051911_session-547BFC0A9BECA12855B0C21A1D028732A75106E4BFAC87C9590A6616878B5C90_analysis-11.csv;user-I051911;2;-1994002015;true;0.29740311947552867;0.0;Infinity;1;B
user-I051911_session-547BFC0A9BECA12855B0C21A1D028732A75106E4BFAC87C9590A6616878B5C90_analysis-11.csv;user-I051911;2;350605775;true;0.2856303750180551;0.0;Infinity;1;B
user-I051911_session-547BFC0A9BECA12855B0C21A1D028732A75106E4BFAC87C9590A6616878B5C90_analysis-11.csv;user-I051911;2;1794975140;true;0.3873842038693953;0.0;Infinity;1;B
user-I051911_session-547BFC0A9BECA12855B0C21A1D028732A75106E4BFAC87C9590A6616878B5C90_analysis-11.csv;user-I051911;2;-1562024468;true;0.2776564312509191;0.0;Infinity;1;B
user-I051911_session-547BFC0A9BECA12855B0C21A1D028732A75106E4BFAC87C9590A6616878B5C90_analysis-11.csv;user-I051911;2;-1950398193;true;0.37716666331461735;0.0;Infinity;1;B
user-I051911_session-547BFC0A9BECA12855B0C21A1D028732A75106E4BFAC87C9590A6616878B5C90_analysis-11.csv;user-I051911;2;-996657663;true;0.2701819425227687;0.0;Infinity;1;B
user-I051911_session-547BFC0A9BECA12855B0C21A1D028732A75106E4BFAC87C9590A6616878B5C90_analysis-11.csv;user-I051911;2;1371871151;true;0.4569724745198688;0.0;Infinity;1;B
user-I051911_session-547BFC0A9BECA12855B0C21A1D028732A75106E4BFAC87C9590A6616878B5C90_analysis-11.csv;user-I051911;2;1280614737;true;0.49369939103074434;0.0;Infinity;1;B
user-I051911_session-547BFC0A9BECA12855B0C21A1D028732A75106E4BFAC87C9590A6616878B5C90_analysis-11.csv;user-I051911;2;-1848108966;true;9.287272381647282E-4;0.0;Infinity;1;B
user-I051911_session-547BFC0A9BECA12855B0C21A1D028732A75106E4BFAC87C9590A6616878B5C90_analysis-11.csv;user-I051911;2;429573997;true;0.08730236663202184;0.0;Infinity;1;B
user-I051911_session-547BFC0A9BECA12855B0C21A1D028732A75106E4BFAC87C9590A6616878B5C90_analysis-11.csv;user-I051911;2;1003080599;true;0.3520411550271184;0.0;Infinity;1;B
user-I051911_session-547BFC0A9BECA12855B0C21A1D028732A75106E4BFAC87C9590A6616878B5C90_analysis-11.csv;user-I051911;2;-1307876463;true;0.3453455274346622;0.0;Infinity;1;B
user-I051911_session-547BFC0A9BECA12855B0C21A1D028732A75106E4BFAC87C9590A6616878B5C90_analysis-11.csv;user-I051911;2;734815350;true;0.2933268027060091;0.0;Infinity;1;B
user-I051911_session-547BFC0A9BECA12855B0C21A1D028732A75106E4BFAC87C9590A6616878B5C90_analysis-11.csv;user-I051911;2;92729137;true;0.3287641861037396;0.0;Infinity;1;B
user-I051911_session-547BFC0A9BECA12855B0C21A1D028732A75106E4BFAC87C9590A6616878B5C90_analysis-11.csv;user-I051911;2;1798342657;true;0.29869536011017306;0.0;Infinity;1;B
user-I051911_session-547BFC0A9BECA12855B0C21A1D028732A75106E4BFAC87C9590A6616878B5C90_analysis-11.csv;user-I051911;2;-928918933;true;0.2999508025841542;0.0;Infinity;1;B
user-I051911_session-547BFC0A9BECA12855B0C21A1D028732A75106E4BFAC87C9590A6616878B5C90_analysis-11.csv;user-I051911;2;1071938505;true;0.14363013806472824;0.0;Infinity;1;B
user-I051911_session-547BFC0A9BECA12855B0C21A1D028732A75106E4BFAC87C9590A6616878B5C90_analysis-11.csv;user-I051911;2;1749358919;true;0.33871368765122334;0.0;Infinity;1;B
user-I051911_session-547BFC0A9BECA12855B0C21A1D028732A75106E4BFAC87C9590A6616878B5C90_analysis-11.csv;user-I051911;2;-591555183;true;0.41280963980867946;0.0;Infinity;1;B
user-I051911_session-547BFC0A9BECA12855B0C21A1D028732A75106E4BFAC87C9590A6616878B5C90_analysis-11.csv;user-I051911;2;-627591479;true;0.007013059495102114;0.0;Infinity;1;B
user-I051911_session-547BFC0A9BECA12855B0C21A1D028732A75106E4BFAC87C9590A6616878B5C90_analysis-11.csv;user-I051911;2;1081960595;true;0.3137651343807475;0.0;Infinity;1;B
user-I051911_session-547BFC0A9BECA12855B0C21A1D028732A75106E4BFAC87C9590A6616878B5C90_analysis-11.csv;user-I051911;2;512718861;true;0.4468734712516109;0.0;Infinity;1;B
user-I051911_session-547BFC0A9BECA12855B0C21A1D028732A75106E4BFAC87C9590A6616878B5C90_analysis-11.csv;user-I051911;2;473566264;true;0.3510453175271693;0.0;Infinity;1;B
user-I051911_session-547BFC0A9BECA12855B0C21A1D028732A75106E4BFAC87C9590A6616878B5C90_analysis-11.csv;user-I051911;2;-678874322;true;0.27701563408996643;0.0;Infinity;1;B
user-I051911_session-547BFC0A9BECA12855B0C21A1D028732A75106E4BFAC87C9590A6616878B5C90_analysis-11.csv;user-I051911;2;-283843971;true;0.3391858248721167;0.0;Infinity;1;B
user-I051911_session-547BFC0A9BECA12855B0C21A1D028732A75106E4BFAC87C9590A6616878B5C90_analysis-11.csv;user-I051911;2;1214101365;true;0.30420474769924644;0.0;Infinity;1;B
user-I051911_session-547BFC0A9BECA12855B0C21A1D028732A75106E4BFAC87C9590A6616878B5C90_analysis-11.csv;user-I051911;2;-897841200;true;0.39394389609282066;0.0;Infinity;1;B
user-I051911_session-547BFC0A9BECA12855B0C21A1D028732A75106E4BFAC87C9590A6616878B5C90_analysis-11.csv;user-I051911;2;-1853839831;true;0.07503642979993197;0.0;Infinity;1;B
user-I051911_session-547BFC0A9BECA12855B0C21A1D028732A75106E4BFAC87C9590A6616878B5C90_analysis-11.csv;user-I051911;2;-833510251;true;0.2725842668102335;0.0;Infinity;1;B
user-I051911_session-547BFC0A9BECA12855B0C21A1D028732A75106E4BFAC87C9590A6616878B5C90_analysis-11.csv;user-I051911;2;1450332468;true;0.4460382737323625;0.0;Infinity;1;B
user-I051911_session-547BFC0A9BECA12855B0C21A1D028732A75106E4BFAC87C9590A6616878B5C90_analysis-11.csv;user-I051911;2;1293412054;true;0.31055120700404637;0.0;Infinity;1;B
user-I051911_session-547BFC0A9BECA12855B0C21A1D028732A75106E4BFAC87C9590A6616878B5C90_analysis-11.csv;user-I051911;2;39836820;true;0.33395529272997215;0.0;Infinity;1;B
user-I051911_session-547BFC0A9BECA12855B0C21A1D028732A75106E4BFAC87C9590A6616878B5C90_analysis-11.csv;user-I051911;2;1744618306;true;0.29943874653778146;0.0;Infinity;1;B
user-I051911_session-547BFC0A9BECA12855B0C21A1D028732A75106E4BFAC87C9590A6616878B5C90_analysis-11.csv;user-I051911;2;1812679580;true;0.06446604916685872;0.0;Infinity;1;B
user-I051911_session-547BFC0A9BECA12855B0C21A1D028732A75106E4BFAC87C9590A6616878B5C90_analysis-11.csv;user-I051911;2;-18582297;true;0.45125592486276656;0.0;Infinity;1;B
user-I051911_session-547BFC0A9BECA12855B0C21A1D028732A75106E4BFAC87C9590A6616878B5C90_analysis-11.csv;user-I051911;2;-395026010;true;0.2789120568223945;0.0;Infinity;1;B
user-I051911_session-547BFC0A9BECA12855B0C21A1D028732A75106E4BFAC87C9590A6616878B5C90_analysis-11.csv;user-I051911;2;-2056211866;true;0.29258342367620105;0.0;Infinity;1;B
user-I051911_session-547BFC0A9BECA12855B0C21A1D028732A75106E4BFAC87C9590A6616878B5C90_analysis-11.csv;user-I051911;2;-954899996;true;0.002906891996820038;0.0;Infinity;1;B
user-I051911_session-547BFC0A9BECA12855B0C21A1D028732A75106E4BFAC87C9590A6616878B5C90_analysis-11.csv;user-I051911;2;635859642;true;0.2664526988249667;0.0;Infinity;1;B
user-I051911_session-547BFC0A9BECA12855B0C21A1D028732A75106E4BFAC87C9590A6616878B5C90_analysis-11.csv;user-I051911;2;-777485605;true;0.298250987126385;0.0;Infinity;1;B
user-I051911_session-547BFC0A9BECA12855B0C21A1D028732A75106E4BFAC87C9590A6616878B5C90_analysis-11.csv;user-I051911;2;-1567476630;true;0.296362247866099;0.0;Infinity;1;B
user-I051911_session-547BFC0A9BECA12855B0C21A1D028732A75106E4BFAC87C9590A6616878B5C90_analysis-11.csv;user-I051911;2;1069526477;true;0.4431682498816675;0.0;Infinity;1;B
user-I051911_session-547BFC0A9BECA12855B0C21A1D028732A75106E4BFAC87C9590A6616878B5C90_analysis-11.csv;user-I051911;2;-1971730877;true;0.4150808815125031;0.0;Infinity;1;B
user-I051911_session-547BFC0A9BECA12855B0C21A1D028732A75106E4BFAC87C9590A6616878B5C90_analysis-11.csv;user-I051911;2;1075077355;true;0.4297185006078872;0.0;Infinity;1;B
user-I051911_session-547BFC0A9BECA12855B0C21A1D028732A75106E4BFAC87C9590A6616878B5C90_analysis-11.csv;user-I051911;2;1660820403;true;0.38500498578117825;0.0;Infinity;1;B
user-I051911_session-547BFC0A9BECA12855B0C21A1D028732A75106E4BFAC87C9590A6616878B5C90_analysis-11.csv;user-I051911;2;621690033;true;0.294149038561475;0.0;Infinity;1;B
user-I051911_session-547BFC0A9BECA12855B0C21A1D028732A75106E4BFAC87C9590A6616878B5C90_analysis-11.csv;user-I051911;2;-577512918;true;0.4634595998399751;0.0;Infinity;1;B
user-I051911_session-547BFC0A9BECA12855B0C21A1D028732A75106E4BFAC87C9590A6616878B5C90_analysis-11.csv;user-I051911;2;50191213;true;0.27363192194067665;0.0;Infinity;1;B
user-I051911_session-547BFC0A9BECA12855B0C21A1D028732A75106E4BFAC87C9590A6616878B5C90_analysis-11.csv;user-I051911;2;1080619287;true;0.2997493937904161;0.0;Infinity;1;B
user-I051911_session-547BFC0A9BECA12855B0C21A1D028732A75106E4BFAC87C9590A6616878B5C90_analysis-11.csv;user-I051911;2;1076123306;true;0.2717758081953755;0.0;Infinity;1;B
user-I051911_session-547BFC0A9BECA12855B0C21A1D028732A75106E4BFAC87C9590A6616878B5C90_analysis-11.csv;user-I051911;2;-546846326;true;0.3607088335497889;0.0;Infinity;1;B
user-I051911_session-547BFC0A9BECA12855B0C21A1D028732A75106E4BFAC87C9590A6616878B5C90_analysis-11.csv;user-I051911;2;1217110243;true;0.3999886083195894;0.0;Infinity;1;B
user-I051911_session-547BFC0A9BECA12855B0C21A1D028732A75106E4BFAC87C9590A6616878B5C90_analysis-11.csv;user-I051911;2;316117431;true;0.2822034717564117;0.0;Infinity;1;B
user-I051911_session-547BFC0A9BECA12855B0C21A1D028732A75106E4BFAC87C9590A6616878B5C90_analysis-11.csv;user-I051911;2;777640596;true;0.2284125669609004;0.0;Infinity;1;B
user-I051911_session-547BFC0A9BECA12855B0C21A1D028732A75106E4BFAC87C9590A6616878B5C90_analysis-11.csv;user-I051911;2;196535208;true;0.43949975446181644;0.0;Infinity;1;B
user-I051911_session-547BFC0A9BECA12855B0C21A1D028732A75106E4BFAC87C9590A6616878B5C90_analysis-11.csv;user-I051911;2;-1035118267;true;0.12672902373691786;0.0;Infinity;1;B
user-I051911_session-547BFC0A9BECA12855B0C21A1D028732A75106E4BFAC87C9590A6616878B5C90_analysis-11.csv;user-I051911;2;196568808;true;0.4515377054158577;0.0;Infinity;1;B
user-I051911_session-547BFC0A9BECA12855B0C21A1D028732A75106E4BFAC87C9590A6616878B5C90_analysis-11.csv;user-I051911;2;1073351554;true;0.27796685208996497;0.0;Infinity;1;B
user-I051911_session-547BFC0A9BECA12855B0C21A1D028732A75106E4BFAC87C9590A6616878B5C90_analysis-11.csv;user-I051911;2;-726023476;true;2.7913291767278636E-4;0.0;Infinity;1;B
user-I051911_session-547BFC0A9BECA12855B0C21A1D028732A75106E4BFAC87C9590A6616878B5C90_analysis-11.csv;user-I051911;2;1926671107;true;0.28862148798933973;0.0;Infinity;1;B
user-I051911_session-547BFC0A9BECA12855B0C21A1D028732A75106E4BFAC87C9590A6616878B5C90_analysis-11.csv;user-I051911;2;1804144847;true;0.21816767265522619;0.0;Infinity;1;B
user-I051911_session-547BFC0A9BECA12855B0C21A1D028732A75106E4BFAC87C9590A6616878B5C90_analysis-11.csv;user-I051911;2;1074382707;true;0.38171296309297187;0.0;Infinity;1;B
user-I051911_session-547BFC0A9BECA12855B0C21A1D028732A75106E4BFAC87C9590A6616878B5C90_analysis-11.csv;user-I051911;2;759540867;true;0.33904001515916427;0.0;Infinity;1;B
user-I051911_session-547BFC0A9BECA12855B0C21A1D028732A75106E4BFAC87C9590A6616878B5C90_analysis-11.csv;user-I051911;2;2044215619;true;0.27977123463903864;0.0;Infinity;1;B
user-I051911_session-547BFC0A9BECA12855B0C21A1D028732A75106E4BFAC87C9590A6616878B5C90_analysis-11.csv;user-I051911;2;-821009408;true;0.308593727604918;0.0;Infinity;1;B
user-I051911_session-547BFC0A9BECA12855B0C21A1D028732A75106E4BFAC87C9590A6616878B5C90_analysis-11.csv;user-I051911;2;-1854009922;true;0.3146992186135389;0.0;Infinity;1;B
user-I051911_session-547BFC0A9BECA12855B0C21A1D028732A75106E4BFAC87C9590A6616878B5C90_analysis-11.csv;user-I051911;2;1143847374;true;0.33227940799547084;0.0;Infinity;1;B
user-I051911_session-547BFC0A9BECA12855B0C21A1D028732A75106E4BFAC87C9590A6616878B5C90_analysis-11.csv;user-I051911;2;1081054447;true;0.24816349621104927;0.0;5.604119980113013;1;B
user-I051911_session-547BFC0A9BECA12855B0C21A1D028732A75106E4BFAC87C9590A6616878B5C90_analysis-11.csv;user-I051911;2;116399818;true;0.26960208867375557;0.0;Infinity;1;B
user-I051911_session-547BFC0A9BECA12855B0C21A1D028732A75106E4BFAC87C9590A6616878B5C90_analysis-11.csv;user-I051911;2;-983669401;true;8.88566997758744E-12;0.0;Infinity;1;B
user-I051911_session-547BFC0A9BECA12855B0C21A1D028732A75106E4BFAC87C9590A6616878B5C90_analysis-11.csv;user-I051911;2;1078778555;true;0.02156408784986541;0.0;Infinity;1;B
user-I051911_session-547BFC0A9BECA12855B0C21A1D028732A75106E4BFAC87C9590A6616878B5C90_analysis-11.csv;user-I051911;2;2056562925;true;0.3254889831007768;0.0;Infinity;1;B
user-I051911_session-547BFC0A9BECA12855B0C21A1D028732A75106E4BFAC87C9590A6616878B5C90_analysis-11.csv;user-I051911;2;1072310060;true;0.04373468634295896;0.0;Infinity;1;B
user-I051911_session-547BFC0A9BECA12855B0C21A1D028732A75106E4BFAC87C9590A6616878B5C90_analysis-11.csv;user-I051911;2;-509707012;true;0.3042297617495453;0.0;Infinity;1;B
user-I051911_session-547BFC0A9BECA12855B0C21A1D028732A75106E4BFAC87C9590A6616878B5C90_analysis-11.csv;user-I051911;2;448246076;true;0.24624892068550186;0.0;Infinity;1;B
user-I051911_session-547BFC0A9BECA12855B0C21A1D028732A75106E4BFAC87C9590A6616878B5C90_analysis-11.csv;user-I051911;2;1003430385;true;0.46855515113714263;0.0;Infinity;1;B
user-I051911_session-547BFC0A9BECA12855B0C21A1D028732A75106E4BFAC87C9590A6616878B5C90_analysis-11.csv;user-I051911;2;-68986718;true;0.39011101169871076;0.0;Infinity;1;B
user-I051911_session-547BFC0A9BECA12855B0C21A1D028732A75106E4BFAC87C9590A6616878B5C90_analysis-11.csv;user-I051911;2;468752871;true;0.2955113726159777;0.0;Infinity;1;B
user-I051911_session-547BFC0A9BECA12855B0C21A1D028732A75106E4BFAC87C9590A6616878B5C90_analysis-11.csv;user-I051911;2;-1304827976;true;0.2862329598738943;0.0;Infinity;1;B
user-I051911_session-547BFC0A9BECA12855B0C21A1D028732A75106E4BFAC87C9590A6616878B5C90_analysis-11.csv;user-I051911;2;-624448390;true;0.2842996029313066;0.0;Infinity;1;B
user-I051911_session-547BFC0A9BECA12855B0C21A1D028732A75106E4BFAC87C9590A6616878B5C90_analysis-11.csv;user-I051911;2;-1708192764;true;0.2885812931835747;0.0;Infinity;1;B
user-I051911_session-547BFC0A9BECA12855B0C21A1D028732A75106E4BFAC87C9590A6616878B5C90_analysis-11.csv;user-I051911;2;1003359607;true;0.2735001030094649;0.0;Infinity;1;B
user-I051911_session-547BFC0A9BECA12855B0C21A1D028732A75106E4BFAC87C9590A6616878B5C90_analysis-11.csv;user-I051911;2;-1149575153;true;0.29997362228544144;0.0;Infinity;1;B
user-I051911_session-547BFC0A9BECA12855B0C21A1D028732A75106E4BFAC87C9590A6616878B5C90_analysis-11.csv;user-I051911;2;-1026470032;true;0.14697645972716522;0.0;Infinity;1;B
user-I051911_session-547BFC0A9BECA12855B0C21A1D028732A75106E4BFAC87C9590A6616878B5C90_analysis-11.csv;user-I051911;2;2028687741;true;0.30953708013891035;0.0;Infinity;1;B
user-I051911_session-547BFC0A9BECA12855B0C21A1D028732A75106E4BFAC87C9590A6616878B5C90_analysis-11.csv;user-I051911;2;-1181677695;true;0.08443616672178322;0.0;Infinity;1;B
user-I051911_session-547BFC0A9BECA12855B0C21A1D028732A75106E4BFAC87C9590A6616878B5C90_analysis-11.csv;user-I051911;2;136732;true;0.03372896893947619;0.0;6.962243464266207;1;B
user-I051911_session-547BFC0A9BECA12855B0C21A1D028732A75106E4BFAC87C9590A6616878B5C90_analysis-11.csv;user-I051911;2;-1031548187;true;0.023682368676047783;0.0;Infinity;1;B
user-I051911_session-547BFC0A9BECA12855B0C21A1D028732A75106E4BFAC87C9590A6616878B5C90_analysis-11.csv;user-I051911;2;-1069434870;true;0.33029769289265887;0.0;Infinity;1;B
user-I051911_session-547BFC0A9BECA12855B0C21A1D028732A75106E4BFAC87C9590A6616878B5C90_analysis-11.csv;user-I051911;2;-501800765;true;0.286618838280867;0.0;Infinity;1;B
user-I051911_session-547BFC0A9BECA12855B0C21A1D028732A75106E4BFAC87C9590A6616878B5C90_analysis-11.csv;user-I051911;2;230372649;true;0.2745457240230954;0.0;Infinity;1;B
user-I051911_session-547BFC0A9BECA12855B0C21A1D028732A75106E4BFAC87C9590A6616878B5C90_analysis-11.csv;user-I051911;2;875178989;true;0.4654564996281555;0.0;Infinity;1;B
user-I051911_session-547BFC0A9BECA12855B0C21A1D028732A75106E4BFAC87C9590A6616878B5C90_analysis-11.csv;user-I051911;2;630073327;true;0.29088823204679115;0.0;Infinity;1;B
user-I051911_session-547BFC0A9BECA12855B0C21A1D028732A75106E4BFAC87C9590A6616878B5C90_analysis-11.csv;user-I051911;2;913177094;true;0.27217312614583966;0.0;Infinity;1;B
user-I051911_session-547BFC0A9BECA12855B0C21A1D028732A75106E4BFAC87C9590A6616878B5C90_analysis-11.csv;user-I051911;2;-1073144081;true;0.3546893166380174;0.0;Infinity;1;B
user-I051911_session-547BFC0A9BECA12855B0C21A1D028732A75106E4BFAC87C9590A6616878B5C90_analysis-11.csv;user-I051911;2;-1152938029;true;0.3191953710897323;0.0;Infinity;1;B
user-I051911_session-547BFC0A9BECA12855B0C21A1D028732A75106E4BFAC87C9590A6616878B5C90_analysis-11.csv;user-I051911;2;-1175191970;true;0.27595555418724427;0.0;Infinity;1;B
user-I051911_session-547BFC0A9BECA12855B0C21A1D028732A75106E4BFAC87C9590A6616878B5C90_analysis-11.csv;user-I051911;2;1709275538;true;0.3760645742179074;0.0;Infinity;1;B
user-I051911_session-547BFC0A9BECA12855B0C21A1D028732A75106E4BFAC87C9590A6616878B5C90_analysis-11.csv;user-I051911;2;1132170913;true;0.3870223266825361;0.0;Infinity;1;B
user-I051911_session-547BFC0A9BECA12855B0C21A1D028732A75106E4BFAC87C9590A6616878B5C90_analysis-11.csv;user-I051911;2;-389169290;true;0.3057966581314897;0.0;Infinity;1;B
user-I051911_session-547BFC0A9BECA12855B0C21A1D028732A75106E4BFAC87C9590A6616878B5C90_analysis-11.csv;user-I051911;2;1500583498;true;0.1527733194063965;0.0;Infinity;1;B
user-I051911_session-547BFC0A9BECA12855B0C21A1D028732A75106E4BFAC87C9590A6616878B5C90_analysis-11.csv;user-I051911;2;-2092390746;true;0.35962568161556274;0.0;Infinity;1;B
user-I051911_session-547BFC0A9BECA12855B0C21A1D028732A75106E4BFAC87C9590A6616878B5C90_analysis-11.csv;user-I051911;2;-686904356;true;0.44318486310782235;0.0;Infinity;1;B
user-I051911_session-547BFC0A9BECA12855B0C21A1D028732A75106E4BFAC87C9590A6616878B5C90_analysis-11.csv;user-I051911;2;1829580861;true;0.3162165148299403;0.0;Infinity;1;B
user-I051911_session-547BFC0A9BECA12855B0C21A1D028732A75106E4BFAC87C9590A6616878B5C90_analysis-11.csv;user-I051911;2;-193883673;true;0.30129423975904535;0.0;Infinity;1;B
user-I051911_session-547BFC0A9BECA12855B0C21A1D028732A75106E4BFAC87C9590A6616878B5C90_analysis-11.csv;user-I051911;2;-1389810941;true;0.2696043320666086;0.0;Infinity;1;B
user-I051911_session-547BFC0A9BECA12855B0C21A1D028732A75106E4BFAC87C9590A6616878B5C90_analysis-11.csv;user-I051911;2;1414033727;true;0.26978607794282383;0.0;Infinity;1;B
user-I051911_session-547BFC0A9BECA12855B0C21A1D028732A75106E4BFAC87C9590A6616878B5C90_analysis-11.csv;user-I051911;2;436641858;true;0.34050085345600123;0.0;Infinity;1;B
user-I051911_session-547BFC0A9BECA12855B0C21A1D028732A75106E4BFAC87C9590A6616878B5C90_analysis-11.csv;user-I051911;2;608111986;true;0.2960821483941668;0.0;Infinity;1;B
user-I051911_session-547BFC0A9BECA12855B0C21A1D028732A75106E4BFAC87C9590A6616878B5C90_analysis-11.csv;user-I051911;2;1475891039;true;2.4319828670904542E-5;0.0;Infinity;1;B
user-I051911_session-547BFC0A9BECA12855B0C21A1D028732A75106E4BFAC87C9590A6616878B5C90_analysis-11.csv;user-I051911;2;1639793776;true;0.48402999753654163;0.0;Infinity;1;B
user-I051911_session-547BFC0A9BECA12855B0C21A1D028732A75106E4BFAC87C9590A6616878B5C90_analysis-11.csv;user-I051911;2;1939086048;true;0.276910294228773;0.0;Infinity;1;B
user-I051911_session-547BFC0A9BECA12855B0C21A1D028732A75106E4BFAC87C9590A6616878B5C90_analysis-11.csv;user-I051911;2;-1790637500;true;0.4302255839202629;0.0;Infinity;1;B
user-I051911_session-547BFC0A9BECA12855B0C21A1D028732A75106E4BFAC87C9590A6616878B5C90_analysis-11.csv;user-I051911;2;-2058092308;true;0.3125661504123872;0.0;Infinity;1;B
user-I051911_session-547BFC0A9BECA12855B0C21A1D028732A75106E4BFAC87C9590A6616878B5C90_analysis-11.csv;user-I051911;2;-1819978646;true;0.29428475127287534;0.0;Infinity;1;B
user-I051911_session-547BFC0A9BECA12855B0C21A1D028732A75106E4BFAC87C9590A6616878B5C90_analysis-11.csv;user-I051911;2;1069734009;true;0.2817830000466668;0.0;Infinity;1;B
user-I051911_session-547BFC0A9BECA12855B0C21A1D028732A75106E4BFAC87C9590A6616878B5C90_analysis-11.csv;user-I051911;2;1081206037;true;0.2827405848649285;0.0;Infinity;1;B
user-I051911_session-547BFC0A9BECA12855B0C21A1D028732A75106E4BFAC87C9590A6616878B5C90_analysis-11.csv;user-I051911;2;526567908;true;0.26971651363280524;0.0;Infinity;1;B
user-I051911_session-547BFC0A9BECA12855B0C21A1D028732A75106E4BFAC87C9590A6616878B5C90_analysis-11.csv;user-I051911;2;-671507334;true;0.306904758577655;0.0;Infinity;1;B
user-I051911_session-547BFC0A9BECA12855B0C21A1D028732A75106E4BFAC87C9590A6616878B5C90_analysis-11.csv;user-I051911;2;474040741;true;0.3677203688548285;0.0;Infinity;1;B
user-I051911_session-547BFC0A9BECA12855B0C21A1D028732A75106E4BFAC87C9590A6616878B5C90_analysis-11.csv;user-I051911;2;852785433;true;0.28671284202096015;0.0;Infinity;1;B
user-I051911_session-547BFC0A9BECA12855B0C21A1D028732A75106E4BFAC87C9590A6616878B5C90_analysis-11.csv;user-I051911;2;-1913350209;true;0.2718426335471764;0.0;Infinity;1;B
user-I051911_session-547BFC0A9BECA12855B0C21A1D028732A75106E4BFAC87C9590A6616878B5C90_analysis-11.csv;user-I051911;2;-992599013;true;0.4211611116100411;0.0;Infinity;1;B
user-I051911_session-547BFC0A9BECA12855B0C21A1D028732A75106E4BFAC87C9590A6616878B5C90_analysis-11.csv;user-I051911;2;-1328337552;true;0.29832084208095466;0.0;Infinity;1;B
user-I051911_session-547BFC0A9BECA12855B0C21A1D028732A75106E4BFAC87C9590A6616878B5C90_analysis-11.csv;user-I051911;2;-356107098;true;0.07719125572823571;0.0;Infinity;1;B
user-I051911_session-547BFC0A9BECA12855B0C21A1D028732A75106E4BFAC87C9590A6616878B5C90_analysis-11.csv;user-I051911;2;1077847349;true;0.41308021130635075;0.0;Infinity;1;B
user-I051911_session-547BFC0A9BECA12855B0C21A1D028732A75106E4BFAC87C9590A6616878B5C90_analysis-11.csv;user-I051911;2;-251642117;true;0.3363725053645241;0.0;Infinity;1;B
user-I051911_session-547BFC0A9BECA12855B0C21A1D028732A75106E4BFAC87C9590A6616878B5C90_analysis-11.csv;user-I051911;2;1076233951;true;0.2732982926793126;0.0;Infinity;1;B
user-I051911_session-547BFC0A9BECA12855B0C21A1D028732A75106E4BFAC87C9590A6616878B5C90_analysis-11.csv;user-I051911;2;2018550395;true;0.0674136832363823;0.0;Infinity;1;B
user-I051911_session-547BFC0A9BECA12855B0C21A1D028732A75106E4BFAC87C9590A6616878B5C90_analysis-11.csv;user-I051911;2;-1395895594;true;0.30400760199065224;0.0;Infinity;1;B
user-I051911_session-547BFC0A9BECA12855B0C21A1D028732A75106E4BFAC87C9590A6616878B5C90_analysis-11.csv;user-I051911;2;-350138353;true;0.26873833141223935;0.0;Infinity;1;B
user-I051911_session-547BFC0A9BECA12855B0C21A1D028732A75106E4BFAC87C9590A6616878B5C90_analysis-11.csv;user-I051911;2;1178475036;true;0.2675034036724584;0.0;Infinity;1;B
user-I051911_session-547BFC0A9BECA12855B0C21A1D028732A75106E4BFAC87C9590A6616878B5C90_analysis-11.csv;user-I051911;2;-762399134;true;0.2729407877676564;0.0;Infinity;1;B
user-I051911_session-547BFC0A9BECA12855B0C21A1D028732A75106E4BFAC87C9590A6616878B5C90_analysis-11.csv;user-I051911;2;-1140939035;true;0.27376678638902086;0.0;Infinity;1;B
user-I051911_session-547BFC0A9BECA12855B0C21A1D028732A75106E4BFAC87C9590A6616878B5C90_analysis-11.csv;user-I051911;2;72070582;true;0.061634956369318594;0.0;Infinity;1;B
user-I051911_session-547BFC0A9BECA12855B0C21A1D028732A75106E4BFAC87C9590A6616878B5C90_analysis-11.csv;user-I051911;2;756721159;true;0.20240749082834975;0.0;Infinity;1;B
user-I051911_session-547BFC0A9BECA12855B0C21A1D028732A75106E4BFAC87C9590A6616878B5C90_analysis-11.csv;user-I051911;2;916047800;true;0.2892982381019882;0.0;Infinity;1;B
user-I051911_session-547BFC0A9BECA12855B0C21A1D028732A75106E4BFAC87C9590A6616878B5C90_analysis-11.csv;user-I051911;2;1071762525;true;0.27985958423630053;0.0;Infinity;1;B
user-I051911_session-547BFC0A9BECA12855B0C21A1D028732A75106E4BFAC87C9590A6616878B5C90_analysis-11.csv;user-I051911;2;1070456875;true;0.27151083987226676;0.0;Infinity;1;B
user-I051911_session-547BFC0A9BECA12855B0C21A1D028732A75106E4BFAC87C9590A6616878B5C90_analysis-11.csv;user-I051911;2;942701074;true;0.27450346899169376;0.0;Infinity;1;B
user-I051911_session-547BFC0A9BECA12855B0C21A1D028732A75106E4BFAC87C9590A6616878B5C90_analysis-11.csv;user-I051911;2;-584893774;true;0.31587915859491567;0.0;Infinity;1;B
user-I051911_session-547BFC0A9BECA12855B0C21A1D028732A75106E4BFAC87C9590A6616878B5C90_analysis-11.csv;user-I051911;2;1003453022;true;0.3342229850617112;0.0;Infinity;1;B
user-I051911_session-547BFC0A9BECA12855B0C21A1D028732A75106E4BFAC87C9590A6616878B5C90_analysis-11.csv;user-I051911;2;-1040764705;true;0.2883911765905407;0.0;Infinity;1;B
user-I051911_session-547BFC0A9BECA12855B0C21A1D028732A75106E4BFAC87C9590A6616878B5C90_analysis-11.csv;user-I051911;2;1656215588;true;0.364431319168109;0.0;Infinity;1;B
user-I051911_session-547BFC0A9BECA12855B0C21A1D028732A75106E4BFAC87C9590A6616878B5C90_analysis-11.csv;user-I051911;2;-1512321145;true;0.2830353638479808;0.0;Infinity;1;B
user-I051911_session-547BFC0A9BECA12855B0C21A1D028732A75106E4BFAC87C9590A6616878B5C90_analysis-11.csv;user-I051911;2;-1260649220;true;0.32089273481593716;0.0;Infinity;1;B
user-I051911_session-547BFC0A9BECA12855B0C21A1D028732A75106E4BFAC87C9590A6616878B5C90_analysis-11.csv;user-I051911;2;-804771502;true;0.028904510098117786;0.0;Infinity;1;B
user-I051911_session-547BFC0A9BECA12855B0C21A1D028732A75106E4BFAC87C9590A6616878B5C90_analysis-11.csv;user-I051911;2;1003581449;true;0.27527512802482046;0.0;Infinity;1;B
user-I051911_session-547BFC0A9BECA12855B0C21A1D028732A75106E4BFAC87C9590A6616878B5C90_analysis-11.csv;user-I051911;2;-910710946;true;0.3767892788913437;0.0;Infinity;1;B
user-I051911_session-547BFC0A9BECA12855B0C21A1D028732A75106E4BFAC87C9590A6616878B5C90_analysis-11.csv;user-I051911;2;-690920556;true;0.1030374475279151;0.0;Infinity;1;B
user-I051911_session-547BFC0A9BECA12855B0C21A1D028732A75106E4BFAC87C9590A6616878B5C90_analysis-11.csv;user-I051911;2;1066047613;true;0.2988815208473321;0.0;Infinity;1;B
user-I051911_session-547BFC0A9BECA12855B0C21A1D028732A75106E4BFAC87C9590A6616878B5C90_analysis-11.csv;user-I051911;2;642808401;true;0.3659683498862193;0.0;Infinity;1;B
user-I051911_session-547BFC0A9BECA12855B0C21A1D028732A75106E4BFAC87C9590A6616878B5C90_analysis-11.csv;user-I051911;2;-76814464;true;0.020778044874700363;0.0;Infinity;1;B
user-I051911_session-547BFC0A9BECA12855B0C21A1D028732A75106E4BFAC87C9590A6616878B5C90_analysis-11.csv;user-I051911;2;1003256447;true;0.3259496445616571;0.0;Infinity;1;B
user-I051911_session-547BFC0A9BECA12855B0C21A1D028732A75106E4BFAC87C9590A6616878B5C90_analysis-11.csv;user-I051911;2;-1217263895;true;0.0163312129404104;0.0;Infinity;1;B
user-I051911_session-547BFC0A9BECA12855B0C21A1D028732A75106E4BFAC87C9590A6616878B5C90_analysis-11.csv;user-I051911;2;939626592;true;0.4129391916847023;0.0;Infinity;1;B
user-I051911_session-547BFC0A9BECA12855B0C21A1D028732A75106E4BFAC87C9590A6616878B5C90_analysis-11.csv;user-I051911;2;-1150039595;true;0.2721287985009715;0.0;Infinity;1;B
user-I051911_session-547BFC0A9BECA12855B0C21A1D028732A75106E4BFAC87C9590A6616878B5C90_analysis-11.csv;user-I051911;2;-1296182574;true;0.391965883949282;0.0;Infinity;1;B
user-I051911_session-547BFC0A9BECA12855B0C21A1D028732A75106E4BFAC87C9590A6616878B5C90_analysis-11.csv;user-I051911;2;-1094372698;true;0.2751531834304939;0.0;Infinity;1;B
user-I051911_session-547BFC0A9BECA12855B0C21A1D028732A75106E4BFAC87C9590A6616878B5C90_analysis-11.csv;user-I051911;2;1434446760;true;0.461938905859985;0.0;Infinity;1;B
user-I051911_session-547BFC0A9BECA12855B0C21A1D028732A75106E4BFAC87C9590A6616878B5C90_analysis-11.csv;user-I051911;2;1064509641;true;0.403573951230069;0.0;Infinity;1;B
user-I051911_session-547BFC0A9BECA12855B0C21A1D028732A75106E4BFAC87C9590A6616878B5C90_analysis-11.csv;user-I051911;2;1066047555;true;0.425774943929063;0.0;Infinity;1;B
user-I051911_session-547BFC0A9BECA12855B0C21A1D028732A75106E4BFAC87C9590A6616878B5C90_analysis-11.csv;user-I051911;2;837449922;true;0.3521050039322272;0.0;Infinity;1;B
user-I051911_session-547BFC0A9BECA12855B0C21A1D028732A75106E4BFAC87C9590A6616878B5C90_analysis-11.csv;user-I051911;2;-363879352;true;0.4395295753488174;0.0;Infinity;1;B
user-I051911_session-547BFC0A9BECA12855B0C21A1D028732A75106E4BFAC87C9590A6616878B5C90_analysis-11.csv;user-I051911;2;1267678652;true;0.2704717286648324;0.0;Infinity;1;B
user-I051911_session-547BFC0A9BECA12855B0C21A1D028732A75106E4BFAC87C9590A6616878B5C90_analysis-11.csv;user-I051911;2;1134467597;true;0.3270849001959951;0.0;Infinity;1;B
user-I051911_session-547BFC0A9BECA12855B0C21A1D028732A75106E4BFAC87C9590A6616878B5C90_analysis-11.csv;user-I051911;2;1615186874;true;0.276796640128372;0.0;Infinity;1;B
user-I051911_session-547BFC0A9BECA12855B0C21A1D028732A75106E4BFAC87C9590A6616878B5C90_analysis-11.csv;user-I051911;2;-69067550;true;0.269194694222199;0.0;Infinity;1;B
user-I051911_session-547BFC0A9BECA12855B0C21A1D028732A75106E4BFAC87C9590A6616878B5C90_analysis-11.csv;user-I051911;2;1065039382;true;0.2766080247846676;0.0;Infinity;1;B
user-I051911_session-547BFC0A9BECA12855B0C21A1D028732A75106E4BFAC87C9590A6616878B5C90_analysis-11.csv;user-I051911;2;-1099418937;true;0.37515559680768895;0.0;Infinity;1;B
user-I051911_session-547BFC0A9BECA12855B0C21A1D028732A75106E4BFAC87C9590A6616878B5C90_analysis-11.csv;user-I051911;2;66049918;true;0.27045525087143285;0.0;Infinity;1;B
user-I051911_session-547BFC0A9BECA12855B0C21A1D028732A75106E4BFAC87C9590A6616878B5C90_analysis-11.csv;user-I051911;2;-1282890188;true;0.07094459861899471;0.0;Infinity;1;B
user-I051911_session-547BFC0A9BECA12855B0C21A1D028732A75106E4BFAC87C9590A6616878B5C90_analysis-11.csv;user-I051911;2;2105911807;true;0.2905337718734403;0.0;Infinity;1;B
user-I051911_session-547BFC0A9BECA12855B0C21A1D028732A75106E4BFAC87C9590A6616878B5C90_analysis-11.csv;user-I051911;2;-777595372;true;0.39161286635628656;0.0;Infinity;1;B
user-I051911_session-547BFC0A9BECA12855B0C21A1D028732A75106E4BFAC87C9590A6616878B5C90_analysis-11.csv;user-I051911;2;1454486684;true;0.27807466615624143;0.0;Infinity;1;B
user-I051911_session-547BFC0A9BECA12855B0C21A1D028732A75106E4BFAC87C9590A6616878B5C90_analysis-11.csv;user-I051911;2;-2062827083;true;0.2760864418095422;0.0;Infinity;1;B
