session ;user;query position;cell hashcode;novelty;outlierness;relevance;surprise;query label;session label
user-I316785_session-0001BDAD11490DEA53791D77A9DD35BBD6DDA9EC2E01D78617538C4CBBFE4521_analysis-7.csv;user-I316785;1;-1120503911;true;0.43952341203613765;1.0;Infinity;1;B
user-I316785_session-0001BDAD11490DEA53791D77A9DD35BBD6DDA9EC2E01D78617538C4CBBFE4521_analysis-7.csv;user-I316785;1;-943318421;true;0.48311986710576327;1.0;Infinity;1;B
user-I316785_session-0001BDAD11490DEA53791D77A9DD35BBD6DDA9EC2E01D78617538C4CBBFE4521_analysis-7.csv;user-I316785;1;-728483002;true;0.08035345583627318;1.0;Infinity;1;B
user-I316785_session-0001BDAD11490DEA53791D77A9DD35BBD6DDA9EC2E01D78617538C4CBBFE4521_analysis-7.csv;user-I316785;1;-1666786583;true;0.05765444481190585;1.0;Infinity;1;B
user-I316785_session-0001BDAD11490DEA53791D77A9DD35BBD6DDA9EC2E01D78617538C4CBBFE4521_analysis-7.csv;user-I316785;1;-1627985141;true;0.20963376768549913;1.0;Infinity;1;B
user-I316785_session-0001BDAD11490DEA53791D77A9DD35BBD6DDA9EC2E01D78617538C4CBBFE4521_analysis-7.csv;user-I316785;1;-481075126;true;0.46830592380137503;1.0;Infinity;1;B
user-I316785_session-0001BDAD11490DEA53791D77A9DD35BBD6DDA9EC2E01D78617538C4CBBFE4521_analysis-7.csv;user-I316785;1;1781502284;true;0.03306882028816083;1.0;Infinity;1;B
user-I316785_session-0001BDAD11490DEA53791D77A9DD35BBD6DDA9EC2E01D78617538C4CBBFE4521_analysis-7.csv;user-I316785;1;-1464537009;true;0.19789319248878956;1.0;Infinity;1;B
user-I316785_session-0001BDAD11490DEA53791D77A9DD35BBD6DDA9EC2E01D78617538C4CBBFE4521_analysis-7.csv;user-I316785;1;-78583711;true;0.1482657140564656;1.0;Infinity;1;B
user-I316785_session-0001BDAD11490DEA53791D77A9DD35BBD6DDA9EC2E01D78617538C4CBBFE4521_analysis-7.csv;user-I316785;1;-1927930493;true;0.22050112684110224;1.0;Infinity;1;B
user-I316785_session-0001BDAD11490DEA53791D77A9DD35BBD6DDA9EC2E01D78617538C4CBBFE4521_analysis-7.csv;user-I316785;1;605351513;true;0.31086623204058905;1.0;Infinity;1;B
user-I316785_session-0001BDAD11490DEA53791D77A9DD35BBD6DDA9EC2E01D78617538C4CBBFE4521_analysis-7.csv;user-I316785;1;396611947;true;0.3807457483759261;1.0;Infinity;1;B
user-I316785_session-0001BDAD11490DEA53791D77A9DD35BBD6DDA9EC2E01D78617538C4CBBFE4521_analysis-7.csv;user-I316785;1;496368243;true;0.19284914520095364;1.0;Infinity;1;B
user-I316785_session-0001BDAD11490DEA53791D77A9DD35BBD6DDA9EC2E01D78617538C4CBBFE4521_analysis-7.csv;user-I316785;2;-1120503911;true;0.43952341203613765;1.0;Infinity;1;B
user-I316785_session-0001BDAD11490DEA53791D77A9DD35BBD6DDA9EC2E01D78617538C4CBBFE4521_analysis-7.csv;user-I316785;2;-943318421;true;0.48311986710576327;1.0;Infinity;1;B
user-I316785_session-0001BDAD11490DEA53791D77A9DD35BBD6DDA9EC2E01D78617538C4CBBFE4521_analysis-7.csv;user-I316785;2;-728483002;true;0.08035345583627318;1.0;Infinity;1;B
user-I316785_session-0001BDAD11490DEA53791D77A9DD35BBD6DDA9EC2E01D78617538C4CBBFE4521_analysis-7.csv;user-I316785;2;-1666786583;true;0.05765444481190585;1.0;Infinity;1;B
user-I316785_session-0001BDAD11490DEA53791D77A9DD35BBD6DDA9EC2E01D78617538C4CBBFE4521_analysis-7.csv;user-I316785;2;-1627985141;true;0.20963376768549913;1.0;Infinity;1;B
user-I316785_session-0001BDAD11490DEA53791D77A9DD35BBD6DDA9EC2E01D78617538C4CBBFE4521_analysis-7.csv;user-I316785;2;-481075126;true;0.46830592380137503;1.0;Infinity;1;B
user-I316785_session-0001BDAD11490DEA53791D77A9DD35BBD6DDA9EC2E01D78617538C4CBBFE4521_analysis-7.csv;user-I316785;2;1781502284;true;0.03306882028816083;1.0;Infinity;1;B
user-I316785_session-0001BDAD11490DEA53791D77A9DD35BBD6DDA9EC2E01D78617538C4CBBFE4521_analysis-7.csv;user-I316785;2;-1464537009;true;0.19789319248878956;1.0;Infinity;1;B
user-I316785_session-0001BDAD11490DEA53791D77A9DD35BBD6DDA9EC2E01D78617538C4CBBFE4521_analysis-7.csv;user-I316785;2;-78583711;true;0.1482657140564656;1.0;Infinity;1;B
user-I316785_session-0001BDAD11490DEA53791D77A9DD35BBD6DDA9EC2E01D78617538C4CBBFE4521_analysis-7.csv;user-I316785;2;-1927930493;true;0.22050112684110224;1.0;Infinity;1;B
user-I316785_session-0001BDAD11490DEA53791D77A9DD35BBD6DDA9EC2E01D78617538C4CBBFE4521_analysis-7.csv;user-I316785;2;605351513;true;0.31086623204058905;1.0;Infinity;1;B
user-I316785_session-0001BDAD11490DEA53791D77A9DD35BBD6DDA9EC2E01D78617538C4CBBFE4521_analysis-7.csv;user-I316785;2;396611947;true;0.3807457483759261;1.0;Infinity;1;B
user-I316785_session-0001BDAD11490DEA53791D77A9DD35BBD6DDA9EC2E01D78617538C4CBBFE4521_analysis-7.csv;user-I316785;2;496368243;true;0.19284914520095364;1.0;Infinity;1;B
user-I316785_session-0001BDAD11490DEA53791D77A9DD35BBD6DDA9EC2E01D78617538C4CBBFE4521_analysis-7.csv;user-I316785;3;-1120503911;true;0.43952341203613765;1.0;Infinity;1;B
user-I316785_session-0001BDAD11490DEA53791D77A9DD35BBD6DDA9EC2E01D78617538C4CBBFE4521_analysis-7.csv;user-I316785;3;-943318421;true;0.48311986710576327;1.0;Infinity;1;B
user-I316785_session-0001BDAD11490DEA53791D77A9DD35BBD6DDA9EC2E01D78617538C4CBBFE4521_analysis-7.csv;user-I316785;3;-728483002;true;0.08035345583627318;1.0;Infinity;1;B
user-I316785_session-0001BDAD11490DEA53791D77A9DD35BBD6DDA9EC2E01D78617538C4CBBFE4521_analysis-7.csv;user-I316785;3;-1666786583;true;0.05765444481190585;1.0;Infinity;1;B
user-I316785_session-0001BDAD11490DEA53791D77A9DD35BBD6DDA9EC2E01D78617538C4CBBFE4521_analysis-7.csv;user-I316785;3;-1627985141;true;0.20963376768549913;1.0;Infinity;1;B
user-I316785_session-0001BDAD11490DEA53791D77A9DD35BBD6DDA9EC2E01D78617538C4CBBFE4521_analysis-7.csv;user-I316785;3;-481075126;true;0.46830592380137503;1.0;Infinity;1;B
user-I316785_session-0001BDAD11490DEA53791D77A9DD35BBD6DDA9EC2E01D78617538C4CBBFE4521_analysis-7.csv;user-I316785;3;1781502284;true;0.03306882028816083;1.0;Infinity;1;B
user-I316785_session-0001BDAD11490DEA53791D77A9DD35BBD6DDA9EC2E01D78617538C4CBBFE4521_analysis-7.csv;user-I316785;3;-1464537009;true;0.19789319248878956;1.0;Infinity;1;B
user-I316785_session-0001BDAD11490DEA53791D77A9DD35BBD6DDA9EC2E01D78617538C4CBBFE4521_analysis-7.csv;user-I316785;3;-78583711;true;0.1482657140564656;1.0;Infinity;1;B
user-I316785_session-0001BDAD11490DEA53791D77A9DD35BBD6DDA9EC2E01D78617538C4CBBFE4521_analysis-7.csv;user-I316785;3;-1927930493;true;0.22050112684110224;1.0;Infinity;1;B
user-I316785_session-0001BDAD11490DEA53791D77A9DD35BBD6DDA9EC2E01D78617538C4CBBFE4521_analysis-7.csv;user-I316785;3;605351513;true;0.31086623204058905;1.0;Infinity;1;B
user-I316785_session-0001BDAD11490DEA53791D77A9DD35BBD6DDA9EC2E01D78617538C4CBBFE4521_analysis-7.csv;user-I316785;3;396611947;true;0.3807457483759261;1.0;Infinity;1;B
user-I316785_session-0001BDAD11490DEA53791D77A9DD35BBD6DDA9EC2E01D78617538C4CBBFE4521_analysis-7.csv;user-I316785;3;496368243;true;0.19284914520095364;1.0;Infinity;1;B
user-I316785_session-0001BDAD11490DEA53791D77A9DD35BBD6DDA9EC2E01D78617538C4CBBFE4521_analysis-7.csv;user-I316785;4;-1120503911;true;0.43952341203613765;1.0;Infinity;1;B
user-I316785_session-0001BDAD11490DEA53791D77A9DD35BBD6DDA9EC2E01D78617538C4CBBFE4521_analysis-7.csv;user-I316785;4;-943318421;true;0.48311986710576327;1.0;Infinity;1;B
user-I316785_session-0001BDAD11490DEA53791D77A9DD35BBD6DDA9EC2E01D78617538C4CBBFE4521_analysis-7.csv;user-I316785;4;-728483002;true;0.08035345583627318;1.0;Infinity;1;B
user-I316785_session-0001BDAD11490DEA53791D77A9DD35BBD6DDA9EC2E01D78617538C4CBBFE4521_analysis-7.csv;user-I316785;4;-1666786583;true;0.05765444481190585;1.0;Infinity;1;B
user-I316785_session-0001BDAD11490DEA53791D77A9DD35BBD6DDA9EC2E01D78617538C4CBBFE4521_analysis-7.csv;user-I316785;4;-1627985141;true;0.20963376768549913;1.0;Infinity;1;B
user-I316785_session-0001BDAD11490DEA53791D77A9DD35BBD6DDA9EC2E01D78617538C4CBBFE4521_analysis-7.csv;user-I316785;4;-481075126;true;0.46830592380137503;1.0;Infinity;1;B
user-I316785_session-0001BDAD11490DEA53791D77A9DD35BBD6DDA9EC2E01D78617538C4CBBFE4521_analysis-7.csv;user-I316785;4;1781502284;true;0.03306882028816083;1.0;Infinity;1;B
user-I316785_session-0001BDAD11490DEA53791D77A9DD35BBD6DDA9EC2E01D78617538C4CBBFE4521_analysis-7.csv;user-I316785;4;-1464537009;true;0.19789319248878956;1.0;Infinity;1;B
user-I316785_session-0001BDAD11490DEA53791D77A9DD35BBD6DDA9EC2E01D78617538C4CBBFE4521_analysis-7.csv;user-I316785;4;-78583711;true;0.1482657140564656;1.0;Infinity;1;B
user-I316785_session-0001BDAD11490DEA53791D77A9DD35BBD6DDA9EC2E01D78617538C4CBBFE4521_analysis-7.csv;user-I316785;4;-1927930493;true;0.22050112684110224;1.0;Infinity;1;B
user-I316785_session-0001BDAD11490DEA53791D77A9DD35BBD6DDA9EC2E01D78617538C4CBBFE4521_analysis-7.csv;user-I316785;4;605351513;true;0.31086623204058905;1.0;Infinity;1;B
user-I316785_session-0001BDAD11490DEA53791D77A9DD35BBD6DDA9EC2E01D78617538C4CBBFE4521_analysis-7.csv;user-I316785;4;396611947;true;0.3807457483759261;1.0;Infinity;1;B
user-I316785_session-0001BDAD11490DEA53791D77A9DD35BBD6DDA9EC2E01D78617538C4CBBFE4521_analysis-7.csv;user-I316785;4;496368243;true;0.19284914520095364;1.0;Infinity;1;B
user-I316785_session-0001BDAD11490DEA53791D77A9DD35BBD6DDA9EC2E01D78617538C4CBBFE4521_analysis-7.csv;user-I316785;5;-1120503911;true;0.43952341203613765;1.0;Infinity;1;B
user-I316785_session-0001BDAD11490DEA53791D77A9DD35BBD6DDA9EC2E01D78617538C4CBBFE4521_analysis-7.csv;user-I316785;5;-943318421;true;0.48311986710576327;1.0;Infinity;1;B
user-I316785_session-0001BDAD11490DEA53791D77A9DD35BBD6DDA9EC2E01D78617538C4CBBFE4521_analysis-7.csv;user-I316785;5;-728483002;true;0.08035345583627318;1.0;Infinity;1;B
user-I316785_session-0001BDAD11490DEA53791D77A9DD35BBD6DDA9EC2E01D78617538C4CBBFE4521_analysis-7.csv;user-I316785;5;-1666786583;true;0.05765444481190585;1.0;Infinity;1;B
user-I316785_session-0001BDAD11490DEA53791D77A9DD35BBD6DDA9EC2E01D78617538C4CBBFE4521_analysis-7.csv;user-I316785;5;-1627985141;true;0.20963376768549913;1.0;Infinity;1;B
user-I316785_session-0001BDAD11490DEA53791D77A9DD35BBD6DDA9EC2E01D78617538C4CBBFE4521_analysis-7.csv;user-I316785;5;-481075126;true;0.46830592380137503;1.0;Infinity;1;B
user-I316785_session-0001BDAD11490DEA53791D77A9DD35BBD6DDA9EC2E01D78617538C4CBBFE4521_analysis-7.csv;user-I316785;5;1781502284;true;0.03306882028816083;1.0;Infinity;1;B
user-I316785_session-0001BDAD11490DEA53791D77A9DD35BBD6DDA9EC2E01D78617538C4CBBFE4521_analysis-7.csv;user-I316785;5;-1464537009;true;0.19789319248878956;1.0;Infinity;1;B
user-I316785_session-0001BDAD11490DEA53791D77A9DD35BBD6DDA9EC2E01D78617538C4CBBFE4521_analysis-7.csv;user-I316785;5;-78583711;true;0.1482657140564656;1.0;Infinity;1;B
user-I316785_session-0001BDAD11490DEA53791D77A9DD35BBD6DDA9EC2E01D78617538C4CBBFE4521_analysis-7.csv;user-I316785;5;-1927930493;true;0.22050112684110224;1.0;Infinity;1;B
user-I316785_session-0001BDAD11490DEA53791D77A9DD35BBD6DDA9EC2E01D78617538C4CBBFE4521_analysis-7.csv;user-I316785;5;605351513;true;0.31086623204058905;1.0;Infinity;1;B
user-I316785_session-0001BDAD11490DEA53791D77A9DD35BBD6DDA9EC2E01D78617538C4CBBFE4521_analysis-7.csv;user-I316785;5;396611947;true;0.3807457483759261;1.0;Infinity;1;B
user-I316785_session-0001BDAD11490DEA53791D77A9DD35BBD6DDA9EC2E01D78617538C4CBBFE4521_analysis-7.csv;user-I316785;5;496368243;true;0.19284914520095364;1.0;Infinity;1;B
user-I316785_session-0001BDAD11490DEA53791D77A9DD35BBD6DDA9EC2E01D78617538C4CBBFE4521_analysis-7.csv;user-I316785;6;-1378993210;true;NaN;1.0;23.241121022341456;1;B
user-I316785_session-0001BDAD11490DEA53791D77A9DD35BBD6DDA9EC2E01D78617538C4CBBFE4521_analysis-7.csv;user-I316785;7;-1378993210;true;NaN;1.0;23.241121022341456;1;B
user-I316785_session-0001BDAD11490DEA53791D77A9DD35BBD6DDA9EC2E01D78617538C4CBBFE4521_analysis-7.csv;user-I316785;8;1938791358;true;0.2055088114998136;1.0;Infinity;1;B
user-I316785_session-0001BDAD11490DEA53791D77A9DD35BBD6DDA9EC2E01D78617538C4CBBFE4521_analysis-7.csv;user-I316785;8;120265338;true;0.4670937394272473;1.0;Infinity;1;B
user-I316785_session-0001BDAD11490DEA53791D77A9DD35BBD6DDA9EC2E01D78617538C4CBBFE4521_analysis-7.csv;user-I316785;8;1940783047;true;0.4636460503879064;1.0;Infinity;1;B
user-I316785_session-0001BDAD11490DEA53791D77A9DD35BBD6DDA9EC2E01D78617538C4CBBFE4521_analysis-7.csv;user-I316785;8;2002975532;true;0.08253840613787233;1.0;Infinity;1;B
user-I316785_session-0001BDAD11490DEA53791D77A9DD35BBD6DDA9EC2E01D78617538C4CBBFE4521_analysis-7.csv;user-I316785;8;288336865;true;0.20679899611851882;1.0;Infinity;1;B
user-I316785_session-0001BDAD11490DEA53791D77A9DD35BBD6DDA9EC2E01D78617538C4CBBFE4521_analysis-7.csv;user-I316785;8;2022258518;true;0.08725245272106297;1.0;Infinity;1;B
user-I316785_session-0001BDAD11490DEA53791D77A9DD35BBD6DDA9EC2E01D78617538C4CBBFE4521_analysis-7.csv;user-I316785;8;2007775792;true;0.17552473580092998;1.0;Infinity;1;B
