session ;user;query position;cell hashcode;novelty;outlierness;relevance;surprise;query label;session label
user-I051430_session-191A7605B9120D77770122570D089290ACF1EB99189D0FA92C367ECD729684C9_analysis-6.csv;user-I051430;1;690895312;true;NaN;0.0;Infinity;1;B
user-I051430_session-191A7605B9120D77770122570D089290ACF1EB99189D0FA92C367ECD729684C9_analysis-6.csv;user-I051430;2;605351510;true;NaN;0.0;Infinity;1;B
user-I051430_session-191A7605B9120D77770122570D089290ACF1EB99189D0FA92C367ECD729684C9_analysis-6.csv;user-I051430;3;-1506349521;true;NaN;0.0;Infinity;1;B
user-I051430_session-191A7605B9120D77770122570D089290ACF1EB99189D0FA92C367ECD729684C9_analysis-6.csv;user-I051430;4;351774160;true;0.16088645703541926;0.0;Infinity;1;B
user-I051430_session-191A7605B9120D77770122570D089290ACF1EB99189D0FA92C367ECD729684C9_analysis-6.csv;user-I051430;4;351774159;true;0.16088645703541926;0.0;Infinity;1;B
user-I051430_session-191A7605B9120D77770122570D089290ACF1EB99189D0FA92C367ECD729684C9_analysis-6.csv;user-I051430;4;-1607114876;true;0.4648384813253932;0.0;Infinity;1;B
user-I051430_session-191A7605B9120D77770122570D089290ACF1EB99189D0FA92C367ECD729684C9_analysis-6.csv;user-I051430;4;351774158;true;0.09823437604282614;0.0;Infinity;1;B
user-I051430_session-191A7605B9120D77770122570D089290ACF1EB99189D0FA92C367ECD729684C9_analysis-6.csv;user-I051430;4;1012560477;true;0.042999774061779794;0.0;Infinity;1;B
user-I051430_session-191A7605B9120D77770122570D089290ACF1EB99189D0FA92C367ECD729684C9_analysis-6.csv;user-I051430;4;-1607114878;true;0.294758456016477;0.0;Infinity;1;B
user-I051430_session-191A7605B9120D77770122570D089290ACF1EB99189D0FA92C367ECD729684C9_analysis-6.csv;user-I051430;4;1012560476;true;0.015072746669196224;0.0;Infinity;1;B
user-I051430_session-191A7605B9120D77770122570D089290ACF1EB99189D0FA92C367ECD729684C9_analysis-6.csv;user-I051430;4;-1607114877;true;0.16088645703541926;0.0;Infinity;1;B
user-I051430_session-191A7605B9120D77770122570D089290ACF1EB99189D0FA92C367ECD729684C9_analysis-6.csv;user-I051430;4;1012560479;true;0.41581739886788727;0.0;Infinity;1;B
user-I051430_session-191A7605B9120D77770122570D089290ACF1EB99189D0FA92C367ECD729684C9_analysis-6.csv;user-I051430;4;1012560478;true;0.200344078966455;0.0;Infinity;1;B
user-I051430_session-191A7605B9120D77770122570D089290ACF1EB99189D0FA92C367ECD729684C9_analysis-6.csv;user-I051430;4;1012560482;true;0.2451082455054674;0.0;Infinity;1;B
user-I051430_session-191A7605B9120D77770122570D089290ACF1EB99189D0FA92C367ECD729684C9_analysis-6.csv;user-I051430;4;1012560483;true;0.294758456016477;0.0;Infinity;1;B
user-I051430_session-191A7605B9120D77770122570D089290ACF1EB99189D0FA92C367ECD729684C9_analysis-6.csv;user-I051430;4;1012560480;true;0.20773122654145793;0.0;Infinity;1;B
user-I051430_session-191A7605B9120D77770122570D089290ACF1EB99189D0FA92C367ECD729684C9_analysis-6.csv;user-I051430;4;1012560481;true;0.3485981627664878;0.0;Infinity;1;B
user-I051430_session-191A7605B9120D77770122570D089290ACF1EB99189D0FA92C367ECD729684C9_analysis-6.csv;user-I051430;4;1012560484;true;0.4056770214788793;0.0;Infinity;1;B
user-I051430_session-191A7605B9120D77770122570D089290ACF1EB99189D0FA92C367ECD729684C9_analysis-6.csv;user-I051430;4;1012561996;true;0.2451082455054674;0.0;Infinity;1;B
user-I051430_session-191A7605B9120D77770122570D089290ACF1EB99189D0FA92C367ECD729684C9_analysis-6.csv;user-I051430;4;1012561994;true;0.10282752743730716;0.0;Infinity;1;B
user-I051430_session-191A7605B9120D77770122570D089290ACF1EB99189D0FA92C367ECD729684C9_analysis-6.csv;user-I051430;4;1012561995;true;0.303814100263487;0.0;Infinity;1;B
user-I051430_session-191A7605B9120D77770122570D089290ACF1EB99189D0FA92C367ECD729684C9_analysis-6.csv;user-I051430;4;-1935895846;true;0.030928679986551688;0.0;Infinity;1;B
user-I051430_session-191A7605B9120D77770122570D089290ACF1EB99189D0FA92C367ECD729684C9_analysis-6.csv;user-I051430;4;-1935895845;true;0.001067633142007418;0.0;Infinity;1;B
user-I051430_session-191A7605B9120D77770122570D089290ACF1EB99189D0FA92C367ECD729684C9_analysis-6.csv;user-I051430;4;-1935895842;true;0.015072746669196224;0.0;Infinity;1;B
user-I051430_session-191A7605B9120D77770122570D089290ACF1EB99189D0FA92C367ECD729684C9_analysis-6.csv;user-I051430;4;-1935895841;true;0.25338026483371934;0.0;Infinity;1;B
user-I051430_session-191A7605B9120D77770122570D089290ACF1EB99189D0FA92C367ECD729684C9_analysis-6.csv;user-I051430;4;-1935895844;true;0.10282752743730716;0.0;Infinity;1;B
user-I051430_session-191A7605B9120D77770122570D089290ACF1EB99189D0FA92C367ECD729684C9_analysis-6.csv;user-I051430;4;-1935895843;true;0.10282752743730716;0.0;Infinity;1;B
user-I051430_session-191A7605B9120D77770122570D089290ACF1EB99189D0FA92C367ECD729684C9_analysis-6.csv;user-I051430;4;1355533745;true;0.294758456016477;0.0;Infinity;1;B
user-I051430_session-191A7605B9120D77770122570D089290ACF1EB99189D0FA92C367ECD729684C9_analysis-6.csv;user-I051430;4;1619518787;true;0.35828986833812715;0.0;Infinity;1;B
user-I051430_session-191A7605B9120D77770122570D089290ACF1EB99189D0FA92C367ECD729684C9_analysis-6.csv;user-I051430;4;1619518786;true;0.25338026483371934;0.0;Infinity;1;B
user-I051430_session-191A7605B9120D77770122570D089290ACF1EB99189D0FA92C367ECD729684C9_analysis-6.csv;user-I051430;4;1355533739;true;0.2451082455054674;0.0;Infinity;1;B
user-I051430_session-191A7605B9120D77770122570D089290ACF1EB99189D0FA92C367ECD729684C9_analysis-6.csv;user-I051430;4;1355533738;true;0.16088645703541926;0.0;Infinity;1;B
user-I051430_session-191A7605B9120D77770122570D089290ACF1EB99189D0FA92C367ECD729684C9_analysis-6.csv;user-I051430;4;1355533741;true;0.16088645703541926;0.0;Infinity;1;B
user-I051430_session-191A7605B9120D77770122570D089290ACF1EB99189D0FA92C367ECD729684C9_analysis-6.csv;user-I051430;4;1619518791;true;0.2451082455054674;0.0;Infinity;1;B
user-I051430_session-191A7605B9120D77770122570D089290ACF1EB99189D0FA92C367ECD729684C9_analysis-6.csv;user-I051430;4;1355533740;true;0.09823437604282614;0.0;Infinity;1;B
user-I051430_session-191A7605B9120D77770122570D089290ACF1EB99189D0FA92C367ECD729684C9_analysis-6.csv;user-I051430;4;1619518790;true;0.294758456016477;0.0;Infinity;1;B
user-I051430_session-191A7605B9120D77770122570D089290ACF1EB99189D0FA92C367ECD729684C9_analysis-6.csv;user-I051430;4;1355533743;true;0.09823437604282614;0.0;Infinity;1;B
user-I051430_session-191A7605B9120D77770122570D089290ACF1EB99189D0FA92C367ECD729684C9_analysis-6.csv;user-I051430;4;1619518789;true;0.41581739886788727;0.0;Infinity;1;B
user-I051430_session-191A7605B9120D77770122570D089290ACF1EB99189D0FA92C367ECD729684C9_analysis-6.csv;user-I051430;4;1619518788;true;0.47521092466842785;0.0;Infinity;1;B
user-I051430_session-191A7605B9120D77770122570D089290ACF1EB99189D0FA92C367ECD729684C9_analysis-6.csv;user-I051430;4;1619520304;true;0.2451082455054674;0.0;Infinity;1;B
user-I051430_session-191A7605B9120D77770122570D089290ACF1EB99189D0FA92C367ECD729684C9_analysis-6.csv;user-I051430;4;1619518794;true;0.13238766818168357;0.0;Infinity;1;B
user-I051430_session-191A7605B9120D77770122570D089290ACF1EB99189D0FA92C367ECD729684C9_analysis-6.csv;user-I051430;4;1619520305;true;0.4648384813253932;0.0;Infinity;1;B
user-I051430_session-191A7605B9120D77770122570D089290ACF1EB99189D0FA92C367ECD729684C9_analysis-6.csv;user-I051430;4;1619518793;true;0.200344078966455;0.0;Infinity;1;B
user-I051430_session-191A7605B9120D77770122570D089290ACF1EB99189D0FA92C367ECD729684C9_analysis-6.csv;user-I051430;4;1619520306;true;0.3485981627664878;0.0;Infinity;1;B
user-I051430_session-191A7605B9120D77770122570D089290ACF1EB99189D0FA92C367ECD729684C9_analysis-6.csv;user-I051430;4;1619518792;true;0.35828986833812715;0.0;Infinity;1;B
user-I051430_session-191A7605B9120D77770122570D089290ACF1EB99189D0FA92C367ECD729684C9_analysis-6.csv;user-I051430;4;351772648;true;0.12688306033248986;0.0;Infinity;1;B
user-I051430_session-191A7605B9120D77770122570D089290ACF1EB99189D0FA92C367ECD729684C9_analysis-6.csv;user-I051430;4;-1607116389;true;0.3485981627664878;0.0;Infinity;1;B
user-I051430_session-191A7605B9120D77770122570D089290ACF1EB99189D0FA92C367ECD729684C9_analysis-6.csv;user-I051430;4;-1607116390;true;0.4056770214788793;0.0;Infinity;1;B
user-I051430_session-191A7605B9120D77770122570D089290ACF1EB99189D0FA92C367ECD729684C9_analysis-6.csv;user-I051430;4;-1607116391;true;0.25338026483371934;0.0;Infinity;1;B
user-I051430_session-191A7605B9120D77770122570D089290ACF1EB99189D0FA92C367ECD729684C9_analysis-6.csv;user-I051430;4;-1935894326;true;0.25338026483371934;0.0;Infinity;1;B
user-I051430_session-191A7605B9120D77770122570D089290ACF1EB99189D0FA92C367ECD729684C9_analysis-6.csv;user-I051430;4;-1935894327;true;0.25338026483371934;0.0;Infinity;1;B
user-I051430_session-191A7605B9120D77770122570D089290ACF1EB99189D0FA92C367ECD729684C9_analysis-6.csv;user-I051430;4;-1935894328;true;0.13238766818168357;0.0;Infinity;1;B
user-I051430_session-191A7605B9120D77770122570D089290ACF1EB99189D0FA92C367ECD729684C9_analysis-6.csv;user-I051430;4;285923659;true;0.41581739886788727;0.0;Infinity;1;B
user-I051430_session-191A7605B9120D77770122570D089290ACF1EB99189D0FA92C367ECD729684C9_analysis-6.csv;user-I051430;4;351772640;true;0.303814100263487;0.0;Infinity;1;B
user-I051430_session-191A7605B9120D77770122570D089290ACF1EB99189D0FA92C367ECD729684C9_analysis-6.csv;user-I051430;4;285923658;true;0.07838308784707648;0.0;Infinity;1;B
user-I051430_session-191A7605B9120D77770122570D089290ACF1EB99189D0FA92C367ECD729684C9_analysis-6.csv;user-I051430;4;351772641;true;0.3485981627664878;0.0;Infinity;1;B
user-I051430_session-191A7605B9120D77770122570D089290ACF1EB99189D0FA92C367ECD729684C9_analysis-6.csv;user-I051430;4;351772642;true;0.3485981627664878;0.0;Infinity;1;B
user-I051430_session-191A7605B9120D77770122570D089290ACF1EB99189D0FA92C367ECD729684C9_analysis-6.csv;user-I051430;4;285923657;true;0.16733579382358832;0.0;Infinity;1;B
user-I051430_session-191A7605B9120D77770122570D089290ACF1EB99189D0FA92C367ECD729684C9_analysis-6.csv;user-I051430;4;351772643;true;0.12688306033248986;0.0;Infinity;1;B
user-I051430_session-191A7605B9120D77770122570D089290ACF1EB99189D0FA92C367ECD729684C9_analysis-6.csv;user-I051430;4;351772644;true;0.12688306033248986;0.0;Infinity;1;B
user-I051430_session-191A7605B9120D77770122570D089290ACF1EB99189D0FA92C367ECD729684C9_analysis-6.csv;user-I051430;4;285923663;true;0.2451082455054674;0.0;Infinity;1;B
user-I051430_session-191A7605B9120D77770122570D089290ACF1EB99189D0FA92C367ECD729684C9_analysis-6.csv;user-I051430;4;-1607116393;true;0.09823437604282614;0.0;Infinity;1;B
user-I051430_session-191A7605B9120D77770122570D089290ACF1EB99189D0FA92C367ECD729684C9_analysis-6.csv;user-I051430;4;285923662;true;0.12688306033248986;0.0;Infinity;1;B
user-I051430_session-191A7605B9120D77770122570D089290ACF1EB99189D0FA92C367ECD729684C9_analysis-6.csv;user-I051430;4;-1607116394;true;0.2451082455054674;0.0;Infinity;1;B
user-I051430_session-191A7605B9120D77770122570D089290ACF1EB99189D0FA92C367ECD729684C9_analysis-6.csv;user-I051430;4;351772646;true;0.16088645703541926;0.0;Infinity;1;B
user-I051430_session-191A7605B9120D77770122570D089290ACF1EB99189D0FA92C367ECD729684C9_analysis-6.csv;user-I051430;4;285923661;true;0.4648384813253932;0.0;Infinity;1;B
user-I051430_session-191A7605B9120D77770122570D089290ACF1EB99189D0FA92C367ECD729684C9_analysis-6.csv;user-I051430;4;-1607116395;true;0.4056770214788793;0.0;Infinity;1;B
user-I051430_session-191A7605B9120D77770122570D089290ACF1EB99189D0FA92C367ECD729684C9_analysis-6.csv;user-I051430;4;351772647;true;0.200344078966455;0.0;Infinity;1;B
user-I051430_session-191A7605B9120D77770122570D089290ACF1EB99189D0FA92C367ECD729684C9_analysis-6.csv;user-I051430;4;285923660;true;0.41581739886788727;0.0;Infinity;1;B
user-I051430_session-191A7605B9120D77770122570D089290ACF1EB99189D0FA92C367ECD729684C9_analysis-6.csv;user-I051430;4;-1607116396;true;0.16088645703541926;0.0;Infinity;1;B
user-I051430_session-191A7605B9120D77770122570D089290ACF1EB99189D0FA92C367ECD729684C9_analysis-6.csv;user-I051430;4;285925176;true;0.16088645703541926;0.0;Infinity;1;B
user-I051430_session-191A7605B9120D77770122570D089290ACF1EB99189D0FA92C367ECD729684C9_analysis-6.csv;user-I051430;4;285925177;true;0.41581739886788727;0.0;Infinity;1;B
user-I051430_session-191A7605B9120D77770122570D089290ACF1EB99189D0FA92C367ECD729684C9_analysis-6.csv;user-I051430;4;285923664;true;0.35828986833812715;0.0;Infinity;1;B
user-I051430_session-191A7605B9120D77770122570D089290ACF1EB99189D0FA92C367ECD729684C9_analysis-6.csv;user-I051430;4;285923665;true;0.303814100263487;0.0;Infinity;1;B
user-I051430_session-191A7605B9120D77770122570D089290ACF1EB99189D0FA92C367ECD729684C9_analysis-6.csv;user-I051430;4;-1935895839;true;0.042999774061779794;0.0;Infinity;1;B
user-I051430_session-191A7605B9120D77770122570D089290ACF1EB99189D0FA92C367ECD729684C9_analysis-6.csv;user-I051430;4;-1935895840;true;0.030928679986551688;0.0;Infinity;1;B
user-I051430_session-191A7605B9120D77770122570D089290ACF1EB99189D0FA92C367ECD729684C9_analysis-6.csv;user-I051430;4;-1935895838;true;0.4648384813253932;0.0;Infinity;1;B
user-I051430_session-191A7605B9120D77770122570D089290ACF1EB99189D0FA92C367ECD729684C9_analysis-6.csv;user-I051430;4;285925175;true;0.2451082455054674;0.0;Infinity;1;B
user-I051430_session-191A7605B9120D77770122570D089290ACF1EB99189D0FA92C367ECD729684C9_analysis-6.csv;user-I051430;5;351774160;true;0.16088645703541926;0.0;Infinity;1;B
user-I051430_session-191A7605B9120D77770122570D089290ACF1EB99189D0FA92C367ECD729684C9_analysis-6.csv;user-I051430;5;351774159;true;0.16088645703541926;0.0;Infinity;1;B
user-I051430_session-191A7605B9120D77770122570D089290ACF1EB99189D0FA92C367ECD729684C9_analysis-6.csv;user-I051430;5;-1607114876;true;0.4648384813253932;0.0;Infinity;1;B
user-I051430_session-191A7605B9120D77770122570D089290ACF1EB99189D0FA92C367ECD729684C9_analysis-6.csv;user-I051430;5;351774158;true;0.09823437604282614;0.0;Infinity;1;B
user-I051430_session-191A7605B9120D77770122570D089290ACF1EB99189D0FA92C367ECD729684C9_analysis-6.csv;user-I051430;5;1012560477;true;0.042999774061779794;0.0;Infinity;1;B
user-I051430_session-191A7605B9120D77770122570D089290ACF1EB99189D0FA92C367ECD729684C9_analysis-6.csv;user-I051430;5;-1607114878;true;0.294758456016477;0.0;Infinity;1;B
user-I051430_session-191A7605B9120D77770122570D089290ACF1EB99189D0FA92C367ECD729684C9_analysis-6.csv;user-I051430;5;1012560476;true;0.015072746669196224;0.0;Infinity;1;B
user-I051430_session-191A7605B9120D77770122570D089290ACF1EB99189D0FA92C367ECD729684C9_analysis-6.csv;user-I051430;5;-1607114877;true;0.16088645703541926;0.0;Infinity;1;B
user-I051430_session-191A7605B9120D77770122570D089290ACF1EB99189D0FA92C367ECD729684C9_analysis-6.csv;user-I051430;5;1012560479;true;0.41581739886788727;0.0;Infinity;1;B
user-I051430_session-191A7605B9120D77770122570D089290ACF1EB99189D0FA92C367ECD729684C9_analysis-6.csv;user-I051430;5;1012560478;true;0.200344078966455;0.0;Infinity;1;B
user-I051430_session-191A7605B9120D77770122570D089290ACF1EB99189D0FA92C367ECD729684C9_analysis-6.csv;user-I051430;5;1012560482;true;0.2451082455054674;0.0;Infinity;1;B
user-I051430_session-191A7605B9120D77770122570D089290ACF1EB99189D0FA92C367ECD729684C9_analysis-6.csv;user-I051430;5;1012560483;true;0.294758456016477;0.0;Infinity;1;B
user-I051430_session-191A7605B9120D77770122570D089290ACF1EB99189D0FA92C367ECD729684C9_analysis-6.csv;user-I051430;5;1012560480;true;0.20773122654145793;0.0;Infinity;1;B
user-I051430_session-191A7605B9120D77770122570D089290ACF1EB99189D0FA92C367ECD729684C9_analysis-6.csv;user-I051430;5;1012560481;true;0.3485981627664878;0.0;Infinity;1;B
user-I051430_session-191A7605B9120D77770122570D089290ACF1EB99189D0FA92C367ECD729684C9_analysis-6.csv;user-I051430;5;1012560484;true;0.4056770214788793;0.0;Infinity;1;B
user-I051430_session-191A7605B9120D77770122570D089290ACF1EB99189D0FA92C367ECD729684C9_analysis-6.csv;user-I051430;5;1012561996;true;0.2451082455054674;0.0;Infinity;1;B
user-I051430_session-191A7605B9120D77770122570D089290ACF1EB99189D0FA92C367ECD729684C9_analysis-6.csv;user-I051430;5;1012561994;true;0.10282752743730716;0.0;Infinity;1;B
user-I051430_session-191A7605B9120D77770122570D089290ACF1EB99189D0FA92C367ECD729684C9_analysis-6.csv;user-I051430;5;1012561995;true;0.303814100263487;0.0;Infinity;1;B
user-I051430_session-191A7605B9120D77770122570D089290ACF1EB99189D0FA92C367ECD729684C9_analysis-6.csv;user-I051430;5;-1935895846;true;0.030928679986551688;0.0;Infinity;1;B
user-I051430_session-191A7605B9120D77770122570D089290ACF1EB99189D0FA92C367ECD729684C9_analysis-6.csv;user-I051430;5;-1935895845;true;0.001067633142007418;0.0;Infinity;1;B
user-I051430_session-191A7605B9120D77770122570D089290ACF1EB99189D0FA92C367ECD729684C9_analysis-6.csv;user-I051430;5;-1935895842;true;0.015072746669196224;0.0;Infinity;1;B
user-I051430_session-191A7605B9120D77770122570D089290ACF1EB99189D0FA92C367ECD729684C9_analysis-6.csv;user-I051430;5;-1935895841;true;0.25338026483371934;0.0;Infinity;1;B
user-I051430_session-191A7605B9120D77770122570D089290ACF1EB99189D0FA92C367ECD729684C9_analysis-6.csv;user-I051430;5;-1935895844;true;0.10282752743730716;0.0;Infinity;1;B
user-I051430_session-191A7605B9120D77770122570D089290ACF1EB99189D0FA92C367ECD729684C9_analysis-6.csv;user-I051430;5;-1935895843;true;0.10282752743730716;0.0;Infinity;1;B
user-I051430_session-191A7605B9120D77770122570D089290ACF1EB99189D0FA92C367ECD729684C9_analysis-6.csv;user-I051430;5;1355533745;true;0.294758456016477;0.0;Infinity;1;B
user-I051430_session-191A7605B9120D77770122570D089290ACF1EB99189D0FA92C367ECD729684C9_analysis-6.csv;user-I051430;5;1619518787;true;0.35828986833812715;0.0;Infinity;1;B
user-I051430_session-191A7605B9120D77770122570D089290ACF1EB99189D0FA92C367ECD729684C9_analysis-6.csv;user-I051430;5;1619518786;true;0.25338026483371934;0.0;Infinity;1;B
user-I051430_session-191A7605B9120D77770122570D089290ACF1EB99189D0FA92C367ECD729684C9_analysis-6.csv;user-I051430;5;1355533739;true;0.2451082455054674;0.0;Infinity;1;B
user-I051430_session-191A7605B9120D77770122570D089290ACF1EB99189D0FA92C367ECD729684C9_analysis-6.csv;user-I051430;5;1355533738;true;0.16088645703541926;0.0;Infinity;1;B
user-I051430_session-191A7605B9120D77770122570D089290ACF1EB99189D0FA92C367ECD729684C9_analysis-6.csv;user-I051430;5;1355533741;true;0.16088645703541926;0.0;Infinity;1;B
user-I051430_session-191A7605B9120D77770122570D089290ACF1EB99189D0FA92C367ECD729684C9_analysis-6.csv;user-I051430;5;1619518791;true;0.2451082455054674;0.0;Infinity;1;B
user-I051430_session-191A7605B9120D77770122570D089290ACF1EB99189D0FA92C367ECD729684C9_analysis-6.csv;user-I051430;5;1355533740;true;0.09823437604282614;0.0;Infinity;1;B
user-I051430_session-191A7605B9120D77770122570D089290ACF1EB99189D0FA92C367ECD729684C9_analysis-6.csv;user-I051430;5;1619518790;true;0.294758456016477;0.0;Infinity;1;B
user-I051430_session-191A7605B9120D77770122570D089290ACF1EB99189D0FA92C367ECD729684C9_analysis-6.csv;user-I051430;5;1355533743;true;0.09823437604282614;0.0;Infinity;1;B
user-I051430_session-191A7605B9120D77770122570D089290ACF1EB99189D0FA92C367ECD729684C9_analysis-6.csv;user-I051430;5;1619518789;true;0.41581739886788727;0.0;Infinity;1;B
user-I051430_session-191A7605B9120D77770122570D089290ACF1EB99189D0FA92C367ECD729684C9_analysis-6.csv;user-I051430;5;1619518788;true;0.47521092466842785;0.0;Infinity;1;B
user-I051430_session-191A7605B9120D77770122570D089290ACF1EB99189D0FA92C367ECD729684C9_analysis-6.csv;user-I051430;5;1619520304;true;0.2451082455054674;0.0;Infinity;1;B
user-I051430_session-191A7605B9120D77770122570D089290ACF1EB99189D0FA92C367ECD729684C9_analysis-6.csv;user-I051430;5;1619518794;true;0.13238766818168357;0.0;Infinity;1;B
user-I051430_session-191A7605B9120D77770122570D089290ACF1EB99189D0FA92C367ECD729684C9_analysis-6.csv;user-I051430;5;1619520305;true;0.4648384813253932;0.0;Infinity;1;B
user-I051430_session-191A7605B9120D77770122570D089290ACF1EB99189D0FA92C367ECD729684C9_analysis-6.csv;user-I051430;5;1619518793;true;0.200344078966455;0.0;Infinity;1;B
user-I051430_session-191A7605B9120D77770122570D089290ACF1EB99189D0FA92C367ECD729684C9_analysis-6.csv;user-I051430;5;1619520306;true;0.3485981627664878;0.0;Infinity;1;B
user-I051430_session-191A7605B9120D77770122570D089290ACF1EB99189D0FA92C367ECD729684C9_analysis-6.csv;user-I051430;5;1619518792;true;0.35828986833812715;0.0;Infinity;1;B
user-I051430_session-191A7605B9120D77770122570D089290ACF1EB99189D0FA92C367ECD729684C9_analysis-6.csv;user-I051430;5;351772648;true;0.12688306033248986;0.0;Infinity;1;B
user-I051430_session-191A7605B9120D77770122570D089290ACF1EB99189D0FA92C367ECD729684C9_analysis-6.csv;user-I051430;5;-1607116389;true;0.3485981627664878;0.0;Infinity;1;B
user-I051430_session-191A7605B9120D77770122570D089290ACF1EB99189D0FA92C367ECD729684C9_analysis-6.csv;user-I051430;5;-1607116390;true;0.4056770214788793;0.0;Infinity;1;B
user-I051430_session-191A7605B9120D77770122570D089290ACF1EB99189D0FA92C367ECD729684C9_analysis-6.csv;user-I051430;5;-1607116391;true;0.25338026483371934;0.0;Infinity;1;B
user-I051430_session-191A7605B9120D77770122570D089290ACF1EB99189D0FA92C367ECD729684C9_analysis-6.csv;user-I051430;5;-1935894326;true;0.25338026483371934;0.0;Infinity;1;B
user-I051430_session-191A7605B9120D77770122570D089290ACF1EB99189D0FA92C367ECD729684C9_analysis-6.csv;user-I051430;5;-1935894327;true;0.25338026483371934;0.0;Infinity;1;B
user-I051430_session-191A7605B9120D77770122570D089290ACF1EB99189D0FA92C367ECD729684C9_analysis-6.csv;user-I051430;5;-1935894328;true;0.13238766818168357;0.0;Infinity;1;B
user-I051430_session-191A7605B9120D77770122570D089290ACF1EB99189D0FA92C367ECD729684C9_analysis-6.csv;user-I051430;5;285923659;true;0.41581739886788727;0.0;Infinity;1;B
user-I051430_session-191A7605B9120D77770122570D089290ACF1EB99189D0FA92C367ECD729684C9_analysis-6.csv;user-I051430;5;351772640;true;0.303814100263487;0.0;Infinity;1;B
user-I051430_session-191A7605B9120D77770122570D089290ACF1EB99189D0FA92C367ECD729684C9_analysis-6.csv;user-I051430;5;285923658;true;0.07838308784707648;0.0;Infinity;1;B
user-I051430_session-191A7605B9120D77770122570D089290ACF1EB99189D0FA92C367ECD729684C9_analysis-6.csv;user-I051430;5;351772641;true;0.3485981627664878;0.0;Infinity;1;B
user-I051430_session-191A7605B9120D77770122570D089290ACF1EB99189D0FA92C367ECD729684C9_analysis-6.csv;user-I051430;5;351772642;true;0.3485981627664878;0.0;Infinity;1;B
user-I051430_session-191A7605B9120D77770122570D089290ACF1EB99189D0FA92C367ECD729684C9_analysis-6.csv;user-I051430;5;285923657;true;0.16733579382358832;0.0;Infinity;1;B
user-I051430_session-191A7605B9120D77770122570D089290ACF1EB99189D0FA92C367ECD729684C9_analysis-6.csv;user-I051430;5;351772643;true;0.12688306033248986;0.0;Infinity;1;B
user-I051430_session-191A7605B9120D77770122570D089290ACF1EB99189D0FA92C367ECD729684C9_analysis-6.csv;user-I051430;5;351772644;true;0.12688306033248986;0.0;Infinity;1;B
user-I051430_session-191A7605B9120D77770122570D089290ACF1EB99189D0FA92C367ECD729684C9_analysis-6.csv;user-I051430;5;285923663;true;0.2451082455054674;0.0;Infinity;1;B
user-I051430_session-191A7605B9120D77770122570D089290ACF1EB99189D0FA92C367ECD729684C9_analysis-6.csv;user-I051430;5;-1607116393;true;0.09823437604282614;0.0;Infinity;1;B
user-I051430_session-191A7605B9120D77770122570D089290ACF1EB99189D0FA92C367ECD729684C9_analysis-6.csv;user-I051430;5;285923662;true;0.12688306033248986;0.0;Infinity;1;B
user-I051430_session-191A7605B9120D77770122570D089290ACF1EB99189D0FA92C367ECD729684C9_analysis-6.csv;user-I051430;5;-1607116394;true;0.2451082455054674;0.0;Infinity;1;B
user-I051430_session-191A7605B9120D77770122570D089290ACF1EB99189D0FA92C367ECD729684C9_analysis-6.csv;user-I051430;5;351772646;true;0.16088645703541926;0.0;Infinity;1;B
user-I051430_session-191A7605B9120D77770122570D089290ACF1EB99189D0FA92C367ECD729684C9_analysis-6.csv;user-I051430;5;285923661;true;0.4648384813253932;0.0;Infinity;1;B
user-I051430_session-191A7605B9120D77770122570D089290ACF1EB99189D0FA92C367ECD729684C9_analysis-6.csv;user-I051430;5;-1607116395;true;0.4056770214788793;0.0;Infinity;1;B
user-I051430_session-191A7605B9120D77770122570D089290ACF1EB99189D0FA92C367ECD729684C9_analysis-6.csv;user-I051430;5;351772647;true;0.200344078966455;0.0;Infinity;1;B
user-I051430_session-191A7605B9120D77770122570D089290ACF1EB99189D0FA92C367ECD729684C9_analysis-6.csv;user-I051430;5;285923660;true;0.41581739886788727;0.0;Infinity;1;B
user-I051430_session-191A7605B9120D77770122570D089290ACF1EB99189D0FA92C367ECD729684C9_analysis-6.csv;user-I051430;5;-1607116396;true;0.16088645703541926;0.0;Infinity;1;B
user-I051430_session-191A7605B9120D77770122570D089290ACF1EB99189D0FA92C367ECD729684C9_analysis-6.csv;user-I051430;5;285925176;true;0.16088645703541926;0.0;Infinity;1;B
user-I051430_session-191A7605B9120D77770122570D089290ACF1EB99189D0FA92C367ECD729684C9_analysis-6.csv;user-I051430;5;285925177;true;0.41581739886788727;0.0;Infinity;1;B
user-I051430_session-191A7605B9120D77770122570D089290ACF1EB99189D0FA92C367ECD729684C9_analysis-6.csv;user-I051430;5;285923664;true;0.35828986833812715;0.0;Infinity;1;B
user-I051430_session-191A7605B9120D77770122570D089290ACF1EB99189D0FA92C367ECD729684C9_analysis-6.csv;user-I051430;5;285923665;true;0.303814100263487;0.0;Infinity;1;B
user-I051430_session-191A7605B9120D77770122570D089290ACF1EB99189D0FA92C367ECD729684C9_analysis-6.csv;user-I051430;5;-1935895839;true;0.042999774061779794;0.0;Infinity;1;B
user-I051430_session-191A7605B9120D77770122570D089290ACF1EB99189D0FA92C367ECD729684C9_analysis-6.csv;user-I051430;5;-1935895840;true;0.030928679986551688;0.0;Infinity;1;B
user-I051430_session-191A7605B9120D77770122570D089290ACF1EB99189D0FA92C367ECD729684C9_analysis-6.csv;user-I051430;5;-1935895838;true;0.4648384813253932;0.0;Infinity;1;B
user-I051430_session-191A7605B9120D77770122570D089290ACF1EB99189D0FA92C367ECD729684C9_analysis-6.csv;user-I051430;5;285925175;true;0.2451082455054674;0.0;Infinity;1;B
