session ;user;query position;cell hashcode;novelty;outlierness;relevance;surprise;query label;session label
user-I316785_session-97318F64E2F56689865E28573E0884D5F65E7891637D13F3CECDE4C24095CF02_analysis-1.csv;user-I316785;1;634041340;true;0.4541030384481002;0.0;Infinity;0;A
user-I316785_session-97318F64E2F56689865E28573E0884D5F65E7891637D13F3CECDE4C24095CF02_analysis-1.csv;user-I316785;1;-894945027;true;0.3357958588881833;0.0;Infinity;0;A
user-I316785_session-97318F64E2F56689865E28573E0884D5F65E7891637D13F3CECDE4C24095CF02_analysis-1.csv;user-I316785;1;1059714101;true;0.3875347306759904;0.0;Infinity;0;A
user-I316785_session-97318F64E2F56689865E28573E0884D5F65E7891637D13F3CECDE4C24095CF02_analysis-1.csv;user-I316785;1;-1488426709;true;0.4193756443013571;0.0;Infinity;0;A
user-I316785_session-97318F64E2F56689865E28573E0884D5F65E7891637D13F3CECDE4C24095CF02_analysis-1.csv;user-I316785;1;1130075109;true;0.18943541245005302;0.0;Infinity;0;A
user-I316785_session-97318F64E2F56689865E28573E0884D5F65E7891637D13F3CECDE4C24095CF02_analysis-1.csv;user-I316785;1;403215000;true;0.24149545417724605;0.0;Infinity;0;A
user-I316785_session-97318F64E2F56689865E28573E0884D5F65E7891637D13F3CECDE4C24095CF02_analysis-1.csv;user-I316785;1;-888851077;true;0.34799561408483615;0.0;Infinity;0;A
user-I316785_session-97318F64E2F56689865E28573E0884D5F65E7891637D13F3CECDE4C24095CF02_analysis-1.csv;user-I316785;1;1408419508;true;0.3421928910055656;0.0;Infinity;0;A
user-I316785_session-97318F64E2F56689865E28573E0884D5F65E7891637D13F3CECDE4C24095CF02_analysis-1.csv;user-I316785;1;-1588197685;true;0.3955999831821655;0.0;Infinity;0;A
user-I316785_session-97318F64E2F56689865E28573E0884D5F65E7891637D13F3CECDE4C24095CF02_analysis-1.csv;user-I316785;1;443753300;true;0.04470565668832249;0.0;Infinity;0;A
user-I316785_session-97318F64E2F56689865E28573E0884D5F65E7891637D13F3CECDE4C24095CF02_analysis-1.csv;user-I316785;1;-409743580;true;0.29999270534686806;0.0;Infinity;0;A
user-I316785_session-97318F64E2F56689865E28573E0884D5F65E7891637D13F3CECDE4C24095CF02_analysis-1.csv;user-I316785;1;2128707252;true;0.1838004820089857;0.0;Infinity;0;A
user-I316785_session-97318F64E2F56689865E28573E0884D5F65E7891637D13F3CECDE4C24095CF02_analysis-1.csv;user-I316785;1;2090808810;true;0.4568703256072959;0.0;Infinity;0;A
user-I316785_session-97318F64E2F56689865E28573E0884D5F65E7891637D13F3CECDE4C24095CF02_analysis-1.csv;user-I316785;1;787477565;true;0.26306023964421066;0.0;Infinity;0;A
user-I316785_session-97318F64E2F56689865E28573E0884D5F65E7891637D13F3CECDE4C24095CF02_analysis-1.csv;user-I316785;1;-793364673;true;0.21948269550039012;0.0;Infinity;0;A
user-I316785_session-97318F64E2F56689865E28573E0884D5F65E7891637D13F3CECDE4C24095CF02_analysis-1.csv;user-I316785;1;-1117345979;true;0.04782533442190584;0.0;Infinity;0;A
user-I316785_session-97318F64E2F56689865E28573E0884D5F65E7891637D13F3CECDE4C24095CF02_analysis-1.csv;user-I316785;1;133300037;true;0.24544255938413517;0.0;Infinity;0;A
user-I316785_session-97318F64E2F56689865E28573E0884D5F65E7891637D13F3CECDE4C24095CF02_analysis-1.csv;user-I316785;1;-1534210605;true;0.24820991009690763;0.0;Infinity;0;A
user-I316785_session-97318F64E2F56689865E28573E0884D5F65E7891637D13F3CECDE4C24095CF02_analysis-1.csv;user-I316785;1;1499647303;true;0.19575518328690578;0.0;Infinity;0;A
user-I316785_session-97318F64E2F56689865E28573E0884D5F65E7891637D13F3CECDE4C24095CF02_analysis-1.csv;user-I316785;1;-234198564;true;0.2607813551683664;0.0;Infinity;0;A
user-I316785_session-97318F64E2F56689865E28573E0884D5F65E7891637D13F3CECDE4C24095CF02_analysis-1.csv;user-I316785;1;1759060709;true;0.24544255938413517;0.0;Infinity;0;A
user-I316785_session-97318F64E2F56689865E28573E0884D5F65E7891637D13F3CECDE4C24095CF02_analysis-1.csv;user-I316785;1;489326368;true;0.4532710114812485;0.0;Infinity;0;A
user-I316785_session-97318F64E2F56689865E28573E0884D5F65E7891637D13F3CECDE4C24095CF02_analysis-1.csv;user-I316785;1;-1026511653;true;0.36693783611190645;0.0;Infinity;0;A
user-I316785_session-97318F64E2F56689865E28573E0884D5F65E7891637D13F3CECDE4C24095CF02_analysis-1.csv;user-I316785;1;796972513;true;0.3836609083827991;0.0;Infinity;0;A
user-I316785_session-97318F64E2F56689865E28573E0884D5F65E7891637D13F3CECDE4C24095CF02_analysis-1.csv;user-I316785;1;787485028;true;0.25065352902813953;0.0;Infinity;0;A
user-I316785_session-97318F64E2F56689865E28573E0884D5F65E7891637D13F3CECDE4C24095CF02_analysis-1.csv;user-I316785;1;-1668882496;true;0.24018745457219448;0.0;Infinity;0;A
user-I316785_session-97318F64E2F56689865E28573E0884D5F65E7891637D13F3CECDE4C24095CF02_analysis-1.csv;user-I316785;1;-1842831660;true;0.48903795072790424;0.0;Infinity;0;A
user-I316785_session-97318F64E2F56689865E28573E0884D5F65E7891637D13F3CECDE4C24095CF02_analysis-1.csv;user-I316785;1;1073518957;true;0.24544255938413517;0.0;Infinity;0;A
user-I316785_session-97318F64E2F56689865E28573E0884D5F65E7891637D13F3CECDE4C24095CF02_analysis-1.csv;user-I316785;1;1232891569;true;0.20398109471569326;0.0;Infinity;0;A
user-I316785_session-97318F64E2F56689865E28573E0884D5F65E7891637D13F3CECDE4C24095CF02_analysis-1.csv;user-I316785;1;566647236;true;0.0013576520274445336;0.0;Infinity;0;A
user-I316785_session-97318F64E2F56689865E28573E0884D5F65E7891637D13F3CECDE4C24095CF02_analysis-1.csv;user-I316785;1;1113713674;true;0.0029563442285709396;0.0;Infinity;0;A
user-I316785_session-97318F64E2F56689865E28573E0884D5F65E7891637D13F3CECDE4C24095CF02_analysis-1.csv;user-I316785;1;-1687590862;true;0.19000469440840662;0.0;Infinity;0;A
user-I316785_session-97318F64E2F56689865E28573E0884D5F65E7891637D13F3CECDE4C24095CF02_analysis-1.csv;user-I316785;1;2136381878;true;0.24765631923341958;0.0;Infinity;0;A
user-I316785_session-97318F64E2F56689865E28573E0884D5F65E7891637D13F3CECDE4C24095CF02_analysis-1.csv;user-I316785;1;1403502104;true;0.1771779916202043;0.0;Infinity;0;A
user-I316785_session-97318F64E2F56689865E28573E0884D5F65E7891637D13F3CECDE4C24095CF02_analysis-1.csv;user-I316785;1;52171476;true;0.4088683999255225;0.0;Infinity;0;A
user-I316785_session-97318F64E2F56689865E28573E0884D5F65E7891637D13F3CECDE4C24095CF02_analysis-1.csv;user-I316785;1;-238636002;true;0.4748127998541736;0.0;Infinity;0;A
user-I316785_session-97318F64E2F56689865E28573E0884D5F65E7891637D13F3CECDE4C24095CF02_analysis-1.csv;user-I316785;1;-384463888;true;0.21979326263172605;0.0;Infinity;0;A
user-I316785_session-97318F64E2F56689865E28573E0884D5F65E7891637D13F3CECDE4C24095CF02_analysis-1.csv;user-I316785;1;-1243840510;true;6.77591241711184E-4;0.0;Infinity;0;A
user-I316785_session-97318F64E2F56689865E28573E0884D5F65E7891637D13F3CECDE4C24095CF02_analysis-1.csv;user-I316785;1;-744858776;true;0.18435923087535633;0.0;Infinity;0;A
user-I316785_session-97318F64E2F56689865E28573E0884D5F65E7891637D13F3CECDE4C24095CF02_analysis-1.csv;user-I316785;1;227723955;true;0.3775286424914269;0.0;Infinity;0;A
user-I316785_session-97318F64E2F56689865E28573E0884D5F65E7891637D13F3CECDE4C24095CF02_analysis-1.csv;user-I316785;1;-717607075;true;0.43998892297061265;0.0;Infinity;0;A
user-I316785_session-97318F64E2F56689865E28573E0884D5F65E7891637D13F3CECDE4C24095CF02_analysis-1.csv;user-I316785;1;-2113343849;true;0.02137871088966936;0.0;Infinity;0;A
user-I316785_session-97318F64E2F56689865E28573E0884D5F65E7891637D13F3CECDE4C24095CF02_analysis-1.csv;user-I316785;1;-894952490;true;0.21979326263172605;0.0;Infinity;0;A
user-I316785_session-97318F64E2F56689865E28573E0884D5F65E7891637D13F3CECDE4C24095CF02_analysis-1.csv;user-I316785;1;77451168;true;0.2324211356913648;0.0;Infinity;0;A
user-I316785_session-97318F64E2F56689865E28573E0884D5F65E7891637D13F3CECDE4C24095CF02_analysis-1.csv;user-I316785;1;-1356867546;true;0.28436732834128875;0.0;Infinity;0;A
user-I316785_session-97318F64E2F56689865E28573E0884D5F65E7891637D13F3CECDE4C24095CF02_analysis-1.csv;user-I316785;1;-519204534;true;0.32501158852720546;0.0;Infinity;0;A
user-I316785_session-97318F64E2F56689865E28573E0884D5F65E7891637D13F3CECDE4C24095CF02_analysis-1.csv;user-I316785;1;-466288339;true;0.4380572190411861;0.0;Infinity;0;A
user-I316785_session-97318F64E2F56689865E28573E0884D5F65E7891637D13F3CECDE4C24095CF02_analysis-1.csv;user-I316785;1;-1850939273;true;0.23050160997055757;0.0;Infinity;0;A
user-I316785_session-97318F64E2F56689865E28573E0884D5F65E7891637D13F3CECDE4C24095CF02_analysis-1.csv;user-I316785;1;76579461;true;0.39883885873472547;0.0;Infinity;0;A
user-I316785_session-97318F64E2F56689865E28573E0884D5F65E7891637D13F3CECDE4C24095CF02_analysis-1.csv;user-I316785;1;-2074147643;true;0.34257860054084;0.0;Infinity;0;A
user-I316785_session-97318F64E2F56689865E28573E0884D5F65E7891637D13F3CECDE4C24095CF02_analysis-1.csv;user-I316785;1;-427092133;true;0.35970727165155825;0.0;Infinity;0;A
user-I316785_session-97318F64E2F56689865E28573E0884D5F65E7891637D13F3CECDE4C24095CF02_analysis-1.csv;user-I316785;1;-2013870446;true;0.20328783519952043;0.0;Infinity;0;A
user-I316785_session-97318F64E2F56689865E28573E0884D5F65E7891637D13F3CECDE4C24095CF02_analysis-1.csv;user-I316785;1;1904287604;true;0.21855250812908045;0.0;Infinity;0;A
user-I316785_session-97318F64E2F56689865E28573E0884D5F65E7891637D13F3CECDE4C24095CF02_analysis-1.csv;user-I316785;1;-243553406;true;0.3281736238975106;0.0;Infinity;0;A
user-I316785_session-97318F64E2F56689865E28573E0884D5F65E7891637D13F3CECDE4C24095CF02_analysis-1.csv;user-I316785;1;-1833557453;true;0.20279351181506167;0.0;Infinity;0;A
