session ;user;query position;cell hashcode;novelty;outlierness;relevance;surprise;query label;session label
user-I051430_session-191A7605B9120D77770122570D089290ACF1EB99189D0FA92C367ECD729684C9_analysis-1.csv;user-I051430;1;-1234309182;true;NaN;0.0;Infinity;0;C
user-I051430_session-191A7605B9120D77770122570D089290ACF1EB99189D0FA92C367ECD729684C9_analysis-1.csv;user-I051430;2;-827641649;true;0.25677972032857277;0.0;Infinity;0;C
user-I051430_session-191A7605B9120D77770122570D089290ACF1EB99189D0FA92C367ECD729684C9_analysis-1.csv;user-I051430;2;-1943228516;true;0.45338552032486;0.0;Infinity;0;C
user-I051430_session-191A7605B9120D77770122570D089290ACF1EB99189D0FA92C367ECD729684C9_analysis-1.csv;user-I051430;2;242779636;true;0.30404018553138945;0.0;Infinity;0;C
user-I051430_session-191A7605B9120D77770122570D089290ACF1EB99189D0FA92C367ECD729684C9_analysis-1.csv;user-I051430;2;704683270;true;0.02458979080523771;0.0;Infinity;0;C
user-I051430_session-191A7605B9120D77770122570D089290ACF1EB99189D0FA92C367ECD729684C9_analysis-1.csv;user-I051430;2;704702155;true;0.34285187796959127;0.0;Infinity;0;C
user-I051430_session-191A7605B9120D77770122570D089290ACF1EB99189D0FA92C367ECD729684C9_analysis-1.csv;user-I051430;2;704694692;true;0.3038600049658874;0.0;Infinity;0;C
user-I051430_session-191A7605B9120D77770122570D089290ACF1EB99189D0FA92C367ECD729684C9_analysis-1.csv;user-I051430;3;-1704064148;true;0.3533197452202932;0.0;Infinity;0;C
user-I051430_session-191A7605B9120D77770122570D089290ACF1EB99189D0FA92C367ECD729684C9_analysis-1.csv;user-I051430;3;-895093519;true;0.19260604545896776;0.0;Infinity;0;C
user-I051430_session-191A7605B9120D77770122570D089290ACF1EB99189D0FA92C367ECD729684C9_analysis-1.csv;user-I051430;3;637242822;true;0.3554310335315485;0.0;Infinity;0;C
user-I051430_session-191A7605B9120D77770122570D089290ACF1EB99189D0FA92C367ECD729684C9_analysis-1.csv;user-I051430;3;175327766;true;0.3561134335652901;0.0;Infinity;0;C
user-I051430_session-191A7605B9120D77770122570D089290ACF1EB99189D0FA92C367ECD729684C9_analysis-1.csv;user-I051430;3;-1946599949;true;0.2537292563736546;0.0;Infinity;0;C
user-I051430_session-191A7605B9120D77770122570D089290ACF1EB99189D0FA92C367ECD729684C9_analysis-1.csv;user-I051430;3;701311837;true;0.10406015609295294;0.0;Infinity;0;C
user-I051430_session-191A7605B9120D77770122570D089290ACF1EB99189D0FA92C367ECD729684C9_analysis-1.csv;user-I051430;3;84081456;true;0.21329149767143696;0.0;Infinity;0;C
user-I051430_session-191A7605B9120D77770122570D089290ACF1EB99189D0FA92C367ECD729684C9_analysis-1.csv;user-I051430;3;-1492628768;true;0.24279718131533934;0.0;Infinity;0;C
user-I051430_session-191A7605B9120D77770122570D089290ACF1EB99189D0FA92C367ECD729684C9_analysis-1.csv;user-I051430;3;637250285;true;0.49380457692620416;0.0;Infinity;0;C
user-I051430_session-191A7605B9120D77770122570D089290ACF1EB99189D0FA92C367ECD729684C9_analysis-1.csv;user-I051430;3;154426742;true;0.19671397806577073;0.0;Infinity;0;C
user-I051430_session-191A7605B9120D77770122570D089290ACF1EB99189D0FA92C367ECD729684C9_analysis-1.csv;user-I051430;3;11119205;true;0.4731419743801941;0.0;Infinity;0;C
user-I051430_session-191A7605B9120D77770122570D089290ACF1EB99189D0FA92C367ECD729684C9_analysis-1.csv;user-I051430;3;-1562974054;true;0.35928349284198247;0.0;Infinity;0;C
user-I051430_session-191A7605B9120D77770122570D089290ACF1EB99189D0FA92C367ECD729684C9_analysis-1.csv;user-I051430;3;-57008638;true;0.4019460404513845;0.0;Infinity;0;C
user-I051430_session-191A7605B9120D77770122570D089290ACF1EB99189D0FA92C367ECD729684C9_analysis-1.csv;user-I051430;3;-1635936305;true;0.002664756708902427;0.0;Infinity;0;C
user-I051430_session-191A7605B9120D77770122570D089290ACF1EB99189D0FA92C367ECD729684C9_analysis-1.csv;user-I051430;4;-1301761052;true;0.4386460669144113;0.0;Infinity;0;C
user-I051430_session-191A7605B9120D77770122570D089290ACF1EB99189D0FA92C367ECD729684C9_analysis-1.csv;user-I051430;4;793000790;true;0.29232356364235423;0.0;Infinity;0;C
user-I051430_session-191A7605B9120D77770122570D089290ACF1EB99189D0FA92C367ECD729684C9_analysis-1.csv;user-I051430;4;651910696;true;0.4359409861715702;0.0;Infinity;0;C
user-I051430_session-191A7605B9120D77770122570D089290ACF1EB99189D0FA92C367ECD729684C9_analysis-1.csv;user-I051430;4;-1237680615;true;0.4367852247422749;0.0;Infinity;0;C
user-I051430_session-191A7605B9120D77770122570D089290ACF1EB99189D0FA92C367ECD729684C9_analysis-1.csv;user-I051430;4;863346076;true;0.09495381216611842;0.0;Infinity;0;C
user-I051430_session-191A7605B9120D77770122570D089290ACF1EB99189D0FA92C367ECD729684C9_analysis-1.csv;user-I051430;4;720038539;true;0.044078330795545906;0.0;Infinity;0;C
user-I051430_session-191A7605B9120D77770122570D089290ACF1EB99189D0FA92C367ECD729684C9_analysis-1.csv;user-I051430;5;-473035701;true;0.3227674836001082;0.0;Infinity;0;C
user-I051430_session-191A7605B9120D77770122570D089290ACF1EB99189D0FA92C367ECD729684C9_analysis-1.csv;user-I051430;5;1791250190;true;0.4804028635857647;0.0;Infinity;0;C
user-I051430_session-191A7605B9120D77770122570D089290ACF1EB99189D0FA92C367ECD729684C9_analysis-1.csv;user-I051430;5;-402690415;true;0.12963855072177055;0.0;Infinity;0;C
user-I051430_session-191A7605B9120D77770122570D089290ACF1EB99189D0FA92C367ECD729684C9_analysis-1.csv;user-I051430;5;1727169753;true;0.2605011465012319;0.0;Infinity;0;C
user-I051430_session-191A7605B9120D77770122570D089290ACF1EB99189D0FA92C367ECD729684C9_analysis-1.csv;user-I051430;5;-545997952;true;0.053670596739093024;0.0;Infinity;0;C
user-I051430_session-191A7605B9120D77770122570D089290ACF1EB99189D0FA92C367ECD729684C9_analysis-1.csv;user-I051430;5;-614125795;true;0.2378832752466169;0.0;Infinity;0;C
user-I051430_session-191A7605B9120D77770122570D089290ACF1EB99189D0FA92C367ECD729684C9_analysis-1.csv;user-I051430;6;1641625956;true;0.19028491938712677;0.0;Infinity;0;C
user-I051430_session-191A7605B9120D77770122570D089290ACF1EB99189D0FA92C367ECD729684C9_analysis-1.csv;user-I051430;6;-699669592;true;0.31561404086415024;0.0;Infinity;0;C
user-I051430_session-191A7605B9120D77770122570D089290ACF1EB99189D0FA92C367ECD729684C9_analysis-1.csv;user-I051430;6;-488234212;true;0.1970395680822753;0.0;Infinity;0;C
user-I051430_session-191A7605B9120D77770122570D089290ACF1EB99189D0FA92C367ECD729684C9_analysis-1.csv;user-I051430;6;-631541749;true;0.05531536341553378;0.0;Infinity;0;C
user-I051430_session-191A7605B9120D77770122570D089290ACF1EB99189D0FA92C367ECD729684C9_analysis-1.csv;user-I051430;6;-558579498;true;0.35544931693874204;0.0;Infinity;0;C
user-I051430_session-191A7605B9120D77770122570D089290ACF1EB99189D0FA92C367ECD729684C9_analysis-1.csv;user-I051430;6;1705706393;true;0.22085175550661673;0.0;Infinity;0;C
user-I051430_session-191A7605B9120D77770122570D089290ACF1EB99189D0FA92C367ECD729684C9_analysis-1.csv;user-I051430;7;-1387304849;true;0.41321075572758825;0.0;Infinity;0;C
user-I051430_session-191A7605B9120D77770122570D089290ACF1EB99189D0FA92C367ECD729684C9_analysis-1.csv;user-I051430;7;634494742;true;0.04209611610048636;0.0;Infinity;0;C
user-I051430_session-191A7605B9120D77770122570D089290ACF1EB99189D0FA92C367ECD729684C9_analysis-1.csv;user-I051430;7;-1323224412;true;0.4466618783367964;0.0;Infinity;0;C
user-I051430_session-191A7605B9120D77770122570D089290ACF1EB99189D0FA92C367ECD729684C9_analysis-1.csv;user-I051430;7;707456993;true;0.30096536307291955;0.0;Infinity;0;C
user-I051430_session-191A7605B9120D77770122570D089290ACF1EB99189D0FA92C367ECD729684C9_analysis-1.csv;user-I051430;7;777802279;true;0.10355422844375539;0.0;Infinity;0;C
user-I051430_session-191A7605B9120D77770122570D089290ACF1EB99189D0FA92C367ECD729684C9_analysis-1.csv;user-I051430;7;566366899;true;0.3832050662580343;0.0;Infinity;0;C
user-I051430_session-191A7605B9120D77770122570D089290ACF1EB99189D0FA92C367ECD729684C9_analysis-1.csv;user-I051430;8;1641625956;true;0.19028491938712677;0.0;Infinity;0;C
user-I051430_session-191A7605B9120D77770122570D089290ACF1EB99189D0FA92C367ECD729684C9_analysis-1.csv;user-I051430;8;-699669592;true;0.31561404086415024;0.0;Infinity;0;C
user-I051430_session-191A7605B9120D77770122570D089290ACF1EB99189D0FA92C367ECD729684C9_analysis-1.csv;user-I051430;8;-488234212;true;0.1970395680822753;0.0;Infinity;0;C
user-I051430_session-191A7605B9120D77770122570D089290ACF1EB99189D0FA92C367ECD729684C9_analysis-1.csv;user-I051430;8;-631541749;true;0.05531536341553378;0.0;Infinity;0;C
user-I051430_session-191A7605B9120D77770122570D089290ACF1EB99189D0FA92C367ECD729684C9_analysis-1.csv;user-I051430;8;-558579498;true;0.35544931693874204;0.0;Infinity;0;C
user-I051430_session-191A7605B9120D77770122570D089290ACF1EB99189D0FA92C367ECD729684C9_analysis-1.csv;user-I051430;8;1705706393;true;0.22085175550661673;0.0;Infinity;0;C
user-I051430_session-191A7605B9120D77770122570D089290ACF1EB99189D0FA92C367ECD729684C9_analysis-1.csv;user-I051430;9;1641625956;true;0.19028491938712677;0.0;Infinity;0;C
user-I051430_session-191A7605B9120D77770122570D089290ACF1EB99189D0FA92C367ECD729684C9_analysis-1.csv;user-I051430;9;-699669592;true;0.31561404086415024;0.0;Infinity;0;C
user-I051430_session-191A7605B9120D77770122570D089290ACF1EB99189D0FA92C367ECD729684C9_analysis-1.csv;user-I051430;9;-488234212;true;0.1970395680822753;0.0;Infinity;0;C
user-I051430_session-191A7605B9120D77770122570D089290ACF1EB99189D0FA92C367ECD729684C9_analysis-1.csv;user-I051430;9;-631541749;true;0.05531536341553378;0.0;Infinity;0;C
user-I051430_session-191A7605B9120D77770122570D089290ACF1EB99189D0FA92C367ECD729684C9_analysis-1.csv;user-I051430;9;-558579498;true;0.35544931693874204;0.0;Infinity;0;C
user-I051430_session-191A7605B9120D77770122570D089290ACF1EB99189D0FA92C367ECD729684C9_analysis-1.csv;user-I051430;9;1705706393;true;0.22085175550661673;0.0;Infinity;0;C
user-I051430_session-191A7605B9120D77770122570D089290ACF1EB99189D0FA92C367ECD729684C9_analysis-1.csv;user-I051430;10;1641625956;true;0.19028491938712677;0.0;Infinity;0;C
user-I051430_session-191A7605B9120D77770122570D089290ACF1EB99189D0FA92C367ECD729684C9_analysis-1.csv;user-I051430;10;-699669592;true;0.31561404086415024;0.0;Infinity;0;C
user-I051430_session-191A7605B9120D77770122570D089290ACF1EB99189D0FA92C367ECD729684C9_analysis-1.csv;user-I051430;10;-488234212;true;0.1970395680822753;0.0;Infinity;0;C
user-I051430_session-191A7605B9120D77770122570D089290ACF1EB99189D0FA92C367ECD729684C9_analysis-1.csv;user-I051430;10;-631541749;true;0.05531536341553378;0.0;Infinity;0;C
user-I051430_session-191A7605B9120D77770122570D089290ACF1EB99189D0FA92C367ECD729684C9_analysis-1.csv;user-I051430;10;-558579498;true;0.35544931693874204;0.0;Infinity;0;C
user-I051430_session-191A7605B9120D77770122570D089290ACF1EB99189D0FA92C367ECD729684C9_analysis-1.csv;user-I051430;10;1705706393;true;0.22085175550661673;0.0;Infinity;0;C
user-I051430_session-191A7605B9120D77770122570D089290ACF1EB99189D0FA92C367ECD729684C9_analysis-1.csv;user-I051430;11;-1387304849;true;0.41321075572758825;0.0;Infinity;0;C
user-I051430_session-191A7605B9120D77770122570D089290ACF1EB99189D0FA92C367ECD729684C9_analysis-1.csv;user-I051430;11;634494742;true;0.04209611610048636;0.0;Infinity;0;C
user-I051430_session-191A7605B9120D77770122570D089290ACF1EB99189D0FA92C367ECD729684C9_analysis-1.csv;user-I051430;11;-1323224412;true;0.4466618783367964;0.0;Infinity;0;C
user-I051430_session-191A7605B9120D77770122570D089290ACF1EB99189D0FA92C367ECD729684C9_analysis-1.csv;user-I051430;11;707456993;true;0.30096536307291955;0.0;Infinity;0;C
user-I051430_session-191A7605B9120D77770122570D089290ACF1EB99189D0FA92C367ECD729684C9_analysis-1.csv;user-I051430;11;777802279;true;0.10355422844375539;0.0;Infinity;0;C
user-I051430_session-191A7605B9120D77770122570D089290ACF1EB99189D0FA92C367ECD729684C9_analysis-1.csv;user-I051430;11;566366899;true;0.3832050662580343;0.0;Infinity;0;C
user-I051430_session-191A7605B9120D77770122570D089290ACF1EB99189D0FA92C367ECD729684C9_analysis-1.csv;user-I051430;12;-1387304849;true;0.41321075572758825;0.0;Infinity;0;C
user-I051430_session-191A7605B9120D77770122570D089290ACF1EB99189D0FA92C367ECD729684C9_analysis-1.csv;user-I051430;12;634494742;true;0.04209611610048636;0.0;Infinity;0;C
user-I051430_session-191A7605B9120D77770122570D089290ACF1EB99189D0FA92C367ECD729684C9_analysis-1.csv;user-I051430;12;-1323224412;true;0.4466618783367964;0.0;Infinity;0;C
user-I051430_session-191A7605B9120D77770122570D089290ACF1EB99189D0FA92C367ECD729684C9_analysis-1.csv;user-I051430;12;707456993;true;0.30096536307291955;0.0;Infinity;0;C
user-I051430_session-191A7605B9120D77770122570D089290ACF1EB99189D0FA92C367ECD729684C9_analysis-1.csv;user-I051430;12;777802279;true;0.10355422844375539;0.0;Infinity;0;C
user-I051430_session-191A7605B9120D77770122570D089290ACF1EB99189D0FA92C367ECD729684C9_analysis-1.csv;user-I051430;12;566366899;true;0.3832050662580343;0.0;Infinity;0;C
user-I051430_session-191A7605B9120D77770122570D089290ACF1EB99189D0FA92C367ECD729684C9_analysis-1.csv;user-I051430;13;-1387304849;true;0.41321075572758825;0.0;Infinity;0;C
user-I051430_session-191A7605B9120D77770122570D089290ACF1EB99189D0FA92C367ECD729684C9_analysis-1.csv;user-I051430;13;634494742;true;0.04209611610048636;0.0;Infinity;0;C
user-I051430_session-191A7605B9120D77770122570D089290ACF1EB99189D0FA92C367ECD729684C9_analysis-1.csv;user-I051430;13;-1323224412;true;0.4466618783367964;0.0;Infinity;0;C
user-I051430_session-191A7605B9120D77770122570D089290ACF1EB99189D0FA92C367ECD729684C9_analysis-1.csv;user-I051430;13;707456993;true;0.30096536307291955;0.0;Infinity;0;C
user-I051430_session-191A7605B9120D77770122570D089290ACF1EB99189D0FA92C367ECD729684C9_analysis-1.csv;user-I051430;13;777802279;true;0.10355422844375539;0.0;Infinity;0;C
user-I051430_session-191A7605B9120D77770122570D089290ACF1EB99189D0FA92C367ECD729684C9_analysis-1.csv;user-I051430;13;566366899;true;0.3832050662580343;0.0;Infinity;0;C
user-I051430_session-191A7605B9120D77770122570D089290ACF1EB99189D0FA92C367ECD729684C9_analysis-1.csv;user-I051430;14;-1387304849;true;0.41321075572758825;0.0;Infinity;0;C
user-I051430_session-191A7605B9120D77770122570D089290ACF1EB99189D0FA92C367ECD729684C9_analysis-1.csv;user-I051430;14;634494742;true;0.04209611610048636;0.0;Infinity;0;C
user-I051430_session-191A7605B9120D77770122570D089290ACF1EB99189D0FA92C367ECD729684C9_analysis-1.csv;user-I051430;14;-1323224412;true;0.4466618783367964;0.0;Infinity;0;C
user-I051430_session-191A7605B9120D77770122570D089290ACF1EB99189D0FA92C367ECD729684C9_analysis-1.csv;user-I051430;14;707456993;true;0.30096536307291955;0.0;Infinity;0;C
user-I051430_session-191A7605B9120D77770122570D089290ACF1EB99189D0FA92C367ECD729684C9_analysis-1.csv;user-I051430;14;777802279;true;0.10355422844375539;0.0;Infinity;0;C
user-I051430_session-191A7605B9120D77770122570D089290ACF1EB99189D0FA92C367ECD729684C9_analysis-1.csv;user-I051430;14;566366899;true;0.3832050662580343;0.0;Infinity;0;C
user-I051430_session-191A7605B9120D77770122570D089290ACF1EB99189D0FA92C367ECD729684C9_analysis-1.csv;user-I051430;15;-913185446;true;0.2519199261856915;0.0;Infinity;0;C
user-I051430_session-191A7605B9120D77770122570D089290ACF1EB99189D0FA92C367ECD729684C9_analysis-1.csv;user-I051430;15;619150895;true;0.30206193753790356;0.0;Infinity;0;C
user-I051430_session-191A7605B9120D77770122570D089290ACF1EB99189D0FA92C367ECD729684C9_analysis-1.csv;user-I051430;15;157235839;true;0.3021512350667864;0.0;Infinity;0;C
user-I051430_session-191A7605B9120D77770122570D089290ACF1EB99189D0FA92C367ECD729684C9_analysis-1.csv;user-I051430;15;619158358;true;0.34399010812747544;0.0;Infinity;0;C
user-I051430_session-191A7605B9120D77770122570D089290ACF1EB99189D0FA92C367ECD729684C9_analysis-1.csv;user-I051430;15;619139473;true;0.025137550790775398;0.0;Infinity;0;C
user-I051430_session-191A7605B9120D77770122570D089290ACF1EB99189D0FA92C367ECD729684C9_analysis-1.csv;user-I051430;15;-2028772313;true;0.4407197766960115;0.0;Infinity;0;C
user-I051430_session-191A7605B9120D77770122570D089290ACF1EB99189D0FA92C367ECD729684C9_analysis-1.csv;user-I051430;16;-646897018;true;0.04045280425111364;0.0;Infinity;0;C
user-I051430_session-191A7605B9120D77770122570D089290ACF1EB99189D0FA92C367ECD729684C9_analysis-1.csv;user-I051430;16;2115745359;true;0.17905303113229076;0.0;Infinity;0;C
user-I051430_session-191A7605B9120D77770122570D089290ACF1EB99189D0FA92C367ECD729684C9_analysis-1.csv;user-I051430;16;-1108800652;true;0.25847739029542516;0.0;Infinity;0;C
user-I051430_session-191A7605B9120D77770122570D089290ACF1EB99189D0FA92C367ECD729684C9_analysis-1.csv;user-I051430;16;-646885596;true;0.28464789104342525;0.0;Infinity;0;C
user-I051430_session-191A7605B9120D77770122570D089290ACF1EB99189D0FA92C367ECD729684C9_analysis-1.csv;user-I051430;16;-646878133;true;0.42676288594853173;0.0;Infinity;0;C
user-I051430_session-191A7605B9120D77770122570D089290ACF1EB99189D0FA92C367ECD729684C9_analysis-1.csv;user-I051430;16;1000158492;true;0.28255039679699423;0.0;Infinity;0;C
user-I051430_session-191A7605B9120D77770122570D089290ACF1EB99189D0FA92C367ECD729684C9_analysis-1.csv;user-I051430;17;-646897018;true;0.04045280425111364;0.0;Infinity;1;C
user-I051430_session-191A7605B9120D77770122570D089290ACF1EB99189D0FA92C367ECD729684C9_analysis-1.csv;user-I051430;17;2115745359;true;0.17905303113229076;0.0;Infinity;1;C
user-I051430_session-191A7605B9120D77770122570D089290ACF1EB99189D0FA92C367ECD729684C9_analysis-1.csv;user-I051430;17;-1108800652;true;0.25847739029542516;0.0;Infinity;1;C
user-I051430_session-191A7605B9120D77770122570D089290ACF1EB99189D0FA92C367ECD729684C9_analysis-1.csv;user-I051430;17;-646885596;true;0.28464789104342525;0.0;Infinity;1;C
user-I051430_session-191A7605B9120D77770122570D089290ACF1EB99189D0FA92C367ECD729684C9_analysis-1.csv;user-I051430;17;-646878133;true;0.42676288594853173;0.0;Infinity;1;C
user-I051430_session-191A7605B9120D77770122570D089290ACF1EB99189D0FA92C367ECD729684C9_analysis-1.csv;user-I051430;17;1000158492;true;0.28255039679699423;0.0;Infinity;1;C
user-I051430_session-191A7605B9120D77770122570D089290ACF1EB99189D0FA92C367ECD729684C9_analysis-1.csv;user-I051430;18;-646897018;true;0.04045280425111364;0.0;Infinity;1;C
user-I051430_session-191A7605B9120D77770122570D089290ACF1EB99189D0FA92C367ECD729684C9_analysis-1.csv;user-I051430;18;2115745359;true;0.17905303113229076;0.0;Infinity;1;C
user-I051430_session-191A7605B9120D77770122570D089290ACF1EB99189D0FA92C367ECD729684C9_analysis-1.csv;user-I051430;18;-1108800652;true;0.25847739029542516;0.0;Infinity;1;C
user-I051430_session-191A7605B9120D77770122570D089290ACF1EB99189D0FA92C367ECD729684C9_analysis-1.csv;user-I051430;18;-646885596;true;0.28464789104342525;0.0;Infinity;1;C
user-I051430_session-191A7605B9120D77770122570D089290ACF1EB99189D0FA92C367ECD729684C9_analysis-1.csv;user-I051430;18;-646878133;true;0.42676288594853173;0.0;Infinity;1;C
user-I051430_session-191A7605B9120D77770122570D089290ACF1EB99189D0FA92C367ECD729684C9_analysis-1.csv;user-I051430;18;1000158492;true;0.28255039679699423;0.0;Infinity;1;C
