session ;user;query position;cell hashcode;novelty;outlierness;relevance;surprise;query label;session label
user-I051430_session-191A7605B9120D77770122570D089290ACF1EB99189D0FA92C367ECD729684C9_analysis-10.csv;user-I051430;1;-1947876358;false;NaN;1.0;6.3169087095136875;1;C
user-I051430_session-191A7605B9120D77770122570D089290ACF1EB99189D0FA92C367ECD729684C9_analysis-10.csv;user-I051430;2;-1947876358;false;NaN;1.0;6.3169087095136875;1;C
user-I051430_session-191A7605B9120D77770122570D089290ACF1EB99189D0FA92C367ECD729684C9_analysis-10.csv;user-I051430;3;-1426051237;false;NaN;1.0;12.713004683981257;1;C
user-I051430_session-191A7605B9120D77770122570D089290ACF1EB99189D0FA92C367ECD729684C9_analysis-10.csv;user-I051430;4;1076123306;false;0.38268853563922045;1.0;12.713004683981257;1;C
user-I051430_session-191A7605B9120D77770122570D089290ACF1EB99189D0FA92C367ECD729684C9_analysis-10.csv;user-I051430;4;1070456875;false;0.363931166029387;1.0;12.307539575873092;1;C
user-I051430_session-191A7605B9120D77770122570D089290ACF1EB99189D0FA92C367ECD729684C9_analysis-10.csv;user-I051430;4;-1463507536;false;0.46903005214558;1.0;12.307539575873092;1;C
user-I051430_session-191A7605B9120D77770122570D089290ACF1EB99189D0FA92C367ECD729684C9_analysis-10.csv;user-I051430;4;942701074;false;0.4167566382202177;1.0;12.713004683981257;1;C
user-I051430_session-191A7605B9120D77770122570D089290ACF1EB99189D0FA92C367ECD729684C9_analysis-10.csv;user-I051430;4;-996657663;false;0.2753173052527913;1.0;12.307539575873092;1;C
user-I051430_session-191A7605B9120D77770122570D089290ACF1EB99189D0FA92C367ECD729684C9_analysis-10.csv;user-I051430;4;-1389810941;false;0.24035566390420804;1.0;12.713004683981257;1;C
user-I051430_session-191A7605B9120D77770122570D089290ACF1EB99189D0FA92C367ECD729684C9_analysis-10.csv;user-I051430;4;1003581449;false;0.36180637166872476;1.0;12.713004683981257;1;C
user-I051430_session-191A7605B9120D77770122570D089290ACF1EB99189D0FA92C367ECD729684C9_analysis-10.csv;user-I051430;4;116399818;false;0.2402246853589476;1.0;12.713004683981257;1;C
user-I051430_session-191A7605B9120D77770122570D089290ACF1EB99189D0FA92C367ECD729684C9_analysis-10.csv;user-I051430;4;526567908;false;0.24695393337204752;1.0;12.307539575873092;1;C
user-I051430_session-191A7605B9120D77770122570D089290ACF1EB99189D0FA92C367ECD729684C9_analysis-10.csv;user-I051430;4;-1150039595;false;0.40808913072063;1.0;12.713004683981257;1;C
user-I051430_session-191A7605B9120D77770122570D089290ACF1EB99189D0FA92C367ECD729684C9_analysis-10.csv;user-I051430;4;-678874322;false;0.24938145583279814;1.0;12.713004683981257;1;C
user-I051430_session-191A7605B9120D77770122570D089290ACF1EB99189D0FA92C367ECD729684C9_analysis-10.csv;user-I051430;4;-833510251;false;0.4414035523354777;1.0;12.713004683981257;1;C
user-I051430_session-191A7605B9120D77770122570D089290ACF1EB99189D0FA92C367ECD729684C9_analysis-10.csv;user-I051430;4;852785433;false;0.007001493252531077;1.0;12.713004683981257;1;C
user-I051430_session-191A7605B9120D77770122570D089290ACF1EB99189D0FA92C367ECD729684C9_analysis-10.csv;user-I051430;4;-1913350209;false;0.3874634896852087;1.0;12.713004683981257;1;C
user-I051430_session-191A7605B9120D77770122570D089290ACF1EB99189D0FA92C367ECD729684C9_analysis-10.csv;user-I051430;4;1267678652;false;0.29373899998794806;1.0;12.713004683981257;1;C
user-I051430_session-191A7605B9120D77770122570D089290ACF1EB99189D0FA92C367ECD729684C9_analysis-10.csv;user-I051430;4;1003359607;false;0.49066832017151774;1.0;12.713004683981257;1;C
user-I051430_session-191A7605B9120D77770122570D089290ACF1EB99189D0FA92C367ECD729684C9_analysis-10.csv;user-I051430;4;-69067550;false;0.21708664587590232;1.0;12.713004683981257;1;C
user-I051430_session-191A7605B9120D77770122570D089290ACF1EB99189D0FA92C367ECD729684C9_analysis-10.csv;user-I051430;4;-2056211866;false;2.1470724490169069E-4;1.0;12.307539575873092;1;C
user-I051430_session-191A7605B9120D77770122570D089290ACF1EB99189D0FA92C367ECD729684C9_analysis-10.csv;user-I051430;4;1065039382;false;0.27394340710554244;1.0;12.307539575873092;1;C
user-I051430_session-191A7605B9120D77770122570D089290ACF1EB99189D0FA92C367ECD729684C9_analysis-10.csv;user-I051430;4;635859642;false;0.09707246082622856;1.0;9.850803803051788;1;C
user-I051430_session-191A7605B9120D77770122570D089290ACF1EB99189D0FA92C367ECD729684C9_analysis-10.csv;user-I051430;4;1454486684;false;0.19150468869423531;1.0;12.713004683981257;1;C
user-I051430_session-191A7605B9120D77770122570D089290ACF1EB99189D0FA92C367ECD729684C9_analysis-10.csv;user-I051430;4;1076233951;false;0.49432708420982807;1.0;12.713004683981257;1;C
user-I051430_session-191A7605B9120D77770122570D089290ACF1EB99189D0FA92C367ECD729684C9_analysis-10.csv;user-I051430;4;-350138353;false;0.1927454704773668;1.0;12.307539575873092;1;C
user-I051430_session-191A7605B9120D77770122570D089290ACF1EB99189D0FA92C367ECD729684C9_analysis-10.csv;user-I051430;4;913177094;false;0.4113076070982823;1.0;12.713004683981257;1;C
user-I051430_session-191A7605B9120D77770122570D089290ACF1EB99189D0FA92C367ECD729684C9_analysis-10.csv;user-I051430;4;-762399134;false;0.467766231978648;1.0;12.713004683981257;1;C
user-I051430_session-191A7605B9120D77770122570D089290ACF1EB99189D0FA92C367ECD729684C9_analysis-10.csv;user-I051430;4;1178475036;false;0.13561342727580783;1.0;12.713004683981257;1;C
user-I051430_session-191A7605B9120D77770122570D089290ACF1EB99189D0FA92C367ECD729684C9_analysis-10.csv;user-I051430;4;-1140939035;false;0.4708725158922903;1.0;12.713004683981257;1;C
user-I051430_session-191A7605B9120D77770122570D089290ACF1EB99189D0FA92C367ECD729684C9_analysis-10.csv;user-I051430;4;50191213;false;0.480876341225546;1.0;12.713004683981257;1;C
user-I051430_session-191A7605B9120D77770122570D089290ACF1EB99189D0FA92C367ECD729684C9_analysis-10.csv;user-I051430;5;635859642;false;NaN;1.0;9.850803803051788;1;C
user-I051430_session-191A7605B9120D77770122570D089290ACF1EB99189D0FA92C367ECD729684C9_analysis-10.csv;user-I051430;6;635859642;false;NaN;1.0;9.850803803051788;1;C
user-I051430_session-191A7605B9120D77770122570D089290ACF1EB99189D0FA92C367ECD729684C9_analysis-10.csv;user-I051430;7;550294862;false;0.23137638895750778;1.0;15.544535941854488;1;C
user-I051430_session-191A7605B9120D77770122570D089290ACF1EB99189D0FA92C367ECD729684C9_analysis-10.csv;user-I051430;7;550294915;false;0.33330617819940633;1.0;15.544535941854488;1;C
user-I051430_session-191A7605B9120D77770122570D089290ACF1EB99189D0FA92C367ECD729684C9_analysis-10.csv;user-I051430;7;550294860;false;0.1991413239728721;1.0;15.544535941854488;1;C
user-I051430_session-191A7605B9120D77770122570D089290ACF1EB99189D0FA92C367ECD729684C9_analysis-10.csv;user-I051430;7;550294861;false;0.21490788673647532;1.0;15.544535941854488;1;C
user-I051430_session-191A7605B9120D77770122570D089290ACF1EB99189D0FA92C367ECD729684C9_analysis-10.csv;user-I051430;7;550294919;false;0.3559200161297491;1.0;15.544535941854488;1;C
user-I051430_session-191A7605B9120D77770122570D089290ACF1EB99189D0FA92C367ECD729684C9_analysis-10.csv;user-I051430;7;550294858;false;0.16288844393499302;1.0;15.544535941854488;1;C
user-I051430_session-191A7605B9120D77770122570D089290ACF1EB99189D0FA92C367ECD729684C9_analysis-10.csv;user-I051430;7;550294859;false;0.1768411796850693;1.0;15.544535941854488;1;C
user-I051430_session-191A7605B9120D77770122570D089290ACF1EB99189D0FA92C367ECD729684C9_analysis-10.csv;user-I051430;7;550294918;false;0.46276941718013487;1.0;15.544535941854488;1;C
user-I051430_session-191A7605B9120D77770122570D089290ACF1EB99189D0FA92C367ECD729684C9_analysis-10.csv;user-I051430;7;550294856;false;0.12544054870151355;1.0;15.544535941854488;1;C
user-I051430_session-191A7605B9120D77770122570D089290ACF1EB99189D0FA92C367ECD729684C9_analysis-10.csv;user-I051430;7;550294917;false;0.40849327266619695;1.0;15.544535941854488;1;C
user-I051430_session-191A7605B9120D77770122570D089290ACF1EB99189D0FA92C367ECD729684C9_analysis-10.csv;user-I051430;7;550294857;false;0.1433398263869501;1.0;15.544535941854488;1;C
user-I051430_session-191A7605B9120D77770122570D089290ACF1EB99189D0FA92C367ECD729684C9_analysis-10.csv;user-I051430;7;550294916;false;0.4602953328738366;1.0;15.544535941854488;1;C
user-I051430_session-191A7605B9120D77770122570D089290ACF1EB99189D0FA92C367ECD729684C9_analysis-10.csv;user-I051430;7;550294923;false;0.07810878622012019;1.0;15.544535941854488;1;C
user-I051430_session-191A7605B9120D77770122570D089290ACF1EB99189D0FA92C367ECD729684C9_analysis-10.csv;user-I051430;7;550294854;false;0.09919093647820243;1.0;15.544535941854488;1;C
user-I051430_session-191A7605B9120D77770122570D089290ACF1EB99189D0FA92C367ECD729684C9_analysis-10.csv;user-I051430;7;550294922;false;0.08648494362528159;1.0;15.544535941854488;1;C
user-I051430_session-191A7605B9120D77770122570D089290ACF1EB99189D0FA92C367ECD729684C9_analysis-10.csv;user-I051430;7;550294855;false;0.1091633080994514;1.0;15.544535941854488;1;C
user-I051430_session-191A7605B9120D77770122570D089290ACF1EB99189D0FA92C367ECD729684C9_analysis-10.csv;user-I051430;7;550294921;false;0.15112730097839044;1.0;15.544535941854488;1;C
user-I051430_session-191A7605B9120D77770122570D089290ACF1EB99189D0FA92C367ECD729684C9_analysis-10.csv;user-I051430;7;550294920;false;0.2087204450813862;1.0;15.544535941854488;1;C
user-I051430_session-191A7605B9120D77770122570D089290ACF1EB99189D0FA92C367ECD729684C9_analysis-10.csv;user-I051430;7;550294853;false;0.08550691878540495;1.0;15.544535941854488;1;C
user-I051430_session-191A7605B9120D77770122570D089290ACF1EB99189D0FA92C367ECD729684C9_analysis-10.csv;user-I051430;7;550294924;false;0.053583648757491;1.0;15.544535941854488;1;C
user-I051430_session-191A7605B9120D77770122570D089290ACF1EB99189D0FA92C367ECD729684C9_analysis-10.csv;user-I051430;7;550294892;false;0.40607505750961836;1.0;15.544535941854488;1;C
user-I051430_session-191A7605B9120D77770122570D089290ACF1EB99189D0FA92C367ECD729684C9_analysis-10.csv;user-I051430;7;550294893;false;0.36391111076882576;1.0;15.544535941854488;1;C
user-I051430_session-191A7605B9120D77770122570D089290ACF1EB99189D0FA92C367ECD729684C9_analysis-10.csv;user-I051430;7;550294946;false;0.20088572082278444;1.0;15.544535941854488;1;C
user-I051430_session-191A7605B9120D77770122570D089290ACF1EB99189D0FA92C367ECD729684C9_analysis-10.csv;user-I051430;7;550294888;false;0.3559200161297491;1.0;15.544535941854488;1;C
user-I051430_session-191A7605B9120D77770122570D089290ACF1EB99189D0FA92C367ECD729684C9_analysis-10.csv;user-I051430;7;550294889;false;0.029581245608814588;1.0;15.544535941854488;1;C
user-I051430_session-191A7605B9120D77770122570D089290ACF1EB99189D0FA92C367ECD729684C9_analysis-10.csv;user-I051430;7;550294890;false;0.020058604247846112;1.0;15.544535941854488;1;C
user-I051430_session-191A7605B9120D77770122570D089290ACF1EB99189D0FA92C367ECD729684C9_analysis-10.csv;user-I051430;7;550294891;false;0.38482278445096985;1.0;15.544535941854488;1;C
user-I051430_session-191A7605B9120D77770122570D089290ACF1EB99189D0FA92C367ECD729684C9_analysis-10.csv;user-I051430;7;550294884;false;0.2573478539870775;1.0;15.544535941854488;1;C
user-I051430_session-191A7605B9120D77770122570D089290ACF1EB99189D0FA92C367ECD729684C9_analysis-10.csv;user-I051430;7;550294885;false;0.2941942621093411;1.0;15.544535941854488;1;C
user-I051430_session-191A7605B9120D77770122570D089290ACF1EB99189D0FA92C367ECD729684C9_analysis-10.csv;user-I051430;7;550294886;false;0.45182500423478533;1.0;15.544535941854488;1;C
user-I051430_session-191A7605B9120D77770122570D089290ACF1EB99189D0FA92C367ECD729684C9_analysis-10.csv;user-I051430;7;550294887;false;0.21673242826613037;1.0;15.544535941854488;1;C
