session ;user;query position;cell hashcode;novelty;outlierness;relevance;surprise;query label;session label
user-I050582_session-6E57DFAF22DEAFFF71E05042468DF4345BE90E1A1E8635B70473AD397FDA2463_analysis-11.csv;user-I050582;1;-1025028747;true;0.38169829323458015;0.0;Infinity;0;B
user-I050582_session-6E57DFAF22DEAFFF71E05042468DF4345BE90E1A1E8635B70473AD397FDA2463_analysis-11.csv;user-I050582;1;-1345374096;true;0.368272281343047;0.0;Infinity;0;B
user-I050582_session-6E57DFAF22DEAFFF71E05042468DF4345BE90E1A1E8635B70473AD397FDA2463_analysis-11.csv;user-I050582;1;-1578146949;true;0.36287848519032884;0.0;Infinity;0;B
user-I050582_session-6E57DFAF22DEAFFF71E05042468DF4345BE90E1A1E8635B70473AD397FDA2463_analysis-11.csv;user-I050582;1;618785809;true;0.29256475318031616;0.0;Infinity;0;B
user-I050582_session-6E57DFAF22DEAFFF71E05042468DF4345BE90E1A1E8635B70473AD397FDA2463_analysis-11.csv;user-I050582;1;571241305;true;0.3014412344470968;0.0;Infinity;0;B
user-I050582_session-6E57DFAF22DEAFFF71E05042468DF4345BE90E1A1E8635B70473AD397FDA2463_analysis-11.csv;user-I050582;1;1926240362;true;0.29185957018314035;0.0;Infinity;0;B
user-I050582_session-6E57DFAF22DEAFFF71E05042468DF4345BE90E1A1E8635B70473AD397FDA2463_analysis-11.csv;user-I050582;1;-1705576743;true;0.08160972465173755;0.0;Infinity;0;B
user-I050582_session-6E57DFAF22DEAFFF71E05042468DF4345BE90E1A1E8635B70473AD397FDA2463_analysis-11.csv;user-I050582;1;1696306805;true;0.33045185707306857;0.0;Infinity;0;B
user-I050582_session-6E57DFAF22DEAFFF71E05042468DF4345BE90E1A1E8635B70473AD397FDA2463_analysis-11.csv;user-I050582;1;1003158696;true;0.3401283683664116;0.0;Infinity;0;B
user-I050582_session-6E57DFAF22DEAFFF71E05042468DF4345BE90E1A1E8635B70473AD397FDA2463_analysis-11.csv;user-I050582;1;-1463507536;true;0.2737916532557324;0.0;Infinity;0;B
user-I050582_session-6E57DFAF22DEAFFF71E05042468DF4345BE90E1A1E8635B70473AD397FDA2463_analysis-11.csv;user-I050582;1;-1417755117;true;0.3134882705334736;0.0;Infinity;0;B
user-I050582_session-6E57DFAF22DEAFFF71E05042468DF4345BE90E1A1E8635B70473AD397FDA2463_analysis-11.csv;user-I050582;1;-1994002015;true;0.29740311947552867;0.0;Infinity;0;B
user-I050582_session-6E57DFAF22DEAFFF71E05042468DF4345BE90E1A1E8635B70473AD397FDA2463_analysis-11.csv;user-I050582;1;350605775;true;0.2856303750180551;0.0;Infinity;0;B
user-I050582_session-6E57DFAF22DEAFFF71E05042468DF4345BE90E1A1E8635B70473AD397FDA2463_analysis-11.csv;user-I050582;1;1794975140;true;0.3873842038693953;0.0;Infinity;0;B
user-I050582_session-6E57DFAF22DEAFFF71E05042468DF4345BE90E1A1E8635B70473AD397FDA2463_analysis-11.csv;user-I050582;1;-1562024468;true;0.2776564312509191;0.0;Infinity;0;B
user-I050582_session-6E57DFAF22DEAFFF71E05042468DF4345BE90E1A1E8635B70473AD397FDA2463_analysis-11.csv;user-I050582;1;-1950398193;true;0.37716666331461735;0.0;Infinity;0;B
user-I050582_session-6E57DFAF22DEAFFF71E05042468DF4345BE90E1A1E8635B70473AD397FDA2463_analysis-11.csv;user-I050582;1;-996657663;true;0.2701819425227687;0.0;Infinity;0;B
user-I050582_session-6E57DFAF22DEAFFF71E05042468DF4345BE90E1A1E8635B70473AD397FDA2463_analysis-11.csv;user-I050582;1;1371871151;true;0.4569724745198688;0.0;Infinity;0;B
user-I050582_session-6E57DFAF22DEAFFF71E05042468DF4345BE90E1A1E8635B70473AD397FDA2463_analysis-11.csv;user-I050582;1;1280614737;true;0.49369939103074434;0.0;Infinity;0;B
user-I050582_session-6E57DFAF22DEAFFF71E05042468DF4345BE90E1A1E8635B70473AD397FDA2463_analysis-11.csv;user-I050582;1;-1848108966;true;9.287272381647282E-4;0.0;Infinity;0;B
user-I050582_session-6E57DFAF22DEAFFF71E05042468DF4345BE90E1A1E8635B70473AD397FDA2463_analysis-11.csv;user-I050582;1;429573997;true;0.08730236663202184;0.0;Infinity;0;B
user-I050582_session-6E57DFAF22DEAFFF71E05042468DF4345BE90E1A1E8635B70473AD397FDA2463_analysis-11.csv;user-I050582;1;1003080599;true;0.3520411550271184;0.0;Infinity;0;B
user-I050582_session-6E57DFAF22DEAFFF71E05042468DF4345BE90E1A1E8635B70473AD397FDA2463_analysis-11.csv;user-I050582;1;-1307876463;true;0.3453455274346622;0.0;Infinity;0;B
user-I050582_session-6E57DFAF22DEAFFF71E05042468DF4345BE90E1A1E8635B70473AD397FDA2463_analysis-11.csv;user-I050582;1;734815350;true;0.2933268027060091;0.0;Infinity;0;B
user-I050582_session-6E57DFAF22DEAFFF71E05042468DF4345BE90E1A1E8635B70473AD397FDA2463_analysis-11.csv;user-I050582;1;92729137;true;0.3287641861037396;0.0;Infinity;0;B
user-I050582_session-6E57DFAF22DEAFFF71E05042468DF4345BE90E1A1E8635B70473AD397FDA2463_analysis-11.csv;user-I050582;1;1798342657;true;0.29869536011017306;0.0;Infinity;0;B
user-I050582_session-6E57DFAF22DEAFFF71E05042468DF4345BE90E1A1E8635B70473AD397FDA2463_analysis-11.csv;user-I050582;1;-928918933;true;0.2999508025841542;0.0;Infinity;0;B
user-I050582_session-6E57DFAF22DEAFFF71E05042468DF4345BE90E1A1E8635B70473AD397FDA2463_analysis-11.csv;user-I050582;1;1071938505;true;0.14363013806472824;0.0;Infinity;0;B
user-I050582_session-6E57DFAF22DEAFFF71E05042468DF4345BE90E1A1E8635B70473AD397FDA2463_analysis-11.csv;user-I050582;1;1749358919;true;0.33871368765122334;0.0;Infinity;0;B
user-I050582_session-6E57DFAF22DEAFFF71E05042468DF4345BE90E1A1E8635B70473AD397FDA2463_analysis-11.csv;user-I050582;1;-591555183;true;0.41280963980867946;0.0;Infinity;0;B
user-I050582_session-6E57DFAF22DEAFFF71E05042468DF4345BE90E1A1E8635B70473AD397FDA2463_analysis-11.csv;user-I050582;1;-627591479;true;0.007013059495102114;0.0;Infinity;0;B
user-I050582_session-6E57DFAF22DEAFFF71E05042468DF4345BE90E1A1E8635B70473AD397FDA2463_analysis-11.csv;user-I050582;1;1081960595;true;0.3137651343807475;0.0;Infinity;0;B
user-I050582_session-6E57DFAF22DEAFFF71E05042468DF4345BE90E1A1E8635B70473AD397FDA2463_analysis-11.csv;user-I050582;1;512718861;true;0.4468734712516109;0.0;Infinity;0;B
user-I050582_session-6E57DFAF22DEAFFF71E05042468DF4345BE90E1A1E8635B70473AD397FDA2463_analysis-11.csv;user-I050582;1;473566264;true;0.3510453175271693;0.0;Infinity;0;B
user-I050582_session-6E57DFAF22DEAFFF71E05042468DF4345BE90E1A1E8635B70473AD397FDA2463_analysis-11.csv;user-I050582;1;-678874322;true;0.27701563408996643;0.0;Infinity;0;B
user-I050582_session-6E57DFAF22DEAFFF71E05042468DF4345BE90E1A1E8635B70473AD397FDA2463_analysis-11.csv;user-I050582;1;-283843971;true;0.3391858248721167;0.0;Infinity;0;B
user-I050582_session-6E57DFAF22DEAFFF71E05042468DF4345BE90E1A1E8635B70473AD397FDA2463_analysis-11.csv;user-I050582;1;1214101365;true;0.30420474769924644;0.0;Infinity;0;B
user-I050582_session-6E57DFAF22DEAFFF71E05042468DF4345BE90E1A1E8635B70473AD397FDA2463_analysis-11.csv;user-I050582;1;-897841200;true;0.39394389609282066;0.0;Infinity;0;B
user-I050582_session-6E57DFAF22DEAFFF71E05042468DF4345BE90E1A1E8635B70473AD397FDA2463_analysis-11.csv;user-I050582;1;-1853839831;true;0.07503642979993197;0.0;Infinity;0;B
user-I050582_session-6E57DFAF22DEAFFF71E05042468DF4345BE90E1A1E8635B70473AD397FDA2463_analysis-11.csv;user-I050582;1;-833510251;true;0.2725842668102335;0.0;Infinity;0;B
user-I050582_session-6E57DFAF22DEAFFF71E05042468DF4345BE90E1A1E8635B70473AD397FDA2463_analysis-11.csv;user-I050582;1;1450332468;true;0.4460382737323625;0.0;Infinity;0;B
user-I050582_session-6E57DFAF22DEAFFF71E05042468DF4345BE90E1A1E8635B70473AD397FDA2463_analysis-11.csv;user-I050582;1;1293412054;true;0.31055120700404637;0.0;Infinity;0;B
user-I050582_session-6E57DFAF22DEAFFF71E05042468DF4345BE90E1A1E8635B70473AD397FDA2463_analysis-11.csv;user-I050582;1;39836820;true;0.33395529272997215;0.0;Infinity;0;B
user-I050582_session-6E57DFAF22DEAFFF71E05042468DF4345BE90E1A1E8635B70473AD397FDA2463_analysis-11.csv;user-I050582;1;1744618306;true;0.29943874653778146;0.0;Infinity;0;B
user-I050582_session-6E57DFAF22DEAFFF71E05042468DF4345BE90E1A1E8635B70473AD397FDA2463_analysis-11.csv;user-I050582;1;1812679580;true;0.06446604916685872;0.0;Infinity;0;B
user-I050582_session-6E57DFAF22DEAFFF71E05042468DF4345BE90E1A1E8635B70473AD397FDA2463_analysis-11.csv;user-I050582;1;-18582297;true;0.45125592486276656;0.0;Infinity;0;B
user-I050582_session-6E57DFAF22DEAFFF71E05042468DF4345BE90E1A1E8635B70473AD397FDA2463_analysis-11.csv;user-I050582;1;-395026010;true;0.2789120568223945;0.0;Infinity;0;B
user-I050582_session-6E57DFAF22DEAFFF71E05042468DF4345BE90E1A1E8635B70473AD397FDA2463_analysis-11.csv;user-I050582;1;-2056211866;true;0.29258342367620105;0.0;Infinity;0;B
user-I050582_session-6E57DFAF22DEAFFF71E05042468DF4345BE90E1A1E8635B70473AD397FDA2463_analysis-11.csv;user-I050582;1;-954899996;true;0.002906891996820038;0.0;Infinity;0;B
user-I050582_session-6E57DFAF22DEAFFF71E05042468DF4345BE90E1A1E8635B70473AD397FDA2463_analysis-11.csv;user-I050582;1;635859642;true;0.2664526988249667;0.0;Infinity;0;B
user-I050582_session-6E57DFAF22DEAFFF71E05042468DF4345BE90E1A1E8635B70473AD397FDA2463_analysis-11.csv;user-I050582;1;-777485605;true;0.298250987126385;0.0;Infinity;0;B
user-I050582_session-6E57DFAF22DEAFFF71E05042468DF4345BE90E1A1E8635B70473AD397FDA2463_analysis-11.csv;user-I050582;1;-1567476630;true;0.296362247866099;0.0;Infinity;0;B
user-I050582_session-6E57DFAF22DEAFFF71E05042468DF4345BE90E1A1E8635B70473AD397FDA2463_analysis-11.csv;user-I050582;1;1069526477;true;0.4431682498816675;0.0;Infinity;0;B
user-I050582_session-6E57DFAF22DEAFFF71E05042468DF4345BE90E1A1E8635B70473AD397FDA2463_analysis-11.csv;user-I050582;1;-1971730877;true;0.4150808815125031;0.0;Infinity;0;B
user-I050582_session-6E57DFAF22DEAFFF71E05042468DF4345BE90E1A1E8635B70473AD397FDA2463_analysis-11.csv;user-I050582;1;1075077355;true;0.4297185006078872;0.0;Infinity;0;B
user-I050582_session-6E57DFAF22DEAFFF71E05042468DF4345BE90E1A1E8635B70473AD397FDA2463_analysis-11.csv;user-I050582;1;1660820403;true;0.38500498578117825;0.0;Infinity;0;B
user-I050582_session-6E57DFAF22DEAFFF71E05042468DF4345BE90E1A1E8635B70473AD397FDA2463_analysis-11.csv;user-I050582;1;621690033;true;0.294149038561475;0.0;Infinity;0;B
user-I050582_session-6E57DFAF22DEAFFF71E05042468DF4345BE90E1A1E8635B70473AD397FDA2463_analysis-11.csv;user-I050582;1;-577512918;true;0.4634595998399751;0.0;Infinity;0;B
user-I050582_session-6E57DFAF22DEAFFF71E05042468DF4345BE90E1A1E8635B70473AD397FDA2463_analysis-11.csv;user-I050582;1;50191213;true;0.27363192194067665;0.0;Infinity;0;B
user-I050582_session-6E57DFAF22DEAFFF71E05042468DF4345BE90E1A1E8635B70473AD397FDA2463_analysis-11.csv;user-I050582;1;1080619287;true;0.2997493937904161;0.0;Infinity;0;B
user-I050582_session-6E57DFAF22DEAFFF71E05042468DF4345BE90E1A1E8635B70473AD397FDA2463_analysis-11.csv;user-I050582;1;1076123306;true;0.2717758081953755;0.0;Infinity;0;B
user-I050582_session-6E57DFAF22DEAFFF71E05042468DF4345BE90E1A1E8635B70473AD397FDA2463_analysis-11.csv;user-I050582;1;-546846326;true;0.3607088335497889;0.0;Infinity;0;B
user-I050582_session-6E57DFAF22DEAFFF71E05042468DF4345BE90E1A1E8635B70473AD397FDA2463_analysis-11.csv;user-I050582;1;1217110243;true;0.3999886083195894;0.0;Infinity;0;B
user-I050582_session-6E57DFAF22DEAFFF71E05042468DF4345BE90E1A1E8635B70473AD397FDA2463_analysis-11.csv;user-I050582;1;316117431;true;0.2822034717564117;0.0;Infinity;0;B
user-I050582_session-6E57DFAF22DEAFFF71E05042468DF4345BE90E1A1E8635B70473AD397FDA2463_analysis-11.csv;user-I050582;1;777640596;true;0.2284125669609004;0.0;Infinity;0;B
user-I050582_session-6E57DFAF22DEAFFF71E05042468DF4345BE90E1A1E8635B70473AD397FDA2463_analysis-11.csv;user-I050582;1;196535208;true;0.43949975446181644;0.0;Infinity;0;B
user-I050582_session-6E57DFAF22DEAFFF71E05042468DF4345BE90E1A1E8635B70473AD397FDA2463_analysis-11.csv;user-I050582;1;-1035118267;true;0.12672902373691786;0.0;Infinity;0;B
user-I050582_session-6E57DFAF22DEAFFF71E05042468DF4345BE90E1A1E8635B70473AD397FDA2463_analysis-11.csv;user-I050582;1;196568808;true;0.4515377054158577;0.0;Infinity;0;B
user-I050582_session-6E57DFAF22DEAFFF71E05042468DF4345BE90E1A1E8635B70473AD397FDA2463_analysis-11.csv;user-I050582;1;1073351554;true;0.27796685208996497;0.0;Infinity;0;B
user-I050582_session-6E57DFAF22DEAFFF71E05042468DF4345BE90E1A1E8635B70473AD397FDA2463_analysis-11.csv;user-I050582;1;-726023476;true;2.7913291767278636E-4;0.0;Infinity;0;B
user-I050582_session-6E57DFAF22DEAFFF71E05042468DF4345BE90E1A1E8635B70473AD397FDA2463_analysis-11.csv;user-I050582;1;1926671107;true;0.28862148798933973;0.0;Infinity;0;B
user-I050582_session-6E57DFAF22DEAFFF71E05042468DF4345BE90E1A1E8635B70473AD397FDA2463_analysis-11.csv;user-I050582;1;1804144847;true;0.21816767265522619;0.0;Infinity;0;B
user-I050582_session-6E57DFAF22DEAFFF71E05042468DF4345BE90E1A1E8635B70473AD397FDA2463_analysis-11.csv;user-I050582;1;1074382707;true;0.38171296309297187;0.0;Infinity;0;B
user-I050582_session-6E57DFAF22DEAFFF71E05042468DF4345BE90E1A1E8635B70473AD397FDA2463_analysis-11.csv;user-I050582;1;759540867;true;0.33904001515916427;0.0;Infinity;0;B
user-I050582_session-6E57DFAF22DEAFFF71E05042468DF4345BE90E1A1E8635B70473AD397FDA2463_analysis-11.csv;user-I050582;1;2044215619;true;0.27977123463903864;0.0;Infinity;0;B
user-I050582_session-6E57DFAF22DEAFFF71E05042468DF4345BE90E1A1E8635B70473AD397FDA2463_analysis-11.csv;user-I050582;1;-821009408;true;0.308593727604918;0.0;Infinity;0;B
user-I050582_session-6E57DFAF22DEAFFF71E05042468DF4345BE90E1A1E8635B70473AD397FDA2463_analysis-11.csv;user-I050582;1;-1854009922;true;0.3146992186135389;0.0;Infinity;0;B
user-I050582_session-6E57DFAF22DEAFFF71E05042468DF4345BE90E1A1E8635B70473AD397FDA2463_analysis-11.csv;user-I050582;1;1143847374;true;0.33227940799547084;0.0;Infinity;0;B
user-I050582_session-6E57DFAF22DEAFFF71E05042468DF4345BE90E1A1E8635B70473AD397FDA2463_analysis-11.csv;user-I050582;1;1081054447;true;0.24816349621104927;0.0;Infinity;0;B
user-I050582_session-6E57DFAF22DEAFFF71E05042468DF4345BE90E1A1E8635B70473AD397FDA2463_analysis-11.csv;user-I050582;1;116399818;true;0.26960208867375557;0.0;Infinity;0;B
user-I050582_session-6E57DFAF22DEAFFF71E05042468DF4345BE90E1A1E8635B70473AD397FDA2463_analysis-11.csv;user-I050582;1;-983669401;true;8.88566997758744E-12;0.0;Infinity;0;B
user-I050582_session-6E57DFAF22DEAFFF71E05042468DF4345BE90E1A1E8635B70473AD397FDA2463_analysis-11.csv;user-I050582;1;1078778555;true;0.02156408784986541;0.0;Infinity;0;B
user-I050582_session-6E57DFAF22DEAFFF71E05042468DF4345BE90E1A1E8635B70473AD397FDA2463_analysis-11.csv;user-I050582;1;2056562925;true;0.3254889831007768;0.0;Infinity;0;B
user-I050582_session-6E57DFAF22DEAFFF71E05042468DF4345BE90E1A1E8635B70473AD397FDA2463_analysis-11.csv;user-I050582;1;1072310060;true;0.04373468634295896;0.0;Infinity;0;B
user-I050582_session-6E57DFAF22DEAFFF71E05042468DF4345BE90E1A1E8635B70473AD397FDA2463_analysis-11.csv;user-I050582;1;-509707012;true;0.3042297617495453;0.0;Infinity;0;B
user-I050582_session-6E57DFAF22DEAFFF71E05042468DF4345BE90E1A1E8635B70473AD397FDA2463_analysis-11.csv;user-I050582;1;448246076;true;0.24624892068550186;0.0;Infinity;0;B
user-I050582_session-6E57DFAF22DEAFFF71E05042468DF4345BE90E1A1E8635B70473AD397FDA2463_analysis-11.csv;user-I050582;1;1003430385;true;0.46855515113714263;0.0;Infinity;0;B
user-I050582_session-6E57DFAF22DEAFFF71E05042468DF4345BE90E1A1E8635B70473AD397FDA2463_analysis-11.csv;user-I050582;1;-68986718;true;0.39011101169871076;0.0;Infinity;0;B
user-I050582_session-6E57DFAF22DEAFFF71E05042468DF4345BE90E1A1E8635B70473AD397FDA2463_analysis-11.csv;user-I050582;1;468752871;true;0.2955113726159777;0.0;Infinity;0;B
user-I050582_session-6E57DFAF22DEAFFF71E05042468DF4345BE90E1A1E8635B70473AD397FDA2463_analysis-11.csv;user-I050582;1;-1304827976;true;0.2862329598738943;0.0;Infinity;0;B
user-I050582_session-6E57DFAF22DEAFFF71E05042468DF4345BE90E1A1E8635B70473AD397FDA2463_analysis-11.csv;user-I050582;1;-624448390;true;0.2842996029313066;0.0;Infinity;0;B
user-I050582_session-6E57DFAF22DEAFFF71E05042468DF4345BE90E1A1E8635B70473AD397FDA2463_analysis-11.csv;user-I050582;1;-1708192764;true;0.2885812931835747;0.0;Infinity;0;B
user-I050582_session-6E57DFAF22DEAFFF71E05042468DF4345BE90E1A1E8635B70473AD397FDA2463_analysis-11.csv;user-I050582;1;1003359607;true;0.2735001030094649;0.0;Infinity;0;B
user-I050582_session-6E57DFAF22DEAFFF71E05042468DF4345BE90E1A1E8635B70473AD397FDA2463_analysis-11.csv;user-I050582;1;-1149575153;true;0.29997362228544144;0.0;Infinity;0;B
user-I050582_session-6E57DFAF22DEAFFF71E05042468DF4345BE90E1A1E8635B70473AD397FDA2463_analysis-11.csv;user-I050582;1;-1026470032;true;0.14697645972716522;0.0;Infinity;0;B
user-I050582_session-6E57DFAF22DEAFFF71E05042468DF4345BE90E1A1E8635B70473AD397FDA2463_analysis-11.csv;user-I050582;1;2028687741;true;0.30953708013891035;0.0;Infinity;0;B
user-I050582_session-6E57DFAF22DEAFFF71E05042468DF4345BE90E1A1E8635B70473AD397FDA2463_analysis-11.csv;user-I050582;1;-1181677695;true;0.08443616672178322;0.0;Infinity;0;B
user-I050582_session-6E57DFAF22DEAFFF71E05042468DF4345BE90E1A1E8635B70473AD397FDA2463_analysis-11.csv;user-I050582;1;136732;true;0.03372896893947619;0.0;Infinity;0;B
user-I050582_session-6E57DFAF22DEAFFF71E05042468DF4345BE90E1A1E8635B70473AD397FDA2463_analysis-11.csv;user-I050582;1;-1031548187;true;0.023682368676047783;0.0;Infinity;0;B
user-I050582_session-6E57DFAF22DEAFFF71E05042468DF4345BE90E1A1E8635B70473AD397FDA2463_analysis-11.csv;user-I050582;1;-1069434870;true;0.33029769289265887;0.0;Infinity;0;B
user-I050582_session-6E57DFAF22DEAFFF71E05042468DF4345BE90E1A1E8635B70473AD397FDA2463_analysis-11.csv;user-I050582;1;-501800765;true;0.286618838280867;0.0;Infinity;0;B
user-I050582_session-6E57DFAF22DEAFFF71E05042468DF4345BE90E1A1E8635B70473AD397FDA2463_analysis-11.csv;user-I050582;1;230372649;true;0.2745457240230954;0.0;Infinity;0;B
user-I050582_session-6E57DFAF22DEAFFF71E05042468DF4345BE90E1A1E8635B70473AD397FDA2463_analysis-11.csv;user-I050582;1;875178989;true;0.4654564996281555;0.0;Infinity;0;B
user-I050582_session-6E57DFAF22DEAFFF71E05042468DF4345BE90E1A1E8635B70473AD397FDA2463_analysis-11.csv;user-I050582;1;630073327;true;0.29088823204679115;0.0;Infinity;0;B
user-I050582_session-6E57DFAF22DEAFFF71E05042468DF4345BE90E1A1E8635B70473AD397FDA2463_analysis-11.csv;user-I050582;1;913177094;true;0.27217312614583966;0.0;Infinity;0;B
user-I050582_session-6E57DFAF22DEAFFF71E05042468DF4345BE90E1A1E8635B70473AD397FDA2463_analysis-11.csv;user-I050582;1;-1073144081;true;0.3546893166380174;0.0;Infinity;0;B
user-I050582_session-6E57DFAF22DEAFFF71E05042468DF4345BE90E1A1E8635B70473AD397FDA2463_analysis-11.csv;user-I050582;1;-1152938029;true;0.3191953710897323;0.0;Infinity;0;B
user-I050582_session-6E57DFAF22DEAFFF71E05042468DF4345BE90E1A1E8635B70473AD397FDA2463_analysis-11.csv;user-I050582;1;-1175191970;true;0.27595555418724427;0.0;Infinity;0;B
user-I050582_session-6E57DFAF22DEAFFF71E05042468DF4345BE90E1A1E8635B70473AD397FDA2463_analysis-11.csv;user-I050582;1;1709275538;true;0.3760645742179074;0.0;Infinity;0;B
user-I050582_session-6E57DFAF22DEAFFF71E05042468DF4345BE90E1A1E8635B70473AD397FDA2463_analysis-11.csv;user-I050582;1;1132170913;true;0.3870223266825361;0.0;Infinity;0;B
user-I050582_session-6E57DFAF22DEAFFF71E05042468DF4345BE90E1A1E8635B70473AD397FDA2463_analysis-11.csv;user-I050582;1;-389169290;true;0.3057966581314897;0.0;Infinity;0;B
user-I050582_session-6E57DFAF22DEAFFF71E05042468DF4345BE90E1A1E8635B70473AD397FDA2463_analysis-11.csv;user-I050582;1;1500583498;true;0.1527733194063965;0.0;Infinity;0;B
user-I050582_session-6E57DFAF22DEAFFF71E05042468DF4345BE90E1A1E8635B70473AD397FDA2463_analysis-11.csv;user-I050582;1;-2092390746;true;0.35962568161556274;0.0;Infinity;0;B
user-I050582_session-6E57DFAF22DEAFFF71E05042468DF4345BE90E1A1E8635B70473AD397FDA2463_analysis-11.csv;user-I050582;1;-686904356;true;0.44318486310782235;0.0;Infinity;0;B
user-I050582_session-6E57DFAF22DEAFFF71E05042468DF4345BE90E1A1E8635B70473AD397FDA2463_analysis-11.csv;user-I050582;1;1829580861;true;0.3162165148299403;0.0;Infinity;0;B
user-I050582_session-6E57DFAF22DEAFFF71E05042468DF4345BE90E1A1E8635B70473AD397FDA2463_analysis-11.csv;user-I050582;1;-193883673;true;0.30129423975904535;0.0;Infinity;0;B
user-I050582_session-6E57DFAF22DEAFFF71E05042468DF4345BE90E1A1E8635B70473AD397FDA2463_analysis-11.csv;user-I050582;1;-1389810941;true;0.2696043320666086;0.0;Infinity;0;B
user-I050582_session-6E57DFAF22DEAFFF71E05042468DF4345BE90E1A1E8635B70473AD397FDA2463_analysis-11.csv;user-I050582;1;1414033727;true;0.26978607794282383;0.0;Infinity;0;B
user-I050582_session-6E57DFAF22DEAFFF71E05042468DF4345BE90E1A1E8635B70473AD397FDA2463_analysis-11.csv;user-I050582;1;436641858;true;0.34050085345600123;0.0;Infinity;0;B
user-I050582_session-6E57DFAF22DEAFFF71E05042468DF4345BE90E1A1E8635B70473AD397FDA2463_analysis-11.csv;user-I050582;1;608111986;true;0.2960821483941668;0.0;Infinity;0;B
user-I050582_session-6E57DFAF22DEAFFF71E05042468DF4345BE90E1A1E8635B70473AD397FDA2463_analysis-11.csv;user-I050582;1;1475891039;true;2.4319828670904542E-5;0.0;Infinity;0;B
user-I050582_session-6E57DFAF22DEAFFF71E05042468DF4345BE90E1A1E8635B70473AD397FDA2463_analysis-11.csv;user-I050582;1;1639793776;true;0.48402999753654163;0.0;Infinity;0;B
user-I050582_session-6E57DFAF22DEAFFF71E05042468DF4345BE90E1A1E8635B70473AD397FDA2463_analysis-11.csv;user-I050582;1;1939086048;true;0.276910294228773;0.0;Infinity;0;B
user-I050582_session-6E57DFAF22DEAFFF71E05042468DF4345BE90E1A1E8635B70473AD397FDA2463_analysis-11.csv;user-I050582;1;-1790637500;true;0.4302255839202629;0.0;Infinity;0;B
user-I050582_session-6E57DFAF22DEAFFF71E05042468DF4345BE90E1A1E8635B70473AD397FDA2463_analysis-11.csv;user-I050582;1;-2058092308;true;0.3125661504123872;0.0;Infinity;0;B
user-I050582_session-6E57DFAF22DEAFFF71E05042468DF4345BE90E1A1E8635B70473AD397FDA2463_analysis-11.csv;user-I050582;1;-1819978646;true;0.29428475127287534;0.0;Infinity;0;B
user-I050582_session-6E57DFAF22DEAFFF71E05042468DF4345BE90E1A1E8635B70473AD397FDA2463_analysis-11.csv;user-I050582;1;1069734009;true;0.2817830000466668;0.0;Infinity;0;B
user-I050582_session-6E57DFAF22DEAFFF71E05042468DF4345BE90E1A1E8635B70473AD397FDA2463_analysis-11.csv;user-I050582;1;1081206037;true;0.2827405848649285;0.0;Infinity;0;B
user-I050582_session-6E57DFAF22DEAFFF71E05042468DF4345BE90E1A1E8635B70473AD397FDA2463_analysis-11.csv;user-I050582;1;526567908;true;0.26971651363280524;0.0;Infinity;0;B
user-I050582_session-6E57DFAF22DEAFFF71E05042468DF4345BE90E1A1E8635B70473AD397FDA2463_analysis-11.csv;user-I050582;1;-671507334;true;0.306904758577655;0.0;Infinity;0;B
user-I050582_session-6E57DFAF22DEAFFF71E05042468DF4345BE90E1A1E8635B70473AD397FDA2463_analysis-11.csv;user-I050582;1;474040741;true;0.3677203688548285;0.0;Infinity;0;B
user-I050582_session-6E57DFAF22DEAFFF71E05042468DF4345BE90E1A1E8635B70473AD397FDA2463_analysis-11.csv;user-I050582;1;852785433;true;0.28671284202096015;0.0;Infinity;0;B
user-I050582_session-6E57DFAF22DEAFFF71E05042468DF4345BE90E1A1E8635B70473AD397FDA2463_analysis-11.csv;user-I050582;1;-1913350209;true;0.2718426335471764;0.0;Infinity;0;B
user-I050582_session-6E57DFAF22DEAFFF71E05042468DF4345BE90E1A1E8635B70473AD397FDA2463_analysis-11.csv;user-I050582;1;-992599013;true;0.4211611116100411;0.0;Infinity;0;B
user-I050582_session-6E57DFAF22DEAFFF71E05042468DF4345BE90E1A1E8635B70473AD397FDA2463_analysis-11.csv;user-I050582;1;-1328337552;true;0.29832084208095466;0.0;Infinity;0;B
user-I050582_session-6E57DFAF22DEAFFF71E05042468DF4345BE90E1A1E8635B70473AD397FDA2463_analysis-11.csv;user-I050582;1;-356107098;true;0.07719125572823571;0.0;Infinity;0;B
user-I050582_session-6E57DFAF22DEAFFF71E05042468DF4345BE90E1A1E8635B70473AD397FDA2463_analysis-11.csv;user-I050582;1;1077847349;true;0.41308021130635075;0.0;Infinity;0;B
user-I050582_session-6E57DFAF22DEAFFF71E05042468DF4345BE90E1A1E8635B70473AD397FDA2463_analysis-11.csv;user-I050582;1;-251642117;true;0.3363725053645241;0.0;Infinity;0;B
user-I050582_session-6E57DFAF22DEAFFF71E05042468DF4345BE90E1A1E8635B70473AD397FDA2463_analysis-11.csv;user-I050582;1;1076233951;true;0.2732982926793126;0.0;Infinity;0;B
user-I050582_session-6E57DFAF22DEAFFF71E05042468DF4345BE90E1A1E8635B70473AD397FDA2463_analysis-11.csv;user-I050582;1;2018550395;true;0.0674136832363823;0.0;Infinity;0;B
user-I050582_session-6E57DFAF22DEAFFF71E05042468DF4345BE90E1A1E8635B70473AD397FDA2463_analysis-11.csv;user-I050582;1;-1395895594;true;0.30400760199065224;0.0;Infinity;0;B
user-I050582_session-6E57DFAF22DEAFFF71E05042468DF4345BE90E1A1E8635B70473AD397FDA2463_analysis-11.csv;user-I050582;1;-350138353;true;0.26873833141223935;0.0;Infinity;0;B
user-I050582_session-6E57DFAF22DEAFFF71E05042468DF4345BE90E1A1E8635B70473AD397FDA2463_analysis-11.csv;user-I050582;1;1178475036;true;0.2675034036724584;0.0;Infinity;0;B
user-I050582_session-6E57DFAF22DEAFFF71E05042468DF4345BE90E1A1E8635B70473AD397FDA2463_analysis-11.csv;user-I050582;1;-762399134;true;0.2729407877676564;0.0;Infinity;0;B
user-I050582_session-6E57DFAF22DEAFFF71E05042468DF4345BE90E1A1E8635B70473AD397FDA2463_analysis-11.csv;user-I050582;1;-1140939035;true;0.27376678638902086;0.0;Infinity;0;B
user-I050582_session-6E57DFAF22DEAFFF71E05042468DF4345BE90E1A1E8635B70473AD397FDA2463_analysis-11.csv;user-I050582;1;72070582;true;0.061634956369318594;0.0;Infinity;0;B
user-I050582_session-6E57DFAF22DEAFFF71E05042468DF4345BE90E1A1E8635B70473AD397FDA2463_analysis-11.csv;user-I050582;1;756721159;true;0.20240749082834975;0.0;Infinity;0;B
user-I050582_session-6E57DFAF22DEAFFF71E05042468DF4345BE90E1A1E8635B70473AD397FDA2463_analysis-11.csv;user-I050582;1;916047800;true;0.2892982381019882;0.0;Infinity;0;B
user-I050582_session-6E57DFAF22DEAFFF71E05042468DF4345BE90E1A1E8635B70473AD397FDA2463_analysis-11.csv;user-I050582;1;1071762525;true;0.27985958423630053;0.0;Infinity;0;B
user-I050582_session-6E57DFAF22DEAFFF71E05042468DF4345BE90E1A1E8635B70473AD397FDA2463_analysis-11.csv;user-I050582;1;1070456875;true;0.27151083987226676;0.0;Infinity;0;B
user-I050582_session-6E57DFAF22DEAFFF71E05042468DF4345BE90E1A1E8635B70473AD397FDA2463_analysis-11.csv;user-I050582;1;942701074;true;0.27450346899169376;0.0;Infinity;0;B
user-I050582_session-6E57DFAF22DEAFFF71E05042468DF4345BE90E1A1E8635B70473AD397FDA2463_analysis-11.csv;user-I050582;1;-584893774;true;0.31587915859491567;0.0;Infinity;0;B
user-I050582_session-6E57DFAF22DEAFFF71E05042468DF4345BE90E1A1E8635B70473AD397FDA2463_analysis-11.csv;user-I050582;1;1003453022;true;0.3342229850617112;0.0;Infinity;0;B
user-I050582_session-6E57DFAF22DEAFFF71E05042468DF4345BE90E1A1E8635B70473AD397FDA2463_analysis-11.csv;user-I050582;1;-1040764705;true;0.2883911765905407;0.0;Infinity;0;B
user-I050582_session-6E57DFAF22DEAFFF71E05042468DF4345BE90E1A1E8635B70473AD397FDA2463_analysis-11.csv;user-I050582;1;1656215588;true;0.364431319168109;0.0;Infinity;0;B
user-I050582_session-6E57DFAF22DEAFFF71E05042468DF4345BE90E1A1E8635B70473AD397FDA2463_analysis-11.csv;user-I050582;1;-1512321145;true;0.2830353638479808;0.0;Infinity;0;B
user-I050582_session-6E57DFAF22DEAFFF71E05042468DF4345BE90E1A1E8635B70473AD397FDA2463_analysis-11.csv;user-I050582;1;-1260649220;true;0.32089273481593716;0.0;Infinity;0;B
user-I050582_session-6E57DFAF22DEAFFF71E05042468DF4345BE90E1A1E8635B70473AD397FDA2463_analysis-11.csv;user-I050582;1;-804771502;true;0.028904510098117786;0.0;Infinity;0;B
user-I050582_session-6E57DFAF22DEAFFF71E05042468DF4345BE90E1A1E8635B70473AD397FDA2463_analysis-11.csv;user-I050582;1;1003581449;true;0.27527512802482046;0.0;Infinity;0;B
user-I050582_session-6E57DFAF22DEAFFF71E05042468DF4345BE90E1A1E8635B70473AD397FDA2463_analysis-11.csv;user-I050582;1;-910710946;true;0.3767892788913437;0.0;Infinity;0;B
user-I050582_session-6E57DFAF22DEAFFF71E05042468DF4345BE90E1A1E8635B70473AD397FDA2463_analysis-11.csv;user-I050582;1;-690920556;true;0.1030374475279151;0.0;Infinity;0;B
user-I050582_session-6E57DFAF22DEAFFF71E05042468DF4345BE90E1A1E8635B70473AD397FDA2463_analysis-11.csv;user-I050582;1;1066047613;true;0.2988815208473321;0.0;Infinity;0;B
user-I050582_session-6E57DFAF22DEAFFF71E05042468DF4345BE90E1A1E8635B70473AD397FDA2463_analysis-11.csv;user-I050582;1;642808401;true;0.3659683498862193;0.0;Infinity;0;B
user-I050582_session-6E57DFAF22DEAFFF71E05042468DF4345BE90E1A1E8635B70473AD397FDA2463_analysis-11.csv;user-I050582;1;-76814464;true;0.020778044874700363;0.0;Infinity;0;B
user-I050582_session-6E57DFAF22DEAFFF71E05042468DF4345BE90E1A1E8635B70473AD397FDA2463_analysis-11.csv;user-I050582;1;1003256447;true;0.3259496445616571;0.0;Infinity;0;B
user-I050582_session-6E57DFAF22DEAFFF71E05042468DF4345BE90E1A1E8635B70473AD397FDA2463_analysis-11.csv;user-I050582;1;-1217263895;true;0.0163312129404104;0.0;Infinity;0;B
user-I050582_session-6E57DFAF22DEAFFF71E05042468DF4345BE90E1A1E8635B70473AD397FDA2463_analysis-11.csv;user-I050582;1;939626592;true;0.4129391916847023;0.0;Infinity;0;B
user-I050582_session-6E57DFAF22DEAFFF71E05042468DF4345BE90E1A1E8635B70473AD397FDA2463_analysis-11.csv;user-I050582;1;-1150039595;true;0.2721287985009715;0.0;Infinity;0;B
user-I050582_session-6E57DFAF22DEAFFF71E05042468DF4345BE90E1A1E8635B70473AD397FDA2463_analysis-11.csv;user-I050582;1;-1296182574;true;0.391965883949282;0.0;Infinity;0;B
user-I050582_session-6E57DFAF22DEAFFF71E05042468DF4345BE90E1A1E8635B70473AD397FDA2463_analysis-11.csv;user-I050582;1;-1094372698;true;0.2751531834304939;0.0;Infinity;0;B
user-I050582_session-6E57DFAF22DEAFFF71E05042468DF4345BE90E1A1E8635B70473AD397FDA2463_analysis-11.csv;user-I050582;1;1434446760;true;0.461938905859985;0.0;Infinity;0;B
user-I050582_session-6E57DFAF22DEAFFF71E05042468DF4345BE90E1A1E8635B70473AD397FDA2463_analysis-11.csv;user-I050582;1;1064509641;true;0.403573951230069;0.0;Infinity;0;B
user-I050582_session-6E57DFAF22DEAFFF71E05042468DF4345BE90E1A1E8635B70473AD397FDA2463_analysis-11.csv;user-I050582;1;1066047555;true;0.425774943929063;0.0;Infinity;0;B
user-I050582_session-6E57DFAF22DEAFFF71E05042468DF4345BE90E1A1E8635B70473AD397FDA2463_analysis-11.csv;user-I050582;1;837449922;true;0.3521050039322272;0.0;Infinity;0;B
user-I050582_session-6E57DFAF22DEAFFF71E05042468DF4345BE90E1A1E8635B70473AD397FDA2463_analysis-11.csv;user-I050582;1;-363879352;true;0.4395295753488174;0.0;Infinity;0;B
user-I050582_session-6E57DFAF22DEAFFF71E05042468DF4345BE90E1A1E8635B70473AD397FDA2463_analysis-11.csv;user-I050582;1;1267678652;true;0.2704717286648324;0.0;Infinity;0;B
user-I050582_session-6E57DFAF22DEAFFF71E05042468DF4345BE90E1A1E8635B70473AD397FDA2463_analysis-11.csv;user-I050582;1;1134467597;true;0.3270849001959951;0.0;Infinity;0;B
user-I050582_session-6E57DFAF22DEAFFF71E05042468DF4345BE90E1A1E8635B70473AD397FDA2463_analysis-11.csv;user-I050582;1;1615186874;true;0.276796640128372;0.0;Infinity;0;B
user-I050582_session-6E57DFAF22DEAFFF71E05042468DF4345BE90E1A1E8635B70473AD397FDA2463_analysis-11.csv;user-I050582;1;-69067550;true;0.269194694222199;0.0;Infinity;0;B
user-I050582_session-6E57DFAF22DEAFFF71E05042468DF4345BE90E1A1E8635B70473AD397FDA2463_analysis-11.csv;user-I050582;1;1065039382;true;0.2766080247846676;0.0;Infinity;0;B
user-I050582_session-6E57DFAF22DEAFFF71E05042468DF4345BE90E1A1E8635B70473AD397FDA2463_analysis-11.csv;user-I050582;1;-1099418937;true;0.37515559680768895;0.0;Infinity;0;B
user-I050582_session-6E57DFAF22DEAFFF71E05042468DF4345BE90E1A1E8635B70473AD397FDA2463_analysis-11.csv;user-I050582;1;66049918;true;0.27045525087143285;0.0;Infinity;0;B
user-I050582_session-6E57DFAF22DEAFFF71E05042468DF4345BE90E1A1E8635B70473AD397FDA2463_analysis-11.csv;user-I050582;1;-1282890188;true;0.07094459861899471;0.0;Infinity;0;B
user-I050582_session-6E57DFAF22DEAFFF71E05042468DF4345BE90E1A1E8635B70473AD397FDA2463_analysis-11.csv;user-I050582;1;2105911807;true;0.2905337718734403;0.0;Infinity;0;B
user-I050582_session-6E57DFAF22DEAFFF71E05042468DF4345BE90E1A1E8635B70473AD397FDA2463_analysis-11.csv;user-I050582;1;-777595372;true;0.39161286635628656;0.0;Infinity;0;B
user-I050582_session-6E57DFAF22DEAFFF71E05042468DF4345BE90E1A1E8635B70473AD397FDA2463_analysis-11.csv;user-I050582;1;1454486684;true;0.27807466615624143;0.0;Infinity;0;B
user-I050582_session-6E57DFAF22DEAFFF71E05042468DF4345BE90E1A1E8635B70473AD397FDA2463_analysis-11.csv;user-I050582;1;-2062827083;true;0.2760864418095422;0.0;Infinity;0;B
user-I050582_session-6E57DFAF22DEAFFF71E05042468DF4345BE90E1A1E8635B70473AD397FDA2463_analysis-11.csv;user-I050582;2;-1117091989;true;0.049121000890874456;0.0;Infinity;0;B
user-I050582_session-6E57DFAF22DEAFFF71E05042468DF4345BE90E1A1E8635B70473AD397FDA2463_analysis-11.csv;user-I050582;2;-1475354743;true;0.2604844442237537;0.0;Infinity;0;B
user-I050582_session-6E57DFAF22DEAFFF71E05042468DF4345BE90E1A1E8635B70473AD397FDA2463_analysis-11.csv;user-I050582;2;-1014462735;true;0.3283925871820239;0.0;Infinity;0;B
user-I050582_session-6E57DFAF22DEAFFF71E05042468DF4345BE90E1A1E8635B70473AD397FDA2463_analysis-11.csv;user-I050582;2;995662235;true;0.2794447305083476;0.0;Infinity;0;B
user-I050582_session-6E57DFAF22DEAFFF71E05042468DF4345BE90E1A1E8635B70473AD397FDA2463_analysis-11.csv;user-I050582;2;-1110572549;true;0.4439323204832245;0.0;Infinity;0;B
user-I050582_session-6E57DFAF22DEAFFF71E05042468DF4345BE90E1A1E8635B70473AD397FDA2463_analysis-11.csv;user-I050582;2;-435682155;true;0.2617710009919021;0.0;Infinity;0;B
user-I050582_session-6E57DFAF22DEAFFF71E05042468DF4345BE90E1A1E8635B70473AD397FDA2463_analysis-11.csv;user-I050582;2;1575276601;true;0.37986267767492965;0.0;Infinity;0;B
user-I050582_session-6E57DFAF22DEAFFF71E05042468DF4345BE90E1A1E8635B70473AD397FDA2463_analysis-11.csv;user-I050582;2;1207868252;true;0.36846240855101997;0.0;Infinity;0;B
user-I050582_session-6E57DFAF22DEAFFF71E05042468DF4345BE90E1A1E8635B70473AD397FDA2463_analysis-11.csv;user-I050582;2;-1647568270;true;0.27425701695198645;0.0;Infinity;0;B
user-I050582_session-6E57DFAF22DEAFFF71E05042468DF4345BE90E1A1E8635B70473AD397FDA2463_analysis-11.csv;user-I050582;2;-1126308507;true;0.30927644416421585;0.0;Infinity;0;B
user-I050582_session-6E57DFAF22DEAFFF71E05042468DF4345BE90E1A1E8635B70473AD397FDA2463_analysis-11.csv;user-I050582;2;992303547;true;0.4228901263100635;0.0;Infinity;0;B
user-I050582_session-6E57DFAF22DEAFFF71E05042468DF4345BE90E1A1E8635B70473AD397FDA2463_analysis-11.csv;user-I050582;2;854082790;true;0.425645772601864;0.0;Infinity;0;B
user-I050582_session-6E57DFAF22DEAFFF71E05042468DF4345BE90E1A1E8635B70473AD397FDA2463_analysis-11.csv;user-I050582;2;1368942882;true;0.2658847454530302;0.0;Infinity;0;B
user-I050582_session-6E57DFAF22DEAFFF71E05042468DF4345BE90E1A1E8635B70473AD397FDA2463_analysis-11.csv;user-I050582;2;917909220;true;0.34624338695009294;0.0;Infinity;0;B
user-I050582_session-6E57DFAF22DEAFFF71E05042468DF4345BE90E1A1E8635B70473AD397FDA2463_analysis-11.csv;user-I050582;2;-1597864947;true;0.2729873741147275;0.0;Infinity;0;B
user-I050582_session-6E57DFAF22DEAFFF71E05042468DF4345BE90E1A1E8635B70473AD397FDA2463_analysis-11.csv;user-I050582;2;2146596411;true;0.27909206354509;0.0;Infinity;0;B
user-I050582_session-6E57DFAF22DEAFFF71E05042468DF4345BE90E1A1E8635B70473AD397FDA2463_analysis-11.csv;user-I050582;2;1058303572;true;0.4130040596197305;0.0;Infinity;0;B
user-I050582_session-6E57DFAF22DEAFFF71E05042468DF4345BE90E1A1E8635B70473AD397FDA2463_analysis-11.csv;user-I050582;2;917815805;true;0.26756133893930156;0.0;Infinity;0;B
user-I050582_session-6E57DFAF22DEAFFF71E05042468DF4345BE90E1A1E8635B70473AD397FDA2463_analysis-11.csv;user-I050582;2;383209069;true;0.2909899667900243;0.0;Infinity;0;B
user-I050582_session-6E57DFAF22DEAFFF71E05042468DF4345BE90E1A1E8635B70473AD397FDA2463_analysis-11.csv;user-I050582;2;522568184;true;0.28981405301629315;0.0;Infinity;0;B
user-I050582_session-6E57DFAF22DEAFFF71E05042468DF4345BE90E1A1E8635B70473AD397FDA2463_analysis-11.csv;user-I050582;2;-1381726376;true;0.44873898462822515;0.0;Infinity;0;B
user-I050582_session-6E57DFAF22DEAFFF71E05042468DF4345BE90E1A1E8635B70473AD397FDA2463_analysis-11.csv;user-I050582;2;-1939553724;true;0.3538732959861277;0.0;Infinity;0;B
user-I050582_session-6E57DFAF22DEAFFF71E05042468DF4345BE90E1A1E8635B70473AD397FDA2463_analysis-11.csv;user-I050582;2;1554249974;true;0.46427229670253733;0.0;Infinity;0;B
user-I050582_session-6E57DFAF22DEAFFF71E05042468DF4345BE90E1A1E8635B70473AD397FDA2463_analysis-11.csv;user-I050582;2;-847942936;true;0.2649313188011717;0.0;Infinity;0;B
user-I050582_session-6E57DFAF22DEAFFF71E05042468DF4345BE90E1A1E8635B70473AD397FDA2463_analysis-11.csv;user-I050582;2;544529525;true;0.2813239052457537;0.0;Infinity;0;B
user-I050582_session-6E57DFAF22DEAFFF71E05042468DF4345BE90E1A1E8635B70473AD397FDA2463_analysis-11.csv;user-I050582;2;-1390371778;true;0.2922336221551902;0.0;Infinity;0;B
user-I050582_session-6E57DFAF22DEAFFF71E05042468DF4345BE90E1A1E8635B70473AD397FDA2463_analysis-11.csv;user-I050582;2;-1933652768;true;1.9003999005784422E-4;0.0;Infinity;0;B
user-I050582_session-6E57DFAF22DEAFFF71E05042468DF4345BE90E1A1E8635B70473AD397FDA2463_analysis-11.csv;user-I050582;2;1663815117;true;0.32818580683399823;0.0;Infinity;0;B
user-I050582_session-6E57DFAF22DEAFFF71E05042468DF4345BE90E1A1E8635B70473AD397FDA2463_analysis-11.csv;user-I050582;2;1529643072;true;0.2787235978092326;0.0;Infinity;0;B
user-I050582_session-6E57DFAF22DEAFFF71E05042468DF4345BE90E1A1E8635B70473AD397FDA2463_analysis-11.csv;user-I050582;2;-1791120545;true;0.10350514830221158;0.0;Infinity;0;B
user-I050582_session-6E57DFAF22DEAFFF71E05042468DF4345BE90E1A1E8635B70473AD397FDA2463_analysis-11.csv;user-I050582;2;917536797;true;0.3518009056847682;0.0;Infinity;0;B
user-I050582_session-6E57DFAF22DEAFFF71E05042468DF4345BE90E1A1E8635B70473AD397FDA2463_analysis-11.csv;user-I050582;2;-480569812;true;0.28280581809306105;0.0;Infinity;0;B
user-I050582_session-6E57DFAF22DEAFFF71E05042468DF4345BE90E1A1E8635B70473AD397FDA2463_analysis-11.csv;user-I050582;2;671177357;true;0.18102499320914212;0.0;Infinity;0;B
user-I050582_session-6E57DFAF22DEAFFF71E05042468DF4345BE90E1A1E8635B70473AD397FDA2463_analysis-11.csv;user-I050582;2;1727135778;true;0.075167983343014;0.0;Infinity;0;B
user-I050582_session-6E57DFAF22DEAFFF71E05042468DF4345BE90E1A1E8635B70473AD397FDA2463_analysis-11.csv;user-I050582;2;980503753;true;0.4810560113481259;0.0;Infinity;0;B
user-I050582_session-6E57DFAF22DEAFFF71E05042468DF4345BE90E1A1E8635B70473AD397FDA2463_analysis-11.csv;user-I050582;2;827633292;true;0.2692747338792002;0.0;Infinity;0;B
user-I050582_session-6E57DFAF22DEAFFF71E05042468DF4345BE90E1A1E8635B70473AD397FDA2463_analysis-11.csv;user-I050582;2;857157272;true;0.2635901013311207;0.0;Infinity;0;B
user-I050582_session-6E57DFAF22DEAFFF71E05042468DF4345BE90E1A1E8635B70473AD397FDA2463_analysis-11.csv;user-I050582;2;-1112013834;true;0.20607722177256016;0.0;Infinity;0;B
user-I050582_session-6E57DFAF22DEAFFF71E05042468DF4345BE90E1A1E8635B70473AD397FDA2463_analysis-11.csv;user-I050582;2;1348902958;true;0.48523712901239724;0.0;Infinity;0;B
user-I050582_session-6E57DFAF22DEAFFF71E05042468DF4345BE90E1A1E8635B70473AD397FDA2463_analysis-11.csv;user-I050582;2;996416793;true;0.31447103166301815;0.0;Infinity;0;B
user-I050582_session-6E57DFAF22DEAFFF71E05042468DF4345BE90E1A1E8635B70473AD397FDA2463_analysis-11.csv;user-I050582;2;557264599;true;0.3856849775017558;0.0;Infinity;0;B
user-I050582_session-6E57DFAF22DEAFFF71E05042468DF4345BE90E1A1E8635B70473AD397FDA2463_analysis-11.csv;user-I050582;2;-764418124;true;0.26947945042291055;0.0;Infinity;0;B
user-I050582_session-6E57DFAF22DEAFFF71E05042468DF4345BE90E1A1E8635B70473AD397FDA2463_analysis-11.csv;user-I050582;2;265061973;true;0.2726862627374156;0.0;Infinity;0;B
user-I050582_session-6E57DFAF22DEAFFF71E05042468DF4345BE90E1A1E8635B70473AD397FDA2463_analysis-11.csv;user-I050582;2;1570671786;true;0.3938891370136147;0.0;Infinity;0;B
user-I050582_session-6E57DFAF22DEAFFF71E05042468DF4345BE90E1A1E8635B70473AD397FDA2463_analysis-11.csv;user-I050582;2;1048923795;true;0.3669711836073455;0.0;Infinity;0;B
user-I050582_session-6E57DFAF22DEAFFF71E05042468DF4345BE90E1A1E8635B70473AD397FDA2463_analysis-11.csv;user-I050582;2;918037647;true;0.26490008835289924;0.0;Infinity;0;B
user-I050582_session-6E57DFAF22DEAFFF71E05042468DF4345BE90E1A1E8635B70473AD397FDA2463_analysis-11.csv;user-I050582;2;-1346193022;true;0.249046614057149;0.0;Infinity;0;B
user-I050582_session-6E57DFAF22DEAFFF71E05042468DF4345BE90E1A1E8635B70473AD397FDA2463_analysis-11.csv;user-I050582;2;-1793736566;true;0.29885266613146133;0.0;Infinity;0;B
user-I050582_session-6E57DFAF22DEAFFF71E05042468DF4345BE90E1A1E8635B70473AD397FDA2463_analysis-11.csv;user-I050582;2;-35352589;true;0.2662916518546099;0.0;Infinity;0;B
user-I050582_session-6E57DFAF22DEAFFF71E05042468DF4345BE90E1A1E8635B70473AD397FDA2463_analysis-11.csv;user-I050582;2;979495580;true;0.2678125018411974;0.0;Infinity;0;B
user-I050582_session-6E57DFAF22DEAFFF71E05042468DF4345BE90E1A1E8635B70473AD397FDA2463_analysis-11.csv;user-I050582;2;-1430917898;true;0.3838444610903897;0.0;Infinity;0;B
user-I050582_session-6E57DFAF22DEAFFF71E05042468DF4345BE90E1A1E8635B70473AD397FDA2463_analysis-11.csv;user-I050582;2;993234753;true;0.0029131045439290126;0.0;Infinity;0;B
user-I050582_session-6E57DFAF22DEAFFF71E05042468DF4345BE90E1A1E8635B70473AD397FDA2463_analysis-11.csv;user-I050582;2;-2143636110;true;0.30696122590447017;0.0;Infinity;0;B
user-I050582_session-6E57DFAF22DEAFFF71E05042468DF4345BE90E1A1E8635B70473AD397FDA2463_analysis-11.csv;user-I050582;2;-369387773;true;0.36306407204693847;0.0;Infinity;0;B
user-I050582_session-6E57DFAF22DEAFFF71E05042468DF4345BE90E1A1E8635B70473AD397FDA2463_analysis-11.csv;user-I050582;2;-1876181302;true;0.458979660393376;0.0;Infinity;0;B
user-I050582_session-6E57DFAF22DEAFFF71E05042468DF4345BE90E1A1E8635B70473AD397FDA2463_analysis-11.csv;user-I050582;2;-1078142815;true;0.4095538115468529;0.0;Infinity;0;B
user-I050582_session-6E57DFAF22DEAFFF71E05042468DF4345BE90E1A1E8635B70473AD397FDA2463_analysis-11.csv;user-I050582;2;1182134850;true;0.2630763694240388;0.0;Infinity;0;B
user-I050582_session-6E57DFAF22DEAFFF71E05042468DF4345BE90E1A1E8635B70473AD397FDA2463_analysis-11.csv;user-I050582;2;767241631;true;0.26591603475575654;0.0;Infinity;0;B
user-I050582_session-6E57DFAF22DEAFFF71E05042468DF4345BE90E1A1E8635B70473AD397FDA2463_analysis-11.csv;user-I050582;2;1415039696;true;0.08262023830206533;0.0;Infinity;0;B
user-I050582_session-6E57DFAF22DEAFFF71E05042468DF4345BE90E1A1E8635B70473AD397FDA2463_analysis-11.csv;user-I050582;2;1971019123;true;0.3360277850963074;0.0;Infinity;0;B
user-I050582_session-6E57DFAF22DEAFFF71E05042468DF4345BE90E1A1E8635B70473AD397FDA2463_analysis-11.csv;user-I050582;2;-1154978672;true;0.3285477069520888;0.0;Infinity;0;B
user-I050582_session-6E57DFAF22DEAFFF71E05042468DF4345BE90E1A1E8635B70473AD397FDA2463_analysis-11.csv;user-I050582;2;-1184962739;true;0.38909944064993596;0.0;Infinity;0;B
user-I050582_session-6E57DFAF22DEAFFF71E05042468DF4345BE90E1A1E8635B70473AD397FDA2463_analysis-11.csv;user-I050582;2;-1238481831;true;0.2808661070936478;0.0;Infinity;0;B
user-I050582_session-6E57DFAF22DEAFFF71E05042468DF4345BE90E1A1E8635B70473AD397FDA2463_analysis-11.csv;user-I050582;2;441024106;true;0.2652281013527854;0.0;Infinity;0;B
user-I050582_session-6E57DFAF22DEAFFF71E05042468DF4345BE90E1A1E8635B70473AD397FDA2463_analysis-11.csv;user-I050582;2;1328489925;true;0.26982607142062476;0.0;Infinity;0;B
user-I050582_session-6E57DFAF22DEAFFF71E05042468DF4345BE90E1A1E8635B70473AD397FDA2463_analysis-11.csv;user-I050582;2;30856016;true;0.26580653035929247;0.0;Infinity;0;B
user-I050582_session-6E57DFAF22DEAFFF71E05042468DF4345BE90E1A1E8635B70473AD397FDA2463_analysis-11.csv;user-I050582;2;649271548;true;0.29344692036530895;0.0;Infinity;0;B
user-I050582_session-6E57DFAF22DEAFFF71E05042468DF4345BE90E1A1E8635B70473AD397FDA2463_analysis-11.csv;user-I050582;2;536146231;true;0.2773160062686526;0.0;Infinity;0;B
user-I050582_session-6E57DFAF22DEAFFF71E05042468DF4345BE90E1A1E8635B70473AD397FDA2463_analysis-11.csv;user-I050582;2;1744037059;true;0.31274660696092416;0.0;Infinity;0;B
user-I050582_session-6E57DFAF22DEAFFF71E05042468DF4345BE90E1A1E8635B70473AD397FDA2463_analysis-11.csv;user-I050582;2;485697503;true;0.3543166788924481;0.0;Infinity;0;B
user-I050582_session-6E57DFAF22DEAFFF71E05042468DF4345BE90E1A1E8635B70473AD397FDA2463_analysis-11.csv;user-I050582;2;1286327349;true;0.402352231800591;0.0;Infinity;0;B
user-I050582_session-6E57DFAF22DEAFFF71E05042468DF4345BE90E1A1E8635B70473AD397FDA2463_analysis-11.csv;user-I050582;2;986218723;true;0.27939662681667654;0.0;Infinity;0;B
user-I050582_session-6E57DFAF22DEAFFF71E05042468DF4345BE90E1A1E8635B70473AD397FDA2463_analysis-11.csv;user-I050582;2;-474713092;true;0.3023206083168237;0.0;Infinity;0;B
user-I050582_session-6E57DFAF22DEAFFF71E05042468DF4345BE90E1A1E8635B70473AD397FDA2463_analysis-11.csv;user-I050582;2;-2035941995;true;0.45002206337539385;0.0;Infinity;0;B
user-I050582_session-6E57DFAF22DEAFFF71E05042468DF4345BE90E1A1E8635B70473AD397FDA2463_analysis-11.csv;user-I050582;2;1709431338;true;0.35674158461259264;0.0;Infinity;0;B
user-I050582_session-6E57DFAF22DEAFFF71E05042468DF4345BE90E1A1E8635B70473AD397FDA2463_analysis-11.csv;user-I050582;2;1840696560;true;0.2788036789075472;0.0;Infinity;0;B
user-I050582_session-6E57DFAF22DEAFFF71E05042468DF4345BE90E1A1E8635B70473AD397FDA2463_analysis-11.csv;user-I050582;2;1195070935;true;0.49305221065554605;0.0;Infinity;0;B
user-I050582_session-6E57DFAF22DEAFFF71E05042468DF4345BE90E1A1E8635B70473AD397FDA2463_analysis-11.csv;user-I050582;2;-1939383633;true;0.0813421879480356;0.0;Infinity;0;B
user-I050582_session-6E57DFAF22DEAFFF71E05042468DF4345BE90E1A1E8635B70473AD397FDA2463_analysis-11.csv;user-I050582;2;-776464358;true;0.13615525691110053;0.0;Infinity;0;B
user-I050582_session-6E57DFAF22DEAFFF71E05042468DF4345BE90E1A1E8635B70473AD397FDA2463_analysis-11.csv;user-I050582;2;-1905522448;true;0.30438663850451586;0.0;Infinity;0;B
user-I050582_session-6E57DFAF22DEAFFF71E05042468DF4345BE90E1A1E8635B70473AD397FDA2463_analysis-11.csv;user-I050582;2;7185335;true;0.3408411853940765;0.0;Infinity;0;B
user-I050582_session-6E57DFAF22DEAFFF71E05042468DF4345BE90E1A1E8635B70473AD397FDA2463_analysis-11.csv;user-I050582;2;917614894;true;0.3178810084709689;0.0;Infinity;0;B
user-I050582_session-6E57DFAF22DEAFFF71E05042468DF4345BE90E1A1E8635B70473AD397FDA2463_analysis-11.csv;user-I050582;2;-1998894011;true;0.26525935143823043;0.0;Infinity;0;B
user-I050582_session-6E57DFAF22DEAFFF71E05042468DF4345BE90E1A1E8635B70473AD397FDA2463_analysis-11.csv;user-I050582;2;751906120;true;0.33750735506416407;0.0;Infinity;0;B
user-I050582_session-6E57DFAF22DEAFFF71E05042468DF4345BE90E1A1E8635B70473AD397FDA2463_analysis-11.csv;user-I050582;2;-1413881354;true;0.3259318899962925;0.0;Infinity;0;B
user-I050582_session-6E57DFAF22DEAFFF71E05042468DF4345BE90E1A1E8635B70473AD397FDA2463_analysis-11.csv;user-I050582;2;-1069213203;true;1.777240576927852E-10;0.0;Infinity;0;B
user-I050582_session-6E57DFAF22DEAFFF71E05042468DF4345BE90E1A1E8635B70473AD397FDA2463_analysis-11.csv;user-I050582;2;-677098985;true;0.4932614234565412;0.0;Infinity;0;B
user-I050582_session-6E57DFAF22DEAFFF71E05042468DF4345BE90E1A1E8635B70473AD397FDA2463_analysis-11.csv;user-I050582;2;-713135281;true;0.003435336747292572;0.0;Infinity;0;B
user-I050582_session-6E57DFAF22DEAFFF71E05042468DF4345BE90E1A1E8635B70473AD397FDA2463_analysis-11.csv;user-I050582;2;533242007;true;0.2802791663256332;0.0;Infinity;0;B
user-I050582_session-6E57DFAF22DEAFFF71E05042468DF4345BE90E1A1E8635B70473AD397FDA2463_analysis-11.csv;user-I050582;2;-1179916500;true;0.21281363435291867;0.0;Infinity;0;B
user-I050582_session-6E57DFAF22DEAFFF71E05042468DF4345BE90E1A1E8635B70473AD397FDA2463_analysis-11.csv;user-I050582;2;2020368005;true;0.29533706811779936;0.0;Infinity;0;B
user-I050582_session-6E57DFAF22DEAFFF71E05042468DF4345BE90E1A1E8635B70473AD397FDA2463_analysis-11.csv;user-I050582;2;-983385002;true;0.4738012864621025;0.0;Infinity;0;B
user-I050582_session-6E57DFAF22DEAFFF71E05042468DF4345BE90E1A1E8635B70473AD397FDA2463_analysis-11.csv;user-I050582;2;1128557563;true;0.31222332579869116;0.0;Infinity;0;B
user-I050582_session-6E57DFAF22DEAFFF71E05042468DF4345BE90E1A1E8635B70473AD397FDA2463_analysis-11.csv;user-I050582;2;-1235118955;true;0.30316958505940517;0.0;Infinity;0;B
user-I050582_session-6E57DFAF22DEAFFF71E05042468DF4345BE90E1A1E8635B70473AD397FDA2463_analysis-11.csv;user-I050582;2;-632390128;true;0.39913556507718895;0.0;Infinity;0;B
user-I050582_session-6E57DFAF22DEAFFF71E05042468DF4345BE90E1A1E8635B70473AD397FDA2463_analysis-11.csv;user-I050582;2;-863029407;true;0.30927644416421585;0.0;Infinity;0;B
user-I050582_session-6E57DFAF22DEAFFF71E05042468DF4345BE90E1A1E8635B70473AD397FDA2463_analysis-11.csv;user-I050582;2;1958671817;true;0.2730983514252149;0.0;Infinity;0;B
user-I050582_session-6E57DFAF22DEAFFF71E05042468DF4345BE90E1A1E8635B70473AD397FDA2463_analysis-11.csv;user-I050582;2;1610763003;true;0.3257257404012154;0.0;Infinity;0;B
user-I050582_session-6E57DFAF22DEAFFF71E05042468DF4345BE90E1A1E8635B70473AD397FDA2463_analysis-11.csv;user-I050582;2;989533553;true;0.38843287999764164;0.0;Infinity;0;B
user-I050582_session-6E57DFAF22DEAFFF71E05042468DF4345BE90E1A1E8635B70473AD397FDA2463_analysis-11.csv;user-I050582;2;990690149;true;0.26265642422185176;0.0;Infinity;0;B
user-I050582_session-6E57DFAF22DEAFFF71E05042468DF4345BE90E1A1E8635B70473AD397FDA2463_analysis-11.csv;user-I050582;2;-996254748;true;0.37919119923235356;0.0;Infinity;0;B
user-I050582_session-6E57DFAF22DEAFFF71E05042468DF4345BE90E1A1E8635B70473AD397FDA2463_analysis-11.csv;user-I050582;2;1659074504;true;0.3181701294270777;0.0;Infinity;0;B
user-I050582_session-6E57DFAF22DEAFFF71E05042468DF4345BE90E1A1E8635B70473AD397FDA2463_analysis-11.csv;user-I050582;2;789635187;true;0.4454771281851537;0.0;Infinity;0;B
user-I050582_session-6E57DFAF22DEAFFF71E05042468DF4345BE90E1A1E8635B70473AD397FDA2463_analysis-11.csv;user-I050582;2;-104126099;true;0.33016152220250405;0.0;Infinity;0;B
user-I050582_session-6E57DFAF22DEAFFF71E05042468DF4345BE90E1A1E8635B70473AD397FDA2463_analysis-11.csv;user-I050582;2;-45706982;true;0.3423814033807797;0.0;Infinity;0;B
user-I050582_session-6E57DFAF22DEAFFF71E05042468DF4345BE90E1A1E8635B70473AD397FDA2463_analysis-11.csv;user-I050582;2;-2057274679;true;0.37171276696701283;0.0;Infinity;0;B
user-I050582_session-6E57DFAF22DEAFFF71E05042468DF4345BE90E1A1E8635B70473AD397FDA2463_analysis-11.csv;user-I050582;2;-1481439396;true;0.30470376220306206;0.0;Infinity;0;B
user-I050582_session-6E57DFAF22DEAFFF71E05042468DF4345BE90E1A1E8635B70473AD397FDA2463_analysis-11.csv;user-I050582;2;-2079545817;true;0.304837331905901;0.0;Infinity;0;B
user-I050582_session-6E57DFAF22DEAFFF71E05042468DF4345BE90E1A1E8635B70473AD397FDA2463_analysis-11.csv;user-I050582;2;1712798855;true;0.3289270129831774;0.0;Infinity;0;B
user-I050582_session-6E57DFAF22DEAFFF71E05042468DF4345BE90E1A1E8635B70473AD397FDA2463_analysis-11.csv;user-I050582;2;388022462;true;0.360169798565273;0.0;Infinity;0;B
user-I050582_session-6E57DFAF22DEAFFF71E05042468DF4345BE90E1A1E8635B70473AD397FDA2463_analysis-11.csv;user-I050582;2;673997065;true;0.33079161087397213;0.0;Infinity;0;B
user-I050582_session-6E57DFAF22DEAFFF71E05042468DF4345BE90E1A1E8635B70473AD397FDA2463_analysis-11.csv;user-I050582;2;986394703;true;0.16917494602703997;0.0;Infinity;0;B
user-I050582_session-6E57DFAF22DEAFFF71E05042468DF4345BE90E1A1E8635B70473AD397FDA2463_analysis-11.csv;user-I050582;2;-1393420265;true;0.33129300822607566;0.0;Infinity;0;B
user-I050582_session-6E57DFAF22DEAFFF71E05042468DF4345BE90E1A1E8635B70473AD397FDA2463_analysis-11.csv;user-I050582;2;-890315304;true;0.04445144325119954;0.0;Infinity;0;B
user-I050582_session-6E57DFAF22DEAFFF71E05042468DF4345BE90E1A1E8635B70473AD397FDA2463_analysis-11.csv;user-I050582;2;830503998;true;0.2741458068952942;0.0;Infinity;0;B
user-I050582_session-6E57DFAF22DEAFFF71E05042468DF4345BE90E1A1E8635B70473AD397FDA2463_analysis-11.csv;user-I050582;2;995510645;true;0.2201850297424507;0.0;Infinity;0;B
user-I050582_session-6E57DFAF22DEAFFF71E05042468DF4345BE90E1A1E8635B70473AD397FDA2463_analysis-11.csv;user-I050582;2;2117032748;true;0.3683725193612518;0.0;Infinity;0;B
user-I050582_session-6E57DFAF22DEAFFF71E05042468DF4345BE90E1A1E8635B70473AD397FDA2463_analysis-11.csv;user-I050582;2;978965839;true;0.30648456857696216;0.0;Infinity;0;B
user-I050582_session-6E57DFAF22DEAFFF71E05042468DF4345BE90E1A1E8635B70473AD397FDA2463_analysis-11.csv;user-I050582;2;917712645;true;0.3286338973737123;0.0;Infinity;0;B
user-I050582_session-6E57DFAF22DEAFFF71E05042468DF4345BE90E1A1E8635B70473AD397FDA2463_analysis-11.csv;user-I050582;2;1943143939;true;0.3068439911345565;0.0;Infinity;0;B
user-I050582_session-6E57DFAF22DEAFFF71E05042468DF4345BE90E1A1E8635B70473AD397FDA2463_analysis-11.csv;user-I050582;2;-1120662069;true;0.10396925075865138;0.0;Infinity;0;B
user-I050582_session-6E57DFAF22DEAFFF71E05042468DF4345BE90E1A1E8635B70473AD397FDA2463_analysis-11.csv;user-I050582;2;-1158687883;true;0.3746818997567479;0.0;Infinity;0;B
user-I050582_session-6E57DFAF22DEAFFF71E05042468DF4345BE90E1A1E8635B70473AD397FDA2463_analysis-11.csv;user-I050582;2;986766258;true;0.0802210812522437;0.0;Infinity;0;B
user-I050582_session-6E57DFAF22DEAFFF71E05042468DF4345BE90E1A1E8635B70473AD397FDA2463_analysis-11.csv;user-I050582;2;-441650900;true;0.03475971107170239;0.0;Infinity;0;B
user-I050582_session-6E57DFAF22DEAFFF71E05042468DF4345BE90E1A1E8635B70473AD397FDA2463_analysis-11.csv;user-I050582;2;-1260735772;true;0.2780193673898942;0.0;Infinity;0;B
user-I050582_session-6E57DFAF22DEAFFF71E05042468DF4345BE90E1A1E8635B70473AD397FDA2463_analysis-11.csv;user-I050582;2;-13473220;true;0.05898320339854335;0.0;Infinity;0;B
user-I050582_session-6E57DFAF22DEAFFF71E05042468DF4345BE90E1A1E8635B70473AD397FDA2463_analysis-11.csv;user-I050582;2;1841127305;true;0.30736332350357043;0.0;Infinity;0;B
user-I050582_session-6E57DFAF22DEAFFF71E05042468DF4345BE90E1A1E8635B70473AD397FDA2463_analysis-11.csv;user-I050582;2;987807752;true;0.2693534617801301;0.0;Infinity;0;B
user-I050582_session-6E57DFAF22DEAFFF71E05042468DF4345BE90E1A1E8635B70473AD397FDA2463_analysis-11.csv;user-I050582;2;-449423154;true;0.4823101488223096;0.0;Infinity;0;B
user-I050582_session-6E57DFAF22DEAFFF71E05042468DF4345BE90E1A1E8635B70473AD397FDA2463_analysis-11.csv;user-I050582;2;-1368433990;true;0.06043737462036469;0.0;Infinity;0;B
user-I050582_session-6E57DFAF22DEAFFF71E05042468DF4345BE90E1A1E8635B70473AD397FDA2463_analysis-11.csv;user-I050582;2;-1653020432;true;0.2877128009404817;0.0;Infinity;0;B
user-I050582_session-6E57DFAF22DEAFFF71E05042468DF4345BE90E1A1E8635B70473AD397FDA2463_analysis-11.csv;user-I050582;2;-595250814;true;0.27676562394505033;0.0;Infinity;0;B
user-I050582_session-6E57DFAF22DEAFFF71E05042468DF4345BE90E1A1E8635B70473AD397FDA2463_analysis-11.csv;user-I050582;2;983982675;true;0.41767066523674523;0.0;Infinity;0;B
user-I050582_session-6E57DFAF22DEAFFF71E05042468DF4345BE90E1A1E8635B70473AD397FDA2463_analysis-11.csv;user-I050582;2;-1235583397;true;0.2638393675958999;0.0;Infinity;0;B
user-I050582_session-6E57DFAF22DEAFFF71E05042468DF4345BE90E1A1E8635B70473AD397FDA2463_analysis-11.csv;user-I050582;2;-19493884;true;0.26859815069295934;0.0;Infinity;0;B
user-I050582_session-6E57DFAF22DEAFFF71E05042468DF4345BE90E1A1E8635B70473AD397FDA2463_analysis-11.csv;user-I050582;2;427175059;true;0.4141556513055976;0.0;Infinity;0;B
user-I050582_session-6E57DFAF22DEAFFF71E05042468DF4345BE90E1A1E8635B70473AD397FDA2463_analysis-11.csv;user-I050582;2;1933006593;true;0.06941495422950128;0.0;Infinity;0;B
user-I050582_session-6E57DFAF22DEAFFF71E05042468DF4345BE90E1A1E8635B70473AD397FDA2463_analysis-11.csv;user-I050582;2;-811567278;true;1.2676074318873631E-5;0.0;Infinity;0;B
user-I050582_session-6E57DFAF22DEAFFF71E05042468DF4345BE90E1A1E8635B70473AD397FDA2463_analysis-11.csv;user-I050582;2;-1302807697;true;0.1657335602829857;0.0;Infinity;0;B
user-I050582_session-6E57DFAF22DEAFFF71E05042468DF4345BE90E1A1E8635B70473AD397FDA2463_analysis-11.csv;user-I050582;2;-709992192;true;0.2762785449912142;0.0;Infinity;0;B
user-I050582_session-6E57DFAF22DEAFFF71E05042468DF4345BE90E1A1E8635B70473AD397FDA2463_analysis-11.csv;user-I050582;2;-670437576;true;0.3071622457202242;0.0;Infinity;0;B
user-I050582_session-6E57DFAF22DEAFFF71E05042468DF4345BE90E1A1E8635B70473AD397FDA2463_analysis-11.csv;user-I050582;2;-162358266;true;0.02062583262455786;0.0;Infinity;0;B
user-I050582_session-6E57DFAF22DEAFFF71E05042468DF4345BE90E1A1E8635B70473AD397FDA2463_analysis-11.csv;user-I050582;2;1092931234;true;0.2627963678364258;0.0;Infinity;0;B
user-I050582_session-6E57DFAF22DEAFFF71E05042468DF4345BE90E1A1E8635B70473AD397FDA2463_analysis-11.csv;user-I050582;2;990579504;true;0.2663542808015733;0.0;Infinity;0;B
user-I050582_session-6E57DFAF22DEAFFF71E05042468DF4345BE90E1A1E8635B70473AD397FDA2463_analysis-11.csv;user-I050582;2;-154611352;true;0.28111480715414494;0.0;Infinity;0;B
user-I050582_session-6E57DFAF22DEAFFF71E05042468DF4345BE90E1A1E8635B70473AD397FDA2463_analysis-11.csv;user-I050582;2;1046627111;true;0.40714648301277334;0.0;Infinity;0;B
user-I050582_session-6E57DFAF22DEAFFF71E05042468DF4345BE90E1A1E8635B70473AD397FDA2463_analysis-11.csv;user-I050582;2;-1549051338;true;0.26214362406076086;0.0;Infinity;0;B
user-I050582_session-6E57DFAF22DEAFFF71E05042468DF4345BE90E1A1E8635B70473AD397FDA2463_analysis-11.csv;user-I050582;2;-906553210;true;0.34075375231274285;0.0;Infinity;0;B
user-I050582_session-6E57DFAF22DEAFFF71E05042468DF4345BE90E1A1E8635B70473AD397FDA2463_analysis-11.csv;user-I050582;2;-1226482837;true;0.2640263961338636;0.0;Infinity;0;B
user-I050582_session-6E57DFAF22DEAFFF71E05042468DF4345BE90E1A1E8635B70473AD397FDA2463_analysis-11.csv;user-I050582;2;144828847;true;0.26742011201319593;0.0;Infinity;0;B
user-I050582_session-6E57DFAF22DEAFFF71E05042468DF4345BE90E1A1E8635B70473AD397FDA2463_analysis-11.csv;user-I050582;2;351098056;true;0.36029469562685057;0.0;Infinity;0;B
user-I050582_session-6E57DFAF22DEAFFF71E05042468DF4345BE90E1A1E8635B70473AD397FDA2463_analysis-11.csv;user-I050582;2;1131566441;true;0.49184512598616226;0.0;Infinity;0;B
user-I050582_session-6E57DFAF22DEAFFF71E05042468DF4345BE90E1A1E8635B70473AD397FDA2463_analysis-11.csv;user-I050582;2;362702274;true;0.3478901727066499;0.0;Infinity;0;B
user-I050582_session-6E57DFAF22DEAFFF71E05042468DF4345BE90E1A1E8635B70473AD397FDA2463_analysis-11.csv;user-I050582;2;-1267221497;true;0.11196384499252043;0.0;Infinity;0;B
user-I050582_session-6E57DFAF22DEAFFF71E05042468DF4345BE90E1A1E8635B70473AD397FDA2463_analysis-11.csv;user-I050582;2;917886583;true;0.363843149063642;0.0;Infinity;0;B
user-I050582_session-6E57DFAF22DEAFFF71E05042468DF4345BE90E1A1E8635B70473AD397FDA2463_analysis-11.csv;user-I050582;2;-1082201465;true;0.26265642422185176;0.0;Infinity;0;B
user-I050582_session-6E57DFAF22DEAFFF71E05042468DF4345BE90E1A1E8635B70473AD397FDA2463_analysis-11.csv;user-I050582;2;984190207;true;0.27790741082961645;0.0;Infinity;0;B
user-I050582_session-6E57DFAF22DEAFFF71E05042468DF4345BE90E1A1E8635B70473AD397FDA2463_analysis-11.csv;user-I050582;2;995075485;true;0.3065426210167861;0.0;Infinity;0;B
user-I050582_session-6E57DFAF22DEAFFF71E05042468DF4345BE90E1A1E8635B70473AD397FDA2463_analysis-11.csv;user-I050582;2;-1663690751;true;0.40339438444252607;0.0;Infinity;0;B
user-I050582_session-6E57DFAF22DEAFFF71E05042468DF4345BE90E1A1E8635B70473AD397FDA2463_analysis-11.csv;user-I050582;2;-919054053;true;0.2651499843181264;0.0;Infinity;0;B
user-I050582_session-6E57DFAF22DEAFFF71E05042468DF4345BE90E1A1E8635B70473AD397FDA2463_analysis-11.csv;user-I050582;2;-337185919;true;0.3872176688862655;0.0;Infinity;0;B
user-I050582_session-6E57DFAF22DEAFFF71E05042468DF4345BE90E1A1E8635B70473AD397FDA2463_analysis-11.csv;user-I050582;2;344030195;true;0.058848818836828576;0.0;Infinity;0;B
user-I050582_session-6E57DFAF22DEAFFF71E05042468DF4345BE90E1A1E8635B70473AD397FDA2463_analysis-11.csv;user-I050582;2;-1040443798;true;2.744328796624451E-4;0.0;Infinity;0;B
user-I050582_session-6E57DFAF22DEAFFF71E05042468DF4345BE90E1A1E8635B70473AD397FDA2463_analysis-11.csv;user-I050582;2;230573629;true;0.2796853092842363;0.0;Infinity;0;B
user-I050582_session-6E57DFAF22DEAFFF71E05042468DF4345BE90E1A1E8635B70473AD397FDA2463_analysis-11.csv;user-I050582;2;-757051136;true;0.301057449592919;0.0;Infinity;0;B
user-I050582_session-6E57DFAF22DEAFFF71E05042468DF4345BE90E1A1E8635B70473AD397FDA2463_analysis-11.csv;user-I050582;2;-772448158;true;0.4595195623423586;0.0;Infinity;0;B
user-I050582_session-6E57DFAF22DEAFFF71E05042468DF4345BE90E1A1E8635B70473AD397FDA2463_analysis-11.csv;user-I050582;2;388496939;true;0.371685149160351;0.0;Infinity;0;B
user-I050582_session-6E57DFAF22DEAFFF71E05042468DF4345BE90E1A1E8635B70473AD397FDA2463_analysis-11.csv;user-I050582;2;984913073;true;0.26751425911951787;0.0;Infinity;0;B
user-I050582_session-6E57DFAF22DEAFFF71E05042468DF4345BE90E1A1E8635B70473AD397FDA2463_analysis-11.csv;user-I050582;2;-85407070;true;0.1090761822108105;0.0;Infinity;0;B
user-I050582_session-6E57DFAF22DEAFFF71E05042468DF4345BE90E1A1E8635B70473AD397FDA2463_analysis-11.csv;user-I050582;2;-1503298919;true;0.303319515093205;0.0;Infinity;0;B
user-I050582_session-6E57DFAF22DEAFFF71E05042468DF4345BE90E1A1E8635B70473AD397FDA2463_analysis-11.csv;user-I050582;2;-2141755668;true;0.2760075234621351;0.0;Infinity;0;B
user-I050582_session-6E57DFAF22DEAFFF71E05042468DF4345BE90E1A1E8635B70473AD397FDA2463_analysis-11.csv;user-I050582;2;980503811;true;0.3296343715601944;0.0;Infinity;0;B
user-I050582_session-6E57DFAF22DEAFFF71E05042468DF4345BE90E1A1E8635B70473AD397FDA2463_analysis-11.csv;user-I050582;2;-863139174;true;0.43288125207317873;0.0;Infinity;0;B
user-I050582_session-6E57DFAF22DEAFFF71E05042468DF4345BE90E1A1E8635B70473AD397FDA2463_analysis-11.csv;user-I050582;3;-1932430166;true;0.11553408414414745;0.0;Infinity;0;B
user-I050582_session-6E57DFAF22DEAFFF71E05042468DF4345BE90E1A1E8635B70473AD397FDA2463_analysis-11.csv;user-I050582;3;1828983515;true;0.2136419865627157;0.0;Infinity;0;B
user-I050582_session-6E57DFAF22DEAFFF71E05042468DF4345BE90E1A1E8635B70473AD397FDA2463_analysis-11.csv;user-I050582;3;938365628;true;0.31663539654050255;0.0;Infinity;0;B
user-I050582_session-6E57DFAF22DEAFFF71E05042468DF4345BE90E1A1E8635B70473AD397FDA2463_analysis-11.csv;user-I050582;3;-1426051237;true;0.1876260825116598;0.0;Infinity;0;B
user-I050582_session-6E57DFAF22DEAFFF71E05042468DF4345BE90E1A1E8635B70473AD397FDA2463_analysis-11.csv;user-I050582;3;495467645;true;0.16851689500562594;0.0;Infinity;0;B
user-I050582_session-6E57DFAF22DEAFFF71E05042468DF4345BE90E1A1E8635B70473AD397FDA2463_analysis-11.csv;user-I050582;4;-1932430166;true;0.11553408414414745;0.0;Infinity;0;B
user-I050582_session-6E57DFAF22DEAFFF71E05042468DF4345BE90E1A1E8635B70473AD397FDA2463_analysis-11.csv;user-I050582;4;1828983515;true;0.2136419865627157;0.0;Infinity;0;B
user-I050582_session-6E57DFAF22DEAFFF71E05042468DF4345BE90E1A1E8635B70473AD397FDA2463_analysis-11.csv;user-I050582;4;938365628;true;0.31663539654050255;0.0;Infinity;0;B
user-I050582_session-6E57DFAF22DEAFFF71E05042468DF4345BE90E1A1E8635B70473AD397FDA2463_analysis-11.csv;user-I050582;4;-1426051237;true;0.1876260825116598;0.0;Infinity;0;B
user-I050582_session-6E57DFAF22DEAFFF71E05042468DF4345BE90E1A1E8635B70473AD397FDA2463_analysis-11.csv;user-I050582;4;495467645;true;0.16851689500562594;0.0;Infinity;0;B
