session ;user;query position;cell hashcode;novelty;outlierness;relevance;surprise;query label;session label
user-a_session-29AF06B372FD52129AAB65DA477E308EC73CF0D44087D05DA8D39C7BE425D30E_analysis-12.csv;user-a;1;-1410912196;true;NaN;0.0;Infinity;0;B
user-a_session-29AF06B372FD52129AAB65DA477E308EC73CF0D44087D05DA8D39C7BE425D30E_analysis-12.csv;user-a;2;-1227024036;true;NaN;0.0;Infinity;0;B
user-a_session-29AF06B372FD52129AAB65DA477E308EC73CF0D44087D05DA8D39C7BE425D30E_analysis-12.csv;user-a;3;-1430571290;true;NaN;0.0;Infinity;0;B
user-a_session-29AF06B372FD52129AAB65DA477E308EC73CF0D44087D05DA8D39C7BE425D30E_analysis-12.csv;user-a;4;-1410912196;true;NaN;0.0;Infinity;0;B
user-a_session-29AF06B372FD52129AAB65DA477E308EC73CF0D44087D05DA8D39C7BE425D30E_analysis-12.csv;user-a;5;422600190;true;7.545053297608462E-5;0.0;Infinity;0;B
user-a_session-29AF06B372FD52129AAB65DA477E308EC73CF0D44087D05DA8D39C7BE425D30E_analysis-12.csv;user-a;5;762029457;true;0.36812354367154143;0.0;Infinity;0;B
user-a_session-29AF06B372FD52129AAB65DA477E308EC73CF0D44087D05DA8D39C7BE425D30E_analysis-12.csv;user-a;5;824200792;true;0.4727955178871984;0.0;Infinity;0;B
user-a_session-29AF06B372FD52129AAB65DA477E308EC73CF0D44087D05DA8D39C7BE425D30E_analysis-12.csv;user-a;5;-145553004;true;0.3058165616849905;0.0;Infinity;0;B
user-a_session-29AF06B372FD52129AAB65DA477E308EC73CF0D44087D05DA8D39C7BE425D30E_analysis-12.csv;user-a;5;743059692;true;0.28062240699199203;0.0;Infinity;0;B
user-a_session-29AF06B372FD52129AAB65DA477E308EC73CF0D44087D05DA8D39C7BE425D30E_analysis-12.csv;user-a;5;-1416841022;true;0.026561569782687422;0.0;Infinity;0;B
user-a_session-29AF06B372FD52129AAB65DA477E308EC73CF0D44087D05DA8D39C7BE425D30E_analysis-12.csv;user-a;5;1152175049;true;0.297307493322832;0.0;Infinity;0;B
user-a_session-29AF06B372FD52129AAB65DA477E308EC73CF0D44087D05DA8D39C7BE425D30E_analysis-12.csv;user-a;5;-1332160912;true;0.21583494562523886;0.0;Infinity;0;B
user-a_session-29AF06B372FD52129AAB65DA477E308EC73CF0D44087D05DA8D39C7BE425D30E_analysis-12.csv;user-a;5;754766066;true;0.026561569782687422;0.0;Infinity;0;B
user-a_session-29AF06B372FD52129AAB65DA477E308EC73CF0D44087D05DA8D39C7BE425D30E_analysis-12.csv;user-a;5;-1227665764;true;0.44373972073296797;0.0;Infinity;0;B
user-a_session-29AF06B372FD52129AAB65DA477E308EC73CF0D44087D05DA8D39C7BE425D30E_analysis-12.csv;user-a;5;-1754401764;true;8.450530530001998E-6;0.0;Infinity;0;B
user-a_session-29AF06B372FD52129AAB65DA477E308EC73CF0D44087D05DA8D39C7BE425D30E_analysis-12.csv;user-a;5;2043925161;true;0.297307493322832;0.0;Infinity;0;B
user-a_session-29AF06B372FD52129AAB65DA477E308EC73CF0D44087D05DA8D39C7BE425D30E_analysis-12.csv;user-a;5;43173428;true;0.44943516889162816;0.0;Infinity;0;B
user-a_session-29AF06B372FD52129AAB65DA477E308EC73CF0D44087D05DA8D39C7BE425D30E_analysis-12.csv;user-a;5;1886440242;true;0.4922565319830222;0.0;Infinity;0;B
user-a_session-29AF06B372FD52129AAB65DA477E308EC73CF0D44087D05DA8D39C7BE425D30E_analysis-12.csv;user-a;5;328357439;true;0.28890826739878994;0.0;Infinity;0;B
user-a_session-29AF06B372FD52129AAB65DA477E308EC73CF0D44087D05DA8D39C7BE425D30E_analysis-12.csv;user-a;5;-567273349;true;0.28890826739878994;0.0;Infinity;0;B
user-a_session-29AF06B372FD52129AAB65DA477E308EC73CF0D44087D05DA8D39C7BE425D30E_analysis-12.csv;user-a;5;115335788;true;1.9791879246611188E-10;0.0;Infinity;0;B
user-a_session-29AF06B372FD52129AAB65DA477E308EC73CF0D44087D05DA8D39C7BE425D30E_analysis-12.csv;user-a;5;-846818277;true;0.28062240699199203;0.0;Infinity;0;B
user-a_session-29AF06B372FD52129AAB65DA477E308EC73CF0D44087D05DA8D39C7BE425D30E_analysis-12.csv;user-a;5;112098203;true;0.4727955178871984;0.0;Infinity;0;B
user-a_session-29AF06B372FD52129AAB65DA477E308EC73CF0D44087D05DA8D39C7BE425D30E_analysis-12.csv;user-a;5;-35759681;true;0.3319649495886484;0.0;Infinity;0;B
user-a_session-29AF06B372FD52129AAB65DA477E308EC73CF0D44087D05DA8D39C7BE425D30E_analysis-12.csv;user-a;5;2131563163;true;0.31443177155200663;0.0;Infinity;0;B
user-a_session-29AF06B372FD52129AAB65DA477E308EC73CF0D44087D05DA8D39C7BE425D30E_analysis-12.csv;user-a;5;2118742366;true;0.34087466844746017;0.0;Infinity;0;B
user-a_session-29AF06B372FD52129AAB65DA477E308EC73CF0D44087D05DA8D39C7BE425D30E_analysis-12.csv;user-a;5;-451800798;true;0.44373972073296797;0.0;Infinity;0;B
user-a_session-29AF06B372FD52129AAB65DA477E308EC73CF0D44087D05DA8D39C7BE425D30E_analysis-12.csv;user-a;5;1371809798;true;0.3372105885106268;0.0;Infinity;0;B
user-a_session-29AF06B372FD52129AAB65DA477E308EC73CF0D44087D05DA8D39C7BE425D30E_analysis-12.csv;user-a;5;-1241601383;true;0.31443177155200663;0.0;Infinity;0;B
user-a_session-29AF06B372FD52129AAB65DA477E308EC73CF0D44087D05DA8D39C7BE425D30E_analysis-12.csv;user-a;5;-298931973;true;0.4054904424921145;0.0;Infinity;0;B
user-a_session-29AF06B372FD52129AAB65DA477E308EC73CF0D44087D05DA8D39C7BE425D30E_analysis-12.csv;user-a;5;1456844247;true;0.49800313961843823;0.0;Infinity;0;B
user-a_session-29AF06B372FD52129AAB65DA477E308EC73CF0D44087D05DA8D39C7BE425D30E_analysis-12.csv;user-a;5;353578835;true;0.2938503209126535;0.0;Infinity;0;B
user-a_session-29AF06B372FD52129AAB65DA477E308EC73CF0D44087D05DA8D39C7BE425D30E_analysis-12.csv;user-a;5;-1910015247;true;0.297307493322832;0.0;Infinity;0;B
user-a_session-29AF06B372FD52129AAB65DA477E308EC73CF0D44087D05DA8D39C7BE425D30E_analysis-12.csv;user-a;5;-461273203;true;0.49800313961843823;0.0;Infinity;0;B
user-a_session-29AF06B372FD52129AAB65DA477E308EC73CF0D44087D05DA8D39C7BE425D30E_analysis-12.csv;user-a;5;317102892;true;0.18182806615688318;0.0;Infinity;0;B
user-a_session-29AF06B372FD52129AAB65DA477E308EC73CF0D44087D05DA8D39C7BE425D30E_analysis-12.csv;user-a;5;881289189;true;0.34987404127978927;0.0;Infinity;0;B
user-a_session-29AF06B372FD52129AAB65DA477E308EC73CF0D44087D05DA8D39C7BE425D30E_analysis-12.csv;user-a;5;-1031491496;true;0.34087466844746017;0.0;Infinity;0;B
user-a_session-29AF06B372FD52129AAB65DA477E308EC73CF0D44087D05DA8D39C7BE425D30E_analysis-12.csv;user-a;5;-1456268119;true;0.41108493399239443;0.0;Infinity;0;B
user-a_session-29AF06B372FD52129AAB65DA477E308EC73CF0D44087D05DA8D39C7BE425D30E_analysis-12.csv;user-a;5;-1160766430;true;0.34987404127978927;0.0;Infinity;0;B
user-a_session-29AF06B372FD52129AAB65DA477E308EC73CF0D44087D05DA8D39C7BE425D30E_analysis-12.csv;user-a;5;-151261338;true;0.3589585529560084;0.0;Infinity;0;B
user-a_session-29AF06B372FD52129AAB65DA477E308EC73CF0D44087D05DA8D39C7BE425D30E_analysis-12.csv;user-a;5;1480092510;true;0.41108493399239443;0.0;Infinity;0;B
user-a_session-29AF06B372FD52129AAB65DA477E308EC73CF0D44087D05DA8D39C7BE425D30E_analysis-12.csv;user-a;5;-501010012;true;0.1056035432839908;0.0;Infinity;0;B
user-a_session-29AF06B372FD52129AAB65DA477E308EC73CF0D44087D05DA8D39C7BE425D30E_analysis-12.csv;user-a;5;-450792246;true;0.3773642159907906;0.0;Infinity;0;B
user-a_session-29AF06B372FD52129AAB65DA477E308EC73CF0D44087D05DA8D39C7BE425D30E_analysis-12.csv;user-a;5;1990915851;true;0.392200530798556;0.0;Infinity;0;B
user-a_session-29AF06B372FD52129AAB65DA477E308EC73CF0D44087D05DA8D39C7BE425D30E_analysis-12.csv;user-a;5;-1290462602;true;0.28062240699199203;0.0;Infinity;0;B
user-a_session-29AF06B372FD52129AAB65DA477E308EC73CF0D44087D05DA8D39C7BE425D30E_analysis-12.csv;user-a;5;-1700613937;true;0.34087466844746017;0.0;Infinity;0;B
user-a_session-29AF06B372FD52129AAB65DA477E308EC73CF0D44087D05DA8D39C7BE425D30E_analysis-12.csv;user-a;5;71318288;true;0.31443177155200663;0.0;Infinity;0;B
user-a_session-29AF06B372FD52129AAB65DA477E308EC73CF0D44087D05DA8D39C7BE425D30E_analysis-12.csv;user-a;5;-1617588781;true;0.28062240699199203;0.0;Infinity;0;B
user-a_session-29AF06B372FD52129AAB65DA477E308EC73CF0D44087D05DA8D39C7BE425D30E_analysis-12.csv;user-a;5;-343045209;true;0.28890826739878994;0.0;Infinity;0;B
user-a_session-29AF06B372FD52129AAB65DA477E308EC73CF0D44087D05DA8D39C7BE425D30E_analysis-12.csv;user-a;5;99170863;true;0.28890826739878994;0.0;Infinity;0;B
user-a_session-29AF06B372FD52129AAB65DA477E308EC73CF0D44087D05DA8D39C7BE425D30E_analysis-12.csv;user-a;5;1518751317;true;0.28062240699199203;0.0;Infinity;0;B
user-a_session-29AF06B372FD52129AAB65DA477E308EC73CF0D44087D05DA8D39C7BE425D30E_analysis-12.csv;user-a;5;1622813673;true;0.28890826739878994;0.0;Infinity;0;B
user-a_session-29AF06B372FD52129AAB65DA477E308EC73CF0D44087D05DA8D39C7BE425D30E_analysis-12.csv;user-a;5;-829804347;true;0.28062240699199203;0.0;Infinity;0;B
user-a_session-29AF06B372FD52129AAB65DA477E308EC73CF0D44087D05DA8D39C7BE425D30E_analysis-12.csv;user-a;5;13113;true;0.3319649495886484;0.0;Infinity;0;B
user-a_session-29AF06B372FD52129AAB65DA477E308EC73CF0D44087D05DA8D39C7BE425D30E_analysis-12.csv;user-a;5;1657345358;true;0.31443177155200663;0.0;Infinity;0;B
user-a_session-29AF06B372FD52129AAB65DA477E308EC73CF0D44087D05DA8D39C7BE425D30E_analysis-12.csv;user-a;5;796574256;true;0.3231492485233214;0.0;Infinity;0;B
user-a_session-29AF06B372FD52129AAB65DA477E308EC73CF0D44087D05DA8D39C7BE425D30E_analysis-12.csv;user-a;5;-949126447;true;0.3589585529560084;0.0;Infinity;0;B
user-a_session-29AF06B372FD52129AAB65DA477E308EC73CF0D44087D05DA8D39C7BE425D30E_analysis-12.csv;user-a;5;1295963969;true;0.4922565319830222;0.0;Infinity;0;B
user-a_session-29AF06B372FD52129AAB65DA477E308EC73CF0D44087D05DA8D39C7BE425D30E_analysis-12.csv;user-a;5;2086733999;true;0.44943516889162816;0.0;Infinity;0;B
user-a_session-29AF06B372FD52129AAB65DA477E308EC73CF0D44087D05DA8D39C7BE425D30E_analysis-12.csv;user-a;5;-569858265;true;0.16921961392085605;0.0;Infinity;0;B
user-a_session-29AF06B372FD52129AAB65DA477E308EC73CF0D44087D05DA8D39C7BE425D30E_analysis-12.csv;user-a;5;-1339907985;true;0.28062240699199203;0.0;Infinity;0;B
user-a_session-29AF06B372FD52129AAB65DA477E308EC73CF0D44087D05DA8D39C7BE425D30E_analysis-12.csv;user-a;5;2137624299;true;0.39605277253079674;0.0;Infinity;0;B
user-a_session-29AF06B372FD52129AAB65DA477E308EC73CF0D44087D05DA8D39C7BE425D30E_analysis-12.csv;user-a;5;1907670408;true;0.07763374352987007;0.0;Infinity;0;B
user-a_session-29AF06B372FD52129AAB65DA477E308EC73CF0D44087D05DA8D39C7BE425D30E_analysis-12.csv;user-a;5;1214659839;true;0.28890826739878994;0.0;Infinity;0;B
user-a_session-29AF06B372FD52129AAB65DA477E308EC73CF0D44087D05DA8D39C7BE425D30E_analysis-12.csv;user-a;5;963302235;true;0.3231492485233214;0.0;Infinity;0;B
user-a_session-29AF06B372FD52129AAB65DA477E308EC73CF0D44087D05DA8D39C7BE425D30E_analysis-12.csv;user-a;5;-230708987;true;0.48252081875144404;0.0;Infinity;0;B
user-a_session-29AF06B372FD52129AAB65DA477E308EC73CF0D44087D05DA8D39C7BE425D30E_analysis-12.csv;user-a;5;985781361;true;0.48252081875144404;0.0;Infinity;0;B
user-a_session-29AF06B372FD52129AAB65DA477E308EC73CF0D44087D05DA8D39C7BE425D30E_analysis-12.csv;user-a;5;398491106;true;0.46308640798637835;0.0;Infinity;0;B
user-a_session-29AF06B372FD52129AAB65DA477E308EC73CF0D44087D05DA8D39C7BE425D30E_analysis-12.csv;user-a;5;-2063396630;true;0.41498338219186826;0.0;Infinity;0;B
user-a_session-29AF06B372FD52129AAB65DA477E308EC73CF0D44087D05DA8D39C7BE425D30E_analysis-12.csv;user-a;5;-1997097460;true;3.092917572083964E-4;0.0;Infinity;0;B
user-a_session-29AF06B372FD52129AAB65DA477E308EC73CF0D44087D05DA8D39C7BE425D30E_analysis-12.csv;user-a;5;-1077434287;true;0.3023147914866291;0.0;Infinity;0;B
user-a_session-29AF06B372FD52129AAB65DA477E308EC73CF0D44087D05DA8D39C7BE425D30E_analysis-12.csv;user-a;5;2059706823;true;0.28890826739878994;0.0;Infinity;0;B
user-a_session-29AF06B372FD52129AAB65DA477E308EC73CF0D44087D05DA8D39C7BE425D30E_analysis-12.csv;user-a;5;1587920063;true;0.28062240699199203;0.0;Infinity;0;B
user-a_session-29AF06B372FD52129AAB65DA477E308EC73CF0D44087D05DA8D39C7BE425D30E_analysis-12.csv;user-a;5;-2130655196;true;0.46881249691609006;0.0;Infinity;0;B
user-a_session-29AF06B372FD52129AAB65DA477E308EC73CF0D44087D05DA8D39C7BE425D30E_analysis-12.csv;user-a;5;-1865484415;true;0.19500831889023107;0.0;Infinity;0;B
user-a_session-29AF06B372FD52129AAB65DA477E308EC73CF0D44087D05DA8D39C7BE425D30E_analysis-12.csv;user-a;5;-602177393;true;0.3773642159907906;0.0;Infinity;0;B
user-a_session-29AF06B372FD52129AAB65DA477E308EC73CF0D44087D05DA8D39C7BE425D30E_analysis-12.csv;user-a;5;-1627499296;true;0.28062240699199203;0.0;Infinity;0;B
user-a_session-29AF06B372FD52129AAB65DA477E308EC73CF0D44087D05DA8D39C7BE425D30E_analysis-12.csv;user-a;5;-1020015867;true;0.31443177155200663;0.0;Infinity;0;B
user-a_session-29AF06B372FD52129AAB65DA477E308EC73CF0D44087D05DA8D39C7BE425D30E_analysis-12.csv;user-a;5;-1820846018;true;0.3058165616849905;0.0;Infinity;0;B
user-a_session-29AF06B372FD52129AAB65DA477E308EC73CF0D44087D05DA8D39C7BE425D30E_analysis-12.csv;user-a;5;-1033271400;true;0.11959709790309858;0.0;Infinity;0;B
user-a_session-29AF06B372FD52129AAB65DA477E308EC73CF0D44087D05DA8D39C7BE425D30E_analysis-12.csv;user-a;5;-1415202621;true;0.34987404127978927;0.0;Infinity;0;B
user-a_session-29AF06B372FD52129AAB65DA477E308EC73CF0D44087D05DA8D39C7BE425D30E_analysis-12.csv;user-a;5;214215920;true;0.42452622472205204;0.0;Infinity;0;B
user-a_session-29AF06B372FD52129AAB65DA477E308EC73CF0D44087D05DA8D39C7BE425D30E_analysis-12.csv;user-a;5;873381920;true;0.297307493322832;0.0;Infinity;0;B
user-a_session-29AF06B372FD52129AAB65DA477E308EC73CF0D44087D05DA8D39C7BE425D30E_analysis-12.csv;user-a;5;959969284;true;0.004754823773542527;0.0;Infinity;0;B
user-a_session-29AF06B372FD52129AAB65DA477E308EC73CF0D44087D05DA8D39C7BE425D30E_analysis-12.csv;user-a;5;1018742280;true;0.42452622472205204;0.0;Infinity;0;B
user-a_session-29AF06B372FD52129AAB65DA477E308EC73CF0D44087D05DA8D39C7BE425D30E_analysis-12.csv;user-a;5;-1017864461;true;0.28062240699199203;0.0;Infinity;0;B
user-a_session-29AF06B372FD52129AAB65DA477E308EC73CF0D44087D05DA8D39C7BE425D30E_analysis-12.csv;user-a;5;-524068995;true;0.31443177155200663;0.0;Infinity;0;B
user-a_session-29AF06B372FD52129AAB65DA477E308EC73CF0D44087D05DA8D39C7BE425D30E_analysis-12.csv;user-a;5;-632086955;true;0.28062240699199203;0.0;Infinity;0;B
user-a_session-29AF06B372FD52129AAB65DA477E308EC73CF0D44087D05DA8D39C7BE425D30E_analysis-12.csv;user-a;5;690715529;true;0.28890826739878994;0.0;Infinity;0;B
user-a_session-29AF06B372FD52129AAB65DA477E308EC73CF0D44087D05DA8D39C7BE425D30E_analysis-12.csv;user-a;5;1934779662;true;0.28062240699199203;0.0;Infinity;0;B
user-a_session-29AF06B372FD52129AAB65DA477E308EC73CF0D44087D05DA8D39C7BE425D30E_analysis-12.csv;user-a;5;-210211865;true;0.28062240699199203;0.0;Infinity;0;B
user-a_session-29AF06B372FD52129AAB65DA477E308EC73CF0D44087D05DA8D39C7BE425D30E_analysis-12.csv;user-a;5;-459680911;true;0.2018108388494393;0.0;Infinity;0;B
user-a_session-29AF06B372FD52129AAB65DA477E308EC73CF0D44087D05DA8D39C7BE425D30E_analysis-12.csv;user-a;5;-933976678;true;0.3058165616849905;0.0;Infinity;0;B
user-a_session-29AF06B372FD52129AAB65DA477E308EC73CF0D44087D05DA8D39C7BE425D30E_analysis-12.csv;user-a;5;-707977961;true;0.047922896818157645;0.0;Infinity;0;B
user-a_session-29AF06B372FD52129AAB65DA477E308EC73CF0D44087D05DA8D39C7BE425D30E_analysis-12.csv;user-a;5;-1170615909;true;0.28062240699199203;0.0;Infinity;0;B
user-a_session-29AF06B372FD52129AAB65DA477E308EC73CF0D44087D05DA8D39C7BE425D30E_analysis-12.csv;user-a;5;-1011190289;true;0.3231492485233214;0.0;Infinity;0;B
user-a_session-29AF06B372FD52129AAB65DA477E308EC73CF0D44087D05DA8D39C7BE425D30E_analysis-12.csv;user-a;5;1105951417;true;0.28062240699199203;0.0;Infinity;0;B
user-a_session-29AF06B372FD52129AAB65DA477E308EC73CF0D44087D05DA8D39C7BE425D30E_analysis-12.csv;user-a;5;-1402136868;true;0.004427734413446016;0.0;Infinity;0;B
user-a_session-29AF06B372FD52129AAB65DA477E308EC73CF0D44087D05DA8D39C7BE425D30E_analysis-12.csv;user-a;5;-2035989304;true;0.28890826739878994;0.0;Infinity;0;B
user-a_session-29AF06B372FD52129AAB65DA477E308EC73CF0D44087D05DA8D39C7BE425D30E_analysis-12.csv;user-a;5;1139571365;true;0.28890826739878994;0.0;Infinity;0;B
user-a_session-29AF06B372FD52129AAB65DA477E308EC73CF0D44087D05DA8D39C7BE425D30E_analysis-12.csv;user-a;5;-392806937;true;0.3319649495886484;0.0;Infinity;0;B
user-a_session-29AF06B372FD52129AAB65DA477E308EC73CF0D44087D05DA8D39C7BE425D30E_analysis-12.csv;user-a;5;1581333858;true;0.3231492485233214;0.0;Infinity;0;B
user-a_session-29AF06B372FD52129AAB65DA477E308EC73CF0D44087D05DA8D39C7BE425D30E_analysis-12.csv;user-a;5;1455480708;true;0.28890826739878994;0.0;Infinity;0;B
user-a_session-29AF06B372FD52129AAB65DA477E308EC73CF0D44087D05DA8D39C7BE425D30E_analysis-12.csv;user-a;5;1247360923;true;0.28062240699199203;0.0;Infinity;0;B
user-a_session-29AF06B372FD52129AAB65DA477E308EC73CF0D44087D05DA8D39C7BE425D30E_analysis-12.csv;user-a;5;1517224134;true;0.3319649495886484;0.0;Infinity;0;B
user-a_session-29AF06B372FD52129AAB65DA477E308EC73CF0D44087D05DA8D39C7BE425D30E_analysis-12.csv;user-a;5;-129792108;true;0.34087466844746017;0.0;Infinity;0;B
user-a_session-29AF06B372FD52129AAB65DA477E308EC73CF0D44087D05DA8D39C7BE425D30E_analysis-12.csv;user-a;5;851012736;true;0.297307493322832;0.0;Infinity;0;B
user-a_session-29AF06B372FD52129AAB65DA477E308EC73CF0D44087D05DA8D39C7BE425D30E_analysis-12.csv;user-a;5;37300729;true;0.42452622472205204;0.0;Infinity;0;B
user-a_session-29AF06B372FD52129AAB65DA477E308EC73CF0D44087D05DA8D39C7BE425D30E_analysis-12.csv;user-a;5;-1901588587;true;0.297307493322832;0.0;Infinity;0;B
user-a_session-29AF06B372FD52129AAB65DA477E308EC73CF0D44087D05DA8D39C7BE425D30E_analysis-12.csv;user-a;5;1652349293;true;0.28062240699199203;0.0;Infinity;0;B
user-a_session-29AF06B372FD52129AAB65DA477E308EC73CF0D44087D05DA8D39C7BE425D30E_analysis-12.csv;user-a;5;1801068421;true;0.44373972073296797;0.0;Infinity;0;B
user-a_session-29AF06B372FD52129AAB65DA477E308EC73CF0D44087D05DA8D39C7BE425D30E_analysis-12.csv;user-a;5;305271405;true;0.48252081875144404;0.0;Infinity;0;B
user-a_session-29AF06B372FD52129AAB65DA477E308EC73CF0D44087D05DA8D39C7BE425D30E_analysis-12.csv;user-a;5;-1923362972;true;0.3828497208623387;0.0;Infinity;0;B
user-a_session-29AF06B372FD52129AAB65DA477E308EC73CF0D44087D05DA8D39C7BE425D30E_analysis-12.csv;user-a;5;40993598;true;0.36812354367154143;0.0;Infinity;0;B
user-a_session-29AF06B372FD52129AAB65DA477E308EC73CF0D44087D05DA8D39C7BE425D30E_analysis-12.csv;user-a;5;1431939975;true;0.38667564228294793;0.0;Infinity;0;B
user-a_session-29AF06B372FD52129AAB65DA477E308EC73CF0D44087D05DA8D39C7BE425D30E_analysis-12.csv;user-a;5;1313194465;true;0.28062240699199203;0.0;Infinity;0;B
user-a_session-29AF06B372FD52129AAB65DA477E308EC73CF0D44087D05DA8D39C7BE425D30E_analysis-12.csv;user-a;5;-572117854;true;0.48826400150369487;0.0;Infinity;0;B
user-a_session-29AF06B372FD52129AAB65DA477E308EC73CF0D44087D05DA8D39C7BE425D30E_analysis-12.csv;user-a;5;774382301;true;0.01874359052426433;0.0;Infinity;0;B
user-a_session-29AF06B372FD52129AAB65DA477E308EC73CF0D44087D05DA8D39C7BE425D30E_analysis-12.csv;user-a;5;2107835615;true;0.28062240699199203;0.0;Infinity;0;B
user-a_session-29AF06B372FD52129AAB65DA477E308EC73CF0D44087D05DA8D39C7BE425D30E_analysis-12.csv;user-a;5;-106393702;true;0.4054904424921145;0.0;Infinity;0;B
user-a_session-29AF06B372FD52129AAB65DA477E308EC73CF0D44087D05DA8D39C7BE425D30E_analysis-12.csv;user-a;5;1924850819;true;0.34987404127978927;0.0;Infinity;0;B
user-a_session-29AF06B372FD52129AAB65DA477E308EC73CF0D44087D05DA8D39C7BE425D30E_analysis-12.csv;user-a;5;422896172;true;0.28890826739878994;0.0;Infinity;0;B
user-a_session-29AF06B372FD52129AAB65DA477E308EC73CF0D44087D05DA8D39C7BE425D30E_analysis-12.csv;user-a;5;-1694563723;true;0.002454716194165485;0.0;Infinity;0;B
user-a_session-29AF06B372FD52129AAB65DA477E308EC73CF0D44087D05DA8D39C7BE425D30E_analysis-12.csv;user-a;5;1103521969;true;0.38667564228294793;0.0;Infinity;0;B
user-a_session-29AF06B372FD52129AAB65DA477E308EC73CF0D44087D05DA8D39C7BE425D30E_analysis-12.csv;user-a;5;962036955;true;0.31443177155200663;0.0;Infinity;0;B
user-a_session-29AF06B372FD52129AAB65DA477E308EC73CF0D44087D05DA8D39C7BE425D30E_analysis-12.csv;user-a;5;-587283706;true;0.28062240699199203;0.0;Infinity;0;B
user-a_session-29AF06B372FD52129AAB65DA477E308EC73CF0D44087D05DA8D39C7BE425D30E_analysis-12.csv;user-a;5;938301047;true;0.28062240699199203;0.0;Infinity;0;B
user-a_session-29AF06B372FD52129AAB65DA477E308EC73CF0D44087D05DA8D39C7BE425D30E_analysis-12.csv;user-a;5;-1017537136;true;0.3231492485233214;0.0;Infinity;0;B
user-a_session-29AF06B372FD52129AAB65DA477E308EC73CF0D44087D05DA8D39C7BE425D30E_analysis-12.csv;user-a;5;1266641983;true;0.34087466844746017;0.0;Infinity;0;B
user-a_session-29AF06B372FD52129AAB65DA477E308EC73CF0D44087D05DA8D39C7BE425D30E_analysis-12.csv;user-a;5;686676110;true;4.410377030266144E-4;0.0;Infinity;0;B
user-a_session-29AF06B372FD52129AAB65DA477E308EC73CF0D44087D05DA8D39C7BE425D30E_analysis-12.csv;user-a;5;-1446387907;true;0.28890826739878994;0.0;Infinity;0;B
user-a_session-29AF06B372FD52129AAB65DA477E308EC73CF0D44087D05DA8D39C7BE425D30E_analysis-12.csv;user-a;5;1090499108;true;0.36812354367154143;0.0;Infinity;0;B
user-a_session-29AF06B372FD52129AAB65DA477E308EC73CF0D44087D05DA8D39C7BE425D30E_analysis-12.csv;user-a;5;-1285071712;true;0.38667564228294793;0.0;Infinity;0;B
user-a_session-29AF06B372FD52129AAB65DA477E308EC73CF0D44087D05DA8D39C7BE425D30E_analysis-12.csv;user-a;5;2133053586;true;0.38667564228294793;0.0;Infinity;0;B
user-a_session-29AF06B372FD52129AAB65DA477E308EC73CF0D44087D05DA8D39C7BE425D30E_analysis-12.csv;user-a;5;-736770322;true;0.28062240699199203;0.0;Infinity;0;B
user-a_session-29AF06B372FD52129AAB65DA477E308EC73CF0D44087D05DA8D39C7BE425D30E_analysis-12.csv;user-a;5;-1713950066;true;0.28062240699199203;0.0;Infinity;0;B
user-a_session-29AF06B372FD52129AAB65DA477E308EC73CF0D44087D05DA8D39C7BE425D30E_analysis-12.csv;user-a;5;-2108686580;true;0.3058165616849905;0.0;Infinity;0;B
user-a_session-29AF06B372FD52129AAB65DA477E308EC73CF0D44087D05DA8D39C7BE425D30E_analysis-12.csv;user-a;5;812561612;true;0.28890826739878994;0.0;Infinity;0;B
user-a_session-29AF06B372FD52129AAB65DA477E308EC73CF0D44087D05DA8D39C7BE425D30E_analysis-12.csv;user-a;5;467066200;true;0.39605277253079674;0.0;Infinity;0;B
user-a_session-29AF06B372FD52129AAB65DA477E308EC73CF0D44087D05DA8D39C7BE425D30E_analysis-12.csv;user-a;5;-841769733;true;0.21583494562523886;0.0;Infinity;0;B
user-a_session-29AF06B372FD52129AAB65DA477E308EC73CF0D44087D05DA8D39C7BE425D30E_analysis-12.csv;user-a;5;-223438315;true;0.3108869421890669;0.0;Infinity;0;B
user-a_session-29AF06B372FD52129AAB65DA477E308EC73CF0D44087D05DA8D39C7BE425D30E_analysis-12.csv;user-a;5;1694387364;true;0.16921961392085605;0.0;Infinity;0;B
user-a_session-29AF06B372FD52129AAB65DA477E308EC73CF0D44087D05DA8D39C7BE425D30E_analysis-12.csv;user-a;5;-49230164;true;0.44943516889162816;0.0;Infinity;0;B
user-a_session-29AF06B372FD52129AAB65DA477E308EC73CF0D44087D05DA8D39C7BE425D30E_analysis-12.csv;user-a;5;-1115303699;true;0.392200530798556;0.0;Infinity;0;B
user-a_session-29AF06B372FD52129AAB65DA477E308EC73CF0D44087D05DA8D39C7BE425D30E_analysis-12.csv;user-a;5;1239787050;true;0.42452622472205204;0.0;Infinity;0;B
user-a_session-29AF06B372FD52129AAB65DA477E308EC73CF0D44087D05DA8D39C7BE425D30E_analysis-12.csv;user-a;5;-499627926;true;0.297307493322832;0.0;Infinity;0;B
user-a_session-29AF06B372FD52129AAB65DA477E308EC73CF0D44087D05DA8D39C7BE425D30E_analysis-12.csv;user-a;5;1071467337;true;0.28062240699199203;0.0;Infinity;0;B
user-a_session-29AF06B372FD52129AAB65DA477E308EC73CF0D44087D05DA8D39C7BE425D30E_analysis-12.csv;user-a;5;-38574119;true;0.3231492485233214;0.0;Infinity;0;B
user-a_session-29AF06B372FD52129AAB65DA477E308EC73CF0D44087D05DA8D39C7BE425D30E_analysis-12.csv;user-a;5;-1480001903;true;0.297307493322832;0.0;Infinity;0;B
user-a_session-29AF06B372FD52129AAB65DA477E308EC73CF0D44087D05DA8D39C7BE425D30E_analysis-12.csv;user-a;5;917690707;true;0.4054904424921145;0.0;Infinity;0;B
user-a_session-29AF06B372FD52129AAB65DA477E308EC73CF0D44087D05DA8D39C7BE425D30E_analysis-12.csv;user-a;5;-1742733670;true;0.48826400150369487;0.0;Infinity;0;B
user-a_session-29AF06B372FD52129AAB65DA477E308EC73CF0D44087D05DA8D39C7BE425D30E_analysis-12.csv;user-a;5;156252520;true;0.28549715898377115;0.0;Infinity;0;B
user-a_session-29AF06B372FD52129AAB65DA477E308EC73CF0D44087D05DA8D39C7BE425D30E_analysis-12.csv;user-a;5;-1241322168;true;0.297307493322832;0.0;Infinity;0;B
user-a_session-29AF06B372FD52129AAB65DA477E308EC73CF0D44087D05DA8D39C7BE425D30E_analysis-12.csv;user-a;5;1247432052;true;0.28890826739878994;0.0;Infinity;0;B
user-a_session-29AF06B372FD52129AAB65DA477E308EC73CF0D44087D05DA8D39C7BE425D30E_analysis-12.csv;user-a;5;1145519201;true;0.43017770322205073;0.0;Infinity;0;B
user-a_session-29AF06B372FD52129AAB65DA477E308EC73CF0D44087D05DA8D39C7BE425D30E_analysis-12.csv;user-a;5;909091677;true;0.48826400150369487;0.0;Infinity;0;B
user-a_session-29AF06B372FD52129AAB65DA477E308EC73CF0D44087D05DA8D39C7BE425D30E_analysis-12.csv;user-a;5;-408636744;true;7.384965760039996E-4;0.0;Infinity;0;B
user-a_session-29AF06B372FD52129AAB65DA477E308EC73CF0D44087D05DA8D39C7BE425D30E_analysis-12.csv;user-a;5;450847803;true;0.3319649495886484;0.0;Infinity;0;B
user-a_session-29AF06B372FD52129AAB65DA477E308EC73CF0D44087D05DA8D39C7BE425D30E_analysis-12.csv;user-a;5;-361145705;true;0.297307493322832;0.0;Infinity;0;B
user-a_session-29AF06B372FD52129AAB65DA477E308EC73CF0D44087D05DA8D39C7BE425D30E_analysis-12.csv;user-a;5;-382312287;true;0.28062240699199203;0.0;Infinity;0;B
user-a_session-29AF06B372FD52129AAB65DA477E308EC73CF0D44087D05DA8D39C7BE425D30E_analysis-12.csv;user-a;5;1279653064;true;0.03895005753335923;0.0;Infinity;0;B
user-a_session-29AF06B372FD52129AAB65DA477E308EC73CF0D44087D05DA8D39C7BE425D30E_analysis-12.csv;user-a;5;597475391;true;0.28890826739878994;0.0;Infinity;0;B
user-a_session-29AF06B372FD52129AAB65DA477E308EC73CF0D44087D05DA8D39C7BE425D30E_analysis-12.csv;user-a;5;1246293967;true;0.3058165616849905;0.0;Infinity;0;B
user-a_session-29AF06B372FD52129AAB65DA477E308EC73CF0D44087D05DA8D39C7BE425D30E_analysis-12.csv;user-a;5;-935158165;true;0.28062240699199203;0.0;Infinity;0;B
user-a_session-29AF06B372FD52129AAB65DA477E308EC73CF0D44087D05DA8D39C7BE425D30E_analysis-12.csv;user-a;5;383455335;true;0.4727955178871984;0.0;Infinity;0;B
user-a_session-29AF06B372FD52129AAB65DA477E308EC73CF0D44087D05DA8D39C7BE425D30E_analysis-12.csv;user-a;5;855363874;true;0.297307493322832;0.0;Infinity;0;B
user-a_session-29AF06B372FD52129AAB65DA477E308EC73CF0D44087D05DA8D39C7BE425D30E_analysis-12.csv;user-a;5;1938357635;true;0.38667564228294793;0.0;Infinity;0;B
user-a_session-29AF06B372FD52129AAB65DA477E308EC73CF0D44087D05DA8D39C7BE425D30E_analysis-12.csv;user-a;5;-255058545;true;0.28890826739878994;0.0;Infinity;0;B
user-a_session-29AF06B372FD52129AAB65DA477E308EC73CF0D44087D05DA8D39C7BE425D30E_analysis-12.csv;user-a;5;-1506336089;true;0.28890826739878994;0.0;Infinity;0;B
user-a_session-29AF06B372FD52129AAB65DA477E308EC73CF0D44087D05DA8D39C7BE425D30E_analysis-12.csv;user-a;5;2115457304;true;0.28062240699199203;0.0;Infinity;0;B
user-a_session-29AF06B372FD52129AAB65DA477E308EC73CF0D44087D05DA8D39C7BE425D30E_analysis-12.csv;user-a;5;-60504328;true;0.28062240699199203;0.0;Infinity;0;B
user-a_session-29AF06B372FD52129AAB65DA477E308EC73CF0D44087D05DA8D39C7BE425D30E_analysis-12.csv;user-a;5;-972093596;true;0.44943516889162816;0.0;Infinity;0;B
user-a_session-29AF06B372FD52129AAB65DA477E308EC73CF0D44087D05DA8D39C7BE425D30E_analysis-12.csv;user-a;5;-1423777249;true;0.34087466844746017;0.0;Infinity;0;B
user-a_session-29AF06B372FD52129AAB65DA477E308EC73CF0D44087D05DA8D39C7BE425D30E_analysis-12.csv;user-a;5;-271753682;true;0.3058165616849905;0.0;Infinity;0;B
user-a_session-29AF06B372FD52129AAB65DA477E308EC73CF0D44087D05DA8D39C7BE425D30E_analysis-12.csv;user-a;5;676138051;true;0.06753302035623432;0.0;Infinity;0;B
user-a_session-29AF06B372FD52129AAB65DA477E308EC73CF0D44087D05DA8D39C7BE425D30E_analysis-12.csv;user-a;5;967309465;true;0.3058165616849905;0.0;Infinity;0;B
user-a_session-29AF06B372FD52129AAB65DA477E308EC73CF0D44087D05DA8D39C7BE425D30E_analysis-12.csv;user-a;5;-1557548911;true;0.42452622472205204;0.0;Infinity;0;B
user-a_session-29AF06B372FD52129AAB65DA477E308EC73CF0D44087D05DA8D39C7BE425D30E_analysis-12.csv;user-a;5;-1957977069;true;0.39605277253079674;0.0;Infinity;0;B
user-a_session-29AF06B372FD52129AAB65DA477E308EC73CF0D44087D05DA8D39C7BE425D30E_analysis-12.csv;user-a;5;2008755398;true;0.3319649495886484;0.0;Infinity;0;B
user-a_session-29AF06B372FD52129AAB65DA477E308EC73CF0D44087D05DA8D39C7BE425D30E_analysis-12.csv;user-a;5;-552547292;true;0.42452622472205204;0.0;Infinity;0;B
user-a_session-29AF06B372FD52129AAB65DA477E308EC73CF0D44087D05DA8D39C7BE425D30E_analysis-12.csv;user-a;5;-1807630794;true;0.2938503209126535;0.0;Infinity;0;B
user-a_session-29AF06B372FD52129AAB65DA477E308EC73CF0D44087D05DA8D39C7BE425D30E_analysis-12.csv;user-a;5;-1752994002;true;0.28062240699199203;0.0;Infinity;0;B
user-a_session-29AF06B372FD52129AAB65DA477E308EC73CF0D44087D05DA8D39C7BE425D30E_analysis-12.csv;user-a;5;1341718242;true;0.297307493322832;0.0;Infinity;0;B
user-a_session-29AF06B372FD52129AAB65DA477E308EC73CF0D44087D05DA8D39C7BE425D30E_analysis-12.csv;user-a;5;783539509;true;0.3058165616849905;0.0;Infinity;0;B
user-a_session-29AF06B372FD52129AAB65DA477E308EC73CF0D44087D05DA8D39C7BE425D30E_analysis-12.csv;user-a;5;-1107645779;true;0.47853185699542355;0.0;Infinity;0;B
user-a_session-29AF06B372FD52129AAB65DA477E308EC73CF0D44087D05DA8D39C7BE425D30E_analysis-12.csv;user-a;5;1022623765;true;0.23789582014856137;0.0;Infinity;0;B
user-a_session-29AF06B372FD52129AAB65DA477E308EC73CF0D44087D05DA8D39C7BE425D30E_analysis-12.csv;user-a;5;729531683;true;0.28062240699199203;0.0;Infinity;0;B
user-a_session-29AF06B372FD52129AAB65DA477E308EC73CF0D44087D05DA8D39C7BE425D30E_analysis-12.csv;user-a;5;1579028848;true;0.39605277253079674;0.0;Infinity;0;B
user-a_session-29AF06B372FD52129AAB65DA477E308EC73CF0D44087D05DA8D39C7BE425D30E_analysis-12.csv;user-a;5;7222879;true;0.3231492485233214;0.0;Infinity;0;B
user-a_session-29AF06B372FD52129AAB65DA477E308EC73CF0D44087D05DA8D39C7BE425D30E_analysis-12.csv;user-a;5;42548235;true;0.28062240699199203;0.0;Infinity;0;B
user-a_session-29AF06B372FD52129AAB65DA477E308EC73CF0D44087D05DA8D39C7BE425D30E_analysis-12.csv;user-a;5;-542627125;true;0.297307493322832;0.0;Infinity;0;B
user-a_session-29AF06B372FD52129AAB65DA477E308EC73CF0D44087D05DA8D39C7BE425D30E_analysis-12.csv;user-a;5;-2045534698;true;0.31443177155200663;0.0;Infinity;0;B
user-a_session-29AF06B372FD52129AAB65DA477E308EC73CF0D44087D05DA8D39C7BE425D30E_analysis-12.csv;user-a;5;560502383;true;0.3231492485233214;0.0;Infinity;0;B
user-a_session-29AF06B372FD52129AAB65DA477E308EC73CF0D44087D05DA8D39C7BE425D30E_analysis-12.csv;user-a;5;1008745043;true;0.28062240699199203;0.0;Infinity;0;B
user-a_session-29AF06B372FD52129AAB65DA477E308EC73CF0D44087D05DA8D39C7BE425D30E_analysis-12.csv;user-a;5;681978894;true;0.28062240699199203;0.0;Infinity;0;B
user-a_session-29AF06B372FD52129AAB65DA477E308EC73CF0D44087D05DA8D39C7BE425D30E_analysis-12.csv;user-a;5;-2084834865;true;0.31443177155200663;0.0;Infinity;0;B
user-a_session-29AF06B372FD52129AAB65DA477E308EC73CF0D44087D05DA8D39C7BE425D30E_analysis-12.csv;user-a;5;938749042;true;0.28062240699199203;0.0;Infinity;0;B
user-a_session-29AF06B372FD52129AAB65DA477E308EC73CF0D44087D05DA8D39C7BE425D30E_analysis-12.csv;user-a;5;1743740756;true;0.28890826739878994;0.0;Infinity;0;B
user-a_session-29AF06B372FD52129AAB65DA477E308EC73CF0D44087D05DA8D39C7BE425D30E_analysis-12.csv;user-a;5;-291203920;true;0.11013009905345839;0.0;Infinity;0;B
user-a_session-29AF06B372FD52129AAB65DA477E308EC73CF0D44087D05DA8D39C7BE425D30E_analysis-12.csv;user-a;5;609935037;true;0.4016140110658981;0.0;Infinity;0;B
user-a_session-29AF06B372FD52129AAB65DA477E308EC73CF0D44087D05DA8D39C7BE425D30E_analysis-12.csv;user-a;5;-298050999;true;0.00881215818478509;0.0;Infinity;0;B
user-a_session-29AF06B372FD52129AAB65DA477E308EC73CF0D44087D05DA8D39C7BE425D30E_analysis-12.csv;user-a;5;1906086653;true;0.21583494562523886;0.0;Infinity;0;B
user-a_session-29AF06B372FD52129AAB65DA477E308EC73CF0D44087D05DA8D39C7BE425D30E_analysis-12.csv;user-a;5;1450181927;true;0.3319649495886484;0.0;Infinity;0;B
user-a_session-29AF06B372FD52129AAB65DA477E308EC73CF0D44087D05DA8D39C7BE425D30E_analysis-12.csv;user-a;5;-1844253153;true;0.3283388979619475;0.0;Infinity;0;B
user-a_session-29AF06B372FD52129AAB65DA477E308EC73CF0D44087D05DA8D39C7BE425D30E_analysis-12.csv;user-a;6;422600190;true;7.545053297608462E-5;0.0;Infinity;0;B
user-a_session-29AF06B372FD52129AAB65DA477E308EC73CF0D44087D05DA8D39C7BE425D30E_analysis-12.csv;user-a;6;762029457;true;0.36812354367154143;0.0;Infinity;0;B
user-a_session-29AF06B372FD52129AAB65DA477E308EC73CF0D44087D05DA8D39C7BE425D30E_analysis-12.csv;user-a;6;824200792;true;0.4727955178871984;0.0;Infinity;0;B
user-a_session-29AF06B372FD52129AAB65DA477E308EC73CF0D44087D05DA8D39C7BE425D30E_analysis-12.csv;user-a;6;-145553004;true;0.3058165616849905;0.0;Infinity;0;B
user-a_session-29AF06B372FD52129AAB65DA477E308EC73CF0D44087D05DA8D39C7BE425D30E_analysis-12.csv;user-a;6;743059692;true;0.28062240699199203;0.0;Infinity;0;B
user-a_session-29AF06B372FD52129AAB65DA477E308EC73CF0D44087D05DA8D39C7BE425D30E_analysis-12.csv;user-a;6;-1416841022;true;0.026561569782687422;0.0;Infinity;0;B
user-a_session-29AF06B372FD52129AAB65DA477E308EC73CF0D44087D05DA8D39C7BE425D30E_analysis-12.csv;user-a;6;1152175049;true;0.297307493322832;0.0;Infinity;0;B
user-a_session-29AF06B372FD52129AAB65DA477E308EC73CF0D44087D05DA8D39C7BE425D30E_analysis-12.csv;user-a;6;-1332160912;true;0.21583494562523886;0.0;Infinity;0;B
user-a_session-29AF06B372FD52129AAB65DA477E308EC73CF0D44087D05DA8D39C7BE425D30E_analysis-12.csv;user-a;6;754766066;true;0.026561569782687422;0.0;Infinity;0;B
user-a_session-29AF06B372FD52129AAB65DA477E308EC73CF0D44087D05DA8D39C7BE425D30E_analysis-12.csv;user-a;6;-1227665764;true;0.44373972073296797;0.0;Infinity;0;B
user-a_session-29AF06B372FD52129AAB65DA477E308EC73CF0D44087D05DA8D39C7BE425D30E_analysis-12.csv;user-a;6;-1754401764;true;8.450530530001998E-6;0.0;Infinity;0;B
user-a_session-29AF06B372FD52129AAB65DA477E308EC73CF0D44087D05DA8D39C7BE425D30E_analysis-12.csv;user-a;6;2043925161;true;0.297307493322832;0.0;Infinity;0;B
user-a_session-29AF06B372FD52129AAB65DA477E308EC73CF0D44087D05DA8D39C7BE425D30E_analysis-12.csv;user-a;6;43173428;true;0.44943516889162816;0.0;Infinity;0;B
user-a_session-29AF06B372FD52129AAB65DA477E308EC73CF0D44087D05DA8D39C7BE425D30E_analysis-12.csv;user-a;6;1886440242;true;0.4922565319830222;0.0;Infinity;0;B
user-a_session-29AF06B372FD52129AAB65DA477E308EC73CF0D44087D05DA8D39C7BE425D30E_analysis-12.csv;user-a;6;328357439;true;0.28890826739878994;0.0;Infinity;0;B
user-a_session-29AF06B372FD52129AAB65DA477E308EC73CF0D44087D05DA8D39C7BE425D30E_analysis-12.csv;user-a;6;-567273349;true;0.28890826739878994;0.0;Infinity;0;B
user-a_session-29AF06B372FD52129AAB65DA477E308EC73CF0D44087D05DA8D39C7BE425D30E_analysis-12.csv;user-a;6;115335788;true;1.9791879246611188E-10;0.0;Infinity;0;B
user-a_session-29AF06B372FD52129AAB65DA477E308EC73CF0D44087D05DA8D39C7BE425D30E_analysis-12.csv;user-a;6;-846818277;true;0.28062240699199203;0.0;Infinity;0;B
user-a_session-29AF06B372FD52129AAB65DA477E308EC73CF0D44087D05DA8D39C7BE425D30E_analysis-12.csv;user-a;6;112098203;true;0.4727955178871984;0.0;Infinity;0;B
user-a_session-29AF06B372FD52129AAB65DA477E308EC73CF0D44087D05DA8D39C7BE425D30E_analysis-12.csv;user-a;6;-35759681;true;0.3319649495886484;0.0;Infinity;0;B
user-a_session-29AF06B372FD52129AAB65DA477E308EC73CF0D44087D05DA8D39C7BE425D30E_analysis-12.csv;user-a;6;2131563163;true;0.31443177155200663;0.0;Infinity;0;B
user-a_session-29AF06B372FD52129AAB65DA477E308EC73CF0D44087D05DA8D39C7BE425D30E_analysis-12.csv;user-a;6;2118742366;true;0.34087466844746017;0.0;Infinity;0;B
user-a_session-29AF06B372FD52129AAB65DA477E308EC73CF0D44087D05DA8D39C7BE425D30E_analysis-12.csv;user-a;6;-451800798;true;0.44373972073296797;0.0;Infinity;0;B
user-a_session-29AF06B372FD52129AAB65DA477E308EC73CF0D44087D05DA8D39C7BE425D30E_analysis-12.csv;user-a;6;1371809798;true;0.3372105885106268;0.0;Infinity;0;B
user-a_session-29AF06B372FD52129AAB65DA477E308EC73CF0D44087D05DA8D39C7BE425D30E_analysis-12.csv;user-a;6;-1241601383;true;0.31443177155200663;0.0;Infinity;0;B
user-a_session-29AF06B372FD52129AAB65DA477E308EC73CF0D44087D05DA8D39C7BE425D30E_analysis-12.csv;user-a;6;-298931973;true;0.4054904424921145;0.0;Infinity;0;B
user-a_session-29AF06B372FD52129AAB65DA477E308EC73CF0D44087D05DA8D39C7BE425D30E_analysis-12.csv;user-a;6;1456844247;true;0.49800313961843823;0.0;Infinity;0;B
user-a_session-29AF06B372FD52129AAB65DA477E308EC73CF0D44087D05DA8D39C7BE425D30E_analysis-12.csv;user-a;6;353578835;true;0.2938503209126535;0.0;Infinity;0;B
user-a_session-29AF06B372FD52129AAB65DA477E308EC73CF0D44087D05DA8D39C7BE425D30E_analysis-12.csv;user-a;6;-1910015247;true;0.297307493322832;0.0;Infinity;0;B
user-a_session-29AF06B372FD52129AAB65DA477E308EC73CF0D44087D05DA8D39C7BE425D30E_analysis-12.csv;user-a;6;-461273203;true;0.49800313961843823;0.0;Infinity;0;B
user-a_session-29AF06B372FD52129AAB65DA477E308EC73CF0D44087D05DA8D39C7BE425D30E_analysis-12.csv;user-a;6;317102892;true;0.18182806615688318;0.0;Infinity;0;B
user-a_session-29AF06B372FD52129AAB65DA477E308EC73CF0D44087D05DA8D39C7BE425D30E_analysis-12.csv;user-a;6;881289189;true;0.34987404127978927;0.0;Infinity;0;B
user-a_session-29AF06B372FD52129AAB65DA477E308EC73CF0D44087D05DA8D39C7BE425D30E_analysis-12.csv;user-a;6;-1031491496;true;0.34087466844746017;0.0;Infinity;0;B
user-a_session-29AF06B372FD52129AAB65DA477E308EC73CF0D44087D05DA8D39C7BE425D30E_analysis-12.csv;user-a;6;-1456268119;true;0.41108493399239443;0.0;Infinity;0;B
user-a_session-29AF06B372FD52129AAB65DA477E308EC73CF0D44087D05DA8D39C7BE425D30E_analysis-12.csv;user-a;6;-1160766430;true;0.34987404127978927;0.0;Infinity;0;B
user-a_session-29AF06B372FD52129AAB65DA477E308EC73CF0D44087D05DA8D39C7BE425D30E_analysis-12.csv;user-a;6;-151261338;true;0.3589585529560084;0.0;Infinity;0;B
user-a_session-29AF06B372FD52129AAB65DA477E308EC73CF0D44087D05DA8D39C7BE425D30E_analysis-12.csv;user-a;6;1480092510;true;0.41108493399239443;0.0;Infinity;0;B
user-a_session-29AF06B372FD52129AAB65DA477E308EC73CF0D44087D05DA8D39C7BE425D30E_analysis-12.csv;user-a;6;-501010012;true;0.1056035432839908;0.0;Infinity;0;B
user-a_session-29AF06B372FD52129AAB65DA477E308EC73CF0D44087D05DA8D39C7BE425D30E_analysis-12.csv;user-a;6;-450792246;true;0.3773642159907906;0.0;Infinity;0;B
user-a_session-29AF06B372FD52129AAB65DA477E308EC73CF0D44087D05DA8D39C7BE425D30E_analysis-12.csv;user-a;6;1990915851;true;0.392200530798556;0.0;Infinity;0;B
user-a_session-29AF06B372FD52129AAB65DA477E308EC73CF0D44087D05DA8D39C7BE425D30E_analysis-12.csv;user-a;6;-1290462602;true;0.28062240699199203;0.0;Infinity;0;B
user-a_session-29AF06B372FD52129AAB65DA477E308EC73CF0D44087D05DA8D39C7BE425D30E_analysis-12.csv;user-a;6;-1700613937;true;0.34087466844746017;0.0;Infinity;0;B
user-a_session-29AF06B372FD52129AAB65DA477E308EC73CF0D44087D05DA8D39C7BE425D30E_analysis-12.csv;user-a;6;71318288;true;0.31443177155200663;0.0;Infinity;0;B
user-a_session-29AF06B372FD52129AAB65DA477E308EC73CF0D44087D05DA8D39C7BE425D30E_analysis-12.csv;user-a;6;-1617588781;true;0.28062240699199203;0.0;Infinity;0;B
user-a_session-29AF06B372FD52129AAB65DA477E308EC73CF0D44087D05DA8D39C7BE425D30E_analysis-12.csv;user-a;6;-343045209;true;0.28890826739878994;0.0;Infinity;0;B
user-a_session-29AF06B372FD52129AAB65DA477E308EC73CF0D44087D05DA8D39C7BE425D30E_analysis-12.csv;user-a;6;99170863;true;0.28890826739878994;0.0;Infinity;0;B
user-a_session-29AF06B372FD52129AAB65DA477E308EC73CF0D44087D05DA8D39C7BE425D30E_analysis-12.csv;user-a;6;1518751317;true;0.28062240699199203;0.0;Infinity;0;B
user-a_session-29AF06B372FD52129AAB65DA477E308EC73CF0D44087D05DA8D39C7BE425D30E_analysis-12.csv;user-a;6;1622813673;true;0.28890826739878994;0.0;Infinity;0;B
user-a_session-29AF06B372FD52129AAB65DA477E308EC73CF0D44087D05DA8D39C7BE425D30E_analysis-12.csv;user-a;6;-829804347;true;0.28062240699199203;0.0;Infinity;0;B
user-a_session-29AF06B372FD52129AAB65DA477E308EC73CF0D44087D05DA8D39C7BE425D30E_analysis-12.csv;user-a;6;13113;true;0.3319649495886484;0.0;Infinity;0;B
user-a_session-29AF06B372FD52129AAB65DA477E308EC73CF0D44087D05DA8D39C7BE425D30E_analysis-12.csv;user-a;6;1657345358;true;0.31443177155200663;0.0;Infinity;0;B
user-a_session-29AF06B372FD52129AAB65DA477E308EC73CF0D44087D05DA8D39C7BE425D30E_analysis-12.csv;user-a;6;796574256;true;0.3231492485233214;0.0;Infinity;0;B
user-a_session-29AF06B372FD52129AAB65DA477E308EC73CF0D44087D05DA8D39C7BE425D30E_analysis-12.csv;user-a;6;-949126447;true;0.3589585529560084;0.0;Infinity;0;B
user-a_session-29AF06B372FD52129AAB65DA477E308EC73CF0D44087D05DA8D39C7BE425D30E_analysis-12.csv;user-a;6;1295963969;true;0.4922565319830222;0.0;Infinity;0;B
user-a_session-29AF06B372FD52129AAB65DA477E308EC73CF0D44087D05DA8D39C7BE425D30E_analysis-12.csv;user-a;6;2086733999;true;0.44943516889162816;0.0;Infinity;0;B
user-a_session-29AF06B372FD52129AAB65DA477E308EC73CF0D44087D05DA8D39C7BE425D30E_analysis-12.csv;user-a;6;-569858265;true;0.16921961392085605;0.0;Infinity;0;B
user-a_session-29AF06B372FD52129AAB65DA477E308EC73CF0D44087D05DA8D39C7BE425D30E_analysis-12.csv;user-a;6;-1339907985;true;0.28062240699199203;0.0;Infinity;0;B
user-a_session-29AF06B372FD52129AAB65DA477E308EC73CF0D44087D05DA8D39C7BE425D30E_analysis-12.csv;user-a;6;2137624299;true;0.39605277253079674;0.0;Infinity;0;B
user-a_session-29AF06B372FD52129AAB65DA477E308EC73CF0D44087D05DA8D39C7BE425D30E_analysis-12.csv;user-a;6;1907670408;true;0.07763374352987007;0.0;Infinity;0;B
user-a_session-29AF06B372FD52129AAB65DA477E308EC73CF0D44087D05DA8D39C7BE425D30E_analysis-12.csv;user-a;6;1214659839;true;0.28890826739878994;0.0;Infinity;0;B
user-a_session-29AF06B372FD52129AAB65DA477E308EC73CF0D44087D05DA8D39C7BE425D30E_analysis-12.csv;user-a;6;963302235;true;0.3231492485233214;0.0;Infinity;0;B
user-a_session-29AF06B372FD52129AAB65DA477E308EC73CF0D44087D05DA8D39C7BE425D30E_analysis-12.csv;user-a;6;-230708987;true;0.48252081875144404;0.0;Infinity;0;B
user-a_session-29AF06B372FD52129AAB65DA477E308EC73CF0D44087D05DA8D39C7BE425D30E_analysis-12.csv;user-a;6;985781361;true;0.48252081875144404;0.0;Infinity;0;B
user-a_session-29AF06B372FD52129AAB65DA477E308EC73CF0D44087D05DA8D39C7BE425D30E_analysis-12.csv;user-a;6;398491106;true;0.46308640798637835;0.0;Infinity;0;B
user-a_session-29AF06B372FD52129AAB65DA477E308EC73CF0D44087D05DA8D39C7BE425D30E_analysis-12.csv;user-a;6;-2063396630;true;0.41498338219186826;0.0;Infinity;0;B
user-a_session-29AF06B372FD52129AAB65DA477E308EC73CF0D44087D05DA8D39C7BE425D30E_analysis-12.csv;user-a;6;-1997097460;true;3.092917572083964E-4;0.0;Infinity;0;B
user-a_session-29AF06B372FD52129AAB65DA477E308EC73CF0D44087D05DA8D39C7BE425D30E_analysis-12.csv;user-a;6;-1077434287;true;0.3023147914866291;0.0;Infinity;0;B
user-a_session-29AF06B372FD52129AAB65DA477E308EC73CF0D44087D05DA8D39C7BE425D30E_analysis-12.csv;user-a;6;2059706823;true;0.28890826739878994;0.0;Infinity;0;B
user-a_session-29AF06B372FD52129AAB65DA477E308EC73CF0D44087D05DA8D39C7BE425D30E_analysis-12.csv;user-a;6;1587920063;true;0.28062240699199203;0.0;Infinity;0;B
user-a_session-29AF06B372FD52129AAB65DA477E308EC73CF0D44087D05DA8D39C7BE425D30E_analysis-12.csv;user-a;6;-2130655196;true;0.46881249691609006;0.0;Infinity;0;B
user-a_session-29AF06B372FD52129AAB65DA477E308EC73CF0D44087D05DA8D39C7BE425D30E_analysis-12.csv;user-a;6;-1865484415;true;0.19500831889023107;0.0;Infinity;0;B
user-a_session-29AF06B372FD52129AAB65DA477E308EC73CF0D44087D05DA8D39C7BE425D30E_analysis-12.csv;user-a;6;-602177393;true;0.3773642159907906;0.0;Infinity;0;B
user-a_session-29AF06B372FD52129AAB65DA477E308EC73CF0D44087D05DA8D39C7BE425D30E_analysis-12.csv;user-a;6;-1627499296;true;0.28062240699199203;0.0;Infinity;0;B
user-a_session-29AF06B372FD52129AAB65DA477E308EC73CF0D44087D05DA8D39C7BE425D30E_analysis-12.csv;user-a;6;-1020015867;true;0.31443177155200663;0.0;Infinity;0;B
user-a_session-29AF06B372FD52129AAB65DA477E308EC73CF0D44087D05DA8D39C7BE425D30E_analysis-12.csv;user-a;6;-1820846018;true;0.3058165616849905;0.0;Infinity;0;B
user-a_session-29AF06B372FD52129AAB65DA477E308EC73CF0D44087D05DA8D39C7BE425D30E_analysis-12.csv;user-a;6;-1033271400;true;0.11959709790309858;0.0;Infinity;0;B
user-a_session-29AF06B372FD52129AAB65DA477E308EC73CF0D44087D05DA8D39C7BE425D30E_analysis-12.csv;user-a;6;-1415202621;true;0.34987404127978927;0.0;Infinity;0;B
user-a_session-29AF06B372FD52129AAB65DA477E308EC73CF0D44087D05DA8D39C7BE425D30E_analysis-12.csv;user-a;6;214215920;true;0.42452622472205204;0.0;Infinity;0;B
user-a_session-29AF06B372FD52129AAB65DA477E308EC73CF0D44087D05DA8D39C7BE425D30E_analysis-12.csv;user-a;6;873381920;true;0.297307493322832;0.0;Infinity;0;B
user-a_session-29AF06B372FD52129AAB65DA477E308EC73CF0D44087D05DA8D39C7BE425D30E_analysis-12.csv;user-a;6;959969284;true;0.004754823773542527;0.0;Infinity;0;B
user-a_session-29AF06B372FD52129AAB65DA477E308EC73CF0D44087D05DA8D39C7BE425D30E_analysis-12.csv;user-a;6;1018742280;true;0.42452622472205204;0.0;Infinity;0;B
user-a_session-29AF06B372FD52129AAB65DA477E308EC73CF0D44087D05DA8D39C7BE425D30E_analysis-12.csv;user-a;6;-1017864461;true;0.28062240699199203;0.0;Infinity;0;B
user-a_session-29AF06B372FD52129AAB65DA477E308EC73CF0D44087D05DA8D39C7BE425D30E_analysis-12.csv;user-a;6;-524068995;true;0.31443177155200663;0.0;Infinity;0;B
user-a_session-29AF06B372FD52129AAB65DA477E308EC73CF0D44087D05DA8D39C7BE425D30E_analysis-12.csv;user-a;6;-632086955;true;0.28062240699199203;0.0;Infinity;0;B
user-a_session-29AF06B372FD52129AAB65DA477E308EC73CF0D44087D05DA8D39C7BE425D30E_analysis-12.csv;user-a;6;690715529;true;0.28890826739878994;0.0;Infinity;0;B
user-a_session-29AF06B372FD52129AAB65DA477E308EC73CF0D44087D05DA8D39C7BE425D30E_analysis-12.csv;user-a;6;1934779662;true;0.28062240699199203;0.0;Infinity;0;B
user-a_session-29AF06B372FD52129AAB65DA477E308EC73CF0D44087D05DA8D39C7BE425D30E_analysis-12.csv;user-a;6;-210211865;true;0.28062240699199203;0.0;Infinity;0;B
user-a_session-29AF06B372FD52129AAB65DA477E308EC73CF0D44087D05DA8D39C7BE425D30E_analysis-12.csv;user-a;6;-459680911;true;0.2018108388494393;0.0;Infinity;0;B
user-a_session-29AF06B372FD52129AAB65DA477E308EC73CF0D44087D05DA8D39C7BE425D30E_analysis-12.csv;user-a;6;-933976678;true;0.3058165616849905;0.0;Infinity;0;B
user-a_session-29AF06B372FD52129AAB65DA477E308EC73CF0D44087D05DA8D39C7BE425D30E_analysis-12.csv;user-a;6;-707977961;true;0.047922896818157645;0.0;Infinity;0;B
user-a_session-29AF06B372FD52129AAB65DA477E308EC73CF0D44087D05DA8D39C7BE425D30E_analysis-12.csv;user-a;6;-1170615909;true;0.28062240699199203;0.0;Infinity;0;B
user-a_session-29AF06B372FD52129AAB65DA477E308EC73CF0D44087D05DA8D39C7BE425D30E_analysis-12.csv;user-a;6;-1011190289;true;0.3231492485233214;0.0;Infinity;0;B
user-a_session-29AF06B372FD52129AAB65DA477E308EC73CF0D44087D05DA8D39C7BE425D30E_analysis-12.csv;user-a;6;1105951417;true;0.28062240699199203;0.0;Infinity;0;B
user-a_session-29AF06B372FD52129AAB65DA477E308EC73CF0D44087D05DA8D39C7BE425D30E_analysis-12.csv;user-a;6;-1402136868;true;0.004427734413446016;0.0;Infinity;0;B
user-a_session-29AF06B372FD52129AAB65DA477E308EC73CF0D44087D05DA8D39C7BE425D30E_analysis-12.csv;user-a;6;-2035989304;true;0.28890826739878994;0.0;Infinity;0;B
user-a_session-29AF06B372FD52129AAB65DA477E308EC73CF0D44087D05DA8D39C7BE425D30E_analysis-12.csv;user-a;6;1139571365;true;0.28890826739878994;0.0;Infinity;0;B
user-a_session-29AF06B372FD52129AAB65DA477E308EC73CF0D44087D05DA8D39C7BE425D30E_analysis-12.csv;user-a;6;-392806937;true;0.3319649495886484;0.0;Infinity;0;B
user-a_session-29AF06B372FD52129AAB65DA477E308EC73CF0D44087D05DA8D39C7BE425D30E_analysis-12.csv;user-a;6;1581333858;true;0.3231492485233214;0.0;Infinity;0;B
user-a_session-29AF06B372FD52129AAB65DA477E308EC73CF0D44087D05DA8D39C7BE425D30E_analysis-12.csv;user-a;6;1455480708;true;0.28890826739878994;0.0;Infinity;0;B
user-a_session-29AF06B372FD52129AAB65DA477E308EC73CF0D44087D05DA8D39C7BE425D30E_analysis-12.csv;user-a;6;1247360923;true;0.28062240699199203;0.0;Infinity;0;B
user-a_session-29AF06B372FD52129AAB65DA477E308EC73CF0D44087D05DA8D39C7BE425D30E_analysis-12.csv;user-a;6;1517224134;true;0.3319649495886484;0.0;Infinity;0;B
user-a_session-29AF06B372FD52129AAB65DA477E308EC73CF0D44087D05DA8D39C7BE425D30E_analysis-12.csv;user-a;6;-129792108;true;0.34087466844746017;0.0;Infinity;0;B
user-a_session-29AF06B372FD52129AAB65DA477E308EC73CF0D44087D05DA8D39C7BE425D30E_analysis-12.csv;user-a;6;851012736;true;0.297307493322832;0.0;Infinity;0;B
user-a_session-29AF06B372FD52129AAB65DA477E308EC73CF0D44087D05DA8D39C7BE425D30E_analysis-12.csv;user-a;6;37300729;true;0.42452622472205204;0.0;Infinity;0;B
user-a_session-29AF06B372FD52129AAB65DA477E308EC73CF0D44087D05DA8D39C7BE425D30E_analysis-12.csv;user-a;6;-1901588587;true;0.297307493322832;0.0;Infinity;0;B
user-a_session-29AF06B372FD52129AAB65DA477E308EC73CF0D44087D05DA8D39C7BE425D30E_analysis-12.csv;user-a;6;1652349293;true;0.28062240699199203;0.0;Infinity;0;B
user-a_session-29AF06B372FD52129AAB65DA477E308EC73CF0D44087D05DA8D39C7BE425D30E_analysis-12.csv;user-a;6;1801068421;true;0.44373972073296797;0.0;Infinity;0;B
user-a_session-29AF06B372FD52129AAB65DA477E308EC73CF0D44087D05DA8D39C7BE425D30E_analysis-12.csv;user-a;6;305271405;true;0.48252081875144404;0.0;Infinity;0;B
user-a_session-29AF06B372FD52129AAB65DA477E308EC73CF0D44087D05DA8D39C7BE425D30E_analysis-12.csv;user-a;6;-1923362972;true;0.3828497208623387;0.0;Infinity;0;B
user-a_session-29AF06B372FD52129AAB65DA477E308EC73CF0D44087D05DA8D39C7BE425D30E_analysis-12.csv;user-a;6;40993598;true;0.36812354367154143;0.0;Infinity;0;B
user-a_session-29AF06B372FD52129AAB65DA477E308EC73CF0D44087D05DA8D39C7BE425D30E_analysis-12.csv;user-a;6;1431939975;true;0.38667564228294793;0.0;Infinity;0;B
user-a_session-29AF06B372FD52129AAB65DA477E308EC73CF0D44087D05DA8D39C7BE425D30E_analysis-12.csv;user-a;6;1313194465;true;0.28062240699199203;0.0;Infinity;0;B
user-a_session-29AF06B372FD52129AAB65DA477E308EC73CF0D44087D05DA8D39C7BE425D30E_analysis-12.csv;user-a;6;-572117854;true;0.48826400150369487;0.0;Infinity;0;B
user-a_session-29AF06B372FD52129AAB65DA477E308EC73CF0D44087D05DA8D39C7BE425D30E_analysis-12.csv;user-a;6;774382301;true;0.01874359052426433;0.0;Infinity;0;B
user-a_session-29AF06B372FD52129AAB65DA477E308EC73CF0D44087D05DA8D39C7BE425D30E_analysis-12.csv;user-a;6;2107835615;true;0.28062240699199203;0.0;Infinity;0;B
user-a_session-29AF06B372FD52129AAB65DA477E308EC73CF0D44087D05DA8D39C7BE425D30E_analysis-12.csv;user-a;6;-106393702;true;0.4054904424921145;0.0;Infinity;0;B
user-a_session-29AF06B372FD52129AAB65DA477E308EC73CF0D44087D05DA8D39C7BE425D30E_analysis-12.csv;user-a;6;1924850819;true;0.34987404127978927;0.0;Infinity;0;B
user-a_session-29AF06B372FD52129AAB65DA477E308EC73CF0D44087D05DA8D39C7BE425D30E_analysis-12.csv;user-a;6;422896172;true;0.28890826739878994;0.0;Infinity;0;B
user-a_session-29AF06B372FD52129AAB65DA477E308EC73CF0D44087D05DA8D39C7BE425D30E_analysis-12.csv;user-a;6;-1694563723;true;0.002454716194165485;0.0;Infinity;0;B
user-a_session-29AF06B372FD52129AAB65DA477E308EC73CF0D44087D05DA8D39C7BE425D30E_analysis-12.csv;user-a;6;1103521969;true;0.38667564228294793;0.0;Infinity;0;B
user-a_session-29AF06B372FD52129AAB65DA477E308EC73CF0D44087D05DA8D39C7BE425D30E_analysis-12.csv;user-a;6;962036955;true;0.31443177155200663;0.0;Infinity;0;B
user-a_session-29AF06B372FD52129AAB65DA477E308EC73CF0D44087D05DA8D39C7BE425D30E_analysis-12.csv;user-a;6;-587283706;true;0.28062240699199203;0.0;Infinity;0;B
user-a_session-29AF06B372FD52129AAB65DA477E308EC73CF0D44087D05DA8D39C7BE425D30E_analysis-12.csv;user-a;6;938301047;true;0.28062240699199203;0.0;Infinity;0;B
user-a_session-29AF06B372FD52129AAB65DA477E308EC73CF0D44087D05DA8D39C7BE425D30E_analysis-12.csv;user-a;6;-1017537136;true;0.3231492485233214;0.0;Infinity;0;B
user-a_session-29AF06B372FD52129AAB65DA477E308EC73CF0D44087D05DA8D39C7BE425D30E_analysis-12.csv;user-a;6;1266641983;true;0.34087466844746017;0.0;Infinity;0;B
user-a_session-29AF06B372FD52129AAB65DA477E308EC73CF0D44087D05DA8D39C7BE425D30E_analysis-12.csv;user-a;6;686676110;true;4.410377030266144E-4;0.0;Infinity;0;B
user-a_session-29AF06B372FD52129AAB65DA477E308EC73CF0D44087D05DA8D39C7BE425D30E_analysis-12.csv;user-a;6;-1446387907;true;0.28890826739878994;0.0;Infinity;0;B
user-a_session-29AF06B372FD52129AAB65DA477E308EC73CF0D44087D05DA8D39C7BE425D30E_analysis-12.csv;user-a;6;1090499108;true;0.36812354367154143;0.0;Infinity;0;B
user-a_session-29AF06B372FD52129AAB65DA477E308EC73CF0D44087D05DA8D39C7BE425D30E_analysis-12.csv;user-a;6;-1285071712;true;0.38667564228294793;0.0;Infinity;0;B
user-a_session-29AF06B372FD52129AAB65DA477E308EC73CF0D44087D05DA8D39C7BE425D30E_analysis-12.csv;user-a;6;2133053586;true;0.38667564228294793;0.0;Infinity;0;B
user-a_session-29AF06B372FD52129AAB65DA477E308EC73CF0D44087D05DA8D39C7BE425D30E_analysis-12.csv;user-a;6;-736770322;true;0.28062240699199203;0.0;Infinity;0;B
user-a_session-29AF06B372FD52129AAB65DA477E308EC73CF0D44087D05DA8D39C7BE425D30E_analysis-12.csv;user-a;6;-1713950066;true;0.28062240699199203;0.0;Infinity;0;B
user-a_session-29AF06B372FD52129AAB65DA477E308EC73CF0D44087D05DA8D39C7BE425D30E_analysis-12.csv;user-a;6;-2108686580;true;0.3058165616849905;0.0;Infinity;0;B
user-a_session-29AF06B372FD52129AAB65DA477E308EC73CF0D44087D05DA8D39C7BE425D30E_analysis-12.csv;user-a;6;812561612;true;0.28890826739878994;0.0;Infinity;0;B
user-a_session-29AF06B372FD52129AAB65DA477E308EC73CF0D44087D05DA8D39C7BE425D30E_analysis-12.csv;user-a;6;467066200;true;0.39605277253079674;0.0;Infinity;0;B
user-a_session-29AF06B372FD52129AAB65DA477E308EC73CF0D44087D05DA8D39C7BE425D30E_analysis-12.csv;user-a;6;-841769733;true;0.21583494562523886;0.0;Infinity;0;B
user-a_session-29AF06B372FD52129AAB65DA477E308EC73CF0D44087D05DA8D39C7BE425D30E_analysis-12.csv;user-a;6;-223438315;true;0.3108869421890669;0.0;Infinity;0;B
user-a_session-29AF06B372FD52129AAB65DA477E308EC73CF0D44087D05DA8D39C7BE425D30E_analysis-12.csv;user-a;6;1694387364;true;0.16921961392085605;0.0;Infinity;0;B
user-a_session-29AF06B372FD52129AAB65DA477E308EC73CF0D44087D05DA8D39C7BE425D30E_analysis-12.csv;user-a;6;-49230164;true;0.44943516889162816;0.0;Infinity;0;B
user-a_session-29AF06B372FD52129AAB65DA477E308EC73CF0D44087D05DA8D39C7BE425D30E_analysis-12.csv;user-a;6;-1115303699;true;0.392200530798556;0.0;Infinity;0;B
user-a_session-29AF06B372FD52129AAB65DA477E308EC73CF0D44087D05DA8D39C7BE425D30E_analysis-12.csv;user-a;6;1239787050;true;0.42452622472205204;0.0;Infinity;0;B
user-a_session-29AF06B372FD52129AAB65DA477E308EC73CF0D44087D05DA8D39C7BE425D30E_analysis-12.csv;user-a;6;-499627926;true;0.297307493322832;0.0;Infinity;0;B
user-a_session-29AF06B372FD52129AAB65DA477E308EC73CF0D44087D05DA8D39C7BE425D30E_analysis-12.csv;user-a;6;1071467337;true;0.28062240699199203;0.0;Infinity;0;B
user-a_session-29AF06B372FD52129AAB65DA477E308EC73CF0D44087D05DA8D39C7BE425D30E_analysis-12.csv;user-a;6;-38574119;true;0.3231492485233214;0.0;Infinity;0;B
user-a_session-29AF06B372FD52129AAB65DA477E308EC73CF0D44087D05DA8D39C7BE425D30E_analysis-12.csv;user-a;6;-1480001903;true;0.297307493322832;0.0;Infinity;0;B
user-a_session-29AF06B372FD52129AAB65DA477E308EC73CF0D44087D05DA8D39C7BE425D30E_analysis-12.csv;user-a;6;917690707;true;0.4054904424921145;0.0;Infinity;0;B
user-a_session-29AF06B372FD52129AAB65DA477E308EC73CF0D44087D05DA8D39C7BE425D30E_analysis-12.csv;user-a;6;-1742733670;true;0.48826400150369487;0.0;Infinity;0;B
user-a_session-29AF06B372FD52129AAB65DA477E308EC73CF0D44087D05DA8D39C7BE425D30E_analysis-12.csv;user-a;6;156252520;true;0.28549715898377115;0.0;Infinity;0;B
user-a_session-29AF06B372FD52129AAB65DA477E308EC73CF0D44087D05DA8D39C7BE425D30E_analysis-12.csv;user-a;6;-1241322168;true;0.297307493322832;0.0;Infinity;0;B
user-a_session-29AF06B372FD52129AAB65DA477E308EC73CF0D44087D05DA8D39C7BE425D30E_analysis-12.csv;user-a;6;1247432052;true;0.28890826739878994;0.0;Infinity;0;B
user-a_session-29AF06B372FD52129AAB65DA477E308EC73CF0D44087D05DA8D39C7BE425D30E_analysis-12.csv;user-a;6;1145519201;true;0.43017770322205073;0.0;Infinity;0;B
user-a_session-29AF06B372FD52129AAB65DA477E308EC73CF0D44087D05DA8D39C7BE425D30E_analysis-12.csv;user-a;6;909091677;true;0.48826400150369487;0.0;Infinity;0;B
user-a_session-29AF06B372FD52129AAB65DA477E308EC73CF0D44087D05DA8D39C7BE425D30E_analysis-12.csv;user-a;6;-408636744;true;7.384965760039996E-4;0.0;Infinity;0;B
user-a_session-29AF06B372FD52129AAB65DA477E308EC73CF0D44087D05DA8D39C7BE425D30E_analysis-12.csv;user-a;6;450847803;true;0.3319649495886484;0.0;Infinity;0;B
user-a_session-29AF06B372FD52129AAB65DA477E308EC73CF0D44087D05DA8D39C7BE425D30E_analysis-12.csv;user-a;6;-361145705;true;0.297307493322832;0.0;Infinity;0;B
user-a_session-29AF06B372FD52129AAB65DA477E308EC73CF0D44087D05DA8D39C7BE425D30E_analysis-12.csv;user-a;6;-382312287;true;0.28062240699199203;0.0;Infinity;0;B
user-a_session-29AF06B372FD52129AAB65DA477E308EC73CF0D44087D05DA8D39C7BE425D30E_analysis-12.csv;user-a;6;1279653064;true;0.03895005753335923;0.0;Infinity;0;B
user-a_session-29AF06B372FD52129AAB65DA477E308EC73CF0D44087D05DA8D39C7BE425D30E_analysis-12.csv;user-a;6;597475391;true;0.28890826739878994;0.0;Infinity;0;B
user-a_session-29AF06B372FD52129AAB65DA477E308EC73CF0D44087D05DA8D39C7BE425D30E_analysis-12.csv;user-a;6;1246293967;true;0.3058165616849905;0.0;Infinity;0;B
user-a_session-29AF06B372FD52129AAB65DA477E308EC73CF0D44087D05DA8D39C7BE425D30E_analysis-12.csv;user-a;6;-935158165;true;0.28062240699199203;0.0;Infinity;0;B
user-a_session-29AF06B372FD52129AAB65DA477E308EC73CF0D44087D05DA8D39C7BE425D30E_analysis-12.csv;user-a;6;383455335;true;0.4727955178871984;0.0;Infinity;0;B
user-a_session-29AF06B372FD52129AAB65DA477E308EC73CF0D44087D05DA8D39C7BE425D30E_analysis-12.csv;user-a;6;855363874;true;0.297307493322832;0.0;Infinity;0;B
user-a_session-29AF06B372FD52129AAB65DA477E308EC73CF0D44087D05DA8D39C7BE425D30E_analysis-12.csv;user-a;6;1938357635;true;0.38667564228294793;0.0;Infinity;0;B
user-a_session-29AF06B372FD52129AAB65DA477E308EC73CF0D44087D05DA8D39C7BE425D30E_analysis-12.csv;user-a;6;-255058545;true;0.28890826739878994;0.0;Infinity;0;B
user-a_session-29AF06B372FD52129AAB65DA477E308EC73CF0D44087D05DA8D39C7BE425D30E_analysis-12.csv;user-a;6;-1506336089;true;0.28890826739878994;0.0;Infinity;0;B
user-a_session-29AF06B372FD52129AAB65DA477E308EC73CF0D44087D05DA8D39C7BE425D30E_analysis-12.csv;user-a;6;2115457304;true;0.28062240699199203;0.0;Infinity;0;B
user-a_session-29AF06B372FD52129AAB65DA477E308EC73CF0D44087D05DA8D39C7BE425D30E_analysis-12.csv;user-a;6;-60504328;true;0.28062240699199203;0.0;Infinity;0;B
user-a_session-29AF06B372FD52129AAB65DA477E308EC73CF0D44087D05DA8D39C7BE425D30E_analysis-12.csv;user-a;6;-972093596;true;0.44943516889162816;0.0;Infinity;0;B
user-a_session-29AF06B372FD52129AAB65DA477E308EC73CF0D44087D05DA8D39C7BE425D30E_analysis-12.csv;user-a;6;-1423777249;true;0.34087466844746017;0.0;Infinity;0;B
user-a_session-29AF06B372FD52129AAB65DA477E308EC73CF0D44087D05DA8D39C7BE425D30E_analysis-12.csv;user-a;6;-271753682;true;0.3058165616849905;0.0;Infinity;0;B
user-a_session-29AF06B372FD52129AAB65DA477E308EC73CF0D44087D05DA8D39C7BE425D30E_analysis-12.csv;user-a;6;676138051;true;0.06753302035623432;0.0;Infinity;0;B
user-a_session-29AF06B372FD52129AAB65DA477E308EC73CF0D44087D05DA8D39C7BE425D30E_analysis-12.csv;user-a;6;967309465;true;0.3058165616849905;0.0;Infinity;0;B
user-a_session-29AF06B372FD52129AAB65DA477E308EC73CF0D44087D05DA8D39C7BE425D30E_analysis-12.csv;user-a;6;-1557548911;true;0.42452622472205204;0.0;Infinity;0;B
user-a_session-29AF06B372FD52129AAB65DA477E308EC73CF0D44087D05DA8D39C7BE425D30E_analysis-12.csv;user-a;6;-1957977069;true;0.39605277253079674;0.0;Infinity;0;B
user-a_session-29AF06B372FD52129AAB65DA477E308EC73CF0D44087D05DA8D39C7BE425D30E_analysis-12.csv;user-a;6;2008755398;true;0.3319649495886484;0.0;Infinity;0;B
user-a_session-29AF06B372FD52129AAB65DA477E308EC73CF0D44087D05DA8D39C7BE425D30E_analysis-12.csv;user-a;6;-552547292;true;0.42452622472205204;0.0;Infinity;0;B
user-a_session-29AF06B372FD52129AAB65DA477E308EC73CF0D44087D05DA8D39C7BE425D30E_analysis-12.csv;user-a;6;-1807630794;true;0.2938503209126535;0.0;Infinity;0;B
user-a_session-29AF06B372FD52129AAB65DA477E308EC73CF0D44087D05DA8D39C7BE425D30E_analysis-12.csv;user-a;6;-1752994002;true;0.28062240699199203;0.0;Infinity;0;B
user-a_session-29AF06B372FD52129AAB65DA477E308EC73CF0D44087D05DA8D39C7BE425D30E_analysis-12.csv;user-a;6;1341718242;true;0.297307493322832;0.0;Infinity;0;B
user-a_session-29AF06B372FD52129AAB65DA477E308EC73CF0D44087D05DA8D39C7BE425D30E_analysis-12.csv;user-a;6;783539509;true;0.3058165616849905;0.0;Infinity;0;B
user-a_session-29AF06B372FD52129AAB65DA477E308EC73CF0D44087D05DA8D39C7BE425D30E_analysis-12.csv;user-a;6;-1107645779;true;0.47853185699542355;0.0;Infinity;0;B
user-a_session-29AF06B372FD52129AAB65DA477E308EC73CF0D44087D05DA8D39C7BE425D30E_analysis-12.csv;user-a;6;1022623765;true;0.23789582014856137;0.0;Infinity;0;B
user-a_session-29AF06B372FD52129AAB65DA477E308EC73CF0D44087D05DA8D39C7BE425D30E_analysis-12.csv;user-a;6;729531683;true;0.28062240699199203;0.0;Infinity;0;B
user-a_session-29AF06B372FD52129AAB65DA477E308EC73CF0D44087D05DA8D39C7BE425D30E_analysis-12.csv;user-a;6;1579028848;true;0.39605277253079674;0.0;Infinity;0;B
user-a_session-29AF06B372FD52129AAB65DA477E308EC73CF0D44087D05DA8D39C7BE425D30E_analysis-12.csv;user-a;6;7222879;true;0.3231492485233214;0.0;Infinity;0;B
user-a_session-29AF06B372FD52129AAB65DA477E308EC73CF0D44087D05DA8D39C7BE425D30E_analysis-12.csv;user-a;6;42548235;true;0.28062240699199203;0.0;Infinity;0;B
user-a_session-29AF06B372FD52129AAB65DA477E308EC73CF0D44087D05DA8D39C7BE425D30E_analysis-12.csv;user-a;6;-542627125;true;0.297307493322832;0.0;Infinity;0;B
user-a_session-29AF06B372FD52129AAB65DA477E308EC73CF0D44087D05DA8D39C7BE425D30E_analysis-12.csv;user-a;6;-2045534698;true;0.31443177155200663;0.0;Infinity;0;B
user-a_session-29AF06B372FD52129AAB65DA477E308EC73CF0D44087D05DA8D39C7BE425D30E_analysis-12.csv;user-a;6;560502383;true;0.3231492485233214;0.0;Infinity;0;B
user-a_session-29AF06B372FD52129AAB65DA477E308EC73CF0D44087D05DA8D39C7BE425D30E_analysis-12.csv;user-a;6;1008745043;true;0.28062240699199203;0.0;Infinity;0;B
user-a_session-29AF06B372FD52129AAB65DA477E308EC73CF0D44087D05DA8D39C7BE425D30E_analysis-12.csv;user-a;6;681978894;true;0.28062240699199203;0.0;Infinity;0;B
user-a_session-29AF06B372FD52129AAB65DA477E308EC73CF0D44087D05DA8D39C7BE425D30E_analysis-12.csv;user-a;6;-2084834865;true;0.31443177155200663;0.0;Infinity;0;B
user-a_session-29AF06B372FD52129AAB65DA477E308EC73CF0D44087D05DA8D39C7BE425D30E_analysis-12.csv;user-a;6;938749042;true;0.28062240699199203;0.0;Infinity;0;B
user-a_session-29AF06B372FD52129AAB65DA477E308EC73CF0D44087D05DA8D39C7BE425D30E_analysis-12.csv;user-a;6;1743740756;true;0.28890826739878994;0.0;Infinity;0;B
user-a_session-29AF06B372FD52129AAB65DA477E308EC73CF0D44087D05DA8D39C7BE425D30E_analysis-12.csv;user-a;6;-291203920;true;0.11013009905345839;0.0;Infinity;0;B
user-a_session-29AF06B372FD52129AAB65DA477E308EC73CF0D44087D05DA8D39C7BE425D30E_analysis-12.csv;user-a;6;609935037;true;0.4016140110658981;0.0;Infinity;0;B
user-a_session-29AF06B372FD52129AAB65DA477E308EC73CF0D44087D05DA8D39C7BE425D30E_analysis-12.csv;user-a;6;-298050999;true;0.00881215818478509;0.0;Infinity;0;B
user-a_session-29AF06B372FD52129AAB65DA477E308EC73CF0D44087D05DA8D39C7BE425D30E_analysis-12.csv;user-a;6;1906086653;true;0.21583494562523886;0.0;Infinity;0;B
user-a_session-29AF06B372FD52129AAB65DA477E308EC73CF0D44087D05DA8D39C7BE425D30E_analysis-12.csv;user-a;6;1450181927;true;0.3319649495886484;0.0;Infinity;0;B
user-a_session-29AF06B372FD52129AAB65DA477E308EC73CF0D44087D05DA8D39C7BE425D30E_analysis-12.csv;user-a;6;-1844253153;true;0.3283388979619475;0.0;Infinity;0;B
