session ;user;query position;cell hashcode;novelty;outlierness;relevance;surprise;query label;session label
user-I072507_session-F043B57DC27CD5351F4A04F235EF7934EE1AF057E1FE9AB3350C0712A46AA23F_analysis-3.csv;user-I072507;1;-1645642369;true;0.02204554857721397;0.2714285714285714;Infinity;0;A
user-I072507_session-F043B57DC27CD5351F4A04F235EF7934EE1AF057E1FE9AB3350C0712A46AA23F_analysis-3.csv;user-I072507;1;1959132295;true;0.15766810112797391;0.2714285714285714;Infinity;0;A
user-I072507_session-F043B57DC27CD5351F4A04F235EF7934EE1AF057E1FE9AB3350C0712A46AA23F_analysis-3.csv;user-I072507;1;385039036;true;0.25098653649098246;0.2714285714285714;Infinity;0;A
user-I072507_session-F043B57DC27CD5351F4A04F235EF7934EE1AF057E1FE9AB3350C0712A46AA23F_analysis-3.csv;user-I072507;1;-1709703921;true;0.45824589628565937;0.2714285714285714;Infinity;0;A
user-I072507_session-F043B57DC27CD5351F4A04F235EF7934EE1AF057E1FE9AB3350C0712A46AA23F_analysis-3.csv;user-I072507;1;1052919571;true;0.18283311941341984;0.2714285714285714;Infinity;0;A
user-I072507_session-F043B57DC27CD5351F4A04F235EF7934EE1AF057E1FE9AB3350C0712A46AA23F_analysis-3.csv;user-I072507;1;2102439832;true;0.21467279309802723;0.2714285714285714;Infinity;0;A
user-I072507_session-F043B57DC27CD5351F4A04F235EF7934EE1AF057E1FE9AB3350C0712A46AA23F_analysis-3.csv;user-I072507;1;-1709711384;true;0.48279068880324305;0.2714285714285714;Infinity;0;A
user-I072507_session-F043B57DC27CD5351F4A04F235EF7934EE1AF057E1FE9AB3350C0712A46AA23F_analysis-3.csv;user-I072507;1;455384322;true;0.16832974360988073;0.2714285714285714;Infinity;0;A
user-I072507_session-F043B57DC27CD5351F4A04F235EF7934EE1AF057E1FE9AB3350C0712A46AA23F_analysis-3.csv;user-I072507;1;312076785;true;0.028434234348105436;0.2714285714285714;Infinity;0;A
user-I072507_session-F043B57DC27CD5351F4A04F235EF7934EE1AF057E1FE9AB3350C0712A46AA23F_analysis-3.csv;user-I072507;1;2032094546;true;0.16162171616262855;0.2714285714285714;Infinity;0;A
user-I072507_session-F043B57DC27CD5351F4A04F235EF7934EE1AF057E1FE9AB3350C0712A46AA23F_analysis-3.csv;user-I072507;1;1891004452;true;0.4859741891639724;0.2714285714285714;Infinity;0;A
user-I072507_session-F043B57DC27CD5351F4A04F235EF7934EE1AF057E1FE9AB3350C0712A46AA23F_analysis-3.csv;user-I072507;1;243948942;true;0.3876669041018673;0.2714285714285714;Infinity;0;A
user-I072507_session-F043B57DC27CD5351F4A04F235EF7934EE1AF057E1FE9AB3350C0712A46AA23F_analysis-3.csv;user-I072507;1;1413141;true;0.2626713824722766;0.2714285714285714;Infinity;0;A
user-I072507_session-F043B57DC27CD5351F4A04F235EF7934EE1AF057E1FE9AB3350C0712A46AA23F_analysis-3.csv;user-I072507;1;2123340856;true;0.44269361154022624;0.2714285714285714;Infinity;0;A
