session ;user;query position;cell hashcode;novelty;outlierness;relevance;surprise;query label;session label
user-I301280_session-97AFC965ABF526B36B105A3821C9BD1C9F1390DB3D7B2B07D7C6A16AF3061CF2_analysis-11.csv;user-I301280;1;-1932430166;true;0.11553408414414745;0.0;Infinity;1;A
user-I301280_session-97AFC965ABF526B36B105A3821C9BD1C9F1390DB3D7B2B07D7C6A16AF3061CF2_analysis-11.csv;user-I301280;1;1828983515;true;0.2136419865627157;0.0;Infinity;1;A
user-I301280_session-97AFC965ABF526B36B105A3821C9BD1C9F1390DB3D7B2B07D7C6A16AF3061CF2_analysis-11.csv;user-I301280;1;938365628;true;0.31663539654050255;0.0;Infinity;1;A
user-I301280_session-97AFC965ABF526B36B105A3821C9BD1C9F1390DB3D7B2B07D7C6A16AF3061CF2_analysis-11.csv;user-I301280;1;-1426051237;true;0.1876260825116598;0.0;Infinity;1;A
user-I301280_session-97AFC965ABF526B36B105A3821C9BD1C9F1390DB3D7B2B07D7C6A16AF3061CF2_analysis-11.csv;user-I301280;1;495467645;true;0.16851689500562594;0.0;Infinity;1;A
