session ;user;query position;cell hashcode;novelty;outlierness;relevance;surprise;query label;session label
user-I051069_session-687ECC64E4980354EB0247A82F3E2C895961472A05E14D1ACBD44B5029F9DAA2_analysis-3.csv;user-I051069;1;-1645642369;true;0.01810026243849716;1.0;Infinity;0;A
user-I051069_session-687ECC64E4980354EB0247A82F3E2C895961472A05E14D1ACBD44B5029F9DAA2_analysis-3.csv;user-I051069;1;1959132295;true;0.15130643161213064;1.0;Infinity;0;A
user-I051069_session-687ECC64E4980354EB0247A82F3E2C895961472A05E14D1ACBD44B5029F9DAA2_analysis-3.csv;user-I051069;1;934876582;true;0.022839442870840054;1.0;Infinity;0;A
user-I051069_session-687ECC64E4980354EB0247A82F3E2C895961472A05E14D1ACBD44B5029F9DAA2_analysis-3.csv;user-I051069;1;1052919571;true;0.16322319567494925;1.0;Infinity;0;A
user-I051069_session-687ECC64E4980354EB0247A82F3E2C895961472A05E14D1ACBD44B5029F9DAA2_analysis-3.csv;user-I051069;1;385039036;true;0.2310402455787417;1.0;Infinity;0;A
user-I051069_session-687ECC64E4980354EB0247A82F3E2C895961472A05E14D1ACBD44B5029F9DAA2_analysis-3.csv;user-I051069;1;317646201;true;0.14731664967328162;1.0;Infinity;0;A
user-I051069_session-687ECC64E4980354EB0247A82F3E2C895961472A05E14D1ACBD44B5029F9DAA2_analysis-3.csv;user-I051069;1;176556107;true;0.49372070835898196;1.0;Infinity;0;A
user-I051069_session-687ECC64E4980354EB0247A82F3E2C895961472A05E14D1ACBD44B5029F9DAA2_analysis-3.csv;user-I051069;1;408892511;true;0.37947767783584097;1.0;Infinity;0;A
user-I051069_session-687ECC64E4980354EB0247A82F3E2C895961472A05E14D1ACBD44B5029F9DAA2_analysis-3.csv;user-I051069;1;455384322;true;0.14905241204886344;1.0;Infinity;0;A
user-I051069_session-687ECC64E4980354EB0247A82F3E2C895961472A05E14D1ACBD44B5029F9DAA2_analysis-3.csv;user-I051069;1;312076785;true;0.02385946163748054;1.0;Infinity;0;A
user-I051069_session-687ECC64E4980354EB0247A82F3E2C895961472A05E14D1ACBD44B5029F9DAA2_analysis-3.csv;user-I051069;1;-1259064023;true;0.1482792825592314;1.0;Infinity;0;A
user-I051069_session-687ECC64E4980354EB0247A82F3E2C895961472A05E14D1ACBD44B5029F9DAA2_analysis-3.csv;user-I051069;1;870807567;true;0.3445872865445504;1.0;Infinity;0;A
user-I051069_session-687ECC64E4980354EB0247A82F3E2C895961472A05E14D1ACBD44B5029F9DAA2_analysis-3.csv;user-I051069;1;-661528774;true;0.20839344518354574;1.0;Infinity;0;A
user-I051069_session-687ECC64E4980354EB0247A82F3E2C895961472A05E14D1ACBD44B5029F9DAA2_analysis-3.csv;user-I051069;1;870815030;true;0.3445872865445504;1.0;Infinity;0;A
user-I051069_session-687ECC64E4980354EB0247A82F3E2C895961472A05E14D1ACBD44B5029F9DAA2_analysis-3.csv;user-I051069;1;-1709703921;true;0.44504521782426054;1.0;Infinity;0;A
user-I051069_session-687ECC64E4980354EB0247A82F3E2C895961472A05E14D1ACBD44B5029F9DAA2_analysis-3.csv;user-I051069;1;-1709711384;true;0.47084618550794355;1.0;Infinity;0;A
user-I051069_session-687ECC64E4980354EB0247A82F3E2C895961472A05E14D1ACBD44B5029F9DAA2_analysis-3.csv;user-I051069;1;2102439832;true;0.19467592358286756;1.0;Infinity;0;A
user-I051069_session-687ECC64E4980354EB0247A82F3E2C895961472A05E14D1ACBD44B5029F9DAA2_analysis-3.csv;user-I051069;1;387991487;true;0.23375694598409114;1.0;Infinity;0;A
user-I051069_session-687ECC64E4980354EB0247A82F3E2C895961472A05E14D1ACBD44B5029F9DAA2_analysis-3.csv;user-I051069;1;-1470499403;true;0.49258418043522667;1.0;Infinity;0;A
user-I051069_session-687ECC64E4980354EB0247A82F3E2C895961472A05E14D1ACBD44B5029F9DAA2_analysis-3.csv;user-I051069;1;-1713035204;true;0.21760163089713447;1.0;Infinity;0;A
user-I051069_session-687ECC64E4980354EB0247A82F3E2C895961472A05E14D1ACBD44B5029F9DAA2_analysis-3.csv;user-I051069;1;2032094546;true;0.14253509308851164;1.0;Infinity;0;A
user-I051069_session-687ECC64E4980354EB0247A82F3E2C895961472A05E14D1ACBD44B5029F9DAA2_analysis-3.csv;user-I051069;1;243948942;true;0.3923429943336162;1.0;Infinity;0;A
user-I051069_session-687ECC64E4980354EB0247A82F3E2C895961472A05E14D1ACBD44B5029F9DAA2_analysis-3.csv;user-I051069;1;1891004452;true;0.4962434146680761;1.0;Infinity;0;A
user-I051069_session-687ECC64E4980354EB0247A82F3E2C895961472A05E14D1ACBD44B5029F9DAA2_analysis-3.csv;user-I051069;1;244683950;true;0.1583213899853526;1.0;Infinity;0;A
user-I051069_session-687ECC64E4980354EB0247A82F3E2C895961472A05E14D1ACBD44B5029F9DAA2_analysis-3.csv;user-I051069;1;-1329409309;true;0.19433157332228612;1.0;Infinity;0;A
user-I051069_session-687ECC64E4980354EB0247A82F3E2C895961472A05E14D1ACBD44B5029F9DAA2_analysis-3.csv;user-I051069;1;1413141;true;0.24283776196428963;1.0;Infinity;0;A
user-I051069_session-687ECC64E4980354EB0247A82F3E2C895961472A05E14D1ACBD44B5029F9DAA2_analysis-3.csv;user-I051069;1;2123340856;true;0.42872997107928024;1.0;Infinity;0;A
user-I051069_session-687ECC64E4980354EB0247A82F3E2C895961472A05E14D1ACBD44B5029F9DAA2_analysis-3.csv;user-I051069;1;-1402371560;true;0.06050764561025668;1.0;Infinity;0;A
