session ;user;query position;cell hashcode;novelty;outlierness;relevance;surprise;query label;session label
user-I050582_session-9E660CDDDD20A34952D94F30C37A47CC7CAA6D82FDC1E2C23E4317D98C53AFFD_analysis-3.csv;user-I050582;1;-1645642369;true;0.02204554857721397;0.0;Infinity;1;C
user-I050582_session-9E660CDDDD20A34952D94F30C37A47CC7CAA6D82FDC1E2C23E4317D98C53AFFD_analysis-3.csv;user-I050582;1;1959132295;true;0.15766810112797391;0.0;Infinity;1;C
user-I050582_session-9E660CDDDD20A34952D94F30C37A47CC7CAA6D82FDC1E2C23E4317D98C53AFFD_analysis-3.csv;user-I050582;1;385039036;true;0.25098653649098246;0.0;Infinity;1;C
user-I050582_session-9E660CDDDD20A34952D94F30C37A47CC7CAA6D82FDC1E2C23E4317D98C53AFFD_analysis-3.csv;user-I050582;1;-1709703921;true;0.45824589628565937;0.0;Infinity;1;C
user-I050582_session-9E660CDDDD20A34952D94F30C37A47CC7CAA6D82FDC1E2C23E4317D98C53AFFD_analysis-3.csv;user-I050582;1;1052919571;true;0.18283311941341984;0.0;Infinity;1;C
user-I050582_session-9E660CDDDD20A34952D94F30C37A47CC7CAA6D82FDC1E2C23E4317D98C53AFFD_analysis-3.csv;user-I050582;1;2102439832;true;0.21467279309802723;0.0;Infinity;1;C
user-I050582_session-9E660CDDDD20A34952D94F30C37A47CC7CAA6D82FDC1E2C23E4317D98C53AFFD_analysis-3.csv;user-I050582;1;-1709711384;true;0.48279068880324305;0.0;Infinity;1;C
user-I050582_session-9E660CDDDD20A34952D94F30C37A47CC7CAA6D82FDC1E2C23E4317D98C53AFFD_analysis-3.csv;user-I050582;1;455384322;true;0.16832974360988073;0.0;Infinity;1;C
user-I050582_session-9E660CDDDD20A34952D94F30C37A47CC7CAA6D82FDC1E2C23E4317D98C53AFFD_analysis-3.csv;user-I050582;1;312076785;true;0.028434234348105436;0.0;Infinity;1;C
user-I050582_session-9E660CDDDD20A34952D94F30C37A47CC7CAA6D82FDC1E2C23E4317D98C53AFFD_analysis-3.csv;user-I050582;1;2032094546;true;0.16162171616262855;0.0;Infinity;1;C
user-I050582_session-9E660CDDDD20A34952D94F30C37A47CC7CAA6D82FDC1E2C23E4317D98C53AFFD_analysis-3.csv;user-I050582;1;1891004452;true;0.4859741891639724;0.0;Infinity;1;C
user-I050582_session-9E660CDDDD20A34952D94F30C37A47CC7CAA6D82FDC1E2C23E4317D98C53AFFD_analysis-3.csv;user-I050582;1;243948942;true;0.3876669041018673;0.0;Infinity;1;C
user-I050582_session-9E660CDDDD20A34952D94F30C37A47CC7CAA6D82FDC1E2C23E4317D98C53AFFD_analysis-3.csv;user-I050582;1;1413141;true;0.2626713824722766;0.0;Infinity;1;C
user-I050582_session-9E660CDDDD20A34952D94F30C37A47CC7CAA6D82FDC1E2C23E4317D98C53AFFD_analysis-3.csv;user-I050582;1;2123340856;true;0.44269361154022624;0.0;Infinity;1;C
user-I050582_session-9E660CDDDD20A34952D94F30C37A47CC7CAA6D82FDC1E2C23E4317D98C53AFFD_analysis-3.csv;user-I050582;2;785271228;true;0.32758669280361186;0.0;Infinity;1;C
user-I050582_session-9E660CDDDD20A34952D94F30C37A47CC7CAA6D82FDC1E2C23E4317D98C53AFFD_analysis-3.csv;user-I050582;2;785271229;true;0.32758669280361186;0.0;Infinity;1;C
user-I050582_session-9E660CDDDD20A34952D94F30C37A47CC7CAA6D82FDC1E2C23E4317D98C53AFFD_analysis-3.csv;user-I050582;2;785271230;true;0.32758669280361186;0.0;Infinity;1;C
user-I050582_session-9E660CDDDD20A34952D94F30C37A47CC7CAA6D82FDC1E2C23E4317D98C53AFFD_analysis-3.csv;user-I050582;2;785271231;true;0.32758669280361186;0.0;Infinity;1;C
user-I050582_session-9E660CDDDD20A34952D94F30C37A47CC7CAA6D82FDC1E2C23E4317D98C53AFFD_analysis-3.csv;user-I050582;2;-1556043200;true;0.4725380092542425;0.0;Infinity;1;C
user-I050582_session-9E660CDDDD20A34952D94F30C37A47CC7CAA6D82FDC1E2C23E4317D98C53AFFD_analysis-3.csv;user-I050582;2;-1798579006;true;0.19576066704545436;0.0;Infinity;1;C
user-I050582_session-9E660CDDDD20A34952D94F30C37A47CC7CAA6D82FDC1E2C23E4317D98C53AFFD_analysis-3.csv;user-I050582;2;-1798579005;true;0.19576066704545436;0.0;Infinity;1;C
user-I050582_session-9E660CDDDD20A34952D94F30C37A47CC7CAA6D82FDC1E2C23E4317D98C53AFFD_analysis-3.csv;user-I050582;2;-1798579004;true;0.19576066704545436;0.0;Infinity;1;C
user-I050582_session-9E660CDDDD20A34952D94F30C37A47CC7CAA6D82FDC1E2C23E4317D98C53AFFD_analysis-3.csv;user-I050582;2;-1798579003;true;0.19576066704545436;0.0;Infinity;1;C
user-I050582_session-9E660CDDDD20A34952D94F30C37A47CC7CAA6D82FDC1E2C23E4317D98C53AFFD_analysis-3.csv;user-I050582;2;-1798579002;true;0.19576066704545436;0.0;Infinity;1;C
user-I050582_session-9E660CDDDD20A34952D94F30C37A47CC7CAA6D82FDC1E2C23E4317D98C53AFFD_analysis-3.csv;user-I050582;2;-1798579001;true;0.19576066704545436;0.0;Infinity;1;C
user-I050582_session-9E660CDDDD20A34952D94F30C37A47CC7CAA6D82FDC1E2C23E4317D98C53AFFD_analysis-3.csv;user-I050582;2;849332784;true;0.018455589395000693;0.0;Infinity;1;C
user-I050582_session-9E660CDDDD20A34952D94F30C37A47CC7CAA6D82FDC1E2C23E4317D98C53AFFD_analysis-3.csv;user-I050582;2;849332785;true;0.03800395689218328;0.0;Infinity;1;C
user-I050582_session-9E660CDDDD20A34952D94F30C37A47CC7CAA6D82FDC1E2C23E4317D98C53AFFD_analysis-3.csv;user-I050582;2;-1344607825;true;0.1290087748833384;0.0;Infinity;1;C
user-I050582_session-9E660CDDDD20A34952D94F30C37A47CC7CAA6D82FDC1E2C23E4317D98C53AFFD_analysis-3.csv;user-I050582;2;-1344607824;true;0.1290087748833384;0.0;Infinity;1;C
user-I050582_session-9E660CDDDD20A34952D94F30C37A47CC7CAA6D82FDC1E2C23E4317D98C53AFFD_analysis-3.csv;user-I050582;2;159140153;true;0.22731560413322227;0.0;Infinity;1;C
user-I050582_session-9E660CDDDD20A34952D94F30C37A47CC7CAA6D82FDC1E2C23E4317D98C53AFFD_analysis-3.csv;user-I050582;2;-1344607823;true;0.1290087748833384;0.0;Infinity;1;C
user-I050582_session-9E660CDDDD20A34952D94F30C37A47CC7CAA6D82FDC1E2C23E4317D98C53AFFD_analysis-3.csv;user-I050582;2;159140152;true;0.14752432726952502;0.0;Infinity;1;C
user-I050582_session-9E660CDDDD20A34952D94F30C37A47CC7CAA6D82FDC1E2C23E4317D98C53AFFD_analysis-3.csv;user-I050582;2;-1344607822;true;0.1290087748833384;0.0;Infinity;1;C
user-I050582_session-9E660CDDDD20A34952D94F30C37A47CC7CAA6D82FDC1E2C23E4317D98C53AFFD_analysis-3.csv;user-I050582;2;-1344607821;true;0.1290087748833384;0.0;Infinity;1;C
user-I050582_session-9E660CDDDD20A34952D94F30C37A47CC7CAA6D82FDC1E2C23E4317D98C53AFFD_analysis-3.csv;user-I050582;2;-1344607820;true;0.1290087748833384;0.0;Infinity;1;C
user-I050582_session-9E660CDDDD20A34952D94F30C37A47CC7CAA6D82FDC1E2C23E4317D98C53AFFD_analysis-3.csv;user-I050582;2;785263766;true;0.3090110933938861;0.0;Infinity;1;C
user-I050582_session-9E660CDDDD20A34952D94F30C37A47CC7CAA6D82FDC1E2C23E4317D98C53AFFD_analysis-3.csv;user-I050582;2;849332783;true;0.018455589395000693;0.0;Infinity;1;C
user-I050582_session-9E660CDDDD20A34952D94F30C37A47CC7CAA6D82FDC1E2C23E4317D98C53AFFD_analysis-3.csv;user-I050582;2;232102399;true;0.12809796595558598;0.0;Infinity;1;C
user-I050582_session-9E660CDDDD20A34952D94F30C37A47CC7CAA6D82FDC1E2C23E4317D98C53AFFD_analysis-3.csv;user-I050582;2;785263767;true;0.3090110933938861;0.0;Infinity;1;C
user-I050582_session-9E660CDDDD20A34952D94F30C37A47CC7CAA6D82FDC1E2C23E4317D98C53AFFD_analysis-3.csv;user-I050582;2;849332782;true;0.018455589395000693;0.0;Infinity;1;C
user-I050582_session-9E660CDDDD20A34952D94F30C37A47CC7CAA6D82FDC1E2C23E4317D98C53AFFD_analysis-3.csv;user-I050582;2;849332781;true;0.018455589395000693;0.0;Infinity;1;C
user-I050582_session-9E660CDDDD20A34952D94F30C37A47CC7CAA6D82FDC1E2C23E4317D98C53AFFD_analysis-3.csv;user-I050582;2;849332780;true;0.018455589395000693;0.0;Infinity;1;C
user-I050582_session-9E660CDDDD20A34952D94F30C37A47CC7CAA6D82FDC1E2C23E4317D98C53AFFD_analysis-3.csv;user-I050582;2;785263765;true;0.3090110933938861;0.0;Infinity;1;C
user-I050582_session-9E660CDDDD20A34952D94F30C37A47CC7CAA6D82FDC1E2C23E4317D98C53AFFD_analysis-3.csv;user-I050582;2;785263770;true;0.39549848960859946;0.0;Infinity;1;C
user-I050582_session-9E660CDDDD20A34952D94F30C37A47CC7CAA6D82FDC1E2C23E4317D98C53AFFD_analysis-3.csv;user-I050582;2;-747072573;true;0.18677633076952838;0.0;Infinity;1;C
user-I050582_session-9E660CDDDD20A34952D94F30C37A47CC7CAA6D82FDC1E2C23E4317D98C53AFFD_analysis-3.csv;user-I050582;2;91012309;true;0.48463727800316037;0.0;Infinity;1;C
user-I050582_session-9E660CDDDD20A34952D94F30C37A47CC7CAA6D82FDC1E2C23E4317D98C53AFFD_analysis-3.csv;user-I050582;2;-747072574;true;0.18677633076952838;0.0;Infinity;1;C
user-I050582_session-9E660CDDDD20A34952D94F30C37A47CC7CAA6D82FDC1E2C23E4317D98C53AFFD_analysis-3.csv;user-I050582;2;91012308;true;0.48463727800316037;0.0;Infinity;1;C
user-I050582_session-9E660CDDDD20A34952D94F30C37A47CC7CAA6D82FDC1E2C23E4317D98C53AFFD_analysis-3.csv;user-I050582;2;785263768;true;0.3090110933938861;0.0;Infinity;1;C
user-I050582_session-9E660CDDDD20A34952D94F30C37A47CC7CAA6D82FDC1E2C23E4317D98C53AFFD_analysis-3.csv;user-I050582;2;-747072575;true;0.18677633076952838;0.0;Infinity;1;C
user-I050582_session-9E660CDDDD20A34952D94F30C37A47CC7CAA6D82FDC1E2C23E4317D98C53AFFD_analysis-3.csv;user-I050582;2;785263769;true;0.3090110933938861;0.0;Infinity;1;C
user-I050582_session-9E660CDDDD20A34952D94F30C37A47CC7CAA6D82FDC1E2C23E4317D98C53AFFD_analysis-3.csv;user-I050582;2;-747072576;true;0.18677633076952838;0.0;Infinity;1;C
user-I050582_session-9E660CDDDD20A34952D94F30C37A47CC7CAA6D82FDC1E2C23E4317D98C53AFFD_analysis-3.csv;user-I050582;2;91012310;true;0.4306324959574789;0.0;Infinity;1;C
user-I050582_session-9E660CDDDD20A34952D94F30C37A47CC7CAA6D82FDC1E2C23E4317D98C53AFFD_analysis-3.csv;user-I050582;2;159140149;true;0.14752432726952502;0.0;Infinity;1;C
user-I050582_session-9E660CDDDD20A34952D94F30C37A47CC7CAA6D82FDC1E2C23E4317D98C53AFFD_analysis-3.csv;user-I050582;2;91012305;true;0.48463727800316037;0.0;Infinity;1;C
user-I050582_session-9E660CDDDD20A34952D94F30C37A47CC7CAA6D82FDC1E2C23E4317D98C53AFFD_analysis-3.csv;user-I050582;2;159140148;true;0.14752432726952502;0.0;Infinity;1;C
user-I050582_session-9E660CDDDD20A34952D94F30C37A47CC7CAA6D82FDC1E2C23E4317D98C53AFFD_analysis-3.csv;user-I050582;2;-747072571;true;0.18677633076952838;0.0;Infinity;1;C
user-I050582_session-9E660CDDDD20A34952D94F30C37A47CC7CAA6D82FDC1E2C23E4317D98C53AFFD_analysis-3.csv;user-I050582;2;159140151;true;0.14752432726952502;0.0;Infinity;1;C
user-I050582_session-9E660CDDDD20A34952D94F30C37A47CC7CAA6D82FDC1E2C23E4317D98C53AFFD_analysis-3.csv;user-I050582;2;91012307;true;0.48463727800316037;0.0;Infinity;1;C
user-I050582_session-9E660CDDDD20A34952D94F30C37A47CC7CAA6D82FDC1E2C23E4317D98C53AFFD_analysis-3.csv;user-I050582;2;-747072572;true;0.18677633076952838;0.0;Infinity;1;C
user-I050582_session-9E660CDDDD20A34952D94F30C37A47CC7CAA6D82FDC1E2C23E4317D98C53AFFD_analysis-3.csv;user-I050582;2;159140150;true;0.14752432726952502;0.0;Infinity;1;C
user-I050582_session-9E660CDDDD20A34952D94F30C37A47CC7CAA6D82FDC1E2C23E4317D98C53AFFD_analysis-3.csv;user-I050582;2;91012306;true;0.48463727800316037;0.0;Infinity;1;C
user-I050582_session-9E660CDDDD20A34952D94F30C37A47CC7CAA6D82FDC1E2C23E4317D98C53AFFD_analysis-3.csv;user-I050582;2;-1414953111;true;0.19480277772752097;0.0;Infinity;1;C
user-I050582_session-9E660CDDDD20A34952D94F30C37A47CC7CAA6D82FDC1E2C23E4317D98C53AFFD_analysis-3.csv;user-I050582;2;-1414953110;true;0.19480277772752097;0.0;Infinity;1;C
user-I050582_session-9E660CDDDD20A34952D94F30C37A47CC7CAA6D82FDC1E2C23E4317D98C53AFFD_analysis-3.csv;user-I050582;2;-1414953109;true;0.19480277772752097;0.0;Infinity;1;C
user-I050582_session-9E660CDDDD20A34952D94F30C37A47CC7CAA6D82FDC1E2C23E4317D98C53AFFD_analysis-3.csv;user-I050582;2;-1414953108;true;0.19480277772752097;0.0;Infinity;1;C
user-I050582_session-9E660CDDDD20A34952D94F30C37A47CC7CAA6D82FDC1E2C23E4317D98C53AFFD_analysis-3.csv;user-I050582;2;-1414953107;true;0.19480277772752097;0.0;Infinity;1;C
user-I050582_session-9E660CDDDD20A34952D94F30C37A47CC7CAA6D82FDC1E2C23E4317D98C53AFFD_analysis-3.csv;user-I050582;2;-1487915360;true;0.03887269650509895;0.0;Infinity;1;C
user-I050582_session-9E660CDDDD20A34952D94F30C37A47CC7CAA6D82FDC1E2C23E4317D98C53AFFD_analysis-3.csv;user-I050582;2;-1487915359;true;0.03887269650509895;0.0;Infinity;1;C
user-I050582_session-9E660CDDDD20A34952D94F30C37A47CC7CAA6D82FDC1E2C23E4317D98C53AFFD_analysis-3.csv;user-I050582;2;-1487915358;true;0.03887269650509895;0.0;Infinity;1;C
user-I050582_session-9E660CDDDD20A34952D94F30C37A47CC7CAA6D82FDC1E2C23E4317D98C53AFFD_analysis-3.csv;user-I050582;2;-1487915357;true;0.2767985112079563;0.0;Infinity;1;C
user-I050582_session-9E660CDDDD20A34952D94F30C37A47CC7CAA6D82FDC1E2C23E4317D98C53AFFD_analysis-3.csv;user-I050582;2;302447685;true;0.23423988979195332;0.0;Infinity;1;C
user-I050582_session-9E660CDDDD20A34952D94F30C37A47CC7CAA6D82FDC1E2C23E4317D98C53AFFD_analysis-3.csv;user-I050582;2;323348713;true;0.3791410486520663;0.0;Infinity;1;C
user-I050582_session-9E660CDDDD20A34952D94F30C37A47CC7CAA6D82FDC1E2C23E4317D98C53AFFD_analysis-3.csv;user-I050582;2;323348712;true;0.3791410486520663;0.0;Infinity;1;C
user-I050582_session-9E660CDDDD20A34952D94F30C37A47CC7CAA6D82FDC1E2C23E4317D98C53AFFD_analysis-3.csv;user-I050582;2;302447687;true;0.23423988979195332;0.0;Infinity;1;C
user-I050582_session-9E660CDDDD20A34952D94F30C37A47CC7CAA6D82FDC1E2C23E4317D98C53AFFD_analysis-3.csv;user-I050582;2;302447686;true;0.23423988979195332;0.0;Infinity;1;C
user-I050582_session-9E660CDDDD20A34952D94F30C37A47CC7CAA6D82FDC1E2C23E4317D98C53AFFD_analysis-3.csv;user-I050582;2;323348714;true;0.45694172454500714;0.0;Infinity;1;C
user-I050582_session-9E660CDDDD20A34952D94F30C37A47CC7CAA6D82FDC1E2C23E4317D98C53AFFD_analysis-3.csv;user-I050582;2;-1487915361;true;0.03887269650509895;0.0;Infinity;1;C
user-I050582_session-9E660CDDDD20A34952D94F30C37A47CC7CAA6D82FDC1E2C23E4317D98C53AFFD_analysis-3.csv;user-I050582;2;-1487915362;true;0.03887269650509895;0.0;Infinity;1;C
user-I050582_session-9E660CDDDD20A34952D94F30C37A47CC7CAA6D82FDC1E2C23E4317D98C53AFFD_analysis-3.csv;user-I050582;2;-1556043202;true;0.49328893432317666;0.0;Infinity;1;C
user-I050582_session-9E660CDDDD20A34952D94F30C37A47CC7CAA6D82FDC1E2C23E4317D98C53AFFD_analysis-3.csv;user-I050582;2;-1556043201;true;0.49328893432317666;0.0;Infinity;1;C
user-I050582_session-9E660CDDDD20A34952D94F30C37A47CC7CAA6D82FDC1E2C23E4317D98C53AFFD_analysis-3.csv;user-I050582;2;-1556043204;true;0.49328893432317666;0.0;Infinity;1;C
user-I050582_session-9E660CDDDD20A34952D94F30C37A47CC7CAA6D82FDC1E2C23E4317D98C53AFFD_analysis-3.csv;user-I050582;2;-1556043203;true;0.49328893432317666;0.0;Infinity;1;C
user-I050582_session-9E660CDDDD20A34952D94F30C37A47CC7CAA6D82FDC1E2C23E4317D98C53AFFD_analysis-3.csv;user-I050582;2;302447689;true;0.23423988979195332;0.0;Infinity;1;C
user-I050582_session-9E660CDDDD20A34952D94F30C37A47CC7CAA6D82FDC1E2C23E4317D98C53AFFD_analysis-3.csv;user-I050582;2;323348709;true;0.3791410486520663;0.0;Infinity;1;C
user-I050582_session-9E660CDDDD20A34952D94F30C37A47CC7CAA6D82FDC1E2C23E4317D98C53AFFD_analysis-3.csv;user-I050582;2;302447688;true;0.23423988979195332;0.0;Infinity;1;C
user-I050582_session-9E660CDDDD20A34952D94F30C37A47CC7CAA6D82FDC1E2C23E4317D98C53AFFD_analysis-3.csv;user-I050582;2;-1556043205;true;0.49328893432317666;0.0;Infinity;1;C
user-I050582_session-9E660CDDDD20A34952D94F30C37A47CC7CAA6D82FDC1E2C23E4317D98C53AFFD_analysis-3.csv;user-I050582;2;323348711;true;0.3791410486520663;0.0;Infinity;1;C
user-I050582_session-9E660CDDDD20A34952D94F30C37A47CC7CAA6D82FDC1E2C23E4317D98C53AFFD_analysis-3.csv;user-I050582;2;302447690;true;0.11888991560773743;0.0;Infinity;1;C
user-I050582_session-9E660CDDDD20A34952D94F30C37A47CC7CAA6D82FDC1E2C23E4317D98C53AFFD_analysis-3.csv;user-I050582;2;323348710;true;0.3791410486520663;0.0;Infinity;1;C
user-I050582_session-9E660CDDDD20A34952D94F30C37A47CC7CAA6D82FDC1E2C23E4317D98C53AFFD_analysis-3.csv;user-I050582;2;232102403;true;0.12809796595558598;0.0;Infinity;1;C
user-I050582_session-9E660CDDDD20A34952D94F30C37A47CC7CAA6D82FDC1E2C23E4317D98C53AFFD_analysis-3.csv;user-I050582;2;232102402;true;0.12809796595558598;0.0;Infinity;1;C
user-I050582_session-9E660CDDDD20A34952D94F30C37A47CC7CAA6D82FDC1E2C23E4317D98C53AFFD_analysis-3.csv;user-I050582;2;232102401;true;0.12809796595558598;0.0;Infinity;1;C
user-I050582_session-9E660CDDDD20A34952D94F30C37A47CC7CAA6D82FDC1E2C23E4317D98C53AFFD_analysis-3.csv;user-I050582;2;232102400;true;0.12809796595558598;0.0;Infinity;1;C
user-I050582_session-9E660CDDDD20A34952D94F30C37A47CC7CAA6D82FDC1E2C23E4317D98C53AFFD_analysis-3.csv;user-I050582;2;232102404;true;0.12809796595558598;0.0;Infinity;1;C
user-I050582_session-9E660CDDDD20A34952D94F30C37A47CC7CAA6D82FDC1E2C23E4317D98C53AFFD_analysis-3.csv;user-I050582;2;785271233;true;0.49813550221544955;0.0;Infinity;1;C
user-I050582_session-9E660CDDDD20A34952D94F30C37A47CC7CAA6D82FDC1E2C23E4317D98C53AFFD_analysis-3.csv;user-I050582;2;785271232;true;0.32758669280361186;0.0;Infinity;1;C
user-I050582_session-9E660CDDDD20A34952D94F30C37A47CC7CAA6D82FDC1E2C23E4317D98C53AFFD_analysis-3.csv;user-I050582;3;785271228;true;0.32758669280361186;0.0;Infinity;1;C
user-I050582_session-9E660CDDDD20A34952D94F30C37A47CC7CAA6D82FDC1E2C23E4317D98C53AFFD_analysis-3.csv;user-I050582;3;785271229;true;0.32758669280361186;0.0;Infinity;1;C
user-I050582_session-9E660CDDDD20A34952D94F30C37A47CC7CAA6D82FDC1E2C23E4317D98C53AFFD_analysis-3.csv;user-I050582;3;785271230;true;0.32758669280361186;0.0;Infinity;1;C
user-I050582_session-9E660CDDDD20A34952D94F30C37A47CC7CAA6D82FDC1E2C23E4317D98C53AFFD_analysis-3.csv;user-I050582;3;785271231;true;0.32758669280361186;0.0;Infinity;1;C
user-I050582_session-9E660CDDDD20A34952D94F30C37A47CC7CAA6D82FDC1E2C23E4317D98C53AFFD_analysis-3.csv;user-I050582;3;-1556043200;true;0.4725380092542425;0.0;Infinity;1;C
user-I050582_session-9E660CDDDD20A34952D94F30C37A47CC7CAA6D82FDC1E2C23E4317D98C53AFFD_analysis-3.csv;user-I050582;3;-1798579006;true;0.19576066704545436;0.0;Infinity;1;C
user-I050582_session-9E660CDDDD20A34952D94F30C37A47CC7CAA6D82FDC1E2C23E4317D98C53AFFD_analysis-3.csv;user-I050582;3;-1798579005;true;0.19576066704545436;0.0;Infinity;1;C
user-I050582_session-9E660CDDDD20A34952D94F30C37A47CC7CAA6D82FDC1E2C23E4317D98C53AFFD_analysis-3.csv;user-I050582;3;-1798579004;true;0.19576066704545436;0.0;Infinity;1;C
user-I050582_session-9E660CDDDD20A34952D94F30C37A47CC7CAA6D82FDC1E2C23E4317D98C53AFFD_analysis-3.csv;user-I050582;3;-1798579003;true;0.19576066704545436;0.0;Infinity;1;C
user-I050582_session-9E660CDDDD20A34952D94F30C37A47CC7CAA6D82FDC1E2C23E4317D98C53AFFD_analysis-3.csv;user-I050582;3;-1798579002;true;0.19576066704545436;0.0;Infinity;1;C
user-I050582_session-9E660CDDDD20A34952D94F30C37A47CC7CAA6D82FDC1E2C23E4317D98C53AFFD_analysis-3.csv;user-I050582;3;-1798579001;true;0.19576066704545436;0.0;Infinity;1;C
user-I050582_session-9E660CDDDD20A34952D94F30C37A47CC7CAA6D82FDC1E2C23E4317D98C53AFFD_analysis-3.csv;user-I050582;3;849332784;true;0.018455589395000693;0.0;Infinity;1;C
user-I050582_session-9E660CDDDD20A34952D94F30C37A47CC7CAA6D82FDC1E2C23E4317D98C53AFFD_analysis-3.csv;user-I050582;3;849332785;true;0.03800395689218328;0.0;Infinity;1;C
user-I050582_session-9E660CDDDD20A34952D94F30C37A47CC7CAA6D82FDC1E2C23E4317D98C53AFFD_analysis-3.csv;user-I050582;3;-1344607825;true;0.1290087748833384;0.0;Infinity;1;C
user-I050582_session-9E660CDDDD20A34952D94F30C37A47CC7CAA6D82FDC1E2C23E4317D98C53AFFD_analysis-3.csv;user-I050582;3;-1344607824;true;0.1290087748833384;0.0;Infinity;1;C
user-I050582_session-9E660CDDDD20A34952D94F30C37A47CC7CAA6D82FDC1E2C23E4317D98C53AFFD_analysis-3.csv;user-I050582;3;159140153;true;0.22731560413322227;0.0;Infinity;1;C
user-I050582_session-9E660CDDDD20A34952D94F30C37A47CC7CAA6D82FDC1E2C23E4317D98C53AFFD_analysis-3.csv;user-I050582;3;-1344607823;true;0.1290087748833384;0.0;Infinity;1;C
user-I050582_session-9E660CDDDD20A34952D94F30C37A47CC7CAA6D82FDC1E2C23E4317D98C53AFFD_analysis-3.csv;user-I050582;3;159140152;true;0.14752432726952502;0.0;Infinity;1;C
user-I050582_session-9E660CDDDD20A34952D94F30C37A47CC7CAA6D82FDC1E2C23E4317D98C53AFFD_analysis-3.csv;user-I050582;3;-1344607822;true;0.1290087748833384;0.0;Infinity;1;C
user-I050582_session-9E660CDDDD20A34952D94F30C37A47CC7CAA6D82FDC1E2C23E4317D98C53AFFD_analysis-3.csv;user-I050582;3;-1344607821;true;0.1290087748833384;0.0;Infinity;1;C
user-I050582_session-9E660CDDDD20A34952D94F30C37A47CC7CAA6D82FDC1E2C23E4317D98C53AFFD_analysis-3.csv;user-I050582;3;-1344607820;true;0.1290087748833384;0.0;Infinity;1;C
user-I050582_session-9E660CDDDD20A34952D94F30C37A47CC7CAA6D82FDC1E2C23E4317D98C53AFFD_analysis-3.csv;user-I050582;3;785263766;true;0.3090110933938861;0.0;Infinity;1;C
user-I050582_session-9E660CDDDD20A34952D94F30C37A47CC7CAA6D82FDC1E2C23E4317D98C53AFFD_analysis-3.csv;user-I050582;3;849332783;true;0.018455589395000693;0.0;Infinity;1;C
user-I050582_session-9E660CDDDD20A34952D94F30C37A47CC7CAA6D82FDC1E2C23E4317D98C53AFFD_analysis-3.csv;user-I050582;3;232102399;true;0.12809796595558598;0.0;Infinity;1;C
user-I050582_session-9E660CDDDD20A34952D94F30C37A47CC7CAA6D82FDC1E2C23E4317D98C53AFFD_analysis-3.csv;user-I050582;3;785263767;true;0.3090110933938861;0.0;Infinity;1;C
user-I050582_session-9E660CDDDD20A34952D94F30C37A47CC7CAA6D82FDC1E2C23E4317D98C53AFFD_analysis-3.csv;user-I050582;3;849332782;true;0.018455589395000693;0.0;Infinity;1;C
user-I050582_session-9E660CDDDD20A34952D94F30C37A47CC7CAA6D82FDC1E2C23E4317D98C53AFFD_analysis-3.csv;user-I050582;3;849332781;true;0.018455589395000693;0.0;Infinity;1;C
user-I050582_session-9E660CDDDD20A34952D94F30C37A47CC7CAA6D82FDC1E2C23E4317D98C53AFFD_analysis-3.csv;user-I050582;3;849332780;true;0.018455589395000693;0.0;Infinity;1;C
user-I050582_session-9E660CDDDD20A34952D94F30C37A47CC7CAA6D82FDC1E2C23E4317D98C53AFFD_analysis-3.csv;user-I050582;3;785263765;true;0.3090110933938861;0.0;Infinity;1;C
user-I050582_session-9E660CDDDD20A34952D94F30C37A47CC7CAA6D82FDC1E2C23E4317D98C53AFFD_analysis-3.csv;user-I050582;3;785263770;true;0.39549848960859946;0.0;Infinity;1;C
user-I050582_session-9E660CDDDD20A34952D94F30C37A47CC7CAA6D82FDC1E2C23E4317D98C53AFFD_analysis-3.csv;user-I050582;3;-747072573;true;0.18677633076952838;0.0;Infinity;1;C
user-I050582_session-9E660CDDDD20A34952D94F30C37A47CC7CAA6D82FDC1E2C23E4317D98C53AFFD_analysis-3.csv;user-I050582;3;91012309;true;0.48463727800316037;0.0;Infinity;1;C
user-I050582_session-9E660CDDDD20A34952D94F30C37A47CC7CAA6D82FDC1E2C23E4317D98C53AFFD_analysis-3.csv;user-I050582;3;-747072574;true;0.18677633076952838;0.0;Infinity;1;C
user-I050582_session-9E660CDDDD20A34952D94F30C37A47CC7CAA6D82FDC1E2C23E4317D98C53AFFD_analysis-3.csv;user-I050582;3;91012308;true;0.48463727800316037;0.0;Infinity;1;C
user-I050582_session-9E660CDDDD20A34952D94F30C37A47CC7CAA6D82FDC1E2C23E4317D98C53AFFD_analysis-3.csv;user-I050582;3;785263768;true;0.3090110933938861;0.0;Infinity;1;C
user-I050582_session-9E660CDDDD20A34952D94F30C37A47CC7CAA6D82FDC1E2C23E4317D98C53AFFD_analysis-3.csv;user-I050582;3;-747072575;true;0.18677633076952838;0.0;Infinity;1;C
user-I050582_session-9E660CDDDD20A34952D94F30C37A47CC7CAA6D82FDC1E2C23E4317D98C53AFFD_analysis-3.csv;user-I050582;3;785263769;true;0.3090110933938861;0.0;Infinity;1;C
user-I050582_session-9E660CDDDD20A34952D94F30C37A47CC7CAA6D82FDC1E2C23E4317D98C53AFFD_analysis-3.csv;user-I050582;3;-747072576;true;0.18677633076952838;0.0;Infinity;1;C
user-I050582_session-9E660CDDDD20A34952D94F30C37A47CC7CAA6D82FDC1E2C23E4317D98C53AFFD_analysis-3.csv;user-I050582;3;91012310;true;0.4306324959574789;0.0;Infinity;1;C
user-I050582_session-9E660CDDDD20A34952D94F30C37A47CC7CAA6D82FDC1E2C23E4317D98C53AFFD_analysis-3.csv;user-I050582;3;159140149;true;0.14752432726952502;0.0;Infinity;1;C
user-I050582_session-9E660CDDDD20A34952D94F30C37A47CC7CAA6D82FDC1E2C23E4317D98C53AFFD_analysis-3.csv;user-I050582;3;91012305;true;0.48463727800316037;0.0;Infinity;1;C
user-I050582_session-9E660CDDDD20A34952D94F30C37A47CC7CAA6D82FDC1E2C23E4317D98C53AFFD_analysis-3.csv;user-I050582;3;159140148;true;0.14752432726952502;0.0;Infinity;1;C
user-I050582_session-9E660CDDDD20A34952D94F30C37A47CC7CAA6D82FDC1E2C23E4317D98C53AFFD_analysis-3.csv;user-I050582;3;-747072571;true;0.18677633076952838;0.0;Infinity;1;C
user-I050582_session-9E660CDDDD20A34952D94F30C37A47CC7CAA6D82FDC1E2C23E4317D98C53AFFD_analysis-3.csv;user-I050582;3;159140151;true;0.14752432726952502;0.0;Infinity;1;C
user-I050582_session-9E660CDDDD20A34952D94F30C37A47CC7CAA6D82FDC1E2C23E4317D98C53AFFD_analysis-3.csv;user-I050582;3;91012307;true;0.48463727800316037;0.0;Infinity;1;C
user-I050582_session-9E660CDDDD20A34952D94F30C37A47CC7CAA6D82FDC1E2C23E4317D98C53AFFD_analysis-3.csv;user-I050582;3;-747072572;true;0.18677633076952838;0.0;Infinity;1;C
user-I050582_session-9E660CDDDD20A34952D94F30C37A47CC7CAA6D82FDC1E2C23E4317D98C53AFFD_analysis-3.csv;user-I050582;3;159140150;true;0.14752432726952502;0.0;Infinity;1;C
user-I050582_session-9E660CDDDD20A34952D94F30C37A47CC7CAA6D82FDC1E2C23E4317D98C53AFFD_analysis-3.csv;user-I050582;3;91012306;true;0.48463727800316037;0.0;Infinity;1;C
user-I050582_session-9E660CDDDD20A34952D94F30C37A47CC7CAA6D82FDC1E2C23E4317D98C53AFFD_analysis-3.csv;user-I050582;3;-1414953111;true;0.19480277772752097;0.0;Infinity;1;C
user-I050582_session-9E660CDDDD20A34952D94F30C37A47CC7CAA6D82FDC1E2C23E4317D98C53AFFD_analysis-3.csv;user-I050582;3;-1414953110;true;0.19480277772752097;0.0;Infinity;1;C
user-I050582_session-9E660CDDDD20A34952D94F30C37A47CC7CAA6D82FDC1E2C23E4317D98C53AFFD_analysis-3.csv;user-I050582;3;-1414953109;true;0.19480277772752097;0.0;Infinity;1;C
user-I050582_session-9E660CDDDD20A34952D94F30C37A47CC7CAA6D82FDC1E2C23E4317D98C53AFFD_analysis-3.csv;user-I050582;3;-1414953108;true;0.19480277772752097;0.0;Infinity;1;C
user-I050582_session-9E660CDDDD20A34952D94F30C37A47CC7CAA6D82FDC1E2C23E4317D98C53AFFD_analysis-3.csv;user-I050582;3;-1414953107;true;0.19480277772752097;0.0;Infinity;1;C
user-I050582_session-9E660CDDDD20A34952D94F30C37A47CC7CAA6D82FDC1E2C23E4317D98C53AFFD_analysis-3.csv;user-I050582;3;-1487915360;true;0.03887269650509895;0.0;Infinity;1;C
user-I050582_session-9E660CDDDD20A34952D94F30C37A47CC7CAA6D82FDC1E2C23E4317D98C53AFFD_analysis-3.csv;user-I050582;3;-1487915359;true;0.03887269650509895;0.0;Infinity;1;C
user-I050582_session-9E660CDDDD20A34952D94F30C37A47CC7CAA6D82FDC1E2C23E4317D98C53AFFD_analysis-3.csv;user-I050582;3;-1487915358;true;0.03887269650509895;0.0;Infinity;1;C
user-I050582_session-9E660CDDDD20A34952D94F30C37A47CC7CAA6D82FDC1E2C23E4317D98C53AFFD_analysis-3.csv;user-I050582;3;-1487915357;true;0.2767985112079563;0.0;Infinity;1;C
user-I050582_session-9E660CDDDD20A34952D94F30C37A47CC7CAA6D82FDC1E2C23E4317D98C53AFFD_analysis-3.csv;user-I050582;3;302447685;true;0.23423988979195332;0.0;Infinity;1;C
user-I050582_session-9E660CDDDD20A34952D94F30C37A47CC7CAA6D82FDC1E2C23E4317D98C53AFFD_analysis-3.csv;user-I050582;3;323348713;true;0.3791410486520663;0.0;Infinity;1;C
user-I050582_session-9E660CDDDD20A34952D94F30C37A47CC7CAA6D82FDC1E2C23E4317D98C53AFFD_analysis-3.csv;user-I050582;3;323348712;true;0.3791410486520663;0.0;Infinity;1;C
user-I050582_session-9E660CDDDD20A34952D94F30C37A47CC7CAA6D82FDC1E2C23E4317D98C53AFFD_analysis-3.csv;user-I050582;3;302447687;true;0.23423988979195332;0.0;Infinity;1;C
user-I050582_session-9E660CDDDD20A34952D94F30C37A47CC7CAA6D82FDC1E2C23E4317D98C53AFFD_analysis-3.csv;user-I050582;3;302447686;true;0.23423988979195332;0.0;Infinity;1;C
user-I050582_session-9E660CDDDD20A34952D94F30C37A47CC7CAA6D82FDC1E2C23E4317D98C53AFFD_analysis-3.csv;user-I050582;3;323348714;true;0.45694172454500714;0.0;Infinity;1;C
user-I050582_session-9E660CDDDD20A34952D94F30C37A47CC7CAA6D82FDC1E2C23E4317D98C53AFFD_analysis-3.csv;user-I050582;3;-1487915361;true;0.03887269650509895;0.0;Infinity;1;C
user-I050582_session-9E660CDDDD20A34952D94F30C37A47CC7CAA6D82FDC1E2C23E4317D98C53AFFD_analysis-3.csv;user-I050582;3;-1487915362;true;0.03887269650509895;0.0;Infinity;1;C
user-I050582_session-9E660CDDDD20A34952D94F30C37A47CC7CAA6D82FDC1E2C23E4317D98C53AFFD_analysis-3.csv;user-I050582;3;-1556043202;true;0.49328893432317666;0.0;Infinity;1;C
user-I050582_session-9E660CDDDD20A34952D94F30C37A47CC7CAA6D82FDC1E2C23E4317D98C53AFFD_analysis-3.csv;user-I050582;3;-1556043201;true;0.49328893432317666;0.0;Infinity;1;C
user-I050582_session-9E660CDDDD20A34952D94F30C37A47CC7CAA6D82FDC1E2C23E4317D98C53AFFD_analysis-3.csv;user-I050582;3;-1556043204;true;0.49328893432317666;0.0;Infinity;1;C
user-I050582_session-9E660CDDDD20A34952D94F30C37A47CC7CAA6D82FDC1E2C23E4317D98C53AFFD_analysis-3.csv;user-I050582;3;-1556043203;true;0.49328893432317666;0.0;Infinity;1;C
user-I050582_session-9E660CDDDD20A34952D94F30C37A47CC7CAA6D82FDC1E2C23E4317D98C53AFFD_analysis-3.csv;user-I050582;3;302447689;true;0.23423988979195332;0.0;Infinity;1;C
user-I050582_session-9E660CDDDD20A34952D94F30C37A47CC7CAA6D82FDC1E2C23E4317D98C53AFFD_analysis-3.csv;user-I050582;3;323348709;true;0.3791410486520663;0.0;Infinity;1;C
user-I050582_session-9E660CDDDD20A34952D94F30C37A47CC7CAA6D82FDC1E2C23E4317D98C53AFFD_analysis-3.csv;user-I050582;3;302447688;true;0.23423988979195332;0.0;Infinity;1;C
user-I050582_session-9E660CDDDD20A34952D94F30C37A47CC7CAA6D82FDC1E2C23E4317D98C53AFFD_analysis-3.csv;user-I050582;3;-1556043205;true;0.49328893432317666;0.0;Infinity;1;C
user-I050582_session-9E660CDDDD20A34952D94F30C37A47CC7CAA6D82FDC1E2C23E4317D98C53AFFD_analysis-3.csv;user-I050582;3;323348711;true;0.3791410486520663;0.0;Infinity;1;C
user-I050582_session-9E660CDDDD20A34952D94F30C37A47CC7CAA6D82FDC1E2C23E4317D98C53AFFD_analysis-3.csv;user-I050582;3;302447690;true;0.11888991560773743;0.0;Infinity;1;C
user-I050582_session-9E660CDDDD20A34952D94F30C37A47CC7CAA6D82FDC1E2C23E4317D98C53AFFD_analysis-3.csv;user-I050582;3;323348710;true;0.3791410486520663;0.0;Infinity;1;C
user-I050582_session-9E660CDDDD20A34952D94F30C37A47CC7CAA6D82FDC1E2C23E4317D98C53AFFD_analysis-3.csv;user-I050582;3;232102403;true;0.12809796595558598;0.0;Infinity;1;C
user-I050582_session-9E660CDDDD20A34952D94F30C37A47CC7CAA6D82FDC1E2C23E4317D98C53AFFD_analysis-3.csv;user-I050582;3;232102402;true;0.12809796595558598;0.0;Infinity;1;C
user-I050582_session-9E660CDDDD20A34952D94F30C37A47CC7CAA6D82FDC1E2C23E4317D98C53AFFD_analysis-3.csv;user-I050582;3;232102401;true;0.12809796595558598;0.0;Infinity;1;C
user-I050582_session-9E660CDDDD20A34952D94F30C37A47CC7CAA6D82FDC1E2C23E4317D98C53AFFD_analysis-3.csv;user-I050582;3;232102400;true;0.12809796595558598;0.0;Infinity;1;C
user-I050582_session-9E660CDDDD20A34952D94F30C37A47CC7CAA6D82FDC1E2C23E4317D98C53AFFD_analysis-3.csv;user-I050582;3;232102404;true;0.12809796595558598;0.0;Infinity;1;C
user-I050582_session-9E660CDDDD20A34952D94F30C37A47CC7CAA6D82FDC1E2C23E4317D98C53AFFD_analysis-3.csv;user-I050582;3;785271233;true;0.49813550221544955;0.0;Infinity;1;C
user-I050582_session-9E660CDDDD20A34952D94F30C37A47CC7CAA6D82FDC1E2C23E4317D98C53AFFD_analysis-3.csv;user-I050582;3;785271232;true;0.32758669280361186;0.0;Infinity;1;C
user-I050582_session-9E660CDDDD20A34952D94F30C37A47CC7CAA6D82FDC1E2C23E4317D98C53AFFD_analysis-3.csv;user-I050582;4;785271228;true;0.32758669280361186;0.0;Infinity;1;C
user-I050582_session-9E660CDDDD20A34952D94F30C37A47CC7CAA6D82FDC1E2C23E4317D98C53AFFD_analysis-3.csv;user-I050582;4;785271229;true;0.32758669280361186;0.0;Infinity;1;C
user-I050582_session-9E660CDDDD20A34952D94F30C37A47CC7CAA6D82FDC1E2C23E4317D98C53AFFD_analysis-3.csv;user-I050582;4;785271230;true;0.32758669280361186;0.0;Infinity;1;C
user-I050582_session-9E660CDDDD20A34952D94F30C37A47CC7CAA6D82FDC1E2C23E4317D98C53AFFD_analysis-3.csv;user-I050582;4;785271231;true;0.32758669280361186;0.0;Infinity;1;C
user-I050582_session-9E660CDDDD20A34952D94F30C37A47CC7CAA6D82FDC1E2C23E4317D98C53AFFD_analysis-3.csv;user-I050582;4;-1556043200;true;0.4725380092542425;0.0;Infinity;1;C
user-I050582_session-9E660CDDDD20A34952D94F30C37A47CC7CAA6D82FDC1E2C23E4317D98C53AFFD_analysis-3.csv;user-I050582;4;-1798579006;true;0.19576066704545436;0.0;Infinity;1;C
user-I050582_session-9E660CDDDD20A34952D94F30C37A47CC7CAA6D82FDC1E2C23E4317D98C53AFFD_analysis-3.csv;user-I050582;4;-1798579005;true;0.19576066704545436;0.0;Infinity;1;C
user-I050582_session-9E660CDDDD20A34952D94F30C37A47CC7CAA6D82FDC1E2C23E4317D98C53AFFD_analysis-3.csv;user-I050582;4;-1798579004;true;0.19576066704545436;0.0;Infinity;1;C
user-I050582_session-9E660CDDDD20A34952D94F30C37A47CC7CAA6D82FDC1E2C23E4317D98C53AFFD_analysis-3.csv;user-I050582;4;-1798579003;true;0.19576066704545436;0.0;Infinity;1;C
user-I050582_session-9E660CDDDD20A34952D94F30C37A47CC7CAA6D82FDC1E2C23E4317D98C53AFFD_analysis-3.csv;user-I050582;4;-1798579002;true;0.19576066704545436;0.0;Infinity;1;C
user-I050582_session-9E660CDDDD20A34952D94F30C37A47CC7CAA6D82FDC1E2C23E4317D98C53AFFD_analysis-3.csv;user-I050582;4;-1798579001;true;0.19576066704545436;0.0;Infinity;1;C
user-I050582_session-9E660CDDDD20A34952D94F30C37A47CC7CAA6D82FDC1E2C23E4317D98C53AFFD_analysis-3.csv;user-I050582;4;849332784;true;0.018455589395000693;0.0;Infinity;1;C
user-I050582_session-9E660CDDDD20A34952D94F30C37A47CC7CAA6D82FDC1E2C23E4317D98C53AFFD_analysis-3.csv;user-I050582;4;849332785;true;0.03800395689218328;0.0;Infinity;1;C
user-I050582_session-9E660CDDDD20A34952D94F30C37A47CC7CAA6D82FDC1E2C23E4317D98C53AFFD_analysis-3.csv;user-I050582;4;-1344607825;true;0.1290087748833384;0.0;Infinity;1;C
user-I050582_session-9E660CDDDD20A34952D94F30C37A47CC7CAA6D82FDC1E2C23E4317D98C53AFFD_analysis-3.csv;user-I050582;4;-1344607824;true;0.1290087748833384;0.0;Infinity;1;C
user-I050582_session-9E660CDDDD20A34952D94F30C37A47CC7CAA6D82FDC1E2C23E4317D98C53AFFD_analysis-3.csv;user-I050582;4;159140153;true;0.22731560413322227;0.0;Infinity;1;C
user-I050582_session-9E660CDDDD20A34952D94F30C37A47CC7CAA6D82FDC1E2C23E4317D98C53AFFD_analysis-3.csv;user-I050582;4;-1344607823;true;0.1290087748833384;0.0;Infinity;1;C
user-I050582_session-9E660CDDDD20A34952D94F30C37A47CC7CAA6D82FDC1E2C23E4317D98C53AFFD_analysis-3.csv;user-I050582;4;159140152;true;0.14752432726952502;0.0;Infinity;1;C
user-I050582_session-9E660CDDDD20A34952D94F30C37A47CC7CAA6D82FDC1E2C23E4317D98C53AFFD_analysis-3.csv;user-I050582;4;-1344607822;true;0.1290087748833384;0.0;Infinity;1;C
user-I050582_session-9E660CDDDD20A34952D94F30C37A47CC7CAA6D82FDC1E2C23E4317D98C53AFFD_analysis-3.csv;user-I050582;4;-1344607821;true;0.1290087748833384;0.0;Infinity;1;C
user-I050582_session-9E660CDDDD20A34952D94F30C37A47CC7CAA6D82FDC1E2C23E4317D98C53AFFD_analysis-3.csv;user-I050582;4;-1344607820;true;0.1290087748833384;0.0;Infinity;1;C
user-I050582_session-9E660CDDDD20A34952D94F30C37A47CC7CAA6D82FDC1E2C23E4317D98C53AFFD_analysis-3.csv;user-I050582;4;785263766;true;0.3090110933938861;0.0;Infinity;1;C
user-I050582_session-9E660CDDDD20A34952D94F30C37A47CC7CAA6D82FDC1E2C23E4317D98C53AFFD_analysis-3.csv;user-I050582;4;849332783;true;0.018455589395000693;0.0;Infinity;1;C
user-I050582_session-9E660CDDDD20A34952D94F30C37A47CC7CAA6D82FDC1E2C23E4317D98C53AFFD_analysis-3.csv;user-I050582;4;232102399;true;0.12809796595558598;0.0;Infinity;1;C
user-I050582_session-9E660CDDDD20A34952D94F30C37A47CC7CAA6D82FDC1E2C23E4317D98C53AFFD_analysis-3.csv;user-I050582;4;785263767;true;0.3090110933938861;0.0;Infinity;1;C
user-I050582_session-9E660CDDDD20A34952D94F30C37A47CC7CAA6D82FDC1E2C23E4317D98C53AFFD_analysis-3.csv;user-I050582;4;849332782;true;0.018455589395000693;0.0;Infinity;1;C
user-I050582_session-9E660CDDDD20A34952D94F30C37A47CC7CAA6D82FDC1E2C23E4317D98C53AFFD_analysis-3.csv;user-I050582;4;849332781;true;0.018455589395000693;0.0;Infinity;1;C
user-I050582_session-9E660CDDDD20A34952D94F30C37A47CC7CAA6D82FDC1E2C23E4317D98C53AFFD_analysis-3.csv;user-I050582;4;849332780;true;0.018455589395000693;0.0;Infinity;1;C
user-I050582_session-9E660CDDDD20A34952D94F30C37A47CC7CAA6D82FDC1E2C23E4317D98C53AFFD_analysis-3.csv;user-I050582;4;785263765;true;0.3090110933938861;0.0;Infinity;1;C
user-I050582_session-9E660CDDDD20A34952D94F30C37A47CC7CAA6D82FDC1E2C23E4317D98C53AFFD_analysis-3.csv;user-I050582;4;785263770;true;0.39549848960859946;0.0;Infinity;1;C
user-I050582_session-9E660CDDDD20A34952D94F30C37A47CC7CAA6D82FDC1E2C23E4317D98C53AFFD_analysis-3.csv;user-I050582;4;-747072573;true;0.18677633076952838;0.0;Infinity;1;C
user-I050582_session-9E660CDDDD20A34952D94F30C37A47CC7CAA6D82FDC1E2C23E4317D98C53AFFD_analysis-3.csv;user-I050582;4;91012309;true;0.48463727800316037;0.0;Infinity;1;C
user-I050582_session-9E660CDDDD20A34952D94F30C37A47CC7CAA6D82FDC1E2C23E4317D98C53AFFD_analysis-3.csv;user-I050582;4;-747072574;true;0.18677633076952838;0.0;Infinity;1;C
user-I050582_session-9E660CDDDD20A34952D94F30C37A47CC7CAA6D82FDC1E2C23E4317D98C53AFFD_analysis-3.csv;user-I050582;4;91012308;true;0.48463727800316037;0.0;Infinity;1;C
user-I050582_session-9E660CDDDD20A34952D94F30C37A47CC7CAA6D82FDC1E2C23E4317D98C53AFFD_analysis-3.csv;user-I050582;4;785263768;true;0.3090110933938861;0.0;Infinity;1;C
user-I050582_session-9E660CDDDD20A34952D94F30C37A47CC7CAA6D82FDC1E2C23E4317D98C53AFFD_analysis-3.csv;user-I050582;4;-747072575;true;0.18677633076952838;0.0;Infinity;1;C
user-I050582_session-9E660CDDDD20A34952D94F30C37A47CC7CAA6D82FDC1E2C23E4317D98C53AFFD_analysis-3.csv;user-I050582;4;785263769;true;0.3090110933938861;0.0;Infinity;1;C
user-I050582_session-9E660CDDDD20A34952D94F30C37A47CC7CAA6D82FDC1E2C23E4317D98C53AFFD_analysis-3.csv;user-I050582;4;-747072576;true;0.18677633076952838;0.0;Infinity;1;C
user-I050582_session-9E660CDDDD20A34952D94F30C37A47CC7CAA6D82FDC1E2C23E4317D98C53AFFD_analysis-3.csv;user-I050582;4;91012310;true;0.4306324959574789;0.0;Infinity;1;C
user-I050582_session-9E660CDDDD20A34952D94F30C37A47CC7CAA6D82FDC1E2C23E4317D98C53AFFD_analysis-3.csv;user-I050582;4;159140149;true;0.14752432726952502;0.0;Infinity;1;C
user-I050582_session-9E660CDDDD20A34952D94F30C37A47CC7CAA6D82FDC1E2C23E4317D98C53AFFD_analysis-3.csv;user-I050582;4;91012305;true;0.48463727800316037;0.0;Infinity;1;C
user-I050582_session-9E660CDDDD20A34952D94F30C37A47CC7CAA6D82FDC1E2C23E4317D98C53AFFD_analysis-3.csv;user-I050582;4;159140148;true;0.14752432726952502;0.0;Infinity;1;C
user-I050582_session-9E660CDDDD20A34952D94F30C37A47CC7CAA6D82FDC1E2C23E4317D98C53AFFD_analysis-3.csv;user-I050582;4;-747072571;true;0.18677633076952838;0.0;Infinity;1;C
user-I050582_session-9E660CDDDD20A34952D94F30C37A47CC7CAA6D82FDC1E2C23E4317D98C53AFFD_analysis-3.csv;user-I050582;4;159140151;true;0.14752432726952502;0.0;Infinity;1;C
user-I050582_session-9E660CDDDD20A34952D94F30C37A47CC7CAA6D82FDC1E2C23E4317D98C53AFFD_analysis-3.csv;user-I050582;4;91012307;true;0.48463727800316037;0.0;Infinity;1;C
user-I050582_session-9E660CDDDD20A34952D94F30C37A47CC7CAA6D82FDC1E2C23E4317D98C53AFFD_analysis-3.csv;user-I050582;4;-747072572;true;0.18677633076952838;0.0;Infinity;1;C
user-I050582_session-9E660CDDDD20A34952D94F30C37A47CC7CAA6D82FDC1E2C23E4317D98C53AFFD_analysis-3.csv;user-I050582;4;159140150;true;0.14752432726952502;0.0;Infinity;1;C
user-I050582_session-9E660CDDDD20A34952D94F30C37A47CC7CAA6D82FDC1E2C23E4317D98C53AFFD_analysis-3.csv;user-I050582;4;91012306;true;0.48463727800316037;0.0;Infinity;1;C
user-I050582_session-9E660CDDDD20A34952D94F30C37A47CC7CAA6D82FDC1E2C23E4317D98C53AFFD_analysis-3.csv;user-I050582;4;-1414953111;true;0.19480277772752097;0.0;Infinity;1;C
user-I050582_session-9E660CDDDD20A34952D94F30C37A47CC7CAA6D82FDC1E2C23E4317D98C53AFFD_analysis-3.csv;user-I050582;4;-1414953110;true;0.19480277772752097;0.0;Infinity;1;C
user-I050582_session-9E660CDDDD20A34952D94F30C37A47CC7CAA6D82FDC1E2C23E4317D98C53AFFD_analysis-3.csv;user-I050582;4;-1414953109;true;0.19480277772752097;0.0;Infinity;1;C
user-I050582_session-9E660CDDDD20A34952D94F30C37A47CC7CAA6D82FDC1E2C23E4317D98C53AFFD_analysis-3.csv;user-I050582;4;-1414953108;true;0.19480277772752097;0.0;Infinity;1;C
user-I050582_session-9E660CDDDD20A34952D94F30C37A47CC7CAA6D82FDC1E2C23E4317D98C53AFFD_analysis-3.csv;user-I050582;4;-1414953107;true;0.19480277772752097;0.0;Infinity;1;C
user-I050582_session-9E660CDDDD20A34952D94F30C37A47CC7CAA6D82FDC1E2C23E4317D98C53AFFD_analysis-3.csv;user-I050582;4;-1487915360;true;0.03887269650509895;0.0;Infinity;1;C
user-I050582_session-9E660CDDDD20A34952D94F30C37A47CC7CAA6D82FDC1E2C23E4317D98C53AFFD_analysis-3.csv;user-I050582;4;-1487915359;true;0.03887269650509895;0.0;Infinity;1;C
user-I050582_session-9E660CDDDD20A34952D94F30C37A47CC7CAA6D82FDC1E2C23E4317D98C53AFFD_analysis-3.csv;user-I050582;4;-1487915358;true;0.03887269650509895;0.0;Infinity;1;C
user-I050582_session-9E660CDDDD20A34952D94F30C37A47CC7CAA6D82FDC1E2C23E4317D98C53AFFD_analysis-3.csv;user-I050582;4;-1487915357;true;0.2767985112079563;0.0;Infinity;1;C
user-I050582_session-9E660CDDDD20A34952D94F30C37A47CC7CAA6D82FDC1E2C23E4317D98C53AFFD_analysis-3.csv;user-I050582;4;302447685;true;0.23423988979195332;0.0;Infinity;1;C
user-I050582_session-9E660CDDDD20A34952D94F30C37A47CC7CAA6D82FDC1E2C23E4317D98C53AFFD_analysis-3.csv;user-I050582;4;323348713;true;0.3791410486520663;0.0;Infinity;1;C
user-I050582_session-9E660CDDDD20A34952D94F30C37A47CC7CAA6D82FDC1E2C23E4317D98C53AFFD_analysis-3.csv;user-I050582;4;323348712;true;0.3791410486520663;0.0;Infinity;1;C
user-I050582_session-9E660CDDDD20A34952D94F30C37A47CC7CAA6D82FDC1E2C23E4317D98C53AFFD_analysis-3.csv;user-I050582;4;302447687;true;0.23423988979195332;0.0;Infinity;1;C
user-I050582_session-9E660CDDDD20A34952D94F30C37A47CC7CAA6D82FDC1E2C23E4317D98C53AFFD_analysis-3.csv;user-I050582;4;302447686;true;0.23423988979195332;0.0;Infinity;1;C
user-I050582_session-9E660CDDDD20A34952D94F30C37A47CC7CAA6D82FDC1E2C23E4317D98C53AFFD_analysis-3.csv;user-I050582;4;323348714;true;0.45694172454500714;0.0;Infinity;1;C
user-I050582_session-9E660CDDDD20A34952D94F30C37A47CC7CAA6D82FDC1E2C23E4317D98C53AFFD_analysis-3.csv;user-I050582;4;-1487915361;true;0.03887269650509895;0.0;Infinity;1;C
user-I050582_session-9E660CDDDD20A34952D94F30C37A47CC7CAA6D82FDC1E2C23E4317D98C53AFFD_analysis-3.csv;user-I050582;4;-1487915362;true;0.03887269650509895;0.0;Infinity;1;C
user-I050582_session-9E660CDDDD20A34952D94F30C37A47CC7CAA6D82FDC1E2C23E4317D98C53AFFD_analysis-3.csv;user-I050582;4;-1556043202;true;0.49328893432317666;0.0;Infinity;1;C
user-I050582_session-9E660CDDDD20A34952D94F30C37A47CC7CAA6D82FDC1E2C23E4317D98C53AFFD_analysis-3.csv;user-I050582;4;-1556043201;true;0.49328893432317666;0.0;Infinity;1;C
user-I050582_session-9E660CDDDD20A34952D94F30C37A47CC7CAA6D82FDC1E2C23E4317D98C53AFFD_analysis-3.csv;user-I050582;4;-1556043204;true;0.49328893432317666;0.0;Infinity;1;C
user-I050582_session-9E660CDDDD20A34952D94F30C37A47CC7CAA6D82FDC1E2C23E4317D98C53AFFD_analysis-3.csv;user-I050582;4;-1556043203;true;0.49328893432317666;0.0;Infinity;1;C
user-I050582_session-9E660CDDDD20A34952D94F30C37A47CC7CAA6D82FDC1E2C23E4317D98C53AFFD_analysis-3.csv;user-I050582;4;302447689;true;0.23423988979195332;0.0;Infinity;1;C
user-I050582_session-9E660CDDDD20A34952D94F30C37A47CC7CAA6D82FDC1E2C23E4317D98C53AFFD_analysis-3.csv;user-I050582;4;323348709;true;0.3791410486520663;0.0;Infinity;1;C
user-I050582_session-9E660CDDDD20A34952D94F30C37A47CC7CAA6D82FDC1E2C23E4317D98C53AFFD_analysis-3.csv;user-I050582;4;302447688;true;0.23423988979195332;0.0;Infinity;1;C
user-I050582_session-9E660CDDDD20A34952D94F30C37A47CC7CAA6D82FDC1E2C23E4317D98C53AFFD_analysis-3.csv;user-I050582;4;-1556043205;true;0.49328893432317666;0.0;Infinity;1;C
user-I050582_session-9E660CDDDD20A34952D94F30C37A47CC7CAA6D82FDC1E2C23E4317D98C53AFFD_analysis-3.csv;user-I050582;4;323348711;true;0.3791410486520663;0.0;Infinity;1;C
user-I050582_session-9E660CDDDD20A34952D94F30C37A47CC7CAA6D82FDC1E2C23E4317D98C53AFFD_analysis-3.csv;user-I050582;4;302447690;true;0.11888991560773743;0.0;Infinity;1;C
user-I050582_session-9E660CDDDD20A34952D94F30C37A47CC7CAA6D82FDC1E2C23E4317D98C53AFFD_analysis-3.csv;user-I050582;4;323348710;true;0.3791410486520663;0.0;Infinity;1;C
user-I050582_session-9E660CDDDD20A34952D94F30C37A47CC7CAA6D82FDC1E2C23E4317D98C53AFFD_analysis-3.csv;user-I050582;4;232102403;true;0.12809796595558598;0.0;Infinity;1;C
user-I050582_session-9E660CDDDD20A34952D94F30C37A47CC7CAA6D82FDC1E2C23E4317D98C53AFFD_analysis-3.csv;user-I050582;4;232102402;true;0.12809796595558598;0.0;Infinity;1;C
user-I050582_session-9E660CDDDD20A34952D94F30C37A47CC7CAA6D82FDC1E2C23E4317D98C53AFFD_analysis-3.csv;user-I050582;4;232102401;true;0.12809796595558598;0.0;Infinity;1;C
user-I050582_session-9E660CDDDD20A34952D94F30C37A47CC7CAA6D82FDC1E2C23E4317D98C53AFFD_analysis-3.csv;user-I050582;4;232102400;true;0.12809796595558598;0.0;Infinity;1;C
user-I050582_session-9E660CDDDD20A34952D94F30C37A47CC7CAA6D82FDC1E2C23E4317D98C53AFFD_analysis-3.csv;user-I050582;4;232102404;true;0.12809796595558598;0.0;Infinity;1;C
user-I050582_session-9E660CDDDD20A34952D94F30C37A47CC7CAA6D82FDC1E2C23E4317D98C53AFFD_analysis-3.csv;user-I050582;4;785271233;true;0.49813550221544955;0.0;Infinity;1;C
user-I050582_session-9E660CDDDD20A34952D94F30C37A47CC7CAA6D82FDC1E2C23E4317D98C53AFFD_analysis-3.csv;user-I050582;4;785271232;true;0.32758669280361186;0.0;Infinity;1;C
user-I050582_session-9E660CDDDD20A34952D94F30C37A47CC7CAA6D82FDC1E2C23E4317D98C53AFFD_analysis-3.csv;user-I050582;5;-1704064148;true;0.3533197452202932;0.0;Infinity;1;C
user-I050582_session-9E660CDDDD20A34952D94F30C37A47CC7CAA6D82FDC1E2C23E4317D98C53AFFD_analysis-3.csv;user-I050582;5;-895093519;true;0.19260604545896776;0.0;Infinity;1;C
user-I050582_session-9E660CDDDD20A34952D94F30C37A47CC7CAA6D82FDC1E2C23E4317D98C53AFFD_analysis-3.csv;user-I050582;5;637242822;true;0.3554310335315485;0.0;Infinity;1;C
user-I050582_session-9E660CDDDD20A34952D94F30C37A47CC7CAA6D82FDC1E2C23E4317D98C53AFFD_analysis-3.csv;user-I050582;5;175327766;true;0.3561134335652901;0.0;Infinity;1;C
user-I050582_session-9E660CDDDD20A34952D94F30C37A47CC7CAA6D82FDC1E2C23E4317D98C53AFFD_analysis-3.csv;user-I050582;5;-1946599949;true;0.2537292563736546;0.0;Infinity;1;C
user-I050582_session-9E660CDDDD20A34952D94F30C37A47CC7CAA6D82FDC1E2C23E4317D98C53AFFD_analysis-3.csv;user-I050582;5;701311837;true;0.10406015609295294;0.0;Infinity;1;C
user-I050582_session-9E660CDDDD20A34952D94F30C37A47CC7CAA6D82FDC1E2C23E4317D98C53AFFD_analysis-3.csv;user-I050582;5;84081456;true;0.21329149767143696;0.0;Infinity;1;C
user-I050582_session-9E660CDDDD20A34952D94F30C37A47CC7CAA6D82FDC1E2C23E4317D98C53AFFD_analysis-3.csv;user-I050582;5;-1492628768;true;0.24279718131533934;0.0;Infinity;1;C
user-I050582_session-9E660CDDDD20A34952D94F30C37A47CC7CAA6D82FDC1E2C23E4317D98C53AFFD_analysis-3.csv;user-I050582;5;637250285;true;0.49380457692620416;0.0;Infinity;1;C
user-I050582_session-9E660CDDDD20A34952D94F30C37A47CC7CAA6D82FDC1E2C23E4317D98C53AFFD_analysis-3.csv;user-I050582;5;154426742;true;0.19671397806577073;0.0;Infinity;1;C
user-I050582_session-9E660CDDDD20A34952D94F30C37A47CC7CAA6D82FDC1E2C23E4317D98C53AFFD_analysis-3.csv;user-I050582;5;11119205;true;0.4731419743801941;0.0;Infinity;1;C
user-I050582_session-9E660CDDDD20A34952D94F30C37A47CC7CAA6D82FDC1E2C23E4317D98C53AFFD_analysis-3.csv;user-I050582;5;-1562974054;true;0.35928349284198247;0.0;Infinity;1;C
user-I050582_session-9E660CDDDD20A34952D94F30C37A47CC7CAA6D82FDC1E2C23E4317D98C53AFFD_analysis-3.csv;user-I050582;5;-57008638;true;0.4019460404513845;0.0;Infinity;1;C
user-I050582_session-9E660CDDDD20A34952D94F30C37A47CC7CAA6D82FDC1E2C23E4317D98C53AFFD_analysis-3.csv;user-I050582;5;-1635936305;true;0.002664756708902427;0.0;Infinity;1;C
user-I050582_session-9E660CDDDD20A34952D94F30C37A47CC7CAA6D82FDC1E2C23E4317D98C53AFFD_analysis-3.csv;user-I050582;6;-1645642369;true;0.02204554857721397;0.0;Infinity;1;C
user-I050582_session-9E660CDDDD20A34952D94F30C37A47CC7CAA6D82FDC1E2C23E4317D98C53AFFD_analysis-3.csv;user-I050582;6;1959132295;true;0.15766810112797391;0.0;Infinity;1;C
user-I050582_session-9E660CDDDD20A34952D94F30C37A47CC7CAA6D82FDC1E2C23E4317D98C53AFFD_analysis-3.csv;user-I050582;6;385039036;true;0.25098653649098246;0.0;Infinity;1;C
user-I050582_session-9E660CDDDD20A34952D94F30C37A47CC7CAA6D82FDC1E2C23E4317D98C53AFFD_analysis-3.csv;user-I050582;6;-1709703921;true;0.45824589628565937;0.0;Infinity;1;C
user-I050582_session-9E660CDDDD20A34952D94F30C37A47CC7CAA6D82FDC1E2C23E4317D98C53AFFD_analysis-3.csv;user-I050582;6;1052919571;true;0.18283311941341984;0.0;Infinity;1;C
user-I050582_session-9E660CDDDD20A34952D94F30C37A47CC7CAA6D82FDC1E2C23E4317D98C53AFFD_analysis-3.csv;user-I050582;6;2102439832;true;0.21467279309802723;0.0;Infinity;1;C
user-I050582_session-9E660CDDDD20A34952D94F30C37A47CC7CAA6D82FDC1E2C23E4317D98C53AFFD_analysis-3.csv;user-I050582;6;-1709711384;true;0.48279068880324305;0.0;Infinity;1;C
user-I050582_session-9E660CDDDD20A34952D94F30C37A47CC7CAA6D82FDC1E2C23E4317D98C53AFFD_analysis-3.csv;user-I050582;6;455384322;true;0.16832974360988073;0.0;Infinity;1;C
user-I050582_session-9E660CDDDD20A34952D94F30C37A47CC7CAA6D82FDC1E2C23E4317D98C53AFFD_analysis-3.csv;user-I050582;6;312076785;true;0.028434234348105436;0.0;Infinity;1;C
user-I050582_session-9E660CDDDD20A34952D94F30C37A47CC7CAA6D82FDC1E2C23E4317D98C53AFFD_analysis-3.csv;user-I050582;6;2032094546;true;0.16162171616262855;0.0;Infinity;1;C
user-I050582_session-9E660CDDDD20A34952D94F30C37A47CC7CAA6D82FDC1E2C23E4317D98C53AFFD_analysis-3.csv;user-I050582;6;1891004452;true;0.4859741891639724;0.0;Infinity;1;C
user-I050582_session-9E660CDDDD20A34952D94F30C37A47CC7CAA6D82FDC1E2C23E4317D98C53AFFD_analysis-3.csv;user-I050582;6;243948942;true;0.3876669041018673;0.0;Infinity;1;C
user-I050582_session-9E660CDDDD20A34952D94F30C37A47CC7CAA6D82FDC1E2C23E4317D98C53AFFD_analysis-3.csv;user-I050582;6;1413141;true;0.2626713824722766;0.0;Infinity;1;C
user-I050582_session-9E660CDDDD20A34952D94F30C37A47CC7CAA6D82FDC1E2C23E4317D98C53AFFD_analysis-3.csv;user-I050582;6;2123340856;true;0.44269361154022624;0.0;Infinity;1;C
user-I050582_session-9E660CDDDD20A34952D94F30C37A47CC7CAA6D82FDC1E2C23E4317D98C53AFFD_analysis-3.csv;user-I050582;7;-1234309182;true;NaN;0.0;Infinity;1;C
user-I050582_session-9E660CDDDD20A34952D94F30C37A47CC7CAA6D82FDC1E2C23E4317D98C53AFFD_analysis-3.csv;user-I050582;8;-1301761052;true;0.4386460669144113;0.0;Infinity;1;C
user-I050582_session-9E660CDDDD20A34952D94F30C37A47CC7CAA6D82FDC1E2C23E4317D98C53AFFD_analysis-3.csv;user-I050582;8;793000790;true;0.29232356364235423;0.0;Infinity;1;C
user-I050582_session-9E660CDDDD20A34952D94F30C37A47CC7CAA6D82FDC1E2C23E4317D98C53AFFD_analysis-3.csv;user-I050582;8;651910696;true;0.4359409861715702;0.0;Infinity;1;C
user-I050582_session-9E660CDDDD20A34952D94F30C37A47CC7CAA6D82FDC1E2C23E4317D98C53AFFD_analysis-3.csv;user-I050582;8;-1237680615;true;0.4367852247422749;0.0;Infinity;1;C
user-I050582_session-9E660CDDDD20A34952D94F30C37A47CC7CAA6D82FDC1E2C23E4317D98C53AFFD_analysis-3.csv;user-I050582;8;863346076;true;0.09495381216611842;0.0;Infinity;1;C
user-I050582_session-9E660CDDDD20A34952D94F30C37A47CC7CAA6D82FDC1E2C23E4317D98C53AFFD_analysis-3.csv;user-I050582;8;720038539;true;0.044078330795545906;0.0;Infinity;1;C
