session ;user;query position;cell hashcode;novelty;outlierness;relevance;surprise;query label;session label
user-I301280_session-97AFC965ABF526B36B105A3821C9BD1C9F1390DB3D7B2B07D7C6A16AF3061CF2_analysis-10.csv;user-I301280;1;-1932430166;true;0.11553408414414745;0.0;Infinity;1;C
user-I301280_session-97AFC965ABF526B36B105A3821C9BD1C9F1390DB3D7B2B07D7C6A16AF3061CF2_analysis-10.csv;user-I301280;1;1828983515;true;0.2136419865627157;0.0;Infinity;1;C
user-I301280_session-97AFC965ABF526B36B105A3821C9BD1C9F1390DB3D7B2B07D7C6A16AF3061CF2_analysis-10.csv;user-I301280;1;938365628;true;0.31663539654050255;0.0;Infinity;1;C
user-I301280_session-97AFC965ABF526B36B105A3821C9BD1C9F1390DB3D7B2B07D7C6A16AF3061CF2_analysis-10.csv;user-I301280;1;-1426051237;true;0.1876260825116598;0.0;Infinity;1;C
user-I301280_session-97AFC965ABF526B36B105A3821C9BD1C9F1390DB3D7B2B07D7C6A16AF3061CF2_analysis-10.csv;user-I301280;1;495467645;true;0.16851689500562594;0.0;Infinity;1;C
user-I301280_session-97AFC965ABF526B36B105A3821C9BD1C9F1390DB3D7B2B07D7C6A16AF3061CF2_analysis-10.csv;user-I301280;2;-1932430166;true;0.11553408414414745;0.0;Infinity;1;C
user-I301280_session-97AFC965ABF526B36B105A3821C9BD1C9F1390DB3D7B2B07D7C6A16AF3061CF2_analysis-10.csv;user-I301280;2;1828983515;true;0.2136419865627157;0.0;Infinity;1;C
user-I301280_session-97AFC965ABF526B36B105A3821C9BD1C9F1390DB3D7B2B07D7C6A16AF3061CF2_analysis-10.csv;user-I301280;2;938365628;true;0.31663539654050255;0.0;Infinity;1;C
user-I301280_session-97AFC965ABF526B36B105A3821C9BD1C9F1390DB3D7B2B07D7C6A16AF3061CF2_analysis-10.csv;user-I301280;2;-1426051237;true;0.1876260825116598;0.0;Infinity;1;C
user-I301280_session-97AFC965ABF526B36B105A3821C9BD1C9F1390DB3D7B2B07D7C6A16AF3061CF2_analysis-10.csv;user-I301280;2;495467645;true;0.16851689500562594;0.0;Infinity;1;C
user-I301280_session-97AFC965ABF526B36B105A3821C9BD1C9F1390DB3D7B2B07D7C6A16AF3061CF2_analysis-10.csv;user-I301280;3;-1932430166;true;0.11553408414414745;0.0;Infinity;1;C
user-I301280_session-97AFC965ABF526B36B105A3821C9BD1C9F1390DB3D7B2B07D7C6A16AF3061CF2_analysis-10.csv;user-I301280;3;1828983515;true;0.2136419865627157;0.0;Infinity;1;C
user-I301280_session-97AFC965ABF526B36B105A3821C9BD1C9F1390DB3D7B2B07D7C6A16AF3061CF2_analysis-10.csv;user-I301280;3;938365628;true;0.31663539654050255;0.0;Infinity;1;C
user-I301280_session-97AFC965ABF526B36B105A3821C9BD1C9F1390DB3D7B2B07D7C6A16AF3061CF2_analysis-10.csv;user-I301280;3;-1426051237;true;0.1876260825116598;0.0;Infinity;1;C
user-I301280_session-97AFC965ABF526B36B105A3821C9BD1C9F1390DB3D7B2B07D7C6A16AF3061CF2_analysis-10.csv;user-I301280;3;495467645;true;0.16851689500562594;0.0;Infinity;1;C
user-I301280_session-97AFC965ABF526B36B105A3821C9BD1C9F1390DB3D7B2B07D7C6A16AF3061CF2_analysis-10.csv;user-I301280;4;-1932430166;true;0.11553408414414745;0.0;Infinity;0;C
user-I301280_session-97AFC965ABF526B36B105A3821C9BD1C9F1390DB3D7B2B07D7C6A16AF3061CF2_analysis-10.csv;user-I301280;4;1828983515;true;0.2136419865627157;0.0;Infinity;0;C
user-I301280_session-97AFC965ABF526B36B105A3821C9BD1C9F1390DB3D7B2B07D7C6A16AF3061CF2_analysis-10.csv;user-I301280;4;938365628;true;0.31663539654050255;0.0;Infinity;0;C
user-I301280_session-97AFC965ABF526B36B105A3821C9BD1C9F1390DB3D7B2B07D7C6A16AF3061CF2_analysis-10.csv;user-I301280;4;-1426051237;true;0.1876260825116598;0.0;Infinity;0;C
user-I301280_session-97AFC965ABF526B36B105A3821C9BD1C9F1390DB3D7B2B07D7C6A16AF3061CF2_analysis-10.csv;user-I301280;4;495467645;true;0.16851689500562594;0.0;Infinity;0;C
user-I301280_session-97AFC965ABF526B36B105A3821C9BD1C9F1390DB3D7B2B07D7C6A16AF3061CF2_analysis-10.csv;user-I301280;5;-1368454907;true;0.47070622166185216;0.0;Infinity;1;C
user-I301280_session-97AFC965ABF526B36B105A3821C9BD1C9F1390DB3D7B2B07D7C6A16AF3061CF2_analysis-10.csv;user-I301280;5;-1368434018;true;0.2377535967818456;0.0;Infinity;1;C
user-I301280_session-97AFC965ABF526B36B105A3821C9BD1C9F1390DB3D7B2B07D7C6A16AF3061CF2_analysis-10.csv;user-I301280;5;-1368454908;true;0.4527669977757919;0.0;Infinity;1;C
user-I301280_session-97AFC965ABF526B36B105A3821C9BD1C9F1390DB3D7B2B07D7C6A16AF3061CF2_analysis-10.csv;user-I301280;5;-1368434017;true;0.16341469264969666;0.0;Infinity;1;C
user-I301280_session-97AFC965ABF526B36B105A3821C9BD1C9F1390DB3D7B2B07D7C6A16AF3061CF2_analysis-10.csv;user-I301280;5;-1368434020;true;0.3445972698370965;0.0;Infinity;1;C
user-I301280_session-97AFC965ABF526B36B105A3821C9BD1C9F1390DB3D7B2B07D7C6A16AF3061CF2_analysis-10.csv;user-I301280;5;-1368454906;true;0.42002685429631226;0.0;Infinity;1;C
user-I301280_session-97AFC965ABF526B36B105A3821C9BD1C9F1390DB3D7B2B07D7C6A16AF3061CF2_analysis-10.csv;user-I301280;5;-1368434019;true;0.33375067948085935;0.0;Infinity;1;C
user-I301280_session-97AFC965ABF526B36B105A3821C9BD1C9F1390DB3D7B2B07D7C6A16AF3061CF2_analysis-10.csv;user-I301280;5;-1368454911;true;0.3856032699552746;0.0;Infinity;1;C
user-I301280_session-97AFC965ABF526B36B105A3821C9BD1C9F1390DB3D7B2B07D7C6A16AF3061CF2_analysis-10.csv;user-I301280;5;-1368454912;true;0.3747347114465366;0.0;Infinity;1;C
user-I301280_session-97AFC965ABF526B36B105A3821C9BD1C9F1390DB3D7B2B07D7C6A16AF3061CF2_analysis-10.csv;user-I301280;5;-1368434021;true;0.33021786952932897;0.0;Infinity;1;C
user-I301280_session-97AFC965ABF526B36B105A3821C9BD1C9F1390DB3D7B2B07D7C6A16AF3061CF2_analysis-10.csv;user-I301280;5;-1368454909;true;0.4015255921566243;0.0;Infinity;1;C
user-I301280_session-97AFC965ABF526B36B105A3821C9BD1C9F1390DB3D7B2B07D7C6A16AF3061CF2_analysis-10.csv;user-I301280;5;-1368454910;true;0.3913090834413452;0.0;Infinity;1;C
user-I301280_session-97AFC965ABF526B36B105A3821C9BD1C9F1390DB3D7B2B07D7C6A16AF3061CF2_analysis-10.csv;user-I301280;5;-1368454884;true;0.4008537854907095;0.0;Infinity;1;C
user-I301280_session-97AFC965ABF526B36B105A3821C9BD1C9F1390DB3D7B2B07D7C6A16AF3061CF2_analysis-10.csv;user-I301280;5;-1368454883;true;0.39340461430611495;0.0;Infinity;1;C
user-I301280_session-97AFC965ABF526B36B105A3821C9BD1C9F1390DB3D7B2B07D7C6A16AF3061CF2_analysis-10.csv;user-I301280;5;-1368454882;true;0.4191469823839422;0.0;Infinity;1;C
user-I301280_session-97AFC965ABF526B36B105A3821C9BD1C9F1390DB3D7B2B07D7C6A16AF3061CF2_analysis-10.csv;user-I301280;5;-1368454881;true;0.441139194891113;0.0;Infinity;1;C
user-I301280_session-97AFC965ABF526B36B105A3821C9BD1C9F1390DB3D7B2B07D7C6A16AF3061CF2_analysis-10.csv;user-I301280;5;-1368433988;true;0.005856102895507975;0.0;Infinity;1;C
user-I301280_session-97AFC965ABF526B36B105A3821C9BD1C9F1390DB3D7B2B07D7C6A16AF3061CF2_analysis-10.csv;user-I301280;5;-1368454977;true;0.13456263069491414;0.0;Infinity;1;C
user-I301280_session-97AFC965ABF526B36B105A3821C9BD1C9F1390DB3D7B2B07D7C6A16AF3061CF2_analysis-10.csv;user-I301280;5;-1368454875;true;0.3809753745764737;0.0;Infinity;1;C
user-I301280_session-97AFC965ABF526B36B105A3821C9BD1C9F1390DB3D7B2B07D7C6A16AF3061CF2_analysis-10.csv;user-I301280;5;-1368454876;true;0.4171616681538787;0.0;Infinity;1;C
user-I301280_session-97AFC965ABF526B36B105A3821C9BD1C9F1390DB3D7B2B07D7C6A16AF3061CF2_analysis-10.csv;user-I301280;5;-1368454877;true;0.39267854092157994;0.0;Infinity;1;C
user-I301280_session-97AFC965ABF526B36B105A3821C9BD1C9F1390DB3D7B2B07D7C6A16AF3061CF2_analysis-10.csv;user-I301280;5;-1368454878;true;0.4088469579217303;0.0;Infinity;1;C
user-I301280_session-97AFC965ABF526B36B105A3821C9BD1C9F1390DB3D7B2B07D7C6A16AF3061CF2_analysis-10.csv;user-I301280;5;-1368433990;true;0.018560321800888957;0.0;Infinity;1;C
user-I301280_session-97AFC965ABF526B36B105A3821C9BD1C9F1390DB3D7B2B07D7C6A16AF3061CF2_analysis-10.csv;user-I301280;5;-1368454879;true;0.42491587086335425;0.0;Infinity;1;C
user-I301280_session-97AFC965ABF526B36B105A3821C9BD1C9F1390DB3D7B2B07D7C6A16AF3061CF2_analysis-10.csv;user-I301280;5;-1368433989;true;0.006709051756022877;0.0;Infinity;1;C
user-I301280_session-97AFC965ABF526B36B105A3821C9BD1C9F1390DB3D7B2B07D7C6A16AF3061CF2_analysis-10.csv;user-I301280;5;-1368454880;true;0.44569955464071376;0.0;Infinity;1;C
user-I301280_session-97AFC965ABF526B36B105A3821C9BD1C9F1390DB3D7B2B07D7C6A16AF3061CF2_analysis-10.csv;user-I301280;5;-1368434012;true;0.05385306917640609;0.0;Infinity;1;C
user-I301280_session-97AFC965ABF526B36B105A3821C9BD1C9F1390DB3D7B2B07D7C6A16AF3061CF2_analysis-10.csv;user-I301280;5;-1368434015;true;0.05718949752724245;0.0;Infinity;1;C
user-I301280_session-97AFC965ABF526B36B105A3821C9BD1C9F1390DB3D7B2B07D7C6A16AF3061CF2_analysis-10.csv;user-I301280;5;-1368434016;true;0.10088170926530649;0.0;Infinity;1;C
user-I301280_session-97AFC965ABF526B36B105A3821C9BD1C9F1390DB3D7B2B07D7C6A16AF3061CF2_analysis-10.csv;user-I301280;5;-1368434013;true;0.022544678159850617;0.0;Infinity;1;C
user-I301280_session-97AFC965ABF526B36B105A3821C9BD1C9F1390DB3D7B2B07D7C6A16AF3061CF2_analysis-10.csv;user-I301280;5;-1368434014;true;0.03079443685405603;0.0;Infinity;1;C
user-I301280_session-97AFC965ABF526B36B105A3821C9BD1C9F1390DB3D7B2B07D7C6A16AF3061CF2_analysis-10.csv;user-I301280;5;-1368454945;true;0.17241917929231043;0.0;Infinity;1;C
user-I301280_session-97AFC965ABF526B36B105A3821C9BD1C9F1390DB3D7B2B07D7C6A16AF3061CF2_analysis-10.csv;user-I301280;5;-1368454946;true;0.16409505210852893;0.0;Infinity;1;C
user-I301280_session-97AFC965ABF526B36B105A3821C9BD1C9F1390DB3D7B2B07D7C6A16AF3061CF2_analysis-10.csv;user-I301280;5;-1368454974;true;0.13550890626325907;0.0;Infinity;1;C
user-I301280_session-97AFC965ABF526B36B105A3821C9BD1C9F1390DB3D7B2B07D7C6A16AF3061CF2_analysis-10.csv;user-I301280;5;-1368454973;true;0.13829487697167941;0.0;Infinity;1;C
user-I301280_session-97AFC965ABF526B36B105A3821C9BD1C9F1390DB3D7B2B07D7C6A16AF3061CF2_analysis-10.csv;user-I301280;5;-1368454976;true;0.1335739336696703;0.0;Infinity;1;C
user-I301280_session-97AFC965ABF526B36B105A3821C9BD1C9F1390DB3D7B2B07D7C6A16AF3061CF2_analysis-10.csv;user-I301280;5;-1368454975;true;0.13394998949845505;0.0;Infinity;1;C
user-I301280_session-97AFC965ABF526B36B105A3821C9BD1C9F1390DB3D7B2B07D7C6A16AF3061CF2_analysis-10.csv;user-I301280;5;-1368454970;true;0.1488818525343002;0.0;Infinity;1;C
user-I301280_session-97AFC965ABF526B36B105A3821C9BD1C9F1390DB3D7B2B07D7C6A16AF3061CF2_analysis-10.csv;user-I301280;5;-1368454969;true;0.1529280200945382;0.0;Infinity;1;C
user-I301280_session-97AFC965ABF526B36B105A3821C9BD1C9F1390DB3D7B2B07D7C6A16AF3061CF2_analysis-10.csv;user-I301280;5;-1368454972;true;0.14168925408861566;0.0;Infinity;1;C
user-I301280_session-97AFC965ABF526B36B105A3821C9BD1C9F1390DB3D7B2B07D7C6A16AF3061CF2_analysis-10.csv;user-I301280;5;-1368454971;true;0.14615238318656276;0.0;Infinity;1;C
user-I301280_session-97AFC965ABF526B36B105A3821C9BD1C9F1390DB3D7B2B07D7C6A16AF3061CF2_analysis-10.csv;user-I301280;5;-1368454968;true;0.15799092809403947;0.0;Infinity;1;C
user-I301280_session-97AFC965ABF526B36B105A3821C9BD1C9F1390DB3D7B2B07D7C6A16AF3061CF2_analysis-10.csv;user-I301280;5;-1368454915;true;0.31644481841590877;0.0;Infinity;1;C
user-I301280_session-97AFC965ABF526B36B105A3821C9BD1C9F1390DB3D7B2B07D7C6A16AF3061CF2_analysis-10.csv;user-I301280;5;-1368454913;true;0.35033658934245293;0.0;Infinity;1;C
user-I301280_session-97AFC965ABF526B36B105A3821C9BD1C9F1390DB3D7B2B07D7C6A16AF3061CF2_analysis-10.csv;user-I301280;5;-1368454914;true;0.3465230029334476;0.0;Infinity;1;C
user-I301280_session-97AFC965ABF526B36B105A3821C9BD1C9F1390DB3D7B2B07D7C6A16AF3061CF2_analysis-10.csv;user-I301280;5;-1368454944;true;0.1827148529163931;0.0;Infinity;1;C
user-I301280_session-97AFC965ABF526B36B105A3821C9BD1C9F1390DB3D7B2B07D7C6A16AF3061CF2_analysis-10.csv;user-I301280;5;-1368454943;true;0.19681102735692857;0.0;Infinity;1;C
user-I301280_session-97AFC965ABF526B36B105A3821C9BD1C9F1390DB3D7B2B07D7C6A16AF3061CF2_analysis-10.csv;user-I301280;5;-1368454942;true;0.22080577856800698;0.0;Infinity;1;C
user-I301280_session-97AFC965ABF526B36B105A3821C9BD1C9F1390DB3D7B2B07D7C6A16AF3061CF2_analysis-10.csv;user-I301280;5;-1368454941;true;0.2303812368620567;0.0;Infinity;1;C
user-I301280_session-97AFC965ABF526B36B105A3821C9BD1C9F1390DB3D7B2B07D7C6A16AF3061CF2_analysis-10.csv;user-I301280;5;-1368454940;true;0.259347947414337;0.0;Infinity;1;C
user-I301280_session-97AFC965ABF526B36B105A3821C9BD1C9F1390DB3D7B2B07D7C6A16AF3061CF2_analysis-10.csv;user-I301280;5;-1368454939;true;0.26187161452575336;0.0;Infinity;1;C
user-I301280_session-97AFC965ABF526B36B105A3821C9BD1C9F1390DB3D7B2B07D7C6A16AF3061CF2_analysis-10.csv;user-I301280;5;-1368454938;true;0.26662228993324955;0.0;Infinity;1;C
user-I301280_session-97AFC965ABF526B36B105A3821C9BD1C9F1390DB3D7B2B07D7C6A16AF3061CF2_analysis-10.csv;user-I301280;5;-1368454937;true;0.28852550790621057;0.0;Infinity;1;C
user-I301280_session-97AFC965ABF526B36B105A3821C9BD1C9F1390DB3D7B2B07D7C6A16AF3061CF2_analysis-10.csv;user-I301280;6;-1368454907;true;0.47070622166185216;0.0;Infinity;1;C
user-I301280_session-97AFC965ABF526B36B105A3821C9BD1C9F1390DB3D7B2B07D7C6A16AF3061CF2_analysis-10.csv;user-I301280;6;-1368434018;true;0.2377535967818456;0.0;Infinity;1;C
user-I301280_session-97AFC965ABF526B36B105A3821C9BD1C9F1390DB3D7B2B07D7C6A16AF3061CF2_analysis-10.csv;user-I301280;6;-1368454908;true;0.4527669977757919;0.0;Infinity;1;C
user-I301280_session-97AFC965ABF526B36B105A3821C9BD1C9F1390DB3D7B2B07D7C6A16AF3061CF2_analysis-10.csv;user-I301280;6;-1368434017;true;0.16341469264969666;0.0;Infinity;1;C
user-I301280_session-97AFC965ABF526B36B105A3821C9BD1C9F1390DB3D7B2B07D7C6A16AF3061CF2_analysis-10.csv;user-I301280;6;-1368434020;true;0.3445972698370965;0.0;Infinity;1;C
user-I301280_session-97AFC965ABF526B36B105A3821C9BD1C9F1390DB3D7B2B07D7C6A16AF3061CF2_analysis-10.csv;user-I301280;6;-1368454906;true;0.42002685429631226;0.0;Infinity;1;C
user-I301280_session-97AFC965ABF526B36B105A3821C9BD1C9F1390DB3D7B2B07D7C6A16AF3061CF2_analysis-10.csv;user-I301280;6;-1368434019;true;0.33375067948085935;0.0;Infinity;1;C
user-I301280_session-97AFC965ABF526B36B105A3821C9BD1C9F1390DB3D7B2B07D7C6A16AF3061CF2_analysis-10.csv;user-I301280;6;-1368454911;true;0.3856032699552746;0.0;Infinity;1;C
user-I301280_session-97AFC965ABF526B36B105A3821C9BD1C9F1390DB3D7B2B07D7C6A16AF3061CF2_analysis-10.csv;user-I301280;6;-1368454912;true;0.3747347114465366;0.0;Infinity;1;C
user-I301280_session-97AFC965ABF526B36B105A3821C9BD1C9F1390DB3D7B2B07D7C6A16AF3061CF2_analysis-10.csv;user-I301280;6;-1368434021;true;0.33021786952932897;0.0;Infinity;1;C
user-I301280_session-97AFC965ABF526B36B105A3821C9BD1C9F1390DB3D7B2B07D7C6A16AF3061CF2_analysis-10.csv;user-I301280;6;-1368454909;true;0.4015255921566243;0.0;Infinity;1;C
user-I301280_session-97AFC965ABF526B36B105A3821C9BD1C9F1390DB3D7B2B07D7C6A16AF3061CF2_analysis-10.csv;user-I301280;6;-1368454910;true;0.3913090834413452;0.0;Infinity;1;C
user-I301280_session-97AFC965ABF526B36B105A3821C9BD1C9F1390DB3D7B2B07D7C6A16AF3061CF2_analysis-10.csv;user-I301280;6;-1368454884;true;0.4008537854907095;0.0;Infinity;1;C
user-I301280_session-97AFC965ABF526B36B105A3821C9BD1C9F1390DB3D7B2B07D7C6A16AF3061CF2_analysis-10.csv;user-I301280;6;-1368454883;true;0.39340461430611495;0.0;Infinity;1;C
user-I301280_session-97AFC965ABF526B36B105A3821C9BD1C9F1390DB3D7B2B07D7C6A16AF3061CF2_analysis-10.csv;user-I301280;6;-1368454882;true;0.4191469823839422;0.0;Infinity;1;C
user-I301280_session-97AFC965ABF526B36B105A3821C9BD1C9F1390DB3D7B2B07D7C6A16AF3061CF2_analysis-10.csv;user-I301280;6;-1368454881;true;0.441139194891113;0.0;Infinity;1;C
user-I301280_session-97AFC965ABF526B36B105A3821C9BD1C9F1390DB3D7B2B07D7C6A16AF3061CF2_analysis-10.csv;user-I301280;6;-1368433988;true;0.005856102895507975;0.0;Infinity;1;C
user-I301280_session-97AFC965ABF526B36B105A3821C9BD1C9F1390DB3D7B2B07D7C6A16AF3061CF2_analysis-10.csv;user-I301280;6;-1368454977;true;0.13456263069491414;0.0;Infinity;1;C
user-I301280_session-97AFC965ABF526B36B105A3821C9BD1C9F1390DB3D7B2B07D7C6A16AF3061CF2_analysis-10.csv;user-I301280;6;-1368454875;true;0.3809753745764737;0.0;Infinity;1;C
user-I301280_session-97AFC965ABF526B36B105A3821C9BD1C9F1390DB3D7B2B07D7C6A16AF3061CF2_analysis-10.csv;user-I301280;6;-1368454876;true;0.4171616681538787;0.0;Infinity;1;C
user-I301280_session-97AFC965ABF526B36B105A3821C9BD1C9F1390DB3D7B2B07D7C6A16AF3061CF2_analysis-10.csv;user-I301280;6;-1368454877;true;0.39267854092157994;0.0;Infinity;1;C
user-I301280_session-97AFC965ABF526B36B105A3821C9BD1C9F1390DB3D7B2B07D7C6A16AF3061CF2_analysis-10.csv;user-I301280;6;-1368454878;true;0.4088469579217303;0.0;Infinity;1;C
user-I301280_session-97AFC965ABF526B36B105A3821C9BD1C9F1390DB3D7B2B07D7C6A16AF3061CF2_analysis-10.csv;user-I301280;6;-1368433990;true;0.018560321800888957;0.0;Infinity;1;C
user-I301280_session-97AFC965ABF526B36B105A3821C9BD1C9F1390DB3D7B2B07D7C6A16AF3061CF2_analysis-10.csv;user-I301280;6;-1368454879;true;0.42491587086335425;0.0;Infinity;1;C
user-I301280_session-97AFC965ABF526B36B105A3821C9BD1C9F1390DB3D7B2B07D7C6A16AF3061CF2_analysis-10.csv;user-I301280;6;-1368433989;true;0.006709051756022877;0.0;Infinity;1;C
user-I301280_session-97AFC965ABF526B36B105A3821C9BD1C9F1390DB3D7B2B07D7C6A16AF3061CF2_analysis-10.csv;user-I301280;6;-1368454880;true;0.44569955464071376;0.0;Infinity;1;C
user-I301280_session-97AFC965ABF526B36B105A3821C9BD1C9F1390DB3D7B2B07D7C6A16AF3061CF2_analysis-10.csv;user-I301280;6;-1368434012;true;0.05385306917640609;0.0;Infinity;1;C
user-I301280_session-97AFC965ABF526B36B105A3821C9BD1C9F1390DB3D7B2B07D7C6A16AF3061CF2_analysis-10.csv;user-I301280;6;-1368434015;true;0.05718949752724245;0.0;Infinity;1;C
user-I301280_session-97AFC965ABF526B36B105A3821C9BD1C9F1390DB3D7B2B07D7C6A16AF3061CF2_analysis-10.csv;user-I301280;6;-1368434016;true;0.10088170926530649;0.0;Infinity;1;C
user-I301280_session-97AFC965ABF526B36B105A3821C9BD1C9F1390DB3D7B2B07D7C6A16AF3061CF2_analysis-10.csv;user-I301280;6;-1368434013;true;0.022544678159850617;0.0;Infinity;1;C
user-I301280_session-97AFC965ABF526B36B105A3821C9BD1C9F1390DB3D7B2B07D7C6A16AF3061CF2_analysis-10.csv;user-I301280;6;-1368434014;true;0.03079443685405603;0.0;Infinity;1;C
user-I301280_session-97AFC965ABF526B36B105A3821C9BD1C9F1390DB3D7B2B07D7C6A16AF3061CF2_analysis-10.csv;user-I301280;6;-1368454945;true;0.17241917929231043;0.0;Infinity;1;C
user-I301280_session-97AFC965ABF526B36B105A3821C9BD1C9F1390DB3D7B2B07D7C6A16AF3061CF2_analysis-10.csv;user-I301280;6;-1368454946;true;0.16409505210852893;0.0;Infinity;1;C
user-I301280_session-97AFC965ABF526B36B105A3821C9BD1C9F1390DB3D7B2B07D7C6A16AF3061CF2_analysis-10.csv;user-I301280;6;-1368454974;true;0.13550890626325907;0.0;Infinity;1;C
user-I301280_session-97AFC965ABF526B36B105A3821C9BD1C9F1390DB3D7B2B07D7C6A16AF3061CF2_analysis-10.csv;user-I301280;6;-1368454973;true;0.13829487697167941;0.0;Infinity;1;C
user-I301280_session-97AFC965ABF526B36B105A3821C9BD1C9F1390DB3D7B2B07D7C6A16AF3061CF2_analysis-10.csv;user-I301280;6;-1368454976;true;0.1335739336696703;0.0;Infinity;1;C
user-I301280_session-97AFC965ABF526B36B105A3821C9BD1C9F1390DB3D7B2B07D7C6A16AF3061CF2_analysis-10.csv;user-I301280;6;-1368454975;true;0.13394998949845505;0.0;Infinity;1;C
user-I301280_session-97AFC965ABF526B36B105A3821C9BD1C9F1390DB3D7B2B07D7C6A16AF3061CF2_analysis-10.csv;user-I301280;6;-1368454970;true;0.1488818525343002;0.0;Infinity;1;C
user-I301280_session-97AFC965ABF526B36B105A3821C9BD1C9F1390DB3D7B2B07D7C6A16AF3061CF2_analysis-10.csv;user-I301280;6;-1368454969;true;0.1529280200945382;0.0;Infinity;1;C
user-I301280_session-97AFC965ABF526B36B105A3821C9BD1C9F1390DB3D7B2B07D7C6A16AF3061CF2_analysis-10.csv;user-I301280;6;-1368454972;true;0.14168925408861566;0.0;Infinity;1;C
user-I301280_session-97AFC965ABF526B36B105A3821C9BD1C9F1390DB3D7B2B07D7C6A16AF3061CF2_analysis-10.csv;user-I301280;6;-1368454971;true;0.14615238318656276;0.0;Infinity;1;C
user-I301280_session-97AFC965ABF526B36B105A3821C9BD1C9F1390DB3D7B2B07D7C6A16AF3061CF2_analysis-10.csv;user-I301280;6;-1368454968;true;0.15799092809403947;0.0;Infinity;1;C
user-I301280_session-97AFC965ABF526B36B105A3821C9BD1C9F1390DB3D7B2B07D7C6A16AF3061CF2_analysis-10.csv;user-I301280;6;-1368454915;true;0.31644481841590877;0.0;Infinity;1;C
user-I301280_session-97AFC965ABF526B36B105A3821C9BD1C9F1390DB3D7B2B07D7C6A16AF3061CF2_analysis-10.csv;user-I301280;6;-1368454913;true;0.35033658934245293;0.0;Infinity;1;C
user-I301280_session-97AFC965ABF526B36B105A3821C9BD1C9F1390DB3D7B2B07D7C6A16AF3061CF2_analysis-10.csv;user-I301280;6;-1368454914;true;0.3465230029334476;0.0;Infinity;1;C
user-I301280_session-97AFC965ABF526B36B105A3821C9BD1C9F1390DB3D7B2B07D7C6A16AF3061CF2_analysis-10.csv;user-I301280;6;-1368454944;true;0.1827148529163931;0.0;Infinity;1;C
user-I301280_session-97AFC965ABF526B36B105A3821C9BD1C9F1390DB3D7B2B07D7C6A16AF3061CF2_analysis-10.csv;user-I301280;6;-1368454943;true;0.19681102735692857;0.0;Infinity;1;C
user-I301280_session-97AFC965ABF526B36B105A3821C9BD1C9F1390DB3D7B2B07D7C6A16AF3061CF2_analysis-10.csv;user-I301280;6;-1368454942;true;0.22080577856800698;0.0;Infinity;1;C
user-I301280_session-97AFC965ABF526B36B105A3821C9BD1C9F1390DB3D7B2B07D7C6A16AF3061CF2_analysis-10.csv;user-I301280;6;-1368454941;true;0.2303812368620567;0.0;Infinity;1;C
user-I301280_session-97AFC965ABF526B36B105A3821C9BD1C9F1390DB3D7B2B07D7C6A16AF3061CF2_analysis-10.csv;user-I301280;6;-1368454940;true;0.259347947414337;0.0;Infinity;1;C
user-I301280_session-97AFC965ABF526B36B105A3821C9BD1C9F1390DB3D7B2B07D7C6A16AF3061CF2_analysis-10.csv;user-I301280;6;-1368454939;true;0.26187161452575336;0.0;Infinity;1;C
user-I301280_session-97AFC965ABF526B36B105A3821C9BD1C9F1390DB3D7B2B07D7C6A16AF3061CF2_analysis-10.csv;user-I301280;6;-1368454938;true;0.26662228993324955;0.0;Infinity;1;C
user-I301280_session-97AFC965ABF526B36B105A3821C9BD1C9F1390DB3D7B2B07D7C6A16AF3061CF2_analysis-10.csv;user-I301280;6;-1368454937;true;0.28852550790621057;0.0;Infinity;1;C
user-I301280_session-97AFC965ABF526B36B105A3821C9BD1C9F1390DB3D7B2B07D7C6A16AF3061CF2_analysis-10.csv;user-I301280;7;979474693;true;0.42845417068189784;0.0;Infinity;1;C
user-I301280_session-97AFC965ABF526B36B105A3821C9BD1C9F1390DB3D7B2B07D7C6A16AF3061CF2_analysis-10.csv;user-I301280;7;979474692;true;0.3745813562704208;0.0;Infinity;1;C
user-I301280_session-97AFC965ABF526B36B105A3821C9BD1C9F1390DB3D7B2B07D7C6A16AF3061CF2_analysis-10.csv;user-I301280;7;979474695;true;0.40128310066188555;0.0;Infinity;1;C
user-I301280_session-97AFC965ABF526B36B105A3821C9BD1C9F1390DB3D7B2B07D7C6A16AF3061CF2_analysis-10.csv;user-I301280;7;979474694;true;0.3888935172894128;0.0;Infinity;1;C
user-I301280_session-97AFC965ABF526B36B105A3821C9BD1C9F1390DB3D7B2B07D7C6A16AF3061CF2_analysis-10.csv;user-I301280;7;979474689;true;0.32498160781655727;0.0;Infinity;1;C
user-I301280_session-97AFC965ABF526B36B105A3821C9BD1C9F1390DB3D7B2B07D7C6A16AF3061CF2_analysis-10.csv;user-I301280;7;979474688;true;0.48422067927523926;0.0;Infinity;1;C
user-I301280_session-97AFC965ABF526B36B105A3821C9BD1C9F1390DB3D7B2B07D7C6A16AF3061CF2_analysis-10.csv;user-I301280;7;979474691;true;0.41586323595881747;0.0;Infinity;1;C
user-I301280_session-97AFC965ABF526B36B105A3821C9BD1C9F1390DB3D7B2B07D7C6A16AF3061CF2_analysis-10.csv;user-I301280;7;979474690;true;0.401791804254497;0.0;Infinity;1;C
user-I301280_session-97AFC965ABF526B36B105A3821C9BD1C9F1390DB3D7B2B07D7C6A16AF3061CF2_analysis-10.csv;user-I301280;7;979495551;true;0.38273998756449534;0.0;Infinity;1;C
user-I301280_session-97AFC965ABF526B36B105A3821C9BD1C9F1390DB3D7B2B07D7C6A16AF3061CF2_analysis-10.csv;user-I301280;7;979495550;true;0.4453538393210963;0.0;Infinity;1;C
user-I301280_session-97AFC965ABF526B36B105A3821C9BD1C9F1390DB3D7B2B07D7C6A16AF3061CF2_analysis-10.csv;user-I301280;7;979495549;true;0.4644838526006636;0.0;Infinity;1;C
user-I301280_session-97AFC965ABF526B36B105A3821C9BD1C9F1390DB3D7B2B07D7C6A16AF3061CF2_analysis-10.csv;user-I301280;7;979474596;true;0.11547302375898572;0.0;Infinity;1;C
user-I301280_session-97AFC965ABF526B36B105A3821C9BD1C9F1390DB3D7B2B07D7C6A16AF3061CF2_analysis-10.csv;user-I301280;7;979474597;true;0.12077698243256174;0.0;Infinity;1;C
user-I301280_session-97AFC965ABF526B36B105A3821C9BD1C9F1390DB3D7B2B07D7C6A16AF3061CF2_analysis-10.csv;user-I301280;7;979474598;true;0.12736518219705206;0.0;Infinity;1;C
user-I301280_session-97AFC965ABF526B36B105A3821C9BD1C9F1390DB3D7B2B07D7C6A16AF3061CF2_analysis-10.csv;user-I301280;7;979474599;true;0.12961579222434683;0.0;Infinity;1;C
user-I301280_session-97AFC965ABF526B36B105A3821C9BD1C9F1390DB3D7B2B07D7C6A16AF3061CF2_analysis-10.csv;user-I301280;7;979474593;true;0.10932942537544865;0.0;Infinity;1;C
user-I301280_session-97AFC965ABF526B36B105A3821C9BD1C9F1390DB3D7B2B07D7C6A16AF3061CF2_analysis-10.csv;user-I301280;7;979474594;true;0.111350646365876;0.0;Infinity;1;C
user-I301280_session-97AFC965ABF526B36B105A3821C9BD1C9F1390DB3D7B2B07D7C6A16AF3061CF2_analysis-10.csv;user-I301280;7;979474595;true;0.11033671703673709;0.0;Infinity;1;C
user-I301280_session-97AFC965ABF526B36B105A3821C9BD1C9F1390DB3D7B2B07D7C6A16AF3061CF2_analysis-10.csv;user-I301280;7;979474600;true;0.12961579222434683;0.0;Infinity;1;C
user-I301280_session-97AFC965ABF526B36B105A3821C9BD1C9F1390DB3D7B2B07D7C6A16AF3061CF2_analysis-10.csv;user-I301280;7;979474601;true;0.1353623363994314;0.0;Infinity;1;C
user-I301280_session-97AFC965ABF526B36B105A3821C9BD1C9F1390DB3D7B2B07D7C6A16AF3061CF2_analysis-10.csv;user-I301280;7;979474602;true;0.13419927796634057;0.0;Infinity;1;C
user-I301280_session-97AFC965ABF526B36B105A3821C9BD1C9F1390DB3D7B2B07D7C6A16AF3061CF2_analysis-10.csv;user-I301280;7;979495580;true;0.02464240258615913;0.0;Infinity;1;C
user-I301280_session-97AFC965ABF526B36B105A3821C9BD1C9F1390DB3D7B2B07D7C6A16AF3061CF2_analysis-10.csv;user-I301280;7;979495581;true;0.01171236116647223;0.0;Infinity;1;C
user-I301280_session-97AFC965ABF526B36B105A3821C9BD1C9F1390DB3D7B2B07D7C6A16AF3061CF2_analysis-10.csv;user-I301280;7;979495582;true;0.010763479732862846;0.0;Infinity;1;C
user-I301280_session-97AFC965ABF526B36B105A3821C9BD1C9F1390DB3D7B2B07D7C6A16AF3061CF2_analysis-10.csv;user-I301280;7;979474655;true;0.38478796242203095;0.0;Infinity;1;C
user-I301280_session-97AFC965ABF526B36B105A3821C9BD1C9F1390DB3D7B2B07D7C6A16AF3061CF2_analysis-10.csv;user-I301280;7;979495557;true;0.012733020442007081;0.0;Infinity;1;C
user-I301280_session-97AFC965ABF526B36B105A3821C9BD1C9F1390DB3D7B2B07D7C6A16AF3061CF2_analysis-10.csv;user-I301280;7;979474626;true;0.1574809147829761;0.0;Infinity;1;C
user-I301280_session-97AFC965ABF526B36B105A3821C9BD1C9F1390DB3D7B2B07D7C6A16AF3061CF2_analysis-10.csv;user-I301280;7;979474627;true;0.19487528788793984;0.0;Infinity;1;C
user-I301280_session-97AFC965ABF526B36B105A3821C9BD1C9F1390DB3D7B2B07D7C6A16AF3061CF2_analysis-10.csv;user-I301280;7;979495556;true;0.04841292332293867;0.0;Infinity;1;C
user-I301280_session-97AFC965ABF526B36B105A3821C9BD1C9F1390DB3D7B2B07D7C6A16AF3061CF2_analysis-10.csv;user-I301280;7;979474624;true;0.13189380137106377;0.0;Infinity;1;C
user-I301280_session-97AFC965ABF526B36B105A3821C9BD1C9F1390DB3D7B2B07D7C6A16AF3061CF2_analysis-10.csv;user-I301280;7;979495558;true;0.01833300324039011;0.0;Infinity;1;C
user-I301280_session-97AFC965ABF526B36B105A3821C9BD1C9F1390DB3D7B2B07D7C6A16AF3061CF2_analysis-10.csv;user-I301280;7;979474625;true;0.12961579222434683;0.0;Infinity;1;C
user-I301280_session-97AFC965ABF526B36B105A3821C9BD1C9F1390DB3D7B2B07D7C6A16AF3061CF2_analysis-10.csv;user-I301280;7;979474630;true;0.2698120467217652;0.0;Infinity;1;C
user-I301280_session-97AFC965ABF526B36B105A3821C9BD1C9F1390DB3D7B2B07D7C6A16AF3061CF2_analysis-10.csv;user-I301280;7;979495553;true;0.15587824553886387;0.0;Infinity;1;C
user-I301280_session-97AFC965ABF526B36B105A3821C9BD1C9F1390DB3D7B2B07D7C6A16AF3061CF2_analysis-10.csv;user-I301280;7;979474631;true;0.28782374030877833;0.0;Infinity;1;C
user-I301280_session-97AFC965ABF526B36B105A3821C9BD1C9F1390DB3D7B2B07D7C6A16AF3061CF2_analysis-10.csv;user-I301280;7;979495552;true;0.22377908546725034;0.0;Infinity;1;C
user-I301280_session-97AFC965ABF526B36B105A3821C9BD1C9F1390DB3D7B2B07D7C6A16AF3061CF2_analysis-10.csv;user-I301280;7;979474628;true;0.21309846715482283;0.0;Infinity;1;C
user-I301280_session-97AFC965ABF526B36B105A3821C9BD1C9F1390DB3D7B2B07D7C6A16AF3061CF2_analysis-10.csv;user-I301280;7;979495555;true;0.10415402253345252;0.0;Infinity;1;C
user-I301280_session-97AFC965ABF526B36B105A3821C9BD1C9F1390DB3D7B2B07D7C6A16AF3061CF2_analysis-10.csv;user-I301280;7;979474629;true;0.26804240349410513;0.0;Infinity;1;C
user-I301280_session-97AFC965ABF526B36B105A3821C9BD1C9F1390DB3D7B2B07D7C6A16AF3061CF2_analysis-10.csv;user-I301280;7;979495554;true;0.13047219567624602;0.0;Infinity;1;C
user-I301280_session-97AFC965ABF526B36B105A3821C9BD1C9F1390DB3D7B2B07D7C6A16AF3061CF2_analysis-10.csv;user-I301280;7;979474632;true;0.3750800789676658;0.0;Infinity;1;C
user-I301280_session-97AFC965ABF526B36B105A3821C9BD1C9F1390DB3D7B2B07D7C6A16AF3061CF2_analysis-10.csv;user-I301280;7;979474633;true;0.4901111353232315;0.0;Infinity;1;C
user-I301280_session-97AFC965ABF526B36B105A3821C9BD1C9F1390DB3D7B2B07D7C6A16AF3061CF2_analysis-10.csv;user-I301280;7;979474687;true;0.3725502807621982;0.0;Infinity;1;C
user-I301280_session-97AFC965ABF526B36B105A3821C9BD1C9F1390DB3D7B2B07D7C6A16AF3061CF2_analysis-10.csv;user-I301280;7;979474686;true;0.3564333798085553;0.0;Infinity;1;C
user-I301280_session-97AFC965ABF526B36B105A3821C9BD1C9F1390DB3D7B2B07D7C6A16AF3061CF2_analysis-10.csv;user-I301280;7;979474656;true;0.4687477271643401;0.0;Infinity;1;C
user-I301280_session-97AFC965ABF526B36B105A3821C9BD1C9F1390DB3D7B2B07D7C6A16AF3061CF2_analysis-10.csv;user-I301280;7;979474657;true;0.49919266360700787;0.0;Infinity;1;C
user-I301280_session-97AFC965ABF526B36B105A3821C9BD1C9F1390DB3D7B2B07D7C6A16AF3061CF2_analysis-10.csv;user-I301280;7;979474658;true;0.38939789425954274;0.0;Infinity;1;C
user-I301280_session-97AFC965ABF526B36B105A3821C9BD1C9F1390DB3D7B2B07D7C6A16AF3061CF2_analysis-10.csv;user-I301280;7;979474659;true;0.3529311771769368;0.0;Infinity;1;C
user-I301280_session-97AFC965ABF526B36B105A3821C9BD1C9F1390DB3D7B2B07D7C6A16AF3061CF2_analysis-10.csv;user-I301280;7;979474660;true;0.3351690790054477;0.0;Infinity;1;C
user-I301280_session-97AFC965ABF526B36B105A3821C9BD1C9F1390DB3D7B2B07D7C6A16AF3061CF2_analysis-10.csv;user-I301280;7;979474661;true;0.4564904207643935;0.0;Infinity;1;C
user-I301280_session-97AFC965ABF526B36B105A3821C9BD1C9F1390DB3D7B2B07D7C6A16AF3061CF2_analysis-10.csv;user-I301280;7;979474662;true;0.45596881345107887;0.0;Infinity;1;C
user-I301280_session-97AFC965ABF526B36B105A3821C9BD1C9F1390DB3D7B2B07D7C6A16AF3061CF2_analysis-10.csv;user-I301280;7;979474663;true;0.4517186185837474;0.0;Infinity;1;C
user-I301280_session-97AFC965ABF526B36B105A3821C9BD1C9F1390DB3D7B2B07D7C6A16AF3061CF2_analysis-10.csv;user-I301280;7;979474664;true;0.4735387806900291;0.0;Infinity;1;C
user-I301280_session-97AFC965ABF526B36B105A3821C9BD1C9F1390DB3D7B2B07D7C6A16AF3061CF2_analysis-10.csv;user-I301280;9;917515847;true;0.18255023188793573;0.0;Infinity;1;C
user-I301280_session-97AFC965ABF526B36B105A3821C9BD1C9F1390DB3D7B2B07D7C6A16AF3061CF2_analysis-10.csv;user-I301280;9;917515846;true;0.17009374060742777;0.0;Infinity;1;C
user-I301280_session-97AFC965ABF526B36B105A3821C9BD1C9F1390DB3D7B2B07D7C6A16AF3061CF2_analysis-10.csv;user-I301280;9;917515912;true;0.47185735477666124;0.0;Infinity;1;C
user-I301280_session-97AFC965ABF526B36B105A3821C9BD1C9F1390DB3D7B2B07D7C6A16AF3061CF2_analysis-10.csv;user-I301280;9;917515845;true;0.14207283099032275;0.0;Infinity;1;C
user-I301280_session-97AFC965ABF526B36B105A3821C9BD1C9F1390DB3D7B2B07D7C6A16AF3061CF2_analysis-10.csv;user-I301280;9;917515844;true;0.12034221754071717;0.0;Infinity;1;C
user-I301280_session-97AFC965ABF526B36B105A3821C9BD1C9F1390DB3D7B2B07D7C6A16AF3061CF2_analysis-10.csv;user-I301280;9;917536766;true;0.47151551373229017;0.0;Infinity;1;C
user-I301280_session-97AFC965ABF526B36B105A3821C9BD1C9F1390DB3D7B2B07D7C6A16AF3061CF2_analysis-10.csv;user-I301280;9;917515843;true;0.09445052956041455;0.0;Infinity;1;C
user-I301280_session-97AFC965ABF526B36B105A3821C9BD1C9F1390DB3D7B2B07D7C6A16AF3061CF2_analysis-10.csv;user-I301280;9;917536767;true;0.44438479674449516;0.0;Infinity;1;C
user-I301280_session-97AFC965ABF526B36B105A3821C9BD1C9F1390DB3D7B2B07D7C6A16AF3061CF2_analysis-10.csv;user-I301280;9;917515842;true;0.07993056504666352;0.0;Infinity;1;C
user-I301280_session-97AFC965ABF526B36B105A3821C9BD1C9F1390DB3D7B2B07D7C6A16AF3061CF2_analysis-10.csv;user-I301280;9;917515841;true;0.06677519887480521;0.0;Infinity;1;C
user-I301280_session-97AFC965ABF526B36B105A3821C9BD1C9F1390DB3D7B2B07D7C6A16AF3061CF2_analysis-10.csv;user-I301280;9;917515906;true;0.3306349957773913;0.0;Infinity;1;C
user-I301280_session-97AFC965ABF526B36B105A3821C9BD1C9F1390DB3D7B2B07D7C6A16AF3061CF2_analysis-10.csv;user-I301280;9;917515907;true;0.48982706248922125;0.0;Infinity;1;C
user-I301280_session-97AFC965ABF526B36B105A3821C9BD1C9F1390DB3D7B2B07D7C6A16AF3061CF2_analysis-10.csv;user-I301280;9;917515904;true;0.3893303488064732;0.0;Infinity;1;C
user-I301280_session-97AFC965ABF526B36B105A3821C9BD1C9F1390DB3D7B2B07D7C6A16AF3061CF2_analysis-10.csv;user-I301280;9;917515905;true;0.3268299652581437;0.0;Infinity;1;C
user-I301280_session-97AFC965ABF526B36B105A3821C9BD1C9F1390DB3D7B2B07D7C6A16AF3061CF2_analysis-10.csv;user-I301280;9;917515910;true;0.3965553114690582;0.0;Infinity;1;C
user-I301280_session-97AFC965ABF526B36B105A3821C9BD1C9F1390DB3D7B2B07D7C6A16AF3061CF2_analysis-10.csv;user-I301280;9;917515911;true;0.40410710391876903;0.0;Infinity;1;C
user-I301280_session-97AFC965ABF526B36B105A3821C9BD1C9F1390DB3D7B2B07D7C6A16AF3061CF2_analysis-10.csv;user-I301280;9;917515850;true;0.31365567461011035;0.0;Infinity;1;C
user-I301280_session-97AFC965ABF526B36B105A3821C9BD1C9F1390DB3D7B2B07D7C6A16AF3061CF2_analysis-10.csv;user-I301280;9;917515908;true;0.4598644221403325;0.0;Infinity;1;C
user-I301280_session-97AFC965ABF526B36B105A3821C9BD1C9F1390DB3D7B2B07D7C6A16AF3061CF2_analysis-10.csv;user-I301280;9;917515849;true;0.27083514784914975;0.0;Infinity;1;C
user-I301280_session-97AFC965ABF526B36B105A3821C9BD1C9F1390DB3D7B2B07D7C6A16AF3061CF2_analysis-10.csv;user-I301280;9;917515909;true;0.3901953811063342;0.0;Infinity;1;C
user-I301280_session-97AFC965ABF526B36B105A3821C9BD1C9F1390DB3D7B2B07D7C6A16AF3061CF2_analysis-10.csv;user-I301280;9;917515848;true;0.1885804709574629;0.0;Infinity;1;C
user-I301280_session-97AFC965ABF526B36B105A3821C9BD1C9F1390DB3D7B2B07D7C6A16AF3061CF2_analysis-10.csv;user-I301280;9;917515877;true;0.38788984824953;0.0;Infinity;1;C
user-I301280_session-97AFC965ABF526B36B105A3821C9BD1C9F1390DB3D7B2B07D7C6A16AF3061CF2_analysis-10.csv;user-I301280;9;917515876;true;0.42490414202050886;0.0;Infinity;1;C
user-I301280_session-97AFC965ABF526B36B105A3821C9BD1C9F1390DB3D7B2B07D7C6A16AF3061CF2_analysis-10.csv;user-I301280;9;917515879;true;0.44086608348273504;0.0;Infinity;1;C
user-I301280_session-97AFC965ABF526B36B105A3821C9BD1C9F1390DB3D7B2B07D7C6A16AF3061CF2_analysis-10.csv;user-I301280;9;917515878;true;0.41931567020150917;0.0;Infinity;1;C
user-I301280_session-97AFC965ABF526B36B105A3821C9BD1C9F1390DB3D7B2B07D7C6A16AF3061CF2_analysis-10.csv;user-I301280;9;917515873;true;0.3230428579284913;0.0;Infinity;1;C
user-I301280_session-97AFC965ABF526B36B105A3821C9BD1C9F1390DB3D7B2B07D7C6A16AF3061CF2_analysis-10.csv;user-I301280;9;917515872;true;0.3192740067326779;0.0;Infinity;1;C
user-I301280_session-97AFC965ABF526B36B105A3821C9BD1C9F1390DB3D7B2B07D7C6A16AF3061CF2_analysis-10.csv;user-I301280;9;917515875;true;0.3752819764456201;0.0;Infinity;1;C
user-I301280_session-97AFC965ABF526B36B105A3821C9BD1C9F1390DB3D7B2B07D7C6A16AF3061CF2_analysis-10.csv;user-I301280;9;917515874;true;0.3424303332051837;0.0;Infinity;1;C
user-I301280_session-97AFC965ABF526B36B105A3821C9BD1C9F1390DB3D7B2B07D7C6A16AF3061CF2_analysis-10.csv;user-I301280;9;917536797;true;0.010892353506663732;0.0;Infinity;1;C
user-I301280_session-97AFC965ABF526B36B105A3821C9BD1C9F1390DB3D7B2B07D7C6A16AF3061CF2_analysis-10.csv;user-I301280;9;917536798;true;0.005276235288099507;0.0;Infinity;1;C
user-I301280_session-97AFC965ABF526B36B105A3821C9BD1C9F1390DB3D7B2B07D7C6A16AF3061CF2_analysis-10.csv;user-I301280;9;917515881;true;0.4769445511075435;0.0;Infinity;1;C
user-I301280_session-97AFC965ABF526B36B105A3821C9BD1C9F1390DB3D7B2B07D7C6A16AF3061CF2_analysis-10.csv;user-I301280;9;917515880;true;0.49762250151326715;0.0;Infinity;1;C
user-I301280_session-97AFC965ABF526B36B105A3821C9BD1C9F1390DB3D7B2B07D7C6A16AF3061CF2_analysis-10.csv;user-I301280;9;917536773;true;0.02830904960009306;0.0;Infinity;1;C
user-I301280_session-97AFC965ABF526B36B105A3821C9BD1C9F1390DB3D7B2B07D7C6A16AF3061CF2_analysis-10.csv;user-I301280;9;917536772;true;0.06474207367305895;0.0;Infinity;1;C
user-I301280_session-97AFC965ABF526B36B105A3821C9BD1C9F1390DB3D7B2B07D7C6A16AF3061CF2_analysis-10.csv;user-I301280;9;917536775;true;0.016086009786220767;0.0;Infinity;1;C
user-I301280_session-97AFC965ABF526B36B105A3821C9BD1C9F1390DB3D7B2B07D7C6A16AF3061CF2_analysis-10.csv;user-I301280;9;917536774;true;0.019972205270930687;0.0;Infinity;1;C
user-I301280_session-97AFC965ABF526B36B105A3821C9BD1C9F1390DB3D7B2B07D7C6A16AF3061CF2_analysis-10.csv;user-I301280;9;917536769;true;0.3415628150180967;0.0;Infinity;1;C
user-I301280_session-97AFC965ABF526B36B105A3821C9BD1C9F1390DB3D7B2B07D7C6A16AF3061CF2_analysis-10.csv;user-I301280;9;917536768;true;0.39738333909445056;0.0;Infinity;1;C
user-I301280_session-97AFC965ABF526B36B105A3821C9BD1C9F1390DB3D7B2B07D7C6A16AF3061CF2_analysis-10.csv;user-I301280;9;917536771;true;0.19845090193747805;0.0;Infinity;1;C
user-I301280_session-97AFC965ABF526B36B105A3821C9BD1C9F1390DB3D7B2B07D7C6A16AF3061CF2_analysis-10.csv;user-I301280;9;917536770;true;0.2892675379965567;0.0;Infinity;1;C
user-I301280_session-97AFC965ABF526B36B105A3821C9BD1C9F1390DB3D7B2B07D7C6A16AF3061CF2_analysis-10.csv;user-I301280;9;917515903;true;0.4840898789613247;0.0;Infinity;1;C
