session ;user;query position;cell hashcode;novelty;outlierness;relevance;surprise;query label;session label
user-I051430_session-DE1B24815138D10E942ED4F51735B9B46FE69928F5B4A30150F1822688E64597_analysis-1.csv;user-I051430;1;1008347462;true;0.1797535804989503;0.0;Infinity;0;A
user-I051430_session-DE1B24815138D10E942ED4F51735B9B46FE69928F5B4A30150F1822688E64597_analysis-1.csv;user-I051430;1;754485183;true;0.21500556702033058;0.0;Infinity;0;A
user-I051430_session-DE1B24815138D10E942ED4F51735B9B46FE69928F5B4A30150F1822688E64597_analysis-1.csv;user-I051430;1;-147964646;true;0.45828282309228185;0.0;Infinity;0;A
user-I051430_session-DE1B24815138D10E942ED4F51735B9B46FE69928F5B4A30150F1822688E64597_analysis-1.csv;user-I051430;1;1679743497;true;0.1527801692155829;0.0;Infinity;0;A
user-I051430_session-DE1B24815138D10E942ED4F51735B9B46FE69928F5B4A30150F1822688E64597_analysis-1.csv;user-I051430;1;1957079340;true;0.002991551361934075;0.0;Infinity;0;A
user-I051430_session-DE1B24815138D10E942ED4F51735B9B46FE69928F5B4A30150F1822688E64597_analysis-1.csv;user-I051430;1;1534516602;true;0.4563597301215483;0.0;Infinity;0;A
user-I051430_session-DE1B24815138D10E942ED4F51735B9B46FE69928F5B4A30150F1822688E64597_analysis-1.csv;user-I051430;1;-147104361;true;0.17582643583135948;0.0;Infinity;0;A
user-I051430_session-DE1B24815138D10E942ED4F51735B9B46FE69928F5B4A30150F1822688E64597_analysis-1.csv;user-I051430;1;-1341908971;true;0.43940968638847033;0.0;Infinity;0;A
user-I051430_session-DE1B24815138D10E942ED4F51735B9B46FE69928F5B4A30150F1822688E64597_analysis-1.csv;user-I051430;1;562922036;true;0.31772610747873997;0.0;Infinity;0;A
user-I051430_session-DE1B24815138D10E942ED4F51735B9B46FE69928F5B4A30150F1822688E64597_analysis-1.csv;user-I051430;1;-1119508019;true;0.4479321661161403;0.0;Infinity;0;A
user-I051430_session-DE1B24815138D10E942ED4F51735B9B46FE69928F5B4A30150F1822688E64597_analysis-1.csv;user-I051430;1;342103129;true;0.04001565895561354;0.0;Infinity;0;A
user-I051430_session-DE1B24815138D10E942ED4F51735B9B46FE69928F5B4A30150F1822688E64597_analysis-1.csv;user-I051430;1;889157074;true;0.2945788608180081;0.0;Infinity;0;A
user-I051430_session-DE1B24815138D10E942ED4F51735B9B46FE69928F5B4A30150F1822688E64597_analysis-1.csv;user-I051430;1;-468097513;true;0.4588049759262154;0.0;Infinity;0;A
user-I051430_session-DE1B24815138D10E942ED4F51735B9B46FE69928F5B4A30150F1822688E64597_analysis-1.csv;user-I051430;1;-463180109;true;0.4890472003024178;0.0;Infinity;0;A
user-I051430_session-DE1B24815138D10E942ED4F51735B9B46FE69928F5B4A30150F1822688E64597_analysis-1.csv;user-I051430;1;835169994;true;0.4621318952757334;0.0;Infinity;0;A
user-I051430_session-DE1B24815138D10E942ED4F51735B9B46FE69928F5B4A30150F1822688E64597_analysis-1.csv;user-I051430;1;-942170067;true;0.25726335655287724;0.0;Infinity;0;A
user-I051430_session-DE1B24815138D10E942ED4F51735B9B46FE69928F5B4A30150F1822688E64597_analysis-1.csv;user-I051430;1;409497233;true;0.4519832365761669;0.0;Infinity;0;A
user-I051430_session-DE1B24815138D10E942ED4F51735B9B46FE69928F5B4A30150F1822688E64597_analysis-1.csv;user-I051430;1;848974850;true;0.251819732973678;0.0;Infinity;0;A
user-I051430_session-DE1B24815138D10E942ED4F51735B9B46FE69928F5B4A30150F1822688E64597_analysis-1.csv;user-I051430;1;889169567;true;0.018217605820824434;0.0;Infinity;0;A
user-I051430_session-DE1B24815138D10E942ED4F51735B9B46FE69928F5B4A30150F1822688E64597_analysis-1.csv;user-I051430;1;1737006830;true;0.1439296175733833;0.0;Infinity;0;A
user-I051430_session-DE1B24815138D10E942ED4F51735B9B46FE69928F5B4A30150F1822688E64597_analysis-1.csv;user-I051430;1;-91255492;true;0.15316191933287082;0.0;Infinity;0;A
user-I051430_session-DE1B24815138D10E942ED4F51735B9B46FE69928F5B4A30150F1822688E64597_analysis-1.csv;user-I051430;1;-1251067182;true;0.4411217840495574;0.0;Infinity;0;A
user-I051430_session-DE1B24815138D10E942ED4F51735B9B46FE69928F5B4A30150F1822688E64597_analysis-1.csv;user-I051430;1;-172384053;true;0.3574736944226359;0.0;Infinity;0;A
user-I051430_session-DE1B24815138D10E942ED4F51735B9B46FE69928F5B4A30150F1822688E64597_analysis-1.csv;user-I051430;1;572428406;true;0.35706020433112673;0.0;Infinity;0;A
user-I051430_session-DE1B24815138D10E942ED4F51735B9B46FE69928F5B4A30150F1822688E64597_analysis-1.csv;user-I051430;1;1904163145;true;0.27890932144673397;0.0;Infinity;0;A
user-I051430_session-DE1B24815138D10E942ED4F51735B9B46FE69928F5B4A30150F1822688E64597_analysis-1.csv;user-I051430;1;-1912134969;true;0.1594212171482865;0.0;Infinity;0;A
user-I051430_session-DE1B24815138D10E942ED4F51735B9B46FE69928F5B4A30150F1822688E64597_analysis-1.csv;user-I051430;1;-2067394652;true;0.3266234488411659;0.0;Infinity;0;A
user-I051430_session-DE1B24815138D10E942ED4F51735B9B46FE69928F5B4A30150F1822688E64597_analysis-1.csv;user-I051430;1;-1468384617;true;0.05350377283834684;0.0;Infinity;0;A
user-I051430_session-DE1B24815138D10E942ED4F51735B9B46FE69928F5B4A30150F1822688E64597_analysis-1.csv;user-I051430;1;264782261;true;0.1092243102252688;0.0;Infinity;0;A
user-I051430_session-DE1B24815138D10E942ED4F51735B9B46FE69928F5B4A30150F1822688E64597_analysis-1.csv;user-I051430;1;1996275546;true;0.4420784900466259;0.0;Infinity;0;A
user-I051430_session-DE1B24815138D10E942ED4F51735B9B46FE69928F5B4A30150F1822688E64597_analysis-1.csv;user-I051430;1;219209193;true;0.05409264036624928;0.0;Infinity;0;A
user-I051430_session-DE1B24815138D10E942ED4F51735B9B46FE69928F5B4A30150F1822688E64597_analysis-1.csv;user-I051430;1;589810226;true;0.14570842717972932;0.0;Infinity;0;A
user-I051430_session-DE1B24815138D10E942ED4F51735B9B46FE69928F5B4A30150F1822688E64597_analysis-1.csv;user-I051430;1;1630003006;true;0.1874815609514291;0.0;Infinity;0;A
user-I051430_session-DE1B24815138D10E942ED4F51735B9B46FE69928F5B4A30150F1822688E64597_analysis-1.csv;user-I051430;1;3160963;true;0.2558651756520467;0.0;Infinity;0;A
user-I051430_session-DE1B24815138D10E942ED4F51735B9B46FE69928F5B4A30150F1822688E64597_analysis-1.csv;user-I051430;1;-741524508;true;0.14849779440788913;0.0;Infinity;0;A
user-I051430_session-DE1B24815138D10E942ED4F51735B9B46FE69928F5B4A30150F1822688E64597_analysis-1.csv;user-I051430;2;802856382;true;0.32553481894224356;0.0;Infinity;0;A
user-I051430_session-DE1B24815138D10E942ED4F51735B9B46FE69928F5B4A30150F1822688E64597_analysis-1.csv;user-I051430;2;-1238681375;true;0.1566039813680542;0.0;Infinity;0;A
user-I051430_session-DE1B24815138D10E942ED4F51735B9B46FE69928F5B4A30150F1822688E64597_analysis-1.csv;user-I051430;2;1855846717;true;0.07461635065851713;0.0;Infinity;0;A
user-I051430_session-DE1B24815138D10E942ED4F51735B9B46FE69928F5B4A30150F1822688E64597_analysis-1.csv;user-I051430;2;323866424;true;0.14746345215457923;0.0;Infinity;0;A
user-I051430_session-DE1B24815138D10E942ED4F51735B9B46FE69928F5B4A30150F1822688E64597_analysis-1.csv;user-I051430;2;-801358161;true;0.20821745155126026;0.0;Infinity;0;A
user-I051430_session-DE1B24815138D10E942ED4F51735B9B46FE69928F5B4A30150F1822688E64597_analysis-1.csv;user-I051430;2;1174780999;true;0.19305190373008374;0.0;Infinity;0;A
user-I051430_session-DE1B24815138D10E942ED4F51735B9B46FE69928F5B4A30150F1822688E64597_analysis-1.csv;user-I051430;2;797938978;true;0.2800519515552433;0.0;Infinity;0;A
user-I051430_session-DE1B24815138D10E942ED4F51735B9B46FE69928F5B4A30150F1822688E64597_analysis-1.csv;user-I051430;2;-1071851465;true;0.026643215253953967;0.0;Infinity;0;A
user-I051430_session-DE1B24815138D10E942ED4F51735B9B46FE69928F5B4A30150F1822688E64597_analysis-1.csv;user-I051430;2;1838464897;true;0.009690040396476474;0.0;Infinity;0;A
user-I051430_session-DE1B24815138D10E942ED4F51735B9B46FE69928F5B4A30150F1822688E64597_analysis-1.csv;user-I051430;2;2101206485;true;0.3909573171444297;0.0;Infinity;0;A
user-I051430_session-DE1B24815138D10E942ED4F51735B9B46FE69928F5B4A30150F1822688E64597_analysis-1.csv;user-I051430;2;-1124767660;true;0.23605186250399002;0.0;Infinity;0;A
user-I051430_session-DE1B24815138D10E942ED4F51735B9B46FE69928F5B4A30150F1822688E64597_analysis-1.csv;user-I051430;2;1093652438;true;0.2718240563694613;0.0;Infinity;0;A
user-I051430_session-DE1B24815138D10E942ED4F51735B9B46FE69928F5B4A30150F1822688E64597_analysis-1.csv;user-I051430;2;1485245684;true;0.06904880129464941;0.0;Infinity;0;A
user-I051430_session-DE1B24815138D10E942ED4F51735B9B46FE69928F5B4A30150F1822688E64597_analysis-1.csv;user-I051430;2;1675533724;true;0.38669756520891374;0.0;Infinity;0;A
user-I051430_session-DE1B24815138D10E942ED4F51735B9B46FE69928F5B4A30150F1822688E64597_analysis-1.csv;user-I051430;2;524511983;true;0.1560441439418403;0.0;Infinity;0;A
user-I051430_session-DE1B24815138D10E942ED4F51735B9B46FE69928F5B4A30150F1822688E64597_analysis-1.csv;user-I051430;2;14969309;true;0.4737393832818696;0.0;Infinity;0;A
user-I051430_session-DE1B24815138D10E942ED4F51735B9B46FE69928F5B4A30150F1822688E64597_analysis-1.csv;user-I051430;2;-1349187308;true;0.17945599759134656;0.0;Infinity;0;A
user-I051430_session-DE1B24815138D10E942ED4F51735B9B46FE69928F5B4A30150F1822688E64597_analysis-1.csv;user-I051430;2;1828958527;true;0.2169099526106929;0.0;Infinity;0;A
user-I051430_session-DE1B24815138D10E942ED4F51735B9B46FE69928F5B4A30150F1822688E64597_analysis-1.csv;user-I051430;2;-1494414203;true;0.4640593262228575;0.0;Infinity;0;A
user-I051430_session-DE1B24815138D10E942ED4F51735B9B46FE69928F5B4A30150F1822688E64597_analysis-1.csv;user-I051430;2;1118071845;true;0.23792897234902133;0.0;Infinity;0;A
user-I051430_session-DE1B24815138D10E942ED4F51735B9B46FE69928F5B4A30150F1822688E64597_analysis-1.csv;user-I051430;2;-2139761238;true;0.11305476537810044;0.0;Infinity;0;A
user-I051430_session-DE1B24815138D10E942ED4F51735B9B46FE69928F5B4A30150F1822688E64597_analysis-1.csv;user-I051430;2;-2094978672;true;0.13451519028641545;0.0;Infinity;0;A
user-I051430_session-DE1B24815138D10E942ED4F51735B9B46FE69928F5B4A30150F1822688E64597_analysis-1.csv;user-I051430;2;-1398927799;true;0.16055393145019947;0.0;Infinity;0;A
user-I051430_session-DE1B24815138D10E942ED4F51735B9B46FE69928F5B4A30150F1822688E64597_analysis-1.csv;user-I051430;2;-2020583343;true;0.2772821788454478;0.0;Infinity;0;A
user-I051430_session-DE1B24815138D10E942ED4F51735B9B46FE69928F5B4A30150F1822688E64597_analysis-1.csv;user-I051430;2;1118932130;true;0.15379018324404714;0.0;Infinity;0;A
user-I051430_session-DE1B24815138D10E942ED4F51735B9B46FE69928F5B4A30150F1822688E64597_analysis-1.csv;user-I051430;2;-2139773731;true;0.49641447441183173;0.0;Infinity;0;A
user-I051430_session-DE1B24815138D10E942ED4F51735B9B46FE69928F5B4A30150F1822688E64597_analysis-1.csv;user-I051430;2;1530818752;true;0.26569377267308625;0.0;Infinity;0;A
user-I051430_session-DE1B24815138D10E942ED4F51735B9B46FE69928F5B4A30150F1822688E64597_analysis-1.csv;user-I051430;2;-1032655259;true;0.49857844672850826;0.0;Infinity;0;A
user-I051430_session-DE1B24815138D10E942ED4F51735B9B46FE69928F5B4A30150F1822688E64597_analysis-1.csv;user-I051430;2;2115011341;true;0.17376221251593948;0.0;Infinity;0;A
user-I051430_session-DE1B24815138D10E942ED4F51735B9B46FE69928F5B4A30150F1822688E64597_analysis-1.csv;user-I051430;2;-202348126;true;0.01845745893038664;0.0;Infinity;0;A
user-I051430_session-DE1B24815138D10E942ED4F51735B9B46FE69928F5B4A30150F1822688E64597_analysis-1.csv;user-I051430;2;2020521674;true;0.18681767310924424;0.0;Infinity;0;A
user-I051430_session-DE1B24815138D10E942ED4F51735B9B46FE69928F5B4A30150F1822688E64597_analysis-1.csv;user-I051430;2;146528472;true;0.33981674159380515;0.0;Infinity;0;A
user-I051430_session-DE1B24815138D10E942ED4F51735B9B46FE69928F5B4A30150F1822688E64597_analysis-1.csv;user-I051430;2;1608139620;true;0.2950558787449098;0.0;Infinity;0;A
user-I051430_session-DE1B24815138D10E942ED4F51735B9B46FE69928F5B4A30150F1822688E64597_analysis-1.csv;user-I051430;2;-1291923975;true;0.13483609251483974;0.0;Infinity;0;A
user-I051430_session-DE1B24815138D10E942ED4F51735B9B46FE69928F5B4A30150F1822688E64597_analysis-1.csv;user-I051430;2;-75872480;true;0.24693343296614956;0.0;Infinity;0;A
user-I051430_session-DE1B24815138D10E942ED4F51735B9B46FE69928F5B4A30150F1822688E64597_analysis-1.csv;user-I051430;2;-646098478;true;0.2672854198733411;0.0;Infinity;0;A
user-I051430_session-DE1B24815138D10E942ED4F51735B9B46FE69928F5B4A30150F1822688E64597_analysis-1.csv;user-I051430;2;1269197454;true;0.26550365988058755;0.0;Infinity;0;A
