session ;user;query position;cell hashcode;novelty;outlierness;relevance;surprise;query label;session label
user-I051911_session-547BFC0A9BECA12855B0C21A1D028732A75106E4BFAC87C9590A6616878B5C90_analysis-6.csv;user-I051911;1;508574797;true;0.4394063148982983;0.0;Infinity;1;B
user-I051911_session-547BFC0A9BECA12855B0C21A1D028732A75106E4BFAC87C9590A6616878B5C90_analysis-6.csv;user-I051911;1;508574796;true;0.23929928215272578;0.0;Infinity;1;B
user-I051911_session-547BFC0A9BECA12855B0C21A1D028732A75106E4BFAC87C9590A6616878B5C90_analysis-6.csv;user-I051911;1;508574799;true;0.29834150139154547;0.0;Infinity;1;B
user-I051911_session-547BFC0A9BECA12855B0C21A1D028732A75106E4BFAC87C9590A6616878B5C90_analysis-6.csv;user-I051911;1;508574798;true;0.39393682788973383;0.0;Infinity;1;B
user-I051911_session-547BFC0A9BECA12855B0C21A1D028732A75106E4BFAC87C9590A6616878B5C90_analysis-6.csv;user-I051911;1;508574793;true;0.10140060508431692;0.0;Infinity;1;B
user-I051911_session-547BFC0A9BECA12855B0C21A1D028732A75106E4BFAC87C9590A6616878B5C90_analysis-6.csv;user-I051911;1;508574792;true;0.04943944521503996;0.0;Infinity;1;B
user-I051911_session-547BFC0A9BECA12855B0C21A1D028732A75106E4BFAC87C9590A6616878B5C90_analysis-6.csv;user-I051911;1;508576311;true;0.10625302467271469;0.0;Infinity;1;B
user-I051911_session-547BFC0A9BECA12855B0C21A1D028732A75106E4BFAC87C9590A6616878B5C90_analysis-6.csv;user-I051911;1;508574795;true;0.31407547065479513;0.0;Infinity;1;B
user-I051911_session-547BFC0A9BECA12855B0C21A1D028732A75106E4BFAC87C9590A6616878B5C90_analysis-6.csv;user-I051911;1;508576310;true;0.13303304732041865;0.0;Infinity;1;B
user-I051911_session-547BFC0A9BECA12855B0C21A1D028732A75106E4BFAC87C9590A6616878B5C90_analysis-6.csv;user-I051911;1;508574794;true;0.1532776752955567;0.0;Infinity;1;B
user-I051911_session-547BFC0A9BECA12855B0C21A1D028732A75106E4BFAC87C9590A6616878B5C90_analysis-6.csv;user-I051911;1;508576312;true;0.14907360175897677;0.0;Infinity;1;B
user-I051911_session-547BFC0A9BECA12855B0C21A1D028732A75106E4BFAC87C9590A6616878B5C90_analysis-6.csv;user-I051911;1;508574800;true;0.21497411826472657;0.0;Infinity;1;B
user-I051911_session-547BFC0A9BECA12855B0C21A1D028732A75106E4BFAC87C9590A6616878B5C90_analysis-6.csv;user-I051911;2;423031002;true;0.24849962564131345;0.0;Infinity;1;B
user-I051911_session-547BFC0A9BECA12855B0C21A1D028732A75106E4BFAC87C9590A6616878B5C90_analysis-6.csv;user-I051911;2;423031003;true;0.17671758826304318;0.0;Infinity;1;B
user-I051911_session-547BFC0A9BECA12855B0C21A1D028732A75106E4BFAC87C9590A6616878B5C90_analysis-6.csv;user-I051911;2;423031000;true;0.21359296604951594;0.0;Infinity;1;B
user-I051911_session-547BFC0A9BECA12855B0C21A1D028732A75106E4BFAC87C9590A6616878B5C90_analysis-6.csv;user-I051911;2;423031001;true;0.1920004969615544;0.0;Infinity;1;B
user-I051911_session-547BFC0A9BECA12855B0C21A1D028732A75106E4BFAC87C9590A6616878B5C90_analysis-6.csv;user-I051911;2;423032515;true;0.05722927670665445;0.0;Infinity;1;B
user-I051911_session-547BFC0A9BECA12855B0C21A1D028732A75106E4BFAC87C9590A6616878B5C90_analysis-6.csv;user-I051911;2;423032514;true;0.06175576518747827;0.0;Infinity;1;B
user-I051911_session-547BFC0A9BECA12855B0C21A1D028732A75106E4BFAC87C9590A6616878B5C90_analysis-6.csv;user-I051911;2;423032513;true;0.1158858038648527;0.0;Infinity;1;B
user-I051911_session-547BFC0A9BECA12855B0C21A1D028732A75106E4BFAC87C9590A6616878B5C90_analysis-6.csv;user-I051911;2;423030995;true;0.22489940878410142;0.0;Infinity;1;B
user-I051911_session-547BFC0A9BECA12855B0C21A1D028732A75106E4BFAC87C9590A6616878B5C90_analysis-6.csv;user-I051911;2;423030998;true;0.3545399846118805;0.0;Infinity;1;B
user-I051911_session-547BFC0A9BECA12855B0C21A1D028732A75106E4BFAC87C9590A6616878B5C90_analysis-6.csv;user-I051911;2;423030999;true;0.3264908988706604;0.0;Infinity;1;B
user-I051911_session-547BFC0A9BECA12855B0C21A1D028732A75106E4BFAC87C9590A6616878B5C90_analysis-6.csv;user-I051911;2;423030996;true;0.3688781135760988;0.0;Infinity;1;B
user-I051911_session-547BFC0A9BECA12855B0C21A1D028732A75106E4BFAC87C9590A6616878B5C90_analysis-6.csv;user-I051911;2;423030997;true;0.16222718273265446;0.0;Infinity;1;B
user-I051911_session-547BFC0A9BECA12855B0C21A1D028732A75106E4BFAC87C9590A6616878B5C90_analysis-6.csv;user-I051911;3;29213669;true;0.2558585042834103;0.0;Infinity;1;B
user-I051911_session-547BFC0A9BECA12855B0C21A1D028732A75106E4BFAC87C9590A6616878B5C90_analysis-6.csv;user-I051911;3;29213671;true;0.37470069869050804;0.0;Infinity;1;B
user-I051911_session-547BFC0A9BECA12855B0C21A1D028732A75106E4BFAC87C9590A6616878B5C90_analysis-6.csv;user-I051911;3;29213670;true;0.15208734171171834;0.0;Infinity;1;B
user-I051911_session-547BFC0A9BECA12855B0C21A1D028732A75106E4BFAC87C9590A6616878B5C90_analysis-6.csv;user-I051911;3;29213677;true;0.4930950735514007;0.0;Infinity;1;B
user-I051911_session-547BFC0A9BECA12855B0C21A1D028732A75106E4BFAC87C9590A6616878B5C90_analysis-6.csv;user-I051911;3;370671318;true;0.36165195536941075;0.0;Infinity;1;B
user-I051911_session-547BFC0A9BECA12855B0C21A1D028732A75106E4BFAC87C9590A6616878B5C90_analysis-6.csv;user-I051911;3;867622364;true;0.15208734171171834;0.0;Infinity;1;B
user-I051911_session-547BFC0A9BECA12855B0C21A1D028732A75106E4BFAC87C9590A6616878B5C90_analysis-6.csv;user-I051911;3;29213676;true;0.2558585042834103;0.0;Infinity;1;B
user-I051911_session-547BFC0A9BECA12855B0C21A1D028732A75106E4BFAC87C9590A6616878B5C90_analysis-6.csv;user-I051911;3;370671317;true;0.37470069869050804;0.0;Infinity;1;B
user-I051911_session-547BFC0A9BECA12855B0C21A1D028732A75106E4BFAC87C9590A6616878B5C90_analysis-6.csv;user-I051911;3;867622367;true;0.24485052519920825;0.0;Infinity;1;B
user-I051911_session-547BFC0A9BECA12855B0C21A1D028732A75106E4BFAC87C9590A6616878B5C90_analysis-6.csv;user-I051911;3;867622366;true;0.16037831993797136;0.0;Infinity;1;B
user-I051911_session-547BFC0A9BECA12855B0C21A1D028732A75106E4BFAC87C9590A6616878B5C90_analysis-6.csv;user-I051911;3;370671316;true;0.37470069869050804;0.0;Infinity;1;B
user-I051911_session-547BFC0A9BECA12855B0C21A1D028732A75106E4BFAC87C9590A6616878B5C90_analysis-6.csv;user-I051911;3;29213673;true;0.4930950735514007;0.0;Infinity;1;B
user-I051911_session-547BFC0A9BECA12855B0C21A1D028732A75106E4BFAC87C9590A6616878B5C90_analysis-6.csv;user-I051911;3;29213672;true;0.15208734171171834;0.0;Infinity;1;B
user-I051911_session-547BFC0A9BECA12855B0C21A1D028732A75106E4BFAC87C9590A6616878B5C90_analysis-6.csv;user-I051911;3;29213675;true;0.020788208136346298;0.0;Infinity;1;B
user-I051911_session-547BFC0A9BECA12855B0C21A1D028732A75106E4BFAC87C9590A6616878B5C90_analysis-6.csv;user-I051911;3;29213674;true;0.37470069869050804;0.0;Infinity;1;B
user-I051911_session-547BFC0A9BECA12855B0C21A1D028732A75106E4BFAC87C9590A6616878B5C90_analysis-6.csv;user-I051911;3;1781839582;true;0.09181813902401947;0.0;Infinity;1;B
user-I051911_session-547BFC0A9BECA12855B0C21A1D028732A75106E4BFAC87C9590A6616878B5C90_analysis-6.csv;user-I051911;3;867622370;true;0.16037831993797136;0.0;Infinity;1;B
user-I051911_session-547BFC0A9BECA12855B0C21A1D028732A75106E4BFAC87C9590A6616878B5C90_analysis-6.csv;user-I051911;3;867622371;true;0.36165195536941075;0.0;Infinity;1;B
user-I051911_session-547BFC0A9BECA12855B0C21A1D028732A75106E4BFAC87C9590A6616878B5C90_analysis-6.csv;user-I051911;3;867622368;true;0.36165195536941075;0.0;Infinity;1;B
user-I051911_session-547BFC0A9BECA12855B0C21A1D028732A75106E4BFAC87C9590A6616878B5C90_analysis-6.csv;user-I051911;3;867622369;true;0.09181813902401947;0.0;Infinity;1;B
user-I051911_session-547BFC0A9BECA12855B0C21A1D028732A75106E4BFAC87C9590A6616878B5C90_analysis-6.csv;user-I051911;3;-64827939;true;0.36165195536941075;0.0;Infinity;1;B
user-I051911_session-547BFC0A9BECA12855B0C21A1D028732A75106E4BFAC87C9590A6616878B5C90_analysis-6.csv;user-I051911;3;-64827940;true;0.04447172471431737;0.0;Infinity;1;B
user-I051911_session-547BFC0A9BECA12855B0C21A1D028732A75106E4BFAC87C9590A6616878B5C90_analysis-6.csv;user-I051911;3;-927389556;true;0.2558585042834103;0.0;Infinity;1;B
user-I051911_session-547BFC0A9BECA12855B0C21A1D028732A75106E4BFAC87C9590A6616878B5C90_analysis-6.csv;user-I051911;3;-64827938;true;0.36165195536941075;0.0;Infinity;1;B
user-I051911_session-547BFC0A9BECA12855B0C21A1D028732A75106E4BFAC87C9590A6616878B5C90_analysis-6.csv;user-I051911;3;-927389557;true;0.4930950735514007;0.0;Infinity;1;B
user-I051911_session-547BFC0A9BECA12855B0C21A1D028732A75106E4BFAC87C9590A6616878B5C90_analysis-6.csv;user-I051911;3;1651405134;true;0.16037831993797136;0.0;Infinity;1;B
user-I051911_session-547BFC0A9BECA12855B0C21A1D028732A75106E4BFAC87C9590A6616878B5C90_analysis-6.csv;user-I051911;3;-64827944;true;0.2558585042834103;0.0;Infinity;1;B
user-I051911_session-547BFC0A9BECA12855B0C21A1D028732A75106E4BFAC87C9590A6616878B5C90_analysis-6.csv;user-I051911;3;-927389558;true;0.37470069869050804;0.0;Infinity;1;B
user-I051911_session-547BFC0A9BECA12855B0C21A1D028732A75106E4BFAC87C9590A6616878B5C90_analysis-6.csv;user-I051911;3;1651405135;true;0.4930950735514007;0.0;Infinity;1;B
user-I051911_session-547BFC0A9BECA12855B0C21A1D028732A75106E4BFAC87C9590A6616878B5C90_analysis-6.csv;user-I051911;3;-64827941;true;0.4930950735514007;0.0;Infinity;1;B
user-I051911_session-547BFC0A9BECA12855B0C21A1D028732A75106E4BFAC87C9590A6616878B5C90_analysis-6.csv;user-I051911;3;-64827942;true;0.15208734171171834;0.0;Infinity;1;B
user-I051911_session-547BFC0A9BECA12855B0C21A1D028732A75106E4BFAC87C9590A6616878B5C90_analysis-6.csv;user-I051911;3;-64827945;true;0.36165195536941075;0.0;Infinity;1;B
user-I051911_session-547BFC0A9BECA12855B0C21A1D028732A75106E4BFAC87C9590A6616878B5C90_analysis-6.csv;user-I051911;3;-64827946;true;0.2558585042834103;0.0;Infinity;1;B
user-I051911_session-547BFC0A9BECA12855B0C21A1D028732A75106E4BFAC87C9590A6616878B5C90_analysis-6.csv;user-I051911;3;370669798;true;0.36165195536941075;0.0;Infinity;1;B
user-I051911_session-547BFC0A9BECA12855B0C21A1D028732A75106E4BFAC87C9590A6616878B5C90_analysis-6.csv;user-I051911;3;370669799;true;0.0011520473981825319;0.0;Infinity;1;B
user-I051911_session-547BFC0A9BECA12855B0C21A1D028732A75106E4BFAC87C9590A6616878B5C90_analysis-6.csv;user-I051911;3;370669800;true;0.08624290342186902;0.0;Infinity;1;B
user-I051911_session-547BFC0A9BECA12855B0C21A1D028732A75106E4BFAC87C9590A6616878B5C90_analysis-6.csv;user-I051911;3;370669801;true;0.08624290342186902;0.0;Infinity;1;B
user-I051911_session-547BFC0A9BECA12855B0C21A1D028732A75106E4BFAC87C9590A6616878B5C90_analysis-6.csv;user-I051911;3;370669803;true;0.4930950735514007;0.0;Infinity;1;B
user-I051911_session-547BFC0A9BECA12855B0C21A1D028732A75106E4BFAC87C9590A6616878B5C90_analysis-6.csv;user-I051911;3;370669804;true;0.2558585042834103;0.0;Infinity;1;B
user-I051911_session-547BFC0A9BECA12855B0C21A1D028732A75106E4BFAC87C9590A6616878B5C90_analysis-6.csv;user-I051911;3;370669805;true;0.36165195536941075;0.0;Infinity;1;B
user-I051911_session-547BFC0A9BECA12855B0C21A1D028732A75106E4BFAC87C9590A6616878B5C90_analysis-6.csv;user-I051911;3;370669806;true;0.2558585042834103;0.0;Infinity;1;B
user-I051911_session-547BFC0A9BECA12855B0C21A1D028732A75106E4BFAC87C9590A6616878B5C90_analysis-6.csv;user-I051911;3;-1834234642;true;0.16037831993797136;0.0;Infinity;1;B
user-I051911_session-547BFC0A9BECA12855B0C21A1D028732A75106E4BFAC87C9590A6616878B5C90_analysis-6.csv;user-I051911;3;-1834234644;true;0.37470069869050804;0.0;Infinity;1;B
user-I051911_session-547BFC0A9BECA12855B0C21A1D028732A75106E4BFAC87C9590A6616878B5C90_analysis-6.csv;user-I051911;3;1781838067;true;0.36165195536941075;0.0;Infinity;1;B
user-I051911_session-547BFC0A9BECA12855B0C21A1D028732A75106E4BFAC87C9590A6616878B5C90_analysis-6.csv;user-I051911;3;1781838066;true;0.16037831993797136;0.0;Infinity;1;B
user-I051911_session-547BFC0A9BECA12855B0C21A1D028732A75106E4BFAC87C9590A6616878B5C90_analysis-6.csv;user-I051911;3;1781838065;true;0.0033519006879448865;0.0;Infinity;1;B
user-I051911_session-547BFC0A9BECA12855B0C21A1D028732A75106E4BFAC87C9590A6616878B5C90_analysis-6.csv;user-I051911;3;1781838064;true;0.37470069869050804;0.0;Infinity;1;B
user-I051911_session-547BFC0A9BECA12855B0C21A1D028732A75106E4BFAC87C9590A6616878B5C90_analysis-6.csv;user-I051911;3;1781838070;true;0.37470069869050804;0.0;Infinity;1;B
user-I051911_session-547BFC0A9BECA12855B0C21A1D028732A75106E4BFAC87C9590A6616878B5C90_analysis-6.csv;user-I051911;3;1781838069;true;0.37470069869050804;0.0;Infinity;1;B
user-I051911_session-547BFC0A9BECA12855B0C21A1D028732A75106E4BFAC87C9590A6616878B5C90_analysis-6.csv;user-I051911;3;1781838068;true;0.16037831993797136;0.0;Infinity;1;B
user-I051911_session-547BFC0A9BECA12855B0C21A1D028732A75106E4BFAC87C9590A6616878B5C90_analysis-6.csv;user-I051911;3;1781838062;true;0.2558585042834103;0.0;Infinity;1;B
user-I051911_session-547BFC0A9BECA12855B0C21A1D028732A75106E4BFAC87C9590A6616878B5C90_analysis-6.csv;user-I051911;3;1781838063;true;0.37470069869050804;0.0;Infinity;1;B
user-I051911_session-547BFC0A9BECA12855B0C21A1D028732A75106E4BFAC87C9590A6616878B5C90_analysis-6.csv;user-I051911;3;1489860549;true;0.2558585042834103;0.0;Infinity;1;B
user-I051911_session-547BFC0A9BECA12855B0C21A1D028732A75106E4BFAC87C9590A6616878B5C90_analysis-6.csv;user-I051911;3;29215187;true;0.4930950735514007;0.0;Infinity;1;B
user-I051911_session-547BFC0A9BECA12855B0C21A1D028732A75106E4BFAC87C9590A6616878B5C90_analysis-6.csv;user-I051911;3;-927391074;true;0.04447172471431737;0.0;Infinity;1;B
user-I051911_session-547BFC0A9BECA12855B0C21A1D028732A75106E4BFAC87C9590A6616878B5C90_analysis-6.csv;user-I051911;3;-927391073;true;0.15208734171171834;0.0;Infinity;1;B
user-I051911_session-547BFC0A9BECA12855B0C21A1D028732A75106E4BFAC87C9590A6616878B5C90_analysis-6.csv;user-I051911;3;29215188;true;0.2558585042834103;0.0;Infinity;1;B
user-I051911_session-547BFC0A9BECA12855B0C21A1D028732A75106E4BFAC87C9590A6616878B5C90_analysis-6.csv;user-I051911;3;-927391076;true;0.008787011337876516;0.0;Infinity;1;B
user-I051911_session-547BFC0A9BECA12855B0C21A1D028732A75106E4BFAC87C9590A6616878B5C90_analysis-6.csv;user-I051911;3;29215189;true;0.37470069869050804;0.0;Infinity;1;B
user-I051911_session-547BFC0A9BECA12855B0C21A1D028732A75106E4BFAC87C9590A6616878B5C90_analysis-6.csv;user-I051911;3;-927391075;true;0.24485052519920825;0.0;Infinity;1;B
user-I051911_session-547BFC0A9BECA12855B0C21A1D028732A75106E4BFAC87C9590A6616878B5C90_analysis-6.csv;user-I051911;3;1487485372;true;0.04447172471431737;0.0;Infinity;1;B
user-I051911_session-547BFC0A9BECA12855B0C21A1D028732A75106E4BFAC87C9590A6616878B5C90_analysis-6.csv;user-I051911;3;1487485373;true;0.16037831993797136;0.0;Infinity;1;B
user-I051911_session-547BFC0A9BECA12855B0C21A1D028732A75106E4BFAC87C9590A6616878B5C90_analysis-6.csv;user-I051911;3;1487485370;true;0.09181813902401947;0.0;Infinity;1;B
user-I051911_session-547BFC0A9BECA12855B0C21A1D028732A75106E4BFAC87C9590A6616878B5C90_analysis-6.csv;user-I051911;3;1487485371;true;0.2558585042834103;0.0;Infinity;1;B
user-I051911_session-547BFC0A9BECA12855B0C21A1D028732A75106E4BFAC87C9590A6616878B5C90_analysis-6.csv;user-I051911;3;1487485368;true;0.16037831993797136;0.0;Infinity;1;B
user-I051911_session-547BFC0A9BECA12855B0C21A1D028732A75106E4BFAC87C9590A6616878B5C90_analysis-6.csv;user-I051911;3;1487485369;true;0.24485052519920825;0.0;Infinity;1;B
user-I051911_session-547BFC0A9BECA12855B0C21A1D028732A75106E4BFAC87C9590A6616878B5C90_analysis-6.csv;user-I051911;3;-927391071;true;0.4930950735514007;0.0;Infinity;1;B
user-I051911_session-547BFC0A9BECA12855B0C21A1D028732A75106E4BFAC87C9590A6616878B5C90_analysis-6.csv;user-I051911;3;-927391072;true;0.0033519006879448865;0.0;Infinity;1;B
user-I051911_session-547BFC0A9BECA12855B0C21A1D028732A75106E4BFAC87C9590A6616878B5C90_analysis-6.csv;user-I051911;3;1487485367;true;0.37470069869050804;0.0;Infinity;1;B
user-I051911_session-547BFC0A9BECA12855B0C21A1D028732A75106E4BFAC87C9590A6616878B5C90_analysis-6.csv;user-I051911;3;-927391069;true;0.0033519006879448865;0.0;Infinity;1;B
user-I051911_session-547BFC0A9BECA12855B0C21A1D028732A75106E4BFAC87C9590A6616878B5C90_analysis-6.csv;user-I051911;3;-927391070;true;3.5629843770768055E-4;0.0;Infinity;1;B
user-I051911_session-547BFC0A9BECA12855B0C21A1D028732A75106E4BFAC87C9590A6616878B5C90_analysis-6.csv;user-I051911;3;-927391068;true;0.4930950735514007;0.0;Infinity;1;B
user-I051911_session-547BFC0A9BECA12855B0C21A1D028732A75106E4BFAC87C9590A6616878B5C90_analysis-6.csv;user-I051911;3;1382961375;true;0.16037831993797136;0.0;Infinity;1;B
user-I051911_session-547BFC0A9BECA12855B0C21A1D028732A75106E4BFAC87C9590A6616878B5C90_analysis-6.csv;user-I051911;3;1487486887;true;0.2558585042834103;0.0;Infinity;1;B
user-I051911_session-547BFC0A9BECA12855B0C21A1D028732A75106E4BFAC87C9590A6616878B5C90_analysis-6.csv;user-I051911;3;1487486886;true;0.09181813902401947;0.0;Infinity;1;B
user-I051911_session-547BFC0A9BECA12855B0C21A1D028732A75106E4BFAC87C9590A6616878B5C90_analysis-6.csv;user-I051911;3;1487486885;true;0.09181813902401947;0.0;Infinity;1;B
user-I051911_session-547BFC0A9BECA12855B0C21A1D028732A75106E4BFAC87C9590A6616878B5C90_analysis-6.csv;user-I051911;3;1489859030;true;0.37470069869050804;0.0;Infinity;1;B
user-I051911_session-547BFC0A9BECA12855B0C21A1D028732A75106E4BFAC87C9590A6616878B5C90_analysis-6.csv;user-I051911;3;-1834236162;true;0.09181813902401947;0.0;Infinity;1;B
user-I051911_session-547BFC0A9BECA12855B0C21A1D028732A75106E4BFAC87C9590A6616878B5C90_analysis-6.csv;user-I051911;3;1489859031;true;0.16037831993797136;0.0;Infinity;1;B
user-I051911_session-547BFC0A9BECA12855B0C21A1D028732A75106E4BFAC87C9590A6616878B5C90_analysis-6.csv;user-I051911;3;-1834236161;true;0.36165195536941075;0.0;Infinity;1;B
user-I051911_session-547BFC0A9BECA12855B0C21A1D028732A75106E4BFAC87C9590A6616878B5C90_analysis-6.csv;user-I051911;3;1382961376;true;0.16037831993797136;0.0;Infinity;1;B
user-I051911_session-547BFC0A9BECA12855B0C21A1D028732A75106E4BFAC87C9590A6616878B5C90_analysis-6.csv;user-I051911;3;1489859034;true;0.09181813902401947;0.0;Infinity;1;B
user-I051911_session-547BFC0A9BECA12855B0C21A1D028732A75106E4BFAC87C9590A6616878B5C90_analysis-6.csv;user-I051911;3;1489859032;true;0.09181813902401947;0.0;Infinity;1;B
user-I051911_session-547BFC0A9BECA12855B0C21A1D028732A75106E4BFAC87C9590A6616878B5C90_analysis-6.csv;user-I051911;3;1489859033;true;0.4930950735514007;0.0;Infinity;1;B
user-I051911_session-547BFC0A9BECA12855B0C21A1D028732A75106E4BFAC87C9590A6616878B5C90_analysis-6.csv;user-I051911;3;1489859038;true;0.09181813902401947;0.0;Infinity;1;B
user-I051911_session-547BFC0A9BECA12855B0C21A1D028732A75106E4BFAC87C9590A6616878B5C90_analysis-6.csv;user-I051911;3;1489859036;true;0.2558585042834103;0.0;Infinity;1;B
user-I051911_session-547BFC0A9BECA12855B0C21A1D028732A75106E4BFAC87C9590A6616878B5C90_analysis-6.csv;user-I051911;3;1498710747;true;0.36165195536941075;0.0;Infinity;1;B
user-I051911_session-547BFC0A9BECA12855B0C21A1D028732A75106E4BFAC87C9590A6616878B5C90_analysis-6.csv;user-I051911;3;-583400677;true;0.4930950735514007;0.0;Infinity;1;B
user-I051911_session-547BFC0A9BECA12855B0C21A1D028732A75106E4BFAC87C9590A6616878B5C90_analysis-6.csv;user-I051911;3;1498710749;true;0.24485052519920825;0.0;Infinity;1;B
user-I051911_session-547BFC0A9BECA12855B0C21A1D028732A75106E4BFAC87C9590A6616878B5C90_analysis-6.csv;user-I051911;3;1498710748;true;0.2558585042834103;0.0;Infinity;1;B
user-I051911_session-547BFC0A9BECA12855B0C21A1D028732A75106E4BFAC87C9590A6616878B5C90_analysis-6.csv;user-I051911;3;1498710751;true;0.15208734171171834;0.0;Infinity;1;B
user-I051911_session-547BFC0A9BECA12855B0C21A1D028732A75106E4BFAC87C9590A6616878B5C90_analysis-6.csv;user-I051911;3;-583400679;true;0.16037831993797136;0.0;Infinity;1;B
user-I051911_session-547BFC0A9BECA12855B0C21A1D028732A75106E4BFAC87C9590A6616878B5C90_analysis-6.csv;user-I051911;3;1498710750;true;0.24485052519920825;0.0;Infinity;1;B
user-I051911_session-547BFC0A9BECA12855B0C21A1D028732A75106E4BFAC87C9590A6616878B5C90_analysis-6.csv;user-I051911;3;720490881;true;0.2558585042834103;0.0;Infinity;1;B
user-I051911_session-547BFC0A9BECA12855B0C21A1D028732A75106E4BFAC87C9590A6616878B5C90_analysis-6.csv;user-I051911;3;720490880;true;0.36165195536941075;0.0;Infinity;1;B
user-I051911_session-547BFC0A9BECA12855B0C21A1D028732A75106E4BFAC87C9590A6616878B5C90_analysis-6.csv;user-I051911;3;720490883;true;0.09181813902401947;0.0;Infinity;1;B
user-I051911_session-547BFC0A9BECA12855B0C21A1D028732A75106E4BFAC87C9590A6616878B5C90_analysis-6.csv;user-I051911;3;720490882;true;0.36165195536941075;0.0;Infinity;1;B
user-I051911_session-547BFC0A9BECA12855B0C21A1D028732A75106E4BFAC87C9590A6616878B5C90_analysis-6.csv;user-I051911;3;720490885;true;0.09181813902401947;0.0;Infinity;1;B
user-I051911_session-547BFC0A9BECA12855B0C21A1D028732A75106E4BFAC87C9590A6616878B5C90_analysis-6.csv;user-I051911;3;-583402191;true;0.24485052519920825;0.0;Infinity;1;B
user-I051911_session-547BFC0A9BECA12855B0C21A1D028732A75106E4BFAC87C9590A6616878B5C90_analysis-6.csv;user-I051911;3;720490884;true;0.37470069869050804;0.0;Infinity;1;B
user-I051911_session-547BFC0A9BECA12855B0C21A1D028732A75106E4BFAC87C9590A6616878B5C90_analysis-6.csv;user-I051911;3;-583402192;true;0.4930950735514007;0.0;Infinity;1;B
user-I051911_session-547BFC0A9BECA12855B0C21A1D028732A75106E4BFAC87C9590A6616878B5C90_analysis-6.csv;user-I051911;3;720490887;true;0.37470069869050804;0.0;Infinity;1;B
user-I051911_session-547BFC0A9BECA12855B0C21A1D028732A75106E4BFAC87C9590A6616878B5C90_analysis-6.csv;user-I051911;3;-583402189;true;0.36165195536941075;0.0;Infinity;1;B
user-I051911_session-547BFC0A9BECA12855B0C21A1D028732A75106E4BFAC87C9590A6616878B5C90_analysis-6.csv;user-I051911;3;720490886;true;0.37470069869050804;0.0;Infinity;1;B
user-I051911_session-547BFC0A9BECA12855B0C21A1D028732A75106E4BFAC87C9590A6616878B5C90_analysis-6.csv;user-I051911;3;-583402190;true;0.2558585042834103;0.0;Infinity;1;B
user-I051911_session-547BFC0A9BECA12855B0C21A1D028732A75106E4BFAC87C9590A6616878B5C90_analysis-6.csv;user-I051911;3;-583402196;true;0.2558585042834103;0.0;Infinity;1;B
user-I051911_session-547BFC0A9BECA12855B0C21A1D028732A75106E4BFAC87C9590A6616878B5C90_analysis-6.csv;user-I051911;3;-583402195;true;0.04447172471431737;0.0;Infinity;1;B
user-I051911_session-547BFC0A9BECA12855B0C21A1D028732A75106E4BFAC87C9590A6616878B5C90_analysis-6.csv;user-I051911;3;-583402194;true;0.2558585042834103;0.0;Infinity;1;B
user-I051911_session-547BFC0A9BECA12855B0C21A1D028732A75106E4BFAC87C9590A6616878B5C90_analysis-6.csv;user-I051911;3;-1834236156;true;0.37470069869050804;0.0;Infinity;1;B
user-I051911_session-547BFC0A9BECA12855B0C21A1D028732A75106E4BFAC87C9590A6616878B5C90_analysis-6.csv;user-I051911;3;-583402193;true;0.37470069869050804;0.0;Infinity;1;B
user-I051911_session-547BFC0A9BECA12855B0C21A1D028732A75106E4BFAC87C9590A6616878B5C90_analysis-6.csv;user-I051911;3;-1834236155;true;3.5629843770768055E-4;0.0;Infinity;1;B
user-I051911_session-547BFC0A9BECA12855B0C21A1D028732A75106E4BFAC87C9590A6616878B5C90_analysis-6.csv;user-I051911;3;923581906;true;0.4930950735514007;0.0;Infinity;1;B
user-I051911_session-547BFC0A9BECA12855B0C21A1D028732A75106E4BFAC87C9590A6616878B5C90_analysis-6.csv;user-I051911;3;-1834236158;true;0.08624290342186902;0.0;Infinity;1;B
user-I051911_session-547BFC0A9BECA12855B0C21A1D028732A75106E4BFAC87C9590A6616878B5C90_analysis-6.csv;user-I051911;3;-1834236157;true;0.08624290342186902;0.0;Infinity;1;B
user-I051911_session-547BFC0A9BECA12855B0C21A1D028732A75106E4BFAC87C9590A6616878B5C90_analysis-6.csv;user-I051911;3;-1834236160;true;0.04447172471431737;0.0;Infinity;1;B
user-I051911_session-547BFC0A9BECA12855B0C21A1D028732A75106E4BFAC87C9590A6616878B5C90_analysis-6.csv;user-I051911;3;-1834236159;true;0.24485052519920825;0.0;Infinity;1;B
user-I051911_session-547BFC0A9BECA12855B0C21A1D028732A75106E4BFAC87C9590A6616878B5C90_analysis-6.csv;user-I051911;3;-583402197;true;0.020788208136346298;0.0;Infinity;1;B
user-I051911_session-547BFC0A9BECA12855B0C21A1D028732A75106E4BFAC87C9590A6616878B5C90_analysis-6.csv;user-I051911;3;1498710754;true;0.4930950735514007;0.0;Infinity;1;B
user-I051911_session-547BFC0A9BECA12855B0C21A1D028732A75106E4BFAC87C9590A6616878B5C90_analysis-6.csv;user-I051911;3;1498710755;true;0.15208734171171834;0.0;Infinity;1;B
user-I051911_session-547BFC0A9BECA12855B0C21A1D028732A75106E4BFAC87C9590A6616878B5C90_analysis-6.csv;user-I051911;3;1498710752;true;0.24485052519920825;0.0;Infinity;1;B
user-I051911_session-547BFC0A9BECA12855B0C21A1D028732A75106E4BFAC87C9590A6616878B5C90_analysis-6.csv;user-I051911;3;1498710753;true;0.37470069869050804;0.0;Infinity;1;B
user-I051911_session-547BFC0A9BECA12855B0C21A1D028732A75106E4BFAC87C9590A6616878B5C90_analysis-6.csv;user-I051911;3;459654503;true;0.2558585042834103;0.0;Infinity;1;B
user-I051911_session-547BFC0A9BECA12855B0C21A1D028732A75106E4BFAC87C9590A6616878B5C90_analysis-6.csv;user-I051911;3;459654502;true;0.2558585042834103;0.0;Infinity;1;B
user-I051911_session-547BFC0A9BECA12855B0C21A1D028732A75106E4BFAC87C9590A6616878B5C90_analysis-6.csv;user-I051911;3;459654501;true;0.2558585042834103;0.0;Infinity;1;B
user-I051911_session-547BFC0A9BECA12855B0C21A1D028732A75106E4BFAC87C9590A6616878B5C90_analysis-6.csv;user-I051911;3;459654500;true;0.37470069869050804;0.0;Infinity;1;B
user-I051911_session-547BFC0A9BECA12855B0C21A1D028732A75106E4BFAC87C9590A6616878B5C90_analysis-6.csv;user-I051911;3;459654498;true;0.4930950735514007;0.0;Infinity;1;B
user-I051911_session-547BFC0A9BECA12855B0C21A1D028732A75106E4BFAC87C9590A6616878B5C90_analysis-6.csv;user-I051911;3;459654497;true;0.37470069869050804;0.0;Infinity;1;B
user-I051911_session-547BFC0A9BECA12855B0C21A1D028732A75106E4BFAC87C9590A6616878B5C90_analysis-6.csv;user-I051911;3;459654496;true;0.36165195536941075;0.0;Infinity;1;B
user-I051911_session-547BFC0A9BECA12855B0C21A1D028732A75106E4BFAC87C9590A6616878B5C90_analysis-6.csv;user-I051911;3;459654504;true;0.16037831993797136;0.0;Infinity;1;B
user-I051911_session-547BFC0A9BECA12855B0C21A1D028732A75106E4BFAC87C9590A6616878B5C90_analysis-6.csv;user-I051911;3;-14598863;true;0.09181813902401947;0.0;Infinity;1;B
user-I051911_session-547BFC0A9BECA12855B0C21A1D028732A75106E4BFAC87C9590A6616878B5C90_analysis-6.csv;user-I051911;3;1806624989;true;0.16037831993797136;0.0;Infinity;1;B
user-I051911_session-547BFC0A9BECA12855B0C21A1D028732A75106E4BFAC87C9590A6616878B5C90_analysis-6.csv;user-I051911;3;1806624988;true;0.2558585042834103;0.0;Infinity;1;B
user-I051911_session-547BFC0A9BECA12855B0C21A1D028732A75106E4BFAC87C9590A6616878B5C90_analysis-6.csv;user-I051911;3;1806624990;true;0.2558585042834103;0.0;Infinity;1;B
user-I051911_session-547BFC0A9BECA12855B0C21A1D028732A75106E4BFAC87C9590A6616878B5C90_analysis-6.csv;user-I051911;3;1382959859;true;0.2558585042834103;0.0;Infinity;1;B
user-I051911_session-547BFC0A9BECA12855B0C21A1D028732A75106E4BFAC87C9590A6616878B5C90_analysis-6.csv;user-I051911;3;1382959858;true;0.37470069869050804;0.0;Infinity;1;B
user-I051911_session-547BFC0A9BECA12855B0C21A1D028732A75106E4BFAC87C9590A6616878B5C90_analysis-6.csv;user-I051911;3;1382959857;true;0.09181813902401947;0.0;Infinity;1;B
user-I051911_session-547BFC0A9BECA12855B0C21A1D028732A75106E4BFAC87C9590A6616878B5C90_analysis-6.csv;user-I051911;3;1382959856;true;0.36165195536941075;0.0;Infinity;1;B
user-I051911_session-547BFC0A9BECA12855B0C21A1D028732A75106E4BFAC87C9590A6616878B5C90_analysis-6.csv;user-I051911;3;1382959863;true;0.15208734171171834;0.0;Infinity;1;B
user-I051911_session-547BFC0A9BECA12855B0C21A1D028732A75106E4BFAC87C9590A6616878B5C90_analysis-6.csv;user-I051911;3;1382959862;true;0.020788208136346298;0.0;Infinity;1;B
user-I051911_session-547BFC0A9BECA12855B0C21A1D028732A75106E4BFAC87C9590A6616878B5C90_analysis-6.csv;user-I051911;3;1382959860;true;0.36165195536941075;0.0;Infinity;1;B
user-I051911_session-547BFC0A9BECA12855B0C21A1D028732A75106E4BFAC87C9590A6616878B5C90_analysis-6.csv;user-I051911;3;-1460892237;true;0.24485052519920825;0.0;Infinity;1;B
user-I051911_session-547BFC0A9BECA12855B0C21A1D028732A75106E4BFAC87C9590A6616878B5C90_analysis-6.csv;user-I051911;3;1382959864;true;0.09181813902401947;0.0;Infinity;1;B
user-I051911_session-547BFC0A9BECA12855B0C21A1D028732A75106E4BFAC87C9590A6616878B5C90_analysis-6.csv;user-I051911;3;-934080684;true;0.09181813902401947;0.0;Infinity;1;B
user-I051911_session-547BFC0A9BECA12855B0C21A1D028732A75106E4BFAC87C9590A6616878B5C90_analysis-6.csv;user-I051911;3;-934080686;true;0.37470069869050804;0.0;Infinity;1;B
user-I051911_session-547BFC0A9BECA12855B0C21A1D028732A75106E4BFAC87C9590A6616878B5C90_analysis-6.csv;user-I051911;3;1651403624;true;0.16037831993797136;0.0;Infinity;1;B
user-I051911_session-547BFC0A9BECA12855B0C21A1D028732A75106E4BFAC87C9590A6616878B5C90_analysis-6.csv;user-I051911;3;-934080685;true;0.09181813902401947;0.0;Infinity;1;B
user-I051911_session-547BFC0A9BECA12855B0C21A1D028732A75106E4BFAC87C9590A6616878B5C90_analysis-6.csv;user-I051911;3;720492397;true;0.37470069869050804;0.0;Infinity;1;B
user-I051911_session-547BFC0A9BECA12855B0C21A1D028732A75106E4BFAC87C9590A6616878B5C90_analysis-6.csv;user-I051911;3;459656016;true;0.4930950735514007;0.0;Infinity;1;B
user-I051911_session-547BFC0A9BECA12855B0C21A1D028732A75106E4BFAC87C9590A6616878B5C90_analysis-6.csv;user-I051911;3;1651403621;true;0.37470069869050804;0.0;Infinity;1;B
user-I051911_session-547BFC0A9BECA12855B0C21A1D028732A75106E4BFAC87C9590A6616878B5C90_analysis-6.csv;user-I051911;3;1651403623;true;0.4930950735514007;0.0;Infinity;1;B
user-I051911_session-547BFC0A9BECA12855B0C21A1D028732A75106E4BFAC87C9590A6616878B5C90_analysis-6.csv;user-I051911;3;1651403622;true;0.15208734171171834;0.0;Infinity;1;B
user-I051911_session-547BFC0A9BECA12855B0C21A1D028732A75106E4BFAC87C9590A6616878B5C90_analysis-6.csv;user-I051911;3;1651403617;true;0.24485052519920825;0.0;Infinity;1;B
user-I051911_session-547BFC0A9BECA12855B0C21A1D028732A75106E4BFAC87C9590A6616878B5C90_analysis-6.csv;user-I051911;3;1651403616;true;0.37470069869050804;0.0;Infinity;1;B
user-I051911_session-547BFC0A9BECA12855B0C21A1D028732A75106E4BFAC87C9590A6616878B5C90_analysis-6.csv;user-I051911;3;1651403618;true;0.2558585042834103;0.0;Infinity;1;B
user-I051911_session-547BFC0A9BECA12855B0C21A1D028732A75106E4BFAC87C9590A6616878B5C90_analysis-6.csv;user-I051911;3;867623883;true;0.16037831993797136;0.0;Infinity;1;B
user-I051911_session-547BFC0A9BECA12855B0C21A1D028732A75106E4BFAC87C9590A6616878B5C90_analysis-6.csv;user-I051911;3;923580390;true;0.4930950735514007;0.0;Infinity;1;B
user-I051911_session-547BFC0A9BECA12855B0C21A1D028732A75106E4BFAC87C9590A6616878B5C90_analysis-6.csv;user-I051911;3;923580391;true;0.2558585042834103;0.0;Infinity;1;B
user-I051911_session-547BFC0A9BECA12855B0C21A1D028732A75106E4BFAC87C9590A6616878B5C90_analysis-6.csv;user-I051911;3;867623882;true;0.37470069869050804;0.0;Infinity;1;B
user-I051911_session-547BFC0A9BECA12855B0C21A1D028732A75106E4BFAC87C9590A6616878B5C90_analysis-6.csv;user-I051911;3;923580388;true;0.2558585042834103;0.0;Infinity;1;B
user-I051911_session-547BFC0A9BECA12855B0C21A1D028732A75106E4BFAC87C9590A6616878B5C90_analysis-6.csv;user-I051911;3;867623881;true;0.24485052519920825;0.0;Infinity;1;B
user-I051911_session-547BFC0A9BECA12855B0C21A1D028732A75106E4BFAC87C9590A6616878B5C90_analysis-6.csv;user-I051911;3;459656015;true;0.36165195536941075;0.0;Infinity;1;B
user-I051911_session-547BFC0A9BECA12855B0C21A1D028732A75106E4BFAC87C9590A6616878B5C90_analysis-6.csv;user-I051911;3;-14600376;true;0.16037831993797136;0.0;Infinity;1;B
user-I051911_session-547BFC0A9BECA12855B0C21A1D028732A75106E4BFAC87C9590A6616878B5C90_analysis-6.csv;user-I051911;3;-14600378;true;0.020788208136346298;0.0;Infinity;1;B
user-I051911_session-547BFC0A9BECA12855B0C21A1D028732A75106E4BFAC87C9590A6616878B5C90_analysis-6.csv;user-I051911;3;-14600377;true;0.4930950735514007;0.0;Infinity;1;B
user-I051911_session-547BFC0A9BECA12855B0C21A1D028732A75106E4BFAC87C9590A6616878B5C90_analysis-6.csv;user-I051911;3;-14600380;true;0.4930950735514007;0.0;Infinity;1;B
user-I051911_session-547BFC0A9BECA12855B0C21A1D028732A75106E4BFAC87C9590A6616878B5C90_analysis-6.csv;user-I051911;3;-14600379;true;0.020788208136346298;0.0;Infinity;1;B
user-I051911_session-547BFC0A9BECA12855B0C21A1D028732A75106E4BFAC87C9590A6616878B5C90_analysis-6.csv;user-I051911;3;-14600382;true;0.4930950735514007;0.0;Infinity;1;B
user-I051911_session-547BFC0A9BECA12855B0C21A1D028732A75106E4BFAC87C9590A6616878B5C90_analysis-6.csv;user-I051911;3;923580394;true;0.16037831993797136;0.0;Infinity;1;B
user-I051911_session-547BFC0A9BECA12855B0C21A1D028732A75106E4BFAC87C9590A6616878B5C90_analysis-6.csv;user-I051911;3;-14600381;true;0.4930950735514007;0.0;Infinity;1;B
user-I051911_session-547BFC0A9BECA12855B0C21A1D028732A75106E4BFAC87C9590A6616878B5C90_analysis-6.csv;user-I051911;3;923580395;true;0.2558585042834103;0.0;Infinity;1;B
user-I051911_session-547BFC0A9BECA12855B0C21A1D028732A75106E4BFAC87C9590A6616878B5C90_analysis-6.csv;user-I051911;3;923580392;true;0.4930950735514007;0.0;Infinity;1;B
user-I051911_session-547BFC0A9BECA12855B0C21A1D028732A75106E4BFAC87C9590A6616878B5C90_analysis-6.csv;user-I051911;3;-14600383;true;0.15208734171171834;0.0;Infinity;1;B
user-I051911_session-547BFC0A9BECA12855B0C21A1D028732A75106E4BFAC87C9590A6616878B5C90_analysis-6.csv;user-I051911;3;923580393;true;0.4930950735514007;0.0;Infinity;1;B
user-I051911_session-547BFC0A9BECA12855B0C21A1D028732A75106E4BFAC87C9590A6616878B5C90_analysis-6.csv;user-I051911;3;1498712265;true;0.36165195536941075;0.0;Infinity;1;B
user-I051911_session-547BFC0A9BECA12855B0C21A1D028732A75106E4BFAC87C9590A6616878B5C90_analysis-6.csv;user-I051911;3;1498712267;true;0.4930950735514007;0.0;Infinity;1;B
user-I051911_session-547BFC0A9BECA12855B0C21A1D028732A75106E4BFAC87C9590A6616878B5C90_analysis-6.csv;user-I051911;3;-1460893751;true;0.24485052519920825;0.0;Infinity;1;B
user-I051911_session-547BFC0A9BECA12855B0C21A1D028732A75106E4BFAC87C9590A6616878B5C90_analysis-6.csv;user-I051911;3;-1460893752;true;0.2558585042834103;0.0;Infinity;1;B
user-I051911_session-547BFC0A9BECA12855B0C21A1D028732A75106E4BFAC87C9590A6616878B5C90_analysis-6.csv;user-I051911;3;-502950100;true;0.2558585042834103;0.0;Infinity;1;B
user-I051911_session-547BFC0A9BECA12855B0C21A1D028732A75106E4BFAC87C9590A6616878B5C90_analysis-6.csv;user-I051911;3;-1460893749;true;0.08624290342186902;0.0;Infinity;1;B
user-I051911_session-547BFC0A9BECA12855B0C21A1D028732A75106E4BFAC87C9590A6616878B5C90_analysis-6.csv;user-I051911;3;-1460893750;true;0.020788208136346298;0.0;Infinity;1;B
user-I051911_session-547BFC0A9BECA12855B0C21A1D028732A75106E4BFAC87C9590A6616878B5C90_analysis-6.csv;user-I051911;3;-502951616;true;0.24485052519920825;0.0;Infinity;1;B
user-I051911_session-547BFC0A9BECA12855B0C21A1D028732A75106E4BFAC87C9590A6616878B5C90_analysis-6.csv;user-I051911;3;-502950102;true;0.2558585042834103;0.0;Infinity;1;B
user-I051911_session-547BFC0A9BECA12855B0C21A1D028732A75106E4BFAC87C9590A6616878B5C90_analysis-6.csv;user-I051911;3;-502951615;true;0.2558585042834103;0.0;Infinity;1;B
user-I051911_session-547BFC0A9BECA12855B0C21A1D028732A75106E4BFAC87C9590A6616878B5C90_analysis-6.csv;user-I051911;3;-1460893748;true;0.37470069869050804;0.0;Infinity;1;B
user-I051911_session-547BFC0A9BECA12855B0C21A1D028732A75106E4BFAC87C9590A6616878B5C90_analysis-6.csv;user-I051911;3;-502950101;true;0.16037831993797136;0.0;Infinity;1;B
user-I051911_session-547BFC0A9BECA12855B0C21A1D028732A75106E4BFAC87C9590A6616878B5C90_analysis-6.csv;user-I051911;3;-502951614;true;0.4930950735514007;0.0;Infinity;1;B
user-I051911_session-547BFC0A9BECA12855B0C21A1D028732A75106E4BFAC87C9590A6616878B5C90_analysis-6.csv;user-I051911;3;-502951613;true;0.37470069869050804;0.0;Infinity;1;B
user-I051911_session-547BFC0A9BECA12855B0C21A1D028732A75106E4BFAC87C9590A6616878B5C90_analysis-6.csv;user-I051911;3;-1460893755;true;0.4930950735514007;0.0;Infinity;1;B
user-I051911_session-547BFC0A9BECA12855B0C21A1D028732A75106E4BFAC87C9590A6616878B5C90_analysis-6.csv;user-I051911;3;-1460893756;true;0.36165195536941075;0.0;Infinity;1;B
user-I051911_session-547BFC0A9BECA12855B0C21A1D028732A75106E4BFAC87C9590A6616878B5C90_analysis-6.csv;user-I051911;3;-1460893753;true;0.24485052519920825;0.0;Infinity;1;B
user-I051911_session-547BFC0A9BECA12855B0C21A1D028732A75106E4BFAC87C9590A6616878B5C90_analysis-6.csv;user-I051911;3;-1460893754;true;0.4930950735514007;0.0;Infinity;1;B
user-I051911_session-547BFC0A9BECA12855B0C21A1D028732A75106E4BFAC87C9590A6616878B5C90_analysis-6.csv;user-I051911;3;-502951617;true;0.2558585042834103;0.0;Infinity;1;B
user-I051911_session-547BFC0A9BECA12855B0C21A1D028732A75106E4BFAC87C9590A6616878B5C90_analysis-6.csv;user-I051911;3;-502951618;true;0.04447172471431737;0.0;Infinity;1;B
user-I051911_session-547BFC0A9BECA12855B0C21A1D028732A75106E4BFAC87C9590A6616878B5C90_analysis-6.csv;user-I051911;3;-502951619;true;0.2558585042834103;0.0;Infinity;1;B
user-I051911_session-547BFC0A9BECA12855B0C21A1D028732A75106E4BFAC87C9590A6616878B5C90_analysis-6.csv;user-I051911;3;-502951620;true;0.36165195536941075;0.0;Infinity;1;B
user-I051911_session-547BFC0A9BECA12855B0C21A1D028732A75106E4BFAC87C9590A6616878B5C90_analysis-6.csv;user-I051911;3;-934082199;true;0.04447172471431737;0.0;Infinity;1;B
user-I051911_session-547BFC0A9BECA12855B0C21A1D028732A75106E4BFAC87C9590A6616878B5C90_analysis-6.csv;user-I051911;3;-934082200;true;0.2558585042834103;0.0;Infinity;1;B
user-I051911_session-547BFC0A9BECA12855B0C21A1D028732A75106E4BFAC87C9590A6616878B5C90_analysis-6.csv;user-I051911;3;-934082197;true;0.08624290342186902;0.0;Infinity;1;B
user-I051911_session-547BFC0A9BECA12855B0C21A1D028732A75106E4BFAC87C9590A6616878B5C90_analysis-6.csv;user-I051911;3;-934082196;true;0.16037831993797136;0.0;Infinity;1;B
user-I051911_session-547BFC0A9BECA12855B0C21A1D028732A75106E4BFAC87C9590A6616878B5C90_analysis-6.csv;user-I051911;3;-934082203;true;0.09181813902401947;0.0;Infinity;1;B
user-I051911_session-547BFC0A9BECA12855B0C21A1D028732A75106E4BFAC87C9590A6616878B5C90_analysis-6.csv;user-I051911;3;-934082204;true;0.36165195536941075;0.0;Infinity;1;B
user-I051911_session-547BFC0A9BECA12855B0C21A1D028732A75106E4BFAC87C9590A6616878B5C90_analysis-6.csv;user-I051911;3;-934082201;true;0.2558585042834103;0.0;Infinity;1;B
user-I051911_session-547BFC0A9BECA12855B0C21A1D028732A75106E4BFAC87C9590A6616878B5C90_analysis-6.csv;user-I051911;3;-934082202;true;0.24485052519920825;0.0;Infinity;1;B
user-I051911_session-547BFC0A9BECA12855B0C21A1D028732A75106E4BFAC87C9590A6616878B5C90_analysis-6.csv;user-I051911;3;1806623470;true;0.16037831993797136;0.0;Infinity;1;B
user-I051911_session-547BFC0A9BECA12855B0C21A1D028732A75106E4BFAC87C9590A6616878B5C90_analysis-6.csv;user-I051911;3;1806623471;true;0.16037831993797136;0.0;Infinity;1;B
user-I051911_session-547BFC0A9BECA12855B0C21A1D028732A75106E4BFAC87C9590A6616878B5C90_analysis-6.csv;user-I051911;3;1806623473;true;0.4930950735514007;0.0;Infinity;1;B
user-I051911_session-547BFC0A9BECA12855B0C21A1D028732A75106E4BFAC87C9590A6616878B5C90_analysis-6.csv;user-I051911;3;1806623472;true;0.16037831993797136;0.0;Infinity;1;B
user-I051911_session-547BFC0A9BECA12855B0C21A1D028732A75106E4BFAC87C9590A6616878B5C90_analysis-6.csv;user-I051911;3;-64826427;true;0.2558585042834103;0.0;Infinity;1;B
user-I051911_session-547BFC0A9BECA12855B0C21A1D028732A75106E4BFAC87C9590A6616878B5C90_analysis-6.csv;user-I051911;3;1806623478;true;0.4930950735514007;0.0;Infinity;1;B
user-I051911_session-547BFC0A9BECA12855B0C21A1D028732A75106E4BFAC87C9590A6616878B5C90_analysis-6.csv;user-I051911;3;-64826428;true;0.2558585042834103;0.0;Infinity;1;B
user-I051911_session-547BFC0A9BECA12855B0C21A1D028732A75106E4BFAC87C9590A6616878B5C90_analysis-6.csv;user-I051911;3;1806623477;true;0.16037831993797136;0.0;Infinity;1;B
user-I051911_session-547BFC0A9BECA12855B0C21A1D028732A75106E4BFAC87C9590A6616878B5C90_analysis-6.csv;user-I051911;3;-64826426;true;0.09181813902401947;0.0;Infinity;1;B
user-I051911_session-547BFC0A9BECA12855B0C21A1D028732A75106E4BFAC87C9590A6616878B5C90_analysis-6.csv;user-I051911;3;1806623476;true;0.2558585042834103;0.0;Infinity;1;B
user-I051911_session-547BFC0A9BECA12855B0C21A1D028732A75106E4BFAC87C9590A6616878B5C90_analysis-6.csv;user-I051911;3;720490879;true;0.15208734171171834;0.0;Infinity;1;B
user-I051911_session-547BFC0A9BECA12855B0C21A1D028732A75106E4BFAC87C9590A6616878B5C90_analysis-6.csv;user-I051911;4;29213669;true;0.2558585042834103;0.0;Infinity;1;B
user-I051911_session-547BFC0A9BECA12855B0C21A1D028732A75106E4BFAC87C9590A6616878B5C90_analysis-6.csv;user-I051911;4;29213671;true;0.37470069869050804;0.0;Infinity;1;B
user-I051911_session-547BFC0A9BECA12855B0C21A1D028732A75106E4BFAC87C9590A6616878B5C90_analysis-6.csv;user-I051911;4;29213670;true;0.15208734171171834;0.0;Infinity;1;B
user-I051911_session-547BFC0A9BECA12855B0C21A1D028732A75106E4BFAC87C9590A6616878B5C90_analysis-6.csv;user-I051911;4;29213677;true;0.4930950735514007;0.0;Infinity;1;B
user-I051911_session-547BFC0A9BECA12855B0C21A1D028732A75106E4BFAC87C9590A6616878B5C90_analysis-6.csv;user-I051911;4;370671318;true;0.36165195536941075;0.0;Infinity;1;B
user-I051911_session-547BFC0A9BECA12855B0C21A1D028732A75106E4BFAC87C9590A6616878B5C90_analysis-6.csv;user-I051911;4;867622364;true;0.15208734171171834;0.0;Infinity;1;B
user-I051911_session-547BFC0A9BECA12855B0C21A1D028732A75106E4BFAC87C9590A6616878B5C90_analysis-6.csv;user-I051911;4;29213676;true;0.2558585042834103;0.0;Infinity;1;B
user-I051911_session-547BFC0A9BECA12855B0C21A1D028732A75106E4BFAC87C9590A6616878B5C90_analysis-6.csv;user-I051911;4;370671317;true;0.37470069869050804;0.0;Infinity;1;B
user-I051911_session-547BFC0A9BECA12855B0C21A1D028732A75106E4BFAC87C9590A6616878B5C90_analysis-6.csv;user-I051911;4;867622367;true;0.24485052519920825;0.0;Infinity;1;B
user-I051911_session-547BFC0A9BECA12855B0C21A1D028732A75106E4BFAC87C9590A6616878B5C90_analysis-6.csv;user-I051911;4;867622366;true;0.16037831993797136;0.0;Infinity;1;B
user-I051911_session-547BFC0A9BECA12855B0C21A1D028732A75106E4BFAC87C9590A6616878B5C90_analysis-6.csv;user-I051911;4;370671316;true;0.37470069869050804;0.0;Infinity;1;B
user-I051911_session-547BFC0A9BECA12855B0C21A1D028732A75106E4BFAC87C9590A6616878B5C90_analysis-6.csv;user-I051911;4;29213673;true;0.4930950735514007;0.0;Infinity;1;B
user-I051911_session-547BFC0A9BECA12855B0C21A1D028732A75106E4BFAC87C9590A6616878B5C90_analysis-6.csv;user-I051911;4;29213672;true;0.15208734171171834;0.0;Infinity;1;B
user-I051911_session-547BFC0A9BECA12855B0C21A1D028732A75106E4BFAC87C9590A6616878B5C90_analysis-6.csv;user-I051911;4;29213675;true;0.020788208136346298;0.0;Infinity;1;B
user-I051911_session-547BFC0A9BECA12855B0C21A1D028732A75106E4BFAC87C9590A6616878B5C90_analysis-6.csv;user-I051911;4;29213674;true;0.37470069869050804;0.0;Infinity;1;B
user-I051911_session-547BFC0A9BECA12855B0C21A1D028732A75106E4BFAC87C9590A6616878B5C90_analysis-6.csv;user-I051911;4;1781839582;true;0.09181813902401947;0.0;Infinity;1;B
user-I051911_session-547BFC0A9BECA12855B0C21A1D028732A75106E4BFAC87C9590A6616878B5C90_analysis-6.csv;user-I051911;4;867622370;true;0.16037831993797136;0.0;Infinity;1;B
user-I051911_session-547BFC0A9BECA12855B0C21A1D028732A75106E4BFAC87C9590A6616878B5C90_analysis-6.csv;user-I051911;4;867622371;true;0.36165195536941075;0.0;Infinity;1;B
user-I051911_session-547BFC0A9BECA12855B0C21A1D028732A75106E4BFAC87C9590A6616878B5C90_analysis-6.csv;user-I051911;4;867622368;true;0.36165195536941075;0.0;Infinity;1;B
user-I051911_session-547BFC0A9BECA12855B0C21A1D028732A75106E4BFAC87C9590A6616878B5C90_analysis-6.csv;user-I051911;4;867622369;true;0.09181813902401947;0.0;Infinity;1;B
user-I051911_session-547BFC0A9BECA12855B0C21A1D028732A75106E4BFAC87C9590A6616878B5C90_analysis-6.csv;user-I051911;4;-64827939;true;0.36165195536941075;0.0;Infinity;1;B
user-I051911_session-547BFC0A9BECA12855B0C21A1D028732A75106E4BFAC87C9590A6616878B5C90_analysis-6.csv;user-I051911;4;-64827940;true;0.04447172471431737;0.0;Infinity;1;B
user-I051911_session-547BFC0A9BECA12855B0C21A1D028732A75106E4BFAC87C9590A6616878B5C90_analysis-6.csv;user-I051911;4;-927389556;true;0.2558585042834103;0.0;Infinity;1;B
user-I051911_session-547BFC0A9BECA12855B0C21A1D028732A75106E4BFAC87C9590A6616878B5C90_analysis-6.csv;user-I051911;4;-64827938;true;0.36165195536941075;0.0;Infinity;1;B
user-I051911_session-547BFC0A9BECA12855B0C21A1D028732A75106E4BFAC87C9590A6616878B5C90_analysis-6.csv;user-I051911;4;-927389557;true;0.4930950735514007;0.0;Infinity;1;B
user-I051911_session-547BFC0A9BECA12855B0C21A1D028732A75106E4BFAC87C9590A6616878B5C90_analysis-6.csv;user-I051911;4;1651405134;true;0.16037831993797136;0.0;Infinity;1;B
user-I051911_session-547BFC0A9BECA12855B0C21A1D028732A75106E4BFAC87C9590A6616878B5C90_analysis-6.csv;user-I051911;4;-64827944;true;0.2558585042834103;0.0;Infinity;1;B
user-I051911_session-547BFC0A9BECA12855B0C21A1D028732A75106E4BFAC87C9590A6616878B5C90_analysis-6.csv;user-I051911;4;-927389558;true;0.37470069869050804;0.0;Infinity;1;B
user-I051911_session-547BFC0A9BECA12855B0C21A1D028732A75106E4BFAC87C9590A6616878B5C90_analysis-6.csv;user-I051911;4;1651405135;true;0.4930950735514007;0.0;Infinity;1;B
user-I051911_session-547BFC0A9BECA12855B0C21A1D028732A75106E4BFAC87C9590A6616878B5C90_analysis-6.csv;user-I051911;4;-64827941;true;0.4930950735514007;0.0;Infinity;1;B
user-I051911_session-547BFC0A9BECA12855B0C21A1D028732A75106E4BFAC87C9590A6616878B5C90_analysis-6.csv;user-I051911;4;-64827942;true;0.15208734171171834;0.0;Infinity;1;B
user-I051911_session-547BFC0A9BECA12855B0C21A1D028732A75106E4BFAC87C9590A6616878B5C90_analysis-6.csv;user-I051911;4;-64827945;true;0.36165195536941075;0.0;Infinity;1;B
user-I051911_session-547BFC0A9BECA12855B0C21A1D028732A75106E4BFAC87C9590A6616878B5C90_analysis-6.csv;user-I051911;4;-64827946;true;0.2558585042834103;0.0;Infinity;1;B
user-I051911_session-547BFC0A9BECA12855B0C21A1D028732A75106E4BFAC87C9590A6616878B5C90_analysis-6.csv;user-I051911;4;370669798;true;0.36165195536941075;0.0;Infinity;1;B
user-I051911_session-547BFC0A9BECA12855B0C21A1D028732A75106E4BFAC87C9590A6616878B5C90_analysis-6.csv;user-I051911;4;370669799;true;0.0011520473981825319;0.0;Infinity;1;B
user-I051911_session-547BFC0A9BECA12855B0C21A1D028732A75106E4BFAC87C9590A6616878B5C90_analysis-6.csv;user-I051911;4;370669800;true;0.08624290342186902;0.0;Infinity;1;B
user-I051911_session-547BFC0A9BECA12855B0C21A1D028732A75106E4BFAC87C9590A6616878B5C90_analysis-6.csv;user-I051911;4;370669801;true;0.08624290342186902;0.0;Infinity;1;B
user-I051911_session-547BFC0A9BECA12855B0C21A1D028732A75106E4BFAC87C9590A6616878B5C90_analysis-6.csv;user-I051911;4;370669803;true;0.4930950735514007;0.0;Infinity;1;B
user-I051911_session-547BFC0A9BECA12855B0C21A1D028732A75106E4BFAC87C9590A6616878B5C90_analysis-6.csv;user-I051911;4;370669804;true;0.2558585042834103;0.0;Infinity;1;B
user-I051911_session-547BFC0A9BECA12855B0C21A1D028732A75106E4BFAC87C9590A6616878B5C90_analysis-6.csv;user-I051911;4;370669805;true;0.36165195536941075;0.0;Infinity;1;B
user-I051911_session-547BFC0A9BECA12855B0C21A1D028732A75106E4BFAC87C9590A6616878B5C90_analysis-6.csv;user-I051911;4;370669806;true;0.2558585042834103;0.0;Infinity;1;B
user-I051911_session-547BFC0A9BECA12855B0C21A1D028732A75106E4BFAC87C9590A6616878B5C90_analysis-6.csv;user-I051911;4;-1834234642;true;0.16037831993797136;0.0;Infinity;1;B
user-I051911_session-547BFC0A9BECA12855B0C21A1D028732A75106E4BFAC87C9590A6616878B5C90_analysis-6.csv;user-I051911;4;-1834234644;true;0.37470069869050804;0.0;Infinity;1;B
user-I051911_session-547BFC0A9BECA12855B0C21A1D028732A75106E4BFAC87C9590A6616878B5C90_analysis-6.csv;user-I051911;4;1781838067;true;0.36165195536941075;0.0;Infinity;1;B
user-I051911_session-547BFC0A9BECA12855B0C21A1D028732A75106E4BFAC87C9590A6616878B5C90_analysis-6.csv;user-I051911;4;1781838066;true;0.16037831993797136;0.0;Infinity;1;B
user-I051911_session-547BFC0A9BECA12855B0C21A1D028732A75106E4BFAC87C9590A6616878B5C90_analysis-6.csv;user-I051911;4;1781838065;true;0.0033519006879448865;0.0;Infinity;1;B
user-I051911_session-547BFC0A9BECA12855B0C21A1D028732A75106E4BFAC87C9590A6616878B5C90_analysis-6.csv;user-I051911;4;1781838064;true;0.37470069869050804;0.0;Infinity;1;B
user-I051911_session-547BFC0A9BECA12855B0C21A1D028732A75106E4BFAC87C9590A6616878B5C90_analysis-6.csv;user-I051911;4;1781838070;true;0.37470069869050804;0.0;Infinity;1;B
user-I051911_session-547BFC0A9BECA12855B0C21A1D028732A75106E4BFAC87C9590A6616878B5C90_analysis-6.csv;user-I051911;4;1781838069;true;0.37470069869050804;0.0;Infinity;1;B
user-I051911_session-547BFC0A9BECA12855B0C21A1D028732A75106E4BFAC87C9590A6616878B5C90_analysis-6.csv;user-I051911;4;1781838068;true;0.16037831993797136;0.0;Infinity;1;B
user-I051911_session-547BFC0A9BECA12855B0C21A1D028732A75106E4BFAC87C9590A6616878B5C90_analysis-6.csv;user-I051911;4;1781838062;true;0.2558585042834103;0.0;Infinity;1;B
user-I051911_session-547BFC0A9BECA12855B0C21A1D028732A75106E4BFAC87C9590A6616878B5C90_analysis-6.csv;user-I051911;4;1781838063;true;0.37470069869050804;0.0;Infinity;1;B
user-I051911_session-547BFC0A9BECA12855B0C21A1D028732A75106E4BFAC87C9590A6616878B5C90_analysis-6.csv;user-I051911;4;1489860549;true;0.2558585042834103;0.0;Infinity;1;B
user-I051911_session-547BFC0A9BECA12855B0C21A1D028732A75106E4BFAC87C9590A6616878B5C90_analysis-6.csv;user-I051911;4;29215187;true;0.4930950735514007;0.0;Infinity;1;B
user-I051911_session-547BFC0A9BECA12855B0C21A1D028732A75106E4BFAC87C9590A6616878B5C90_analysis-6.csv;user-I051911;4;-927391074;true;0.04447172471431737;0.0;Infinity;1;B
user-I051911_session-547BFC0A9BECA12855B0C21A1D028732A75106E4BFAC87C9590A6616878B5C90_analysis-6.csv;user-I051911;4;-927391073;true;0.15208734171171834;0.0;Infinity;1;B
user-I051911_session-547BFC0A9BECA12855B0C21A1D028732A75106E4BFAC87C9590A6616878B5C90_analysis-6.csv;user-I051911;4;29215188;true;0.2558585042834103;0.0;Infinity;1;B
user-I051911_session-547BFC0A9BECA12855B0C21A1D028732A75106E4BFAC87C9590A6616878B5C90_analysis-6.csv;user-I051911;4;-927391076;true;0.008787011337876516;0.0;Infinity;1;B
user-I051911_session-547BFC0A9BECA12855B0C21A1D028732A75106E4BFAC87C9590A6616878B5C90_analysis-6.csv;user-I051911;4;29215189;true;0.37470069869050804;0.0;Infinity;1;B
user-I051911_session-547BFC0A9BECA12855B0C21A1D028732A75106E4BFAC87C9590A6616878B5C90_analysis-6.csv;user-I051911;4;-927391075;true;0.24485052519920825;0.0;Infinity;1;B
user-I051911_session-547BFC0A9BECA12855B0C21A1D028732A75106E4BFAC87C9590A6616878B5C90_analysis-6.csv;user-I051911;4;1487485372;true;0.04447172471431737;0.0;Infinity;1;B
user-I051911_session-547BFC0A9BECA12855B0C21A1D028732A75106E4BFAC87C9590A6616878B5C90_analysis-6.csv;user-I051911;4;1487485373;true;0.16037831993797136;0.0;Infinity;1;B
user-I051911_session-547BFC0A9BECA12855B0C21A1D028732A75106E4BFAC87C9590A6616878B5C90_analysis-6.csv;user-I051911;4;1487485370;true;0.09181813902401947;0.0;Infinity;1;B
user-I051911_session-547BFC0A9BECA12855B0C21A1D028732A75106E4BFAC87C9590A6616878B5C90_analysis-6.csv;user-I051911;4;1487485371;true;0.2558585042834103;0.0;Infinity;1;B
user-I051911_session-547BFC0A9BECA12855B0C21A1D028732A75106E4BFAC87C9590A6616878B5C90_analysis-6.csv;user-I051911;4;1487485368;true;0.16037831993797136;0.0;Infinity;1;B
user-I051911_session-547BFC0A9BECA12855B0C21A1D028732A75106E4BFAC87C9590A6616878B5C90_analysis-6.csv;user-I051911;4;1487485369;true;0.24485052519920825;0.0;Infinity;1;B
user-I051911_session-547BFC0A9BECA12855B0C21A1D028732A75106E4BFAC87C9590A6616878B5C90_analysis-6.csv;user-I051911;4;-927391071;true;0.4930950735514007;0.0;Infinity;1;B
user-I051911_session-547BFC0A9BECA12855B0C21A1D028732A75106E4BFAC87C9590A6616878B5C90_analysis-6.csv;user-I051911;4;-927391072;true;0.0033519006879448865;0.0;Infinity;1;B
user-I051911_session-547BFC0A9BECA12855B0C21A1D028732A75106E4BFAC87C9590A6616878B5C90_analysis-6.csv;user-I051911;4;1487485367;true;0.37470069869050804;0.0;Infinity;1;B
user-I051911_session-547BFC0A9BECA12855B0C21A1D028732A75106E4BFAC87C9590A6616878B5C90_analysis-6.csv;user-I051911;4;-927391069;true;0.0033519006879448865;0.0;Infinity;1;B
user-I051911_session-547BFC0A9BECA12855B0C21A1D028732A75106E4BFAC87C9590A6616878B5C90_analysis-6.csv;user-I051911;4;-927391070;true;3.5629843770768055E-4;0.0;Infinity;1;B
user-I051911_session-547BFC0A9BECA12855B0C21A1D028732A75106E4BFAC87C9590A6616878B5C90_analysis-6.csv;user-I051911;4;-927391068;true;0.4930950735514007;0.0;Infinity;1;B
user-I051911_session-547BFC0A9BECA12855B0C21A1D028732A75106E4BFAC87C9590A6616878B5C90_analysis-6.csv;user-I051911;4;1382961375;true;0.16037831993797136;0.0;Infinity;1;B
user-I051911_session-547BFC0A9BECA12855B0C21A1D028732A75106E4BFAC87C9590A6616878B5C90_analysis-6.csv;user-I051911;4;1487486887;true;0.2558585042834103;0.0;Infinity;1;B
user-I051911_session-547BFC0A9BECA12855B0C21A1D028732A75106E4BFAC87C9590A6616878B5C90_analysis-6.csv;user-I051911;4;1487486886;true;0.09181813902401947;0.0;Infinity;1;B
user-I051911_session-547BFC0A9BECA12855B0C21A1D028732A75106E4BFAC87C9590A6616878B5C90_analysis-6.csv;user-I051911;4;1487486885;true;0.09181813902401947;0.0;Infinity;1;B
user-I051911_session-547BFC0A9BECA12855B0C21A1D028732A75106E4BFAC87C9590A6616878B5C90_analysis-6.csv;user-I051911;4;1489859030;true;0.37470069869050804;0.0;Infinity;1;B
user-I051911_session-547BFC0A9BECA12855B0C21A1D028732A75106E4BFAC87C9590A6616878B5C90_analysis-6.csv;user-I051911;4;-1834236162;true;0.09181813902401947;0.0;Infinity;1;B
user-I051911_session-547BFC0A9BECA12855B0C21A1D028732A75106E4BFAC87C9590A6616878B5C90_analysis-6.csv;user-I051911;4;1489859031;true;0.16037831993797136;0.0;Infinity;1;B
user-I051911_session-547BFC0A9BECA12855B0C21A1D028732A75106E4BFAC87C9590A6616878B5C90_analysis-6.csv;user-I051911;4;-1834236161;true;0.36165195536941075;0.0;Infinity;1;B
user-I051911_session-547BFC0A9BECA12855B0C21A1D028732A75106E4BFAC87C9590A6616878B5C90_analysis-6.csv;user-I051911;4;1382961376;true;0.16037831993797136;0.0;Infinity;1;B
user-I051911_session-547BFC0A9BECA12855B0C21A1D028732A75106E4BFAC87C9590A6616878B5C90_analysis-6.csv;user-I051911;4;1489859034;true;0.09181813902401947;0.0;Infinity;1;B
user-I051911_session-547BFC0A9BECA12855B0C21A1D028732A75106E4BFAC87C9590A6616878B5C90_analysis-6.csv;user-I051911;4;1489859032;true;0.09181813902401947;0.0;Infinity;1;B
user-I051911_session-547BFC0A9BECA12855B0C21A1D028732A75106E4BFAC87C9590A6616878B5C90_analysis-6.csv;user-I051911;4;1489859033;true;0.4930950735514007;0.0;Infinity;1;B
user-I051911_session-547BFC0A9BECA12855B0C21A1D028732A75106E4BFAC87C9590A6616878B5C90_analysis-6.csv;user-I051911;4;1489859038;true;0.09181813902401947;0.0;Infinity;1;B
user-I051911_session-547BFC0A9BECA12855B0C21A1D028732A75106E4BFAC87C9590A6616878B5C90_analysis-6.csv;user-I051911;4;1489859036;true;0.2558585042834103;0.0;Infinity;1;B
user-I051911_session-547BFC0A9BECA12855B0C21A1D028732A75106E4BFAC87C9590A6616878B5C90_analysis-6.csv;user-I051911;4;1498710747;true;0.36165195536941075;0.0;Infinity;1;B
user-I051911_session-547BFC0A9BECA12855B0C21A1D028732A75106E4BFAC87C9590A6616878B5C90_analysis-6.csv;user-I051911;4;-583400677;true;0.4930950735514007;0.0;Infinity;1;B
user-I051911_session-547BFC0A9BECA12855B0C21A1D028732A75106E4BFAC87C9590A6616878B5C90_analysis-6.csv;user-I051911;4;1498710749;true;0.24485052519920825;0.0;Infinity;1;B
user-I051911_session-547BFC0A9BECA12855B0C21A1D028732A75106E4BFAC87C9590A6616878B5C90_analysis-6.csv;user-I051911;4;1498710748;true;0.2558585042834103;0.0;Infinity;1;B
user-I051911_session-547BFC0A9BECA12855B0C21A1D028732A75106E4BFAC87C9590A6616878B5C90_analysis-6.csv;user-I051911;4;1498710751;true;0.15208734171171834;0.0;Infinity;1;B
user-I051911_session-547BFC0A9BECA12855B0C21A1D028732A75106E4BFAC87C9590A6616878B5C90_analysis-6.csv;user-I051911;4;-583400679;true;0.16037831993797136;0.0;Infinity;1;B
user-I051911_session-547BFC0A9BECA12855B0C21A1D028732A75106E4BFAC87C9590A6616878B5C90_analysis-6.csv;user-I051911;4;1498710750;true;0.24485052519920825;0.0;Infinity;1;B
user-I051911_session-547BFC0A9BECA12855B0C21A1D028732A75106E4BFAC87C9590A6616878B5C90_analysis-6.csv;user-I051911;4;720490881;true;0.2558585042834103;0.0;Infinity;1;B
user-I051911_session-547BFC0A9BECA12855B0C21A1D028732A75106E4BFAC87C9590A6616878B5C90_analysis-6.csv;user-I051911;4;720490880;true;0.36165195536941075;0.0;Infinity;1;B
user-I051911_session-547BFC0A9BECA12855B0C21A1D028732A75106E4BFAC87C9590A6616878B5C90_analysis-6.csv;user-I051911;4;720490883;true;0.09181813902401947;0.0;Infinity;1;B
user-I051911_session-547BFC0A9BECA12855B0C21A1D028732A75106E4BFAC87C9590A6616878B5C90_analysis-6.csv;user-I051911;4;720490882;true;0.36165195536941075;0.0;Infinity;1;B
user-I051911_session-547BFC0A9BECA12855B0C21A1D028732A75106E4BFAC87C9590A6616878B5C90_analysis-6.csv;user-I051911;4;720490885;true;0.09181813902401947;0.0;Infinity;1;B
user-I051911_session-547BFC0A9BECA12855B0C21A1D028732A75106E4BFAC87C9590A6616878B5C90_analysis-6.csv;user-I051911;4;-583402191;true;0.24485052519920825;0.0;Infinity;1;B
user-I051911_session-547BFC0A9BECA12855B0C21A1D028732A75106E4BFAC87C9590A6616878B5C90_analysis-6.csv;user-I051911;4;720490884;true;0.37470069869050804;0.0;Infinity;1;B
user-I051911_session-547BFC0A9BECA12855B0C21A1D028732A75106E4BFAC87C9590A6616878B5C90_analysis-6.csv;user-I051911;4;-583402192;true;0.4930950735514007;0.0;Infinity;1;B
user-I051911_session-547BFC0A9BECA12855B0C21A1D028732A75106E4BFAC87C9590A6616878B5C90_analysis-6.csv;user-I051911;4;720490887;true;0.37470069869050804;0.0;Infinity;1;B
user-I051911_session-547BFC0A9BECA12855B0C21A1D028732A75106E4BFAC87C9590A6616878B5C90_analysis-6.csv;user-I051911;4;-583402189;true;0.36165195536941075;0.0;Infinity;1;B
user-I051911_session-547BFC0A9BECA12855B0C21A1D028732A75106E4BFAC87C9590A6616878B5C90_analysis-6.csv;user-I051911;4;720490886;true;0.37470069869050804;0.0;Infinity;1;B
user-I051911_session-547BFC0A9BECA12855B0C21A1D028732A75106E4BFAC87C9590A6616878B5C90_analysis-6.csv;user-I051911;4;-583402190;true;0.2558585042834103;0.0;Infinity;1;B
user-I051911_session-547BFC0A9BECA12855B0C21A1D028732A75106E4BFAC87C9590A6616878B5C90_analysis-6.csv;user-I051911;4;-583402196;true;0.2558585042834103;0.0;Infinity;1;B
user-I051911_session-547BFC0A9BECA12855B0C21A1D028732A75106E4BFAC87C9590A6616878B5C90_analysis-6.csv;user-I051911;4;-583402195;true;0.04447172471431737;0.0;Infinity;1;B
user-I051911_session-547BFC0A9BECA12855B0C21A1D028732A75106E4BFAC87C9590A6616878B5C90_analysis-6.csv;user-I051911;4;-583402194;true;0.2558585042834103;0.0;Infinity;1;B
user-I051911_session-547BFC0A9BECA12855B0C21A1D028732A75106E4BFAC87C9590A6616878B5C90_analysis-6.csv;user-I051911;4;-1834236156;true;0.37470069869050804;0.0;Infinity;1;B
user-I051911_session-547BFC0A9BECA12855B0C21A1D028732A75106E4BFAC87C9590A6616878B5C90_analysis-6.csv;user-I051911;4;-583402193;true;0.37470069869050804;0.0;Infinity;1;B
user-I051911_session-547BFC0A9BECA12855B0C21A1D028732A75106E4BFAC87C9590A6616878B5C90_analysis-6.csv;user-I051911;4;-1834236155;true;3.5629843770768055E-4;0.0;Infinity;1;B
user-I051911_session-547BFC0A9BECA12855B0C21A1D028732A75106E4BFAC87C9590A6616878B5C90_analysis-6.csv;user-I051911;4;923581906;true;0.4930950735514007;0.0;Infinity;1;B
user-I051911_session-547BFC0A9BECA12855B0C21A1D028732A75106E4BFAC87C9590A6616878B5C90_analysis-6.csv;user-I051911;4;-1834236158;true;0.08624290342186902;0.0;Infinity;1;B
user-I051911_session-547BFC0A9BECA12855B0C21A1D028732A75106E4BFAC87C9590A6616878B5C90_analysis-6.csv;user-I051911;4;-1834236157;true;0.08624290342186902;0.0;Infinity;1;B
user-I051911_session-547BFC0A9BECA12855B0C21A1D028732A75106E4BFAC87C9590A6616878B5C90_analysis-6.csv;user-I051911;4;-1834236160;true;0.04447172471431737;0.0;Infinity;1;B
user-I051911_session-547BFC0A9BECA12855B0C21A1D028732A75106E4BFAC87C9590A6616878B5C90_analysis-6.csv;user-I051911;4;-1834236159;true;0.24485052519920825;0.0;Infinity;1;B
user-I051911_session-547BFC0A9BECA12855B0C21A1D028732A75106E4BFAC87C9590A6616878B5C90_analysis-6.csv;user-I051911;4;-583402197;true;0.020788208136346298;0.0;Infinity;1;B
user-I051911_session-547BFC0A9BECA12855B0C21A1D028732A75106E4BFAC87C9590A6616878B5C90_analysis-6.csv;user-I051911;4;1498710754;true;0.4930950735514007;0.0;Infinity;1;B
user-I051911_session-547BFC0A9BECA12855B0C21A1D028732A75106E4BFAC87C9590A6616878B5C90_analysis-6.csv;user-I051911;4;1498710755;true;0.15208734171171834;0.0;Infinity;1;B
user-I051911_session-547BFC0A9BECA12855B0C21A1D028732A75106E4BFAC87C9590A6616878B5C90_analysis-6.csv;user-I051911;4;1498710752;true;0.24485052519920825;0.0;Infinity;1;B
user-I051911_session-547BFC0A9BECA12855B0C21A1D028732A75106E4BFAC87C9590A6616878B5C90_analysis-6.csv;user-I051911;4;1498710753;true;0.37470069869050804;0.0;Infinity;1;B
user-I051911_session-547BFC0A9BECA12855B0C21A1D028732A75106E4BFAC87C9590A6616878B5C90_analysis-6.csv;user-I051911;4;459654503;true;0.2558585042834103;0.0;Infinity;1;B
user-I051911_session-547BFC0A9BECA12855B0C21A1D028732A75106E4BFAC87C9590A6616878B5C90_analysis-6.csv;user-I051911;4;459654502;true;0.2558585042834103;0.0;Infinity;1;B
user-I051911_session-547BFC0A9BECA12855B0C21A1D028732A75106E4BFAC87C9590A6616878B5C90_analysis-6.csv;user-I051911;4;459654501;true;0.2558585042834103;0.0;Infinity;1;B
user-I051911_session-547BFC0A9BECA12855B0C21A1D028732A75106E4BFAC87C9590A6616878B5C90_analysis-6.csv;user-I051911;4;459654500;true;0.37470069869050804;0.0;Infinity;1;B
user-I051911_session-547BFC0A9BECA12855B0C21A1D028732A75106E4BFAC87C9590A6616878B5C90_analysis-6.csv;user-I051911;4;459654498;true;0.4930950735514007;0.0;Infinity;1;B
user-I051911_session-547BFC0A9BECA12855B0C21A1D028732A75106E4BFAC87C9590A6616878B5C90_analysis-6.csv;user-I051911;4;459654497;true;0.37470069869050804;0.0;Infinity;1;B
user-I051911_session-547BFC0A9BECA12855B0C21A1D028732A75106E4BFAC87C9590A6616878B5C90_analysis-6.csv;user-I051911;4;459654496;true;0.36165195536941075;0.0;Infinity;1;B
user-I051911_session-547BFC0A9BECA12855B0C21A1D028732A75106E4BFAC87C9590A6616878B5C90_analysis-6.csv;user-I051911;4;459654504;true;0.16037831993797136;0.0;Infinity;1;B
user-I051911_session-547BFC0A9BECA12855B0C21A1D028732A75106E4BFAC87C9590A6616878B5C90_analysis-6.csv;user-I051911;4;-14598863;true;0.09181813902401947;0.0;Infinity;1;B
user-I051911_session-547BFC0A9BECA12855B0C21A1D028732A75106E4BFAC87C9590A6616878B5C90_analysis-6.csv;user-I051911;4;1806624989;true;0.16037831993797136;0.0;Infinity;1;B
user-I051911_session-547BFC0A9BECA12855B0C21A1D028732A75106E4BFAC87C9590A6616878B5C90_analysis-6.csv;user-I051911;4;1806624988;true;0.2558585042834103;0.0;Infinity;1;B
user-I051911_session-547BFC0A9BECA12855B0C21A1D028732A75106E4BFAC87C9590A6616878B5C90_analysis-6.csv;user-I051911;4;1806624990;true;0.2558585042834103;0.0;Infinity;1;B
user-I051911_session-547BFC0A9BECA12855B0C21A1D028732A75106E4BFAC87C9590A6616878B5C90_analysis-6.csv;user-I051911;4;1382959859;true;0.2558585042834103;0.0;Infinity;1;B
user-I051911_session-547BFC0A9BECA12855B0C21A1D028732A75106E4BFAC87C9590A6616878B5C90_analysis-6.csv;user-I051911;4;1382959858;true;0.37470069869050804;0.0;Infinity;1;B
user-I051911_session-547BFC0A9BECA12855B0C21A1D028732A75106E4BFAC87C9590A6616878B5C90_analysis-6.csv;user-I051911;4;1382959857;true;0.09181813902401947;0.0;Infinity;1;B
user-I051911_session-547BFC0A9BECA12855B0C21A1D028732A75106E4BFAC87C9590A6616878B5C90_analysis-6.csv;user-I051911;4;1382959856;true;0.36165195536941075;0.0;Infinity;1;B
user-I051911_session-547BFC0A9BECA12855B0C21A1D028732A75106E4BFAC87C9590A6616878B5C90_analysis-6.csv;user-I051911;4;1382959863;true;0.15208734171171834;0.0;Infinity;1;B
user-I051911_session-547BFC0A9BECA12855B0C21A1D028732A75106E4BFAC87C9590A6616878B5C90_analysis-6.csv;user-I051911;4;1382959862;true;0.020788208136346298;0.0;Infinity;1;B
user-I051911_session-547BFC0A9BECA12855B0C21A1D028732A75106E4BFAC87C9590A6616878B5C90_analysis-6.csv;user-I051911;4;1382959860;true;0.36165195536941075;0.0;Infinity;1;B
user-I051911_session-547BFC0A9BECA12855B0C21A1D028732A75106E4BFAC87C9590A6616878B5C90_analysis-6.csv;user-I051911;4;-1460892237;true;0.24485052519920825;0.0;Infinity;1;B
user-I051911_session-547BFC0A9BECA12855B0C21A1D028732A75106E4BFAC87C9590A6616878B5C90_analysis-6.csv;user-I051911;4;1382959864;true;0.09181813902401947;0.0;Infinity;1;B
user-I051911_session-547BFC0A9BECA12855B0C21A1D028732A75106E4BFAC87C9590A6616878B5C90_analysis-6.csv;user-I051911;4;-934080684;true;0.09181813902401947;0.0;Infinity;1;B
user-I051911_session-547BFC0A9BECA12855B0C21A1D028732A75106E4BFAC87C9590A6616878B5C90_analysis-6.csv;user-I051911;4;-934080686;true;0.37470069869050804;0.0;Infinity;1;B
user-I051911_session-547BFC0A9BECA12855B0C21A1D028732A75106E4BFAC87C9590A6616878B5C90_analysis-6.csv;user-I051911;4;1651403624;true;0.16037831993797136;0.0;Infinity;1;B
user-I051911_session-547BFC0A9BECA12855B0C21A1D028732A75106E4BFAC87C9590A6616878B5C90_analysis-6.csv;user-I051911;4;-934080685;true;0.09181813902401947;0.0;Infinity;1;B
user-I051911_session-547BFC0A9BECA12855B0C21A1D028732A75106E4BFAC87C9590A6616878B5C90_analysis-6.csv;user-I051911;4;720492397;true;0.37470069869050804;0.0;Infinity;1;B
user-I051911_session-547BFC0A9BECA12855B0C21A1D028732A75106E4BFAC87C9590A6616878B5C90_analysis-6.csv;user-I051911;4;459656016;true;0.4930950735514007;0.0;Infinity;1;B
user-I051911_session-547BFC0A9BECA12855B0C21A1D028732A75106E4BFAC87C9590A6616878B5C90_analysis-6.csv;user-I051911;4;1651403621;true;0.37470069869050804;0.0;Infinity;1;B
user-I051911_session-547BFC0A9BECA12855B0C21A1D028732A75106E4BFAC87C9590A6616878B5C90_analysis-6.csv;user-I051911;4;1651403623;true;0.4930950735514007;0.0;Infinity;1;B
user-I051911_session-547BFC0A9BECA12855B0C21A1D028732A75106E4BFAC87C9590A6616878B5C90_analysis-6.csv;user-I051911;4;1651403622;true;0.15208734171171834;0.0;Infinity;1;B
user-I051911_session-547BFC0A9BECA12855B0C21A1D028732A75106E4BFAC87C9590A6616878B5C90_analysis-6.csv;user-I051911;4;1651403617;true;0.24485052519920825;0.0;Infinity;1;B
user-I051911_session-547BFC0A9BECA12855B0C21A1D028732A75106E4BFAC87C9590A6616878B5C90_analysis-6.csv;user-I051911;4;1651403616;true;0.37470069869050804;0.0;Infinity;1;B
user-I051911_session-547BFC0A9BECA12855B0C21A1D028732A75106E4BFAC87C9590A6616878B5C90_analysis-6.csv;user-I051911;4;1651403618;true;0.2558585042834103;0.0;Infinity;1;B
user-I051911_session-547BFC0A9BECA12855B0C21A1D028732A75106E4BFAC87C9590A6616878B5C90_analysis-6.csv;user-I051911;4;867623883;true;0.16037831993797136;0.0;Infinity;1;B
user-I051911_session-547BFC0A9BECA12855B0C21A1D028732A75106E4BFAC87C9590A6616878B5C90_analysis-6.csv;user-I051911;4;923580390;true;0.4930950735514007;0.0;Infinity;1;B
user-I051911_session-547BFC0A9BECA12855B0C21A1D028732A75106E4BFAC87C9590A6616878B5C90_analysis-6.csv;user-I051911;4;923580391;true;0.2558585042834103;0.0;Infinity;1;B
user-I051911_session-547BFC0A9BECA12855B0C21A1D028732A75106E4BFAC87C9590A6616878B5C90_analysis-6.csv;user-I051911;4;867623882;true;0.37470069869050804;0.0;Infinity;1;B
user-I051911_session-547BFC0A9BECA12855B0C21A1D028732A75106E4BFAC87C9590A6616878B5C90_analysis-6.csv;user-I051911;4;923580388;true;0.2558585042834103;0.0;Infinity;1;B
user-I051911_session-547BFC0A9BECA12855B0C21A1D028732A75106E4BFAC87C9590A6616878B5C90_analysis-6.csv;user-I051911;4;867623881;true;0.24485052519920825;0.0;Infinity;1;B
user-I051911_session-547BFC0A9BECA12855B0C21A1D028732A75106E4BFAC87C9590A6616878B5C90_analysis-6.csv;user-I051911;4;459656015;true;0.36165195536941075;0.0;Infinity;1;B
user-I051911_session-547BFC0A9BECA12855B0C21A1D028732A75106E4BFAC87C9590A6616878B5C90_analysis-6.csv;user-I051911;4;-14600376;true;0.16037831993797136;0.0;Infinity;1;B
user-I051911_session-547BFC0A9BECA12855B0C21A1D028732A75106E4BFAC87C9590A6616878B5C90_analysis-6.csv;user-I051911;4;-14600378;true;0.020788208136346298;0.0;Infinity;1;B
user-I051911_session-547BFC0A9BECA12855B0C21A1D028732A75106E4BFAC87C9590A6616878B5C90_analysis-6.csv;user-I051911;4;-14600377;true;0.4930950735514007;0.0;Infinity;1;B
user-I051911_session-547BFC0A9BECA12855B0C21A1D028732A75106E4BFAC87C9590A6616878B5C90_analysis-6.csv;user-I051911;4;-14600380;true;0.4930950735514007;0.0;Infinity;1;B
user-I051911_session-547BFC0A9BECA12855B0C21A1D028732A75106E4BFAC87C9590A6616878B5C90_analysis-6.csv;user-I051911;4;-14600379;true;0.020788208136346298;0.0;Infinity;1;B
user-I051911_session-547BFC0A9BECA12855B0C21A1D028732A75106E4BFAC87C9590A6616878B5C90_analysis-6.csv;user-I051911;4;-14600382;true;0.4930950735514007;0.0;Infinity;1;B
user-I051911_session-547BFC0A9BECA12855B0C21A1D028732A75106E4BFAC87C9590A6616878B5C90_analysis-6.csv;user-I051911;4;923580394;true;0.16037831993797136;0.0;Infinity;1;B
user-I051911_session-547BFC0A9BECA12855B0C21A1D028732A75106E4BFAC87C9590A6616878B5C90_analysis-6.csv;user-I051911;4;-14600381;true;0.4930950735514007;0.0;Infinity;1;B
user-I051911_session-547BFC0A9BECA12855B0C21A1D028732A75106E4BFAC87C9590A6616878B5C90_analysis-6.csv;user-I051911;4;923580395;true;0.2558585042834103;0.0;Infinity;1;B
user-I051911_session-547BFC0A9BECA12855B0C21A1D028732A75106E4BFAC87C9590A6616878B5C90_analysis-6.csv;user-I051911;4;923580392;true;0.4930950735514007;0.0;Infinity;1;B
user-I051911_session-547BFC0A9BECA12855B0C21A1D028732A75106E4BFAC87C9590A6616878B5C90_analysis-6.csv;user-I051911;4;-14600383;true;0.15208734171171834;0.0;Infinity;1;B
user-I051911_session-547BFC0A9BECA12855B0C21A1D028732A75106E4BFAC87C9590A6616878B5C90_analysis-6.csv;user-I051911;4;923580393;true;0.4930950735514007;0.0;Infinity;1;B
user-I051911_session-547BFC0A9BECA12855B0C21A1D028732A75106E4BFAC87C9590A6616878B5C90_analysis-6.csv;user-I051911;4;1498712265;true;0.36165195536941075;0.0;Infinity;1;B
user-I051911_session-547BFC0A9BECA12855B0C21A1D028732A75106E4BFAC87C9590A6616878B5C90_analysis-6.csv;user-I051911;4;1498712267;true;0.4930950735514007;0.0;Infinity;1;B
user-I051911_session-547BFC0A9BECA12855B0C21A1D028732A75106E4BFAC87C9590A6616878B5C90_analysis-6.csv;user-I051911;4;-1460893751;true;0.24485052519920825;0.0;Infinity;1;B
user-I051911_session-547BFC0A9BECA12855B0C21A1D028732A75106E4BFAC87C9590A6616878B5C90_analysis-6.csv;user-I051911;4;-1460893752;true;0.2558585042834103;0.0;Infinity;1;B
user-I051911_session-547BFC0A9BECA12855B0C21A1D028732A75106E4BFAC87C9590A6616878B5C90_analysis-6.csv;user-I051911;4;-502950100;true;0.2558585042834103;0.0;Infinity;1;B
user-I051911_session-547BFC0A9BECA12855B0C21A1D028732A75106E4BFAC87C9590A6616878B5C90_analysis-6.csv;user-I051911;4;-1460893749;true;0.08624290342186902;0.0;Infinity;1;B
user-I051911_session-547BFC0A9BECA12855B0C21A1D028732A75106E4BFAC87C9590A6616878B5C90_analysis-6.csv;user-I051911;4;-1460893750;true;0.020788208136346298;0.0;Infinity;1;B
user-I051911_session-547BFC0A9BECA12855B0C21A1D028732A75106E4BFAC87C9590A6616878B5C90_analysis-6.csv;user-I051911;4;-502951616;true;0.24485052519920825;0.0;Infinity;1;B
user-I051911_session-547BFC0A9BECA12855B0C21A1D028732A75106E4BFAC87C9590A6616878B5C90_analysis-6.csv;user-I051911;4;-502950102;true;0.2558585042834103;0.0;Infinity;1;B
user-I051911_session-547BFC0A9BECA12855B0C21A1D028732A75106E4BFAC87C9590A6616878B5C90_analysis-6.csv;user-I051911;4;-502951615;true;0.2558585042834103;0.0;Infinity;1;B
user-I051911_session-547BFC0A9BECA12855B0C21A1D028732A75106E4BFAC87C9590A6616878B5C90_analysis-6.csv;user-I051911;4;-1460893748;true;0.37470069869050804;0.0;Infinity;1;B
user-I051911_session-547BFC0A9BECA12855B0C21A1D028732A75106E4BFAC87C9590A6616878B5C90_analysis-6.csv;user-I051911;4;-502950101;true;0.16037831993797136;0.0;Infinity;1;B
user-I051911_session-547BFC0A9BECA12855B0C21A1D028732A75106E4BFAC87C9590A6616878B5C90_analysis-6.csv;user-I051911;4;-502951614;true;0.4930950735514007;0.0;Infinity;1;B
user-I051911_session-547BFC0A9BECA12855B0C21A1D028732A75106E4BFAC87C9590A6616878B5C90_analysis-6.csv;user-I051911;4;-502951613;true;0.37470069869050804;0.0;Infinity;1;B
user-I051911_session-547BFC0A9BECA12855B0C21A1D028732A75106E4BFAC87C9590A6616878B5C90_analysis-6.csv;user-I051911;4;-1460893755;true;0.4930950735514007;0.0;Infinity;1;B
user-I051911_session-547BFC0A9BECA12855B0C21A1D028732A75106E4BFAC87C9590A6616878B5C90_analysis-6.csv;user-I051911;4;-1460893756;true;0.36165195536941075;0.0;Infinity;1;B
user-I051911_session-547BFC0A9BECA12855B0C21A1D028732A75106E4BFAC87C9590A6616878B5C90_analysis-6.csv;user-I051911;4;-1460893753;true;0.24485052519920825;0.0;Infinity;1;B
user-I051911_session-547BFC0A9BECA12855B0C21A1D028732A75106E4BFAC87C9590A6616878B5C90_analysis-6.csv;user-I051911;4;-1460893754;true;0.4930950735514007;0.0;Infinity;1;B
user-I051911_session-547BFC0A9BECA12855B0C21A1D028732A75106E4BFAC87C9590A6616878B5C90_analysis-6.csv;user-I051911;4;-502951617;true;0.2558585042834103;0.0;Infinity;1;B
user-I051911_session-547BFC0A9BECA12855B0C21A1D028732A75106E4BFAC87C9590A6616878B5C90_analysis-6.csv;user-I051911;4;-502951618;true;0.04447172471431737;0.0;Infinity;1;B
user-I051911_session-547BFC0A9BECA12855B0C21A1D028732A75106E4BFAC87C9590A6616878B5C90_analysis-6.csv;user-I051911;4;-502951619;true;0.2558585042834103;0.0;Infinity;1;B
user-I051911_session-547BFC0A9BECA12855B0C21A1D028732A75106E4BFAC87C9590A6616878B5C90_analysis-6.csv;user-I051911;4;-502951620;true;0.36165195536941075;0.0;Infinity;1;B
user-I051911_session-547BFC0A9BECA12855B0C21A1D028732A75106E4BFAC87C9590A6616878B5C90_analysis-6.csv;user-I051911;4;-934082199;true;0.04447172471431737;0.0;Infinity;1;B
user-I051911_session-547BFC0A9BECA12855B0C21A1D028732A75106E4BFAC87C9590A6616878B5C90_analysis-6.csv;user-I051911;4;-934082200;true;0.2558585042834103;0.0;Infinity;1;B
user-I051911_session-547BFC0A9BECA12855B0C21A1D028732A75106E4BFAC87C9590A6616878B5C90_analysis-6.csv;user-I051911;4;-934082197;true;0.08624290342186902;0.0;Infinity;1;B
user-I051911_session-547BFC0A9BECA12855B0C21A1D028732A75106E4BFAC87C9590A6616878B5C90_analysis-6.csv;user-I051911;4;-934082196;true;0.16037831993797136;0.0;Infinity;1;B
user-I051911_session-547BFC0A9BECA12855B0C21A1D028732A75106E4BFAC87C9590A6616878B5C90_analysis-6.csv;user-I051911;4;-934082203;true;0.09181813902401947;0.0;Infinity;1;B
user-I051911_session-547BFC0A9BECA12855B0C21A1D028732A75106E4BFAC87C9590A6616878B5C90_analysis-6.csv;user-I051911;4;-934082204;true;0.36165195536941075;0.0;Infinity;1;B
user-I051911_session-547BFC0A9BECA12855B0C21A1D028732A75106E4BFAC87C9590A6616878B5C90_analysis-6.csv;user-I051911;4;-934082201;true;0.2558585042834103;0.0;Infinity;1;B
user-I051911_session-547BFC0A9BECA12855B0C21A1D028732A75106E4BFAC87C9590A6616878B5C90_analysis-6.csv;user-I051911;4;-934082202;true;0.24485052519920825;0.0;Infinity;1;B
user-I051911_session-547BFC0A9BECA12855B0C21A1D028732A75106E4BFAC87C9590A6616878B5C90_analysis-6.csv;user-I051911;4;1806623470;true;0.16037831993797136;0.0;Infinity;1;B
user-I051911_session-547BFC0A9BECA12855B0C21A1D028732A75106E4BFAC87C9590A6616878B5C90_analysis-6.csv;user-I051911;4;1806623471;true;0.16037831993797136;0.0;Infinity;1;B
user-I051911_session-547BFC0A9BECA12855B0C21A1D028732A75106E4BFAC87C9590A6616878B5C90_analysis-6.csv;user-I051911;4;1806623473;true;0.4930950735514007;0.0;Infinity;1;B
user-I051911_session-547BFC0A9BECA12855B0C21A1D028732A75106E4BFAC87C9590A6616878B5C90_analysis-6.csv;user-I051911;4;1806623472;true;0.16037831993797136;0.0;Infinity;1;B
user-I051911_session-547BFC0A9BECA12855B0C21A1D028732A75106E4BFAC87C9590A6616878B5C90_analysis-6.csv;user-I051911;4;-64826427;true;0.2558585042834103;0.0;Infinity;1;B
user-I051911_session-547BFC0A9BECA12855B0C21A1D028732A75106E4BFAC87C9590A6616878B5C90_analysis-6.csv;user-I051911;4;1806623478;true;0.4930950735514007;0.0;Infinity;1;B
user-I051911_session-547BFC0A9BECA12855B0C21A1D028732A75106E4BFAC87C9590A6616878B5C90_analysis-6.csv;user-I051911;4;-64826428;true;0.2558585042834103;0.0;Infinity;1;B
user-I051911_session-547BFC0A9BECA12855B0C21A1D028732A75106E4BFAC87C9590A6616878B5C90_analysis-6.csv;user-I051911;4;1806623477;true;0.16037831993797136;0.0;Infinity;1;B
user-I051911_session-547BFC0A9BECA12855B0C21A1D028732A75106E4BFAC87C9590A6616878B5C90_analysis-6.csv;user-I051911;4;-64826426;true;0.09181813902401947;0.0;Infinity;1;B
user-I051911_session-547BFC0A9BECA12855B0C21A1D028732A75106E4BFAC87C9590A6616878B5C90_analysis-6.csv;user-I051911;4;1806623476;true;0.2558585042834103;0.0;Infinity;1;B
user-I051911_session-547BFC0A9BECA12855B0C21A1D028732A75106E4BFAC87C9590A6616878B5C90_analysis-6.csv;user-I051911;4;720490879;true;0.15208734171171834;0.0;Infinity;1;B
