session ;user;query position;cell hashcode;novelty;outlierness;relevance;surprise;query label;session label
user-a_session-29AF06B372FD52129AAB65DA477E308EC73CF0D44087D05DA8D39C7BE425D30E_analysis-8.csv;user-a;1;947275131;false;0.4620743751248536;1.0;19.706167024518876;1;D
user-a_session-29AF06B372FD52129AAB65DA477E308EC73CF0D44087D05DA8D39C7BE425D30E_analysis-8.csv;user-a;1;-696588531;false;0.40202052625463436;1.0;19.706167024518876;1;D
user-a_session-29AF06B372FD52129AAB65DA477E308EC73CF0D44087D05DA8D39C7BE425D30E_analysis-8.csv;user-a;1;-1819078776;false;0.3210569033448549;1.0;19.706167024518876;1;D
user-a_session-29AF06B372FD52129AAB65DA477E308EC73CF0D44087D05DA8D39C7BE425D30E_analysis-8.csv;user-a;1;-1931293060;false;0.3041399792330899;1.0;19.706167024518876;1;D
user-a_session-29AF06B372FD52129AAB65DA477E308EC73CF0D44087D05DA8D39C7BE425D30E_analysis-8.csv;user-a;1;-1547221344;false;0.2673515936393671;1.0;19.706167024518876;1;D
user-a_session-29AF06B372FD52129AAB65DA477E308EC73CF0D44087D05DA8D39C7BE425D30E_analysis-8.csv;user-a;1;265846614;false;0.4646054183829641;1.0;19.706167024518876;1;D
user-a_session-29AF06B372FD52129AAB65DA477E308EC73CF0D44087D05DA8D39C7BE425D30E_analysis-8.csv;user-a;1;2056954351;false;0.4156328968338652;1.0;19.706167024518876;1;D
user-a_session-29AF06B372FD52129AAB65DA477E308EC73CF0D44087D05DA8D39C7BE425D30E_analysis-8.csv;user-a;1;-674317393;false;0.29613440592702145;1.0;19.706167024518876;1;D
user-a_session-29AF06B372FD52129AAB65DA477E308EC73CF0D44087D05DA8D39C7BE425D30E_analysis-8.csv;user-a;1;-556596438;false;0.43937621292052653;1.0;19.706167024518876;1;D
user-a_session-29AF06B372FD52129AAB65DA477E308EC73CF0D44087D05DA8D39C7BE425D30E_analysis-8.csv;user-a;1;80149589;false;0.3751646720471842;1.0;19.706167024518876;1;D
user-a_session-29AF06B372FD52129AAB65DA477E308EC73CF0D44087D05DA8D39C7BE425D30E_analysis-8.csv;user-a;1;147373889;false;0.2952831717136408;1.0;19.706167024518876;1;D
user-a_session-29AF06B372FD52129AAB65DA477E308EC73CF0D44087D05DA8D39C7BE425D30E_analysis-8.csv;user-a;1;-1923901124;false;0.366738230477323;1.0;19.706167024518876;1;D
user-a_session-29AF06B372FD52129AAB65DA477E308EC73CF0D44087D05DA8D39C7BE425D30E_analysis-8.csv;user-a;1;265865297;false;6.661338147750939E-16;1.0;19.706167024518876;1;D
user-a_session-29AF06B372FD52129AAB65DA477E308EC73CF0D44087D05DA8D39C7BE425D30E_analysis-8.csv;user-a;1;1369484066;false;0.21557710587883694;1.0;19.706167024518876;1;D
user-a_session-29AF06B372FD52129AAB65DA477E308EC73CF0D44087D05DA8D39C7BE425D30E_analysis-8.csv;user-a;1;1278709140;false;0.48080014000917326;1.0;19.706167024518876;1;D
user-a_session-29AF06B372FD52129AAB65DA477E308EC73CF0D44087D05DA8D39C7BE425D30E_analysis-8.csv;user-a;1;-1994395116;false;0.2747388374187614;1.0;19.706167024518876;1;D
user-a_session-29AF06B372FD52129AAB65DA477E308EC73CF0D44087D05DA8D39C7BE425D30E_analysis-8.csv;user-a;1;-953338193;false;0.419081910060664;1.0;19.706167024518876;1;D
user-a_session-29AF06B372FD52129AAB65DA477E308EC73CF0D44087D05DA8D39C7BE425D30E_analysis-8.csv;user-a;1;1919103517;false;0.45828071991882335;1.0;19.706167024518876;1;D
user-a_session-29AF06B372FD52129AAB65DA477E308EC73CF0D44087D05DA8D39C7BE425D30E_analysis-8.csv;user-a;1;-1573481821;false;0.3873055882664189;1.0;19.706167024518876;1;D
user-a_session-29AF06B372FD52129AAB65DA477E308EC73CF0D44087D05DA8D39C7BE425D30E_analysis-8.csv;user-a;1;313744083;false;0.45294272018980797;1.0;19.706167024518876;1;D
user-a_session-29AF06B372FD52129AAB65DA477E308EC73CF0D44087D05DA8D39C7BE425D30E_analysis-8.csv;user-a;1;-1927819803;false;0.3256335009945567;1.0;19.706167024518876;1;D
user-a_session-29AF06B372FD52129AAB65DA477E308EC73CF0D44087D05DA8D39C7BE425D30E_analysis-8.csv;user-a;1;-120341633;false;0.4218550254995821;1.0;19.706167024518876;1;D
user-a_session-29AF06B372FD52129AAB65DA477E308EC73CF0D44087D05DA8D39C7BE425D30E_analysis-8.csv;user-a;1;669822005;false;0.35956615744100706;1.0;19.706167024518876;1;D
user-a_session-29AF06B372FD52129AAB65DA477E308EC73CF0D44087D05DA8D39C7BE425D30E_analysis-8.csv;user-a;1;147838331;false;0.3760996467825428;1.0;19.706167024518876;1;D
user-a_session-29AF06B372FD52129AAB65DA477E308EC73CF0D44087D05DA8D39C7BE425D30E_analysis-8.csv;user-a;1;-1526883593;false;0.3533587418774611;1.0;19.706167024518876;1;D
user-a_session-29AF06B372FD52129AAB65DA477E308EC73CF0D44087D05DA8D39C7BE425D30E_analysis-8.csv;user-a;1;1823981392;false;0.47474290020255183;1.0;19.706167024518876;1;D
user-a_session-29AF06B372FD52129AAB65DA477E308EC73CF0D44087D05DA8D39C7BE425D30E_analysis-8.csv;user-a;1;476404076;false;0.34654657716660375;1.0;19.706167024518876;1;D
user-a_session-29AF06B372FD52129AAB65DA477E308EC73CF0D44087D05DA8D39C7BE425D30E_analysis-8.csv;user-a;1;-615936725;false;0.4630531871113377;1.0;19.706167024518876;1;D
user-a_session-29AF06B372FD52129AAB65DA477E308EC73CF0D44087D05DA8D39C7BE425D30E_analysis-8.csv;user-a;1;-550695482;false;0.4356104422631514;1.0;19.706167024518876;1;D
user-a_session-29AF06B372FD52129AAB65DA477E308EC73CF0D44087D05DA8D39C7BE425D30E_analysis-8.csv;user-a;1;197994547;false;0.03616212936291041;1.0;19.706167024518876;1;D
user-a_session-29AF06B372FD52129AAB65DA477E308EC73CF0D44087D05DA8D39C7BE425D30E_analysis-8.csv;user-a;1;519927879;false;0.33254777740799546;1.0;19.706167024518876;1;D
user-a_session-29AF06B372FD52129AAB65DA477E308EC73CF0D44087D05DA8D39C7BE425D30E_analysis-8.csv;user-a;1;-1915956658;false;0.34068689237318717;1.0;19.706167024518876;1;D
user-a_session-29AF06B372FD52129AAB65DA477E308EC73CF0D44087D05DA8D39C7BE425D30E_analysis-8.csv;user-a;1;-1248194893;false;0.18186698151884118;1.0;19.706167024518876;1;D
user-a_session-29AF06B372FD52129AAB65DA477E308EC73CF0D44087D05DA8D39C7BE425D30E_analysis-8.csv;user-a;1;-493224016;false;0.3142428541730058;1.0;19.706167024518876;1;D
user-a_session-29AF06B372FD52129AAB65DA477E308EC73CF0D44087D05DA8D39C7BE425D30E_analysis-8.csv;user-a;1;-280733465;false;0.4218550254995821;1.0;19.706167024518876;1;D
user-a_session-29AF06B372FD52129AAB65DA477E308EC73CF0D44087D05DA8D39C7BE425D30E_analysis-8.csv;user-a;1;-408163259;false;0.45925860853630673;1.0;19.706167024518876;1;D
user-a_session-29AF06B372FD52129AAB65DA477E308EC73CF0D44087D05DA8D39C7BE425D30E_analysis-8.csv;user-a;1;1297550216;false;0.2298219880028456;1.0;19.706167024518876;1;D
user-a_session-29AF06B372FD52129AAB65DA477E308EC73CF0D44087D05DA8D39C7BE425D30E_analysis-8.csv;user-a;1;2032228834;false;0.36553957021883;1.0;19.706167024518876;1;D
user-a_session-29AF06B372FD52129AAB65DA477E308EC73CF0D44087D05DA8D39C7BE425D30E_analysis-8.csv;user-a;1;-968866071;false;0.470939072654035;1.0;19.706167024518876;1;D
user-a_session-29AF06B372FD52129AAB65DA477E308EC73CF0D44087D05DA8D39C7BE425D30E_analysis-8.csv;user-a;1;-1923171105;false;0.3824352375962624;1.0;19.706167024518876;1;D
user-a_session-29AF06B372FD52129AAB65DA477E308EC73CF0D44087D05DA8D39C7BE425D30E_analysis-8.csv;user-a;1;26297124;false;0.4858792461578201;1.0;19.706167024518876;1;D
user-a_session-29AF06B372FD52129AAB65DA477E308EC73CF0D44087D05DA8D39C7BE425D30E_analysis-8.csv;user-a;1;14523296;false;0.32219854211792587;1.0;19.706167024518876;1;D
user-a_session-29AF06B372FD52129AAB65DA477E308EC73CF0D44087D05DA8D39C7BE425D30E_analysis-8.csv;user-a;1;262295217;false;0.36553957021883;1.0;19.706167024518876;1;D
user-a_session-29AF06B372FD52129AAB65DA477E308EC73CF0D44087D05DA8D39C7BE425D30E_analysis-8.csv;user-a;1;-760678824;false;0.47065209453768286;1.0;19.706167024518876;1;D
user-a_session-29AF06B372FD52129AAB65DA477E308EC73CF0D44087D05DA8D39C7BE425D30E_analysis-8.csv;user-a;1;941306386;false;0.23273291612619307;1.0;19.706167024518876;1;D
user-a_session-29AF06B372FD52129AAB65DA477E308EC73CF0D44087D05DA8D39C7BE425D30E_analysis-8.csv;user-a;1;712519710;false;0.3775834132707916;1.0;19.706167024518876;1;D
user-a_session-29AF06B372FD52129AAB65DA477E308EC73CF0D44087D05DA8D39C7BE425D30E_analysis-8.csv;user-a;1;902387474;false;0.37154577282239254;1.0;19.706167024518876;1;D
user-a_session-29AF06B372FD52129AAB65DA477E308EC73CF0D44087D05DA8D39C7BE425D30E_analysis-8.csv;user-a;1;368494551;false;0.34654657716660375;1.0;19.706167024518876;1;D
user-a_session-29AF06B372FD52129AAB65DA477E308EC73CF0D44087D05DA8D39C7BE425D30E_analysis-8.csv;user-a;1;122221514;false;0.2822253375625112;1.0;19.706167024518876;1;D
user-a_session-29AF06B372FD52129AAB65DA477E308EC73CF0D44087D05DA8D39C7BE425D30E_analysis-8.csv;user-a;1;-522565162;false;0.35481192914365667;1.0;19.706167024518876;1;D
user-a_session-29AF06B372FD52129AAB65DA477E308EC73CF0D44087D05DA8D39C7BE425D30E_analysis-8.csv;user-a;1;933534132;false;0.3751646720471842;1.0;19.706167024518876;1;D
user-a_session-29AF06B372FD52129AAB65DA477E308EC73CF0D44087D05DA8D39C7BE425D30E_analysis-8.csv;user-a;1;-1925243752;false;0.3983278555552201;1.0;19.706167024518876;1;D
user-a_session-29AF06B372FD52129AAB65DA477E308EC73CF0D44087D05DA8D39C7BE425D30E_analysis-8.csv;user-a;1;-166094052;false;0.43937621292052653;1.0;19.706167024518876;1;D
user-a_session-29AF06B372FD52129AAB65DA477E308EC73CF0D44087D05DA8D39C7BE425D30E_analysis-8.csv;user-a;1;-1382366938;false;0.37637343583112703;1.0;19.706167024518876;1;D
user-a_session-29AF06B372FD52129AAB65DA477E308EC73CF0D44087D05DA8D39C7BE425D30E_analysis-8.csv;user-a;1;-1193408965;false;0.4620743751248536;1.0;19.706167024518876;1;D
user-a_session-29AF06B372FD52129AAB65DA477E308EC73CF0D44087D05DA8D39C7BE425D30E_analysis-8.csv;user-a;1;2075054080;false;0.4141098762068066;1.0;19.706167024518876;1;D
user-a_session-29AF06B372FD52129AAB65DA477E308EC73CF0D44087D05DA8D39C7BE425D30E_analysis-8.csv;user-a;1;399572284;false;0.36407130705144086;1.0;19.706167024518876;1;D
user-a_session-29AF06B372FD52129AAB65DA477E308EC73CF0D44087D05DA8D39C7BE425D30E_analysis-8.csv;user-a;1;1940221885;false;0.42157283426825454;1.0;19.706167024518876;1;D
user-a_session-29AF06B372FD52129AAB65DA477E308EC73CF0D44087D05DA8D39C7BE425D30E_analysis-8.csv;user-a;1;-2081506012;false;0.3664667213869779;1.0;19.706167024518876;1;D
user-a_session-29AF06B372FD52129AAB65DA477E308EC73CF0D44087D05DA8D39C7BE425D30E_analysis-8.csv;user-a;1;1045771367;false;0.4178376566481634;1.0;19.706167024518876;1;D
user-a_session-29AF06B372FD52129AAB65DA477E308EC73CF0D44087D05DA8D39C7BE425D30E_analysis-8.csv;user-a;1;1648019259;false;0.47065209453768286;1.0;19.706167024518876;1;D
user-a_session-29AF06B372FD52129AAB65DA477E308EC73CF0D44087D05DA8D39C7BE425D30E_analysis-8.csv;user-a;1;908244194;false;0.41314986403177323;1.0;19.706167024518876;1;D
user-a_session-29AF06B372FD52129AAB65DA477E308EC73CF0D44087D05DA8D39C7BE425D30E_analysis-8.csv;user-a;1;-10462979;false;0.13859135896710162;1.0;19.706167024518876;1;D
user-a_session-29AF06B372FD52129AAB65DA477E308EC73CF0D44087D05DA8D39C7BE425D30E_analysis-8.csv;user-a;1;1347604697;false;0.3153742243155073;1.0;19.706167024518876;1;D
user-a_session-29AF06B372FD52129AAB65DA477E308EC73CF0D44087D05DA8D39C7BE425D30E_analysis-8.csv;user-a;1;227978614;false;0.4280967235899775;1.0;19.706167024518876;1;D
user-a_session-29AF06B372FD52129AAB65DA477E308EC73CF0D44087D05DA8D39C7BE425D30E_analysis-8.csv;user-a;1;-98482110;false;0.41190964262851826;1.0;19.706167024518876;1;D
user-a_session-29AF06B372FD52129AAB65DA477E308EC73CF0D44087D05DA8D39C7BE425D30E_analysis-8.csv;user-a;1;-2084376718;false;0.31877870175151446;1.0;19.706167024518876;1;D
user-a_session-29AF06B372FD52129AAB65DA477E308EC73CF0D44087D05DA8D39C7BE425D30E_analysis-8.csv;user-a;1;-798139290;false;0.3958711014682429;1.0;19.706167024518876;1;D
user-a_session-29AF06B372FD52129AAB65DA477E308EC73CF0D44087D05DA8D39C7BE425D30E_analysis-8.csv;user-a;1;36764264;false;0.2768678134554716;1.0;19.706167024518876;1;D
user-a_session-29AF06B372FD52129AAB65DA477E308EC73CF0D44087D05DA8D39C7BE425D30E_analysis-8.csv;user-a;1;1493948692;false;0.4406327073419657;1.0;19.706167024518876;1;D
user-a_session-29AF06B372FD52129AAB65DA477E308EC73CF0D44087D05DA8D39C7BE425D30E_analysis-8.csv;user-a;1;-1919706463;false;0.45168091793945264;1.0;19.706167024518876;1;D
user-a_session-29AF06B372FD52129AAB65DA477E308EC73CF0D44087D05DA8D39C7BE425D30E_analysis-8.csv;user-a;1;-556426347;false;0.47601137175635366;1.0;19.706167024518876;1;D
user-a_session-29AF06B372FD52129AAB65DA477E308EC73CF0D44087D05DA8D39C7BE425D30E_analysis-8.csv;user-a;1;750567158;false;0.44034816522102094;1.0;19.706167024518876;1;D
user-a_session-29AF06B372FD52129AAB65DA477E308EC73CF0D44087D05DA8D39C7BE425D30E_analysis-8.csv;user-a;1;-1996508628;false;0.35599840236626357;1.0;19.706167024518876;1;D
user-a_session-29AF06B372FD52129AAB65DA477E308EC73CF0D44087D05DA8D39C7BE425D30E_analysis-8.csv;user-a;1;1927486811;false;0.3153742243155073;1.0;19.706167024518876;1;D
user-a_session-29AF06B372FD52129AAB65DA477E308EC73CF0D44087D05DA8D39C7BE425D30E_analysis-8.csv;user-a;1;-1994354068;false;0.11235549280548685;1.0;19.706167024518876;1;D
user-a_session-29AF06B372FD52129AAB65DA477E308EC73CF0D44087D05DA8D39C7BE425D30E_analysis-8.csv;user-a;1;571390008;false;0.4719196941872066;1.0;19.706167024518876;1;D
user-a_session-29AF06B372FD52129AAB65DA477E308EC73CF0D44087D05DA8D39C7BE425D30E_analysis-8.csv;user-a;1;-1288278274;false;0.2590335220961226;1.0;19.706167024518876;1;D
user-a_session-29AF06B372FD52129AAB65DA477E308EC73CF0D44087D05DA8D39C7BE425D30E_analysis-8.csv;user-a;1;156474449;false;0.4823571200828194;1.0;19.706167024518876;1;D
user-a_session-29AF06B372FD52129AAB65DA477E308EC73CF0D44087D05DA8D39C7BE425D30E_analysis-8.csv;user-a;1;1810132345;false;0.37637343583112703;1.0;19.706167024518876;1;D
user-a_session-29AF06B372FD52129AAB65DA477E308EC73CF0D44087D05DA8D39C7BE425D30E_analysis-8.csv;user-a;1;787706472;false;0.3267818041549936;1.0;19.706167024518876;1;D
user-a_session-29AF06B372FD52129AAB65DA477E308EC73CF0D44087D05DA8D39C7BE425D30E_analysis-8.csv;user-a;1;-1932514430;false;0.37247787695600265;1.0;19.706167024518876;1;D
user-a_session-29AF06B372FD52129AAB65DA477E308EC73CF0D44087D05DA8D39C7BE425D30E_analysis-8.csv;user-a;1;1905525470;false;0.3153742243155073;1.0;19.706167024518876;1;D
user-a_session-29AF06B372FD52129AAB65DA477E308EC73CF0D44087D05DA8D39C7BE425D30E_analysis-8.csv;user-a;1;1766166355;false;0.416594225160854;1.0;19.706167024518876;1;D
user-a_session-29AF06B372FD52129AAB65DA477E308EC73CF0D44087D05DA8D39C7BE425D30E_analysis-8.csv;user-a;1;-270063146;false;0.43435646432446573;1.0;19.706167024518876;1;D
user-a_session-29AF06B372FD52129AAB65DA477E308EC73CF0D44087D05DA8D39C7BE425D30E_analysis-8.csv;user-a;1;386702538;false;0.4218550254995821;1.0;19.706167024518876;1;D
user-a_session-29AF06B372FD52129AAB65DA477E308EC73CF0D44087D05DA8D39C7BE425D30E_analysis-8.csv;user-a;1;-794977262;false;0.4007886463060545;1.0;19.706167024518876;1;D
user-a_session-29AF06B372FD52129AAB65DA477E308EC73CF0D44087D05DA8D39C7BE425D30E_analysis-8.csv;user-a;1;-1927096937;false;0.4719196941872066;1.0;19.706167024518876;1;D
user-a_session-29AF06B372FD52129AAB65DA477E308EC73CF0D44087D05DA8D39C7BE425D30E_analysis-8.csv;user-a;1;-1925615307;false;0.43937621292052653;1.0;19.706167024518876;1;D
user-a_session-29AF06B372FD52129AAB65DA477E308EC73CF0D44087D05DA8D39C7BE425D30E_analysis-8.csv;user-a;1;-1931506257;false;0.39464426723681945;1.0;19.706167024518876;1;D
user-a_session-29AF06B372FD52129AAB65DA477E308EC73CF0D44087D05DA8D39C7BE425D30E_analysis-8.csv;user-a;1;1220599020;false;0.4168756842125444;1.0;19.706167024518876;1;D
user-a_session-29AF06B372FD52129AAB65DA477E308EC73CF0D44087D05DA8D39C7BE425D30E_analysis-8.csv;user-a;1;-1783452447;false;0.41190964262851826;1.0;19.706167024518876;1;D
user-a_session-29AF06B372FD52129AAB65DA477E308EC73CF0D44087D05DA8D39C7BE425D30E_analysis-8.csv;user-a;1;492641982;false;0.3210569033448549;1.0;19.706167024518876;1;D
user-a_session-29AF06B372FD52129AAB65DA477E308EC73CF0D44087D05DA8D39C7BE425D30E_analysis-8.csv;user-a;1;-1922476457;false;0.3210569033448549;1.0;19.706167024518876;1;D
user-a_session-29AF06B372FD52129AAB65DA477E308EC73CF0D44087D05DA8D39C7BE425D30E_analysis-8.csv;user-a;1;-1993972363;false;0.419081910060664;1.0;19.706167024518876;1;D
user-a_session-29AF06B372FD52129AAB65DA477E308EC73CF0D44087D05DA8D39C7BE425D30E_analysis-8.csv;user-a;1;606492928;false;0.11296484320665234;1.0;19.706167024518876;1;D
user-a_session-29AF06B372FD52129AAB65DA477E308EC73CF0D44087D05DA8D39C7BE425D30E_analysis-8.csv;user-a;1;618539162;false;0.3739571329562772;1.0;19.706167024518876;1;D
user-a_session-29AF06B372FD52129AAB65DA477E308EC73CF0D44087D05DA8D39C7BE425D30E_analysis-8.csv;user-a;1;-1780443569;false;0.43783606393373076;1.0;19.706167024518876;1;D
user-a_session-29AF06B372FD52129AAB65DA477E308EC73CF0D44087D05DA8D39C7BE425D30E_analysis-8.csv;user-a;1;463903233;false;0.3897474853689016;1.0;19.706167024518876;1;D
user-a_session-29AF06B372FD52129AAB65DA477E308EC73CF0D44087D05DA8D39C7BE425D30E_analysis-8.csv;user-a;1;1278831187;false;0.2631757691097061;1.0;18.319872663398986;1;D
user-a_session-29AF06B372FD52129AAB65DA477E308EC73CF0D44087D05DA8D39C7BE425D30E_analysis-8.csv;user-a;1;-1853706438;false;0.4820696566464796;1.0;19.706167024518876;1;D
user-a_session-29AF06B372FD52129AAB65DA477E308EC73CF0D44087D05DA8D39C7BE425D30E_analysis-8.csv;user-a;1;1868654789;false;0.46333971125697415;1.0;19.706167024518876;1;D
user-a_session-29AF06B372FD52129AAB65DA477E308EC73CF0D44087D05DA8D39C7BE425D30E_analysis-8.csv;user-a;1;-2144768379;false;0.4643188113540181;1.0;19.706167024518876;1;D
user-a_session-29AF06B372FD52129AAB65DA477E308EC73CF0D44087D05DA8D39C7BE425D30E_analysis-8.csv;user-a;1;342513488;false;0.46967170186802865;1.0;19.706167024518876;1;D
user-a_session-29AF06B372FD52129AAB65DA477E308EC73CF0D44087D05DA8D39C7BE425D30E_analysis-8.csv;user-a;1;-2104258077;false;0.45701699492952574;1.0;19.706167024518876;1;D
user-a_session-29AF06B372FD52129AAB65DA477E308EC73CF0D44087D05DA8D39C7BE425D30E_analysis-8.csv;user-a;1;-1916499365;false;0.3030264230678362;1.0;19.706167024518876;1;D
user-a_session-29AF06B372FD52129AAB65DA477E308EC73CF0D44087D05DA8D39C7BE425D30E_analysis-8.csv;user-a;1;625906150;false;0.3019146948541611;1.0;19.706167024518876;1;D
user-a_session-29AF06B372FD52129AAB65DA477E308EC73CF0D44087D05DA8D39C7BE425D30E_analysis-8.csv;user-a;1;1726987481;false;0.3489008679690717;1.0;19.706167024518876;1;D
user-a_session-29AF06B372FD52129AAB65DA477E308EC73CF0D44087D05DA8D39C7BE425D30E_analysis-8.csv;user-a;1;272384737;false;0.34185581308859114;1.0;19.706167024518876;1;D
user-a_session-29AF06B372FD52129AAB65DA477E308EC73CF0D44087D05DA8D39C7BE425D30E_analysis-8.csv;user-a;1;-1994100790;false;0.48080014000917326;1.0;19.706167024518876;1;D
user-a_session-29AF06B372FD52129AAB65DA477E308EC73CF0D44087D05DA8D39C7BE425D30E_analysis-8.csv;user-a;1;-47960612;false;0.3008048028550936;1.0;19.706167024518876;1;D
user-a_session-29AF06B372FD52129AAB65DA477E308EC73CF0D44087D05DA8D39C7BE425D30E_analysis-8.csv;user-a;1;-1357760036;false;0.46840463827178125;1.0;19.706167024518876;1;D
user-a_session-29AF06B372FD52129AAB65DA477E308EC73CF0D44087D05DA8D39C7BE425D30E_analysis-8.csv;user-a;1;-1039704277;false;0.44818379481866366;1.0;19.706167024518876;1;D
user-a_session-29AF06B372FD52129AAB65DA477E308EC73CF0D44087D05DA8D39C7BE425D30E_analysis-8.csv;user-a;1;-1341338224;false;0.2974862260115402;1.0;19.706167024518876;1;D
user-a_session-29AF06B372FD52129AAB65DA477E308EC73CF0D44087D05DA8D39C7BE425D30E_analysis-8.csv;user-a;1;-1916934525;false;0.4630531871113377;1.0;19.706167024518876;1;D
user-a_session-29AF06B372FD52129AAB65DA477E308EC73CF0D44087D05DA8D39C7BE425D30E_analysis-8.csv;user-a;1;-92397457;false;0.39464426723681945;1.0;19.706167024518876;1;D
user-a_session-29AF06B372FD52129AAB65DA477E308EC73CF0D44087D05DA8D39C7BE425D30E_analysis-8.csv;user-a;1;-1496970314;false;0.35481192914365667;1.0;19.706167024518876;1;D
user-a_session-29AF06B372FD52129AAB65DA477E308EC73CF0D44087D05DA8D39C7BE425D30E_analysis-8.csv;user-a;1;1178815607;false;0.33951949960136096;1.0;19.706167024518876;1;D
user-a_session-29AF06B372FD52129AAB65DA477E308EC73CF0D44087D05DA8D39C7BE425D30E_analysis-8.csv;user-a;1;2134863406;false;0.3313913531154098;1.0;19.706167024518876;1;D
user-a_session-29AF06B372FD52129AAB65DA477E308EC73CF0D44087D05DA8D39C7BE425D30E_analysis-8.csv;user-a;1;-1167972951;false;0.4156328968338652;1.0;19.706167024518876;1;D
user-a_session-29AF06B372FD52129AAB65DA477E308EC73CF0D44087D05DA8D39C7BE425D30E_analysis-8.csv;user-a;1;-1931506199;false;0.44034816522102094;1.0;19.706167024518876;1;D
user-a_session-29AF06B372FD52129AAB65DA477E308EC73CF0D44087D05DA8D39C7BE425D30E_analysis-8.csv;user-a;1;304814471;false;0.38852598613371325;1.0;19.706167024518876;1;D
user-a_session-29AF06B372FD52129AAB65DA477E308EC73CF0D44087D05DA8D39C7BE425D30E_analysis-8.csv;user-a;1;-758798382;false;0.3427611144297862;1.0;19.706167024518876;1;D
user-a_session-29AF06B372FD52129AAB65DA477E308EC73CF0D44087D05DA8D39C7BE425D30E_analysis-8.csv;user-a;1;519818112;false;0.3512609902785784;1.0;19.706167024518876;1;D
user-a_session-29AF06B372FD52129AAB65DA477E308EC73CF0D44087D05DA8D39C7BE425D30E_analysis-8.csv;user-a;1;-652984709;false;0.2974862260115402;1.0;19.706167024518876;1;D
user-a_session-29AF06B372FD52129AAB65DA477E308EC73CF0D44087D05DA8D39C7BE425D30E_analysis-8.csv;user-a;1;-1863086215;false;0.35956615744100706;1.0;19.706167024518876;1;D
user-a_session-29AF06B372FD52129AAB65DA477E308EC73CF0D44087D05DA8D39C7BE425D30E_analysis-8.csv;user-a;1;1734055342;false;0.25800325368069976;1.0;19.706167024518876;1;D
user-a_session-29AF06B372FD52129AAB65DA477E308EC73CF0D44087D05DA8D39C7BE425D30E_analysis-8.csv;user-a;1;-1918775257;false;0.34042244286518775;1.0;19.706167024518876;1;D
user-a_session-29AF06B372FD52129AAB65DA477E308EC73CF0D44087D05DA8D39C7BE425D30E_analysis-8.csv;user-a;1;-1916347775;false;0.4887073413880736;1.0;19.706167024518876;1;D
user-a_session-29AF06B372FD52129AAB65DA477E308EC73CF0D44087D05DA8D39C7BE425D30E_analysis-8.csv;user-a;1;-2057927220;false;0.45575370445666064;1.0;19.706167024518876;1;D
user-a_session-29AF06B372FD52129AAB65DA477E308EC73CF0D44087D05DA8D39C7BE425D30E_analysis-8.csv;user-a;1;1933273126;false;0.3302365341922001;1.0;19.706167024518876;1;D
user-a_session-29AF06B372FD52129AAB65DA477E308EC73CF0D44087D05DA8D39C7BE425D30E_analysis-8.csv;user-a;1;1613530915;false;0.3512609902785784;1.0;19.706167024518876;1;D
user-a_session-29AF06B372FD52129AAB65DA477E308EC73CF0D44087D05DA8D39C7BE425D30E_analysis-8.csv;user-a;1;-1994297368;false;0.4331031465169285;1.0;19.706167024518876;1;D
user-a_session-29AF06B372FD52129AAB65DA477E308EC73CF0D44087D05DA8D39C7BE425D30E_analysis-8.csv;user-a;1;-410779280;false;0.38852598613371325;1.0;19.706167024518876;1;D
user-a_session-29AF06B372FD52129AAB65DA477E308EC73CF0D44087D05DA8D39C7BE425D30E_analysis-8.csv;user-a;1;1363463402;false;0.3934184769860939;1.0;19.706167024518876;1;D
user-a_session-29AF06B372FD52129AAB65DA477E308EC73CF0D44087D05DA8D39C7BE425D30E_analysis-8.csv;user-a;1;-1994297365;false;0.3346027131532048;1.0;19.706167024518876;1;D
user-a_session-29AF06B372FD52129AAB65DA477E308EC73CF0D44087D05DA8D39C7BE425D30E_analysis-8.csv;user-a;1;115735789;false;4.0665337763812204E-10;1.0;19.706167024518876;1;D
user-a_session-29AF06B372FD52129AAB65DA477E308EC73CF0D44087D05DA8D39C7BE425D30E_analysis-8.csv;user-a;1;-30924068;false;0.3451058275253711;1.0;19.706167024518876;1;D
user-a_session-29AF06B372FD52129AAB65DA477E308EC73CF0D44087D05DA8D39C7BE425D30E_analysis-8.csv;user-a;1;-1583520085;false;0.3074915320482815;1.0;19.706167024518876;1;D
user-a_session-29AF06B372FD52129AAB65DA477E308EC73CF0D44087D05DA8D39C7BE425D30E_analysis-8.csv;user-a;1;1413813302;false;0.42310184821602803;1.0;19.706167024518876;1;D
user-a_session-29AF06B372FD52129AAB65DA477E308EC73CF0D44087D05DA8D39C7BE425D30E_analysis-8.csv;user-a;1;-1058467764;false;0.35599840236626357;1.0;19.706167024518876;1;D
user-a_session-29AF06B372FD52129AAB65DA477E308EC73CF0D44087D05DA8D39C7BE425D30E_analysis-8.csv;user-a;1;-1521662773;false;0.33835364460750583;1.0;19.706167024518876;1;D
user-a_session-29AF06B372FD52129AAB65DA477E308EC73CF0D44087D05DA8D39C7BE425D30E_analysis-8.csv;user-a;1;-1543067128;false;0.4795308180690113;1.0;19.706167024518876;1;D
user-a_session-29AF06B372FD52129AAB65DA477E308EC73CF0D44087D05DA8D39C7BE425D30E_analysis-8.csv;user-a;1;535014350;false;0.3288224524790977;1.0;19.706167024518876;1;D
user-a_session-29AF06B372FD52129AAB65DA477E308EC73CF0D44087D05DA8D39C7BE425D30E_analysis-8.csv;user-a;1;794499746;false;0.35008020526951955;1.0;19.706167024518876;1;D
user-a_session-29AF06B372FD52129AAB65DA477E308EC73CF0D44087D05DA8D39C7BE425D30E_analysis-8.csv;user-a;1;-1925791287;false;0.38852598613371325;1.0;19.706167024518876;1;D
user-a_session-29AF06B372FD52129AAB65DA477E308EC73CF0D44087D05DA8D39C7BE425D30E_analysis-8.csv;user-a;1;-1184874232;false;0.31398693651712895;1.0;19.706167024518876;1;D
user-a_session-29AF06B372FD52129AAB65DA477E308EC73CF0D44087D05DA8D39C7BE425D30E_analysis-8.csv;user-a;1;462597389;false;0.30973488658633774;1.0;19.706167024518876;1;D
user-a_session-29AF06B372FD52129AAB65DA477E308EC73CF0D44087D05DA8D39C7BE425D30E_analysis-8.csv;user-a;1;-765413599;false;0.45673092839118457;1.0;19.706167024518876;1;D
user-a_session-29AF06B372FD52129AAB65DA477E308EC73CF0D44087D05DA8D39C7BE425D30E_analysis-8.csv;user-a;1;-1994194205;false;0.40325338029907665;1.0;19.706167024518876;1;D
user-a_session-29AF06B372FD52129AAB65DA477E308EC73CF0D44087D05DA8D39C7BE425D30E_analysis-8.csv;user-a;1;1527786133;false;0.45925860853630673;1.0;19.706167024518876;1;D
user-a_session-29AF06B372FD52129AAB65DA477E308EC73CF0D44087D05DA8D39C7BE425D30E_analysis-8.csv;user-a;1;2054134643;false;0.08581143311407469;1.0;19.706167024518876;1;D
user-a_session-29AF06B372FD52129AAB65DA477E308EC73CF0D44087D05DA8D39C7BE425D30E_analysis-8.csv;user-a;1;224269403;false;0.38094564737541703;1.0;19.706167024518876;1;D
user-a_session-29AF06B372FD52129AAB65DA477E308EC73CF0D44087D05DA8D39C7BE425D30E_analysis-8.csv;user-a;1;-1933044171;false;0.3873055882664189;1.0;19.706167024518876;1;D
user-a_session-29AF06B372FD52129AAB65DA477E308EC73CF0D44087D05DA8D39C7BE425D30E_analysis-8.csv;user-a;1;1228345934;false;0.4620743751248536;1.0;19.706167024518876;1;D
user-a_session-29AF06B372FD52129AAB65DA477E308EC73CF0D44087D05DA8D39C7BE425D30E_analysis-8.csv;user-a;1;-1928027335;false;0.40325338029907665;1.0;19.706167024518876;1;D
user-a_session-29AF06B372FD52129AAB65DA477E308EC73CF0D44087D05DA8D39C7BE425D30E_analysis-8.csv;user-a;1;-1301247007;false;0.279004837077248;1.0;19.706167024518876;1;D
user-a_session-29AF06B372FD52129AAB65DA477E308EC73CF0D44087D05DA8D39C7BE425D30E_analysis-8.csv;user-a;1;-1704141758;false;0.3185212210466768;1.0;19.706167024518876;1;D
user-a_session-29AF06B372FD52129AAB65DA477E308EC73CF0D44087D05DA8D39C7BE425D30E_analysis-8.csv;user-a;1;795612719;false;0.38094564737541703;1.0;19.706167024518876;1;D
user-a_session-29AF06B372FD52129AAB65DA477E308EC73CF0D44087D05DA8D39C7BE425D30E_analysis-8.csv;user-a;2;947275131;false;0.4620743751248536;1.0;19.706167024518876;1;D
user-a_session-29AF06B372FD52129AAB65DA477E308EC73CF0D44087D05DA8D39C7BE425D30E_analysis-8.csv;user-a;2;-696588531;false;0.40202052625463436;1.0;19.706167024518876;1;D
user-a_session-29AF06B372FD52129AAB65DA477E308EC73CF0D44087D05DA8D39C7BE425D30E_analysis-8.csv;user-a;2;-1819078776;false;0.3210569033448549;1.0;19.706167024518876;1;D
user-a_session-29AF06B372FD52129AAB65DA477E308EC73CF0D44087D05DA8D39C7BE425D30E_analysis-8.csv;user-a;2;-1931293060;false;0.3041399792330899;1.0;19.706167024518876;1;D
user-a_session-29AF06B372FD52129AAB65DA477E308EC73CF0D44087D05DA8D39C7BE425D30E_analysis-8.csv;user-a;2;-1547221344;false;0.2673515936393671;1.0;19.706167024518876;1;D
user-a_session-29AF06B372FD52129AAB65DA477E308EC73CF0D44087D05DA8D39C7BE425D30E_analysis-8.csv;user-a;2;265846614;false;0.4646054183829641;1.0;19.706167024518876;1;D
user-a_session-29AF06B372FD52129AAB65DA477E308EC73CF0D44087D05DA8D39C7BE425D30E_analysis-8.csv;user-a;2;2056954351;false;0.4156328968338652;1.0;19.706167024518876;1;D
user-a_session-29AF06B372FD52129AAB65DA477E308EC73CF0D44087D05DA8D39C7BE425D30E_analysis-8.csv;user-a;2;-674317393;false;0.29613440592702145;1.0;19.706167024518876;1;D
user-a_session-29AF06B372FD52129AAB65DA477E308EC73CF0D44087D05DA8D39C7BE425D30E_analysis-8.csv;user-a;2;-556596438;false;0.43937621292052653;1.0;19.706167024518876;1;D
user-a_session-29AF06B372FD52129AAB65DA477E308EC73CF0D44087D05DA8D39C7BE425D30E_analysis-8.csv;user-a;2;80149589;false;0.3751646720471842;1.0;19.706167024518876;1;D
user-a_session-29AF06B372FD52129AAB65DA477E308EC73CF0D44087D05DA8D39C7BE425D30E_analysis-8.csv;user-a;2;147373889;false;0.2952831717136408;1.0;19.706167024518876;1;D
user-a_session-29AF06B372FD52129AAB65DA477E308EC73CF0D44087D05DA8D39C7BE425D30E_analysis-8.csv;user-a;2;-1923901124;false;0.366738230477323;1.0;19.706167024518876;1;D
user-a_session-29AF06B372FD52129AAB65DA477E308EC73CF0D44087D05DA8D39C7BE425D30E_analysis-8.csv;user-a;2;265865297;false;6.661338147750939E-16;1.0;19.706167024518876;1;D
user-a_session-29AF06B372FD52129AAB65DA477E308EC73CF0D44087D05DA8D39C7BE425D30E_analysis-8.csv;user-a;2;1369484066;false;0.21557710587883694;1.0;19.706167024518876;1;D
user-a_session-29AF06B372FD52129AAB65DA477E308EC73CF0D44087D05DA8D39C7BE425D30E_analysis-8.csv;user-a;2;1278709140;false;0.48080014000917326;1.0;19.706167024518876;1;D
user-a_session-29AF06B372FD52129AAB65DA477E308EC73CF0D44087D05DA8D39C7BE425D30E_analysis-8.csv;user-a;2;-1994395116;false;0.2747388374187614;1.0;19.706167024518876;1;D
user-a_session-29AF06B372FD52129AAB65DA477E308EC73CF0D44087D05DA8D39C7BE425D30E_analysis-8.csv;user-a;2;-953338193;false;0.419081910060664;1.0;19.706167024518876;1;D
user-a_session-29AF06B372FD52129AAB65DA477E308EC73CF0D44087D05DA8D39C7BE425D30E_analysis-8.csv;user-a;2;1919103517;false;0.45828071991882335;1.0;19.706167024518876;1;D
user-a_session-29AF06B372FD52129AAB65DA477E308EC73CF0D44087D05DA8D39C7BE425D30E_analysis-8.csv;user-a;2;-1573481821;false;0.3873055882664189;1.0;19.706167024518876;1;D
user-a_session-29AF06B372FD52129AAB65DA477E308EC73CF0D44087D05DA8D39C7BE425D30E_analysis-8.csv;user-a;2;313744083;false;0.45294272018980797;1.0;19.706167024518876;1;D
user-a_session-29AF06B372FD52129AAB65DA477E308EC73CF0D44087D05DA8D39C7BE425D30E_analysis-8.csv;user-a;2;-1927819803;false;0.3256335009945567;1.0;19.706167024518876;1;D
user-a_session-29AF06B372FD52129AAB65DA477E308EC73CF0D44087D05DA8D39C7BE425D30E_analysis-8.csv;user-a;2;-120341633;false;0.4218550254995821;1.0;19.706167024518876;1;D
user-a_session-29AF06B372FD52129AAB65DA477E308EC73CF0D44087D05DA8D39C7BE425D30E_analysis-8.csv;user-a;2;669822005;false;0.35956615744100706;1.0;19.706167024518876;1;D
user-a_session-29AF06B372FD52129AAB65DA477E308EC73CF0D44087D05DA8D39C7BE425D30E_analysis-8.csv;user-a;2;147838331;false;0.3760996467825428;1.0;19.706167024518876;1;D
user-a_session-29AF06B372FD52129AAB65DA477E308EC73CF0D44087D05DA8D39C7BE425D30E_analysis-8.csv;user-a;2;-1526883593;false;0.3533587418774611;1.0;19.706167024518876;1;D
user-a_session-29AF06B372FD52129AAB65DA477E308EC73CF0D44087D05DA8D39C7BE425D30E_analysis-8.csv;user-a;2;1823981392;false;0.47474290020255183;1.0;19.706167024518876;1;D
user-a_session-29AF06B372FD52129AAB65DA477E308EC73CF0D44087D05DA8D39C7BE425D30E_analysis-8.csv;user-a;2;476404076;false;0.34654657716660375;1.0;19.706167024518876;1;D
user-a_session-29AF06B372FD52129AAB65DA477E308EC73CF0D44087D05DA8D39C7BE425D30E_analysis-8.csv;user-a;2;-615936725;false;0.4630531871113377;1.0;19.706167024518876;1;D
user-a_session-29AF06B372FD52129AAB65DA477E308EC73CF0D44087D05DA8D39C7BE425D30E_analysis-8.csv;user-a;2;-550695482;false;0.4356104422631514;1.0;19.706167024518876;1;D
user-a_session-29AF06B372FD52129AAB65DA477E308EC73CF0D44087D05DA8D39C7BE425D30E_analysis-8.csv;user-a;2;197994547;false;0.03616212936291041;1.0;19.706167024518876;1;D
user-a_session-29AF06B372FD52129AAB65DA477E308EC73CF0D44087D05DA8D39C7BE425D30E_analysis-8.csv;user-a;2;519927879;false;0.33254777740799546;1.0;19.706167024518876;1;D
user-a_session-29AF06B372FD52129AAB65DA477E308EC73CF0D44087D05DA8D39C7BE425D30E_analysis-8.csv;user-a;2;-1915956658;false;0.34068689237318717;1.0;19.706167024518876;1;D
user-a_session-29AF06B372FD52129AAB65DA477E308EC73CF0D44087D05DA8D39C7BE425D30E_analysis-8.csv;user-a;2;-1248194893;false;0.18186698151884118;1.0;19.706167024518876;1;D
user-a_session-29AF06B372FD52129AAB65DA477E308EC73CF0D44087D05DA8D39C7BE425D30E_analysis-8.csv;user-a;2;-493224016;false;0.3142428541730058;1.0;19.706167024518876;1;D
user-a_session-29AF06B372FD52129AAB65DA477E308EC73CF0D44087D05DA8D39C7BE425D30E_analysis-8.csv;user-a;2;-280733465;false;0.4218550254995821;1.0;19.706167024518876;1;D
user-a_session-29AF06B372FD52129AAB65DA477E308EC73CF0D44087D05DA8D39C7BE425D30E_analysis-8.csv;user-a;2;-408163259;false;0.45925860853630673;1.0;19.706167024518876;1;D
user-a_session-29AF06B372FD52129AAB65DA477E308EC73CF0D44087D05DA8D39C7BE425D30E_analysis-8.csv;user-a;2;1297550216;false;0.2298219880028456;1.0;19.706167024518876;1;D
user-a_session-29AF06B372FD52129AAB65DA477E308EC73CF0D44087D05DA8D39C7BE425D30E_analysis-8.csv;user-a;2;2032228834;false;0.36553957021883;1.0;19.706167024518876;1;D
user-a_session-29AF06B372FD52129AAB65DA477E308EC73CF0D44087D05DA8D39C7BE425D30E_analysis-8.csv;user-a;2;-968866071;false;0.470939072654035;1.0;19.706167024518876;1;D
user-a_session-29AF06B372FD52129AAB65DA477E308EC73CF0D44087D05DA8D39C7BE425D30E_analysis-8.csv;user-a;2;-1923171105;false;0.3824352375962624;1.0;19.706167024518876;1;D
user-a_session-29AF06B372FD52129AAB65DA477E308EC73CF0D44087D05DA8D39C7BE425D30E_analysis-8.csv;user-a;2;26297124;false;0.4858792461578201;1.0;19.706167024518876;1;D
user-a_session-29AF06B372FD52129AAB65DA477E308EC73CF0D44087D05DA8D39C7BE425D30E_analysis-8.csv;user-a;2;14523296;false;0.32219854211792587;1.0;19.706167024518876;1;D
user-a_session-29AF06B372FD52129AAB65DA477E308EC73CF0D44087D05DA8D39C7BE425D30E_analysis-8.csv;user-a;2;262295217;false;0.36553957021883;1.0;19.706167024518876;1;D
user-a_session-29AF06B372FD52129AAB65DA477E308EC73CF0D44087D05DA8D39C7BE425D30E_analysis-8.csv;user-a;2;-760678824;false;0.47065209453768286;1.0;19.706167024518876;1;D
user-a_session-29AF06B372FD52129AAB65DA477E308EC73CF0D44087D05DA8D39C7BE425D30E_analysis-8.csv;user-a;2;941306386;false;0.23273291612619307;1.0;19.706167024518876;1;D
user-a_session-29AF06B372FD52129AAB65DA477E308EC73CF0D44087D05DA8D39C7BE425D30E_analysis-8.csv;user-a;2;712519710;false;0.3775834132707916;1.0;19.706167024518876;1;D
user-a_session-29AF06B372FD52129AAB65DA477E308EC73CF0D44087D05DA8D39C7BE425D30E_analysis-8.csv;user-a;2;902387474;false;0.37154577282239254;1.0;19.706167024518876;1;D
user-a_session-29AF06B372FD52129AAB65DA477E308EC73CF0D44087D05DA8D39C7BE425D30E_analysis-8.csv;user-a;2;368494551;false;0.34654657716660375;1.0;19.706167024518876;1;D
user-a_session-29AF06B372FD52129AAB65DA477E308EC73CF0D44087D05DA8D39C7BE425D30E_analysis-8.csv;user-a;2;122221514;false;0.2822253375625112;1.0;19.706167024518876;1;D
user-a_session-29AF06B372FD52129AAB65DA477E308EC73CF0D44087D05DA8D39C7BE425D30E_analysis-8.csv;user-a;2;-522565162;false;0.35481192914365667;1.0;19.706167024518876;1;D
user-a_session-29AF06B372FD52129AAB65DA477E308EC73CF0D44087D05DA8D39C7BE425D30E_analysis-8.csv;user-a;2;933534132;false;0.3751646720471842;1.0;19.706167024518876;1;D
user-a_session-29AF06B372FD52129AAB65DA477E308EC73CF0D44087D05DA8D39C7BE425D30E_analysis-8.csv;user-a;2;-1925243752;false;0.3983278555552201;1.0;19.706167024518876;1;D
user-a_session-29AF06B372FD52129AAB65DA477E308EC73CF0D44087D05DA8D39C7BE425D30E_analysis-8.csv;user-a;2;-166094052;false;0.43937621292052653;1.0;19.706167024518876;1;D
user-a_session-29AF06B372FD52129AAB65DA477E308EC73CF0D44087D05DA8D39C7BE425D30E_analysis-8.csv;user-a;2;-1382366938;false;0.37637343583112703;1.0;19.706167024518876;1;D
user-a_session-29AF06B372FD52129AAB65DA477E308EC73CF0D44087D05DA8D39C7BE425D30E_analysis-8.csv;user-a;2;-1193408965;false;0.4620743751248536;1.0;19.706167024518876;1;D
user-a_session-29AF06B372FD52129AAB65DA477E308EC73CF0D44087D05DA8D39C7BE425D30E_analysis-8.csv;user-a;2;2075054080;false;0.4141098762068066;1.0;19.706167024518876;1;D
user-a_session-29AF06B372FD52129AAB65DA477E308EC73CF0D44087D05DA8D39C7BE425D30E_analysis-8.csv;user-a;2;399572284;false;0.36407130705144086;1.0;19.706167024518876;1;D
user-a_session-29AF06B372FD52129AAB65DA477E308EC73CF0D44087D05DA8D39C7BE425D30E_analysis-8.csv;user-a;2;1940221885;false;0.42157283426825454;1.0;19.706167024518876;1;D
user-a_session-29AF06B372FD52129AAB65DA477E308EC73CF0D44087D05DA8D39C7BE425D30E_analysis-8.csv;user-a;2;-2081506012;false;0.3664667213869779;1.0;19.706167024518876;1;D
user-a_session-29AF06B372FD52129AAB65DA477E308EC73CF0D44087D05DA8D39C7BE425D30E_analysis-8.csv;user-a;2;1045771367;false;0.4178376566481634;1.0;19.706167024518876;1;D
user-a_session-29AF06B372FD52129AAB65DA477E308EC73CF0D44087D05DA8D39C7BE425D30E_analysis-8.csv;user-a;2;1648019259;false;0.47065209453768286;1.0;19.706167024518876;1;D
user-a_session-29AF06B372FD52129AAB65DA477E308EC73CF0D44087D05DA8D39C7BE425D30E_analysis-8.csv;user-a;2;908244194;false;0.41314986403177323;1.0;19.706167024518876;1;D
user-a_session-29AF06B372FD52129AAB65DA477E308EC73CF0D44087D05DA8D39C7BE425D30E_analysis-8.csv;user-a;2;-10462979;false;0.13859135896710162;1.0;19.706167024518876;1;D
user-a_session-29AF06B372FD52129AAB65DA477E308EC73CF0D44087D05DA8D39C7BE425D30E_analysis-8.csv;user-a;2;1347604697;false;0.3153742243155073;1.0;19.706167024518876;1;D
user-a_session-29AF06B372FD52129AAB65DA477E308EC73CF0D44087D05DA8D39C7BE425D30E_analysis-8.csv;user-a;2;227978614;false;0.4280967235899775;1.0;19.706167024518876;1;D
user-a_session-29AF06B372FD52129AAB65DA477E308EC73CF0D44087D05DA8D39C7BE425D30E_analysis-8.csv;user-a;2;-98482110;false;0.41190964262851826;1.0;19.706167024518876;1;D
user-a_session-29AF06B372FD52129AAB65DA477E308EC73CF0D44087D05DA8D39C7BE425D30E_analysis-8.csv;user-a;2;-2084376718;false;0.31877870175151446;1.0;19.706167024518876;1;D
user-a_session-29AF06B372FD52129AAB65DA477E308EC73CF0D44087D05DA8D39C7BE425D30E_analysis-8.csv;user-a;2;-798139290;false;0.3958711014682429;1.0;19.706167024518876;1;D
user-a_session-29AF06B372FD52129AAB65DA477E308EC73CF0D44087D05DA8D39C7BE425D30E_analysis-8.csv;user-a;2;36764264;false;0.2768678134554716;1.0;19.706167024518876;1;D
user-a_session-29AF06B372FD52129AAB65DA477E308EC73CF0D44087D05DA8D39C7BE425D30E_analysis-8.csv;user-a;2;1493948692;false;0.4406327073419657;1.0;19.706167024518876;1;D
user-a_session-29AF06B372FD52129AAB65DA477E308EC73CF0D44087D05DA8D39C7BE425D30E_analysis-8.csv;user-a;2;-1919706463;false;0.45168091793945264;1.0;19.706167024518876;1;D
user-a_session-29AF06B372FD52129AAB65DA477E308EC73CF0D44087D05DA8D39C7BE425D30E_analysis-8.csv;user-a;2;-556426347;false;0.47601137175635366;1.0;19.706167024518876;1;D
user-a_session-29AF06B372FD52129AAB65DA477E308EC73CF0D44087D05DA8D39C7BE425D30E_analysis-8.csv;user-a;2;750567158;false;0.44034816522102094;1.0;19.706167024518876;1;D
user-a_session-29AF06B372FD52129AAB65DA477E308EC73CF0D44087D05DA8D39C7BE425D30E_analysis-8.csv;user-a;2;-1996508628;false;0.35599840236626357;1.0;19.706167024518876;1;D
user-a_session-29AF06B372FD52129AAB65DA477E308EC73CF0D44087D05DA8D39C7BE425D30E_analysis-8.csv;user-a;2;1927486811;false;0.3153742243155073;1.0;19.706167024518876;1;D
user-a_session-29AF06B372FD52129AAB65DA477E308EC73CF0D44087D05DA8D39C7BE425D30E_analysis-8.csv;user-a;2;-1994354068;false;0.11235549280548685;1.0;19.706167024518876;1;D
user-a_session-29AF06B372FD52129AAB65DA477E308EC73CF0D44087D05DA8D39C7BE425D30E_analysis-8.csv;user-a;2;571390008;false;0.4719196941872066;1.0;19.706167024518876;1;D
user-a_session-29AF06B372FD52129AAB65DA477E308EC73CF0D44087D05DA8D39C7BE425D30E_analysis-8.csv;user-a;2;-1288278274;false;0.2590335220961226;1.0;19.706167024518876;1;D
user-a_session-29AF06B372FD52129AAB65DA477E308EC73CF0D44087D05DA8D39C7BE425D30E_analysis-8.csv;user-a;2;156474449;false;0.4823571200828194;1.0;19.706167024518876;1;D
user-a_session-29AF06B372FD52129AAB65DA477E308EC73CF0D44087D05DA8D39C7BE425D30E_analysis-8.csv;user-a;2;1810132345;false;0.37637343583112703;1.0;19.706167024518876;1;D
user-a_session-29AF06B372FD52129AAB65DA477E308EC73CF0D44087D05DA8D39C7BE425D30E_analysis-8.csv;user-a;2;787706472;false;0.3267818041549936;1.0;19.706167024518876;1;D
user-a_session-29AF06B372FD52129AAB65DA477E308EC73CF0D44087D05DA8D39C7BE425D30E_analysis-8.csv;user-a;2;-1932514430;false;0.37247787695600265;1.0;19.706167024518876;1;D
user-a_session-29AF06B372FD52129AAB65DA477E308EC73CF0D44087D05DA8D39C7BE425D30E_analysis-8.csv;user-a;2;1905525470;false;0.3153742243155073;1.0;19.706167024518876;1;D
user-a_session-29AF06B372FD52129AAB65DA477E308EC73CF0D44087D05DA8D39C7BE425D30E_analysis-8.csv;user-a;2;1766166355;false;0.416594225160854;1.0;19.706167024518876;1;D
user-a_session-29AF06B372FD52129AAB65DA477E308EC73CF0D44087D05DA8D39C7BE425D30E_analysis-8.csv;user-a;2;-270063146;false;0.43435646432446573;1.0;19.706167024518876;1;D
user-a_session-29AF06B372FD52129AAB65DA477E308EC73CF0D44087D05DA8D39C7BE425D30E_analysis-8.csv;user-a;2;386702538;false;0.4218550254995821;1.0;19.706167024518876;1;D
user-a_session-29AF06B372FD52129AAB65DA477E308EC73CF0D44087D05DA8D39C7BE425D30E_analysis-8.csv;user-a;2;-794977262;false;0.4007886463060545;1.0;19.706167024518876;1;D
user-a_session-29AF06B372FD52129AAB65DA477E308EC73CF0D44087D05DA8D39C7BE425D30E_analysis-8.csv;user-a;2;-1927096937;false;0.4719196941872066;1.0;19.706167024518876;1;D
user-a_session-29AF06B372FD52129AAB65DA477E308EC73CF0D44087D05DA8D39C7BE425D30E_analysis-8.csv;user-a;2;-1925615307;false;0.43937621292052653;1.0;19.706167024518876;1;D
user-a_session-29AF06B372FD52129AAB65DA477E308EC73CF0D44087D05DA8D39C7BE425D30E_analysis-8.csv;user-a;2;-1931506257;false;0.39464426723681945;1.0;19.706167024518876;1;D
user-a_session-29AF06B372FD52129AAB65DA477E308EC73CF0D44087D05DA8D39C7BE425D30E_analysis-8.csv;user-a;2;1220599020;false;0.4168756842125444;1.0;19.706167024518876;1;D
user-a_session-29AF06B372FD52129AAB65DA477E308EC73CF0D44087D05DA8D39C7BE425D30E_analysis-8.csv;user-a;2;-1783452447;false;0.41190964262851826;1.0;19.706167024518876;1;D
user-a_session-29AF06B372FD52129AAB65DA477E308EC73CF0D44087D05DA8D39C7BE425D30E_analysis-8.csv;user-a;2;492641982;false;0.3210569033448549;1.0;19.706167024518876;1;D
user-a_session-29AF06B372FD52129AAB65DA477E308EC73CF0D44087D05DA8D39C7BE425D30E_analysis-8.csv;user-a;2;-1922476457;false;0.3210569033448549;1.0;19.706167024518876;1;D
user-a_session-29AF06B372FD52129AAB65DA477E308EC73CF0D44087D05DA8D39C7BE425D30E_analysis-8.csv;user-a;2;-1993972363;false;0.419081910060664;1.0;19.706167024518876;1;D
user-a_session-29AF06B372FD52129AAB65DA477E308EC73CF0D44087D05DA8D39C7BE425D30E_analysis-8.csv;user-a;2;606492928;false;0.11296484320665234;1.0;19.706167024518876;1;D
user-a_session-29AF06B372FD52129AAB65DA477E308EC73CF0D44087D05DA8D39C7BE425D30E_analysis-8.csv;user-a;2;618539162;false;0.3739571329562772;1.0;19.706167024518876;1;D
user-a_session-29AF06B372FD52129AAB65DA477E308EC73CF0D44087D05DA8D39C7BE425D30E_analysis-8.csv;user-a;2;-1780443569;false;0.43783606393373076;1.0;19.706167024518876;1;D
user-a_session-29AF06B372FD52129AAB65DA477E308EC73CF0D44087D05DA8D39C7BE425D30E_analysis-8.csv;user-a;2;463903233;false;0.3897474853689016;1.0;19.706167024518876;1;D
user-a_session-29AF06B372FD52129AAB65DA477E308EC73CF0D44087D05DA8D39C7BE425D30E_analysis-8.csv;user-a;2;1278831187;false;0.2631757691097061;1.0;18.319872663398986;1;D
user-a_session-29AF06B372FD52129AAB65DA477E308EC73CF0D44087D05DA8D39C7BE425D30E_analysis-8.csv;user-a;2;-1853706438;false;0.4820696566464796;1.0;19.706167024518876;1;D
user-a_session-29AF06B372FD52129AAB65DA477E308EC73CF0D44087D05DA8D39C7BE425D30E_analysis-8.csv;user-a;2;1868654789;false;0.46333971125697415;1.0;19.706167024518876;1;D
user-a_session-29AF06B372FD52129AAB65DA477E308EC73CF0D44087D05DA8D39C7BE425D30E_analysis-8.csv;user-a;2;-2144768379;false;0.4643188113540181;1.0;19.706167024518876;1;D
user-a_session-29AF06B372FD52129AAB65DA477E308EC73CF0D44087D05DA8D39C7BE425D30E_analysis-8.csv;user-a;2;342513488;false;0.46967170186802865;1.0;19.706167024518876;1;D
user-a_session-29AF06B372FD52129AAB65DA477E308EC73CF0D44087D05DA8D39C7BE425D30E_analysis-8.csv;user-a;2;-2104258077;false;0.45701699492952574;1.0;19.706167024518876;1;D
user-a_session-29AF06B372FD52129AAB65DA477E308EC73CF0D44087D05DA8D39C7BE425D30E_analysis-8.csv;user-a;2;-1916499365;false;0.3030264230678362;1.0;19.706167024518876;1;D
user-a_session-29AF06B372FD52129AAB65DA477E308EC73CF0D44087D05DA8D39C7BE425D30E_analysis-8.csv;user-a;2;625906150;false;0.3019146948541611;1.0;19.706167024518876;1;D
user-a_session-29AF06B372FD52129AAB65DA477E308EC73CF0D44087D05DA8D39C7BE425D30E_analysis-8.csv;user-a;2;1726987481;false;0.3489008679690717;1.0;19.706167024518876;1;D
user-a_session-29AF06B372FD52129AAB65DA477E308EC73CF0D44087D05DA8D39C7BE425D30E_analysis-8.csv;user-a;2;272384737;false;0.34185581308859114;1.0;19.706167024518876;1;D
user-a_session-29AF06B372FD52129AAB65DA477E308EC73CF0D44087D05DA8D39C7BE425D30E_analysis-8.csv;user-a;2;-1994100790;false;0.48080014000917326;1.0;19.706167024518876;1;D
user-a_session-29AF06B372FD52129AAB65DA477E308EC73CF0D44087D05DA8D39C7BE425D30E_analysis-8.csv;user-a;2;-47960612;false;0.3008048028550936;1.0;19.706167024518876;1;D
user-a_session-29AF06B372FD52129AAB65DA477E308EC73CF0D44087D05DA8D39C7BE425D30E_analysis-8.csv;user-a;2;-1357760036;false;0.46840463827178125;1.0;19.706167024518876;1;D
user-a_session-29AF06B372FD52129AAB65DA477E308EC73CF0D44087D05DA8D39C7BE425D30E_analysis-8.csv;user-a;2;-1039704277;false;0.44818379481866366;1.0;19.706167024518876;1;D
user-a_session-29AF06B372FD52129AAB65DA477E308EC73CF0D44087D05DA8D39C7BE425D30E_analysis-8.csv;user-a;2;-1341338224;false;0.2974862260115402;1.0;19.706167024518876;1;D
user-a_session-29AF06B372FD52129AAB65DA477E308EC73CF0D44087D05DA8D39C7BE425D30E_analysis-8.csv;user-a;2;-1916934525;false;0.4630531871113377;1.0;19.706167024518876;1;D
user-a_session-29AF06B372FD52129AAB65DA477E308EC73CF0D44087D05DA8D39C7BE425D30E_analysis-8.csv;user-a;2;-92397457;false;0.39464426723681945;1.0;19.706167024518876;1;D
user-a_session-29AF06B372FD52129AAB65DA477E308EC73CF0D44087D05DA8D39C7BE425D30E_analysis-8.csv;user-a;2;-1496970314;false;0.35481192914365667;1.0;19.706167024518876;1;D
user-a_session-29AF06B372FD52129AAB65DA477E308EC73CF0D44087D05DA8D39C7BE425D30E_analysis-8.csv;user-a;2;1178815607;false;0.33951949960136096;1.0;19.706167024518876;1;D
user-a_session-29AF06B372FD52129AAB65DA477E308EC73CF0D44087D05DA8D39C7BE425D30E_analysis-8.csv;user-a;2;2134863406;false;0.3313913531154098;1.0;19.706167024518876;1;D
user-a_session-29AF06B372FD52129AAB65DA477E308EC73CF0D44087D05DA8D39C7BE425D30E_analysis-8.csv;user-a;2;-1167972951;false;0.4156328968338652;1.0;19.706167024518876;1;D
user-a_session-29AF06B372FD52129AAB65DA477E308EC73CF0D44087D05DA8D39C7BE425D30E_analysis-8.csv;user-a;2;-1931506199;false;0.44034816522102094;1.0;19.706167024518876;1;D
user-a_session-29AF06B372FD52129AAB65DA477E308EC73CF0D44087D05DA8D39C7BE425D30E_analysis-8.csv;user-a;2;304814471;false;0.38852598613371325;1.0;19.706167024518876;1;D
user-a_session-29AF06B372FD52129AAB65DA477E308EC73CF0D44087D05DA8D39C7BE425D30E_analysis-8.csv;user-a;2;-758798382;false;0.3427611144297862;1.0;19.706167024518876;1;D
user-a_session-29AF06B372FD52129AAB65DA477E308EC73CF0D44087D05DA8D39C7BE425D30E_analysis-8.csv;user-a;2;519818112;false;0.3512609902785784;1.0;19.706167024518876;1;D
user-a_session-29AF06B372FD52129AAB65DA477E308EC73CF0D44087D05DA8D39C7BE425D30E_analysis-8.csv;user-a;2;-652984709;false;0.2974862260115402;1.0;19.706167024518876;1;D
user-a_session-29AF06B372FD52129AAB65DA477E308EC73CF0D44087D05DA8D39C7BE425D30E_analysis-8.csv;user-a;2;-1863086215;false;0.35956615744100706;1.0;19.706167024518876;1;D
user-a_session-29AF06B372FD52129AAB65DA477E308EC73CF0D44087D05DA8D39C7BE425D30E_analysis-8.csv;user-a;2;1734055342;false;0.25800325368069976;1.0;19.706167024518876;1;D
user-a_session-29AF06B372FD52129AAB65DA477E308EC73CF0D44087D05DA8D39C7BE425D30E_analysis-8.csv;user-a;2;-1918775257;false;0.34042244286518775;1.0;19.706167024518876;1;D
user-a_session-29AF06B372FD52129AAB65DA477E308EC73CF0D44087D05DA8D39C7BE425D30E_analysis-8.csv;user-a;2;-1916347775;false;0.4887073413880736;1.0;19.706167024518876;1;D
user-a_session-29AF06B372FD52129AAB65DA477E308EC73CF0D44087D05DA8D39C7BE425D30E_analysis-8.csv;user-a;2;-2057927220;false;0.45575370445666064;1.0;19.706167024518876;1;D
user-a_session-29AF06B372FD52129AAB65DA477E308EC73CF0D44087D05DA8D39C7BE425D30E_analysis-8.csv;user-a;2;1933273126;false;0.3302365341922001;1.0;19.706167024518876;1;D
user-a_session-29AF06B372FD52129AAB65DA477E308EC73CF0D44087D05DA8D39C7BE425D30E_analysis-8.csv;user-a;2;1613530915;false;0.3512609902785784;1.0;19.706167024518876;1;D
user-a_session-29AF06B372FD52129AAB65DA477E308EC73CF0D44087D05DA8D39C7BE425D30E_analysis-8.csv;user-a;2;-1994297368;false;0.4331031465169285;1.0;19.706167024518876;1;D
user-a_session-29AF06B372FD52129AAB65DA477E308EC73CF0D44087D05DA8D39C7BE425D30E_analysis-8.csv;user-a;2;-410779280;false;0.38852598613371325;1.0;19.706167024518876;1;D
user-a_session-29AF06B372FD52129AAB65DA477E308EC73CF0D44087D05DA8D39C7BE425D30E_analysis-8.csv;user-a;2;1363463402;false;0.3934184769860939;1.0;19.706167024518876;1;D
user-a_session-29AF06B372FD52129AAB65DA477E308EC73CF0D44087D05DA8D39C7BE425D30E_analysis-8.csv;user-a;2;-1994297365;false;0.3346027131532048;1.0;19.706167024518876;1;D
user-a_session-29AF06B372FD52129AAB65DA477E308EC73CF0D44087D05DA8D39C7BE425D30E_analysis-8.csv;user-a;2;115735789;false;4.0665337763812204E-10;1.0;19.706167024518876;1;D
user-a_session-29AF06B372FD52129AAB65DA477E308EC73CF0D44087D05DA8D39C7BE425D30E_analysis-8.csv;user-a;2;-30924068;false;0.3451058275253711;1.0;19.706167024518876;1;D
user-a_session-29AF06B372FD52129AAB65DA477E308EC73CF0D44087D05DA8D39C7BE425D30E_analysis-8.csv;user-a;2;-1583520085;false;0.3074915320482815;1.0;19.706167024518876;1;D
user-a_session-29AF06B372FD52129AAB65DA477E308EC73CF0D44087D05DA8D39C7BE425D30E_analysis-8.csv;user-a;2;1413813302;false;0.42310184821602803;1.0;19.706167024518876;1;D
user-a_session-29AF06B372FD52129AAB65DA477E308EC73CF0D44087D05DA8D39C7BE425D30E_analysis-8.csv;user-a;2;-1058467764;false;0.35599840236626357;1.0;19.706167024518876;1;D
user-a_session-29AF06B372FD52129AAB65DA477E308EC73CF0D44087D05DA8D39C7BE425D30E_analysis-8.csv;user-a;2;-1521662773;false;0.33835364460750583;1.0;19.706167024518876;1;D
user-a_session-29AF06B372FD52129AAB65DA477E308EC73CF0D44087D05DA8D39C7BE425D30E_analysis-8.csv;user-a;2;-1543067128;false;0.4795308180690113;1.0;19.706167024518876;1;D
user-a_session-29AF06B372FD52129AAB65DA477E308EC73CF0D44087D05DA8D39C7BE425D30E_analysis-8.csv;user-a;2;535014350;false;0.3288224524790977;1.0;19.706167024518876;1;D
user-a_session-29AF06B372FD52129AAB65DA477E308EC73CF0D44087D05DA8D39C7BE425D30E_analysis-8.csv;user-a;2;794499746;false;0.35008020526951955;1.0;19.706167024518876;1;D
user-a_session-29AF06B372FD52129AAB65DA477E308EC73CF0D44087D05DA8D39C7BE425D30E_analysis-8.csv;user-a;2;-1925791287;false;0.38852598613371325;1.0;19.706167024518876;1;D
user-a_session-29AF06B372FD52129AAB65DA477E308EC73CF0D44087D05DA8D39C7BE425D30E_analysis-8.csv;user-a;2;-1184874232;false;0.31398693651712895;1.0;19.706167024518876;1;D
user-a_session-29AF06B372FD52129AAB65DA477E308EC73CF0D44087D05DA8D39C7BE425D30E_analysis-8.csv;user-a;2;462597389;false;0.30973488658633774;1.0;19.706167024518876;1;D
user-a_session-29AF06B372FD52129AAB65DA477E308EC73CF0D44087D05DA8D39C7BE425D30E_analysis-8.csv;user-a;2;-765413599;false;0.45673092839118457;1.0;19.706167024518876;1;D
user-a_session-29AF06B372FD52129AAB65DA477E308EC73CF0D44087D05DA8D39C7BE425D30E_analysis-8.csv;user-a;2;-1994194205;false;0.40325338029907665;1.0;19.706167024518876;1;D
user-a_session-29AF06B372FD52129AAB65DA477E308EC73CF0D44087D05DA8D39C7BE425D30E_analysis-8.csv;user-a;2;1527786133;false;0.45925860853630673;1.0;19.706167024518876;1;D
user-a_session-29AF06B372FD52129AAB65DA477E308EC73CF0D44087D05DA8D39C7BE425D30E_analysis-8.csv;user-a;2;2054134643;false;0.08581143311407469;1.0;19.706167024518876;1;D
user-a_session-29AF06B372FD52129AAB65DA477E308EC73CF0D44087D05DA8D39C7BE425D30E_analysis-8.csv;user-a;2;224269403;false;0.38094564737541703;1.0;19.706167024518876;1;D
user-a_session-29AF06B372FD52129AAB65DA477E308EC73CF0D44087D05DA8D39C7BE425D30E_analysis-8.csv;user-a;2;-1933044171;false;0.3873055882664189;1.0;19.706167024518876;1;D
user-a_session-29AF06B372FD52129AAB65DA477E308EC73CF0D44087D05DA8D39C7BE425D30E_analysis-8.csv;user-a;2;1228345934;false;0.4620743751248536;1.0;19.706167024518876;1;D
user-a_session-29AF06B372FD52129AAB65DA477E308EC73CF0D44087D05DA8D39C7BE425D30E_analysis-8.csv;user-a;2;-1928027335;false;0.40325338029907665;1.0;19.706167024518876;1;D
user-a_session-29AF06B372FD52129AAB65DA477E308EC73CF0D44087D05DA8D39C7BE425D30E_analysis-8.csv;user-a;2;-1301247007;false;0.279004837077248;1.0;19.706167024518876;1;D
user-a_session-29AF06B372FD52129AAB65DA477E308EC73CF0D44087D05DA8D39C7BE425D30E_analysis-8.csv;user-a;2;-1704141758;false;0.3185212210466768;1.0;19.706167024518876;1;D
user-a_session-29AF06B372FD52129AAB65DA477E308EC73CF0D44087D05DA8D39C7BE425D30E_analysis-8.csv;user-a;2;795612719;false;0.38094564737541703;1.0;19.706167024518876;1;D
user-a_session-29AF06B372FD52129AAB65DA477E308EC73CF0D44087D05DA8D39C7BE425D30E_analysis-8.csv;user-a;3;-1863764277;false;0.12410653949496198;1.0;26.847275101118715;1;D
user-a_session-29AF06B372FD52129AAB65DA477E308EC73CF0D44087D05DA8D39C7BE425D30E_analysis-8.csv;user-a;3;1312013787;false;0.28185143082538655;1.0;26.847275101118715;1;D
user-a_session-29AF06B372FD52129AAB65DA477E308EC73CF0D44087D05DA8D39C7BE425D30E_analysis-8.csv;user-a;3;7261785;false;0.28185143082538655;1.0;26.847275101118715;1;D
user-a_session-29AF06B372FD52129AAB65DA477E308EC73CF0D44087D05DA8D39C7BE425D30E_analysis-8.csv;user-a;4;834965662;true;NaN;1.0;Infinity;1;D
user-a_session-29AF06B372FD52129AAB65DA477E308EC73CF0D44087D05DA8D39C7BE425D30E_analysis-8.csv;user-a;5;893616524;true;0.23975006109347663;1.0;Infinity;1;D
user-a_session-29AF06B372FD52129AAB65DA477E308EC73CF0D44087D05DA8D39C7BE425D30E_analysis-8.csv;user-a;5;1381967761;true;0.23975006109347663;1.0;Infinity;1;D
user-a_session-29AF06B372FD52129AAB65DA477E308EC73CF0D44087D05DA8D39C7BE425D30E_analysis-8.csv;user-a;6;6960088;true;0.14754760499650033;1.0;26.402802332220535;1;D
user-a_session-29AF06B372FD52129AAB65DA477E308EC73CF0D44087D05DA8D39C7BE425D30E_analysis-8.csv;user-a;6;-395531327;true;0.4731876567161615;1.0;26.402802332220535;1;D
user-a_session-29AF06B372FD52129AAB65DA477E308EC73CF0D44087D05DA8D39C7BE425D30E_analysis-8.csv;user-a;6;-1034960112;true;0.4431551620249172;1.0;26.402802332220535;1;D
user-a_session-29AF06B372FD52129AAB65DA477E308EC73CF0D44087D05DA8D39C7BE425D30E_analysis-8.csv;user-a;6;-642939203;true;0.08162849756435908;1.0;26.402802332220535;1;D
user-a_session-29AF06B372FD52129AAB65DA477E308EC73CF0D44087D05DA8D39C7BE425D30E_analysis-8.csv;user-a;6;-1542441342;true;0.21976757688787296;1.0;26.402802332220535;1;D
user-a_session-29AF06B372FD52129AAB65DA477E308EC73CF0D44087D05DA8D39C7BE425D30E_analysis-8.csv;user-a;6;690895312;true;0.32306405066514465;1.0;22.072068991934202;1;D
user-a_session-29AF06B372FD52129AAB65DA477E308EC73CF0D44087D05DA8D39C7BE425D30E_analysis-8.csv;user-a;6;-1581242784;true;0.05438872280184015;1.0;26.402802332220535;1;D
user-a_session-29AF06B372FD52129AAB65DA477E308EC73CF0D44087D05DA8D39C7BE425D30E_analysis-8.csv;user-a;6;482155746;true;0.37549367765525943;1.0;26.402802332220535;1;D
user-a_session-29AF06B372FD52129AAB65DA477E308EC73CF0D44087D05DA8D39C7BE425D30E_analysis-8.csv;user-a;6;-1842386694;true;0.2280010831471625;1.0;26.402802332220535;1;D
user-a_session-29AF06B372FD52129AAB65DA477E308EC73CF0D44087D05DA8D39C7BE425D30E_analysis-8.csv;user-a;6;1867046083;true;0.03233829373292563;1.0;26.402802332220535;1;D
user-a_session-29AF06B372FD52129AAB65DA477E308EC73CF0D44087D05DA8D39C7BE425D30E_analysis-8.csv;user-a;6;-857774622;true;0.4818089761393496;1.0;26.402802332220535;1;D
user-a_session-29AF06B372FD52129AAB65DA477E308EC73CF0D44087D05DA8D39C7BE425D30E_analysis-8.csv;user-a;6;581912042;true;0.18925671179096204;1.0;26.402802332220535;1;D
user-a_session-29AF06B372FD52129AAB65DA477E308EC73CF0D44087D05DA8D39C7BE425D30E_analysis-8.csv;user-a;6;-1378993210;true;0.20012123385205838;1.0;26.402802332220535;1;D
user-a_session-29AF06B372FD52129AAB65DA477E308EC73CF0D44087D05DA8D39C7BE425D30E_analysis-8.csv;user-a;7;-1566371845;true;0.2635349077915867;1.0;Infinity;1;D
user-a_session-29AF06B372FD52129AAB65DA477E308EC73CF0D44087D05DA8D39C7BE425D30E_analysis-8.csv;user-a;7;-1675355115;true;0.144738557862502;1.0;Infinity;1;D
user-a_session-29AF06B372FD52129AAB65DA477E308EC73CF0D44087D05DA8D39C7BE425D30E_analysis-8.csv;user-a;7;658706929;true;0.1705923043347789;1.0;Infinity;1;D
user-a_session-29AF06B372FD52129AAB65DA477E308EC73CF0D44087D05DA8D39C7BE425D30E_analysis-8.csv;user-a;7;1179925517;true;0.41251394971935484;1.0;Infinity;1;D
user-a_session-29AF06B372FD52129AAB65DA477E308EC73CF0D44087D05DA8D39C7BE425D30E_analysis-8.csv;user-a;7;-1775111411;true;0.39535402334819203;1.0;Infinity;1;D
user-a_session-29AF06B372FD52129AAB65DA477E308EC73CF0D44087D05DA8D39C7BE425D30E_analysis-8.csv;user-a;7;1394760936;true;0.09765231793551743;1.0;Infinity;1;D
user-a_session-29AF06B372FD52129AAB65DA477E308EC73CF0D44087D05DA8D39C7BE425D30E_analysis-8.csv;user-a;7;1642168812;true;0.38601275007944347;1.0;Infinity;1;D
user-a_session-29AF06B372FD52129AAB65DA477E308EC73CF0D44087D05DA8D39C7BE425D30E_analysis-8.csv;user-a;7;2044660227;true;0.16166418056552434;1.0;Infinity;1;D
user-a_session-29AF06B372FD52129AAB65DA477E308EC73CF0D44087D05DA8D39C7BE425D30E_analysis-8.csv;user-a;7;-390221074;true;0.03689223627158611;1.0;Infinity;1;D
user-a_session-29AF06B372FD52129AAB65DA477E308EC73CF0D44087D05DA8D39C7BE425D30E_analysis-8.csv;user-a;7;195313445;true;0.2499244531500574;1.0;Infinity;1;D
user-a_session-29AF06B372FD52129AAB65DA477E308EC73CF0D44087D05DA8D39C7BE425D30E_analysis-8.csv;user-a;7;456457355;true;0.08863228406737433;1.0;Infinity;1;D
user-a_session-29AF06B372FD52129AAB65DA477E308EC73CF0D44087D05DA8D39C7BE425D30E_analysis-8.csv;user-a;7;495258797;true;0.13729393838709392;1.0;Infinity;1;D
user-a_session-29AF06B372FD52129AAB65DA477E308EC73CF0D44087D05DA8D39C7BE425D30E_analysis-8.csv;user-a;7;1002740027;true;0.411531079349438;1.0;Infinity;1;D
user-a_session-29AF06B372FD52129AAB65DA477E308EC73CF0D44087D05DA8D39C7BE425D30E_analysis-8.csv;user-a;8;-514414749;true;0.06792762456623413;1.0;31.733102744621622;1;D
user-a_session-29AF06B372FD52129AAB65DA477E308EC73CF0D44087D05DA8D39C7BE425D30E_analysis-8.csv;user-a;8;-775558659;true;0.4053279330296998;1.0;31.733102744621622;1;D
user-a_session-29AF06B372FD52129AAB65DA477E308EC73CF0D44087D05DA8D39C7BE425D30E_analysis-8.csv;user-a;8;-1361093178;true;0.03485957944784035;1.0;31.733102744621622;1;D
user-a_session-29AF06B372FD52129AAB65DA477E308EC73CF0D44087D05DA8D39C7BE425D30E_analysis-8.csv;user-a;8;209053413;true;0.45832566482457293;1.0;31.733102744621622;1;D
user-a_session-29AF06B372FD52129AAB65DA477E308EC73CF0D44087D05DA8D39C7BE425D30E_analysis-8.csv;user-a;8;671296708;true;0.43439262821924707;1.0;31.733102744621622;1;D
user-a_session-29AF06B372FD52129AAB65DA477E308EC73CF0D44087D05DA8D39C7BE425D30E_analysis-8.csv;user-a;8;-475613307;true;0.11164384268390526;1.0;31.733102744621622;1;D
user-a_session-29AF06B372FD52129AAB65DA477E308EC73CF0D44087D05DA8D39C7BE425D30E_analysis-8.csv;user-a;8;423888832;true;0.08619651646634374;1.0;31.733102744621622;1;D
user-a_session-29AF06B372FD52129AAB65DA477E308EC73CF0D44087D05DA8D39C7BE425D30E_analysis-8.csv;user-a;8;1548983781;true;0.3290448812757565;1.0;31.733102744621622;1;D
user-a_session-29AF06B372FD52129AAB65DA477E308EC73CF0D44087D05DA8D39C7BE425D30E_analysis-8.csv;user-a;8;1648740077;true;0.3050202392398017;1.0;31.733102744621622;1;D
user-a_session-29AF06B372FD52129AAB65DA477E308EC73CF0D44087D05DA8D39C7BE425D30E_analysis-8.csv;user-a;8;1757723347;true;0.2546478308875836;1.0;27.402369404335293;1;D
user-a_session-29AF06B372FD52129AAB65DA477E308EC73CF0D44087D05DA8D39C7BE425D30E_analysis-8.csv;user-a;8;-312165175;true;0.11660165842907522;1.0;31.733102744621622;1;D
user-a_session-29AF06B372FD52129AAB65DA477E308EC73CF0D44087D05DA8D39C7BE425D30E_analysis-8.csv;user-a;8;31867923;true;0.39086709807514364;1.0;31.733102744621622;1;D
user-a_session-29AF06B372FD52129AAB65DA477E308EC73CF0D44087D05DA8D39C7BE425D30E_analysis-8.csv;user-a;8;1073788123;true;0.20901206031004493;1.0;31.733102744621622;1;D
user-a_session-29AF06B372FD52129AAB65DA477E308EC73CF0D44087D05DA8D39C7BE425D30E_analysis-8.csv;user-a;9;1814684886;true;0.04086703696021732;1.0;31.66797051733009;1;D
user-a_session-29AF06B372FD52129AAB65DA477E308EC73CF0D44087D05DA8D39C7BE425D30E_analysis-8.csv;user-a;9;-910135819;true;0.4428574271490302;1.0;31.66797051733009;1;D
user-a_session-29AF06B372FD52129AAB65DA477E308EC73CF0D44087D05DA8D39C7BE425D30E_analysis-8.csv;user-a;9;-45401109;true;0.12347017302713681;1.0;31.66797051733009;1;D
user-a_session-29AF06B372FD52129AAB65DA477E308EC73CF0D44087D05DA8D39C7BE425D30E_analysis-8.csv;user-a;9;-1894747891;true;0.35075755261517194;1.0;31.66797051733009;1;D
user-a_session-29AF06B372FD52129AAB65DA477E308EC73CF0D44087D05DA8D39C7BE425D30E_analysis-8.csv;user-a;9;638534115;true;0.40843887732734696;1.0;27.337237177043757;1;D
user-a_session-29AF06B372FD52129AAB65DA477E308EC73CF0D44087D05DA8D39C7BE425D30E_analysis-8.csv;user-a;9;-1087321309;true;0.40070415711173124;1.0;31.66797051733009;1;D
user-a_session-29AF06B372FD52129AAB65DA477E308EC73CF0D44087D05DA8D39C7BE425D30E_analysis-8.csv;user-a;9;-1594802539;true;0.23618058893748628;1.0;31.66797051733009;1;D
user-a_session-29AF06B372FD52129AAB65DA477E308EC73CF0D44087D05DA8D39C7BE425D30E_analysis-8.csv;user-a;9;-1633603981;true;0.05251544257919172;1.0;31.66797051733009;1;D
user-a_session-29AF06B372FD52129AAB65DA477E308EC73CF0D44087D05DA8D39C7BE425D30E_analysis-8.csv;user-a;9;-695300400;true;0.07034623051900368;1.0;31.66797051733009;1;D
user-a_session-29AF06B372FD52129AAB65DA477E308EC73CF0D44087D05DA8D39C7BE425D30E_analysis-8.csv;user-a;9;-1431354407;true;0.12347017302713681;1.0;31.66797051733009;1;D
user-a_session-29AF06B372FD52129AAB65DA477E308EC73CF0D44087D05DA8D39C7BE425D30E_analysis-8.csv;user-a;9;529550845;true;0.2031474557454429;1.0;31.66797051733009;1;D
user-a_session-29AF06B372FD52129AAB65DA477E308EC73CF0D44087D05DA8D39C7BE425D30E_analysis-8.csv;user-a;9;-447892524;true;0.4952218324933487;1.0;31.66797051733009;1;D
user-a_session-29AF06B372FD52129AAB65DA477E308EC73CF0D44087D05DA8D39C7BE425D30E_analysis-8.csv;user-a;9;429794549;true;0.49203672597030723;1.0;31.66797051733009;1;D
user-a_session-29AF06B372FD52129AAB65DA477E308EC73CF0D44087D05DA8D39C7BE425D30E_analysis-8.csv;user-a;10;-235087303;true;0.41890443755183937;1.0;27.914745291345604;1;D
user-a_session-29AF06B372FD52129AAB65DA477E308EC73CF0D44087D05DA8D39C7BE425D30E_analysis-8.csv;user-a;10;1787741897;true;0.0377696968869663;1.0;32.24547863163193;1;D
user-a_session-29AF06B372FD52129AAB65DA477E308EC73CF0D44087D05DA8D39C7BE425D30E_analysis-8.csv;user-a;10;-443826869;true;0.314153787416074;1.0;32.24547863163193;1;D
user-a_session-29AF06B372FD52129AAB65DA477E308EC73CF0D44087D05DA8D39C7BE425D30E_analysis-8.csv;user-a;10;-1783757237;true;0.3290465701555889;1.0;32.24547863163193;1;D
user-a_session-29AF06B372FD52129AAB65DA477E308EC73CF0D44087D05DA8D39C7BE425D30E_analysis-8.csv;user-a;10;1989991471;true;0.2353043489487211;1.0;32.24547863163193;1;D
user-a_session-29AF06B372FD52129AAB65DA477E308EC73CF0D44087D05DA8D39C7BE425D30E_analysis-8.csv;user-a;10;-344070573;true;0.16543600828782878;1.0;32.24547863163193;1;D
user-a_session-29AF06B372FD52129AAB65DA477E308EC73CF0D44087D05DA8D39C7BE425D30E_analysis-8.csv;user-a;10;-1960942727;true;0.37075544354162515;1.0;32.24547863163193;1;D
user-a_session-29AF06B372FD52129AAB65DA477E308EC73CF0D44087D05DA8D39C7BE425D30E_analysis-8.csv;user-a;10;941063468;true;0.039024245925809886;1.0;32.24547863163193;1;D
user-a_session-29AF06B372FD52129AAB65DA477E308EC73CF0D44087D05DA8D39C7BE425D30E_analysis-8.csv;user-a;10;1526597987;true;0.19241638541252704;1.0;32.24547863163193;1;D
user-a_session-29AF06B372FD52129AAB65DA477E308EC73CF0D44087D05DA8D39C7BE425D30E_analysis-8.csv;user-a;10;-1568921818;true;0.07227614572055363;1.0;32.24547863163193;1;D
user-a_session-29AF06B372FD52129AAB65DA477E308EC73CF0D44087D05DA8D39C7BE425D30E_analysis-8.csv;user-a;10;1826543339;true;0.38130306918203305;1.0;32.24547863163193;1;D
user-a_session-29AF06B372FD52129AAB65DA477E308EC73CF0D44087D05DA8D39C7BE425D30E_analysis-8.csv;user-a;10;-1321513942;true;0.44057734353299816;1.0;32.24547863163193;1;D
user-a_session-29AF06B372FD52129AAB65DA477E308EC73CF0D44087D05DA8D39C7BE425D30E_analysis-8.csv;user-a;10;-919022527;true;0.20274066209902897;1.0;32.24547863163193;1;D
user-a_session-29AF06B372FD52129AAB65DA477E308EC73CF0D44087D05DA8D39C7BE425D30E_analysis-8.csv;user-a;11;-666217887;true;0.2894196546425375;1.0;26.22746400902076;0;D
user-a_session-29AF06B372FD52129AAB65DA477E308EC73CF0D44087D05DA8D39C7BE425D30E_analysis-8.csv;user-a;11;-1350153111;true;0.12528708700914226;1.0;29.8781222503145;0;D
user-a_session-29AF06B372FD52129AAB65DA477E308EC73CF0D44087D05DA8D39C7BE425D30E_analysis-8.csv;user-a;11;1356611313;true;0.06992518253163094;1.0;29.8781222503145;0;D
user-a_session-29AF06B372FD52129AAB65DA477E308EC73CF0D44087D05DA8D39C7BE425D30E_analysis-8.csv;user-a;11;-775201157;true;0.20773310243596022;1.0;29.8781222503145;0;D
user-a_session-29AF06B372FD52129AAB65DA477E308EC73CF0D44087D05DA8D39C7BE425D30E_analysis-8.csv;user-a;11;2080079475;true;0.4322037872546791;1.0;29.8781222503145;0;D
user-a_session-29AF06B372FD52129AAB65DA477E308EC73CF0D44087D05DA8D39C7BE425D30E_analysis-8.csv;user-a;11;-874957453;true;0.4137538352193968;1.0;29.8781222503145;0;D
user-a_session-29AF06B372FD52129AAB65DA477E308EC73CF0D44087D05DA8D39C7BE425D30E_analysis-8.csv;user-a;11;1558860887;true;0.1932016837161472;1.0;29.8781222503145;0;D
user-a_session-29AF06B372FD52129AAB65DA477E308EC73CF0D44087D05DA8D39C7BE425D30E_analysis-8.csv;user-a;11;-1752644526;true;0.4976857582434322;1.0;29.8781222503145;0;D
user-a_session-29AF06B372FD52129AAB65DA477E308EC73CF0D44087D05DA8D39C7BE425D30E_analysis-8.csv;user-a;11;1095467403;true;0.19260585341170688;1.0;29.8781222503145;0;D
user-a_session-29AF06B372FD52129AAB65DA477E308EC73CF0D44087D05DA8D39C7BE425D30E_analysis-8.csv;user-a;11;509932884;true;0.04388316663582659;1.0;29.8781222503145;0;D
user-a_session-29AF06B372FD52129AAB65DA477E308EC73CF0D44087D05DA8D39C7BE425D30E_analysis-8.csv;user-a;11;-2000052402;true;0.06409152643954075;1.0;29.8781222503145;0;D
user-a_session-29AF06B372FD52129AAB65DA477E308EC73CF0D44087D05DA8D39C7BE425D30E_analysis-8.csv;user-a;11;1395412755;true;0.21666842951602439;1.0;29.8781222503145;0;D
user-a_session-29AF06B372FD52129AAB65DA477E308EC73CF0D44087D05DA8D39C7BE425D30E_analysis-8.csv;user-a;11;1902893985;true;0.3729199764658018;1.0;29.8781222503145;0;D
