session ;user;query position;cell hashcode;novelty;outlierness;relevance;surprise;query label;session label
user-a_session-29AF06B372FD52129AAB65DA477E308EC73CF0D44087D05DA8D39C7BE425D30E_analysis-11.csv;user-a;1;-1932430166;true;0.11553408414414745;0.0;Infinity;1;A
user-a_session-29AF06B372FD52129AAB65DA477E308EC73CF0D44087D05DA8D39C7BE425D30E_analysis-11.csv;user-a;1;1828983515;true;0.2136419865627157;0.0;Infinity;1;A
user-a_session-29AF06B372FD52129AAB65DA477E308EC73CF0D44087D05DA8D39C7BE425D30E_analysis-11.csv;user-a;1;938365628;true;0.31663539654050255;0.0;Infinity;1;A
user-a_session-29AF06B372FD52129AAB65DA477E308EC73CF0D44087D05DA8D39C7BE425D30E_analysis-11.csv;user-a;1;-1426051237;true;0.1876260825116598;0.0;Infinity;1;A
user-a_session-29AF06B372FD52129AAB65DA477E308EC73CF0D44087D05DA8D39C7BE425D30E_analysis-11.csv;user-a;1;495467645;true;0.16851689500562594;0.0;Infinity;1;A
