session ;user;query position;cell hashcode;novelty;outlierness;relevance;surprise;query label;session label
user-I072507_session-F043B57DC27CD5351F4A04F235EF7934EE1AF057E1FE9AB3350C0712A46AA23F_analysis-2.csv;user-I072507;1;-150903573;true;0.48184421018458246;0.0;Infinity;0;A
user-I072507_session-F043B57DC27CD5351F4A04F235EF7934EE1AF057E1FE9AB3350C0712A46AA23F_analysis-2.csv;user-I072507;1;294023950;true;0.002564734411796832;0.0;Infinity;0;A
user-I072507_session-F043B57DC27CD5351F4A04F235EF7934EE1AF057E1FE9AB3350C0712A46AA23F_analysis-2.csv;user-I072507;1;-1233814673;true;0.25309352065839585;0.0;Infinity;0;A
user-I072507_session-F043B57DC27CD5351F4A04F235EF7934EE1AF057E1FE9AB3350C0712A46AA23F_analysis-2.csv;user-I072507;1;-1305791978;true;0.1622086170357646;0.0;Infinity;0;A
user-I072507_session-F043B57DC27CD5351F4A04F235EF7934EE1AF057E1FE9AB3350C0712A46AA23F_analysis-2.csv;user-I072507;1;-868021436;true;2.1505610285532661E-4;0.0;Infinity;0;A
user-I072507_session-F043B57DC27CD5351F4A04F235EF7934EE1AF057E1FE9AB3350C0712A46AA23F_analysis-2.csv;user-I072507;1;1411919293;true;0.31821899632830775;0.0;Infinity;0;A
user-I072507_session-F043B57DC27CD5351F4A04F235EF7934EE1AF057E1FE9AB3350C0712A46AA23F_analysis-2.csv;user-I072507;1;927081691;true;0.23102350359988133;0.0;Infinity;0;A
user-I072507_session-F043B57DC27CD5351F4A04F235EF7934EE1AF057E1FE9AB3350C0712A46AA23F_analysis-2.csv;user-I072507;1;746136306;true;0.4364953555521207;0.0;Infinity;0;A
user-I072507_session-F043B57DC27CD5351F4A04F235EF7934EE1AF057E1FE9AB3350C0712A46AA23F_analysis-2.csv;user-I072507;1;-1523183883;true;0.24300964602341824;0.0;Infinity;0;A
user-I072507_session-F043B57DC27CD5351F4A04F235EF7934EE1AF057E1FE9AB3350C0712A46AA23F_analysis-2.csv;user-I072507;1;719857075;true;0.2522680166733996;0.0;Infinity;0;A
user-I072507_session-F043B57DC27CD5351F4A04F235EF7934EE1AF057E1FE9AB3350C0712A46AA23F_analysis-2.csv;user-I072507;1;-334781409;true;0.4624745457921057;0.0;Infinity;0;A
user-I072507_session-F043B57DC27CD5351F4A04F235EF7934EE1AF057E1FE9AB3350C0712A46AA23F_analysis-2.csv;user-I072507;1;-1518149585;true;0.36278910022683253;0.0;Infinity;0;A
user-I072507_session-F043B57DC27CD5351F4A04F235EF7934EE1AF057E1FE9AB3350C0712A46AA23F_analysis-2.csv;user-I072507;1;-926473324;true;0.4430723458788297;0.0;Infinity;0;A
user-I072507_session-F043B57DC27CD5351F4A04F235EF7934EE1AF057E1FE9AB3350C0712A46AA23F_analysis-2.csv;user-I072507;1;372995475;true;0.34732419779480417;0.0;Infinity;0;A
user-I072507_session-F043B57DC27CD5351F4A04F235EF7934EE1AF057E1FE9AB3350C0712A46AA23F_analysis-2.csv;user-I072507;1;1677058920;true;0.3660667727406063;0.0;Infinity;0;A
user-I072507_session-F043B57DC27CD5351F4A04F235EF7934EE1AF057E1FE9AB3350C0712A46AA23F_analysis-2.csv;user-I072507;1;-299166661;true;0.3796845760746096;0.0;Infinity;0;A
user-I072507_session-F043B57DC27CD5351F4A04F235EF7934EE1AF057E1FE9AB3350C0712A46AA23F_analysis-2.csv;user-I072507;1;-254634929;true;0.31315802062285325;0.0;Infinity;0;A
user-I072507_session-F043B57DC27CD5351F4A04F235EF7934EE1AF057E1FE9AB3350C0712A46AA23F_analysis-2.csv;user-I072507;1;-1668355621;true;0.28949142017023943;0.0;Infinity;0;A
user-I072507_session-F043B57DC27CD5351F4A04F235EF7934EE1AF057E1FE9AB3350C0712A46AA23F_analysis-2.csv;user-I072507;1;-945318986;true;0.3902936808492776;0.0;Infinity;0;A
user-I072507_session-F043B57DC27CD5351F4A04F235EF7934EE1AF057E1FE9AB3350C0712A46AA23F_analysis-2.csv;user-I072507;1;-417702922;true;0.49679111010170207;0.0;Infinity;0;A
user-I072507_session-F043B57DC27CD5351F4A04F235EF7934EE1AF057E1FE9AB3350C0712A46AA23F_analysis-2.csv;user-I072507;1;-1264403087;true;0.3166595409472259;0.0;Infinity;0;A
user-I072507_session-F043B57DC27CD5351F4A04F235EF7934EE1AF057E1FE9AB3350C0712A46AA23F_analysis-2.csv;user-I072507;1;-729944151;true;0.3936224011966539;0.0;Infinity;0;A
user-I072507_session-F043B57DC27CD5351F4A04F235EF7934EE1AF057E1FE9AB3350C0712A46AA23F_analysis-2.csv;user-I072507;1;-650640695;true;0.49874697312581673;0.0;Infinity;0;A
user-I072507_session-F043B57DC27CD5351F4A04F235EF7934EE1AF057E1FE9AB3350C0712A46AA23F_analysis-2.csv;user-I072507;1;2106209324;true;0.32463109448320493;0.0;Infinity;0;A
user-I072507_session-F043B57DC27CD5351F4A04F235EF7934EE1AF057E1FE9AB3350C0712A46AA23F_analysis-2.csv;user-I072507;1;1004842708;true;0.25541755271317745;0.0;Infinity;0;A
user-I072507_session-F043B57DC27CD5351F4A04F235EF7934EE1AF057E1FE9AB3350C0712A46AA23F_analysis-2.csv;user-I072507;1;-184289643;true;0.24390977743518238;0.0;Infinity;0;A
user-I072507_session-F043B57DC27CD5351F4A04F235EF7934EE1AF057E1FE9AB3350C0712A46AA23F_analysis-2.csv;user-I072507;1;988513178;true;0.20873645463824864;0.0;Infinity;0;A
user-I072507_session-F043B57DC27CD5351F4A04F235EF7934EE1AF057E1FE9AB3350C0712A46AA23F_analysis-2.csv;user-I072507;1;654998559;true;0.2831865407134422;0.0;Infinity;0;A
user-I072507_session-F043B57DC27CD5351F4A04F235EF7934EE1AF057E1FE9AB3350C0712A46AA23F_analysis-2.csv;user-I072507;1;-439328845;true;0.4769958619951765;0.0;Infinity;0;A
user-I072507_session-F043B57DC27CD5351F4A04F235EF7934EE1AF057E1FE9AB3350C0712A46AA23F_analysis-2.csv;user-I072507;1;1477761439;true;0.4024939761141392;0.0;Infinity;0;A
user-I072507_session-F043B57DC27CD5351F4A04F235EF7934EE1AF057E1FE9AB3350C0712A46AA23F_analysis-2.csv;user-I072507;1;435114044;true;0.04948484172289702;0.0;Infinity;0;A
user-I072507_session-F043B57DC27CD5351F4A04F235EF7934EE1AF057E1FE9AB3350C0712A46AA23F_analysis-2.csv;user-I072507;1;-1155927549;true;0.23288659710894322;0.0;Infinity;0;A
user-I072507_session-F043B57DC27CD5351F4A04F235EF7934EE1AF057E1FE9AB3350C0712A46AA23F_analysis-2.csv;user-I072507;1;613170521;true;0.4521207958600588;0.0;Infinity;0;A
user-I072507_session-F043B57DC27CD5351F4A04F235EF7934EE1AF057E1FE9AB3350C0712A46AA23F_analysis-2.csv;user-I072507;1;-2107191342;true;0.4881733956665869;0.0;Infinity;0;A
user-I072507_session-F043B57DC27CD5351F4A04F235EF7934EE1AF057E1FE9AB3350C0712A46AA23F_analysis-2.csv;user-I072507;1;30575419;true;0.3298157606037798;0.0;Infinity;0;A
user-I072507_session-F043B57DC27CD5351F4A04F235EF7934EE1AF057E1FE9AB3350C0712A46AA23F_analysis-2.csv;user-I072507;1;1545986549;true;0.38086590645340357;0.0;Infinity;0;A
user-I072507_session-F043B57DC27CD5351F4A04F235EF7934EE1AF057E1FE9AB3350C0712A46AA23F_analysis-2.csv;user-I072507;1;1683632254;true;0.40483147993512225;0.0;Infinity;0;A
user-I072507_session-F043B57DC27CD5351F4A04F235EF7934EE1AF057E1FE9AB3350C0712A46AA23F_analysis-2.csv;user-I072507;1;1135752078;true;0.236911300676383;0.0;Infinity;0;A
user-I072507_session-F043B57DC27CD5351F4A04F235EF7934EE1AF057E1FE9AB3350C0712A46AA23F_analysis-2.csv;user-I072507;1;1345619728;true;0.33038553098441015;0.0;Infinity;0;A
user-I072507_session-F043B57DC27CD5351F4A04F235EF7934EE1AF057E1FE9AB3350C0712A46AA23F_analysis-2.csv;user-I072507;1;-1227332881;true;0.3271574268413092;0.0;Infinity;0;A
user-I072507_session-F043B57DC27CD5351F4A04F235EF7934EE1AF057E1FE9AB3350C0712A46AA23F_analysis-2.csv;user-I072507;1;362151793;true;1.7116086326041113E-11;0.0;Infinity;0;A
user-I072507_session-F043B57DC27CD5351F4A04F235EF7934EE1AF057E1FE9AB3350C0712A46AA23F_analysis-2.csv;user-I072507;1;582036308;true;0.492672737813428;0.0;Infinity;0;A
user-I072507_session-F043B57DC27CD5351F4A04F235EF7934EE1AF057E1FE9AB3350C0712A46AA23F_analysis-2.csv;user-I072507;1;-1894525687;true;0.034747319766891716;0.0;Infinity;0;A
user-I072507_session-F043B57DC27CD5351F4A04F235EF7934EE1AF057E1FE9AB3350C0712A46AA23F_analysis-2.csv;user-I072507;1;1838179132;true;0.3735893448991986;0.0;Infinity;0;A
user-I072507_session-F043B57DC27CD5351F4A04F235EF7934EE1AF057E1FE9AB3350C0712A46AA23F_analysis-2.csv;user-I072507;1;-1551936607;true;0.0018088456526152985;0.0;Infinity;0;A
user-I072507_session-F043B57DC27CD5351F4A04F235EF7934EE1AF057E1FE9AB3350C0712A46AA23F_analysis-2.csv;user-I072507;1;1626743752;true;0.20582424281819;0.0;Infinity;0;A
user-I072507_session-F043B57DC27CD5351F4A04F235EF7934EE1AF057E1FE9AB3350C0712A46AA23F_analysis-2.csv;user-I072507;1;-1487856170;true;0.0015799045344655482;0.0;Infinity;0;A
user-I072507_session-F043B57DC27CD5351F4A04F235EF7934EE1AF057E1FE9AB3350C0712A46AA23F_analysis-2.csv;user-I072507;1;890991762;true;0.30470882167423086;0.0;Infinity;0;A
user-I072507_session-F043B57DC27CD5351F4A04F235EF7934EE1AF057E1FE9AB3350C0712A46AA23F_analysis-2.csv;user-I072507;1;1591752966;true;0.3058079449311598;0.0;Infinity;0;A
user-I072507_session-F043B57DC27CD5351F4A04F235EF7934EE1AF057E1FE9AB3350C0712A46AA23F_analysis-2.csv;user-I072507;1;712093863;true;0.25585825642761784;0.0;Infinity;0;A
user-I072507_session-F043B57DC27CD5351F4A04F235EF7934EE1AF057E1FE9AB3350C0712A46AA23F_analysis-2.csv;user-I072507;1;782439149;true;0.23009380954508674;0.0;Infinity;0;A
user-I072507_session-F043B57DC27CD5351F4A04F235EF7934EE1AF057E1FE9AB3350C0712A46AA23F_analysis-2.csv;user-I072507;1;672939927;true;0.3518327821128986;0.0;Infinity;0;A
user-I072507_session-F043B57DC27CD5351F4A04F235EF7934EE1AF057E1FE9AB3350C0712A46AA23F_analysis-2.csv;user-I072507;1;-1232759341;true;0.46727910361134095;0.0;Infinity;0;A
user-I072507_session-F043B57DC27CD5351F4A04F235EF7934EE1AF057E1FE9AB3350C0712A46AA23F_analysis-2.csv;user-I072507;1;1618948800;true;0.261323200555731;0.0;Infinity;0;A
user-I072507_session-F043B57DC27CD5351F4A04F235EF7934EE1AF057E1FE9AB3350C0712A46AA23F_analysis-2.csv;user-I072507;1;1413681002;true;0.4081956600802371;0.0;Infinity;0;A
user-I072507_session-F043B57DC27CD5351F4A04F235EF7934EE1AF057E1FE9AB3350C0712A46AA23F_analysis-2.csv;user-I072507;1;837189617;true;0.21399792781029114;0.0;Infinity;0;A
user-I072507_session-F043B57DC27CD5351F4A04F235EF7934EE1AF057E1FE9AB3350C0712A46AA23F_analysis-2.csv;user-I072507;1;-1600227778;true;0.3566079883593445;0.0;Infinity;0;A
user-I072507_session-F043B57DC27CD5351F4A04F235EF7934EE1AF057E1FE9AB3350C0712A46AA23F_analysis-2.csv;user-I072507;1;1258921661;true;0.4244524441243259;0.0;Infinity;0;A
user-I072507_session-F043B57DC27CD5351F4A04F235EF7934EE1AF057E1FE9AB3350C0712A46AA23F_analysis-2.csv;user-I072507;1;442722455;true;0.3706050288973184;0.0;Infinity;0;A
user-I072507_session-F043B57DC27CD5351F4A04F235EF7934EE1AF057E1FE9AB3350C0712A46AA23F_analysis-2.csv;user-I072507;1;1031245830;true;0.19085016042899006;0.0;Infinity;0;A
user-I072507_session-F043B57DC27CD5351F4A04F235EF7934EE1AF057E1FE9AB3350C0712A46AA23F_analysis-2.csv;user-I072507;1;896777537;true;0.35420281189354685;0.0;Infinity;0;A
user-I072507_session-F043B57DC27CD5351F4A04F235EF7934EE1AF057E1FE9AB3350C0712A46AA23F_analysis-2.csv;user-I072507;1;1689294086;true;0.23728018514746518;0.0;Infinity;0;A
user-I072507_session-F043B57DC27CD5351F4A04F235EF7934EE1AF057E1FE9AB3350C0712A46AA23F_analysis-2.csv;user-I072507;1;-411732605;true;0.41830733308069834;0.0;Infinity;0;A
user-I072507_session-F043B57DC27CD5351F4A04F235EF7934EE1AF057E1FE9AB3350C0712A46AA23F_analysis-2.csv;user-I072507;1;-1058188527;true;0.30088039064978145;0.0;Infinity;0;A
user-I072507_session-F043B57DC27CD5351F4A04F235EF7934EE1AF057E1FE9AB3350C0712A46AA23F_analysis-2.csv;user-I072507;1;-1089919134;true;0.3184259139443454;0.0;Infinity;0;A
user-I072507_session-F043B57DC27CD5351F4A04F235EF7934EE1AF057E1FE9AB3350C0712A46AA23F_analysis-2.csv;user-I072507;1;882192102;true;0.2822238076821413;0.0;Infinity;0;A
user-I072507_session-F043B57DC27CD5351F4A04F235EF7934EE1AF057E1FE9AB3350C0712A46AA23F_analysis-2.csv;user-I072507;1;-371201002;true;0.25293910380943263;0.0;Infinity;0;A
user-I072507_session-F043B57DC27CD5351F4A04F235EF7934EE1AF057E1FE9AB3350C0712A46AA23F_analysis-2.csv;user-I072507;1;-85391751;true;0.4123840335638401;0.0;Infinity;0;A
user-I072507_session-F043B57DC27CD5351F4A04F235EF7934EE1AF057E1FE9AB3350C0712A46AA23F_analysis-2.csv;user-I072507;1;818029511;true;0.4882015772195134;0.0;Infinity;0;A
user-I072507_session-F043B57DC27CD5351F4A04F235EF7934EE1AF057E1FE9AB3350C0712A46AA23F_analysis-2.csv;user-I072507;1;-1196275244;true;0.3284235782204483;0.0;Infinity;0;A
user-I072507_session-F043B57DC27CD5351F4A04F235EF7934EE1AF057E1FE9AB3350C0712A46AA23F_analysis-2.csv;user-I072507;1;-1327917511;true;0.2613060564716483;0.0;Infinity;0;A
user-I072507_session-F043B57DC27CD5351F4A04F235EF7934EE1AF057E1FE9AB3350C0712A46AA23F_analysis-2.csv;user-I072507;1;-586560258;true;0.49028290019230214;0.0;Infinity;0;A
user-I072507_session-F043B57DC27CD5351F4A04F235EF7934EE1AF057E1FE9AB3350C0712A46AA23F_analysis-2.csv;user-I072507;1;-1269623907;true;0.45870410651253013;0.0;Infinity;0;A
user-I072507_session-F043B57DC27CD5351F4A04F235EF7934EE1AF057E1FE9AB3350C0712A46AA23F_analysis-2.csv;user-I072507;1;1159647160;true;0.4860608712148522;0.0;Infinity;0;A
user-I072507_session-F043B57DC27CD5351F4A04F235EF7934EE1AF057E1FE9AB3350C0712A46AA23F_analysis-2.csv;user-I072507;1;1901966703;true;0.456351528352817;0.0;Infinity;0;A
user-I072507_session-F043B57DC27CD5351F4A04F235EF7934EE1AF057E1FE9AB3350C0712A46AA23F_analysis-2.csv;user-I072507;1;-2099284749;true;0.22205670713605352;0.0;Infinity;0;A
user-I072507_session-F043B57DC27CD5351F4A04F235EF7934EE1AF057E1FE9AB3350C0712A46AA23F_analysis-2.csv;user-I072507;1;1619551817;true;0.4243975201130977;0.0;Infinity;0;A
user-I072507_session-F043B57DC27CD5351F4A04F235EF7934EE1AF057E1FE9AB3350C0712A46AA23F_analysis-2.csv;user-I072507;1;1604096669;true;0.33720332641366757;0.0;Infinity;0;A
user-I072507_session-F043B57DC27CD5351F4A04F235EF7934EE1AF057E1FE9AB3350C0712A46AA23F_analysis-2.csv;user-I072507;1;-602187639;true;0.23574385752348448;0.0;Infinity;0;A
user-I072507_session-F043B57DC27CD5351F4A04F235EF7934EE1AF057E1FE9AB3350C0712A46AA23F_analysis-2.csv;user-I072507;1;-1382093789;true;0.20525656769379463;0.0;Infinity;0;A
user-I072507_session-F043B57DC27CD5351F4A04F235EF7934EE1AF057E1FE9AB3350C0712A46AA23F_analysis-2.csv;user-I072507;1;1371082540;true;0.3078909005102285;0.0;Infinity;0;A
user-I072507_session-F043B57DC27CD5351F4A04F235EF7934EE1AF057E1FE9AB3350C0712A46AA23F_analysis-2.csv;user-I072507;1;378642018;true;0.13231225988556528;0.0;Infinity;0;A
user-I072507_session-F043B57DC27CD5351F4A04F235EF7934EE1AF057E1FE9AB3350C0712A46AA23F_analysis-2.csv;user-I072507;1;-1235446692;true;0.4089020857973007;0.0;Infinity;0;A
user-I072507_session-F043B57DC27CD5351F4A04F235EF7934EE1AF057E1FE9AB3350C0712A46AA23F_analysis-2.csv;user-I072507;1;1303031053;true;0.38079880845212377;0.0;Infinity;0;A
user-I072507_session-F043B57DC27CD5351F4A04F235EF7934EE1AF057E1FE9AB3350C0712A46AA23F_analysis-2.csv;user-I072507;1;-1139689643;true;0.46452696274406424;0.0;Infinity;0;A
user-I072507_session-F043B57DC27CD5351F4A04F235EF7934EE1AF057E1FE9AB3350C0712A46AA23F_analysis-2.csv;user-I072507;1;777077798;true;0.3147569182025146;0.0;Infinity;0;A
user-I072507_session-F043B57DC27CD5351F4A04F235EF7934EE1AF057E1FE9AB3350C0712A46AA23F_analysis-2.csv;user-I072507;1;1405146269;true;0.07009835737389314;0.0;Infinity;0;A
user-I072507_session-F043B57DC27CD5351F4A04F235EF7934EE1AF057E1FE9AB3350C0712A46AA23F_analysis-2.csv;user-I072507;1;-227893465;true;0.2832400720453856;0.0;Infinity;0;A
user-I072507_session-F043B57DC27CD5351F4A04F235EF7934EE1AF057E1FE9AB3350C0712A46AA23F_analysis-2.csv;user-I072507;1;-395725023;true;0.3794839193566949;0.0;Infinity;0;A
user-I072507_session-F043B57DC27CD5351F4A04F235EF7934EE1AF057E1FE9AB3350C0712A46AA23F_analysis-2.csv;user-I072507;1;-87731281;true;0.24424882402182868;0.0;Infinity;0;A
user-I072507_session-F043B57DC27CD5351F4A04F235EF7934EE1AF057E1FE9AB3350C0712A46AA23F_analysis-2.csv;user-I072507;1;1622937745;true;0.41615377431547085;0.0;Infinity;0;A
user-I072507_session-F043B57DC27CD5351F4A04F235EF7934EE1AF057E1FE9AB3350C0712A46AA23F_analysis-2.csv;user-I072507;1;863752614;true;0.27714249348259756;0.0;Infinity;0;A
user-I072507_session-F043B57DC27CD5351F4A04F235EF7934EE1AF057E1FE9AB3350C0712A46AA23F_analysis-2.csv;user-I072507;1;-1025838697;true;0.309970765857986;0.0;Infinity;0;A
user-I072507_session-F043B57DC27CD5351F4A04F235EF7934EE1AF057E1FE9AB3350C0712A46AA23F_analysis-2.csv;user-I072507;1;-1962653530;true;0.3875923135371723;0.0;Infinity;0;A
user-I072507_session-F043B57DC27CD5351F4A04F235EF7934EE1AF057E1FE9AB3350C0712A46AA23F_analysis-2.csv;user-I072507;1;667901017;true;0.008405021288346415;0.0;Infinity;0;A
user-I072507_session-F043B57DC27CD5351F4A04F235EF7934EE1AF057E1FE9AB3350C0712A46AA23F_analysis-2.csv;user-I072507;1;513908465;true;0.34587468880202255;0.0;Infinity;0;A
user-I072507_session-F043B57DC27CD5351F4A04F235EF7934EE1AF057E1FE9AB3350C0712A46AA23F_analysis-2.csv;user-I072507;1;401735141;true;0.011751477957219647;0.0;Infinity;0;A
user-I072507_session-F043B57DC27CD5351F4A04F235EF7934EE1AF057E1FE9AB3350C0712A46AA23F_analysis-2.csv;user-I072507;1;599773174;true;0.3092521596189538;0.0;Infinity;0;A
user-I072507_session-F043B57DC27CD5351F4A04F235EF7934EE1AF057E1FE9AB3350C0712A46AA23F_analysis-2.csv;user-I072507;1;1331883912;true;0.30428442171827963;0.0;Infinity;0;A
user-I072507_session-F043B57DC27CD5351F4A04F235EF7934EE1AF057E1FE9AB3350C0712A46AA23F_analysis-2.csv;user-I072507;1;1071671641;true;0.23026741622429037;0.0;Infinity;0;A
user-I072507_session-F043B57DC27CD5351F4A04F235EF7934EE1AF057E1FE9AB3350C0712A46AA23F_analysis-2.csv;user-I072507;1;693882080;true;0.2665097008851902;0.0;Infinity;0;A
user-I072507_session-F043B57DC27CD5351F4A04F235EF7934EE1AF057E1FE9AB3350C0712A46AA23F_analysis-2.csv;user-I072507;1;958493913;true;0.055572646287659566;0.0;Infinity;0;A
user-I072507_session-F043B57DC27CD5351F4A04F235EF7934EE1AF057E1FE9AB3350C0712A46AA23F_analysis-2.csv;user-I072507;1;787984918;true;0.3479962057217123;0.0;Infinity;0;A
user-I072507_session-F043B57DC27CD5351F4A04F235EF7934EE1AF057E1FE9AB3350C0712A46AA23F_analysis-2.csv;user-I072507;1;542825235;true;0.055004395431932585;0.0;Infinity;0;A
user-I072507_session-F043B57DC27CD5351F4A04F235EF7934EE1AF057E1FE9AB3350C0712A46AA23F_analysis-2.csv;user-I072507;1;-1052967707;true;0.23422920146207882;0.0;Infinity;0;A
user-I072507_session-F043B57DC27CD5351F4A04F235EF7934EE1AF057E1FE9AB3350C0712A46AA23F_analysis-2.csv;user-I072507;1;1747404206;true;0.28796073919974474;0.0;Infinity;0;A
user-I072507_session-F043B57DC27CD5351F4A04F235EF7934EE1AF057E1FE9AB3350C0712A46AA23F_analysis-2.csv;user-I072507;1;-794024588;true;0.4678031407074845;0.0;Infinity;0;A
user-I072507_session-F043B57DC27CD5351F4A04F235EF7934EE1AF057E1FE9AB3350C0712A46AA23F_analysis-2.csv;user-I072507;1;-1382667979;true;0.35827040554810985;0.0;Infinity;0;A
user-I072507_session-F043B57DC27CD5351F4A04F235EF7934EE1AF057E1FE9AB3350C0712A46AA23F_analysis-2.csv;user-I072507;1;1138517071;true;0.2128552650417883;0.0;Infinity;0;A
user-I072507_session-F043B57DC27CD5351F4A04F235EF7934EE1AF057E1FE9AB3350C0712A46AA23F_analysis-2.csv;user-I072507;1;-962509620;true;0.20479969188616476;0.0;Infinity;0;A
user-I072507_session-F043B57DC27CD5351F4A04F235EF7934EE1AF057E1FE9AB3350C0712A46AA23F_analysis-2.csv;user-I072507;1;797922064;true;0.45455747097383825;0.0;Infinity;0;A
user-I072507_session-F043B57DC27CD5351F4A04F235EF7934EE1AF057E1FE9AB3350C0712A46AA23F_analysis-2.csv;user-I072507;1;505459330;true;0.44531435307164524;0.0;Infinity;0;A
user-I072507_session-F043B57DC27CD5351F4A04F235EF7934EE1AF057E1FE9AB3350C0712A46AA23F_analysis-2.csv;user-I072507;1;-733883606;true;0.2616490478986083;0.0;Infinity;0;A
user-I072507_session-F043B57DC27CD5351F4A04F235EF7934EE1AF057E1FE9AB3350C0712A46AA23F_analysis-2.csv;user-I072507;1;584430855;true;0.2500680473829203;0.0;Infinity;0;A
user-I072507_session-F043B57DC27CD5351F4A04F235EF7934EE1AF057E1FE9AB3350C0712A46AA23F_analysis-2.csv;user-I072507;1;1270829199;true;0.475620753151072;0.0;Infinity;0;A
user-I072507_session-F043B57DC27CD5351F4A04F235EF7934EE1AF057E1FE9AB3350C0712A46AA23F_analysis-2.csv;user-I072507;1;1338957042;true;0.288362678273534;0.0;Infinity;0;A
user-I072507_session-F043B57DC27CD5351F4A04F235EF7934EE1AF057E1FE9AB3350C0712A46AA23F_analysis-2.csv;user-I072507;1;682055869;true;0.47501916681447487;0.0;Infinity;0;A
user-I072507_session-F043B57DC27CD5351F4A04F235EF7934EE1AF057E1FE9AB3350C0712A46AA23F_analysis-2.csv;user-I072507;1;-1296839778;true;0.47839939733580383;0.0;Infinity;0;A
user-I072507_session-F043B57DC27CD5351F4A04F235EF7934EE1AF057E1FE9AB3350C0712A46AA23F_analysis-2.csv;user-I072507;1;1536090873;true;0.25767609042891504;0.0;Infinity;0;A
user-I072507_session-F043B57DC27CD5351F4A04F235EF7934EE1AF057E1FE9AB3350C0712A46AA23F_analysis-2.csv;user-I072507;1;-2027962727;true;0.43451318875988765;0.0;Infinity;0;A
user-I072507_session-F043B57DC27CD5351F4A04F235EF7934EE1AF057E1FE9AB3350C0712A46AA23F_analysis-2.csv;user-I072507;1;1766245282;true;0.23582500702630937;0.0;Infinity;0;A
user-I072507_session-F043B57DC27CD5351F4A04F235EF7934EE1AF057E1FE9AB3350C0712A46AA23F_analysis-2.csv;user-I072507;1;-1125022054;true;0.3439422882597306;0.0;Infinity;0;A
user-I072507_session-F043B57DC27CD5351F4A04F235EF7934EE1AF057E1FE9AB3350C0712A46AA23F_analysis-2.csv;user-I072507;1;-1595567361;true;7.977931453921894E-4;0.0;Infinity;0;A
user-I072507_session-F043B57DC27CD5351F4A04F235EF7934EE1AF057E1FE9AB3350C0712A46AA23F_analysis-2.csv;user-I072507;1;-1112513513;true;0.353095435538867;0.0;Infinity;0;A
user-I072507_session-F043B57DC27CD5351F4A04F235EF7934EE1AF057E1FE9AB3350C0712A46AA23F_analysis-2.csv;user-I072507;1;-1751218150;true;0.29864501138108535;0.0;Infinity;0;A
user-I072507_session-F043B57DC27CD5351F4A04F235EF7934EE1AF057E1FE9AB3350C0712A46AA23F_analysis-2.csv;user-I072507;1;963117987;true;0.48068161931594566;0.0;Infinity;0;A
user-I072507_session-F043B57DC27CD5351F4A04F235EF7934EE1AF057E1FE9AB3350C0712A46AA23F_analysis-2.csv;user-I072507;1;-672532925;true;0.28085375225880216;0.0;Infinity;0;A
user-I072507_session-F043B57DC27CD5351F4A04F235EF7934EE1AF057E1FE9AB3350C0712A46AA23F_analysis-2.csv;user-I072507;1;-995675820;true;0.4917370311770972;0.0;Infinity;0;A
user-I072507_session-F043B57DC27CD5351F4A04F235EF7934EE1AF057E1FE9AB3350C0712A46AA23F_analysis-2.csv;user-I072507;1;1966047140;true;0.4055945227022181;0.0;Infinity;0;A
user-I072507_session-F043B57DC27CD5351F4A04F235EF7934EE1AF057E1FE9AB3350C0712A46AA23F_analysis-2.csv;user-I072507;1;-2104575321;true;0.41085582249258745;0.0;Infinity;0;A
user-I072507_session-F043B57DC27CD5351F4A04F235EF7934EE1AF057E1FE9AB3350C0712A46AA23F_analysis-2.csv;user-I072507;1;-813623019;true;0.31921648369152067;0.0;Infinity;0;A
user-I072507_session-F043B57DC27CD5351F4A04F235EF7934EE1AF057E1FE9AB3350C0712A46AA23F_analysis-2.csv;user-I072507;1;1190793818;true;0.41056181008061077;0.0;Infinity;0;A
user-I072507_session-F043B57DC27CD5351F4A04F235EF7934EE1AF057E1FE9AB3350C0712A46AA23F_analysis-2.csv;user-I072507;1;1677180967;true;0.217416257060135;0.0;Infinity;0;A
user-I072507_session-F043B57DC27CD5351F4A04F235EF7934EE1AF057E1FE9AB3350C0712A46AA23F_analysis-2.csv;user-I072507;1;1068171785;true;0.23015785909748798;0.0;Infinity;0;A
user-I072507_session-F043B57DC27CD5351F4A04F235EF7934EE1AF057E1FE9AB3350C0712A46AA23F_analysis-2.csv;user-I072507;1;-1156987595;true;0.244240551571151;0.0;Infinity;0;A
user-I072507_session-F043B57DC27CD5351F4A04F235EF7934EE1AF057E1FE9AB3350C0712A46AA23F_analysis-2.csv;user-I072507;1;-12429500;true;0.44941803298850436;0.0;Infinity;0;A
user-I072507_session-F043B57DC27CD5351F4A04F235EF7934EE1AF057E1FE9AB3350C0712A46AA23F_analysis-2.csv;user-I072507;1;-1659647798;true;0.001133061777334965;0.0;Infinity;0;A
user-I072507_session-F043B57DC27CD5351F4A04F235EF7934EE1AF057E1FE9AB3350C0712A46AA23F_analysis-2.csv;user-I072507;1;-762877930;true;0.37573767149191606;0.0;Infinity;0;A
user-I072507_session-F043B57DC27CD5351F4A04F235EF7934EE1AF057E1FE9AB3350C0712A46AA23F_analysis-2.csv;user-I072507;1;-1169734236;true;0.2920208384495754;0.0;Infinity;0;A
user-I072507_session-F043B57DC27CD5351F4A04F235EF7934EE1AF057E1FE9AB3350C0712A46AA23F_analysis-2.csv;user-I072507;1;874753856;true;0.40021087673489875;0.0;Infinity;0;A
user-I072507_session-F043B57DC27CD5351F4A04F235EF7934EE1AF057E1FE9AB3350C0712A46AA23F_analysis-2.csv;user-I072507;1;1554809902;true;0.3799454782446544;0.0;Infinity;0;A
user-I072507_session-F043B57DC27CD5351F4A04F235EF7934EE1AF057E1FE9AB3350C0712A46AA23F_analysis-2.csv;user-I072507;1;945099142;true;0.2918850734143511;0.0;Infinity;0;A
user-I072507_session-F043B57DC27CD5351F4A04F235EF7934EE1AF057E1FE9AB3350C0712A46AA23F_analysis-2.csv;user-I072507;1;-1220007986;true;0.29399437180238996;0.0;Infinity;0;A
user-I072507_session-F043B57DC27CD5351F4A04F235EF7934EE1AF057E1FE9AB3350C0712A46AA23F_analysis-2.csv;user-I072507;1;1409700165;true;0.2895606715098541;0.0;Infinity;0;A
user-I072507_session-F043B57DC27CD5351F4A04F235EF7934EE1AF057E1FE9AB3350C0712A46AA23F_analysis-2.csv;user-I072507;1;-2043110905;true;0.47096233505681173;0.0;Infinity;0;A
user-I072507_session-F043B57DC27CD5351F4A04F235EF7934EE1AF057E1FE9AB3350C0712A46AA23F_analysis-2.csv;user-I072507;1;236323164;true;0.49249065186326624;0.0;Infinity;0;A
user-I072507_session-F043B57DC27CD5351F4A04F235EF7934EE1AF057E1FE9AB3350C0712A46AA23F_analysis-2.csv;user-I072507;1;-398861846;true;0.4428154683437254;0.0;Infinity;0;A
user-I072507_session-F043B57DC27CD5351F4A04F235EF7934EE1AF057E1FE9AB3350C0712A46AA23F_analysis-2.csv;user-I072507;1;845205641;true;0.4585400979664225;0.0;Infinity;0;A
user-I072507_session-F043B57DC27CD5351F4A04F235EF7934EE1AF057E1FE9AB3350C0712A46AA23F_analysis-2.csv;user-I072507;1;1075187994;true;0.21947606195236136;0.0;Infinity;0;A
user-I072507_session-F043B57DC27CD5351F4A04F235EF7934EE1AF057E1FE9AB3350C0712A46AA23F_analysis-2.csv;user-I072507;1;961337048;true;0.28897776615691795;0.0;Infinity;0;A
user-I072507_session-F043B57DC27CD5351F4A04F235EF7934EE1AF057E1FE9AB3350C0712A46AA23F_analysis-2.csv;user-I072507;1;-1527265527;true;0.3110316140556537;0.0;Infinity;0;A
user-I072507_session-F043B57DC27CD5351F4A04F235EF7934EE1AF057E1FE9AB3350C0712A46AA23F_analysis-2.csv;user-I072507;1;894413476;true;0.012738849924464613;0.0;Infinity;0;A
user-I072507_session-F043B57DC27CD5351F4A04F235EF7934EE1AF057E1FE9AB3350C0712A46AA23F_analysis-2.csv;user-I072507;1;1514466433;true;0.20520410858717186;0.0;Infinity;0;A
user-I072507_session-F043B57DC27CD5351F4A04F235EF7934EE1AF057E1FE9AB3350C0712A46AA23F_analysis-2.csv;user-I072507;1;571003769;true;0.3791328482249544;0.0;Infinity;0;A
user-I072507_session-F043B57DC27CD5351F4A04F235EF7934EE1AF057E1FE9AB3350C0712A46AA23F_analysis-2.csv;user-I072507;1;2125914475;true;0.38970711179026085;0.0;Infinity;0;A
user-I072507_session-F043B57DC27CD5351F4A04F235EF7934EE1AF057E1FE9AB3350C0712A46AA23F_analysis-2.csv;user-I072507;1;-298238751;true;0.4238432740274767;0.0;Infinity;0;A
user-I072507_session-F043B57DC27CD5351F4A04F235EF7934EE1AF057E1FE9AB3350C0712A46AA23F_analysis-2.csv;user-I072507;1;-1201496064;true;0.02513812460017939;0.0;Infinity;0;A
user-I072507_session-F043B57DC27CD5351F4A04F235EF7934EE1AF057E1FE9AB3350C0712A46AA23F_analysis-2.csv;user-I072507;1;-353622485;true;0.4581602679838547;0.0;Infinity;0;A
user-I072507_session-F043B57DC27CD5351F4A04F235EF7934EE1AF057E1FE9AB3350C0712A46AA23F_analysis-2.csv;user-I072507;1;-1447804299;true;0.27363083568863655;0.0;Infinity;0;A
user-I072507_session-F043B57DC27CD5351F4A04F235EF7934EE1AF057E1FE9AB3350C0712A46AA23F_analysis-2.csv;user-I072507;1;-1456920241;true;0.22989371898504407;0.0;Infinity;0;A
user-I072507_session-F043B57DC27CD5351F4A04F235EF7934EE1AF057E1FE9AB3350C0712A46AA23F_analysis-2.csv;user-I072507;1;60531807;true;0.31236454966261307;0.0;Infinity;0;A
user-I072507_session-F043B57DC27CD5351F4A04F235EF7934EE1AF057E1FE9AB3350C0712A46AA23F_analysis-2.csv;user-I072507;1;1482264579;true;0.25178012267213123;0.0;Infinity;0;A
user-I072507_session-F043B57DC27CD5351F4A04F235EF7934EE1AF057E1FE9AB3350C0712A46AA23F_analysis-2.csv;user-I072507;1;-1318587542;true;0.35625421438093596;0.0;Infinity;0;A
user-I072507_session-F043B57DC27CD5351F4A04F235EF7934EE1AF057E1FE9AB3350C0712A46AA23F_analysis-2.csv;user-I072507;1;811208554;true;0.2995419202650008;0.0;Infinity;0;A
user-I072507_session-F043B57DC27CD5351F4A04F235EF7934EE1AF057E1FE9AB3350C0712A46AA23F_analysis-2.csv;user-I072507;1;1395976562;true;0.26944437524603826;0.0;Infinity;0;A
user-I072507_session-F043B57DC27CD5351F4A04F235EF7934EE1AF057E1FE9AB3350C0712A46AA23F_analysis-2.csv;user-I072507;1;725343845;true;0.2204671740470423;0.0;Infinity;0;A
user-I072507_session-F043B57DC27CD5351F4A04F235EF7934EE1AF057E1FE9AB3350C0712A46AA23F_analysis-2.csv;user-I072507;1;1076892461;true;0.3121313411205071;0.0;Infinity;0;A
user-I072507_session-F043B57DC27CD5351F4A04F235EF7934EE1AF057E1FE9AB3350C0712A46AA23F_analysis-2.csv;user-I072507;1;-1311748503;true;0.20497937409139444;0.0;Infinity;0;A
user-I072507_session-F043B57DC27CD5351F4A04F235EF7934EE1AF057E1FE9AB3350C0712A46AA23F_analysis-2.csv;user-I072507;1;1604218716;true;0.32616873660886636;0.0;Infinity;0;A
user-I072507_session-F043B57DC27CD5351F4A04F235EF7934EE1AF057E1FE9AB3350C0712A46AA23F_analysis-2.csv;user-I072507;1;1695899996;true;0.24151891010443194;0.0;Infinity;0;A
user-I072507_session-F043B57DC27CD5351F4A04F235EF7934EE1AF057E1FE9AB3350C0712A46AA23F_analysis-2.csv;user-I072507;1;-153519594;true;0.3851043136942064;0.0;Infinity;0;A
user-I072507_session-F043B57DC27CD5351F4A04F235EF7934EE1AF057E1FE9AB3350C0712A46AA23F_analysis-2.csv;user-I072507;1;1747526253;true;0.2119605076893889;0.0;Infinity;0;A
user-I072507_session-F043B57DC27CD5351F4A04F235EF7934EE1AF057E1FE9AB3350C0712A46AA23F_analysis-2.csv;user-I072507;1;-1060941617;true;0.2598423768551489;0.0;Infinity;0;A
user-I072507_session-F043B57DC27CD5351F4A04F235EF7934EE1AF057E1FE9AB3350C0712A46AA23F_analysis-2.csv;user-I072507;1;1444121147;true;0.2622584261908456;0.0;Infinity;0;A
user-I072507_session-F043B57DC27CD5351F4A04F235EF7934EE1AF057E1FE9AB3350C0712A46AA23F_analysis-2.csv;user-I072507;1;1460056999;true;0.3343901618022428;0.0;Infinity;0;A
user-I072507_session-F043B57DC27CD5351F4A04F235EF7934EE1AF057E1FE9AB3350C0712A46AA23F_analysis-2.csv;user-I072507;1;-580653637;true;0.2860662257204756;0.0;Infinity;0;A
user-I072507_session-F043B57DC27CD5351F4A04F235EF7934EE1AF057E1FE9AB3350C0712A46AA23F_analysis-2.csv;user-I072507;1;-1026590057;true;0.24651284208937763;0.0;Infinity;0;A
user-I072507_session-F043B57DC27CD5351F4A04F235EF7934EE1AF057E1FE9AB3350C0712A46AA23F_analysis-2.csv;user-I072507;1;1227775003;true;0.2772897856897152;0.0;Infinity;0;A
user-I072507_session-F043B57DC27CD5351F4A04F235EF7934EE1AF057E1FE9AB3350C0712A46AA23F_analysis-2.csv;user-I072507;1;2042128887;true;0.3681016809669244;0.0;Infinity;0;A
user-I072507_session-F043B57DC27CD5351F4A04F235EF7934EE1AF057E1FE9AB3350C0712A46AA23F_analysis-2.csv;user-I072507;1;-1300295132;true;0.3645702911007308;0.0;Infinity;0;A
user-I072507_session-F043B57DC27CD5351F4A04F235EF7934EE1AF057E1FE9AB3350C0712A46AA23F_analysis-2.csv;user-I072507;1;740863268;true;0.4764079947289045;0.0;Infinity;0;A
user-I072507_session-F043B57DC27CD5351F4A04F235EF7934EE1AF057E1FE9AB3350C0712A46AA23F_analysis-2.csv;user-I072507;1;733663762;true;0.35783418902586583;0.0;Infinity;0;A
user-I072507_session-F043B57DC27CD5351F4A04F235EF7934EE1AF057E1FE9AB3350C0712A46AA23F_analysis-2.csv;user-I072507;1;-158076567;true;0.2870531477841016;0.0;Infinity;0;A
user-I072507_session-F043B57DC27CD5351F4A04F235EF7934EE1AF057E1FE9AB3350C0712A46AA23F_analysis-2.csv;user-I072507;1;1174553367;true;0.2721151092375569;0.0;Infinity;0;A
user-I072507_session-F043B57DC27CD5351F4A04F235EF7934EE1AF057E1FE9AB3350C0712A46AA23F_analysis-2.csv;user-I072507;1;-1123312993;true;0.22425986478951088;0.0;Infinity;0;A
user-I072507_session-F043B57DC27CD5351F4A04F235EF7934EE1AF057E1FE9AB3350C0712A46AA23F_analysis-2.csv;user-I072507;1;801791605;true;0.036912335349809866;0.0;Infinity;0;A
user-I072507_session-F043B57DC27CD5351F4A04F235EF7934EE1AF057E1FE9AB3350C0712A46AA23F_analysis-2.csv;user-I072507;1;1469226706;true;0.047804159337738183;0.0;Infinity;0;A
user-I072507_session-F043B57DC27CD5351F4A04F235EF7934EE1AF057E1FE9AB3350C0712A46AA23F_analysis-2.csv;user-I072507;1;-327597180;true;0.26375215400472407;0.0;Infinity;0;A
user-I072507_session-F043B57DC27CD5351F4A04F235EF7934EE1AF057E1FE9AB3350C0712A46AA23F_analysis-2.csv;user-I072507;1;-1176593950;true;0.3513438197528601;0.0;Infinity;0;A
user-I072507_session-F043B57DC27CD5351F4A04F235EF7934EE1AF057E1FE9AB3350C0712A46AA23F_analysis-2.csv;user-I072507;1;-1659239679;true;0.32777597527550506;0.0;Infinity;0;A
user-I072507_session-F043B57DC27CD5351F4A04F235EF7934EE1AF057E1FE9AB3350C0712A46AA23F_analysis-2.csv;user-I072507;1;57915786;true;0.2512591322683684;0.0;Infinity;0;A
user-I072507_session-F043B57DC27CD5351F4A04F235EF7934EE1AF057E1FE9AB3350C0712A46AA23F_analysis-2.csv;user-I072507;1;2009650962;true;0.4119974321487472;0.0;Infinity;0;A
user-I072507_session-F043B57DC27CD5351F4A04F235EF7934EE1AF057E1FE9AB3350C0712A46AA23F_analysis-2.csv;user-I072507;1;969739788;true;0.259039586515307;0.0;Infinity;0;A
user-I072507_session-F043B57DC27CD5351F4A04F235EF7934EE1AF057E1FE9AB3350C0712A46AA23F_analysis-2.csv;user-I072507;1;-745495176;true;0.4255647075120095;0.0;Infinity;0;A
user-I072507_session-F043B57DC27CD5351F4A04F235EF7934EE1AF057E1FE9AB3350C0712A46AA23F_analysis-2.csv;user-I072507;1;1984247167;true;0.26099756178995437;0.0;Infinity;0;A
user-I072507_session-F043B57DC27CD5351F4A04F235EF7934EE1AF057E1FE9AB3350C0712A46AA23F_analysis-2.csv;user-I072507;1;-877191143;true;0.31780533127841515;0.0;Infinity;0;A
user-I072507_session-F043B57DC27CD5351F4A04F235EF7934EE1AF057E1FE9AB3350C0712A46AA23F_analysis-2.csv;user-I072507;1;-618762112;true;0.296818385020285;0.0;Infinity;0;A
user-I072507_session-F043B57DC27CD5351F4A04F235EF7934EE1AF057E1FE9AB3350C0712A46AA23F_analysis-2.csv;user-I072507;1;639131612;true;0.49701528305292886;0.0;Infinity;0;A
user-I072507_session-F043B57DC27CD5351F4A04F235EF7934EE1AF057E1FE9AB3350C0712A46AA23F_analysis-2.csv;user-I072507;1;-784240440;true;0.3122246155103028;0.0;Infinity;0;A
user-I072507_session-F043B57DC27CD5351F4A04F235EF7934EE1AF057E1FE9AB3350C0712A46AA23F_analysis-2.csv;user-I072507;1;-475813042;true;0.3555568562395891;0.0;Infinity;0;A
user-I072507_session-F043B57DC27CD5351F4A04F235EF7934EE1AF057E1FE9AB3350C0712A46AA23F_analysis-2.csv;user-I072507;1;-927547977;true;0.15704760042938837;0.0;Infinity;0;A
user-I072507_session-F043B57DC27CD5351F4A04F235EF7934EE1AF057E1FE9AB3350C0712A46AA23F_analysis-2.csv;user-I072507;1;94655856;true;0.3303312765298383;0.0;Infinity;0;A
user-I072507_session-F043B57DC27CD5351F4A04F235EF7934EE1AF057E1FE9AB3350C0712A46AA23F_analysis-2.csv;user-I072507;1;1527672529;true;0.36308576049327157;0.0;Infinity;0;A
user-I072507_session-F043B57DC27CD5351F4A04F235EF7934EE1AF057E1FE9AB3350C0712A46AA23F_analysis-2.csv;user-I072507;1;-9813479;true;0.39395013498188924;0.0;Infinity;0;A
user-I072507_session-F043B57DC27CD5351F4A04F235EF7934EE1AF057E1FE9AB3350C0712A46AA23F_analysis-2.csv;user-I072507;1;514085569;true;0.3277664555602726;0.0;Infinity;0;A
user-I072507_session-F043B57DC27CD5351F4A04F235EF7934EE1AF057E1FE9AB3350C0712A46AA23F_analysis-2.csv;user-I072507;1;-1378754229;true;2.1656948629988904E-6;0.0;Infinity;0;A
user-I072507_session-F043B57DC27CD5351F4A04F235EF7934EE1AF057E1FE9AB3350C0712A46AA23F_analysis-2.csv;user-I072507;1;1767833846;true;0.35064680089645583;0.0;Infinity;0;A
user-I072507_session-F043B57DC27CD5351F4A04F235EF7934EE1AF057E1FE9AB3350C0712A46AA23F_analysis-2.csv;user-I072507;1;1694871595;true;0.011325796966675794;0.0;Infinity;0;A
user-I072507_session-F043B57DC27CD5351F4A04F235EF7934EE1AF057E1FE9AB3350C0712A46AA23F_analysis-2.csv;user-I072507;1;-2100924978;true;0.2751039372621532;0.0;Infinity;0;A
user-I072507_session-F043B57DC27CD5351F4A04F235EF7934EE1AF057E1FE9AB3350C0712A46AA23F_analysis-2.csv;user-I072507;1;-82775730;true;0.15403843605637624;0.0;Infinity;0;A
user-I072507_session-F043B57DC27CD5351F4A04F235EF7934EE1AF057E1FE9AB3350C0712A46AA23F_analysis-2.csv;user-I072507;1;-1368422975;true;0.3117583640286593;0.0;Infinity;0;A
user-I072507_session-F043B57DC27CD5351F4A04F235EF7934EE1AF057E1FE9AB3350C0712A46AA23F_analysis-2.csv;user-I072507;1;1535968826;true;0.41626688481277263;0.0;Infinity;0;A
user-I072507_session-F043B57DC27CD5351F4A04F235EF7934EE1AF057E1FE9AB3350C0712A46AA23F_analysis-2.csv;user-I072507;1;-786524452;true;0.33912435569169297;0.0;Infinity;0;A
user-I072507_session-F043B57DC27CD5351F4A04F235EF7934EE1AF057E1FE9AB3350C0712A46AA23F_analysis-2.csv;user-I072507;1;-1957617441;true;0.2606978160412141;0.0;Infinity;0;A
user-I072507_session-F043B57DC27CD5351F4A04F235EF7934EE1AF057E1FE9AB3350C0712A46AA23F_analysis-2.csv;user-I072507;1;-1439763283;true;0.28661331973008786;0.0;Infinity;0;A
user-I072507_session-F043B57DC27CD5351F4A04F235EF7934EE1AF057E1FE9AB3350C0712A46AA23F_analysis-2.csv;user-I072507;1;918167892;true;0.23032603661728257;0.0;Infinity;0;A
user-I072507_session-F043B57DC27CD5351F4A04F235EF7934EE1AF057E1FE9AB3350C0712A46AA23F_analysis-2.csv;user-I072507;1;828649694;true;0.2682355535320238;0.0;Infinity;0;A
user-I072507_session-F043B57DC27CD5351F4A04F235EF7934EE1AF057E1FE9AB3350C0712A46AA23F_analysis-2.csv;user-I072507;1;-1353898574;true;0.31365957809508904;0.0;Infinity;0;A
user-I072507_session-F043B57DC27CD5351F4A04F235EF7934EE1AF057E1FE9AB3350C0712A46AA23F_analysis-2.csv;user-I072507;1;1140972898;true;0.23445565137424218;0.0;Infinity;0;A
user-I072507_session-F043B57DC27CD5351F4A04F235EF7934EE1AF057E1FE9AB3350C0712A46AA23F_analysis-2.csv;user-I072507;1;-1516595836;true;0.35862487855729863;0.0;Infinity;0;A
user-I072507_session-F043B57DC27CD5351F4A04F235EF7934EE1AF057E1FE9AB3350C0712A46AA23F_analysis-2.csv;user-I072507;1;737020364;true;0.3727809889162703;0.0;Infinity;0;A
user-I072507_session-F043B57DC27CD5351F4A04F235EF7934EE1AF057E1FE9AB3350C0712A46AA23F_analysis-2.csv;user-I072507;1;1300737254;true;0.470846971576102;0.0;Infinity;0;A
user-I072507_session-F043B57DC27CD5351F4A04F235EF7934EE1AF057E1FE9AB3350C0712A46AA23F_analysis-2.csv;user-I072507;1;931292455;true;0.23197941637759778;0.0;Infinity;0;A
user-I072507_session-F043B57DC27CD5351F4A04F235EF7934EE1AF057E1FE9AB3350C0712A46AA23F_analysis-2.csv;user-I072507;1;-936149279;true;0.03032946128980951;0.0;Infinity;0;A
user-I072507_session-F043B57DC27CD5351F4A04F235EF7934EE1AF057E1FE9AB3350C0712A46AA23F_analysis-2.csv;user-I072507;1;656831970;true;0.42275960866173445;0.0;Infinity;0;A
user-I072507_session-F043B57DC27CD5351F4A04F235EF7934EE1AF057E1FE9AB3350C0712A46AA23F_analysis-2.csv;user-I072507;1;-698797493;true;0.3850539327177853;0.0;Infinity;0;A
user-I072507_session-F043B57DC27CD5351F4A04F235EF7934EE1AF057E1FE9AB3350C0712A46AA23F_analysis-2.csv;user-I072507;1;2125337261;true;0.268774402938201;0.0;Infinity;0;A
user-I072507_session-F043B57DC27CD5351F4A04F235EF7934EE1AF057E1FE9AB3350C0712A46AA23F_analysis-2.csv;user-I072507;1;-1821563436;true;0.4716512224545363;0.0;Infinity;0;A
user-I072507_session-F043B57DC27CD5351F4A04F235EF7934EE1AF057E1FE9AB3350C0712A46AA23F_analysis-2.csv;user-I072507;1;1104208081;true;0.40209623063804234;0.0;Infinity;0;A
user-I072507_session-F043B57DC27CD5351F4A04F235EF7934EE1AF057E1FE9AB3350C0712A46AA23F_analysis-2.csv;user-I072507;1;625754237;true;0.21297013674517618;0.0;Infinity;0;A
user-I072507_session-F043B57DC27CD5351F4A04F235EF7934EE1AF057E1FE9AB3350C0712A46AA23F_analysis-2.csv;user-I072507;1;1402229198;true;0.24136271255254904;0.0;Infinity;0;A
user-I072507_session-F043B57DC27CD5351F4A04F235EF7934EE1AF057E1FE9AB3350C0712A46AA23F_analysis-2.csv;user-I072507;1;1945570525;true;0.33038857598294624;0.0;Infinity;0;A
user-I072507_session-F043B57DC27CD5351F4A04F235EF7934EE1AF057E1FE9AB3350C0712A46AA23F_analysis-2.csv;user-I072507;1;-682842549;true;0.4069678053117013;0.0;Infinity;0;A
user-I072507_session-F043B57DC27CD5351F4A04F235EF7934EE1AF057E1FE9AB3350C0712A46AA23F_analysis-2.csv;user-I072507;1;-510308351;true;0.2800101948513689;0.0;Infinity;0;A
user-I072507_session-F043B57DC27CD5351F4A04F235EF7934EE1AF057E1FE9AB3350C0712A46AA23F_analysis-2.csv;user-I072507;1;-1580676273;true;0.35347748736975493;0.0;Infinity;0;A
user-I072507_session-F043B57DC27CD5351F4A04F235EF7934EE1AF057E1FE9AB3350C0712A46AA23F_analysis-2.csv;user-I072507;1;469862984;true;1.7831419674152471E-9;0.0;Infinity;0;A
user-I072507_session-F043B57DC27CD5351F4A04F235EF7934EE1AF057E1FE9AB3350C0712A46AA23F_analysis-2.csv;user-I072507;1;-1591111836;true;0.33495344916933223;0.0;Infinity;0;A
user-I072507_session-F043B57DC27CD5351F4A04F235EF7934EE1AF057E1FE9AB3350C0712A46AA23F_analysis-2.csv;user-I072507;1;-716179166;true;0.22186844171234887;0.0;Infinity;0;A
user-I072507_session-F043B57DC27CD5351F4A04F235EF7934EE1AF057E1FE9AB3350C0712A46AA23F_analysis-2.csv;user-I072507;1;-854585726;true;0.47163358878908956;0.0;Infinity;0;A
user-I072507_session-F043B57DC27CD5351F4A04F235EF7934EE1AF057E1FE9AB3350C0712A46AA23F_analysis-2.csv;user-I072507;1;-724713899;true;0.36918516970274706;0.0;Infinity;0;A
user-I072507_session-F043B57DC27CD5351F4A04F235EF7934EE1AF057E1FE9AB3350C0712A46AA23F_analysis-2.csv;user-I072507;1;-1289818137;true;0.23327363634929954;0.0;Infinity;0;A
user-I072507_session-F043B57DC27CD5351F4A04F235EF7934EE1AF057E1FE9AB3350C0712A46AA23F_analysis-2.csv;user-I072507;1;-1203770080;true;0.3970771903998509;0.0;Infinity;0;A
user-I072507_session-F043B57DC27CD5351F4A04F235EF7934EE1AF057E1FE9AB3350C0712A46AA23F_analysis-2.csv;user-I072507;1;1477858706;true;0.3020744444325786;0.0;Infinity;0;A
user-I072507_session-F043B57DC27CD5351F4A04F235EF7934EE1AF057E1FE9AB3350C0712A46AA23F_analysis-2.csv;user-I072507;1;-1455056040;true;0.289662733412536;0.0;Infinity;0;A
user-I072507_session-F043B57DC27CD5351F4A04F235EF7934EE1AF057E1FE9AB3350C0712A46AA23F_analysis-2.csv;user-I072507;1;724959813;true;0.12665760043864682;0.0;Infinity;0;A
user-I072507_session-F043B57DC27CD5351F4A04F235EF7934EE1AF057E1FE9AB3350C0712A46AA23F_analysis-2.csv;user-I072507;1;-1263837074;true;0.2540386909169794;0.0;Infinity;0;A
user-I072507_session-F043B57DC27CD5351F4A04F235EF7934EE1AF057E1FE9AB3350C0712A46AA23F_analysis-2.csv;user-I072507;1;-353500438;true;0.23611727271105554;0.0;Infinity;0;A
user-I072507_session-F043B57DC27CD5351F4A04F235EF7934EE1AF057E1FE9AB3350C0712A46AA23F_analysis-2.csv;user-I072507;1;-2040494884;true;0.3345118582225506;0.0;Infinity;0;A
user-I072507_session-F043B57DC27CD5351F4A04F235EF7934EE1AF057E1FE9AB3350C0712A46AA23F_analysis-2.csv;user-I072507;1;-231038818;true;0.46180124505469455;0.0;Infinity;0;A
user-I072507_session-F043B57DC27CD5351F4A04F235EF7934EE1AF057E1FE9AB3350C0712A46AA23F_analysis-2.csv;user-I072507;1;868267350;true;0.23316328445820822;0.0;Infinity;0;A
user-I072507_session-F043B57DC27CD5351F4A04F235EF7934EE1AF057E1FE9AB3350C0712A46AA23F_analysis-2.csv;user-I072507;1;972872573;true;0.31587165657454386;0.0;Infinity;0;A
user-I072507_session-F043B57DC27CD5351F4A04F235EF7934EE1AF057E1FE9AB3350C0712A46AA23F_analysis-2.csv;user-I072507;1;931880457;true;0.44818742842517034;0.0;Infinity;0;A
user-I072507_session-F043B57DC27CD5351F4A04F235EF7934EE1AF057E1FE9AB3350C0712A46AA23F_analysis-2.csv;user-I072507;1;749901668;true;0.3815019868201678;0.0;Infinity;0;A
user-I072507_session-F043B57DC27CD5351F4A04F235EF7934EE1AF057E1FE9AB3350C0712A46AA23F_analysis-2.csv;user-I072507;1;-804228892;true;0.2960527298642006;0.0;Infinity;0;A
user-I072507_session-F043B57DC27CD5351F4A04F235EF7934EE1AF057E1FE9AB3350C0712A46AA23F_analysis-2.csv;user-I072507;1;-1128533813;true;0.3808960362227304;0.0;Infinity;0;A
user-I072507_session-F043B57DC27CD5351F4A04F235EF7934EE1AF057E1FE9AB3350C0712A46AA23F_analysis-2.csv;user-I072507;1;-990553761;true;0.39583450994989866;0.0;Infinity;0;A
user-I072507_session-F043B57DC27CD5351F4A04F235EF7934EE1AF057E1FE9AB3350C0712A46AA23F_analysis-2.csv;user-I072507;1;-653615888;true;0.1788072822203003;0.0;Infinity;0;A
user-I072507_session-F043B57DC27CD5351F4A04F235EF7934EE1AF057E1FE9AB3350C0712A46AA23F_analysis-2.csv;user-I072507;1;1036953010;true;0.31975341059215256;0.0;Infinity;0;A
user-I072507_session-F043B57DC27CD5351F4A04F235EF7934EE1AF057E1FE9AB3350C0712A46AA23F_analysis-2.csv;user-I072507;1;172242727;true;0.45873548418051746;0.0;Infinity;0;A
user-I072507_session-F043B57DC27CD5351F4A04F235EF7934EE1AF057E1FE9AB3350C0712A46AA23F_analysis-2.csv;user-I072507;1;-1375682846;true;0.3709468089951;0.0;Infinity;0;A
user-I072507_session-F043B57DC27CD5351F4A04F235EF7934EE1AF057E1FE9AB3350C0712A46AA23F_analysis-2.csv;user-I072507;1;860947169;true;0.24489454030732527;0.0;Infinity;0;A
user-I072507_session-F043B57DC27CD5351F4A04F235EF7934EE1AF057E1FE9AB3350C0712A46AA23F_analysis-2.csv;user-I072507;1;818111665;true;0.223755194543088;0.0;Infinity;0;A
user-I072507_session-F043B57DC27CD5351F4A04F235EF7934EE1AF057E1FE9AB3350C0712A46AA23F_analysis-2.csv;user-I072507;1;441123318;true;0.2712118840833897;0.0;Infinity;0;A
user-I072507_session-F043B57DC27CD5351F4A04F235EF7934EE1AF057E1FE9AB3350C0712A46AA23F_analysis-2.csv;user-I072507;1;-927614546;true;0.3986228682029068;0.0;Infinity;0;A
user-I072507_session-F043B57DC27CD5351F4A04F235EF7934EE1AF057E1FE9AB3350C0712A46AA23F_analysis-2.csv;user-I072507;1;-262847559;true;0.1628500688457658;0.0;Infinity;0;A
user-I072507_session-F043B57DC27CD5351F4A04F235EF7934EE1AF057E1FE9AB3350C0712A46AA23F_analysis-2.csv;user-I072507;1;995209534;true;0.23778536083188317;0.0;Infinity;0;A
user-I072507_session-F043B57DC27CD5351F4A04F235EF7934EE1AF057E1FE9AB3350C0712A46AA23F_analysis-2.csv;user-I072507;1;766844331;true;0.25767609042891504;0.0;Infinity;0;A
user-I072507_session-F043B57DC27CD5351F4A04F235EF7934EE1AF057E1FE9AB3350C0712A46AA23F_analysis-2.csv;user-I072507;1;-859486703;true;0.49110289110097394;0.0;Infinity;0;A
user-I072507_session-F043B57DC27CD5351F4A04F235EF7934EE1AF057E1FE9AB3350C0712A46AA23F_analysis-2.csv;user-I072507;1;-721743731;true;0.3968332830458654;0.0;Infinity;0;A
user-I072507_session-F043B57DC27CD5351F4A04F235EF7934EE1AF057E1FE9AB3350C0712A46AA23F_analysis-2.csv;user-I072507;1;-1446882072;true;0.06337904901002167;0.0;Infinity;0;A
user-I072507_session-F043B57DC27CD5351F4A04F235EF7934EE1AF057E1FE9AB3350C0712A46AA23F_analysis-2.csv;user-I072507;1;-326927996;true;0.25681459730490086;0.0;Infinity;0;A
user-I072507_session-F043B57DC27CD5351F4A04F235EF7934EE1AF057E1FE9AB3350C0712A46AA23F_analysis-2.csv;user-I072507;1;1040085074;true;0.20918334588901488;0.0;Infinity;0;A
user-I072507_session-F043B57DC27CD5351F4A04F235EF7934EE1AF057E1FE9AB3350C0712A46AA23F_analysis-2.csv;user-I072507;1;-417580875;true;0.2331794145996291;0.0;Infinity;0;A
user-I072507_session-F043B57DC27CD5351F4A04F235EF7934EE1AF057E1FE9AB3350C0712A46AA23F_analysis-2.csv;user-I072507;1;1371158896;true;0.3008958185540448;0.0;Infinity;0;A
user-I072507_session-F043B57DC27CD5351F4A04F235EF7934EE1AF057E1FE9AB3350C0712A46AA23F_analysis-2.csv;user-I072507;1;2052375010;true;0.4370352815053953;0.0;Infinity;0;A
user-I072507_session-F043B57DC27CD5351F4A04F235EF7934EE1AF057E1FE9AB3350C0712A46AA23F_analysis-2.csv;user-I072507;1;-795059185;true;0.1861453531628544;0.0;Infinity;0;A
user-I072507_session-F043B57DC27CD5351F4A04F235EF7934EE1AF057E1FE9AB3350C0712A46AA23F_analysis-2.csv;user-I072507;2;-150903573;false;0.48184421018458246;1.0;16.370957681085482;0;A
user-I072507_session-F043B57DC27CD5351F4A04F235EF7934EE1AF057E1FE9AB3350C0712A46AA23F_analysis-2.csv;user-I072507;2;294023950;false;0.002564734411796832;1.0;16.370957681085482;0;A
user-I072507_session-F043B57DC27CD5351F4A04F235EF7934EE1AF057E1FE9AB3350C0712A46AA23F_analysis-2.csv;user-I072507;2;-1233814673;false;0.25309352065839585;1.0;16.370957681085482;0;A
user-I072507_session-F043B57DC27CD5351F4A04F235EF7934EE1AF057E1FE9AB3350C0712A46AA23F_analysis-2.csv;user-I072507;2;-1305791978;false;0.1622086170357646;1.0;16.370957681085482;0;A
user-I072507_session-F043B57DC27CD5351F4A04F235EF7934EE1AF057E1FE9AB3350C0712A46AA23F_analysis-2.csv;user-I072507;2;-868021436;false;2.1505610285532661E-4;1.0;16.370957681085482;0;A
user-I072507_session-F043B57DC27CD5351F4A04F235EF7934EE1AF057E1FE9AB3350C0712A46AA23F_analysis-2.csv;user-I072507;2;1411919293;false;0.31821899632830775;1.0;16.370957681085482;0;A
user-I072507_session-F043B57DC27CD5351F4A04F235EF7934EE1AF057E1FE9AB3350C0712A46AA23F_analysis-2.csv;user-I072507;2;927081691;false;0.23102350359988133;1.0;16.370957681085482;0;A
user-I072507_session-F043B57DC27CD5351F4A04F235EF7934EE1AF057E1FE9AB3350C0712A46AA23F_analysis-2.csv;user-I072507;2;746136306;false;0.4364953555521207;1.0;16.370957681085482;0;A
user-I072507_session-F043B57DC27CD5351F4A04F235EF7934EE1AF057E1FE9AB3350C0712A46AA23F_analysis-2.csv;user-I072507;2;-1523183883;false;0.24300964602341824;1.0;16.370957681085482;0;A
user-I072507_session-F043B57DC27CD5351F4A04F235EF7934EE1AF057E1FE9AB3350C0712A46AA23F_analysis-2.csv;user-I072507;2;719857075;false;0.2522680166733996;1.0;16.370957681085482;0;A
user-I072507_session-F043B57DC27CD5351F4A04F235EF7934EE1AF057E1FE9AB3350C0712A46AA23F_analysis-2.csv;user-I072507;2;-334781409;false;0.4624745457921057;1.0;16.370957681085482;0;A
user-I072507_session-F043B57DC27CD5351F4A04F235EF7934EE1AF057E1FE9AB3350C0712A46AA23F_analysis-2.csv;user-I072507;2;-1518149585;false;0.36278910022683253;1.0;16.370957681085482;0;A
user-I072507_session-F043B57DC27CD5351F4A04F235EF7934EE1AF057E1FE9AB3350C0712A46AA23F_analysis-2.csv;user-I072507;2;-926473324;false;0.4430723458788297;1.0;16.370957681085482;0;A
user-I072507_session-F043B57DC27CD5351F4A04F235EF7934EE1AF057E1FE9AB3350C0712A46AA23F_analysis-2.csv;user-I072507;2;372995475;false;0.34732419779480417;1.0;16.370957681085482;0;A
user-I072507_session-F043B57DC27CD5351F4A04F235EF7934EE1AF057E1FE9AB3350C0712A46AA23F_analysis-2.csv;user-I072507;2;1677058920;false;0.3660667727406063;1.0;16.370957681085482;0;A
user-I072507_session-F043B57DC27CD5351F4A04F235EF7934EE1AF057E1FE9AB3350C0712A46AA23F_analysis-2.csv;user-I072507;2;-299166661;false;0.3796845760746096;1.0;16.370957681085482;0;A
user-I072507_session-F043B57DC27CD5351F4A04F235EF7934EE1AF057E1FE9AB3350C0712A46AA23F_analysis-2.csv;user-I072507;2;-254634929;false;0.31315802062285325;1.0;16.370957681085482;0;A
user-I072507_session-F043B57DC27CD5351F4A04F235EF7934EE1AF057E1FE9AB3350C0712A46AA23F_analysis-2.csv;user-I072507;2;-1668355621;false;0.28949142017023943;1.0;16.370957681085482;0;A
user-I072507_session-F043B57DC27CD5351F4A04F235EF7934EE1AF057E1FE9AB3350C0712A46AA23F_analysis-2.csv;user-I072507;2;-945318986;false;0.3902936808492776;1.0;16.370957681085482;0;A
user-I072507_session-F043B57DC27CD5351F4A04F235EF7934EE1AF057E1FE9AB3350C0712A46AA23F_analysis-2.csv;user-I072507;2;-417702922;false;0.49679111010170207;1.0;16.370957681085482;0;A
user-I072507_session-F043B57DC27CD5351F4A04F235EF7934EE1AF057E1FE9AB3350C0712A46AA23F_analysis-2.csv;user-I072507;2;-1264403087;false;0.3166595409472259;1.0;16.370957681085482;0;A
user-I072507_session-F043B57DC27CD5351F4A04F235EF7934EE1AF057E1FE9AB3350C0712A46AA23F_analysis-2.csv;user-I072507;2;-729944151;false;0.3936224011966539;1.0;16.370957681085482;0;A
user-I072507_session-F043B57DC27CD5351F4A04F235EF7934EE1AF057E1FE9AB3350C0712A46AA23F_analysis-2.csv;user-I072507;2;-650640695;false;0.49874697312581673;1.0;16.370957681085482;0;A
user-I072507_session-F043B57DC27CD5351F4A04F235EF7934EE1AF057E1FE9AB3350C0712A46AA23F_analysis-2.csv;user-I072507;2;2106209324;false;0.32463109448320493;1.0;16.370957681085482;0;A
user-I072507_session-F043B57DC27CD5351F4A04F235EF7934EE1AF057E1FE9AB3350C0712A46AA23F_analysis-2.csv;user-I072507;2;1004842708;false;0.25541755271317745;1.0;16.370957681085482;0;A
user-I072507_session-F043B57DC27CD5351F4A04F235EF7934EE1AF057E1FE9AB3350C0712A46AA23F_analysis-2.csv;user-I072507;2;-184289643;false;0.24390977743518238;1.0;16.370957681085482;0;A
user-I072507_session-F043B57DC27CD5351F4A04F235EF7934EE1AF057E1FE9AB3350C0712A46AA23F_analysis-2.csv;user-I072507;2;988513178;false;0.20873645463824864;1.0;16.370957681085482;0;A
user-I072507_session-F043B57DC27CD5351F4A04F235EF7934EE1AF057E1FE9AB3350C0712A46AA23F_analysis-2.csv;user-I072507;2;654998559;false;0.2831865407134422;1.0;16.370957681085482;0;A
user-I072507_session-F043B57DC27CD5351F4A04F235EF7934EE1AF057E1FE9AB3350C0712A46AA23F_analysis-2.csv;user-I072507;2;-439328845;false;0.4769958619951765;1.0;16.370957681085482;0;A
user-I072507_session-F043B57DC27CD5351F4A04F235EF7934EE1AF057E1FE9AB3350C0712A46AA23F_analysis-2.csv;user-I072507;2;1477761439;false;0.4024939761141392;1.0;16.370957681085482;0;A
user-I072507_session-F043B57DC27CD5351F4A04F235EF7934EE1AF057E1FE9AB3350C0712A46AA23F_analysis-2.csv;user-I072507;2;435114044;false;0.04948484172289702;1.0;16.370957681085482;0;A
user-I072507_session-F043B57DC27CD5351F4A04F235EF7934EE1AF057E1FE9AB3350C0712A46AA23F_analysis-2.csv;user-I072507;2;-1155927549;false;0.23288659710894322;1.0;16.370957681085482;0;A
user-I072507_session-F043B57DC27CD5351F4A04F235EF7934EE1AF057E1FE9AB3350C0712A46AA23F_analysis-2.csv;user-I072507;2;613170521;false;0.4521207958600588;1.0;16.370957681085482;0;A
user-I072507_session-F043B57DC27CD5351F4A04F235EF7934EE1AF057E1FE9AB3350C0712A46AA23F_analysis-2.csv;user-I072507;2;-2107191342;false;0.4881733956665869;1.0;16.370957681085482;0;A
user-I072507_session-F043B57DC27CD5351F4A04F235EF7934EE1AF057E1FE9AB3350C0712A46AA23F_analysis-2.csv;user-I072507;2;30575419;false;0.3298157606037798;1.0;16.370957681085482;0;A
user-I072507_session-F043B57DC27CD5351F4A04F235EF7934EE1AF057E1FE9AB3350C0712A46AA23F_analysis-2.csv;user-I072507;2;1545986549;false;0.38086590645340357;1.0;16.370957681085482;0;A
user-I072507_session-F043B57DC27CD5351F4A04F235EF7934EE1AF057E1FE9AB3350C0712A46AA23F_analysis-2.csv;user-I072507;2;1683632254;false;0.40483147993512225;1.0;16.370957681085482;0;A
user-I072507_session-F043B57DC27CD5351F4A04F235EF7934EE1AF057E1FE9AB3350C0712A46AA23F_analysis-2.csv;user-I072507;2;1135752078;false;0.236911300676383;1.0;16.370957681085482;0;A
user-I072507_session-F043B57DC27CD5351F4A04F235EF7934EE1AF057E1FE9AB3350C0712A46AA23F_analysis-2.csv;user-I072507;2;1345619728;false;0.33038553098441015;1.0;16.370957681085482;0;A
user-I072507_session-F043B57DC27CD5351F4A04F235EF7934EE1AF057E1FE9AB3350C0712A46AA23F_analysis-2.csv;user-I072507;2;-1227332881;false;0.3271574268413092;1.0;16.370957681085482;0;A
user-I072507_session-F043B57DC27CD5351F4A04F235EF7934EE1AF057E1FE9AB3350C0712A46AA23F_analysis-2.csv;user-I072507;2;362151793;false;1.7116086326041113E-11;1.0;16.370957681085482;0;A
user-I072507_session-F043B57DC27CD5351F4A04F235EF7934EE1AF057E1FE9AB3350C0712A46AA23F_analysis-2.csv;user-I072507;2;582036308;false;0.492672737813428;1.0;16.370957681085482;0;A
user-I072507_session-F043B57DC27CD5351F4A04F235EF7934EE1AF057E1FE9AB3350C0712A46AA23F_analysis-2.csv;user-I072507;2;-1894525687;false;0.034747319766891716;1.0;16.370957681085482;0;A
user-I072507_session-F043B57DC27CD5351F4A04F235EF7934EE1AF057E1FE9AB3350C0712A46AA23F_analysis-2.csv;user-I072507;2;1838179132;false;0.3735893448991986;1.0;16.370957681085482;0;A
user-I072507_session-F043B57DC27CD5351F4A04F235EF7934EE1AF057E1FE9AB3350C0712A46AA23F_analysis-2.csv;user-I072507;2;-1551936607;false;0.0018088456526152985;1.0;16.370957681085482;0;A
user-I072507_session-F043B57DC27CD5351F4A04F235EF7934EE1AF057E1FE9AB3350C0712A46AA23F_analysis-2.csv;user-I072507;2;1626743752;false;0.20582424281819;1.0;16.370957681085482;0;A
user-I072507_session-F043B57DC27CD5351F4A04F235EF7934EE1AF057E1FE9AB3350C0712A46AA23F_analysis-2.csv;user-I072507;2;-1487856170;false;0.0015799045344655482;1.0;16.370957681085482;0;A
user-I072507_session-F043B57DC27CD5351F4A04F235EF7934EE1AF057E1FE9AB3350C0712A46AA23F_analysis-2.csv;user-I072507;2;890991762;false;0.30470882167423086;1.0;16.370957681085482;0;A
user-I072507_session-F043B57DC27CD5351F4A04F235EF7934EE1AF057E1FE9AB3350C0712A46AA23F_analysis-2.csv;user-I072507;2;1591752966;false;0.3058079449311598;1.0;16.370957681085482;0;A
user-I072507_session-F043B57DC27CD5351F4A04F235EF7934EE1AF057E1FE9AB3350C0712A46AA23F_analysis-2.csv;user-I072507;2;712093863;false;0.25585825642761784;1.0;16.370957681085482;0;A
user-I072507_session-F043B57DC27CD5351F4A04F235EF7934EE1AF057E1FE9AB3350C0712A46AA23F_analysis-2.csv;user-I072507;2;782439149;false;0.23009380954508674;1.0;16.370957681085482;0;A
user-I072507_session-F043B57DC27CD5351F4A04F235EF7934EE1AF057E1FE9AB3350C0712A46AA23F_analysis-2.csv;user-I072507;2;672939927;false;0.3518327821128986;1.0;16.370957681085482;0;A
user-I072507_session-F043B57DC27CD5351F4A04F235EF7934EE1AF057E1FE9AB3350C0712A46AA23F_analysis-2.csv;user-I072507;2;-1232759341;false;0.46727910361134095;1.0;16.370957681085482;0;A
user-I072507_session-F043B57DC27CD5351F4A04F235EF7934EE1AF057E1FE9AB3350C0712A46AA23F_analysis-2.csv;user-I072507;2;1618948800;false;0.261323200555731;1.0;16.370957681085482;0;A
user-I072507_session-F043B57DC27CD5351F4A04F235EF7934EE1AF057E1FE9AB3350C0712A46AA23F_analysis-2.csv;user-I072507;2;1413681002;false;0.4081956600802371;1.0;16.370957681085482;0;A
user-I072507_session-F043B57DC27CD5351F4A04F235EF7934EE1AF057E1FE9AB3350C0712A46AA23F_analysis-2.csv;user-I072507;2;837189617;false;0.21399792781029114;1.0;16.370957681085482;0;A
user-I072507_session-F043B57DC27CD5351F4A04F235EF7934EE1AF057E1FE9AB3350C0712A46AA23F_analysis-2.csv;user-I072507;2;-1600227778;false;0.3566079883593445;1.0;16.370957681085482;0;A
user-I072507_session-F043B57DC27CD5351F4A04F235EF7934EE1AF057E1FE9AB3350C0712A46AA23F_analysis-2.csv;user-I072507;2;1258921661;false;0.4244524441243259;1.0;16.370957681085482;0;A
user-I072507_session-F043B57DC27CD5351F4A04F235EF7934EE1AF057E1FE9AB3350C0712A46AA23F_analysis-2.csv;user-I072507;2;442722455;false;0.3706050288973184;1.0;16.370957681085482;0;A
user-I072507_session-F043B57DC27CD5351F4A04F235EF7934EE1AF057E1FE9AB3350C0712A46AA23F_analysis-2.csv;user-I072507;2;1031245830;false;0.19085016042899006;1.0;16.370957681085482;0;A
user-I072507_session-F043B57DC27CD5351F4A04F235EF7934EE1AF057E1FE9AB3350C0712A46AA23F_analysis-2.csv;user-I072507;2;896777537;false;0.35420281189354685;1.0;16.370957681085482;0;A
user-I072507_session-F043B57DC27CD5351F4A04F235EF7934EE1AF057E1FE9AB3350C0712A46AA23F_analysis-2.csv;user-I072507;2;1689294086;false;0.23728018514746518;1.0;16.370957681085482;0;A
user-I072507_session-F043B57DC27CD5351F4A04F235EF7934EE1AF057E1FE9AB3350C0712A46AA23F_analysis-2.csv;user-I072507;2;-411732605;false;0.41830733308069834;1.0;16.370957681085482;0;A
user-I072507_session-F043B57DC27CD5351F4A04F235EF7934EE1AF057E1FE9AB3350C0712A46AA23F_analysis-2.csv;user-I072507;2;-1058188527;false;0.30088039064978145;1.0;16.370957681085482;0;A
user-I072507_session-F043B57DC27CD5351F4A04F235EF7934EE1AF057E1FE9AB3350C0712A46AA23F_analysis-2.csv;user-I072507;2;-1089919134;false;0.3184259139443454;1.0;16.370957681085482;0;A
user-I072507_session-F043B57DC27CD5351F4A04F235EF7934EE1AF057E1FE9AB3350C0712A46AA23F_analysis-2.csv;user-I072507;2;882192102;false;0.2822238076821413;1.0;16.370957681085482;0;A
user-I072507_session-F043B57DC27CD5351F4A04F235EF7934EE1AF057E1FE9AB3350C0712A46AA23F_analysis-2.csv;user-I072507;2;-371201002;false;0.25293910380943263;1.0;16.370957681085482;0;A
user-I072507_session-F043B57DC27CD5351F4A04F235EF7934EE1AF057E1FE9AB3350C0712A46AA23F_analysis-2.csv;user-I072507;2;-85391751;false;0.4123840335638401;1.0;16.370957681085482;0;A
user-I072507_session-F043B57DC27CD5351F4A04F235EF7934EE1AF057E1FE9AB3350C0712A46AA23F_analysis-2.csv;user-I072507;2;818029511;false;0.4882015772195134;1.0;16.370957681085482;0;A
user-I072507_session-F043B57DC27CD5351F4A04F235EF7934EE1AF057E1FE9AB3350C0712A46AA23F_analysis-2.csv;user-I072507;2;-1196275244;false;0.3284235782204483;1.0;16.370957681085482;0;A
user-I072507_session-F043B57DC27CD5351F4A04F235EF7934EE1AF057E1FE9AB3350C0712A46AA23F_analysis-2.csv;user-I072507;2;-1327917511;false;0.2613060564716483;1.0;16.370957681085482;0;A
user-I072507_session-F043B57DC27CD5351F4A04F235EF7934EE1AF057E1FE9AB3350C0712A46AA23F_analysis-2.csv;user-I072507;2;-586560258;false;0.49028290019230214;1.0;16.370957681085482;0;A
user-I072507_session-F043B57DC27CD5351F4A04F235EF7934EE1AF057E1FE9AB3350C0712A46AA23F_analysis-2.csv;user-I072507;2;-1269623907;false;0.45870410651253013;1.0;16.370957681085482;0;A
user-I072507_session-F043B57DC27CD5351F4A04F235EF7934EE1AF057E1FE9AB3350C0712A46AA23F_analysis-2.csv;user-I072507;2;1159647160;false;0.4860608712148522;1.0;16.370957681085482;0;A
user-I072507_session-F043B57DC27CD5351F4A04F235EF7934EE1AF057E1FE9AB3350C0712A46AA23F_analysis-2.csv;user-I072507;2;1901966703;false;0.456351528352817;1.0;16.370957681085482;0;A
user-I072507_session-F043B57DC27CD5351F4A04F235EF7934EE1AF057E1FE9AB3350C0712A46AA23F_analysis-2.csv;user-I072507;2;-2099284749;false;0.22205670713605352;1.0;16.370957681085482;0;A
user-I072507_session-F043B57DC27CD5351F4A04F235EF7934EE1AF057E1FE9AB3350C0712A46AA23F_analysis-2.csv;user-I072507;2;1619551817;false;0.4243975201130977;1.0;16.370957681085482;0;A
user-I072507_session-F043B57DC27CD5351F4A04F235EF7934EE1AF057E1FE9AB3350C0712A46AA23F_analysis-2.csv;user-I072507;2;1604096669;false;0.33720332641366757;1.0;16.370957681085482;0;A
user-I072507_session-F043B57DC27CD5351F4A04F235EF7934EE1AF057E1FE9AB3350C0712A46AA23F_analysis-2.csv;user-I072507;2;-602187639;false;0.23574385752348448;1.0;16.370957681085482;0;A
user-I072507_session-F043B57DC27CD5351F4A04F235EF7934EE1AF057E1FE9AB3350C0712A46AA23F_analysis-2.csv;user-I072507;2;-1382093789;false;0.20525656769379463;1.0;16.370957681085482;0;A
user-I072507_session-F043B57DC27CD5351F4A04F235EF7934EE1AF057E1FE9AB3350C0712A46AA23F_analysis-2.csv;user-I072507;2;1371082540;false;0.3078909005102285;1.0;16.370957681085482;0;A
user-I072507_session-F043B57DC27CD5351F4A04F235EF7934EE1AF057E1FE9AB3350C0712A46AA23F_analysis-2.csv;user-I072507;2;378642018;false;0.13231225988556528;1.0;16.370957681085482;0;A
user-I072507_session-F043B57DC27CD5351F4A04F235EF7934EE1AF057E1FE9AB3350C0712A46AA23F_analysis-2.csv;user-I072507;2;-1235446692;false;0.4089020857973007;1.0;16.370957681085482;0;A
user-I072507_session-F043B57DC27CD5351F4A04F235EF7934EE1AF057E1FE9AB3350C0712A46AA23F_analysis-2.csv;user-I072507;2;1303031053;false;0.38079880845212377;1.0;16.370957681085482;0;A
user-I072507_session-F043B57DC27CD5351F4A04F235EF7934EE1AF057E1FE9AB3350C0712A46AA23F_analysis-2.csv;user-I072507;2;-1139689643;false;0.46452696274406424;1.0;16.370957681085482;0;A
user-I072507_session-F043B57DC27CD5351F4A04F235EF7934EE1AF057E1FE9AB3350C0712A46AA23F_analysis-2.csv;user-I072507;2;777077798;false;0.3147569182025146;1.0;16.370957681085482;0;A
user-I072507_session-F043B57DC27CD5351F4A04F235EF7934EE1AF057E1FE9AB3350C0712A46AA23F_analysis-2.csv;user-I072507;2;1405146269;false;0.07009835737389314;1.0;16.370957681085482;0;A
user-I072507_session-F043B57DC27CD5351F4A04F235EF7934EE1AF057E1FE9AB3350C0712A46AA23F_analysis-2.csv;user-I072507;2;-227893465;false;0.2832400720453856;1.0;16.370957681085482;0;A
user-I072507_session-F043B57DC27CD5351F4A04F235EF7934EE1AF057E1FE9AB3350C0712A46AA23F_analysis-2.csv;user-I072507;2;-395725023;false;0.3794839193566949;1.0;16.370957681085482;0;A
user-I072507_session-F043B57DC27CD5351F4A04F235EF7934EE1AF057E1FE9AB3350C0712A46AA23F_analysis-2.csv;user-I072507;2;-87731281;false;0.24424882402182868;1.0;16.370957681085482;0;A
user-I072507_session-F043B57DC27CD5351F4A04F235EF7934EE1AF057E1FE9AB3350C0712A46AA23F_analysis-2.csv;user-I072507;2;1622937745;false;0.41615377431547085;1.0;16.370957681085482;0;A
user-I072507_session-F043B57DC27CD5351F4A04F235EF7934EE1AF057E1FE9AB3350C0712A46AA23F_analysis-2.csv;user-I072507;2;863752614;false;0.27714249348259756;1.0;16.370957681085482;0;A
user-I072507_session-F043B57DC27CD5351F4A04F235EF7934EE1AF057E1FE9AB3350C0712A46AA23F_analysis-2.csv;user-I072507;2;-1025838697;false;0.309970765857986;1.0;16.370957681085482;0;A
user-I072507_session-F043B57DC27CD5351F4A04F235EF7934EE1AF057E1FE9AB3350C0712A46AA23F_analysis-2.csv;user-I072507;2;-1962653530;false;0.3875923135371723;1.0;16.370957681085482;0;A
user-I072507_session-F043B57DC27CD5351F4A04F235EF7934EE1AF057E1FE9AB3350C0712A46AA23F_analysis-2.csv;user-I072507;2;667901017;false;0.008405021288346415;1.0;16.370957681085482;0;A
user-I072507_session-F043B57DC27CD5351F4A04F235EF7934EE1AF057E1FE9AB3350C0712A46AA23F_analysis-2.csv;user-I072507;2;513908465;false;0.34587468880202255;1.0;16.370957681085482;0;A
user-I072507_session-F043B57DC27CD5351F4A04F235EF7934EE1AF057E1FE9AB3350C0712A46AA23F_analysis-2.csv;user-I072507;2;401735141;false;0.011751477957219647;1.0;16.370957681085482;0;A
user-I072507_session-F043B57DC27CD5351F4A04F235EF7934EE1AF057E1FE9AB3350C0712A46AA23F_analysis-2.csv;user-I072507;2;599773174;false;0.3092521596189538;1.0;16.370957681085482;0;A
user-I072507_session-F043B57DC27CD5351F4A04F235EF7934EE1AF057E1FE9AB3350C0712A46AA23F_analysis-2.csv;user-I072507;2;1331883912;false;0.30428442171827963;1.0;16.370957681085482;0;A
user-I072507_session-F043B57DC27CD5351F4A04F235EF7934EE1AF057E1FE9AB3350C0712A46AA23F_analysis-2.csv;user-I072507;2;1071671641;false;0.23026741622429037;1.0;16.370957681085482;0;A
user-I072507_session-F043B57DC27CD5351F4A04F235EF7934EE1AF057E1FE9AB3350C0712A46AA23F_analysis-2.csv;user-I072507;2;693882080;false;0.2665097008851902;1.0;16.370957681085482;0;A
user-I072507_session-F043B57DC27CD5351F4A04F235EF7934EE1AF057E1FE9AB3350C0712A46AA23F_analysis-2.csv;user-I072507;2;958493913;false;0.055572646287659566;1.0;16.370957681085482;0;A
user-I072507_session-F043B57DC27CD5351F4A04F235EF7934EE1AF057E1FE9AB3350C0712A46AA23F_analysis-2.csv;user-I072507;2;787984918;false;0.3479962057217123;1.0;16.370957681085482;0;A
user-I072507_session-F043B57DC27CD5351F4A04F235EF7934EE1AF057E1FE9AB3350C0712A46AA23F_analysis-2.csv;user-I072507;2;542825235;false;0.055004395431932585;1.0;16.370957681085482;0;A
user-I072507_session-F043B57DC27CD5351F4A04F235EF7934EE1AF057E1FE9AB3350C0712A46AA23F_analysis-2.csv;user-I072507;2;-1052967707;false;0.23422920146207882;1.0;16.370957681085482;0;A
user-I072507_session-F043B57DC27CD5351F4A04F235EF7934EE1AF057E1FE9AB3350C0712A46AA23F_analysis-2.csv;user-I072507;2;1747404206;false;0.28796073919974474;1.0;16.370957681085482;0;A
user-I072507_session-F043B57DC27CD5351F4A04F235EF7934EE1AF057E1FE9AB3350C0712A46AA23F_analysis-2.csv;user-I072507;2;-794024588;false;0.4678031407074845;1.0;16.370957681085482;0;A
user-I072507_session-F043B57DC27CD5351F4A04F235EF7934EE1AF057E1FE9AB3350C0712A46AA23F_analysis-2.csv;user-I072507;2;-1382667979;false;0.35827040554810985;1.0;16.370957681085482;0;A
user-I072507_session-F043B57DC27CD5351F4A04F235EF7934EE1AF057E1FE9AB3350C0712A46AA23F_analysis-2.csv;user-I072507;2;1138517071;false;0.2128552650417883;1.0;16.370957681085482;0;A
user-I072507_session-F043B57DC27CD5351F4A04F235EF7934EE1AF057E1FE9AB3350C0712A46AA23F_analysis-2.csv;user-I072507;2;-962509620;false;0.20479969188616476;1.0;16.370957681085482;0;A
user-I072507_session-F043B57DC27CD5351F4A04F235EF7934EE1AF057E1FE9AB3350C0712A46AA23F_analysis-2.csv;user-I072507;2;797922064;false;0.45455747097383825;1.0;16.370957681085482;0;A
user-I072507_session-F043B57DC27CD5351F4A04F235EF7934EE1AF057E1FE9AB3350C0712A46AA23F_analysis-2.csv;user-I072507;2;505459330;false;0.44531435307164524;1.0;16.370957681085482;0;A
user-I072507_session-F043B57DC27CD5351F4A04F235EF7934EE1AF057E1FE9AB3350C0712A46AA23F_analysis-2.csv;user-I072507;2;-733883606;false;0.2616490478986083;1.0;16.370957681085482;0;A
user-I072507_session-F043B57DC27CD5351F4A04F235EF7934EE1AF057E1FE9AB3350C0712A46AA23F_analysis-2.csv;user-I072507;2;584430855;false;0.2500680473829203;1.0;16.370957681085482;0;A
user-I072507_session-F043B57DC27CD5351F4A04F235EF7934EE1AF057E1FE9AB3350C0712A46AA23F_analysis-2.csv;user-I072507;2;1270829199;false;0.475620753151072;1.0;16.370957681085482;0;A
user-I072507_session-F043B57DC27CD5351F4A04F235EF7934EE1AF057E1FE9AB3350C0712A46AA23F_analysis-2.csv;user-I072507;2;1338957042;false;0.288362678273534;1.0;16.370957681085482;0;A
user-I072507_session-F043B57DC27CD5351F4A04F235EF7934EE1AF057E1FE9AB3350C0712A46AA23F_analysis-2.csv;user-I072507;2;682055869;false;0.47501916681447487;1.0;16.370957681085482;0;A
user-I072507_session-F043B57DC27CD5351F4A04F235EF7934EE1AF057E1FE9AB3350C0712A46AA23F_analysis-2.csv;user-I072507;2;-1296839778;false;0.47839939733580383;1.0;16.370957681085482;0;A
user-I072507_session-F043B57DC27CD5351F4A04F235EF7934EE1AF057E1FE9AB3350C0712A46AA23F_analysis-2.csv;user-I072507;2;1536090873;false;0.25767609042891504;1.0;16.370957681085482;0;A
user-I072507_session-F043B57DC27CD5351F4A04F235EF7934EE1AF057E1FE9AB3350C0712A46AA23F_analysis-2.csv;user-I072507;2;-2027962727;false;0.43451318875988765;1.0;16.370957681085482;0;A
user-I072507_session-F043B57DC27CD5351F4A04F235EF7934EE1AF057E1FE9AB3350C0712A46AA23F_analysis-2.csv;user-I072507;2;1766245282;false;0.23582500702630937;1.0;16.370957681085482;0;A
user-I072507_session-F043B57DC27CD5351F4A04F235EF7934EE1AF057E1FE9AB3350C0712A46AA23F_analysis-2.csv;user-I072507;2;-1125022054;false;0.3439422882597306;1.0;16.370957681085482;0;A
user-I072507_session-F043B57DC27CD5351F4A04F235EF7934EE1AF057E1FE9AB3350C0712A46AA23F_analysis-2.csv;user-I072507;2;-1595567361;false;7.977931453921894E-4;1.0;16.370957681085482;0;A
user-I072507_session-F043B57DC27CD5351F4A04F235EF7934EE1AF057E1FE9AB3350C0712A46AA23F_analysis-2.csv;user-I072507;2;-1112513513;false;0.353095435538867;1.0;16.370957681085482;0;A
user-I072507_session-F043B57DC27CD5351F4A04F235EF7934EE1AF057E1FE9AB3350C0712A46AA23F_analysis-2.csv;user-I072507;2;-1751218150;false;0.29864501138108535;1.0;16.370957681085482;0;A
user-I072507_session-F043B57DC27CD5351F4A04F235EF7934EE1AF057E1FE9AB3350C0712A46AA23F_analysis-2.csv;user-I072507;2;963117987;false;0.48068161931594566;1.0;16.370957681085482;0;A
user-I072507_session-F043B57DC27CD5351F4A04F235EF7934EE1AF057E1FE9AB3350C0712A46AA23F_analysis-2.csv;user-I072507;2;-672532925;false;0.28085375225880216;1.0;16.370957681085482;0;A
user-I072507_session-F043B57DC27CD5351F4A04F235EF7934EE1AF057E1FE9AB3350C0712A46AA23F_analysis-2.csv;user-I072507;2;-995675820;false;0.4917370311770972;1.0;16.370957681085482;0;A
user-I072507_session-F043B57DC27CD5351F4A04F235EF7934EE1AF057E1FE9AB3350C0712A46AA23F_analysis-2.csv;user-I072507;2;1966047140;false;0.4055945227022181;1.0;16.370957681085482;0;A
user-I072507_session-F043B57DC27CD5351F4A04F235EF7934EE1AF057E1FE9AB3350C0712A46AA23F_analysis-2.csv;user-I072507;2;-2104575321;false;0.41085582249258745;1.0;16.370957681085482;0;A
user-I072507_session-F043B57DC27CD5351F4A04F235EF7934EE1AF057E1FE9AB3350C0712A46AA23F_analysis-2.csv;user-I072507;2;-813623019;false;0.31921648369152067;1.0;16.370957681085482;0;A
user-I072507_session-F043B57DC27CD5351F4A04F235EF7934EE1AF057E1FE9AB3350C0712A46AA23F_analysis-2.csv;user-I072507;2;1190793818;false;0.41056181008061077;1.0;16.370957681085482;0;A
user-I072507_session-F043B57DC27CD5351F4A04F235EF7934EE1AF057E1FE9AB3350C0712A46AA23F_analysis-2.csv;user-I072507;2;1677180967;false;0.217416257060135;1.0;16.370957681085482;0;A
user-I072507_session-F043B57DC27CD5351F4A04F235EF7934EE1AF057E1FE9AB3350C0712A46AA23F_analysis-2.csv;user-I072507;2;1068171785;false;0.23015785909748798;1.0;16.370957681085482;0;A
user-I072507_session-F043B57DC27CD5351F4A04F235EF7934EE1AF057E1FE9AB3350C0712A46AA23F_analysis-2.csv;user-I072507;2;-1156987595;false;0.244240551571151;1.0;16.370957681085482;0;A
user-I072507_session-F043B57DC27CD5351F4A04F235EF7934EE1AF057E1FE9AB3350C0712A46AA23F_analysis-2.csv;user-I072507;2;-12429500;false;0.44941803298850436;1.0;16.370957681085482;0;A
user-I072507_session-F043B57DC27CD5351F4A04F235EF7934EE1AF057E1FE9AB3350C0712A46AA23F_analysis-2.csv;user-I072507;2;-1659647798;false;0.001133061777334965;1.0;16.370957681085482;0;A
user-I072507_session-F043B57DC27CD5351F4A04F235EF7934EE1AF057E1FE9AB3350C0712A46AA23F_analysis-2.csv;user-I072507;2;-762877930;false;0.37573767149191606;1.0;16.370957681085482;0;A
user-I072507_session-F043B57DC27CD5351F4A04F235EF7934EE1AF057E1FE9AB3350C0712A46AA23F_analysis-2.csv;user-I072507;2;-1169734236;false;0.2920208384495754;1.0;16.370957681085482;0;A
user-I072507_session-F043B57DC27CD5351F4A04F235EF7934EE1AF057E1FE9AB3350C0712A46AA23F_analysis-2.csv;user-I072507;2;874753856;false;0.40021087673489875;1.0;16.370957681085482;0;A
user-I072507_session-F043B57DC27CD5351F4A04F235EF7934EE1AF057E1FE9AB3350C0712A46AA23F_analysis-2.csv;user-I072507;2;1554809902;false;0.3799454782446544;1.0;16.370957681085482;0;A
user-I072507_session-F043B57DC27CD5351F4A04F235EF7934EE1AF057E1FE9AB3350C0712A46AA23F_analysis-2.csv;user-I072507;2;945099142;false;0.2918850734143511;1.0;16.370957681085482;0;A
user-I072507_session-F043B57DC27CD5351F4A04F235EF7934EE1AF057E1FE9AB3350C0712A46AA23F_analysis-2.csv;user-I072507;2;-1220007986;false;0.29399437180238996;1.0;16.370957681085482;0;A
user-I072507_session-F043B57DC27CD5351F4A04F235EF7934EE1AF057E1FE9AB3350C0712A46AA23F_analysis-2.csv;user-I072507;2;1409700165;false;0.2895606715098541;1.0;16.370957681085482;0;A
user-I072507_session-F043B57DC27CD5351F4A04F235EF7934EE1AF057E1FE9AB3350C0712A46AA23F_analysis-2.csv;user-I072507;2;-2043110905;false;0.47096233505681173;1.0;16.370957681085482;0;A
user-I072507_session-F043B57DC27CD5351F4A04F235EF7934EE1AF057E1FE9AB3350C0712A46AA23F_analysis-2.csv;user-I072507;2;236323164;false;0.49249065186326624;1.0;16.370957681085482;0;A
user-I072507_session-F043B57DC27CD5351F4A04F235EF7934EE1AF057E1FE9AB3350C0712A46AA23F_analysis-2.csv;user-I072507;2;-398861846;false;0.4428154683437254;1.0;16.370957681085482;0;A
user-I072507_session-F043B57DC27CD5351F4A04F235EF7934EE1AF057E1FE9AB3350C0712A46AA23F_analysis-2.csv;user-I072507;2;845205641;false;0.4585400979664225;1.0;16.370957681085482;0;A
user-I072507_session-F043B57DC27CD5351F4A04F235EF7934EE1AF057E1FE9AB3350C0712A46AA23F_analysis-2.csv;user-I072507;2;1075187994;false;0.21947606195236136;1.0;16.370957681085482;0;A
user-I072507_session-F043B57DC27CD5351F4A04F235EF7934EE1AF057E1FE9AB3350C0712A46AA23F_analysis-2.csv;user-I072507;2;961337048;false;0.28897776615691795;1.0;16.370957681085482;0;A
user-I072507_session-F043B57DC27CD5351F4A04F235EF7934EE1AF057E1FE9AB3350C0712A46AA23F_analysis-2.csv;user-I072507;2;-1527265527;false;0.3110316140556537;1.0;16.370957681085482;0;A
user-I072507_session-F043B57DC27CD5351F4A04F235EF7934EE1AF057E1FE9AB3350C0712A46AA23F_analysis-2.csv;user-I072507;2;894413476;false;0.012738849924464613;1.0;16.370957681085482;0;A
user-I072507_session-F043B57DC27CD5351F4A04F235EF7934EE1AF057E1FE9AB3350C0712A46AA23F_analysis-2.csv;user-I072507;2;1514466433;false;0.20520410858717186;1.0;16.370957681085482;0;A
user-I072507_session-F043B57DC27CD5351F4A04F235EF7934EE1AF057E1FE9AB3350C0712A46AA23F_analysis-2.csv;user-I072507;2;571003769;false;0.3791328482249544;1.0;16.370957681085482;0;A
user-I072507_session-F043B57DC27CD5351F4A04F235EF7934EE1AF057E1FE9AB3350C0712A46AA23F_analysis-2.csv;user-I072507;2;2125914475;false;0.38970711179026085;1.0;16.370957681085482;0;A
user-I072507_session-F043B57DC27CD5351F4A04F235EF7934EE1AF057E1FE9AB3350C0712A46AA23F_analysis-2.csv;user-I072507;2;-298238751;false;0.4238432740274767;1.0;16.370957681085482;0;A
user-I072507_session-F043B57DC27CD5351F4A04F235EF7934EE1AF057E1FE9AB3350C0712A46AA23F_analysis-2.csv;user-I072507;2;-1201496064;false;0.02513812460017939;1.0;16.370957681085482;0;A
user-I072507_session-F043B57DC27CD5351F4A04F235EF7934EE1AF057E1FE9AB3350C0712A46AA23F_analysis-2.csv;user-I072507;2;-353622485;false;0.4581602679838547;1.0;16.370957681085482;0;A
user-I072507_session-F043B57DC27CD5351F4A04F235EF7934EE1AF057E1FE9AB3350C0712A46AA23F_analysis-2.csv;user-I072507;2;-1447804299;false;0.27363083568863655;1.0;16.370957681085482;0;A
user-I072507_session-F043B57DC27CD5351F4A04F235EF7934EE1AF057E1FE9AB3350C0712A46AA23F_analysis-2.csv;user-I072507;2;-1456920241;false;0.22989371898504407;1.0;16.370957681085482;0;A
user-I072507_session-F043B57DC27CD5351F4A04F235EF7934EE1AF057E1FE9AB3350C0712A46AA23F_analysis-2.csv;user-I072507;2;60531807;false;0.31236454966261307;1.0;16.370957681085482;0;A
user-I072507_session-F043B57DC27CD5351F4A04F235EF7934EE1AF057E1FE9AB3350C0712A46AA23F_analysis-2.csv;user-I072507;2;1482264579;false;0.25178012267213123;1.0;16.370957681085482;0;A
user-I072507_session-F043B57DC27CD5351F4A04F235EF7934EE1AF057E1FE9AB3350C0712A46AA23F_analysis-2.csv;user-I072507;2;-1318587542;false;0.35625421438093596;1.0;16.370957681085482;0;A
user-I072507_session-F043B57DC27CD5351F4A04F235EF7934EE1AF057E1FE9AB3350C0712A46AA23F_analysis-2.csv;user-I072507;2;811208554;false;0.2995419202650008;1.0;16.370957681085482;0;A
user-I072507_session-F043B57DC27CD5351F4A04F235EF7934EE1AF057E1FE9AB3350C0712A46AA23F_analysis-2.csv;user-I072507;2;1395976562;false;0.26944437524603826;1.0;16.370957681085482;0;A
user-I072507_session-F043B57DC27CD5351F4A04F235EF7934EE1AF057E1FE9AB3350C0712A46AA23F_analysis-2.csv;user-I072507;2;725343845;false;0.2204671740470423;1.0;16.370957681085482;0;A
user-I072507_session-F043B57DC27CD5351F4A04F235EF7934EE1AF057E1FE9AB3350C0712A46AA23F_analysis-2.csv;user-I072507;2;1076892461;false;0.3121313411205071;1.0;16.370957681085482;0;A
user-I072507_session-F043B57DC27CD5351F4A04F235EF7934EE1AF057E1FE9AB3350C0712A46AA23F_analysis-2.csv;user-I072507;2;-1311748503;false;0.20497937409139444;1.0;16.370957681085482;0;A
user-I072507_session-F043B57DC27CD5351F4A04F235EF7934EE1AF057E1FE9AB3350C0712A46AA23F_analysis-2.csv;user-I072507;2;1604218716;false;0.32616873660886636;1.0;16.370957681085482;0;A
user-I072507_session-F043B57DC27CD5351F4A04F235EF7934EE1AF057E1FE9AB3350C0712A46AA23F_analysis-2.csv;user-I072507;2;1695899996;false;0.24151891010443194;1.0;16.370957681085482;0;A
user-I072507_session-F043B57DC27CD5351F4A04F235EF7934EE1AF057E1FE9AB3350C0712A46AA23F_analysis-2.csv;user-I072507;2;-153519594;false;0.3851043136942064;1.0;16.370957681085482;0;A
user-I072507_session-F043B57DC27CD5351F4A04F235EF7934EE1AF057E1FE9AB3350C0712A46AA23F_analysis-2.csv;user-I072507;2;1747526253;false;0.2119605076893889;1.0;16.370957681085482;0;A
user-I072507_session-F043B57DC27CD5351F4A04F235EF7934EE1AF057E1FE9AB3350C0712A46AA23F_analysis-2.csv;user-I072507;2;-1060941617;false;0.2598423768551489;1.0;16.370957681085482;0;A
user-I072507_session-F043B57DC27CD5351F4A04F235EF7934EE1AF057E1FE9AB3350C0712A46AA23F_analysis-2.csv;user-I072507;2;1444121147;false;0.2622584261908456;1.0;16.370957681085482;0;A
user-I072507_session-F043B57DC27CD5351F4A04F235EF7934EE1AF057E1FE9AB3350C0712A46AA23F_analysis-2.csv;user-I072507;2;1460056999;false;0.3343901618022428;1.0;16.370957681085482;0;A
user-I072507_session-F043B57DC27CD5351F4A04F235EF7934EE1AF057E1FE9AB3350C0712A46AA23F_analysis-2.csv;user-I072507;2;-580653637;false;0.2860662257204756;1.0;16.370957681085482;0;A
user-I072507_session-F043B57DC27CD5351F4A04F235EF7934EE1AF057E1FE9AB3350C0712A46AA23F_analysis-2.csv;user-I072507;2;-1026590057;false;0.24651284208937763;1.0;16.370957681085482;0;A
user-I072507_session-F043B57DC27CD5351F4A04F235EF7934EE1AF057E1FE9AB3350C0712A46AA23F_analysis-2.csv;user-I072507;2;1227775003;false;0.2772897856897152;1.0;16.370957681085482;0;A
user-I072507_session-F043B57DC27CD5351F4A04F235EF7934EE1AF057E1FE9AB3350C0712A46AA23F_analysis-2.csv;user-I072507;2;2042128887;false;0.3681016809669244;1.0;16.370957681085482;0;A
user-I072507_session-F043B57DC27CD5351F4A04F235EF7934EE1AF057E1FE9AB3350C0712A46AA23F_analysis-2.csv;user-I072507;2;-1300295132;false;0.3645702911007308;1.0;16.370957681085482;0;A
user-I072507_session-F043B57DC27CD5351F4A04F235EF7934EE1AF057E1FE9AB3350C0712A46AA23F_analysis-2.csv;user-I072507;2;740863268;false;0.4764079947289045;1.0;16.370957681085482;0;A
user-I072507_session-F043B57DC27CD5351F4A04F235EF7934EE1AF057E1FE9AB3350C0712A46AA23F_analysis-2.csv;user-I072507;2;733663762;false;0.35783418902586583;1.0;16.370957681085482;0;A
user-I072507_session-F043B57DC27CD5351F4A04F235EF7934EE1AF057E1FE9AB3350C0712A46AA23F_analysis-2.csv;user-I072507;2;-158076567;false;0.2870531477841016;1.0;16.370957681085482;0;A
user-I072507_session-F043B57DC27CD5351F4A04F235EF7934EE1AF057E1FE9AB3350C0712A46AA23F_analysis-2.csv;user-I072507;2;1174553367;false;0.2721151092375569;1.0;16.370957681085482;0;A
user-I072507_session-F043B57DC27CD5351F4A04F235EF7934EE1AF057E1FE9AB3350C0712A46AA23F_analysis-2.csv;user-I072507;2;-1123312993;false;0.22425986478951088;1.0;16.370957681085482;0;A
user-I072507_session-F043B57DC27CD5351F4A04F235EF7934EE1AF057E1FE9AB3350C0712A46AA23F_analysis-2.csv;user-I072507;2;801791605;false;0.036912335349809866;1.0;16.370957681085482;0;A
user-I072507_session-F043B57DC27CD5351F4A04F235EF7934EE1AF057E1FE9AB3350C0712A46AA23F_analysis-2.csv;user-I072507;2;1469226706;false;0.047804159337738183;1.0;16.370957681085482;0;A
user-I072507_session-F043B57DC27CD5351F4A04F235EF7934EE1AF057E1FE9AB3350C0712A46AA23F_analysis-2.csv;user-I072507;2;-327597180;false;0.26375215400472407;1.0;16.370957681085482;0;A
user-I072507_session-F043B57DC27CD5351F4A04F235EF7934EE1AF057E1FE9AB3350C0712A46AA23F_analysis-2.csv;user-I072507;2;-1176593950;false;0.3513438197528601;1.0;16.370957681085482;0;A
user-I072507_session-F043B57DC27CD5351F4A04F235EF7934EE1AF057E1FE9AB3350C0712A46AA23F_analysis-2.csv;user-I072507;2;-1659239679;false;0.32777597527550506;1.0;16.370957681085482;0;A
user-I072507_session-F043B57DC27CD5351F4A04F235EF7934EE1AF057E1FE9AB3350C0712A46AA23F_analysis-2.csv;user-I072507;2;57915786;false;0.2512591322683684;1.0;16.370957681085482;0;A
user-I072507_session-F043B57DC27CD5351F4A04F235EF7934EE1AF057E1FE9AB3350C0712A46AA23F_analysis-2.csv;user-I072507;2;2009650962;false;0.4119974321487472;1.0;16.370957681085482;0;A
user-I072507_session-F043B57DC27CD5351F4A04F235EF7934EE1AF057E1FE9AB3350C0712A46AA23F_analysis-2.csv;user-I072507;2;969739788;false;0.259039586515307;1.0;16.370957681085482;0;A
user-I072507_session-F043B57DC27CD5351F4A04F235EF7934EE1AF057E1FE9AB3350C0712A46AA23F_analysis-2.csv;user-I072507;2;-745495176;false;0.4255647075120095;1.0;16.370957681085482;0;A
user-I072507_session-F043B57DC27CD5351F4A04F235EF7934EE1AF057E1FE9AB3350C0712A46AA23F_analysis-2.csv;user-I072507;2;1984247167;false;0.26099756178995437;1.0;16.370957681085482;0;A
user-I072507_session-F043B57DC27CD5351F4A04F235EF7934EE1AF057E1FE9AB3350C0712A46AA23F_analysis-2.csv;user-I072507;2;-877191143;false;0.31780533127841515;1.0;16.370957681085482;0;A
user-I072507_session-F043B57DC27CD5351F4A04F235EF7934EE1AF057E1FE9AB3350C0712A46AA23F_analysis-2.csv;user-I072507;2;-618762112;false;0.296818385020285;1.0;16.370957681085482;0;A
user-I072507_session-F043B57DC27CD5351F4A04F235EF7934EE1AF057E1FE9AB3350C0712A46AA23F_analysis-2.csv;user-I072507;2;639131612;false;0.49701528305292886;1.0;16.370957681085482;0;A
user-I072507_session-F043B57DC27CD5351F4A04F235EF7934EE1AF057E1FE9AB3350C0712A46AA23F_analysis-2.csv;user-I072507;2;-784240440;false;0.3122246155103028;1.0;16.370957681085482;0;A
user-I072507_session-F043B57DC27CD5351F4A04F235EF7934EE1AF057E1FE9AB3350C0712A46AA23F_analysis-2.csv;user-I072507;2;-475813042;false;0.3555568562395891;1.0;16.370957681085482;0;A
user-I072507_session-F043B57DC27CD5351F4A04F235EF7934EE1AF057E1FE9AB3350C0712A46AA23F_analysis-2.csv;user-I072507;2;-927547977;false;0.15704760042938837;1.0;16.370957681085482;0;A
user-I072507_session-F043B57DC27CD5351F4A04F235EF7934EE1AF057E1FE9AB3350C0712A46AA23F_analysis-2.csv;user-I072507;2;94655856;false;0.3303312765298383;1.0;16.370957681085482;0;A
user-I072507_session-F043B57DC27CD5351F4A04F235EF7934EE1AF057E1FE9AB3350C0712A46AA23F_analysis-2.csv;user-I072507;2;1527672529;false;0.36308576049327157;1.0;16.370957681085482;0;A
user-I072507_session-F043B57DC27CD5351F4A04F235EF7934EE1AF057E1FE9AB3350C0712A46AA23F_analysis-2.csv;user-I072507;2;-9813479;false;0.39395013498188924;1.0;16.370957681085482;0;A
user-I072507_session-F043B57DC27CD5351F4A04F235EF7934EE1AF057E1FE9AB3350C0712A46AA23F_analysis-2.csv;user-I072507;2;514085569;false;0.3277664555602726;1.0;16.370957681085482;0;A
user-I072507_session-F043B57DC27CD5351F4A04F235EF7934EE1AF057E1FE9AB3350C0712A46AA23F_analysis-2.csv;user-I072507;2;-1378754229;false;2.1656948629988904E-6;1.0;16.370957681085482;0;A
user-I072507_session-F043B57DC27CD5351F4A04F235EF7934EE1AF057E1FE9AB3350C0712A46AA23F_analysis-2.csv;user-I072507;2;1767833846;false;0.35064680089645583;1.0;16.370957681085482;0;A
user-I072507_session-F043B57DC27CD5351F4A04F235EF7934EE1AF057E1FE9AB3350C0712A46AA23F_analysis-2.csv;user-I072507;2;1694871595;false;0.011325796966675794;1.0;16.370957681085482;0;A
user-I072507_session-F043B57DC27CD5351F4A04F235EF7934EE1AF057E1FE9AB3350C0712A46AA23F_analysis-2.csv;user-I072507;2;-2100924978;false;0.2751039372621532;1.0;16.370957681085482;0;A
user-I072507_session-F043B57DC27CD5351F4A04F235EF7934EE1AF057E1FE9AB3350C0712A46AA23F_analysis-2.csv;user-I072507;2;-82775730;false;0.15403843605637624;1.0;16.370957681085482;0;A
user-I072507_session-F043B57DC27CD5351F4A04F235EF7934EE1AF057E1FE9AB3350C0712A46AA23F_analysis-2.csv;user-I072507;2;-1368422975;false;0.3117583640286593;1.0;16.370957681085482;0;A
user-I072507_session-F043B57DC27CD5351F4A04F235EF7934EE1AF057E1FE9AB3350C0712A46AA23F_analysis-2.csv;user-I072507;2;1535968826;false;0.41626688481277263;1.0;16.370957681085482;0;A
user-I072507_session-F043B57DC27CD5351F4A04F235EF7934EE1AF057E1FE9AB3350C0712A46AA23F_analysis-2.csv;user-I072507;2;-786524452;false;0.33912435569169297;1.0;16.370957681085482;0;A
user-I072507_session-F043B57DC27CD5351F4A04F235EF7934EE1AF057E1FE9AB3350C0712A46AA23F_analysis-2.csv;user-I072507;2;-1957617441;false;0.2606978160412141;1.0;16.370957681085482;0;A
user-I072507_session-F043B57DC27CD5351F4A04F235EF7934EE1AF057E1FE9AB3350C0712A46AA23F_analysis-2.csv;user-I072507;2;-1439763283;false;0.28661331973008786;1.0;16.370957681085482;0;A
user-I072507_session-F043B57DC27CD5351F4A04F235EF7934EE1AF057E1FE9AB3350C0712A46AA23F_analysis-2.csv;user-I072507;2;918167892;false;0.23032603661728257;1.0;16.370957681085482;0;A
user-I072507_session-F043B57DC27CD5351F4A04F235EF7934EE1AF057E1FE9AB3350C0712A46AA23F_analysis-2.csv;user-I072507;2;828649694;false;0.2682355535320238;1.0;16.370957681085482;0;A
user-I072507_session-F043B57DC27CD5351F4A04F235EF7934EE1AF057E1FE9AB3350C0712A46AA23F_analysis-2.csv;user-I072507;2;-1353898574;false;0.31365957809508904;1.0;16.370957681085482;0;A
user-I072507_session-F043B57DC27CD5351F4A04F235EF7934EE1AF057E1FE9AB3350C0712A46AA23F_analysis-2.csv;user-I072507;2;1140972898;false;0.23445565137424218;1.0;16.370957681085482;0;A
user-I072507_session-F043B57DC27CD5351F4A04F235EF7934EE1AF057E1FE9AB3350C0712A46AA23F_analysis-2.csv;user-I072507;2;-1516595836;false;0.35862487855729863;1.0;16.370957681085482;0;A
user-I072507_session-F043B57DC27CD5351F4A04F235EF7934EE1AF057E1FE9AB3350C0712A46AA23F_analysis-2.csv;user-I072507;2;737020364;false;0.3727809889162703;1.0;16.370957681085482;0;A
user-I072507_session-F043B57DC27CD5351F4A04F235EF7934EE1AF057E1FE9AB3350C0712A46AA23F_analysis-2.csv;user-I072507;2;1300737254;false;0.470846971576102;1.0;16.370957681085482;0;A
user-I072507_session-F043B57DC27CD5351F4A04F235EF7934EE1AF057E1FE9AB3350C0712A46AA23F_analysis-2.csv;user-I072507;2;931292455;false;0.23197941637759778;1.0;16.370957681085482;0;A
user-I072507_session-F043B57DC27CD5351F4A04F235EF7934EE1AF057E1FE9AB3350C0712A46AA23F_analysis-2.csv;user-I072507;2;-936149279;false;0.03032946128980951;1.0;16.370957681085482;0;A
user-I072507_session-F043B57DC27CD5351F4A04F235EF7934EE1AF057E1FE9AB3350C0712A46AA23F_analysis-2.csv;user-I072507;2;656831970;false;0.42275960866173445;1.0;16.370957681085482;0;A
user-I072507_session-F043B57DC27CD5351F4A04F235EF7934EE1AF057E1FE9AB3350C0712A46AA23F_analysis-2.csv;user-I072507;2;-698797493;false;0.3850539327177853;1.0;16.370957681085482;0;A
user-I072507_session-F043B57DC27CD5351F4A04F235EF7934EE1AF057E1FE9AB3350C0712A46AA23F_analysis-2.csv;user-I072507;2;2125337261;false;0.268774402938201;1.0;16.370957681085482;0;A
user-I072507_session-F043B57DC27CD5351F4A04F235EF7934EE1AF057E1FE9AB3350C0712A46AA23F_analysis-2.csv;user-I072507;2;-1821563436;false;0.4716512224545363;1.0;16.370957681085482;0;A
user-I072507_session-F043B57DC27CD5351F4A04F235EF7934EE1AF057E1FE9AB3350C0712A46AA23F_analysis-2.csv;user-I072507;2;1104208081;false;0.40209623063804234;1.0;16.370957681085482;0;A
user-I072507_session-F043B57DC27CD5351F4A04F235EF7934EE1AF057E1FE9AB3350C0712A46AA23F_analysis-2.csv;user-I072507;2;625754237;false;0.21297013674517618;1.0;16.370957681085482;0;A
user-I072507_session-F043B57DC27CD5351F4A04F235EF7934EE1AF057E1FE9AB3350C0712A46AA23F_analysis-2.csv;user-I072507;2;1402229198;false;0.24136271255254904;1.0;16.370957681085482;0;A
user-I072507_session-F043B57DC27CD5351F4A04F235EF7934EE1AF057E1FE9AB3350C0712A46AA23F_analysis-2.csv;user-I072507;2;1945570525;false;0.33038857598294624;1.0;16.370957681085482;0;A
user-I072507_session-F043B57DC27CD5351F4A04F235EF7934EE1AF057E1FE9AB3350C0712A46AA23F_analysis-2.csv;user-I072507;2;-682842549;false;0.4069678053117013;1.0;16.370957681085482;0;A
user-I072507_session-F043B57DC27CD5351F4A04F235EF7934EE1AF057E1FE9AB3350C0712A46AA23F_analysis-2.csv;user-I072507;2;-510308351;false;0.2800101948513689;1.0;16.370957681085482;0;A
user-I072507_session-F043B57DC27CD5351F4A04F235EF7934EE1AF057E1FE9AB3350C0712A46AA23F_analysis-2.csv;user-I072507;2;-1580676273;false;0.35347748736975493;1.0;16.370957681085482;0;A
user-I072507_session-F043B57DC27CD5351F4A04F235EF7934EE1AF057E1FE9AB3350C0712A46AA23F_analysis-2.csv;user-I072507;2;469862984;false;1.7831419674152471E-9;1.0;16.370957681085482;0;A
user-I072507_session-F043B57DC27CD5351F4A04F235EF7934EE1AF057E1FE9AB3350C0712A46AA23F_analysis-2.csv;user-I072507;2;-1591111836;false;0.33495344916933223;1.0;16.370957681085482;0;A
user-I072507_session-F043B57DC27CD5351F4A04F235EF7934EE1AF057E1FE9AB3350C0712A46AA23F_analysis-2.csv;user-I072507;2;-716179166;false;0.22186844171234887;1.0;16.370957681085482;0;A
user-I072507_session-F043B57DC27CD5351F4A04F235EF7934EE1AF057E1FE9AB3350C0712A46AA23F_analysis-2.csv;user-I072507;2;-854585726;false;0.47163358878908956;1.0;16.370957681085482;0;A
user-I072507_session-F043B57DC27CD5351F4A04F235EF7934EE1AF057E1FE9AB3350C0712A46AA23F_analysis-2.csv;user-I072507;2;-724713899;false;0.36918516970274706;1.0;16.370957681085482;0;A
user-I072507_session-F043B57DC27CD5351F4A04F235EF7934EE1AF057E1FE9AB3350C0712A46AA23F_analysis-2.csv;user-I072507;2;-1289818137;false;0.23327363634929954;1.0;16.370957681085482;0;A
user-I072507_session-F043B57DC27CD5351F4A04F235EF7934EE1AF057E1FE9AB3350C0712A46AA23F_analysis-2.csv;user-I072507;2;-1203770080;false;0.3970771903998509;1.0;16.370957681085482;0;A
user-I072507_session-F043B57DC27CD5351F4A04F235EF7934EE1AF057E1FE9AB3350C0712A46AA23F_analysis-2.csv;user-I072507;2;1477858706;false;0.3020744444325786;1.0;16.370957681085482;0;A
user-I072507_session-F043B57DC27CD5351F4A04F235EF7934EE1AF057E1FE9AB3350C0712A46AA23F_analysis-2.csv;user-I072507;2;-1455056040;false;0.289662733412536;1.0;16.370957681085482;0;A
user-I072507_session-F043B57DC27CD5351F4A04F235EF7934EE1AF057E1FE9AB3350C0712A46AA23F_analysis-2.csv;user-I072507;2;724959813;false;0.12665760043864682;1.0;16.370957681085482;0;A
user-I072507_session-F043B57DC27CD5351F4A04F235EF7934EE1AF057E1FE9AB3350C0712A46AA23F_analysis-2.csv;user-I072507;2;-1263837074;false;0.2540386909169794;1.0;16.370957681085482;0;A
user-I072507_session-F043B57DC27CD5351F4A04F235EF7934EE1AF057E1FE9AB3350C0712A46AA23F_analysis-2.csv;user-I072507;2;-353500438;false;0.23611727271105554;1.0;16.370957681085482;0;A
user-I072507_session-F043B57DC27CD5351F4A04F235EF7934EE1AF057E1FE9AB3350C0712A46AA23F_analysis-2.csv;user-I072507;2;-2040494884;false;0.3345118582225506;1.0;16.370957681085482;0;A
user-I072507_session-F043B57DC27CD5351F4A04F235EF7934EE1AF057E1FE9AB3350C0712A46AA23F_analysis-2.csv;user-I072507;2;-231038818;false;0.46180124505469455;1.0;16.370957681085482;0;A
user-I072507_session-F043B57DC27CD5351F4A04F235EF7934EE1AF057E1FE9AB3350C0712A46AA23F_analysis-2.csv;user-I072507;2;868267350;false;0.23316328445820822;1.0;16.370957681085482;0;A
user-I072507_session-F043B57DC27CD5351F4A04F235EF7934EE1AF057E1FE9AB3350C0712A46AA23F_analysis-2.csv;user-I072507;2;972872573;false;0.31587165657454386;1.0;16.370957681085482;0;A
user-I072507_session-F043B57DC27CD5351F4A04F235EF7934EE1AF057E1FE9AB3350C0712A46AA23F_analysis-2.csv;user-I072507;2;931880457;false;0.44818742842517034;1.0;16.370957681085482;0;A
user-I072507_session-F043B57DC27CD5351F4A04F235EF7934EE1AF057E1FE9AB3350C0712A46AA23F_analysis-2.csv;user-I072507;2;749901668;false;0.3815019868201678;1.0;16.370957681085482;0;A
user-I072507_session-F043B57DC27CD5351F4A04F235EF7934EE1AF057E1FE9AB3350C0712A46AA23F_analysis-2.csv;user-I072507;2;-804228892;false;0.2960527298642006;1.0;16.370957681085482;0;A
user-I072507_session-F043B57DC27CD5351F4A04F235EF7934EE1AF057E1FE9AB3350C0712A46AA23F_analysis-2.csv;user-I072507;2;-1128533813;false;0.3808960362227304;1.0;16.370957681085482;0;A
user-I072507_session-F043B57DC27CD5351F4A04F235EF7934EE1AF057E1FE9AB3350C0712A46AA23F_analysis-2.csv;user-I072507;2;-990553761;false;0.39583450994989866;1.0;16.370957681085482;0;A
user-I072507_session-F043B57DC27CD5351F4A04F235EF7934EE1AF057E1FE9AB3350C0712A46AA23F_analysis-2.csv;user-I072507;2;-653615888;false;0.1788072822203003;1.0;16.370957681085482;0;A
user-I072507_session-F043B57DC27CD5351F4A04F235EF7934EE1AF057E1FE9AB3350C0712A46AA23F_analysis-2.csv;user-I072507;2;1036953010;false;0.31975341059215256;1.0;16.370957681085482;0;A
user-I072507_session-F043B57DC27CD5351F4A04F235EF7934EE1AF057E1FE9AB3350C0712A46AA23F_analysis-2.csv;user-I072507;2;172242727;false;0.45873548418051746;1.0;16.370957681085482;0;A
user-I072507_session-F043B57DC27CD5351F4A04F235EF7934EE1AF057E1FE9AB3350C0712A46AA23F_analysis-2.csv;user-I072507;2;-1375682846;false;0.3709468089951;1.0;16.370957681085482;0;A
user-I072507_session-F043B57DC27CD5351F4A04F235EF7934EE1AF057E1FE9AB3350C0712A46AA23F_analysis-2.csv;user-I072507;2;860947169;false;0.24489454030732527;1.0;16.370957681085482;0;A
user-I072507_session-F043B57DC27CD5351F4A04F235EF7934EE1AF057E1FE9AB3350C0712A46AA23F_analysis-2.csv;user-I072507;2;818111665;false;0.223755194543088;1.0;16.370957681085482;0;A
user-I072507_session-F043B57DC27CD5351F4A04F235EF7934EE1AF057E1FE9AB3350C0712A46AA23F_analysis-2.csv;user-I072507;2;441123318;false;0.2712118840833897;1.0;16.370957681085482;0;A
user-I072507_session-F043B57DC27CD5351F4A04F235EF7934EE1AF057E1FE9AB3350C0712A46AA23F_analysis-2.csv;user-I072507;2;-927614546;false;0.3986228682029068;1.0;16.370957681085482;0;A
user-I072507_session-F043B57DC27CD5351F4A04F235EF7934EE1AF057E1FE9AB3350C0712A46AA23F_analysis-2.csv;user-I072507;2;-262847559;false;0.1628500688457658;1.0;16.370957681085482;0;A
user-I072507_session-F043B57DC27CD5351F4A04F235EF7934EE1AF057E1FE9AB3350C0712A46AA23F_analysis-2.csv;user-I072507;2;995209534;false;0.23778536083188317;1.0;16.370957681085482;0;A
user-I072507_session-F043B57DC27CD5351F4A04F235EF7934EE1AF057E1FE9AB3350C0712A46AA23F_analysis-2.csv;user-I072507;2;766844331;false;0.25767609042891504;1.0;16.370957681085482;0;A
user-I072507_session-F043B57DC27CD5351F4A04F235EF7934EE1AF057E1FE9AB3350C0712A46AA23F_analysis-2.csv;user-I072507;2;-859486703;false;0.49110289110097394;1.0;16.370957681085482;0;A
user-I072507_session-F043B57DC27CD5351F4A04F235EF7934EE1AF057E1FE9AB3350C0712A46AA23F_analysis-2.csv;user-I072507;2;-721743731;false;0.3968332830458654;1.0;16.370957681085482;0;A
user-I072507_session-F043B57DC27CD5351F4A04F235EF7934EE1AF057E1FE9AB3350C0712A46AA23F_analysis-2.csv;user-I072507;2;-1446882072;false;0.06337904901002167;1.0;16.370957681085482;0;A
user-I072507_session-F043B57DC27CD5351F4A04F235EF7934EE1AF057E1FE9AB3350C0712A46AA23F_analysis-2.csv;user-I072507;2;-326927996;false;0.25681459730490086;1.0;16.370957681085482;0;A
user-I072507_session-F043B57DC27CD5351F4A04F235EF7934EE1AF057E1FE9AB3350C0712A46AA23F_analysis-2.csv;user-I072507;2;1040085074;false;0.20918334588901488;1.0;16.370957681085482;0;A
user-I072507_session-F043B57DC27CD5351F4A04F235EF7934EE1AF057E1FE9AB3350C0712A46AA23F_analysis-2.csv;user-I072507;2;-417580875;false;0.2331794145996291;1.0;16.370957681085482;0;A
user-I072507_session-F043B57DC27CD5351F4A04F235EF7934EE1AF057E1FE9AB3350C0712A46AA23F_analysis-2.csv;user-I072507;2;1371158896;false;0.3008958185540448;1.0;16.370957681085482;0;A
user-I072507_session-F043B57DC27CD5351F4A04F235EF7934EE1AF057E1FE9AB3350C0712A46AA23F_analysis-2.csv;user-I072507;2;2052375010;false;0.4370352815053953;1.0;16.370957681085482;0;A
user-I072507_session-F043B57DC27CD5351F4A04F235EF7934EE1AF057E1FE9AB3350C0712A46AA23F_analysis-2.csv;user-I072507;2;-795059185;false;0.1861453531628544;1.0;16.370957681085482;0;A
