session ;user;query position;cell hashcode;novelty;outlierness;relevance;surprise;query label;session label
user-I051430_session-191A7605B9120D77770122570D089290ACF1EB99189D0FA92C367ECD729684C9_analysis-7.csv;user-I051430;1;6960088;true;0.14754760499650033;0.0;Infinity;1;B
user-I051430_session-191A7605B9120D77770122570D089290ACF1EB99189D0FA92C367ECD729684C9_analysis-7.csv;user-I051430;1;-395531327;true;0.4731876567161615;0.0;Infinity;1;B
user-I051430_session-191A7605B9120D77770122570D089290ACF1EB99189D0FA92C367ECD729684C9_analysis-7.csv;user-I051430;1;-1034960112;true;0.4431551620249172;0.0;Infinity;1;B
user-I051430_session-191A7605B9120D77770122570D089290ACF1EB99189D0FA92C367ECD729684C9_analysis-7.csv;user-I051430;1;-642939203;true;0.08162849756435908;0.0;Infinity;1;B
user-I051430_session-191A7605B9120D77770122570D089290ACF1EB99189D0FA92C367ECD729684C9_analysis-7.csv;user-I051430;1;-1542441342;true;0.21976757688787296;0.0;Infinity;1;B
user-I051430_session-191A7605B9120D77770122570D089290ACF1EB99189D0FA92C367ECD729684C9_analysis-7.csv;user-I051430;1;690895312;true;0.32306405066514465;0.0;Infinity;1;B
user-I051430_session-191A7605B9120D77770122570D089290ACF1EB99189D0FA92C367ECD729684C9_analysis-7.csv;user-I051430;1;-1581242784;true;0.05438872280184015;0.0;Infinity;1;B
user-I051430_session-191A7605B9120D77770122570D089290ACF1EB99189D0FA92C367ECD729684C9_analysis-7.csv;user-I051430;1;482155746;true;0.37549367765525943;0.0;Infinity;1;B
user-I051430_session-191A7605B9120D77770122570D089290ACF1EB99189D0FA92C367ECD729684C9_analysis-7.csv;user-I051430;1;-1842386694;true;0.2280010831471625;0.0;Infinity;1;B
user-I051430_session-191A7605B9120D77770122570D089290ACF1EB99189D0FA92C367ECD729684C9_analysis-7.csv;user-I051430;1;1867046083;true;0.03233829373292563;0.0;Infinity;1;B
user-I051430_session-191A7605B9120D77770122570D089290ACF1EB99189D0FA92C367ECD729684C9_analysis-7.csv;user-I051430;1;-857774622;true;0.4818089761393496;0.0;Infinity;1;B
user-I051430_session-191A7605B9120D77770122570D089290ACF1EB99189D0FA92C367ECD729684C9_analysis-7.csv;user-I051430;1;581912042;true;0.18925671179096204;0.0;Infinity;1;B
user-I051430_session-191A7605B9120D77770122570D089290ACF1EB99189D0FA92C367ECD729684C9_analysis-7.csv;user-I051430;1;-1378993210;true;0.20012123385205838;0.0;Infinity;1;B
user-I051430_session-191A7605B9120D77770122570D089290ACF1EB99189D0FA92C367ECD729684C9_analysis-7.csv;user-I051430;2;-1120503911;true;0.43952341203613765;0.0;Infinity;1;B
user-I051430_session-191A7605B9120D77770122570D089290ACF1EB99189D0FA92C367ECD729684C9_analysis-7.csv;user-I051430;2;-943318421;true;0.48311986710576327;0.0;Infinity;1;B
user-I051430_session-191A7605B9120D77770122570D089290ACF1EB99189D0FA92C367ECD729684C9_analysis-7.csv;user-I051430;2;-728483002;true;0.08035345583627318;0.0;Infinity;1;B
user-I051430_session-191A7605B9120D77770122570D089290ACF1EB99189D0FA92C367ECD729684C9_analysis-7.csv;user-I051430;2;-1666786583;true;0.05765444481190585;0.0;Infinity;1;B
user-I051430_session-191A7605B9120D77770122570D089290ACF1EB99189D0FA92C367ECD729684C9_analysis-7.csv;user-I051430;2;-1627985141;true;0.20963376768549913;0.0;Infinity;1;B
user-I051430_session-191A7605B9120D77770122570D089290ACF1EB99189D0FA92C367ECD729684C9_analysis-7.csv;user-I051430;2;-481075126;true;0.46830592380137503;0.0;Infinity;1;B
user-I051430_session-191A7605B9120D77770122570D089290ACF1EB99189D0FA92C367ECD729684C9_analysis-7.csv;user-I051430;2;1781502284;true;0.03306882028816083;0.0;Infinity;1;B
user-I051430_session-191A7605B9120D77770122570D089290ACF1EB99189D0FA92C367ECD729684C9_analysis-7.csv;user-I051430;2;-1464537009;true;0.19789319248878956;0.0;Infinity;1;B
user-I051430_session-191A7605B9120D77770122570D089290ACF1EB99189D0FA92C367ECD729684C9_analysis-7.csv;user-I051430;2;-78583711;true;0.1482657140564656;0.0;Infinity;1;B
user-I051430_session-191A7605B9120D77770122570D089290ACF1EB99189D0FA92C367ECD729684C9_analysis-7.csv;user-I051430;2;-1927930493;true;0.22050112684110224;0.0;Infinity;1;B
user-I051430_session-191A7605B9120D77770122570D089290ACF1EB99189D0FA92C367ECD729684C9_analysis-7.csv;user-I051430;2;605351513;true;0.31086623204058905;0.0;Infinity;1;B
user-I051430_session-191A7605B9120D77770122570D089290ACF1EB99189D0FA92C367ECD729684C9_analysis-7.csv;user-I051430;2;396611947;true;0.3807457483759261;0.0;Infinity;1;B
user-I051430_session-191A7605B9120D77770122570D089290ACF1EB99189D0FA92C367ECD729684C9_analysis-7.csv;user-I051430;2;496368243;true;0.19284914520095364;0.0;Infinity;1;B
user-I051430_session-191A7605B9120D77770122570D089290ACF1EB99189D0FA92C367ECD729684C9_analysis-7.csv;user-I051430;3;-78583709;true;0.1528787283551023;0.0;Infinity;1;B
user-I051430_session-191A7605B9120D77770122570D089290ACF1EB99189D0FA92C367ECD729684C9_analysis-7.csv;user-I051430;3;-1120503909;true;0.43089650920351685;0.0;Infinity;1;B
user-I051430_session-191A7605B9120D77770122570D089290ACF1EB99189D0FA92C367ECD729684C9_analysis-7.csv;user-I051430;3;-943318419;true;0.4887614891839136;0.0;Infinity;1;B
user-I051430_session-191A7605B9120D77770122570D089290ACF1EB99189D0FA92C367ECD729684C9_analysis-7.csv;user-I051430;3;-728483000;true;0.08370091377597477;0.0;Infinity;1;B
user-I051430_session-191A7605B9120D77770122570D089290ACF1EB99189D0FA92C367ECD729684C9_analysis-7.csv;user-I051430;3;496368245;true;0.189897786614863;0.0;Infinity;1;B
user-I051430_session-191A7605B9120D77770122570D089290ACF1EB99189D0FA92C367ECD729684C9_analysis-7.csv;user-I051430;3;-1666786581;true;0.05068156942396118;0.0;Infinity;1;B
user-I051430_session-191A7605B9120D77770122570D089290ACF1EB99189D0FA92C367ECD729684C9_analysis-7.csv;user-I051430;3;605351515;true;0.327129765776912;0.0;Infinity;1;B
user-I051430_session-191A7605B9120D77770122570D089290ACF1EB99189D0FA92C367ECD729684C9_analysis-7.csv;user-I051430;3;396611949;true;0.3776028166982086;0.0;Infinity;1;B
user-I051430_session-191A7605B9120D77770122570D089290ACF1EB99189D0FA92C367ECD729684C9_analysis-7.csv;user-I051430;3;-481075124;true;0.4885359394312978;0.0;Infinity;1;B
user-I051430_session-191A7605B9120D77770122570D089290ACF1EB99189D0FA92C367ECD729684C9_analysis-7.csv;user-I051430;3;1781502286;true;0.03163980847739922;0.0;Infinity;1;B
user-I051430_session-191A7605B9120D77770122570D089290ACF1EB99189D0FA92C367ECD729684C9_analysis-7.csv;user-I051430;3;-1927930491;true;0.22122776153631374;0.0;Infinity;1;B
user-I051430_session-191A7605B9120D77770122570D089290ACF1EB99189D0FA92C367ECD729684C9_analysis-7.csv;user-I051430;3;-1627985139;true;0.23339528715560953;0.0;Infinity;1;B
user-I051430_session-191A7605B9120D77770122570D089290ACF1EB99189D0FA92C367ECD729684C9_analysis-7.csv;user-I051430;3;-1464537007;true;0.20286950911476176;0.0;Infinity;1;B
user-I051430_session-191A7605B9120D77770122570D089290ACF1EB99189D0FA92C367ECD729684C9_analysis-7.csv;user-I051430;4;6960088;true;0.14754760499650033;0.0;Infinity;1;B
user-I051430_session-191A7605B9120D77770122570D089290ACF1EB99189D0FA92C367ECD729684C9_analysis-7.csv;user-I051430;4;-395531327;true;0.4731876567161615;0.0;Infinity;1;B
user-I051430_session-191A7605B9120D77770122570D089290ACF1EB99189D0FA92C367ECD729684C9_analysis-7.csv;user-I051430;4;-1034960112;true;0.4431551620249172;0.0;Infinity;1;B
user-I051430_session-191A7605B9120D77770122570D089290ACF1EB99189D0FA92C367ECD729684C9_analysis-7.csv;user-I051430;4;-642939203;true;0.08162849756435908;0.0;Infinity;1;B
user-I051430_session-191A7605B9120D77770122570D089290ACF1EB99189D0FA92C367ECD729684C9_analysis-7.csv;user-I051430;4;-1542441342;true;0.21976757688787296;0.0;Infinity;1;B
user-I051430_session-191A7605B9120D77770122570D089290ACF1EB99189D0FA92C367ECD729684C9_analysis-7.csv;user-I051430;4;690895312;true;0.32306405066514465;0.0;Infinity;1;B
user-I051430_session-191A7605B9120D77770122570D089290ACF1EB99189D0FA92C367ECD729684C9_analysis-7.csv;user-I051430;4;-1581242784;true;0.05438872280184015;0.0;Infinity;1;B
user-I051430_session-191A7605B9120D77770122570D089290ACF1EB99189D0FA92C367ECD729684C9_analysis-7.csv;user-I051430;4;482155746;true;0.37549367765525943;0.0;Infinity;1;B
user-I051430_session-191A7605B9120D77770122570D089290ACF1EB99189D0FA92C367ECD729684C9_analysis-7.csv;user-I051430;4;-1842386694;true;0.2280010831471625;0.0;Infinity;1;B
user-I051430_session-191A7605B9120D77770122570D089290ACF1EB99189D0FA92C367ECD729684C9_analysis-7.csv;user-I051430;4;1867046083;true;0.03233829373292563;0.0;Infinity;1;B
user-I051430_session-191A7605B9120D77770122570D089290ACF1EB99189D0FA92C367ECD729684C9_analysis-7.csv;user-I051430;4;-857774622;true;0.4818089761393496;0.0;Infinity;1;B
user-I051430_session-191A7605B9120D77770122570D089290ACF1EB99189D0FA92C367ECD729684C9_analysis-7.csv;user-I051430;4;581912042;true;0.18925671179096204;0.0;Infinity;1;B
user-I051430_session-191A7605B9120D77770122570D089290ACF1EB99189D0FA92C367ECD729684C9_analysis-7.csv;user-I051430;4;-1378993210;true;0.20012123385205838;0.0;Infinity;1;B
user-I051430_session-191A7605B9120D77770122570D089290ACF1EB99189D0FA92C367ECD729684C9_analysis-7.csv;user-I051430;5;6960088;true;0.14754760499650033;0.0;Infinity;1;B
user-I051430_session-191A7605B9120D77770122570D089290ACF1EB99189D0FA92C367ECD729684C9_analysis-7.csv;user-I051430;5;-395531327;true;0.4731876567161615;0.0;Infinity;1;B
user-I051430_session-191A7605B9120D77770122570D089290ACF1EB99189D0FA92C367ECD729684C9_analysis-7.csv;user-I051430;5;-1034960112;true;0.4431551620249172;0.0;Infinity;1;B
user-I051430_session-191A7605B9120D77770122570D089290ACF1EB99189D0FA92C367ECD729684C9_analysis-7.csv;user-I051430;5;-642939203;true;0.08162849756435908;0.0;Infinity;1;B
user-I051430_session-191A7605B9120D77770122570D089290ACF1EB99189D0FA92C367ECD729684C9_analysis-7.csv;user-I051430;5;-1542441342;true;0.21976757688787296;0.0;Infinity;1;B
user-I051430_session-191A7605B9120D77770122570D089290ACF1EB99189D0FA92C367ECD729684C9_analysis-7.csv;user-I051430;5;690895312;true;0.32306405066514465;0.0;Infinity;1;B
user-I051430_session-191A7605B9120D77770122570D089290ACF1EB99189D0FA92C367ECD729684C9_analysis-7.csv;user-I051430;5;-1581242784;true;0.05438872280184015;0.0;Infinity;1;B
user-I051430_session-191A7605B9120D77770122570D089290ACF1EB99189D0FA92C367ECD729684C9_analysis-7.csv;user-I051430;5;482155746;true;0.37549367765525943;0.0;Infinity;1;B
user-I051430_session-191A7605B9120D77770122570D089290ACF1EB99189D0FA92C367ECD729684C9_analysis-7.csv;user-I051430;5;-1842386694;true;0.2280010831471625;0.0;Infinity;1;B
user-I051430_session-191A7605B9120D77770122570D089290ACF1EB99189D0FA92C367ECD729684C9_analysis-7.csv;user-I051430;5;1867046083;true;0.03233829373292563;0.0;Infinity;1;B
user-I051430_session-191A7605B9120D77770122570D089290ACF1EB99189D0FA92C367ECD729684C9_analysis-7.csv;user-I051430;5;-857774622;true;0.4818089761393496;0.0;Infinity;1;B
user-I051430_session-191A7605B9120D77770122570D089290ACF1EB99189D0FA92C367ECD729684C9_analysis-7.csv;user-I051430;5;581912042;true;0.18925671179096204;0.0;Infinity;1;B
user-I051430_session-191A7605B9120D77770122570D089290ACF1EB99189D0FA92C367ECD729684C9_analysis-7.csv;user-I051430;5;-1378993210;true;0.20012123385205838;0.0;Infinity;1;B
user-I051430_session-191A7605B9120D77770122570D089290ACF1EB99189D0FA92C367ECD729684C9_analysis-7.csv;user-I051430;6;6960088;true;0.14754760499650033;0.0;Infinity;1;B
user-I051430_session-191A7605B9120D77770122570D089290ACF1EB99189D0FA92C367ECD729684C9_analysis-7.csv;user-I051430;6;-395531327;true;0.4731876567161615;0.0;Infinity;1;B
user-I051430_session-191A7605B9120D77770122570D089290ACF1EB99189D0FA92C367ECD729684C9_analysis-7.csv;user-I051430;6;-1034960112;true;0.4431551620249172;0.0;Infinity;1;B
user-I051430_session-191A7605B9120D77770122570D089290ACF1EB99189D0FA92C367ECD729684C9_analysis-7.csv;user-I051430;6;-642939203;true;0.08162849756435908;0.0;Infinity;1;B
user-I051430_session-191A7605B9120D77770122570D089290ACF1EB99189D0FA92C367ECD729684C9_analysis-7.csv;user-I051430;6;-1542441342;true;0.21976757688787296;0.0;Infinity;1;B
user-I051430_session-191A7605B9120D77770122570D089290ACF1EB99189D0FA92C367ECD729684C9_analysis-7.csv;user-I051430;6;690895312;true;0.32306405066514465;0.0;Infinity;1;B
user-I051430_session-191A7605B9120D77770122570D089290ACF1EB99189D0FA92C367ECD729684C9_analysis-7.csv;user-I051430;6;-1581242784;true;0.05438872280184015;0.0;Infinity;1;B
user-I051430_session-191A7605B9120D77770122570D089290ACF1EB99189D0FA92C367ECD729684C9_analysis-7.csv;user-I051430;6;482155746;true;0.37549367765525943;0.0;Infinity;1;B
user-I051430_session-191A7605B9120D77770122570D089290ACF1EB99189D0FA92C367ECD729684C9_analysis-7.csv;user-I051430;6;-1842386694;true;0.2280010831471625;0.0;Infinity;1;B
user-I051430_session-191A7605B9120D77770122570D089290ACF1EB99189D0FA92C367ECD729684C9_analysis-7.csv;user-I051430;6;1867046083;true;0.03233829373292563;0.0;Infinity;1;B
user-I051430_session-191A7605B9120D77770122570D089290ACF1EB99189D0FA92C367ECD729684C9_analysis-7.csv;user-I051430;6;-857774622;true;0.4818089761393496;0.0;Infinity;1;B
user-I051430_session-191A7605B9120D77770122570D089290ACF1EB99189D0FA92C367ECD729684C9_analysis-7.csv;user-I051430;6;581912042;true;0.18925671179096204;0.0;Infinity;1;B
user-I051430_session-191A7605B9120D77770122570D089290ACF1EB99189D0FA92C367ECD729684C9_analysis-7.csv;user-I051430;6;-1378993210;true;0.20012123385205838;0.0;Infinity;1;B
user-I051430_session-191A7605B9120D77770122570D089290ACF1EB99189D0FA92C367ECD729684C9_analysis-7.csv;user-I051430;7;1938791358;true;0.2055088114998136;0.0;Infinity;1;B
user-I051430_session-191A7605B9120D77770122570D089290ACF1EB99189D0FA92C367ECD729684C9_analysis-7.csv;user-I051430;7;120265338;true;0.4670937394272473;0.0;Infinity;1;B
user-I051430_session-191A7605B9120D77770122570D089290ACF1EB99189D0FA92C367ECD729684C9_analysis-7.csv;user-I051430;7;1940783047;true;0.4636460503879064;0.0;Infinity;1;B
user-I051430_session-191A7605B9120D77770122570D089290ACF1EB99189D0FA92C367ECD729684C9_analysis-7.csv;user-I051430;7;2002975532;true;0.08253840613787233;0.0;Infinity;1;B
user-I051430_session-191A7605B9120D77770122570D089290ACF1EB99189D0FA92C367ECD729684C9_analysis-7.csv;user-I051430;7;288336865;true;0.20679899611851882;0.0;Infinity;1;B
user-I051430_session-191A7605B9120D77770122570D089290ACF1EB99189D0FA92C367ECD729684C9_analysis-7.csv;user-I051430;7;2022258518;true;0.08725245272106297;0.0;Infinity;1;B
user-I051430_session-191A7605B9120D77770122570D089290ACF1EB99189D0FA92C367ECD729684C9_analysis-7.csv;user-I051430;7;2007775792;true;0.17552473580092998;0.0;Infinity;1;B
user-I051430_session-191A7605B9120D77770122570D089290ACF1EB99189D0FA92C367ECD729684C9_analysis-7.csv;user-I051430;8;1938791358;true;0.2055088114998136;0.0;Infinity;1;B
user-I051430_session-191A7605B9120D77770122570D089290ACF1EB99189D0FA92C367ECD729684C9_analysis-7.csv;user-I051430;8;120265338;true;0.4670937394272473;0.0;Infinity;1;B
user-I051430_session-191A7605B9120D77770122570D089290ACF1EB99189D0FA92C367ECD729684C9_analysis-7.csv;user-I051430;8;1940783047;true;0.4636460503879064;0.0;Infinity;1;B
user-I051430_session-191A7605B9120D77770122570D089290ACF1EB99189D0FA92C367ECD729684C9_analysis-7.csv;user-I051430;8;2002975532;true;0.08253840613787233;0.0;Infinity;1;B
user-I051430_session-191A7605B9120D77770122570D089290ACF1EB99189D0FA92C367ECD729684C9_analysis-7.csv;user-I051430;8;288336865;true;0.20679899611851882;0.0;Infinity;1;B
user-I051430_session-191A7605B9120D77770122570D089290ACF1EB99189D0FA92C367ECD729684C9_analysis-7.csv;user-I051430;8;2022258518;true;0.08725245272106297;0.0;Infinity;1;B
user-I051430_session-191A7605B9120D77770122570D089290ACF1EB99189D0FA92C367ECD729684C9_analysis-7.csv;user-I051430;8;2007775792;true;0.17552473580092998;0.0;Infinity;1;B
user-I051430_session-191A7605B9120D77770122570D089290ACF1EB99189D0FA92C367ECD729684C9_analysis-7.csv;user-I051430;9;1938791358;true;0.2055088114998136;0.0;Infinity;1;B
user-I051430_session-191A7605B9120D77770122570D089290ACF1EB99189D0FA92C367ECD729684C9_analysis-7.csv;user-I051430;9;120265338;true;0.4670937394272473;0.0;Infinity;1;B
user-I051430_session-191A7605B9120D77770122570D089290ACF1EB99189D0FA92C367ECD729684C9_analysis-7.csv;user-I051430;9;1940783047;true;0.4636460503879064;0.0;Infinity;1;B
user-I051430_session-191A7605B9120D77770122570D089290ACF1EB99189D0FA92C367ECD729684C9_analysis-7.csv;user-I051430;9;2002975532;true;0.08253840613787233;0.0;Infinity;1;B
user-I051430_session-191A7605B9120D77770122570D089290ACF1EB99189D0FA92C367ECD729684C9_analysis-7.csv;user-I051430;9;288336865;true;0.20679899611851882;0.0;Infinity;1;B
user-I051430_session-191A7605B9120D77770122570D089290ACF1EB99189D0FA92C367ECD729684C9_analysis-7.csv;user-I051430;9;2022258518;true;0.08725245272106297;0.0;Infinity;1;B
user-I051430_session-191A7605B9120D77770122570D089290ACF1EB99189D0FA92C367ECD729684C9_analysis-7.csv;user-I051430;9;2007775792;true;0.17552473580092998;0.0;Infinity;1;B
