session ;user;query position;cell hashcode;novelty;outlierness;relevance;surprise;query label;session label
user-a_session-3C604A43A349CDC4130E5F83A8625EE6C83A2283F66A05BD44300AE9E67250DE_analysis-7.csv;user-a;1;-277026724;true;NaN;1.0;20.224809599329824;0;A
user-a_session-3C604A43A349CDC4130E5F83A8625EE6C83A2283F66A05BD44300AE9E67250DE_analysis-7.csv;user-a;2;-1120503911;false;0.43952341203613765;1.0;25.092344049785407;0;A
user-a_session-3C604A43A349CDC4130E5F83A8625EE6C83A2283F66A05BD44300AE9E67250DE_analysis-7.csv;user-a;2;-943318421;false;0.48311986710576327;1.0;25.092344049785407;0;A
user-a_session-3C604A43A349CDC4130E5F83A8625EE6C83A2283F66A05BD44300AE9E67250DE_analysis-7.csv;user-a;2;-728483002;false;0.08035345583627318;1.0;25.092344049785407;0;A
user-a_session-3C604A43A349CDC4130E5F83A8625EE6C83A2283F66A05BD44300AE9E67250DE_analysis-7.csv;user-a;2;-1666786583;false;0.05765444481190585;1.0;25.092344049785407;0;A
user-a_session-3C604A43A349CDC4130E5F83A8625EE6C83A2283F66A05BD44300AE9E67250DE_analysis-7.csv;user-a;2;-1627985141;false;0.20963376768549913;1.0;25.092344049785407;0;A
user-a_session-3C604A43A349CDC4130E5F83A8625EE6C83A2283F66A05BD44300AE9E67250DE_analysis-7.csv;user-a;2;-481075126;false;0.46830592380137503;1.0;25.092344049785407;0;A
user-a_session-3C604A43A349CDC4130E5F83A8625EE6C83A2283F66A05BD44300AE9E67250DE_analysis-7.csv;user-a;2;1781502284;false;0.03306882028816083;1.0;25.092344049785407;0;A
user-a_session-3C604A43A349CDC4130E5F83A8625EE6C83A2283F66A05BD44300AE9E67250DE_analysis-7.csv;user-a;2;-1464537009;false;0.19789319248878956;1.0;25.092344049785407;0;A
user-a_session-3C604A43A349CDC4130E5F83A8625EE6C83A2283F66A05BD44300AE9E67250DE_analysis-7.csv;user-a;2;-78583711;false;0.1482657140564656;1.0;25.092344049785407;0;A
user-a_session-3C604A43A349CDC4130E5F83A8625EE6C83A2283F66A05BD44300AE9E67250DE_analysis-7.csv;user-a;2;-1927930493;false;0.22050112684110224;1.0;25.092344049785407;0;A
user-a_session-3C604A43A349CDC4130E5F83A8625EE6C83A2283F66A05BD44300AE9E67250DE_analysis-7.csv;user-a;2;605351513;false;0.31086623204058905;1.0;20.761610709499074;0;A
user-a_session-3C604A43A349CDC4130E5F83A8625EE6C83A2283F66A05BD44300AE9E67250DE_analysis-7.csv;user-a;2;396611947;false;0.3807457483759261;1.0;25.092344049785407;0;A
user-a_session-3C604A43A349CDC4130E5F83A8625EE6C83A2283F66A05BD44300AE9E67250DE_analysis-7.csv;user-a;2;496368243;false;0.19284914520095364;1.0;25.092344049785407;0;A
