session ;user;query position;cell hashcode;novelty;outlierness;relevance;surprise;query label;session label
user-I051430_session-191A7605B9120D77770122570D089290ACF1EB99189D0FA92C367ECD729684C9_analysis-3.csv;user-I051430;1;1142688293;true;0.234847316611686;1.0;Infinity;1;C
user-I051430_session-191A7605B9120D77770122570D089290ACF1EB99189D0FA92C367ECD729684C9_analysis-3.csv;user-I051430;1;152479428;true;0.010454780109065975;1.0;Infinity;1;C
user-I051430_session-191A7605B9120D77770122570D089290ACF1EB99189D0FA92C367ECD729684C9_analysis-3.csv;user-I051430;1;-1162690246;true;0.23007052325163535;1.0;Infinity;1;C
user-I051430_session-191A7605B9120D77770122570D089290ACF1EB99189D0FA92C367ECD729684C9_analysis-3.csv;user-I051430;1;-810983455;true;0.36479792160861524;1.0;Infinity;1;C
user-I051430_session-191A7605B9120D77770122570D089290ACF1EB99189D0FA92C367ECD729684C9_analysis-3.csv;user-I051430;1;1354123673;true;0.12364685133391395;1.0;Infinity;1;C
user-I051430_session-191A7605B9120D77770122570D089290ACF1EB99189D0FA92C367ECD729684C9_analysis-3.csv;user-I051430;1;-1247903525;true;0.38356124162351146;1.0;Infinity;1;C
user-I051430_session-191A7605B9120D77770122570D089290ACF1EB99189D0FA92C367ECD729684C9_analysis-3.csv;user-I051430;1;-1805239726;true;0.10187351093329489;1.0;Infinity;1;C
user-I051430_session-191A7605B9120D77770122570D089290ACF1EB99189D0FA92C367ECD729684C9_analysis-3.csv;user-I051430;1;859109345;true;0.4814137935609972;1.0;Infinity;1;C
user-I051430_session-191A7605B9120D77770122570D089290ACF1EB99189D0FA92C367ECD729684C9_analysis-3.csv;user-I051430;1;790981502;true;0.42391676490674146;1.0;Infinity;1;C
user-I051430_session-191A7605B9120D77770122570D089290ACF1EB99189D0FA92C367ECD729684C9_analysis-3.csv;user-I051430;1;84351585;true;0.13112728323665257;1.0;Infinity;1;C
user-I051430_session-191A7605B9120D77770122570D089290ACF1EB99189D0FA92C367ECD729684C9_analysis-3.csv;user-I051430;1;295786965;true;0.20111106027456493;1.0;Infinity;1;C
user-I051430_session-191A7605B9120D77770122570D089290ACF1EB99189D0FA92C367ECD729684C9_analysis-3.csv;user-I051430;1;-1098609809;true;0.21530831081272617;1.0;Infinity;1;C
user-I051430_session-191A7605B9120D77770122570D089290ACF1EB99189D0FA92C367ECD729684C9_analysis-3.csv;user-I051430;1;773896066;true;0.314020143135586;1.0;Infinity;1;C
user-I051430_session-191A7605B9120D77770122570D089290ACF1EB99189D0FA92C367ECD729684C9_analysis-3.csv;user-I051430;1;-1183823088;true;0.33939560229405696;1.0;Infinity;1;C
user-I051430_session-191A7605B9120D77770122570D089290ACF1EB99189D0FA92C367ECD729684C9_analysis-3.csv;user-I051430;1;-1869320163;true;0.21360633921787986;1.0;Infinity;1;C
user-I051430_session-191A7605B9120D77770122570D089290ACF1EB99189D0FA92C367ECD729684C9_analysis-3.csv;user-I051430;1;705768223;true;0.3094114876359314;1.0;Infinity;1;C
user-I051430_session-191A7605B9120D77770122570D089290ACF1EB99189D0FA92C367ECD729684C9_analysis-3.csv;user-I051430;1;1210816136;true;0.062170542178339616;1.0;Infinity;1;C
user-I051430_session-191A7605B9120D77770122570D089290ACF1EB99189D0FA92C367ECD729684C9_analysis-3.csv;user-I051430;1;-746903018;true;0.17129673200473827;1.0;Infinity;1;C
user-I051430_session-191A7605B9120D77770122570D089290ACF1EB99189D0FA92C367ECD729684C9_analysis-3.csv;user-I051430;1;1002416882;true;0.1629719788556928;1.0;Infinity;1;C
user-I051430_session-191A7605B9120D77770122570D089290ACF1EB99189D0FA92C367ECD729684C9_analysis-3.csv;user-I051430;1;225441679;true;0.15199158304405835;1.0;Infinity;1;C
user-I051430_session-191A7605B9120D77770122570D089290ACF1EB99189D0FA92C367ECD729684C9_analysis-3.csv;user-I051430;1;1283778387;true;0.13181527337712462;1.0;Infinity;1;C
user-I051430_session-191A7605B9120D77770122570D089290ACF1EB99189D0FA92C367ECD729684C9_analysis-3.csv;user-I051430;2;-1712459464;true;0.10557329775605817;1.0;Infinity;1;C
user-I051430_session-191A7605B9120D77770122570D089290ACF1EB99189D0FA92C367ECD729684C9_analysis-3.csv;user-I051430;2;560708241;true;0.3373185884287663;1.0;Infinity;1;C
user-I051430_session-191A7605B9120D77770122570D089290ACF1EB99189D0FA92C367ECD729684C9_analysis-3.csv;user-I051430;2;624788678;true;0.30100866592620046;1.0;Infinity;1;C
user-I051430_session-191A7605B9120D77770122570D089290ACF1EB99189D0FA92C367ECD729684C9_analysis-3.csv;user-I051430;2;-1639497213;true;0.10087101764614825;1.0;Infinity;1;C
user-I051430_session-191A7605B9120D77770122570D089290ACF1EB99189D0FA92C367ECD729684C9_analysis-3.csv;user-I051430;2;-1780587307;true;0.40984245425748134;1.0;Infinity;1;C
user-I051430_session-191A7605B9120D77770122570D089290ACF1EB99189D0FA92C367ECD729684C9_analysis-3.csv;user-I051430;2;-1569151927;true;0.12650706304634596;1.0;Infinity;1;C
user-I051430_session-191A7605B9120D77770122570D089290ACF1EB99189D0FA92C367ECD729684C9_analysis-3.csv;user-I051430;3;-1712459464;true;0.10557329775605817;1.0;Infinity;1;C
user-I051430_session-191A7605B9120D77770122570D089290ACF1EB99189D0FA92C367ECD729684C9_analysis-3.csv;user-I051430;3;560708241;true;0.3373185884287663;1.0;Infinity;1;C
user-I051430_session-191A7605B9120D77770122570D089290ACF1EB99189D0FA92C367ECD729684C9_analysis-3.csv;user-I051430;3;624788678;true;0.30100866592620046;1.0;Infinity;1;C
user-I051430_session-191A7605B9120D77770122570D089290ACF1EB99189D0FA92C367ECD729684C9_analysis-3.csv;user-I051430;3;-1639497213;true;0.10087101764614825;1.0;Infinity;1;C
user-I051430_session-191A7605B9120D77770122570D089290ACF1EB99189D0FA92C367ECD729684C9_analysis-3.csv;user-I051430;3;-1780587307;true;0.40984245425748134;1.0;Infinity;1;C
user-I051430_session-191A7605B9120D77770122570D089290ACF1EB99189D0FA92C367ECD729684C9_analysis-3.csv;user-I051430;3;-1569151927;true;0.12650706304634596;1.0;Infinity;1;C
user-I051430_session-191A7605B9120D77770122570D089290ACF1EB99189D0FA92C367ECD729684C9_analysis-3.csv;user-I051430;4;-1712459464;true;0.10557329775605817;1.0;Infinity;1;C
user-I051430_session-191A7605B9120D77770122570D089290ACF1EB99189D0FA92C367ECD729684C9_analysis-3.csv;user-I051430;4;560708241;true;0.3373185884287663;1.0;Infinity;1;C
user-I051430_session-191A7605B9120D77770122570D089290ACF1EB99189D0FA92C367ECD729684C9_analysis-3.csv;user-I051430;4;624788678;true;0.30100866592620046;1.0;Infinity;1;C
user-I051430_session-191A7605B9120D77770122570D089290ACF1EB99189D0FA92C367ECD729684C9_analysis-3.csv;user-I051430;4;-1639497213;true;0.10087101764614825;1.0;Infinity;1;C
user-I051430_session-191A7605B9120D77770122570D089290ACF1EB99189D0FA92C367ECD729684C9_analysis-3.csv;user-I051430;4;-1780587307;true;0.40984245425748134;1.0;Infinity;1;C
user-I051430_session-191A7605B9120D77770122570D089290ACF1EB99189D0FA92C367ECD729684C9_analysis-3.csv;user-I051430;4;-1569151927;true;0.12650706304634596;1.0;Infinity;1;C
user-I051430_session-191A7605B9120D77770122570D089290ACF1EB99189D0FA92C367ECD729684C9_analysis-3.csv;user-I051430;5;-1712459464;true;0.10557329775605817;1.0;Infinity;1;C
user-I051430_session-191A7605B9120D77770122570D089290ACF1EB99189D0FA92C367ECD729684C9_analysis-3.csv;user-I051430;5;560708241;true;0.3373185884287663;1.0;Infinity;1;C
user-I051430_session-191A7605B9120D77770122570D089290ACF1EB99189D0FA92C367ECD729684C9_analysis-3.csv;user-I051430;5;624788678;true;0.30100866592620046;1.0;Infinity;1;C
user-I051430_session-191A7605B9120D77770122570D089290ACF1EB99189D0FA92C367ECD729684C9_analysis-3.csv;user-I051430;5;-1639497213;true;0.10087101764614825;1.0;Infinity;1;C
user-I051430_session-191A7605B9120D77770122570D089290ACF1EB99189D0FA92C367ECD729684C9_analysis-3.csv;user-I051430;5;-1780587307;true;0.40984245425748134;1.0;Infinity;1;C
user-I051430_session-191A7605B9120D77770122570D089290ACF1EB99189D0FA92C367ECD729684C9_analysis-3.csv;user-I051430;5;-1569151927;true;0.12650706304634596;1.0;Infinity;1;C
user-I051430_session-191A7605B9120D77770122570D089290ACF1EB99189D0FA92C367ECD729684C9_analysis-3.csv;user-I051430;6;628160111;true;NaN;0.9736842105263158;Infinity;1;C
user-I051430_session-191A7605B9120D77770122570D089290ACF1EB99189D0FA92C367ECD729684C9_analysis-3.csv;user-I051430;7;-1712459464;true;0.10557329775605817;1.0;Infinity;1;C
user-I051430_session-191A7605B9120D77770122570D089290ACF1EB99189D0FA92C367ECD729684C9_analysis-3.csv;user-I051430;7;560708241;true;0.3373185884287663;1.0;Infinity;1;C
user-I051430_session-191A7605B9120D77770122570D089290ACF1EB99189D0FA92C367ECD729684C9_analysis-3.csv;user-I051430;7;624788678;true;0.30100866592620046;1.0;Infinity;1;C
user-I051430_session-191A7605B9120D77770122570D089290ACF1EB99189D0FA92C367ECD729684C9_analysis-3.csv;user-I051430;7;-1639497213;true;0.10087101764614825;1.0;Infinity;1;C
user-I051430_session-191A7605B9120D77770122570D089290ACF1EB99189D0FA92C367ECD729684C9_analysis-3.csv;user-I051430;7;-1780587307;true;0.40984245425748134;1.0;Infinity;1;C
user-I051430_session-191A7605B9120D77770122570D089290ACF1EB99189D0FA92C367ECD729684C9_analysis-3.csv;user-I051430;7;-1569151927;true;0.12650706304634596;1.0;Infinity;1;C
user-I051430_session-191A7605B9120D77770122570D089290ACF1EB99189D0FA92C367ECD729684C9_analysis-3.csv;user-I051430;8;-1162690246;true;0.07960397063052693;1.0;Infinity;1;C
user-I051430_session-191A7605B9120D77770122570D089290ACF1EB99189D0FA92C367ECD729684C9_analysis-3.csv;user-I051430;8;-810983455;true;0.3957877341877092;1.0;Infinity;1;C
user-I051430_session-191A7605B9120D77770122570D089290ACF1EB99189D0FA92C367ECD729684C9_analysis-3.csv;user-I051430;8;-1869320163;true;0.16964339260036;1.0;Infinity;1;C
user-I051430_session-191A7605B9120D77770122570D089290ACF1EB99189D0FA92C367ECD729684C9_analysis-3.csv;user-I051430;8;-1247903525;true;0.42547764362602214;1.0;Infinity;1;C
user-I051430_session-191A7605B9120D77770122570D089290ACF1EB99189D0FA92C367ECD729684C9_analysis-3.csv;user-I051430;9;560708241;true;NaN;1.0;Infinity;1;C
user-I051430_session-191A7605B9120D77770122570D089290ACF1EB99189D0FA92C367ECD729684C9_analysis-3.csv;user-I051430;10;560708241;true;NaN;1.0;Infinity;1;C
user-I051430_session-191A7605B9120D77770122570D089290ACF1EB99189D0FA92C367ECD729684C9_analysis-3.csv;user-I051430;11;711198788;true;0.1678120312394349;1.0;Infinity;1;C
user-I051430_session-191A7605B9120D77770122570D089290ACF1EB99189D0FA92C367ECD729684C9_analysis-3.csv;user-I051430;11;1332615426;true;0.373288929116802;1.0;Infinity;1;C
user-I051430_session-191A7605B9120D77770122570D089290ACF1EB99189D0FA92C367ECD729684C9_analysis-3.csv;user-I051430;11;1769535496;true;0.23569923482366573;1.0;Infinity;1;C
user-I051430_session-191A7605B9120D77770122570D089290ACF1EB99189D0FA92C367ECD729684C9_analysis-3.csv;user-I051430;11;1417828705;true;0.09523944012646202;1.0;Infinity;1;C
user-I051430_session-191A7605B9120D77770122570D089290ACF1EB99189D0FA92C367ECD729684C9_analysis-3.csv;user-I051430;11;-1162690246;true;0.042766295558500644;1.0;Infinity;1;C
user-I051430_session-191A7605B9120D77770122570D089290ACF1EB99189D0FA92C367ECD729684C9_analysis-3.csv;user-I051430;11;-810983455;true;0.453902989251867;1.0;Infinity;1;C
user-I051430_session-191A7605B9120D77770122570D089290ACF1EB99189D0FA92C367ECD729684C9_analysis-3.csv;user-I051430;11;-1869320163;true;0.19089197117675605;1.0;Infinity;1;C
user-I051430_session-191A7605B9120D77770122570D089290ACF1EB99189D0FA92C367ECD729684C9_analysis-3.csv;user-I051430;11;-1247903525;true;0.4872421561886098;1.0;Infinity;1;C
user-I051430_session-191A7605B9120D77770122570D089290ACF1EB99189D0FA92C367ECD729684C9_analysis-3.csv;user-I051430;12;711198788;true;0.1678120312394349;1.0;Infinity;1;C
user-I051430_session-191A7605B9120D77770122570D089290ACF1EB99189D0FA92C367ECD729684C9_analysis-3.csv;user-I051430;12;1332615426;true;0.373288929116802;1.0;Infinity;1;C
user-I051430_session-191A7605B9120D77770122570D089290ACF1EB99189D0FA92C367ECD729684C9_analysis-3.csv;user-I051430;12;1769535496;true;0.23569923482366573;1.0;Infinity;1;C
user-I051430_session-191A7605B9120D77770122570D089290ACF1EB99189D0FA92C367ECD729684C9_analysis-3.csv;user-I051430;12;1417828705;true;0.09523944012646202;1.0;Infinity;1;C
user-I051430_session-191A7605B9120D77770122570D089290ACF1EB99189D0FA92C367ECD729684C9_analysis-3.csv;user-I051430;12;-1162690246;true;0.042766295558500644;1.0;Infinity;1;C
user-I051430_session-191A7605B9120D77770122570D089290ACF1EB99189D0FA92C367ECD729684C9_analysis-3.csv;user-I051430;12;-810983455;true;0.453902989251867;1.0;Infinity;1;C
user-I051430_session-191A7605B9120D77770122570D089290ACF1EB99189D0FA92C367ECD729684C9_analysis-3.csv;user-I051430;12;-1869320163;true;0.19089197117675605;1.0;Infinity;1;C
user-I051430_session-191A7605B9120D77770122570D089290ACF1EB99189D0FA92C367ECD729684C9_analysis-3.csv;user-I051430;12;-1247903525;true;0.4872421561886098;1.0;Infinity;1;C
user-I051430_session-191A7605B9120D77770122570D089290ACF1EB99189D0FA92C367ECD729684C9_analysis-3.csv;user-I051430;13;711198788;true;0.22050704626927686;1.0;Infinity;1;C
user-I051430_session-191A7605B9120D77770122570D089290ACF1EB99189D0FA92C367ECD729684C9_analysis-3.csv;user-I051430;13;1332615426;true;0.4421676888173709;1.0;Infinity;1;C
user-I051430_session-191A7605B9120D77770122570D089290ACF1EB99189D0FA92C367ECD729684C9_analysis-3.csv;user-I051430;13;1769535496;true;0.2968747113114736;1.0;Infinity;1;C
user-I051430_session-191A7605B9120D77770122570D089290ACF1EB99189D0FA92C367ECD729684C9_analysis-3.csv;user-I051430;13;1417828705;true;0.07361741532353361;1.0;Infinity;1;C
user-I051430_session-191A7605B9120D77770122570D089290ACF1EB99189D0FA92C367ECD729684C9_analysis-3.csv;user-I051430;14;-1162690246;true;0.07960397063052693;1.0;Infinity;1;C
user-I051430_session-191A7605B9120D77770122570D089290ACF1EB99189D0FA92C367ECD729684C9_analysis-3.csv;user-I051430;14;-810983455;true;0.3957877341877092;1.0;Infinity;1;C
user-I051430_session-191A7605B9120D77770122570D089290ACF1EB99189D0FA92C367ECD729684C9_analysis-3.csv;user-I051430;14;-1869320163;true;0.16964339260036;1.0;Infinity;1;C
user-I051430_session-191A7605B9120D77770122570D089290ACF1EB99189D0FA92C367ECD729684C9_analysis-3.csv;user-I051430;14;-1247903525;true;0.42547764362602214;1.0;Infinity;1;C
