session ;user;query position;cell hashcode;novelty;outlierness;relevance;surprise;query label;session label
user-I051911_session-547BFC0A9BECA12855B0C21A1D028732A75106E4BFAC87C9590A6616878B5C90_analysis-1.csv;user-I051911;1;-628786206;false;0.20017189568218352;1.0;15.010778732812483;1;B
user-I051911_session-547BFC0A9BECA12855B0C21A1D028732A75106E4BFAC87C9590A6616878B5C90_analysis-1.csv;user-I051911;1;1392994500;false;0.004917768220843444;1.0;14.094488000938329;1;B
user-I051911_session-547BFC0A9BECA12855B0C21A1D028732A75106E4BFAC87C9590A6616878B5C90_analysis-1.csv;user-I051911;1;1324866657;false;0.41248157914177863;1.0;14.094488000938329;1;B
user-I051911_session-547BFC0A9BECA12855B0C21A1D028732A75106E4BFAC87C9590A6616878B5C90_analysis-1.csv;user-I051911;1;-628793669;false;0.35194592993066154;1.0;15.010778732812483;1;B
user-I051911_session-547BFC0A9BECA12855B0C21A1D028732A75106E4BFAC87C9590A6616878B5C90_analysis-1.csv;user-I051911;1;2133837286;false;0.13066914051256295;1.0;15.010778732812483;1;B
user-I051911_session-547BFC0A9BECA12855B0C21A1D028732A75106E4BFAC87C9590A6616878B5C90_analysis-1.csv;user-I051911;1;1465956751;false;0.2904782763827193;1.0;14.094488000938329;1;B
user-I051911_session-547BFC0A9BECA12855B0C21A1D028732A75106E4BFAC87C9590A6616878B5C90_analysis-1.csv;user-I051911;1;-1323045129;false;0.3090219291177062;1.0;14.094488000938329;1;B
user-I051911_session-547BFC0A9BECA12855B0C21A1D028732A75106E4BFAC87C9590A6616878B5C90_analysis-1.csv;user-I051911;1;-1111609749;false;0.22612991348260392;1.0;14.094488000938329;1;B
user-I051911_session-547BFC0A9BECA12855B0C21A1D028732A75106E4BFAC87C9590A6616878B5C90_analysis-1.csv;user-I051911;1;-1254917286;false;0.3789950824602629;1.0;14.094488000938329;1;B
user-I051911_session-547BFC0A9BECA12855B0C21A1D028732A75106E4BFAC87C9590A6616878B5C90_analysis-1.csv;user-I051911;1;1536302037;false;0.2699994900505134;1.0;14.094488000938329;1;B
user-I051911_session-547BFC0A9BECA12855B0C21A1D028732A75106E4BFAC87C9590A6616878B5C90_analysis-1.csv;user-I051911;1;1082330856;false;0.2516142121374879;1.0;14.094488000938329;1;B
user-I051911_session-547BFC0A9BECA12855B0C21A1D028732A75106E4BFAC87C9590A6616878B5C90_analysis-1.csv;user-I051911;1;-1181955035;false;0.18983778662498474;1.0;14.094488000938329;1;B
user-I051911_session-547BFC0A9BECA12855B0C21A1D028732A75106E4BFAC87C9590A6616878B5C90_analysis-1.csv;user-I051911;1;-1090708725;false;0.3893390481393336;1.0;15.010778732812483;1;B
user-I051911_session-547BFC0A9BECA12855B0C21A1D028732A75106E4BFAC87C9590A6616878B5C90_analysis-1.csv;user-I051911;1;-564724654;false;0.12842999629758922;1.0;14.094488000938329;1;B
user-I051911_session-547BFC0A9BECA12855B0C21A1D028732A75106E4BFAC87C9590A6616878B5C90_analysis-1.csv;user-I051911;2;-628786206;false;0.20017189568218352;1.0;15.010778732812483;1;B
user-I051911_session-547BFC0A9BECA12855B0C21A1D028732A75106E4BFAC87C9590A6616878B5C90_analysis-1.csv;user-I051911;2;1392994500;false;0.004917768220843444;1.0;14.094488000938329;1;B
user-I051911_session-547BFC0A9BECA12855B0C21A1D028732A75106E4BFAC87C9590A6616878B5C90_analysis-1.csv;user-I051911;2;1324866657;false;0.41248157914177863;1.0;14.094488000938329;1;B
user-I051911_session-547BFC0A9BECA12855B0C21A1D028732A75106E4BFAC87C9590A6616878B5C90_analysis-1.csv;user-I051911;2;-628793669;false;0.35194592993066154;1.0;15.010778732812483;1;B
user-I051911_session-547BFC0A9BECA12855B0C21A1D028732A75106E4BFAC87C9590A6616878B5C90_analysis-1.csv;user-I051911;2;2133837286;false;0.13066914051256295;1.0;15.010778732812483;1;B
user-I051911_session-547BFC0A9BECA12855B0C21A1D028732A75106E4BFAC87C9590A6616878B5C90_analysis-1.csv;user-I051911;2;1465956751;false;0.2904782763827193;1.0;14.094488000938329;1;B
user-I051911_session-547BFC0A9BECA12855B0C21A1D028732A75106E4BFAC87C9590A6616878B5C90_analysis-1.csv;user-I051911;2;-1323045129;false;0.3090219291177062;1.0;14.094488000938329;1;B
user-I051911_session-547BFC0A9BECA12855B0C21A1D028732A75106E4BFAC87C9590A6616878B5C90_analysis-1.csv;user-I051911;2;-1111609749;false;0.22612991348260392;1.0;14.094488000938329;1;B
user-I051911_session-547BFC0A9BECA12855B0C21A1D028732A75106E4BFAC87C9590A6616878B5C90_analysis-1.csv;user-I051911;2;-1254917286;false;0.3789950824602629;1.0;14.094488000938329;1;B
user-I051911_session-547BFC0A9BECA12855B0C21A1D028732A75106E4BFAC87C9590A6616878B5C90_analysis-1.csv;user-I051911;2;1536302037;false;0.2699994900505134;1.0;14.094488000938329;1;B
user-I051911_session-547BFC0A9BECA12855B0C21A1D028732A75106E4BFAC87C9590A6616878B5C90_analysis-1.csv;user-I051911;2;1082330856;false;0.2516142121374879;1.0;14.094488000938329;1;B
user-I051911_session-547BFC0A9BECA12855B0C21A1D028732A75106E4BFAC87C9590A6616878B5C90_analysis-1.csv;user-I051911;2;-1181955035;false;0.18983778662498474;1.0;14.094488000938329;1;B
user-I051911_session-547BFC0A9BECA12855B0C21A1D028732A75106E4BFAC87C9590A6616878B5C90_analysis-1.csv;user-I051911;2;-1090708725;false;0.3893390481393336;1.0;15.010778732812483;1;B
user-I051911_session-547BFC0A9BECA12855B0C21A1D028732A75106E4BFAC87C9590A6616878B5C90_analysis-1.csv;user-I051911;2;-564724654;false;0.12842999629758922;1.0;14.094488000938329;1;B
user-I051911_session-547BFC0A9BECA12855B0C21A1D028732A75106E4BFAC87C9590A6616878B5C90_analysis-1.csv;user-I051911;3;-628786206;false;0.20017189568218352;1.0;15.010778732812483;1;B
user-I051911_session-547BFC0A9BECA12855B0C21A1D028732A75106E4BFAC87C9590A6616878B5C90_analysis-1.csv;user-I051911;3;1392994500;false;0.004917768220843444;1.0;14.094488000938329;1;B
user-I051911_session-547BFC0A9BECA12855B0C21A1D028732A75106E4BFAC87C9590A6616878B5C90_analysis-1.csv;user-I051911;3;1324866657;false;0.41248157914177863;1.0;14.094488000938329;1;B
user-I051911_session-547BFC0A9BECA12855B0C21A1D028732A75106E4BFAC87C9590A6616878B5C90_analysis-1.csv;user-I051911;3;-628793669;false;0.35194592993066154;1.0;15.010778732812483;1;B
user-I051911_session-547BFC0A9BECA12855B0C21A1D028732A75106E4BFAC87C9590A6616878B5C90_analysis-1.csv;user-I051911;3;2133837286;false;0.13066914051256295;1.0;15.010778732812483;1;B
user-I051911_session-547BFC0A9BECA12855B0C21A1D028732A75106E4BFAC87C9590A6616878B5C90_analysis-1.csv;user-I051911;3;1465956751;false;0.2904782763827193;1.0;14.094488000938329;1;B
user-I051911_session-547BFC0A9BECA12855B0C21A1D028732A75106E4BFAC87C9590A6616878B5C90_analysis-1.csv;user-I051911;3;-1323045129;false;0.3090219291177062;1.0;14.094488000938329;1;B
user-I051911_session-547BFC0A9BECA12855B0C21A1D028732A75106E4BFAC87C9590A6616878B5C90_analysis-1.csv;user-I051911;3;-1111609749;false;0.22612991348260392;1.0;14.094488000938329;1;B
user-I051911_session-547BFC0A9BECA12855B0C21A1D028732A75106E4BFAC87C9590A6616878B5C90_analysis-1.csv;user-I051911;3;-1254917286;false;0.3789950824602629;1.0;14.094488000938329;1;B
user-I051911_session-547BFC0A9BECA12855B0C21A1D028732A75106E4BFAC87C9590A6616878B5C90_analysis-1.csv;user-I051911;3;1536302037;false;0.2699994900505134;1.0;14.094488000938329;1;B
user-I051911_session-547BFC0A9BECA12855B0C21A1D028732A75106E4BFAC87C9590A6616878B5C90_analysis-1.csv;user-I051911;3;1082330856;false;0.2516142121374879;1.0;14.094488000938329;1;B
user-I051911_session-547BFC0A9BECA12855B0C21A1D028732A75106E4BFAC87C9590A6616878B5C90_analysis-1.csv;user-I051911;3;-1181955035;false;0.18983778662498474;1.0;14.094488000938329;1;B
user-I051911_session-547BFC0A9BECA12855B0C21A1D028732A75106E4BFAC87C9590A6616878B5C90_analysis-1.csv;user-I051911;3;-1090708725;false;0.3893390481393336;1.0;15.010778732812483;1;B
user-I051911_session-547BFC0A9BECA12855B0C21A1D028732A75106E4BFAC87C9590A6616878B5C90_analysis-1.csv;user-I051911;3;-564724654;false;0.12842999629758922;1.0;14.094488000938329;1;B
user-I051911_session-547BFC0A9BECA12855B0C21A1D028732A75106E4BFAC87C9590A6616878B5C90_analysis-1.csv;user-I051911;4;-628786206;false;0.21234007495868212;1.0;15.010778732812483;1;B
user-I051911_session-547BFC0A9BECA12855B0C21A1D028732A75106E4BFAC87C9590A6616878B5C90_analysis-1.csv;user-I051911;4;-628793669;false;0.34191376559991715;1.0;15.010778732812483;1;B
user-I051911_session-547BFC0A9BECA12855B0C21A1D028732A75106E4BFAC87C9590A6616878B5C90_analysis-1.csv;user-I051911;4;2133837286;false;0.12694115885788382;1.0;15.010778732812483;1;B
user-I051911_session-547BFC0A9BECA12855B0C21A1D028732A75106E4BFAC87C9590A6616878B5C90_analysis-1.csv;user-I051911;4;1465956751;false;0.30398308599420076;1.0;14.094488000938329;1;B
user-I051911_session-547BFC0A9BECA12855B0C21A1D028732A75106E4BFAC87C9590A6616878B5C90_analysis-1.csv;user-I051911;4;-1323045129;false;0.30003746854077906;1.0;14.094488000938329;1;B
user-I051911_session-547BFC0A9BECA12855B0C21A1D028732A75106E4BFAC87C9590A6616878B5C90_analysis-1.csv;user-I051911;4;-1254917286;false;0.3927308181076443;1.0;14.094488000938329;1;B
user-I051911_session-547BFC0A9BECA12855B0C21A1D028732A75106E4BFAC87C9590A6616878B5C90_analysis-1.csv;user-I051911;4;-1111609749;false;0.21943347426228788;1.0;14.094488000938329;1;B
user-I051911_session-547BFC0A9BECA12855B0C21A1D028732A75106E4BFAC87C9590A6616878B5C90_analysis-1.csv;user-I051911;4;-178146308;false;0.2014497477507149;1.0;14.094488000938329;1;B
user-I051911_session-547BFC0A9BECA12855B0C21A1D028732A75106E4BFAC87C9590A6616878B5C90_analysis-1.csv;user-I051911;4;1951725282;false;0.4106370189540456;1.0;15.010778732812483;1;B
user-I051911_session-547BFC0A9BECA12855B0C21A1D028732A75106E4BFAC87C9590A6616878B5C90_analysis-1.csv;user-I051911;4;419388941;false;0.12524628013319017;1.0;15.010778732812483;1;B
user-I051911_session-547BFC0A9BECA12855B0C21A1D028732A75106E4BFAC87C9590A6616878B5C90_analysis-1.csv;user-I051911;4;1951732745;false;0.04887272096536677;1.0;15.010778732812483;1;B
user-I051911_session-547BFC0A9BECA12855B0C21A1D028732A75106E4BFAC87C9590A6616878B5C90_analysis-1.csv;user-I051911;4;1257473822;false;0.2770618796714063;1.0;14.094488000938329;1;B
user-I051911_session-547BFC0A9BECA12855B0C21A1D028732A75106E4BFAC87C9590A6616878B5C90_analysis-1.csv;user-I051911;4;1398563916;false;0.20479669129664568;1.0;14.094488000938329;1;B
user-I051911_session-547BFC0A9BECA12855B0C21A1D028732A75106E4BFAC87C9590A6616878B5C90_analysis-1.csv;user-I051911;4;1392994500;false;0.005921692699146552;1.0;14.094488000938329;1;B
user-I051911_session-547BFC0A9BECA12855B0C21A1D028732A75106E4BFAC87C9590A6616878B5C90_analysis-1.csv;user-I051911;4;-248491594;false;0.49235246470181304;1.0;14.094488000938329;1;B
user-I051911_session-547BFC0A9BECA12855B0C21A1D028732A75106E4BFAC87C9590A6616878B5C90_analysis-1.csv;user-I051911;4;1324866657;false;0.40115546529762347;1.0;14.094488000938329;1;B
user-I051911_session-547BFC0A9BECA12855B0C21A1D028732A75106E4BFAC87C9590A6616878B5C90_analysis-1.csv;user-I051911;4;-321453845;false;0.012373861235597139;1.0;14.094488000938329;1;B
user-I051911_session-547BFC0A9BECA12855B0C21A1D028732A75106E4BFAC87C9590A6616878B5C90_analysis-1.csv;user-I051911;4;1489810226;false;0.46276846692720086;1.0;15.010778732812483;1;B
user-I051911_session-547BFC0A9BECA12855B0C21A1D028732A75106E4BFAC87C9590A6616878B5C90_analysis-1.csv;user-I051911;4;-632117489;false;0.21506545381434305;1.0;14.094488000938329;1;B
user-I051911_session-547BFC0A9BECA12855B0C21A1D028732A75106E4BFAC87C9590A6616878B5C90_analysis-1.csv;user-I051911;4;2015794297;false;0.07209855352121497;1.0;14.094488000938329;1;B
user-I051911_session-547BFC0A9BECA12855B0C21A1D028732A75106E4BFAC87C9590A6616878B5C90_analysis-1.csv;user-I051911;4;1468909202;false;0.2537396049675439;1.0;14.094488000938329;1;B
user-I051911_session-547BFC0A9BECA12855B0C21A1D028732A75106E4BFAC87C9590A6616878B5C90_analysis-1.csv;user-I051911;4;1536302037;false;0.2620517933876154;1.0;14.094488000938329;1;B
user-I051911_session-547BFC0A9BECA12855B0C21A1D028732A75106E4BFAC87C9590A6616878B5C90_analysis-1.csv;user-I051911;4;-1090708725;false;0.3784807953033167;1.0;15.010778732812483;1;B
user-I051911_session-547BFC0A9BECA12855B0C21A1D028732A75106E4BFAC87C9590A6616878B5C90_analysis-1.csv;user-I051911;4;-1181955035;false;0.18423616488443573;1.0;14.094488000938329;1;B
user-I051911_session-547BFC0A9BECA12855B0C21A1D028732A75106E4BFAC87C9590A6616878B5C90_analysis-1.csv;user-I051911;4;1082330856;false;0.2441805001954589;1.0;14.094488000938329;1;B
user-I051911_session-547BFC0A9BECA12855B0C21A1D028732A75106E4BFAC87C9590A6616878B5C90_analysis-1.csv;user-I051911;4;-389581688;false;0.32144227899224886;1.0;14.094488000938329;1;B
user-I051911_session-547BFC0A9BECA12855B0C21A1D028732A75106E4BFAC87C9590A6616878B5C90_analysis-1.csv;user-I051911;4;1325601665;false;0.45879273916210694;1.0;14.094488000938329;1;B
user-I051911_session-547BFC0A9BECA12855B0C21A1D028732A75106E4BFAC87C9590A6616878B5C90_analysis-1.csv;user-I051911;4;-564724654;false;0.1384198588173129;1.0;14.094488000938329;1;B
