session ;user;query position;cell hashcode;novelty;outlierness;relevance;surprise;query label;session label
user-a_session-6FFA857E98DC952622534B7F6DC3347D7D9A5127400C1EB01E093B658AD84B49_analysis-1.csv;user-a;1;-646897018;true;0.04045280425111364;0.0;Infinity;1;A
user-a_session-6FFA857E98DC952622534B7F6DC3347D7D9A5127400C1EB01E093B658AD84B49_analysis-1.csv;user-a;1;2115745359;true;0.17905303113229076;0.0;Infinity;1;A
user-a_session-6FFA857E98DC952622534B7F6DC3347D7D9A5127400C1EB01E093B658AD84B49_analysis-1.csv;user-a;1;-1108800652;true;0.25847739029542516;0.0;Infinity;1;A
user-a_session-6FFA857E98DC952622534B7F6DC3347D7D9A5127400C1EB01E093B658AD84B49_analysis-1.csv;user-a;1;-646885596;true;0.28464789104342525;0.0;Infinity;1;A
user-a_session-6FFA857E98DC952622534B7F6DC3347D7D9A5127400C1EB01E093B658AD84B49_analysis-1.csv;user-a;1;-646878133;true;0.42676288594853173;0.0;Infinity;1;A
user-a_session-6FFA857E98DC952622534B7F6DC3347D7D9A5127400C1EB01E093B658AD84B49_analysis-1.csv;user-a;1;1000158492;true;0.28255039679699423;0.0;Infinity;1;A
