session ;user;query position;cell hashcode;novelty;outlierness;relevance;surprise;query label;session label
user-I316785_session-04783A9FA13A5107A707975156C09CDD483F122F3A844AA3AC925CB6EC0BD0B7_analysis-12.csv;user-I316785;1;356972970;true;0.4372248732649868;0.0;Infinity;0;A
user-I316785_session-04783A9FA13A5107A707975156C09CDD483F122F3A844AA3AC925CB6EC0BD0B7_analysis-12.csv;user-I316785;1;1189605193;true;0.44732933253057283;0.0;Infinity;0;A
user-I316785_session-04783A9FA13A5107A707975156C09CDD483F122F3A844AA3AC925CB6EC0BD0B7_analysis-12.csv;user-I316785;1;1785891704;true;0.4287065435544406;0.0;Infinity;0;A
user-I316785_session-04783A9FA13A5107A707975156C09CDD483F122F3A844AA3AC925CB6EC0BD0B7_analysis-12.csv;user-I316785;1;135958548;true;0.43412371506471104;0.0;Infinity;0;A
user-I316785_session-04783A9FA13A5107A707975156C09CDD483F122F3A844AA3AC925CB6EC0BD0B7_analysis-12.csv;user-I316785;1;951224971;true;0.4287065435544406;0.0;Infinity;0;A
user-I316785_session-04783A9FA13A5107A707975156C09CDD483F122F3A844AA3AC925CB6EC0BD0B7_analysis-12.csv;user-I316785;1;-176988878;true;0.44110672957471;0.0;Infinity;0;A
user-I316785_session-04783A9FA13A5107A707975156C09CDD483F122F3A844AA3AC925CB6EC0BD0B7_analysis-12.csv;user-I316785;1;-234047674;true;0.43800077354606226;0.0;Infinity;0;A
user-I316785_session-04783A9FA13A5107A707975156C09CDD483F122F3A844AA3AC925CB6EC0BD0B7_analysis-12.csv;user-I316785;1;-1616265439;true;0.4676346165191355;0.0;Infinity;0;A
user-I316785_session-04783A9FA13A5107A707975156C09CDD483F122F3A844AA3AC925CB6EC0BD0B7_analysis-12.csv;user-I316785;1;-304176425;true;0.4287065435544406;0.0;Infinity;0;A
user-I316785_session-04783A9FA13A5107A707975156C09CDD483F122F3A844AA3AC925CB6EC0BD0B7_analysis-12.csv;user-I316785;1;1150426319;true;0.47390187505359727;0.0;Infinity;0;A
user-I316785_session-04783A9FA13A5107A707975156C09CDD483F122F3A844AA3AC925CB6EC0BD0B7_analysis-12.csv;user-I316785;1;1233571183;true;0.43412371506471104;0.0;Infinity;0;A
user-I316785_session-04783A9FA13A5107A707975156C09CDD483F122F3A844AA3AC925CB6EC0BD0B7_analysis-12.csv;user-I316785;1;-432085707;true;0.4434385868658066;0.0;Infinity;0;A
user-I316785_session-04783A9FA13A5107A707975156C09CDD483F122F3A844AA3AC925CB6EC0BD0B7_analysis-12.csv;user-I316785;1;1455667672;true;0.4287065435544406;0.0;Infinity;0;A
user-I316785_session-04783A9FA13A5107A707975156C09CDD483F122F3A844AA3AC925CB6EC0BD0B7_analysis-12.csv;user-I316785;1;917387530;true;0.4325746426866359;0.0;Infinity;0;A
user-I316785_session-04783A9FA13A5107A707975156C09CDD483F122F3A844AA3AC925CB6EC0BD0B7_analysis-12.csv;user-I316785;1;-348582548;true;0.43180049339979587;0.0;Infinity;0;A
user-I316785_session-04783A9FA13A5107A707975156C09CDD483F122F3A844AA3AC925CB6EC0BD0B7_analysis-12.csv;user-I316785;1;-1132987509;true;0.4535649276796655;0.0;Infinity;0;A
user-I316785_session-04783A9FA13A5107A707975156C09CDD483F122F3A844AA3AC925CB6EC0BD0B7_analysis-12.csv;user-I316785;1;-454339648;true;0.4333490508805471;0.0;Infinity;0;A
user-I316785_session-04783A9FA13A5107A707975156C09CDD483F122F3A844AA3AC925CB6EC0BD0B7_analysis-12.csv;user-I316785;1;-1099126324;true;0.43412371506471104;0.0;Infinity;0;A
user-I316785_session-04783A9FA13A5107A707975156C09CDD483F122F3A844AA3AC925CB6EC0BD0B7_analysis-12.csv;user-I316785;1;1636900122;true;0.4287065435544406;0.0;Infinity;0;A
user-I316785_session-04783A9FA13A5107A707975156C09CDD483F122F3A844AA3AC925CB6EC0BD0B7_analysis-12.csv;user-I316785;1;-1517552049;true;0.4426610793509187;0.0;Infinity;0;A
user-I316785_session-04783A9FA13A5107A707975156C09CDD483F122F3A844AA3AC925CB6EC0BD0B7_analysis-12.csv;user-I316785;1;1792614847;true;0.4434385868658066;0.0;Infinity;0;A
user-I316785_session-04783A9FA13A5107A707975156C09CDD483F122F3A844AA3AC925CB6EC0BD0B7_analysis-12.csv;user-I316785;1;1071458097;true;0.43180049339979587;0.0;Infinity;0;A
user-I316785_session-04783A9FA13A5107A707975156C09CDD483F122F3A844AA3AC925CB6EC0BD0B7_analysis-12.csv;user-I316785;1;1328964308;true;0.4707673407357842;0.0;Infinity;0;A
user-I316785_session-04783A9FA13A5107A707975156C09CDD483F122F3A844AA3AC925CB6EC0BD0B7_analysis-12.csv;user-I316785;1;1795929677;true;0.4287065435544406;0.0;Infinity;0;A
user-I316785_session-04783A9FA13A5107A707975156C09CDD483F122F3A844AA3AC925CB6EC0BD0B7_analysis-12.csv;user-I316785;1;702147978;true;0.431026605933863;0.0;Infinity;0;A
user-I316785_session-04783A9FA13A5107A707975156C09CDD483F122F3A844AA3AC925CB6EC0BD0B7_analysis-12.csv;user-I316785;1;370713969;true;0.4294796281049532;0.0;Infinity;0;A
user-I316785_session-04783A9FA13A5107A707975156C09CDD483F122F3A844AA3AC925CB6EC0BD0B7_analysis-12.csv;user-I316785;1;2092723473;true;0.43489863231935977;0.0;Infinity;0;A
user-I316785_session-04783A9FA13A5107A707975156C09CDD483F122F3A844AA3AC925CB6EC0BD0B7_analysis-12.csv;user-I316785;1;-275805341;true;0.4287065435544406;0.0;Infinity;0;A
user-I316785_session-04783A9FA13A5107A707975156C09CDD483F122F3A844AA3AC925CB6EC0BD0B7_analysis-12.csv;user-I316785;1;-56743050;true;0.43644921434649064;0.0;Infinity;0;A
user-I316785_session-04783A9FA13A5107A707975156C09CDD483F122F3A844AA3AC925CB6EC0BD0B7_analysis-12.csv;user-I316785;1;-208066611;true;0.4287065435544406;0.0;Infinity;0;A
user-I316785_session-04783A9FA13A5107A707975156C09CDD483F122F3A844AA3AC925CB6EC0BD0B7_analysis-12.csv;user-I316785;1;-1273149693;true;0.4325746426866359;0.0;Infinity;0;A
user-I316785_session-04783A9FA13A5107A707975156C09CDD483F122F3A844AA3AC925CB6EC0BD0B7_analysis-12.csv;user-I316785;1;1794203876;true;0.4287065435544406;0.0;Infinity;0;A
user-I316785_session-04783A9FA13A5107A707975156C09CDD483F122F3A844AA3AC925CB6EC0BD0B7_analysis-12.csv;user-I316785;1;-496411573;true;0.4372248732649868;0.0;Infinity;0;A
user-I316785_session-04783A9FA13A5107A707975156C09CDD483F122F3A844AA3AC925CB6EC0BD0B7_analysis-12.csv;user-I316785;1;93260843;true;0.4833144021201732;0.0;Infinity;0;A
user-I316785_session-04783A9FA13A5107A707975156C09CDD483F122F3A844AA3AC925CB6EC0BD0B7_analysis-12.csv;user-I316785;1;-378566615;true;0.45590631482170985;0.0;Infinity;0;A
user-I316785_session-04783A9FA13A5107A707975156C09CDD483F122F3A844AA3AC925CB6EC0BD0B7_analysis-12.csv;user-I316785;1;96403932;true;0.4287065435544406;0.0;Infinity;0;A
user-I316785_session-04783A9FA13A5107A707975156C09CDD483F122F3A844AA3AC925CB6EC0BD0B7_analysis-12.csv;user-I316785;1;469210205;true;0.4333490508805471;0.0;Infinity;0;A
user-I316785_session-04783A9FA13A5107A707975156C09CDD483F122F3A844AA3AC925CB6EC0BD0B7_analysis-12.csv;user-I316785;1;-539796898;true;0.4287065435544406;0.0;Infinity;0;A
user-I316785_session-04783A9FA13A5107A707975156C09CDD483F122F3A844AA3AC925CB6EC0BD0B7_analysis-12.csv;user-I316785;1;1792790827;true;0.4880244845664121;0.0;Infinity;0;A
user-I316785_session-04783A9FA13A5107A707975156C09CDD483F122F3A844AA3AC925CB6EC0BD0B7_analysis-12.csv;user-I316785;1;29931766;true;0.4484937064950758;0.0;Infinity;0;A
user-I316785_session-04783A9FA13A5107A707975156C09CDD483F122F3A844AA3AC925CB6EC0BD0B7_analysis-12.csv;user-I316785;1;-2073531476;true;0.44577240447928834;0.0;Infinity;0;A
user-I316785_session-04783A9FA13A5107A707975156C09CDD483F122F3A844AA3AC925CB6EC0BD0B7_analysis-12.csv;user-I316785;1;331683032;true;0.4302529831996579;0.0;Infinity;0;A
user-I316785_session-04783A9FA13A5107A707975156C09CDD483F122F3A844AA3AC925CB6EC0BD0B7_analysis-12.csv;user-I316785;1;-189858624;true;0.4520048940160958;0.0;Infinity;0;A
user-I316785_session-04783A9FA13A5107A707975156C09CDD483F122F3A844AA3AC925CB6EC0BD0B7_analysis-12.csv;user-I316785;1;143339404;true;0.4294796281049532;0.0;Infinity;0;A
user-I316785_session-04783A9FA13A5107A707975156C09CDD483F122F3A844AA3AC925CB6EC0BD0B7_analysis-12.csv;user-I316785;1;-696902795;true;0.4590305339334697;0.0;Infinity;0;A
user-I316785_session-04783A9FA13A5107A707975156C09CDD483F122F3A844AA3AC925CB6EC0BD0B7_analysis-12.csv;user-I316785;1;-1744534113;true;0.452784819748982;0.0;Infinity;0;A
user-I316785_session-04783A9FA13A5107A707975156C09CDD483F122F3A844AA3AC925CB6EC0BD0B7_analysis-12.csv;user-I316785;1;-1761435394;true;0.43800077354606226;0.0;Infinity;0;A
user-I316785_session-04783A9FA13A5107A707975156C09CDD483F122F3A844AA3AC925CB6EC0BD0B7_analysis-12.csv;user-I316785;1;644037858;true;0.4426610793509187;0.0;Infinity;0;A
user-I316785_session-04783A9FA13A5107A707975156C09CDD483F122F3A844AA3AC925CB6EC0BD0B7_analysis-12.csv;user-I316785;1;-1647874612;true;0.4294796281049532;0.0;Infinity;0;A
user-I316785_session-04783A9FA13A5107A707975156C09CDD483F122F3A844AA3AC925CB6EC0BD0B7_analysis-12.csv;user-I316785;1;-314265945;true;0.4496662397988267;0.0;Infinity;0;A
user-I316785_session-04783A9FA13A5107A707975156C09CDD483F122F3A844AA3AC925CB6EC0BD0B7_analysis-12.csv;user-I316785;1;-587024141;true;0.4574680958355649;0.0;Infinity;0;A
user-I316785_session-04783A9FA13A5107A707975156C09CDD483F122F3A844AA3AC925CB6EC0BD0B7_analysis-12.csv;user-I316785;1;364745224;true;0.4613753706835033;0.0;Infinity;0;A
user-I316785_session-04783A9FA13A5107A707975156C09CDD483F122F3A844AA3AC925CB6EC0BD0B7_analysis-12.csv;user-I316785;1;1801906769;true;0.4793910834752002;0.0;Infinity;0;A
user-I316785_session-04783A9FA13A5107A707975156C09CDD483F122F3A844AA3AC925CB6EC0BD0B7_analysis-12.csv;user-I316785;1;-1779139834;true;0.44110672957471;0.0;Infinity;0;A
user-I316785_session-04783A9FA13A5107A707975156C09CDD483F122F3A844AA3AC925CB6EC0BD0B7_analysis-12.csv;user-I316785;1;-1555564579;true;0.44577240447928834;0.0;Infinity;0;A
user-I316785_session-04783A9FA13A5107A707975156C09CDD483F122F3A844AA3AC925CB6EC0BD0B7_analysis-12.csv;user-I316785;1;-607485230;true;0.4302529831996579;0.0;Infinity;0;A
user-I316785_session-04783A9FA13A5107A707975156C09CDD483F122F3A844AA3AC925CB6EC0BD0B7_analysis-12.csv;user-I316785;1;1853023235;true;0.43180049339979587;0.0;Infinity;0;A
user-I316785_session-04783A9FA13A5107A707975156C09CDD483F122F3A844AA3AC925CB6EC0BD0B7_analysis-12.csv;user-I316785;1;-1860572699;true;0.4465507655148506;0.0;Infinity;0;A
user-I316785_session-04783A9FA13A5107A707975156C09CDD483F122F3A844AA3AC925CB6EC0BD0B7_analysis-12.csv;user-I316785;1;1558302244;true;0.49940891196799453;0.0;Infinity;0;A
user-I316785_session-04783A9FA13A5107A707975156C09CDD483F122F3A844AA3AC925CB6EC0BD0B7_analysis-12.csv;user-I316785;1;1786899877;true;0.43955328645712277;0.0;Infinity;0;A
user-I316785_session-04783A9FA13A5107A707975156C09CDD483F122F3A844AA3AC925CB6EC0BD0B7_analysis-12.csv;user-I316785;1;-1917899386;true;0.441883792603879;0.0;Infinity;0;A
user-I316785_session-04783A9FA13A5107A707975156C09CDD483F122F3A844AA3AC925CB6EC0BD0B7_analysis-12.csv;user-I316785;1;-575330252;true;0.4950925358161469;0.0;Infinity;0;A
user-I316785_session-04783A9FA13A5107A707975156C09CDD483F122F3A844AA3AC925CB6EC0BD0B7_analysis-12.csv;user-I316785;1;1157494180;true;0.47977944804573924;0.0;Infinity;0;A
user-I316785_session-04783A9FA13A5107A707975156C09CDD483F122F3A844AA3AC925CB6EC0BD0B7_analysis-12.csv;user-I316785;1;720989054;true;0.4287065435544406;0.0;Infinity;0;A
user-I316785_session-04783A9FA13A5107A707975156C09CDD483F122F3A844AA3AC925CB6EC0BD0B7_analysis-12.csv;user-I316785;1;-1529899355;true;0.43412371506471104;0.0;Infinity;0;A
user-I316785_session-04783A9FA13A5107A707975156C09CDD483F122F3A844AA3AC925CB6EC0BD0B7_analysis-12.csv;user-I316785;1;-562037866;true;0.022117841074750455;0.0;Infinity;0;A
user-I316785_session-04783A9FA13A5107A707975156C09CDD483F122F3A844AA3AC925CB6EC0BD0B7_analysis-12.csv;user-I316785;1;1724282707;true;0.4287065435544406;0.0;Infinity;0;A
user-I316785_session-04783A9FA13A5107A707975156C09CDD483F122F3A844AA3AC925CB6EC0BD0B7_analysis-12.csv;user-I316785;1;1724011018;true;0.4287065435544406;0.0;Infinity;0;A
user-I316785_session-04783A9FA13A5107A707975156C09CDD483F122F3A844AA3AC925CB6EC0BD0B7_analysis-12.csv;user-I316785;1;-460825373;true;0.49155429099604053;0.0;Infinity;0;A
user-I316785_session-04783A9FA13A5107A707975156C09CDD483F122F3A844AA3AC925CB6EC0BD0B7_analysis-12.csv;user-I316785;1;-1913294571;true;0.43644921434649064;0.0;Infinity;0;A
user-I316785_session-04783A9FA13A5107A707975156C09CDD483F122F3A844AA3AC925CB6EC0BD0B7_analysis-12.csv;user-I316785;1;1788732643;true;0.43644921434649064;0.0;Infinity;0;A
user-I316785_session-04783A9FA13A5107A707975156C09CDD483F122F3A844AA3AC925CB6EC0BD0B7_analysis-12.csv;user-I316785;1;1723932921;true;0.4465507655148506;0.0;Infinity;0;A
user-I316785_session-04783A9FA13A5107A707975156C09CDD483F122F3A844AA3AC925CB6EC0BD0B7_analysis-12.csv;user-I316785;1;1791309197;true;0.4465507655148506;0.0;Infinity;0;A
user-I316785_session-04783A9FA13A5107A707975156C09CDD483F122F3A844AA3AC925CB6EC0BD0B7_analysis-12.csv;user-I316785;1;-83919180;true;0.44110672957471;0.0;Infinity;0;A
user-I316785_session-04783A9FA13A5107A707975156C09CDD483F122F3A844AA3AC925CB6EC0BD0B7_analysis-12.csv;user-I316785;1;1799630877;true;0.4333490508805471;0.0;Infinity;0;A
user-I316785_session-04783A9FA13A5107A707975156C09CDD483F122F3A844AA3AC925CB6EC0BD0B7_analysis-12.csv;user-I316785;1;1480393189;true;0.4535649276796655;0.0;Infinity;0;A
user-I316785_session-04783A9FA13A5107A707975156C09CDD483F122F3A844AA3AC925CB6EC0BD0B7_analysis-12.csv;user-I316785;1;-1069785178;true;0.4333490508805471;0.0;Infinity;0;A
user-I316785_session-04783A9FA13A5107A707975156C09CDD483F122F3A844AA3AC925CB6EC0BD0B7_analysis-12.csv;user-I316785;1;-310695865;true;1.5543122344752192E-15;0.0;Infinity;0;A
user-I316785_session-04783A9FA13A5107A707975156C09CDD483F122F3A844AA3AC925CB6EC0BD0B7_analysis-12.csv;user-I316785;1;-1337239986;true;0.4294796281049532;0.0;Infinity;0;A
user-I316785_session-04783A9FA13A5107A707975156C09CDD483F122F3A844AA3AC925CB6EC0BD0B7_analysis-12.csv;user-I316785;1;-742655214;true;0.4294796281049532;0.0;Infinity;0;A
user-I316785_session-04783A9FA13A5107A707975156C09CDD483F122F3A844AA3AC925CB6EC0BD0B7_analysis-12.csv;user-I316785;1;1724305344;true;0.4434385868658066;0.0;Infinity;0;A
user-I316785_session-04783A9FA13A5107A707975156C09CDD483F122F3A844AA3AC925CB6EC0BD0B7_analysis-12.csv;user-I316785;1;-987340442;true;0.4287065435544406;0.0;Infinity;0;A
user-I316785_session-04783A9FA13A5107A707975156C09CDD483F122F3A844AA3AC925CB6EC0BD0B7_analysis-12.csv;user-I316785;1;1036969753;true;0.43489863231935977;0.0;Infinity;0;A
user-I316785_session-04783A9FA13A5107A707975156C09CDD483F122F3A844AA3AC925CB6EC0BD0B7_analysis-12.csv;user-I316785;1;1786899935;true;0.4590305339334697;0.0;Infinity;0;A
user-I316785_session-04783A9FA13A5107A707975156C09CDD483F122F3A844AA3AC925CB6EC0BD0B7_analysis-12.csv;user-I316785;1;1247420230;true;0.4287065435544406;0.0;Infinity;0;A
user-I316785_session-04783A9FA13A5107A707975156C09CDD483F122F3A844AA3AC925CB6EC0BD0B7_analysis-12.csv;user-I316785;1;1793162382;true;0.4484937064950758;0.0;Infinity;0;A
user-I316785_session-04783A9FA13A5107A707975156C09CDD483F122F3A844AA3AC925CB6EC0BD0B7_analysis-12.csv;user-I316785;1;1790586331;true;0.43489863231935977;0.0;Infinity;0;A
user-I316785_session-04783A9FA13A5107A707975156C09CDD483F122F3A844AA3AC925CB6EC0BD0B7_analysis-12.csv;user-I316785;1;-984724421;true;0.4680222252098797;0.0;Infinity;0;A
user-I316785_session-04783A9FA13A5107A707975156C09CDD483F122F3A844AA3AC925CB6EC0BD0B7_analysis-12.csv;user-I316785;1;1339638131;true;0.4449942523863215;0.0;Infinity;0;A
user-I316785_session-04783A9FA13A5107A707975156C09CDD483F122F3A844AA3AC925CB6EC0BD0B7_analysis-12.csv;user-I316785;1;1350925649;true;0.4287065435544406;0.0;Infinity;0;A
user-I316785_session-04783A9FA13A5107A707975156C09CDD483F122F3A844AA3AC925CB6EC0BD0B7_analysis-12.csv;user-I316785;1;-1958928100;true;0.4287065435544406;0.0;Infinity;0;A
user-I316785_session-04783A9FA13A5107A707975156C09CDD483F122F3A844AA3AC925CB6EC0BD0B7_analysis-12.csv;user-I316785;1;-846624308;true;0.43489863231935977;0.0;Infinity;0;A
user-I316785_session-04783A9FA13A5107A707975156C09CDD483F122F3A844AA3AC925CB6EC0BD0B7_analysis-12.csv;user-I316785;1;-271746691;true;0.08172246229417768;0.0;Infinity;0;A
user-I316785_session-04783A9FA13A5107A707975156C09CDD483F122F3A844AA3AC925CB6EC0BD0B7_analysis-12.csv;user-I316785;1;1477573481;true;0.4372248732649868;0.0;Infinity;0;A
user-I316785_session-04783A9FA13A5107A707975156C09CDD483F122F3A844AA3AC925CB6EC0BD0B7_analysis-12.csv;user-I316785;1;129297139;true;0.4287065435544406;0.0;Infinity;0;A
user-I316785_session-04783A9FA13A5107A707975156C09CDD483F122F3A844AA3AC925CB6EC0BD0B7_analysis-12.csv;user-I316785;1;760689142;true;0.45941737471719635;0.0;Infinity;0;A
user-I316785_session-04783A9FA13A5107A707975156C09CDD483F122F3A844AA3AC925CB6EC0BD0B7_analysis-12.csv;user-I316785;1;792922904;true;0.4574680958355649;0.0;Infinity;0;A
user-I316785_session-04783A9FA13A5107A707975156C09CDD483F122F3A844AA3AC925CB6EC0BD0B7_analysis-12.csv;user-I316785;1;437008351;true;0.4287065435544406;0.0;Infinity;0;A
user-I316785_session-04783A9FA13A5107A707975156C09CDD483F122F3A844AA3AC925CB6EC0BD0B7_analysis-12.csv;user-I316785;1;-1335359544;true;0.4287065435544406;0.0;Infinity;0;A
user-I316785_session-04783A9FA13A5107A707975156C09CDD483F122F3A844AA3AC925CB6EC0BD0B7_analysis-12.csv;user-I316785;1;112504114;true;0.4535649276796655;0.0;Infinity;0;A
user-I316785_session-04783A9FA13A5107A707975156C09CDD483F122F3A844AA3AC925CB6EC0BD0B7_analysis-12.csv;user-I316785;1;-113963773;true;0.4598119919013345;0.0;Infinity;0;A
user-I316785_session-04783A9FA13A5107A707975156C09CDD483F122F3A844AA3AC925CB6EC0BD0B7_analysis-12.csv;user-I316785;2;667024452;true;0.4423956207354848;0.0;Infinity;0;A
user-I316785_session-04783A9FA13A5107A707975156C09CDD483F122F3A844AA3AC925CB6EC0BD0B7_analysis-12.csv;user-I316785;2;-1233839198;true;0.4371543173648017;0.0;Infinity;0;A
user-I316785_session-04783A9FA13A5107A707975156C09CDD483F122F3A844AA3AC925CB6EC0BD0B7_analysis-12.csv;user-I316785;2;-326952521;true;0.44366750739476524;0.0;Infinity;0;A
user-I316785_session-04783A9FA13A5107A707975156C09CDD483F122F3A844AA3AC925CB6EC0BD0B7_analysis-12.csv;user-I316785;2;1839732327;true;0.4255050826950012;0.0;Infinity;0;A
user-I316785_session-04783A9FA13A5107A707975156C09CDD483F122F3A844AA3AC925CB6EC0BD0B7_analysis-12.csv;user-I316785;2;-1695205677;true;0.4855911741250225;0.0;Infinity;0;A
user-I316785_session-04783A9FA13A5107A707975156C09CDD483F122F3A844AA3AC925CB6EC0BD0B7_analysis-12.csv;user-I316785;2;-1681913291;true;0.10492955495101086;0.0;Infinity;0;A
user-I316785_session-04783A9FA13A5107A707975156C09CDD483F122F3A844AA3AC925CB6EC0BD0B7_analysis-12.csv;user-I316785;2;733147810;true;0.4292921069477681;0.0;Infinity;0;A
user-I316785_session-04783A9FA13A5107A707975156C09CDD483F122F3A844AA3AC925CB6EC0BD0B7_analysis-12.csv;user-I316785;2;-1353923099;true;0.42742426003062484;0.0;Infinity;0;A
user-I316785_session-04783A9FA13A5107A707975156C09CDD483F122F3A844AA3AC925CB6EC0BD0B7_analysis-12.csv;user-I316785;2;671433772;true;0.4410433407561416;0.0;Infinity;0;A
user-I316785_session-04783A9FA13A5107A707975156C09CDD483F122F3A844AA3AC925CB6EC0BD0B7_analysis-12.csv;user-I316785;2;673286957;true;0.2352594947777389;0.0;Infinity;0;A
user-I316785_session-04783A9FA13A5107A707975156C09CDD483F122F3A844AA3AC925CB6EC0BD0B7_analysis-12.csv;user-I316785;2;-2107215867;true;0.4255121096637794;0.0;Infinity;0;A
user-I316785_session-04783A9FA13A5107A707975156C09CDD483F122F3A844AA3AC925CB6EC0BD0B7_analysis-12.csv;user-I316785;2;672739422;true;0.43141067287012214;0.0;Infinity;0;A
user-I316785_session-04783A9FA13A5107A707975156C09CDD483F122F3A844AA3AC925CB6EC0BD0B7_analysis-12.csv;user-I316785;2;357698056;true;0.4475441901734182;0.0;Infinity;0;A
user-I316785_session-04783A9FA13A5107A707975156C09CDD483F122F3A844AA3AC925CB6EC0BD0B7_analysis-12.csv;user-I316785;2;604407282;true;0.4255050826950012;0.0;Infinity;0;A
user-I316785_session-04783A9FA13A5107A707975156C09CDD483F122F3A844AA3AC925CB6EC0BD0B7_analysis-12.csv;user-I316785;2;674328451;true;0.4255050826950012;0.0;Infinity;0;A
user-I316785_session-04783A9FA13A5107A707975156C09CDD483F122F3A844AA3AC925CB6EC0BD0B7_analysis-12.csv;user-I316785;2;-1616286998;true;0.43043678063550983;0.0;Infinity;0;A
user-I316785_session-04783A9FA13A5107A707975156C09CDD483F122F3A844AA3AC925CB6EC0BD0B7_analysis-12.csv;user-I316785;2;1657539822;true;0.4313882383701726;0.0;Infinity;0;A
user-I316785_session-04783A9FA13A5107A707975156C09CDD483F122F3A844AA3AC925CB6EC0BD0B7_analysis-12.csv;user-I316785;2;-1468457973;true;0.4306281332282975;0.0;Infinity;0;A
user-I316785_session-04783A9FA13A5107A707975156C09CDD483F122F3A844AA3AC925CB6EC0BD0B7_analysis-12.csv;user-I316785;2;-1580700798;true;0.40458758942975614;0.0;Infinity;0;A
user-I316785_session-04783A9FA13A5107A707975156C09CDD483F122F3A844AA3AC925CB6EC0BD0B7_analysis-12.csv;user-I316785;2;1257192485;true;0.42664983325425454;0.0;Infinity;0;A
user-I316785_session-04783A9FA13A5107A707975156C09CDD483F122F3A844AA3AC925CB6EC0BD0B7_analysis-12.csv;user-I316785;2;667024510;true;0.4688543429277403;0.0;Infinity;0;A
user-I316785_session-04783A9FA13A5107A707975156C09CDD483F122F3A844AA3AC925CB6EC0BD0B7_analysis-12.csv;user-I316785;2;-1007371311;true;0.4353062333638511;0.0;Infinity;0;A
user-I316785_session-04783A9FA13A5107A707975156C09CDD483F122F3A844AA3AC925CB6EC0BD0B7_analysis-12.csv;user-I316785;2;670710906;true;0.4257225923900392;0.0;Infinity;0;A
user-I316785_session-04783A9FA13A5107A707975156C09CDD483F122F3A844AA3AC925CB6EC0BD0B7_analysis-12.csv;user-I316785;2;219762706;true;0.4364988365823075;0.0;Infinity;0;A
user-I316785_session-04783A9FA13A5107A707975156C09CDD483F122F3A844AA3AC925CB6EC0BD0B7_analysis-12.csv;user-I316785;2;-2104599846;true;0.3499165423191045;0.0;Infinity;0;A
user-I316785_session-04783A9FA13A5107A707975156C09CDD483F122F3A844AA3AC925CB6EC0BD0B7_analysis-12.csv;user-I316785;2;1261797300;true;0.4346367984092454;0.0;Infinity;0;A
user-I316785_session-04783A9FA13A5107A707975156C09CDD483F122F3A844AA3AC925CB6EC0BD0B7_analysis-12.csv;user-I316785;2;-1395680766;true;0.4255053075576356;0.0;Infinity;0;A
user-I316785_session-04783A9FA13A5107A707975156C09CDD483F122F3A844AA3AC925CB6EC0BD0B7_analysis-12.csv;user-I316785;2;-682867074;true;0.4255050826950012;0.0;Infinity;0;A
user-I316785_session-04783A9FA13A5107A707975156C09CDD483F122F3A844AA3AC925CB6EC0BD0B7_analysis-12.csv;user-I316785;2;-990578286;true;0.42550541998896185;0.0;Infinity;0;A
user-I316785_session-04783A9FA13A5107A707975156C09CDD483F122F3A844AA3AC925CB6EC0BD0B7_analysis-12.csv;user-I316785;2;1314519172;true;0.47505270048084913;0.0;Infinity;0;A
user-I316785_session-04783A9FA13A5107A707975156C09CDD483F122F3A844AA3AC925CB6EC0BD0B7_analysis-12.csv;user-I316785;2;1101560395;true;0.44435974005631074;0.0;Infinity;0;A
user-I316785_session-04783A9FA13A5107A707975156C09CDD483F122F3A844AA3AC925CB6EC0BD0B7_analysis-12.csv;user-I316785;2;2075965547;true;0.42619305048090816;0.0;Infinity;0;A
user-I316785_session-04783A9FA13A5107A707975156C09CDD483F122F3A844AA3AC925CB6EC0BD0B7_analysis-12.csv;user-I316785;2;69729768;true;0.45489157279571824;0.0;Infinity;0;A
user-I316785_session-04783A9FA13A5107A707975156C09CDD483F122F3A844AA3AC925CB6EC0BD0B7_analysis-12.csv;user-I316785;2;30550894;true;0.47709169490267866;0.0;Infinity;0;A
user-I316785_session-04783A9FA13A5107A707975156C09CDD483F122F3A844AA3AC925CB6EC0BD0B7_analysis-12.csv;user-I316785;2;679755452;true;0.42559160038166166;0.0;Infinity;0;A
user-I316785_session-04783A9FA13A5107A707975156C09CDD483F122F3A844AA3AC925CB6EC0BD0B7_analysis-12.csv;user-I316785;2;972848048;true;0.43013107863539246;0.0;Infinity;0;A
user-I316785_session-04783A9FA13A5107A707975156C09CDD483F122F3A844AA3AC925CB6EC0BD0B7_analysis-12.csv;user-I316785;2;-168650454;true;0.42660118080298925;0.0;Infinity;0;A
user-I316785_session-04783A9FA13A5107A707975156C09CDD483F122F3A844AA3AC925CB6EC0BD0B7_analysis-12.csv;user-I316785;2;1395952037;true;0.43441610312064083;0.0;Infinity;0;A
user-I316785_session-04783A9FA13A5107A707975156C09CDD483F122F3A844AA3AC925CB6EC0BD0B7_analysis-12.csv;user-I316785;2;-1089943659;true;0.144241256295914;0.0;Infinity;0;A
user-I316785_session-04783A9FA13A5107A707975156C09CDD483F122F3A844AA3AC925CB6EC0BD0B7_analysis-12.csv;user-I316785;2;1837851885;true;0.4259170716062288;0.0;Infinity;0;A
user-I316785_session-04783A9FA13A5107A707975156C09CDD483F122F3A844AA3AC925CB6EC0BD0B7_analysis-12.csv;user-I316785;2;-1434141370;true;0.4296215182531493;0.0;Infinity;0;A
user-I316785_session-04783A9FA13A5107A707975156C09CDD483F122F3A844AA3AC925CB6EC0BD0B7_analysis-12.csv;user-I316785;2;-1309734049;true;0.4487874249233337;0.0;Infinity;0;A
user-I316785_session-04783A9FA13A5107A707975156C09CDD483F122F3A844AA3AC925CB6EC0BD0B7_analysis-12.csv;user-I316785;2;1619527292;true;0.4351851251198142;0.0;Infinity;0;A
user-I316785_session-04783A9FA13A5107A707975156C09CDD483F122F3A844AA3AC925CB6EC0BD0B7_analysis-12.csv;user-I316785;2;113695758;true;0.4255050826950012;0.0;Infinity;0;A
user-I316785_session-04783A9FA13A5107A707975156C09CDD483F122F3A844AA3AC925CB6EC0BD0B7_analysis-12.csv;user-I316785;2;-1706899566;true;0.43640410511740324;0.0;Infinity;0;A
user-I316785_session-04783A9FA13A5107A707975156C09CDD483F122F3A844AA3AC925CB6EC0BD0B7_analysis-12.csv;user-I316785;2;-1203794605;true;0.4359120912948852;0.0;Infinity;0;A
user-I316785_session-04783A9FA13A5107A707975156C09CDD483F122F3A844AA3AC925CB6EC0BD0B7_analysis-12.csv;user-I316785;2;-1551961132;true;0.4329974840330668;0.0;Infinity;0;A
user-I316785_session-04783A9FA13A5107A707975156C09CDD483F122F3A844AA3AC925CB6EC0BD0B7_analysis-12.csv;user-I316785;2;-755130201;true;0.46808741927336217;0.0;Infinity;0;A
user-I316785_session-04783A9FA13A5107A707975156C09CDD483F122F3A844AA3AC925CB6EC0BD0B7_analysis-12.csv;user-I316785;2;438426819;true;0.49711046675569603;0.0;Infinity;0;A
user-I316785_session-04783A9FA13A5107A707975156C09CDD483F122F3A844AA3AC925CB6EC0BD0B7_analysis-12.csv;user-I316785;2;1216163771;true;0.4260474091939782;0.0;Infinity;0;A
user-I316785_session-04783A9FA13A5107A707975156C09CDD483F122F3A844AA3AC925CB6EC0BD0B7_analysis-12.csv;user-I316785;2;-1659672323;true;0.4255050826950012;0.0;Infinity;0;A
user-I316785_session-04783A9FA13A5107A707975156C09CDD483F122F3A844AA3AC925CB6EC0BD0B7_analysis-12.csv;user-I316785;2;676054252;true;0.4255050826950012;0.0;Infinity;0;A
user-I316785_session-04783A9FA13A5107A707975156C09CDD483F122F3A844AA3AC925CB6EC0BD0B7_analysis-12.csv;user-I316785;2;-749161456;true;0.42739353864255814;0.0;Infinity;0;A
user-I316785_session-04783A9FA13A5107A707975156C09CDD483F122F3A844AA3AC925CB6EC0BD0B7_analysis-12.csv;user-I316785;2;2042104362;true;0.44580212613426395;0.0;Infinity;0;A
user-I316785_session-04783A9FA13A5107A707975156C09CDD483F122F3A844AA3AC925CB6EC0BD0B7_analysis-12.csv;user-I316785;2;672915402;true;0.49937620430126883;0.0;Infinity;0;A
user-I316785_session-04783A9FA13A5107A707975156C09CDD483F122F3A844AA3AC925CB6EC0BD0B7_analysis-12.csv;user-I316785;2;-475837567;true;0.44295121888913813;0.0;Infinity;0;A
user-I316785_session-04783A9FA13A5107A707975156C09CDD483F122F3A844AA3AC925CB6EC0BD0B7_analysis-12.csv;user-I316785;2;335792247;true;0.4255126718223038;0.0;Infinity;0;A
user-I316785_session-04783A9FA13A5107A707975156C09CDD483F122F3A844AA3AC925CB6EC0BD0B7_analysis-12.csv;user-I316785;2;604429919;true;0.45490777507106794;0.0;Infinity;0;A
user-I316785_session-04783A9FA13A5107A707975156C09CDD483F122F3A844AA3AC925CB6EC0BD0B7_analysis-12.csv;user-I316785;2;-1391622116;true;0.13180885359024663;0.0;Infinity;0;A
user-I316785_session-04783A9FA13A5107A707975156C09CDD483F122F3A844AA3AC925CB6EC0BD0B7_analysis-12.csv;user-I316785;2;-398886371;true;0.4255050826950012;0.0;Infinity;0;A
user-I316785_session-04783A9FA13A5107A707975156C09CDD483F122F3A844AA3AC925CB6EC0BD0B7_analysis-12.csv;user-I316785;2;-1862530639;true;0.4255050826950012;0.0;Infinity;0;A
user-I316785_session-04783A9FA13A5107A707975156C09CDD483F122F3A844AA3AC925CB6EC0BD0B7_analysis-12.csv;user-I316785;2;-762902455;true;0.4276891236350835;0.0;Infinity;0;A
user-I316785_session-04783A9FA13A5107A707975156C09CDD483F122F3A844AA3AC925CB6EC0BD0B7_analysis-12.csv;user-I316785;2;-1424051850;true;0.42565805109613886;0.0;Infinity;0;A
user-I316785_session-04783A9FA13A5107A707975156C09CDD483F122F3A844AA3AC925CB6EC0BD0B7_analysis-12.csv;user-I316785;2;1901942178;true;0.4277968903091788;0.0;Infinity;0;A
user-I316785_session-04783A9FA13A5107A707975156C09CDD483F122F3A844AA3AC925CB6EC0BD0B7_analysis-12.csv;user-I316785;2;-1327942036;true;0.4255050826950012;0.0;Infinity;0;A
user-I316785_session-04783A9FA13A5107A707975156C09CDD483F122F3A844AA3AC925CB6EC0BD0B7_analysis-12.csv;user-I316785;2;1645192516;true;0.4301744580545164;0.0;Infinity;0;A
user-I316785_session-04783A9FA13A5107A707975156C09CDD483F122F3A844AA3AC925CB6EC0BD0B7_analysis-12.csv;user-I316785;2;1527217259;true;0.4255050826950012;0.0;Infinity;0;A
user-I316785_session-04783A9FA13A5107A707975156C09CDD483F122F3A844AA3AC925CB6EC0BD0B7_analysis-12.csv;user-I316785;2;604135593;true;0.4255050826950012;0.0;Infinity;0;A
user-I316785_session-04783A9FA13A5107A707975156C09CDD483F122F3A844AA3AC925CB6EC0BD0B7_analysis-12.csv;user-I316785;2;-788192393;true;0.4283840457676761;0.0;Infinity;0;A
user-I316785_session-04783A9FA13A5107A707975156C09CDD483F122F3A844AA3AC925CB6EC0BD0B7_analysis-12.csv;user-I316785;2;-650665220;true;0.4255050826950012;0.0;Infinity;0;A
user-I316785_session-04783A9FA13A5107A707975156C09CDD483F122F3A844AA3AC925CB6EC0BD0B7_analysis-12.csv;user-I316785;2;231050224;true;0.4255050826950012;0.0;Infinity;0;A
user-I316785_session-04783A9FA13A5107A707975156C09CDD483F122F3A844AA3AC925CB6EC0BD0B7_analysis-12.csv;user-I316785;2;-1430571290;true;2.220446049250313E-16;0.0;Infinity;0;A
user-I316785_session-04783A9FA13A5107A707975156C09CDD483F122F3A844AA3AC925CB6EC0BD0B7_analysis-12.csv;user-I316785;2;-983916877;true;0.4265400996536046;0.0;Infinity;0;A
user-I316785_session-04783A9FA13A5107A707975156C09CDD483F122F3A844AA3AC925CB6EC0BD0B7_analysis-12.csv;user-I316785;2;666016279;true;0.4255050826950012;0.0;Infinity;0;A
user-I316785_session-04783A9FA13A5107A707975156C09CDD483F122F3A844AA3AC925CB6EC0BD0B7_analysis-12.csv;user-I316785;2;37618755;true;0.46593205257329184;0.0;Infinity;0;A
user-I316785_session-04783A9FA13A5107A707975156C09CDD483F122F3A844AA3AC925CB6EC0BD0B7_analysis-12.csv;user-I316785;2;-48417328;true;0.4265502234792494;0.0;Infinity;0;A
user-I316785_session-04783A9FA13A5107A707975156C09CDD483F122F3A844AA3AC925CB6EC0BD0B7_analysis-12.csv;user-I316785;2;517024697;true;0.4255050826950012;0.0;Infinity;0;A
user-I316785_session-04783A9FA13A5107A707975156C09CDD483F122F3A844AA3AC925CB6EC0BD0B7_analysis-12.csv;user-I316785;2;1413656477;true;0.4300341258664039;0.0;Infinity;0;A
user-I316785_session-04783A9FA13A5107A707975156C09CDD483F122F3A844AA3AC925CB6EC0BD0B7_analysis-12.csv;user-I316785;2;-1026614582;true;0.46522817949237816;0.0;Infinity;0;A
user-I316785_session-04783A9FA13A5107A707975156C09CDD483F122F3A844AA3AC925CB6EC0BD0B7_analysis-12.csv;user-I316785;2;2105306693;true;0.4270714970007593;0.0;Infinity;0;A
user-I316785_session-04783A9FA13A5107A707975156C09CDD483F122F3A844AA3AC925CB6EC0BD0B7_analysis-12.csv;user-I316785;2;604057496;true;0.4303207712163276;0.0;Infinity;0;A
user-I316785_session-04783A9FA13A5107A707975156C09CDD483F122F3A844AA3AC925CB6EC0BD0B7_analysis-12.csv;user-I316785;2;-1498442040;true;0.43237037667700895;0.0;Infinity;0;A
user-I316785_session-04783A9FA13A5107A707975156C09CDD483F122F3A844AA3AC925CB6EC0BD0B7_analysis-12.csv;user-I316785;2;209088883;true;0.44098511011407426;0.0;Infinity;0;A
user-I316785_session-04783A9FA13A5107A707975156C09CDD483F122F3A844AA3AC925CB6EC0BD0B7_analysis-12.csv;user-I316785;2;127544805;true;0.4255050826950012;0.0;Infinity;0;A
user-I316785_session-04783A9FA13A5107A707975156C09CDD483F122F3A844AA3AC925CB6EC0BD0B7_analysis-12.csv;user-I316785;2;-82905672;true;0.42550693781245985;0.0;Infinity;0;A
user-I316785_session-04783A9FA13A5107A707975156C09CDD483F122F3A844AA3AC925CB6EC0BD0B7_analysis-12.csv;user-I316785;2;-1727360655;true;0.426120734667348;0.0;Infinity;0;A
user-I316785_session-04783A9FA13A5107A707975156C09CDD483F122F3A844AA3AC925CB6EC0BD0B7_analysis-12.csv;user-I316785;2;-1966499733;true;0.429830150121279;0.0;Infinity;0;A
user-I316785_session-04783A9FA13A5107A707975156C09CDD483F122F3A844AA3AC925CB6EC0BD0B7_analysis-12.csv;user-I316785;2;-1296864303;true;0.4375692657529787;0.0;Infinity;0;A
user-I316785_session-04783A9FA13A5107A707975156C09CDD483F122F3A844AA3AC925CB6EC0BD0B7_analysis-12.csv;user-I316785;2;360517764;true;0.44617759025600345;0.0;Infinity;0;A
user-I316785_session-04783A9FA13A5107A707975156C09CDD483F122F3A844AA3AC925CB6EC0BD0B7_analysis-12.csv;user-I316785;2;-1574215073;true;0.42661113618481816;0.0;Infinity;0;A
user-I316785_session-04783A9FA13A5107A707975156C09CDD483F122F3A844AA3AC925CB6EC0BD0B7_analysis-12.csv;user-I316785;2;-359186283;true;0.48585962662214766;0.0;Infinity;0;A
user-I316785_session-04783A9FA13A5107A707975156C09CDD483F122F3A844AA3AC925CB6EC0BD0B7_analysis-12.csv;user-I316785;2;682031344;true;0.47449390359380983;0.0;Infinity;0;A
user-I316785_session-04783A9FA13A5107A707975156C09CDD483F122F3A844AA3AC925CB6EC0BD0B7_analysis-12.csv;user-I316785;2;-1176618475;true;0.4349258779481411;0.0;Infinity;0;A
user-I316785_session-04783A9FA13A5107A707975156C09CDD483F122F3A844AA3AC925CB6EC0BD0B7_analysis-12.csv;user-I316785;2;-976536021;true;0.4255050826950012;0.0;Infinity;0;A
user-I316785_session-04783A9FA13A5107A707975156C09CDD483F122F3A844AA3AC925CB6EC0BD0B7_analysis-12.csv;user-I316785;2;1558826432;true;0.4628444512837038;0.0;Infinity;0;A
user-I316785_session-04783A9FA13A5107A707975156C09CDD483F122F3A844AA3AC925CB6EC0BD0B7_analysis-12.csv;user-I316785;2;-202487895;true;0.43338683919667376;0.0;Infinity;0;A
user-I316785_session-04783A9FA13A5107A707975156C09CDD483F122F3A844AA3AC925CB6EC0BD0B7_analysis-12.csv;user-I316785;2;-1023471493;true;0.4255050826950012;0.0;Infinity;0;A
user-I316785_session-04783A9FA13A5107A707975156C09CDD483F122F3A844AA3AC925CB6EC0BD0B7_analysis-12.csv;user-I316785;2;-1816778220;true;0.4525282231752812;0.0;Infinity;0;A
user-I316785_session-04783A9FA13A5107A707975156C09CDD483F122F3A844AA3AC925CB6EC0BD0B7_analysis-12.csv;user-I316785;2;668857218;true;0.429019502675004;0.0;Infinity;0;A
user-I316785_session-04783A9FA13A5107A707975156C09CDD483F122F3A844AA3AC925CB6EC0BD0B7_analysis-12.csv;user-I316785;2;1430557758;true;0.46255039384985064;0.0;Infinity;0;A
user-I316785_session-04783A9FA13A5107A707975156C09CDD483F122F3A844AA3AC925CB6EC0BD0B7_analysis-12.csv;user-I316785;2;-417727447;true;0.4255132339809796;0.0;Infinity;0;A
user-I316785_session-04783A9FA13A5107A707975156C09CDD483F122F3A844AA3AC925CB6EC0BD0B7_analysis-12.csv;user-I316785;3;-1214180104;true;0.44002313984474983;0.0;Infinity;0;A
user-I316785_session-04783A9FA13A5107A707975156C09CDD483F122F3A844AA3AC925CB6EC0BD0B7_analysis-12.csv;user-I316785;3;-148991360;true;0.425399938140568;0.0;Infinity;0;A
user-I316785_session-04783A9FA13A5107A707975156C09CDD483F122F3A844AA3AC925CB6EC0BD0B7_analysis-12.csv;user-I316785;3;-456178473;true;0.44287551918540535;0.0;Infinity;0;A
user-I316785_session-04783A9FA13A5107A707975156C09CDD483F122F3A844AA3AC925CB6EC0BD0B7_analysis-12.csv;user-I316785;3;1235822865;true;0.425881042341537;0.0;Infinity;0;A
user-I316785_session-04783A9FA13A5107A707975156C09CDD483F122F3A844AA3AC925CB6EC0BD0B7_analysis-12.csv;user-I316785;3;-1184135511;true;0.4370400734832218;0.0;Infinity;0;A
user-I316785_session-04783A9FA13A5107A707975156C09CDD483F122F3A844AA3AC925CB6EC0BD0B7_analysis-12.csv;user-I316785;3;-1946840639;true;0.4304511827499775;0.0;Infinity;0;A
user-I316785_session-04783A9FA13A5107A707975156C09CDD483F122F3A844AA3AC925CB6EC0BD0B7_analysis-12.csv;user-I316785;3;1433315571;true;0.4293305728887372;0.0;Infinity;0;A
user-I316785_session-04783A9FA13A5107A707975156C09CDD483F122F3A844AA3AC925CB6EC0BD0B7_analysis-12.csv;user-I316785;3;1281456394;true;0.4368284264064547;0.0;Infinity;0;A
user-I316785_session-04783A9FA13A5107A707975156C09CDD483F122F3A844AA3AC925CB6EC0BD0B7_analysis-12.csv;user-I316785;3;-63246578;true;0.42925343596461085;0.0;Infinity;0;A
user-I316785_session-04783A9FA13A5107A707975156C09CDD483F122F3A844AA3AC925CB6EC0BD0B7_analysis-12.csv;user-I316785;3;57277849;true;0.4845893407983315;0.0;Infinity;0;A
user-I316785_session-04783A9FA13A5107A707975156C09CDD483F122F3A844AA3AC925CB6EC0BD0B7_analysis-12.csv;user-I316785;3;623716590;true;0.43813797036777813;0.0;Infinity;0;A
user-I316785_session-04783A9FA13A5107A707975156C09CDD483F122F3A844AA3AC925CB6EC0BD0B7_analysis-12.csv;user-I316785;3;-2084940752;true;0.3532630844760035;0.0;Infinity;0;A
user-I316785_session-04783A9FA13A5107A707975156C09CDD483F122F3A844AA3AC925CB6EC0BD0B7_analysis-12.csv;user-I316785;3;1639186386;true;0.4325425447599216;0.0;Infinity;0;A
user-I316785_session-04783A9FA13A5107A707975156C09CDD483F122F3A844AA3AC925CB6EC0BD0B7_analysis-12.csv;user-I316785;3;-987712217;true;0.4365679263763863;0.0;Infinity;0;A
user-I316785_session-04783A9FA13A5107A707975156C09CDD483F122F3A844AA3AC925CB6EC0BD0B7_analysis-12.csv;user-I316785;3;-1404392756;true;0.42556136771650466;0.0;Infinity;0;A
user-I316785_session-04783A9FA13A5107A707975156C09CDD483F122F3A844AA3AC925CB6EC0BD0B7_analysis-12.csv;user-I316785;3;536683791;true;0.425399938140568;0.0;Infinity;0;A
user-I316785_session-04783A9FA13A5107A707975156C09CDD483F122F3A844AA3AC925CB6EC0BD0B7_analysis-12.csv;user-I316785;3;-1561041704;true;0.41966642209317817;0.0;Infinity;0;A
user-I316785_session-04783A9FA13A5107A707975156C09CDD483F122F3A844AA3AC925CB6EC0BD0B7_analysis-12.csv;user-I316785;3;1415611131;true;0.43542928773631184;0.0;Infinity;0;A
user-I316785_session-04783A9FA13A5107A707975156C09CDD483F122F3A844AA3AC925CB6EC0BD0B7_analysis-12.csv;user-I316785;3;-964257783;true;0.426162928528633;0.0;Infinity;0;A
user-I316785_session-04783A9FA13A5107A707975156C09CDD483F122F3A844AA3AC925CB6EC0BD0B7_analysis-12.csv;user-I316785;3;-729502362;true;0.42866219487371937;0.0;Infinity;0;A
user-I316785_session-04783A9FA13A5107A707975156C09CDD483F122F3A844AA3AC925CB6EC0BD0B7_analysis-12.csv;user-I316785;3;89388862;true;0.4545377509595043;0.0;Infinity;0;A
user-I316785_session-04783A9FA13A5107A707975156C09CDD483F122F3A844AA3AC925CB6EC0BD0B7_analysis-12.csv;user-I316785;3;690370000;true;0.4290575349012362;0.0;Infinity;0;A
user-I316785_session-04783A9FA13A5107A707975156C09CDD483F122F3A844AA3AC925CB6EC0BD0B7_analysis-12.csv;user-I316785;3;147203899;true;0.425399938140568;0.0;Infinity;0;A
user-I316785_session-04783A9FA13A5107A707975156C09CDD483F122F3A844AA3AC925CB6EC0BD0B7_analysis-12.csv;user-I316785;3;695713346;true;0.425399938140568;0.0;Infinity;0;A
user-I316785_session-04783A9FA13A5107A707975156C09CDD483F122F3A844AA3AC925CB6EC0BD0B7_analysis-12.csv;user-I316785;3;-1662254197;true;0.10346197470727558;0.0;Infinity;0;A
user-I316785_session-04783A9FA13A5107A707975156C09CDD483F122F3A844AA3AC925CB6EC0BD0B7_analysis-12.csv;user-I316785;3;-1532302038;true;0.43362463397805084;0.0;Infinity;0;A
user-I316785_session-04783A9FA13A5107A707975156C09CDD483F122F3A844AA3AC925CB6EC0BD0B7_analysis-12.csv;user-I316785;3;-1707701561;true;0.42593217817823315;0.0;Infinity;0;A
user-I316785_session-04783A9FA13A5107A707975156C09CDD483F122F3A844AA3AC925CB6EC0BD0B7_analysis-12.csv;user-I316785;3;2124965787;true;0.42756813785922465;0.0;Infinity;0;A
user-I316785_session-04783A9FA13A5107A707975156C09CDD483F122F3A844AA3AC925CB6EC0BD0B7_analysis-12.csv;user-I316785;3;377357150;true;0.44399904568436144;0.0;Infinity;0;A
user-I316785_session-04783A9FA13A5107A707975156C09CDD483F122F3A844AA3AC925CB6EC0BD0B7_analysis-12.csv;user-I316785;3;-1414482276;true;0.4314517917169658;0.0;Infinity;0;A
user-I316785_session-04783A9FA13A5107A707975156C09CDD483F122F3A844AA3AC925CB6EC0BD0B7_analysis-12.csv;user-I316785;3;228747977;true;0.44230115951614757;0.0;Infinity;0;A
user-I316785_session-04783A9FA13A5107A707975156C09CDD483F122F3A844AA3AC925CB6EC0BD0B7_analysis-12.csv;user-I316785;3;-1371963022;true;0.16420773607103345;0.0;Infinity;0;A
user-I316785_session-04783A9FA13A5107A707975156C09CDD483F122F3A844AA3AC925CB6EC0BD0B7_analysis-12.csv;user-I316785;3;239421800;true;0.43893603259958425;0.0;Infinity;0;A
user-I316785_session-04783A9FA13A5107A707975156C09CDD483F122F3A844AA3AC925CB6EC0BD0B7_analysis-12.csv;user-I316785;3;1546876353;true;0.425399938140568;0.0;Infinity;0;A
user-I316785_session-04783A9FA13A5107A707975156C09CDD483F122F3A844AA3AC925CB6EC0BD0B7_analysis-12.csv;user-I316785;3;355451341;true;0.425399938140568;0.0;Infinity;0;A
user-I316785_session-04783A9FA13A5107A707975156C09CDD483F122F3A844AA3AC925CB6EC0BD0B7_analysis-12.csv;user-I316785;3;-1478782946;true;0.4350695839477533;0.0;Infinity;0;A
user-I316785_session-04783A9FA13A5107A707975156C09CDD483F122F3A844AA3AC925CB6EC0BD0B7_analysis-12.csv;user-I316785;3;-2087556773;true;0.425399938140568;0.0;Infinity;0;A
user-I316785_session-04783A9FA13A5107A707975156C09CDD483F122F3A844AA3AC925CB6EC0BD0B7_analysis-12.csv;user-I316785;3;-1554555979;true;0.42642525585308944;0.0;Infinity;0;A
user-I316785_session-04783A9FA13A5107A707975156C09CDD483F122F3A844AA3AC925CB6EC0BD0B7_analysis-12.csv;user-I316785;3;-970919192;true;0.425399938140568;0.0;Infinity;0;A
user-I316785_session-04783A9FA13A5107A707975156C09CDD483F122F3A844AA3AC925CB6EC0BD0B7_analysis-12.csv;user-I316785;3;-1277205209;true;0.43579791821655367;0.0;Infinity;0;A
user-I316785_session-04783A9FA13A5107A707975156C09CDD483F122F3A844AA3AC925CB6EC0BD0B7_analysis-12.csv;user-I316785;3;1677198916;true;0.4299038230797563;0.0;Infinity;0;A
user-I316785_session-04783A9FA13A5107A707975156C09CDD483F122F3A844AA3AC925CB6EC0BD0B7_analysis-12.csv;user-I316785;3;-956876927;true;0.425399938140568;0.0;Infinity;0;A
user-I316785_session-04783A9FA13A5107A707975156C09CDD483F122F3A844AA3AC925CB6EC0BD0B7_analysis-12.csv;user-I316785;3;-1842871545;true;0.42547828733691817;0.0;Infinity;0;A
user-I316785_session-04783A9FA13A5107A707975156C09CDD483F122F3A844AA3AC925CB6EC0BD0B7_analysis-12.csv;user-I316785;3;458085913;true;0.49609369349614196;0.0;Infinity;0;A
user-I316785_session-04783A9FA13A5107A707975156C09CDD483F122F3A844AA3AC925CB6EC0BD0B7_analysis-12.csv;user-I316785;3;-743243361;true;0.427320854111066;0.0;Infinity;0;A
user-I316785_session-04783A9FA13A5107A707975156C09CDD483F122F3A844AA3AC925CB6EC0BD0B7_analysis-12.csv;user-I316785;3;624066376;true;0.425399938140568;0.0;Infinity;0;A
user-I316785_session-04783A9FA13A5107A707975156C09CDD483F122F3A844AA3AC925CB6EC0BD0B7_analysis-12.csv;user-I316785;3;1857510979;true;0.425399938140568;0.0;Infinity;0;A
user-I316785_session-04783A9FA13A5107A707975156C09CDD483F122F3A844AA3AC925CB6EC0BD0B7_analysis-12.csv;user-I316785;3;-1797119126;true;0.4518061755370735;0.0;Infinity;0;A
user-I316785_session-04783A9FA13A5107A707975156C09CDD483F122F3A844AA3AC925CB6EC0BD0B7_analysis-12.csv;user-I316785;3;1921601272;true;0.42874305761769316;0.0;Infinity;0;A
user-I316785_session-04783A9FA13A5107A707975156C09CDD483F122F3A844AA3AC925CB6EC0BD0B7_analysis-12.csv;user-I316785;3;1859391421;true;0.425399938140568;0.0;Infinity;0;A
user-I316785_session-04783A9FA13A5107A707975156C09CDD483F122F3A844AA3AC925CB6EC0BD0B7_analysis-12.csv;user-I316785;3;691092866;true;0.4467012705116058;0.0;Infinity;0;A
user-I316785_session-04783A9FA13A5107A707975156C09CDD483F122F3A844AA3AC925CB6EC0BD0B7_analysis-12.csv;user-I316785;3;-1006955488;true;0.4738658481486133;0.0;Infinity;0;A
user-I316785_session-04783A9FA13A5107A707975156C09CDD483F122F3A844AA3AC925CB6EC0BD0B7_analysis-12.csv;user-I316785;3;2061763456;true;0.45221582477114597;0.0;Infinity;0;A
user-I316785_session-04783A9FA13A5107A707975156C09CDD483F122F3A844AA3AC925CB6EC0BD0B7_analysis-12.csv;user-I316785;3;693987545;true;0.425399938140568;0.0;Infinity;0;A
user-I316785_session-04783A9FA13A5107A707975156C09CDD483F122F3A844AA3AC925CB6EC0BD0B7_analysis-12.csv;user-I316785;3;-28758234;true;0.42727592485854216;0.0;Infinity;0;A
user-I316785_session-04783A9FA13A5107A707975156C09CDD483F122F3A844AA3AC925CB6EC0BD0B7_analysis-12.csv;user-I316785;3;-398068353;true;0.4253999900952927;0.0;Infinity;0;A
user-I316785_session-04783A9FA13A5107A707975156C09CDD483F122F3A844AA3AC925CB6EC0BD0B7_analysis-12.csv;user-I316785;3;686683546;true;0.44370846204292036;0.0;Infinity;0;A
user-I316785_session-04783A9FA13A5107A707975156C09CDD483F122F3A844AA3AC925CB6EC0BD0B7_analysis-12.csv;user-I316785;3;624089013;true;0.45668154315998455;0.0;Infinity;0;A
user-I316785_session-04783A9FA13A5107A707975156C09CDD483F122F3A844AA3AC925CB6EC0BD0B7_analysis-12.csv;user-I316785;3;692574496;true;0.49736768704680767;0.0;Infinity;0;A
user-I316785_session-04783A9FA13A5107A707975156C09CDD483F122F3A844AA3AC925CB6EC0BD0B7_analysis-12.csv;user-I316785;3;-1290074955;true;0.46543102125529057;0.0;Infinity;0;A
user-I316785_session-04783A9FA13A5107A707975156C09CDD483F122F3A844AA3AC925CB6EC0BD0B7_analysis-12.csv;user-I316785;3;50209988;true;0.47085654954130196;0.0;Infinity;0;A
user-I316785_session-04783A9FA13A5107A707975156C09CDD483F122F3A844AA3AC925CB6EC0BD0B7_analysis-12.csv;user-I316785;3;1334178266;true;0.4836716131424764;0.0;Infinity;0;A
user-I316785_session-04783A9FA13A5107A707975156C09CDD483F122F3A844AA3AC925CB6EC0BD0B7_analysis-12.csv;user-I316785;3;-1675546583;true;0.4846247417004069;0.0;Infinity;0;A
user-I316785_session-04783A9FA13A5107A707975156C09CDD483F122F3A844AA3AC925CB6EC0BD0B7_analysis-12.csv;user-I316785;3;-768533299;true;0.42876069795746474;0.0;Infinity;0;A
user-I316785_session-04783A9FA13A5107A707975156C09CDD483F122F3A844AA3AC925CB6EC0BD0B7_analysis-12.csv;user-I316785;3;-1687240472;true;0.43506791418724566;0.0;Infinity;0;A
user-I316785_session-04783A9FA13A5107A707975156C09CDD483F122F3A844AA3AC925CB6EC0BD0B7_analysis-12.csv;user-I316785;3;-1410912196;true;8.881784197001252E-16;0.0;Infinity;0;A
user-I316785_session-04783A9FA13A5107A707975156C09CDD483F122F3A844AA3AC925CB6EC0BD0B7_analysis-12.csv;user-I316785;3;-1070284565;true;0.20052457094307097;0.0;Infinity;0;A
user-I316785_session-04783A9FA13A5107A707975156C09CDD483F122F3A844AA3AC925CB6EC0BD0B7_analysis-12.csv;user-I316785;3;133354852;true;0.4254000940047461;0.0;Infinity;0;A
user-I316785_session-04783A9FA13A5107A707975156C09CDD483F122F3A844AA3AC925CB6EC0BD0B7_analysis-12.csv;user-I316785;3;-339527189;true;0.47446442678964496;0.0;Infinity;0;A
user-I316785_session-04783A9FA13A5107A707975156C09CDD483F122F3A844AA3AC925CB6EC0BD0B7_analysis-12.csv;user-I316785;3;692946051;true;0.30979724434330536;0.0;Infinity;0;A
user-I316785_session-04783A9FA13A5107A707975156C09CDD483F122F3A844AA3AC925CB6EC0BD0B7_analysis-12.csv;user-I316785;3;688516312;true;0.4337814493455603;0.0;Infinity;0;A
user-I316785_session-04783A9FA13A5107A707975156C09CDD483F122F3A844AA3AC925CB6EC0BD0B7_analysis-12.csv;user-I316785;3;380176858;true;0.45062455597250106;0.0;Infinity;0;A
user-I316785_session-04783A9FA13A5107A707975156C09CDD483F122F3A844AA3AC925CB6EC0BD0B7_analysis-12.csv;user-I316785;3;623794687;true;0.425399938140568;0.0;Infinity;0;A
user-I316785_session-04783A9FA13A5107A707975156C09CDD483F122F3A844AA3AC925CB6EC0BD0B7_analysis-12.csv;user-I316785;3;250709318;true;0.425399938140568;0.0;Infinity;0;A
user-I316785_session-04783A9FA13A5107A707975156C09CDD483F122F3A844AA3AC925CB6EC0BD0B7_analysis-12.csv;user-I316785;3;699414546;true;0.4400390340013497;0.0;Infinity;0;A
user-I316785_session-04783A9FA13A5107A707975156C09CDD483F122F3A844AA3AC925CB6EC0BD0B7_analysis-12.csv;user-I316785;3;-1376021672;true;0.425399938140568;0.0;Infinity;0;A
user-I316785_session-04783A9FA13A5107A707975156C09CDD483F122F3A844AA3AC925CB6EC0BD0B7_analysis-12.csv;user-I316785;3;-1640013229;true;0.425399938140568;0.0;Infinity;0;A
user-I316785_session-04783A9FA13A5107A707975156C09CDD483F122F3A844AA3AC925CB6EC0BD0B7_analysis-12.csv;user-I316785;3;1121219489;true;0.4401273947250951;0.0;Infinity;0;A
user-I316785_session-04783A9FA13A5107A707975156C09CDD483F122F3A844AA3AC925CB6EC0BD0B7_analysis-12.csv;user-I316785;3;-182828801;true;0.43197706651706436;0.0;Infinity;0;A
user-I316785_session-04783A9FA13A5107A707975156C09CDD483F122F3A844AA3AC925CB6EC0BD0B7_analysis-12.csv;user-I316785;3;1578485526;true;0.4533624606578941;0.0;Infinity;0;A
user-I316785_session-04783A9FA13A5107A707975156C09CDD483F122F3A844AA3AC925CB6EC0BD0B7_analysis-12.csv;user-I316785;3;-307293427;true;0.4604933217653613;0.0;Infinity;0;A
user-I316785_session-04783A9FA13A5107A707975156C09CDD483F122F3A844AA3AC925CB6EC0BD0B7_analysis-12.csv;user-I316785;3;1450216852;true;0.4609878493965235;0.0;Infinity;0;A
user-I316785_session-04783A9FA13A5107A707975156C09CDD483F122F3A844AA3AC925CB6EC0BD0B7_analysis-12.csv;user-I316785;3;-631006126;true;0.425399938140568;0.0;Infinity;0;A
user-I316785_session-04783A9FA13A5107A707975156C09CDD483F122F3A844AA3AC925CB6EC0BD0B7_analysis-12.csv;user-I316785;3;-379227277;true;0.4254061727167858;0.0;Infinity;0;A
user-I316785_session-04783A9FA13A5107A707975156C09CDD483F122F3A844AA3AC925CB6EC0BD0B7_analysis-12.csv;user-I316785;3;-1003812399;true;0.425399938140568;0.0;Infinity;0;A
user-I316785_session-04783A9FA13A5107A707975156C09CDD483F122F3A844AA3AC925CB6EC0BD0B7_analysis-12.csv;user-I316785;3;752806904;true;0.4261612133988937;0.0;Infinity;0;A
user-I316785_session-04783A9FA13A5107A707975156C09CDD483F122F3A844AA3AC925CB6EC0BD0B7_analysis-12.csv;user-I316785;3;-663207980;true;0.425399938140568;0.0;Infinity;0;A
user-I316785_session-04783A9FA13A5107A707975156C09CDD483F122F3A844AA3AC925CB6EC0BD0B7_analysis-12.csv;user-I316785;3;-735471107;true;0.4836944390567057;0.0;Infinity;0;A
user-I316785_session-04783A9FA13A5107A707975156C09CDD483F122F3A844AA3AC925CB6EC0BD0B7_analysis-12.csv;user-I316785;3;1276851579;true;0.42800364479263286;0.0;Infinity;0;A
user-I316785_session-04783A9FA13A5107A707975156C09CDD483F122F3A844AA3AC925CB6EC0BD0B7_analysis-12.csv;user-I316785;3;-1334264005;true;0.4295658519564144;0.0;Infinity;0;A
user-I316785_session-04783A9FA13A5107A707975156C09CDD483F122F3A844AA3AC925CB6EC0BD0B7_analysis-12.csv;user-I316785;3;-1596627904;true;0.4696582533006902;0.0;Infinity;0;A
user-I316785_session-04783A9FA13A5107A707975156C09CDD483F122F3A844AA3AC925CB6EC0BD0B7_analysis-12.csv;user-I316785;3;686683604;true;0.4970190446425854;0.0;Infinity;0;A
user-I316785_session-04783A9FA13A5107A707975156C09CDD483F122F3A844AA3AC925CB6EC0BD0B7_analysis-12.csv;user-I316785;3;-1156959381;true;0.4384321264561395;0.0;Infinity;0;A
user-I316785_session-04783A9FA13A5107A707975156C09CDD483F122F3A844AA3AC925CB6EC0BD0B7_analysis-12.csv;user-I316785;3;701690438;true;0.4949901190280569;0.0;Infinity;0;A
user-I316785_session-04783A9FA13A5107A707975156C09CDD483F122F3A844AA3AC925CB6EC0BD0B7_analysis-12.csv;user-I316785;3;685675373;true;0.425399938140568;0.0;Infinity;0;A
user-I316785_session-04783A9FA13A5107A707975156C09CDD483F122F3A844AA3AC925CB6EC0BD0B7_analysis-12.csv;user-I316785;3;-1308282942;true;0.4254001979142046;0.0;Infinity;0;A
user-I316785_session-04783A9FA13A5107A707975156C09CDD483F122F3A844AA3AC925CB6EC0BD0B7_analysis-12.csv;user-I316785;3;1664851610;true;0.4276811021809357;0.0;Infinity;0;A
user-I316785_session-04783A9FA13A5107A707975156C09CDD483F122F3A844AA3AC925CB6EC0BD0B7_analysis-12.csv;user-I316785;3;992507142;true;0.42901387070500063;0.0;Infinity;0;A
user-I316785_session-04783A9FA13A5107A707975156C09CDD483F122F3A844AA3AC925CB6EC0BD0B7_analysis-12.csv;user-I316785;3;692398516;true;0.44193159237791346;0.0;Infinity;0;A
user-I316785_session-04783A9FA13A5107A707975156C09CDD483F122F3A844AA3AC925CB6EC0BD0B7_analysis-12.csv;user-I316785;3;-1448798879;true;0.43299638240488625;0.0;Infinity;0;A
user-I316785_session-04783A9FA13A5107A707975156C09CDD483F122F3A844AA3AC925CB6EC0BD0B7_analysis-12.csv;user-I316785;3;2095624641;true;0.42540139287335044;0.0;Infinity;0;A
user-I316785_session-04783A9FA13A5107A707975156C09CDD483F122F3A844AA3AC925CB6EC0BD0B7_analysis-12.csv;user-I316785;4;-1410912196;true;NaN;0.0;Infinity;0;A
user-I316785_session-04783A9FA13A5107A707975156C09CDD483F122F3A844AA3AC925CB6EC0BD0B7_analysis-12.csv;user-I316785;5;-1430571290;true;NaN;0.0;Infinity;1;A
user-I316785_session-04783A9FA13A5107A707975156C09CDD483F122F3A844AA3AC925CB6EC0BD0B7_analysis-12.csv;user-I316785;6;-1430571290;true;NaN;0.0;Infinity;0;A
user-I316785_session-04783A9FA13A5107A707975156C09CDD483F122F3A844AA3AC925CB6EC0BD0B7_analysis-12.csv;user-I316785;7;-1410912196;true;NaN;1.0;Infinity;1;A
user-I316785_session-04783A9FA13A5107A707975156C09CDD483F122F3A844AA3AC925CB6EC0BD0B7_analysis-12.csv;user-I316785;8;-1430571290;true;NaN;1.0;Infinity;1;A
