session ;user;query position;cell hashcode;novelty;outlierness;relevance;surprise;query label;session label
user-I051069_session-687ECC64E4980354EB0247A82F3E2C895961472A05E14D1ACBD44B5029F9DAA2_analysis-12.csv;user-I051069;1;356972970;true;0.4372248732649868;0.0;Infinity;0;B
user-I051069_session-687ECC64E4980354EB0247A82F3E2C895961472A05E14D1ACBD44B5029F9DAA2_analysis-12.csv;user-I051069;1;1189605193;true;0.44732933253057283;0.0;Infinity;0;B
user-I051069_session-687ECC64E4980354EB0247A82F3E2C895961472A05E14D1ACBD44B5029F9DAA2_analysis-12.csv;user-I051069;1;1785891704;true;0.4287065435544406;0.0;Infinity;0;B
user-I051069_session-687ECC64E4980354EB0247A82F3E2C895961472A05E14D1ACBD44B5029F9DAA2_analysis-12.csv;user-I051069;1;135958548;true;0.43412371506471104;0.0;Infinity;0;B
user-I051069_session-687ECC64E4980354EB0247A82F3E2C895961472A05E14D1ACBD44B5029F9DAA2_analysis-12.csv;user-I051069;1;951224971;true;0.4287065435544406;0.0;Infinity;0;B
user-I051069_session-687ECC64E4980354EB0247A82F3E2C895961472A05E14D1ACBD44B5029F9DAA2_analysis-12.csv;user-I051069;1;-176988878;true;0.44110672957471;0.0;Infinity;0;B
user-I051069_session-687ECC64E4980354EB0247A82F3E2C895961472A05E14D1ACBD44B5029F9DAA2_analysis-12.csv;user-I051069;1;-234047674;true;0.43800077354606226;0.0;Infinity;0;B
user-I051069_session-687ECC64E4980354EB0247A82F3E2C895961472A05E14D1ACBD44B5029F9DAA2_analysis-12.csv;user-I051069;1;-1616265439;true;0.4676346165191355;0.0;Infinity;0;B
user-I051069_session-687ECC64E4980354EB0247A82F3E2C895961472A05E14D1ACBD44B5029F9DAA2_analysis-12.csv;user-I051069;1;-304176425;true;0.4287065435544406;0.0;Infinity;0;B
user-I051069_session-687ECC64E4980354EB0247A82F3E2C895961472A05E14D1ACBD44B5029F9DAA2_analysis-12.csv;user-I051069;1;1150426319;true;0.47390187505359727;0.0;Infinity;0;B
user-I051069_session-687ECC64E4980354EB0247A82F3E2C895961472A05E14D1ACBD44B5029F9DAA2_analysis-12.csv;user-I051069;1;1233571183;true;0.43412371506471104;0.0;Infinity;0;B
user-I051069_session-687ECC64E4980354EB0247A82F3E2C895961472A05E14D1ACBD44B5029F9DAA2_analysis-12.csv;user-I051069;1;-432085707;true;0.4434385868658066;0.0;Infinity;0;B
user-I051069_session-687ECC64E4980354EB0247A82F3E2C895961472A05E14D1ACBD44B5029F9DAA2_analysis-12.csv;user-I051069;1;1455667672;true;0.4287065435544406;0.0;Infinity;0;B
user-I051069_session-687ECC64E4980354EB0247A82F3E2C895961472A05E14D1ACBD44B5029F9DAA2_analysis-12.csv;user-I051069;1;917387530;true;0.4325746426866359;0.0;Infinity;0;B
user-I051069_session-687ECC64E4980354EB0247A82F3E2C895961472A05E14D1ACBD44B5029F9DAA2_analysis-12.csv;user-I051069;1;-348582548;true;0.43180049339979587;0.0;Infinity;0;B
user-I051069_session-687ECC64E4980354EB0247A82F3E2C895961472A05E14D1ACBD44B5029F9DAA2_analysis-12.csv;user-I051069;1;-1132987509;true;0.4535649276796655;0.0;Infinity;0;B
user-I051069_session-687ECC64E4980354EB0247A82F3E2C895961472A05E14D1ACBD44B5029F9DAA2_analysis-12.csv;user-I051069;1;-454339648;true;0.4333490508805471;0.0;Infinity;0;B
user-I051069_session-687ECC64E4980354EB0247A82F3E2C895961472A05E14D1ACBD44B5029F9DAA2_analysis-12.csv;user-I051069;1;-1099126324;true;0.43412371506471104;0.0;Infinity;0;B
user-I051069_session-687ECC64E4980354EB0247A82F3E2C895961472A05E14D1ACBD44B5029F9DAA2_analysis-12.csv;user-I051069;1;1636900122;true;0.4287065435544406;0.0;Infinity;0;B
user-I051069_session-687ECC64E4980354EB0247A82F3E2C895961472A05E14D1ACBD44B5029F9DAA2_analysis-12.csv;user-I051069;1;-1517552049;true;0.4426610793509187;0.0;Infinity;0;B
user-I051069_session-687ECC64E4980354EB0247A82F3E2C895961472A05E14D1ACBD44B5029F9DAA2_analysis-12.csv;user-I051069;1;1792614847;true;0.4434385868658066;0.0;Infinity;0;B
user-I051069_session-687ECC64E4980354EB0247A82F3E2C895961472A05E14D1ACBD44B5029F9DAA2_analysis-12.csv;user-I051069;1;1071458097;true;0.43180049339979587;0.0;Infinity;0;B
user-I051069_session-687ECC64E4980354EB0247A82F3E2C895961472A05E14D1ACBD44B5029F9DAA2_analysis-12.csv;user-I051069;1;1328964308;true;0.4707673407357842;0.0;Infinity;0;B
user-I051069_session-687ECC64E4980354EB0247A82F3E2C895961472A05E14D1ACBD44B5029F9DAA2_analysis-12.csv;user-I051069;1;1795929677;true;0.4287065435544406;0.0;Infinity;0;B
user-I051069_session-687ECC64E4980354EB0247A82F3E2C895961472A05E14D1ACBD44B5029F9DAA2_analysis-12.csv;user-I051069;1;702147978;true;0.431026605933863;0.0;Infinity;0;B
user-I051069_session-687ECC64E4980354EB0247A82F3E2C895961472A05E14D1ACBD44B5029F9DAA2_analysis-12.csv;user-I051069;1;370713969;true;0.4294796281049532;0.0;Infinity;0;B
user-I051069_session-687ECC64E4980354EB0247A82F3E2C895961472A05E14D1ACBD44B5029F9DAA2_analysis-12.csv;user-I051069;1;2092723473;true;0.43489863231935977;0.0;Infinity;0;B
user-I051069_session-687ECC64E4980354EB0247A82F3E2C895961472A05E14D1ACBD44B5029F9DAA2_analysis-12.csv;user-I051069;1;-275805341;true;0.4287065435544406;0.0;Infinity;0;B
user-I051069_session-687ECC64E4980354EB0247A82F3E2C895961472A05E14D1ACBD44B5029F9DAA2_analysis-12.csv;user-I051069;1;-56743050;true;0.43644921434649064;0.0;Infinity;0;B
user-I051069_session-687ECC64E4980354EB0247A82F3E2C895961472A05E14D1ACBD44B5029F9DAA2_analysis-12.csv;user-I051069;1;-208066611;true;0.4287065435544406;0.0;Infinity;0;B
user-I051069_session-687ECC64E4980354EB0247A82F3E2C895961472A05E14D1ACBD44B5029F9DAA2_analysis-12.csv;user-I051069;1;-1273149693;true;0.4325746426866359;0.0;Infinity;0;B
user-I051069_session-687ECC64E4980354EB0247A82F3E2C895961472A05E14D1ACBD44B5029F9DAA2_analysis-12.csv;user-I051069;1;1794203876;true;0.4287065435544406;0.0;Infinity;0;B
user-I051069_session-687ECC64E4980354EB0247A82F3E2C895961472A05E14D1ACBD44B5029F9DAA2_analysis-12.csv;user-I051069;1;-496411573;true;0.4372248732649868;0.0;Infinity;0;B
user-I051069_session-687ECC64E4980354EB0247A82F3E2C895961472A05E14D1ACBD44B5029F9DAA2_analysis-12.csv;user-I051069;1;93260843;true;0.4833144021201732;0.0;Infinity;0;B
user-I051069_session-687ECC64E4980354EB0247A82F3E2C895961472A05E14D1ACBD44B5029F9DAA2_analysis-12.csv;user-I051069;1;-378566615;true;0.45590631482170985;0.0;Infinity;0;B
user-I051069_session-687ECC64E4980354EB0247A82F3E2C895961472A05E14D1ACBD44B5029F9DAA2_analysis-12.csv;user-I051069;1;96403932;true;0.4287065435544406;0.0;Infinity;0;B
user-I051069_session-687ECC64E4980354EB0247A82F3E2C895961472A05E14D1ACBD44B5029F9DAA2_analysis-12.csv;user-I051069;1;469210205;true;0.4333490508805471;0.0;Infinity;0;B
user-I051069_session-687ECC64E4980354EB0247A82F3E2C895961472A05E14D1ACBD44B5029F9DAA2_analysis-12.csv;user-I051069;1;-539796898;true;0.4287065435544406;0.0;Infinity;0;B
user-I051069_session-687ECC64E4980354EB0247A82F3E2C895961472A05E14D1ACBD44B5029F9DAA2_analysis-12.csv;user-I051069;1;1792790827;true;0.4880244845664121;0.0;Infinity;0;B
user-I051069_session-687ECC64E4980354EB0247A82F3E2C895961472A05E14D1ACBD44B5029F9DAA2_analysis-12.csv;user-I051069;1;29931766;true;0.4484937064950758;0.0;Infinity;0;B
user-I051069_session-687ECC64E4980354EB0247A82F3E2C895961472A05E14D1ACBD44B5029F9DAA2_analysis-12.csv;user-I051069;1;-2073531476;true;0.44577240447928834;0.0;Infinity;0;B
user-I051069_session-687ECC64E4980354EB0247A82F3E2C895961472A05E14D1ACBD44B5029F9DAA2_analysis-12.csv;user-I051069;1;331683032;true;0.4302529831996579;0.0;Infinity;0;B
user-I051069_session-687ECC64E4980354EB0247A82F3E2C895961472A05E14D1ACBD44B5029F9DAA2_analysis-12.csv;user-I051069;1;-189858624;true;0.4520048940160958;0.0;Infinity;0;B
user-I051069_session-687ECC64E4980354EB0247A82F3E2C895961472A05E14D1ACBD44B5029F9DAA2_analysis-12.csv;user-I051069;1;143339404;true;0.4294796281049532;0.0;Infinity;0;B
user-I051069_session-687ECC64E4980354EB0247A82F3E2C895961472A05E14D1ACBD44B5029F9DAA2_analysis-12.csv;user-I051069;1;-696902795;true;0.4590305339334697;0.0;Infinity;0;B
user-I051069_session-687ECC64E4980354EB0247A82F3E2C895961472A05E14D1ACBD44B5029F9DAA2_analysis-12.csv;user-I051069;1;-1744534113;true;0.452784819748982;0.0;Infinity;0;B
user-I051069_session-687ECC64E4980354EB0247A82F3E2C895961472A05E14D1ACBD44B5029F9DAA2_analysis-12.csv;user-I051069;1;-1761435394;true;0.43800077354606226;0.0;Infinity;0;B
user-I051069_session-687ECC64E4980354EB0247A82F3E2C895961472A05E14D1ACBD44B5029F9DAA2_analysis-12.csv;user-I051069;1;644037858;true;0.4426610793509187;0.0;Infinity;0;B
user-I051069_session-687ECC64E4980354EB0247A82F3E2C895961472A05E14D1ACBD44B5029F9DAA2_analysis-12.csv;user-I051069;1;-1647874612;true;0.4294796281049532;0.0;Infinity;0;B
user-I051069_session-687ECC64E4980354EB0247A82F3E2C895961472A05E14D1ACBD44B5029F9DAA2_analysis-12.csv;user-I051069;1;-314265945;true;0.4496662397988267;0.0;Infinity;0;B
user-I051069_session-687ECC64E4980354EB0247A82F3E2C895961472A05E14D1ACBD44B5029F9DAA2_analysis-12.csv;user-I051069;1;-587024141;true;0.4574680958355649;0.0;Infinity;0;B
user-I051069_session-687ECC64E4980354EB0247A82F3E2C895961472A05E14D1ACBD44B5029F9DAA2_analysis-12.csv;user-I051069;1;364745224;true;0.4613753706835033;0.0;Infinity;0;B
user-I051069_session-687ECC64E4980354EB0247A82F3E2C895961472A05E14D1ACBD44B5029F9DAA2_analysis-12.csv;user-I051069;1;1801906769;true;0.4793910834752002;0.0;Infinity;0;B
user-I051069_session-687ECC64E4980354EB0247A82F3E2C895961472A05E14D1ACBD44B5029F9DAA2_analysis-12.csv;user-I051069;1;-1779139834;true;0.44110672957471;0.0;Infinity;0;B
user-I051069_session-687ECC64E4980354EB0247A82F3E2C895961472A05E14D1ACBD44B5029F9DAA2_analysis-12.csv;user-I051069;1;-1555564579;true;0.44577240447928834;0.0;Infinity;0;B
user-I051069_session-687ECC64E4980354EB0247A82F3E2C895961472A05E14D1ACBD44B5029F9DAA2_analysis-12.csv;user-I051069;1;-607485230;true;0.4302529831996579;0.0;Infinity;0;B
user-I051069_session-687ECC64E4980354EB0247A82F3E2C895961472A05E14D1ACBD44B5029F9DAA2_analysis-12.csv;user-I051069;1;1853023235;true;0.43180049339979587;0.0;Infinity;0;B
user-I051069_session-687ECC64E4980354EB0247A82F3E2C895961472A05E14D1ACBD44B5029F9DAA2_analysis-12.csv;user-I051069;1;-1860572699;true;0.4465507655148506;0.0;Infinity;0;B
user-I051069_session-687ECC64E4980354EB0247A82F3E2C895961472A05E14D1ACBD44B5029F9DAA2_analysis-12.csv;user-I051069;1;1558302244;true;0.49940891196799453;0.0;Infinity;0;B
user-I051069_session-687ECC64E4980354EB0247A82F3E2C895961472A05E14D1ACBD44B5029F9DAA2_analysis-12.csv;user-I051069;1;1786899877;true;0.43955328645712277;0.0;Infinity;0;B
user-I051069_session-687ECC64E4980354EB0247A82F3E2C895961472A05E14D1ACBD44B5029F9DAA2_analysis-12.csv;user-I051069;1;-1917899386;true;0.441883792603879;0.0;Infinity;0;B
user-I051069_session-687ECC64E4980354EB0247A82F3E2C895961472A05E14D1ACBD44B5029F9DAA2_analysis-12.csv;user-I051069;1;-575330252;true;0.4950925358161469;0.0;Infinity;0;B
user-I051069_session-687ECC64E4980354EB0247A82F3E2C895961472A05E14D1ACBD44B5029F9DAA2_analysis-12.csv;user-I051069;1;1157494180;true;0.47977944804573924;0.0;Infinity;0;B
user-I051069_session-687ECC64E4980354EB0247A82F3E2C895961472A05E14D1ACBD44B5029F9DAA2_analysis-12.csv;user-I051069;1;720989054;true;0.4287065435544406;0.0;Infinity;0;B
user-I051069_session-687ECC64E4980354EB0247A82F3E2C895961472A05E14D1ACBD44B5029F9DAA2_analysis-12.csv;user-I051069;1;-1529899355;true;0.43412371506471104;0.0;Infinity;0;B
user-I051069_session-687ECC64E4980354EB0247A82F3E2C895961472A05E14D1ACBD44B5029F9DAA2_analysis-12.csv;user-I051069;1;-562037866;true;0.022117841074750455;0.0;Infinity;0;B
user-I051069_session-687ECC64E4980354EB0247A82F3E2C895961472A05E14D1ACBD44B5029F9DAA2_analysis-12.csv;user-I051069;1;1724282707;true;0.4287065435544406;0.0;Infinity;0;B
user-I051069_session-687ECC64E4980354EB0247A82F3E2C895961472A05E14D1ACBD44B5029F9DAA2_analysis-12.csv;user-I051069;1;1724011018;true;0.4287065435544406;0.0;Infinity;0;B
user-I051069_session-687ECC64E4980354EB0247A82F3E2C895961472A05E14D1ACBD44B5029F9DAA2_analysis-12.csv;user-I051069;1;-460825373;true;0.49155429099604053;0.0;Infinity;0;B
user-I051069_session-687ECC64E4980354EB0247A82F3E2C895961472A05E14D1ACBD44B5029F9DAA2_analysis-12.csv;user-I051069;1;-1913294571;true;0.43644921434649064;0.0;Infinity;0;B
user-I051069_session-687ECC64E4980354EB0247A82F3E2C895961472A05E14D1ACBD44B5029F9DAA2_analysis-12.csv;user-I051069;1;1788732643;true;0.43644921434649064;0.0;Infinity;0;B
user-I051069_session-687ECC64E4980354EB0247A82F3E2C895961472A05E14D1ACBD44B5029F9DAA2_analysis-12.csv;user-I051069;1;1723932921;true;0.4465507655148506;0.0;Infinity;0;B
user-I051069_session-687ECC64E4980354EB0247A82F3E2C895961472A05E14D1ACBD44B5029F9DAA2_analysis-12.csv;user-I051069;1;1791309197;true;0.4465507655148506;0.0;Infinity;0;B
user-I051069_session-687ECC64E4980354EB0247A82F3E2C895961472A05E14D1ACBD44B5029F9DAA2_analysis-12.csv;user-I051069;1;-83919180;true;0.44110672957471;0.0;Infinity;0;B
user-I051069_session-687ECC64E4980354EB0247A82F3E2C895961472A05E14D1ACBD44B5029F9DAA2_analysis-12.csv;user-I051069;1;1799630877;true;0.4333490508805471;0.0;Infinity;0;B
user-I051069_session-687ECC64E4980354EB0247A82F3E2C895961472A05E14D1ACBD44B5029F9DAA2_analysis-12.csv;user-I051069;1;1480393189;true;0.4535649276796655;0.0;Infinity;0;B
user-I051069_session-687ECC64E4980354EB0247A82F3E2C895961472A05E14D1ACBD44B5029F9DAA2_analysis-12.csv;user-I051069;1;-1069785178;true;0.4333490508805471;0.0;Infinity;0;B
user-I051069_session-687ECC64E4980354EB0247A82F3E2C895961472A05E14D1ACBD44B5029F9DAA2_analysis-12.csv;user-I051069;1;-310695865;true;1.5543122344752192E-15;0.0;Infinity;0;B
user-I051069_session-687ECC64E4980354EB0247A82F3E2C895961472A05E14D1ACBD44B5029F9DAA2_analysis-12.csv;user-I051069;1;-1337239986;true;0.4294796281049532;0.0;Infinity;0;B
user-I051069_session-687ECC64E4980354EB0247A82F3E2C895961472A05E14D1ACBD44B5029F9DAA2_analysis-12.csv;user-I051069;1;-742655214;true;0.4294796281049532;0.0;Infinity;0;B
user-I051069_session-687ECC64E4980354EB0247A82F3E2C895961472A05E14D1ACBD44B5029F9DAA2_analysis-12.csv;user-I051069;1;1724305344;true;0.4434385868658066;0.0;Infinity;0;B
user-I051069_session-687ECC64E4980354EB0247A82F3E2C895961472A05E14D1ACBD44B5029F9DAA2_analysis-12.csv;user-I051069;1;-987340442;true;0.4287065435544406;0.0;Infinity;0;B
user-I051069_session-687ECC64E4980354EB0247A82F3E2C895961472A05E14D1ACBD44B5029F9DAA2_analysis-12.csv;user-I051069;1;1036969753;true;0.43489863231935977;0.0;Infinity;0;B
user-I051069_session-687ECC64E4980354EB0247A82F3E2C895961472A05E14D1ACBD44B5029F9DAA2_analysis-12.csv;user-I051069;1;1786899935;true;0.4590305339334697;0.0;Infinity;0;B
user-I051069_session-687ECC64E4980354EB0247A82F3E2C895961472A05E14D1ACBD44B5029F9DAA2_analysis-12.csv;user-I051069;1;1247420230;true;0.4287065435544406;0.0;Infinity;0;B
user-I051069_session-687ECC64E4980354EB0247A82F3E2C895961472A05E14D1ACBD44B5029F9DAA2_analysis-12.csv;user-I051069;1;1793162382;true;0.4484937064950758;0.0;Infinity;0;B
user-I051069_session-687ECC64E4980354EB0247A82F3E2C895961472A05E14D1ACBD44B5029F9DAA2_analysis-12.csv;user-I051069;1;1790586331;true;0.43489863231935977;0.0;Infinity;0;B
user-I051069_session-687ECC64E4980354EB0247A82F3E2C895961472A05E14D1ACBD44B5029F9DAA2_analysis-12.csv;user-I051069;1;-984724421;true;0.4680222252098797;0.0;Infinity;0;B
user-I051069_session-687ECC64E4980354EB0247A82F3E2C895961472A05E14D1ACBD44B5029F9DAA2_analysis-12.csv;user-I051069;1;1339638131;true;0.4449942523863215;0.0;Infinity;0;B
user-I051069_session-687ECC64E4980354EB0247A82F3E2C895961472A05E14D1ACBD44B5029F9DAA2_analysis-12.csv;user-I051069;1;1350925649;true;0.4287065435544406;0.0;Infinity;0;B
user-I051069_session-687ECC64E4980354EB0247A82F3E2C895961472A05E14D1ACBD44B5029F9DAA2_analysis-12.csv;user-I051069;1;-1958928100;true;0.4287065435544406;0.0;Infinity;0;B
user-I051069_session-687ECC64E4980354EB0247A82F3E2C895961472A05E14D1ACBD44B5029F9DAA2_analysis-12.csv;user-I051069;1;-846624308;true;0.43489863231935977;0.0;Infinity;0;B
user-I051069_session-687ECC64E4980354EB0247A82F3E2C895961472A05E14D1ACBD44B5029F9DAA2_analysis-12.csv;user-I051069;1;-271746691;true;0.08172246229417768;0.0;Infinity;0;B
user-I051069_session-687ECC64E4980354EB0247A82F3E2C895961472A05E14D1ACBD44B5029F9DAA2_analysis-12.csv;user-I051069;1;1477573481;true;0.4372248732649868;0.0;Infinity;0;B
user-I051069_session-687ECC64E4980354EB0247A82F3E2C895961472A05E14D1ACBD44B5029F9DAA2_analysis-12.csv;user-I051069;1;129297139;true;0.4287065435544406;0.0;Infinity;0;B
user-I051069_session-687ECC64E4980354EB0247A82F3E2C895961472A05E14D1ACBD44B5029F9DAA2_analysis-12.csv;user-I051069;1;760689142;true;0.45941737471719635;0.0;Infinity;0;B
user-I051069_session-687ECC64E4980354EB0247A82F3E2C895961472A05E14D1ACBD44B5029F9DAA2_analysis-12.csv;user-I051069;1;792922904;true;0.4574680958355649;0.0;Infinity;0;B
user-I051069_session-687ECC64E4980354EB0247A82F3E2C895961472A05E14D1ACBD44B5029F9DAA2_analysis-12.csv;user-I051069;1;437008351;true;0.4287065435544406;0.0;Infinity;0;B
user-I051069_session-687ECC64E4980354EB0247A82F3E2C895961472A05E14D1ACBD44B5029F9DAA2_analysis-12.csv;user-I051069;1;-1335359544;true;0.4287065435544406;0.0;Infinity;0;B
user-I051069_session-687ECC64E4980354EB0247A82F3E2C895961472A05E14D1ACBD44B5029F9DAA2_analysis-12.csv;user-I051069;1;112504114;true;0.4535649276796655;0.0;Infinity;0;B
user-I051069_session-687ECC64E4980354EB0247A82F3E2C895961472A05E14D1ACBD44B5029F9DAA2_analysis-12.csv;user-I051069;1;-113963773;true;0.4598119919013345;0.0;Infinity;0;B
user-I051069_session-687ECC64E4980354EB0247A82F3E2C895961472A05E14D1ACBD44B5029F9DAA2_analysis-12.csv;user-I051069;2;-1410912196;true;NaN;0.0;Infinity;0;B
user-I051069_session-687ECC64E4980354EB0247A82F3E2C895961472A05E14D1ACBD44B5029F9DAA2_analysis-12.csv;user-I051069;3;-1672334185;true;0.3946637954462231;0.0;Infinity;0;B
user-I051069_session-687ECC64E4980354EB0247A82F3E2C895961472A05E14D1ACBD44B5029F9DAA2_analysis-12.csv;user-I051069;3;-1004539637;true;2.0261570199409107E-13;0.0;Infinity;0;B
user-I051069_session-687ECC64E4980354EB0247A82F3E2C895961472A05E14D1ACBD44B5029F9DAA2_analysis-12.csv;user-I051069;3;766564817;true;0.39580217671901385;0.0;Infinity;0;B
user-I051069_session-687ECC64E4980354EB0247A82F3E2C895961472A05E14D1ACBD44B5029F9DAA2_analysis-12.csv;user-I051069;3;39355034;true;0.3945457155714879;0.0;Infinity;0;B
user-I051069_session-687ECC64E4980354EB0247A82F3E2C895961472A05E14D1ACBD44B5029F9DAA2_analysis-12.csv;user-I051069;3;-1528512169;true;5.229377532334212E-5;0.0;Infinity;0;B
user-I051069_session-687ECC64E4980354EB0247A82F3E2C895961472A05E14D1ACBD44B5029F9DAA2_analysis-12.csv;user-I051069;3;-1493023268;true;0.3945612670012273;0.0;Infinity;0;B
user-I051069_session-687ECC64E4980354EB0247A82F3E2C895961472A05E14D1ACBD44B5029F9DAA2_analysis-12.csv;user-I051069;3;888879973;true;0.39456385892252166;0.0;Infinity;0;B
user-I051069_session-687ECC64E4980354EB0247A82F3E2C895961472A05E14D1ACBD44B5029F9DAA2_analysis-12.csv;user-I051069;3;1738482846;true;0.39668271998848414;0.0;Infinity;0;B
user-I051069_session-687ECC64E4980354EB0247A82F3E2C895961472A05E14D1ACBD44B5029F9DAA2_analysis-12.csv;user-I051069;3;-1160720659;true;0.394547155511626;0.0;Infinity;0;B
user-I051069_session-687ECC64E4980354EB0247A82F3E2C895961472A05E14D1ACBD44B5029F9DAA2_analysis-12.csv;user-I051069;3;2033984535;true;0.39455320327594035;0.0;Infinity;0;B
user-I051069_session-687ECC64E4980354EB0247A82F3E2C895961472A05E14D1ACBD44B5029F9DAA2_analysis-12.csv;user-I051069;3;212978134;true;0.3945445636204147;0.0;Infinity;0;B
user-I051069_session-687ECC64E4980354EB0247A82F3E2C895961472A05E14D1ACBD44B5029F9DAA2_analysis-12.csv;user-I051069;3;1149216267;true;0.3945909303794284;0.0;Infinity;0;B
user-I051069_session-687ECC64E4980354EB0247A82F3E2C895961472A05E14D1ACBD44B5029F9DAA2_analysis-12.csv;user-I051069;3;1718823752;true;0.3950215500881813;0.0;Infinity;0;B
user-I051069_session-687ECC64E4980354EB0247A82F3E2C895961472A05E14D1ACBD44B5029F9DAA2_analysis-12.csv;user-I051069;3;-1551008577;true;0.3946208823717191;0.0;Infinity;0;B
user-I051069_session-687ECC64E4980354EB0247A82F3E2C895961472A05E14D1ACBD44B5029F9DAA2_analysis-12.csv;user-I051069;3;193319040;true;0.3945460035594003;0.0;Infinity;0;B
user-I051069_session-687ECC64E4980354EB0247A82F3E2C895961472A05E14D1ACBD44B5029F9DAA2_analysis-12.csv;user-I051069;3;-2137412561;true;0.39650593459496264;0.0;Infinity;0;B
user-I051069_session-687ECC64E4980354EB0247A82F3E2C895961472A05E14D1ACBD44B5029F9DAA2_analysis-12.csv;user-I051069;3;-424078280;true;0.13955707780554416;0.0;Infinity;0;B
user-I051069_session-687ECC64E4980354EB0247A82F3E2C895961472A05E14D1ACBD44B5029F9DAA2_analysis-12.csv;user-I051069;3;-433199315;true;0.05005736476861333;0.0;Infinity;0;B
user-I051069_session-687ECC64E4980354EB0247A82F3E2C895961472A05E14D1ACBD44B5029F9DAA2_analysis-12.csv;user-I051069;3;1567251669;true;0.3945445636204147;0.0;Infinity;0;B
user-I051069_session-687ECC64E4980354EB0247A82F3E2C895961472A05E14D1ACBD44B5029F9DAA2_analysis-12.csv;user-I051069;3;1547592575;true;0.39457797057589583;0.0;Infinity;0;B
user-I051069_session-687ECC64E4980354EB0247A82F3E2C895961472A05E14D1ACBD44B5029F9DAA2_analysis-12.csv;user-I051069;3;834563331;true;0.3945457155714879;0.0;Infinity;0;B
user-I051069_session-687ECC64E4980354EB0247A82F3E2C895961472A05E14D1ACBD44B5029F9DAA2_analysis-12.csv;user-I051069;3;-1323654646;true;0.4318223003474022;0.0;Infinity;0;B
user-I051069_session-687ECC64E4980354EB0247A82F3E2C895961472A05E14D1ACBD44B5029F9DAA2_analysis-12.csv;user-I051069;3;-1399148304;true;0.3946594752801821;0.0;Infinity;0;B
user-I051069_session-687ECC64E4980354EB0247A82F3E2C895961472A05E14D1ACBD44B5029F9DAA2_analysis-12.csv;user-I051069;3;-1687500037;true;0.3945457155714879;0.0;Infinity;0;B
user-I051069_session-687ECC64E4980354EB0247A82F3E2C895961472A05E14D1ACBD44B5029F9DAA2_analysis-12.csv;user-I051069;3;-522400034;true;0.3945445636204147;0.0;Infinity;0;B
user-I051069_session-687ECC64E4980354EB0247A82F3E2C895961472A05E14D1ACBD44B5029F9DAA2_analysis-12.csv;user-I051069;3;1086064385;true;0.3945445636204147;0.0;Infinity;0;B
user-I051069_session-687ECC64E4980354EB0247A82F3E2C895961472A05E14D1ACBD44B5029F9DAA2_analysis-12.csv;user-I051069;3;1350497812;true;0.4008829829126981;0.0;Infinity;0;B
user-I051069_session-687ECC64E4980354EB0247A82F3E2C895961472A05E14D1ACBD44B5029F9DAA2_analysis-12.csv;user-I051069;3;-2139891292;true;0.3945474434998266;0.0;Infinity;0;B
user-I051069_session-687ECC64E4980354EB0247A82F3E2C895961472A05E14D1ACBD44B5029F9DAA2_analysis-12.csv;user-I051069;3;1044436675;true;0.4158692852306045;0.0;Infinity;0;B
user-I051069_session-687ECC64E4980354EB0247A82F3E2C895961472A05E14D1ACBD44B5029F9DAA2_analysis-12.csv;user-I051069;3;908539067;true;0.39454657953539796;0.0;Infinity;0;B
user-I051069_session-687ECC64E4980354EB0247A82F3E2C895961472A05E14D1ACBD44B5029F9DAA2_analysis-12.csv;user-I051069;3;3305638;true;0.3946015863052852;0.0;Infinity;0;B
user-I051069_session-687ECC64E4980354EB0247A82F3E2C895961472A05E14D1ACBD44B5029F9DAA2_analysis-12.csv;user-I051069;3;1695089968;true;0.3945566591526739;0.0;Infinity;0;B
user-I051069_session-687ECC64E4980354EB0247A82F3E2C895961472A05E14D1ACBD44B5029F9DAA2_analysis-12.csv;user-I051069;3;-1642843456;true;0.39454513959583604;0.0;Infinity;0;B
user-I051069_session-687ECC64E4980354EB0247A82F3E2C895961472A05E14D1ACBD44B5029F9DAA2_analysis-12.csv;user-I051069;3;1037407968;true;0.3945445636204147;0.0;Infinity;0;B
user-I051069_session-687ECC64E4980354EB0247A82F3E2C895961472A05E14D1ACBD44B5029F9DAA2_analysis-12.csv;user-I051069;3;987960190;true;0.3945445636204147;0.0;Infinity;0;B
user-I051069_session-687ECC64E4980354EB0247A82F3E2C895961472A05E14D1ACBD44B5029F9DAA2_analysis-12.csv;user-I051069;3;-791517986;true;0.3945445636204147;0.0;Infinity;0;B
user-I051069_session-687ECC64E4980354EB0247A82F3E2C895961472A05E14D1ACBD44B5029F9DAA2_analysis-12.csv;user-I051069;3;-696979253;true;0.394547155511626;0.0;Infinity;0;B
user-I051069_session-687ECC64E4980354EB0247A82F3E2C895961472A05E14D1ACBD44B5029F9DAA2_analysis-12.csv;user-I051069;3;1354245853;true;0.39456385892252166;0.0;Infinity;0;B
user-I051069_session-687ECC64E4980354EB0247A82F3E2C895961472A05E14D1ACBD44B5029F9DAA2_analysis-12.csv;user-I051069;3;-1355274876;true;0.3945445636204147;0.0;Infinity;0;B
user-I051069_session-687ECC64E4980354EB0247A82F3E2C895961472A05E14D1ACBD44B5029F9DAA2_analysis-12.csv;user-I051069;3;-136914096;true;0.3945445636204147;0.0;Infinity;0;B
user-I051069_session-687ECC64E4980354EB0247A82F3E2C895961472A05E14D1ACBD44B5029F9DAA2_analysis-12.csv;user-I051069;3;-1057042903;true;0.3946511229959032;0.0;Infinity;0;B
user-I051069_session-687ECC64E4980354EB0247A82F3E2C895961472A05E14D1ACBD44B5029F9DAA2_analysis-12.csv;user-I051069;3;1777909943;true;0.17046480213065018;0.0;Infinity;0;B
user-I051069_session-687ECC64E4980354EB0247A82F3E2C895961472A05E14D1ACBD44B5029F9DAA2_analysis-12.csv;user-I051069;3;-1155635106;true;0.39458833840938845;0.0;Infinity;0;B
user-I051069_session-687ECC64E4980354EB0247A82F3E2C895961472A05E14D1ACBD44B5029F9DAA2_analysis-12.csv;user-I051069;3;-1249667533;true;0.39477382003895756;0.0;Infinity;0;B
user-I051069_session-687ECC64E4980354EB0247A82F3E2C895961472A05E14D1ACBD44B5029F9DAA2_analysis-12.csv;user-I051069;3;-766296590;true;0.40062184196666295;0.0;Infinity;0;B
user-I051069_session-687ECC64E4980354EB0247A82F3E2C895961472A05E14D1ACBD44B5029F9DAA2_analysis-12.csv;user-I051069;3;221842817;true;0.3945454275836331;0.0;Infinity;0;B
user-I051069_session-687ECC64E4980354EB0247A82F3E2C895961472A05E14D1ACBD44B5029F9DAA2_analysis-12.csv;user-I051069;3;838141304;true;0.39530735652885274;0.0;Infinity;0;B
user-I051069_session-687ECC64E4980354EB0247A82F3E2C895961472A05E14D1ACBD44B5029F9DAA2_analysis-12.csv;user-I051069;3;-1350584412;true;0.3947709397070005;0.0;Infinity;0;B
user-I051069_session-687ECC64E4980354EB0247A82F3E2C895961472A05E14D1ACBD44B5029F9DAA2_analysis-12.csv;user-I051069;3;94784414;true;0.3945667388405453;0.0;Infinity;0;B
user-I051069_session-687ECC64E4980354EB0247A82F3E2C895961472A05E14D1ACBD44B5029F9DAA2_analysis-12.csv;user-I051069;3;-697275235;true;2.9828233216733224E-9;0.0;Infinity;0;B
user-I051069_session-687ECC64E4980354EB0247A82F3E2C895961472A05E14D1ACBD44B5029F9DAA2_analysis-12.csv;user-I051069;3;5735086;true;0.394548307464774;0.0;Infinity;0;B
user-I051069_session-687ECC64E4980354EB0247A82F3E2C895961472A05E14D1ACBD44B5029F9DAA2_analysis-12.csv;user-I051069;3;-2120232198;true;0.3945457155714879;0.0;Infinity;0;B
user-I051069_session-687ECC64E4980354EB0247A82F3E2C895961472A05E14D1ACBD44B5029F9DAA2_analysis-12.csv;user-I051069;3;-509940388;true;0.42247176204119186;0.0;Infinity;0;B
user-I051069_session-687ECC64E4980354EB0247A82F3E2C895961472A05E14D1ACBD44B5029F9DAA2_analysis-12.csv;user-I051069;3;-2118080792;true;0.3945445636204147;0.0;Infinity;0;B
user-I051069_session-687ECC64E4980354EB0247A82F3E2C895961472A05E14D1ACBD44B5029F9DAA2_analysis-12.csv;user-I051069;3;1953428797;true;0.394547155511626;0.0;Infinity;0;B
user-I051069_session-687ECC64E4980354EB0247A82F3E2C895961472A05E14D1ACBD44B5029F9DAA2_analysis-12.csv;user-I051069;3;-1652763623;true;0.39472399110717726;0.0;Infinity;0;B
user-I051069_session-687ECC64E4980354EB0247A82F3E2C895961472A05E14D1ACBD44B5029F9DAA2_analysis-12.csv;user-I051069;3;890699520;true;0.46315337260252964;0.0;Infinity;0;B
user-I051069_session-687ECC64E4980354EB0247A82F3E2C895961472A05E14D1ACBD44B5029F9DAA2_analysis-12.csv;user-I051069;3;1329266550;true;0.30000025177054723;0.0;Infinity;0;B
user-I051069_session-687ECC64E4980354EB0247A82F3E2C895961472A05E14D1ACBD44B5029F9DAA2_analysis-12.csv;user-I051069;3;-669027622;true;0.39458459446090266;0.0;Infinity;0;B
user-I051069_session-687ECC64E4980354EB0247A82F3E2C895961472A05E14D1ACBD44B5029F9DAA2_analysis-12.csv;user-I051069;3;-91471288;true;0.39454657953539796;0.0;Infinity;0;B
user-I051069_session-687ECC64E4980354EB0247A82F3E2C895961472A05E14D1ACBD44B5029F9DAA2_analysis-12.csv;user-I051069;3;-1371970013;true;0.3946496829517838;0.0;Infinity;0;B
user-I051069_session-687ECC64E4980354EB0247A82F3E2C895961472A05E14D1ACBD44B5029F9DAA2_analysis-12.csv;user-I051069;3;-1619503351;true;0.3945445636204147;0.0;Infinity;0;B
user-I051069_session-687ECC64E4980354EB0247A82F3E2C895961472A05E14D1ACBD44B5029F9DAA2_analysis-12.csv;user-I051069;3;355264377;true;0.3945497474075057;0.0;Infinity;0;B
user-I051069_session-687ECC64E4980354EB0247A82F3E2C895961472A05E14D1ACBD44B5029F9DAA2_analysis-12.csv;user-I051069;3;959490492;true;0.3945526272972917;0.0;Infinity;0;B
user-I051069_session-687ECC64E4980354EB0247A82F3E2C895961472A05E14D1ACBD44B5029F9DAA2_analysis-12.csv;user-I051069;3;-1100203218;true;0.3945632829396084;0.0;Infinity;0;B
user-I051069_session-687ECC64E4980354EB0247A82F3E2C895961472A05E14D1ACBD44B5029F9DAA2_analysis-12.csv;user-I051069;3;-1856645747;true;0.3945445636204147;0.0;Infinity;0;B
user-I051069_session-687ECC64E4980354EB0247A82F3E2C895961472A05E14D1ACBD44B5029F9DAA2_analysis-12.csv;user-I051069;3;-2069001872;true;0.39464795490074067;0.0;Infinity;0;B
user-I051069_session-687ECC64E4980354EB0247A82F3E2C895961472A05E14D1ACBD44B5029F9DAA2_analysis-12.csv;user-I051069;3;-559373042;true;0.39466062732319307;0.0;Infinity;0;B
user-I051069_session-687ECC64E4980354EB0247A82F3E2C895961472A05E14D1ACBD44B5029F9DAA2_analysis-12.csv;user-I051069;3;-345493124;true;0.004078528089278111;0.0;Infinity;0;B
user-I051069_session-687ECC64E4980354EB0247A82F3E2C895961472A05E14D1ACBD44B5029F9DAA2_analysis-12.csv;user-I051069;3;-409500802;true;0.39456385892252166;0.0;Infinity;0;B
user-I051069_session-687ECC64E4980354EB0247A82F3E2C895961472A05E14D1ACBD44B5029F9DAA2_analysis-12.csv;user-I051069;3;-1048557137;true;0.394547155511626;0.0;Infinity;0;B
user-I051069_session-687ECC64E4980354EB0247A82F3E2C895961472A05E14D1ACBD44B5029F9DAA2_analysis-12.csv;user-I051069;3;-1119862312;true;0.3946012983062521;0.0;Infinity;0;B
user-I051069_session-687ECC64E4980354EB0247A82F3E2C895961472A05E14D1ACBD44B5029F9DAA2_analysis-12.csv;user-I051069;3;179436733;true;0.12782517383452352;0.0;Infinity;0;B
user-I051069_session-687ECC64E4980354EB0247A82F3E2C895961472A05E14D1ACBD44B5029F9DAA2_analysis-12.csv;user-I051069;3;-323301169;true;0.39462837046713495;0.0;Infinity;0;B
user-I051069_session-687ECC64E4980354EB0247A82F3E2C895961472A05E14D1ACBD44B5029F9DAA2_analysis-12.csv;user-I051069;3;-1559897242;true;0.46542548625135505;0.0;Infinity;0;B
user-I051069_session-687ECC64E4980354EB0247A82F3E2C895961472A05E14D1ACBD44B5029F9DAA2_analysis-12.csv;user-I051069;3;1177994411;true;8.215604217016725E-4;0.0;Infinity;0;B
user-I051069_session-687ECC64E4980354EB0247A82F3E2C895961472A05E14D1ACBD44B5029F9DAA2_analysis-12.csv;user-I051069;3;-2034193009;true;0.39454513959583604;0.0;Infinity;0;B
user-I051069_session-687ECC64E4980354EB0247A82F3E2C895961472A05E14D1ACBD44B5029F9DAA2_analysis-12.csv;user-I051069;3;814904237;true;0.3945445636204147;0.0;Infinity;0;B
user-I051069_session-687ECC64E4980354EB0247A82F3E2C895961472A05E14D1ACBD44B5029F9DAA2_analysis-12.csv;user-I051069;3;1890020159;true;0.3947216869207726;0.0;Infinity;0;B
user-I051069_session-687ECC64E4980354EB0247A82F3E2C895961472A05E14D1ACBD44B5029F9DAA2_analysis-12.csv;user-I051069;3;-437896531;true;0.3945457155714879;0.0;Infinity;0;B
user-I051069_session-687ECC64E4980354EB0247A82F3E2C895961472A05E14D1ACBD44B5029F9DAA2_analysis-12.csv;user-I051069;3;1835183886;true;0.3945445636204147;0.0;Infinity;0;B
user-I051069_session-687ECC64E4980354EB0247A82F3E2C895961472A05E14D1ACBD44B5029F9DAA2_analysis-12.csv;user-I051069;3;-1836986653;true;0.3945445636204147;0.0;Infinity;0;B
user-I051069_session-687ECC64E4980354EB0247A82F3E2C895961472A05E14D1ACBD44B5029F9DAA2_analysis-12.csv;user-I051069;3;623865331;true;0.3945454275836331;0.0;Infinity;0;B
user-I051069_session-687ECC64E4980354EB0247A82F3E2C895961472A05E14D1ACBD44B5029F9DAA2_analysis-12.csv;user-I051069;3;-1271136763;true;0.3945462915473702;0.0;Infinity;0;B
user-I051069_session-687ECC64E4980354EB0247A82F3E2C895961472A05E14D1ACBD44B5029F9DAA2_analysis-12.csv;user-I051069;3;25643776;true;0.4517066355717323;0.0;Infinity;0;B
user-I051069_session-687ECC64E4980354EB0247A82F3E2C895961472A05E14D1ACBD44B5029F9DAA2_analysis-12.csv;user-I051069;3;-1443261540;true;0.3946059062976939;0.0;Infinity;0;B
user-I051069_session-687ECC64E4980354EB0247A82F3E2C895961472A05E14D1ACBD44B5029F9DAA2_analysis-12.csv;user-I051069;3;2004475962;true;0.3945445636204147;0.0;Infinity;0;B
user-I051069_session-687ECC64E4980354EB0247A82F3E2C895961472A05E14D1ACBD44B5029F9DAA2_analysis-12.csv;user-I051069;3;1197653505;true;3.425744115703733E-5;0.0;Infinity;0;B
user-I051069_session-687ECC64E4980354EB0247A82F3E2C895961472A05E14D1ACBD44B5029F9DAA2_analysis-12.csv;user-I051069;3;1557503090;true;0.3945445636204147;0.0;Infinity;0;B
user-I051069_session-687ECC64E4980354EB0247A82F3E2C895961472A05E14D1ACBD44B5029F9DAA2_analysis-12.csv;user-I051069;3;119911625;true;0.3949394487952428;0.0;Infinity;0;B
user-I051069_session-687ECC64E4980354EB0247A82F3E2C895961472A05E14D1ACBD44B5029F9DAA2_analysis-12.csv;user-I051069;3;-1620885437;true;0.47982774533984807;0.0;Infinity;0;B
user-I051069_session-687ECC64E4980354EB0247A82F3E2C895961472A05E14D1ACBD44B5029F9DAA2_analysis-12.csv;user-I051069;3;-1961645158;true;0.4361888755406955;0.0;Infinity;0;B
user-I051069_session-687ECC64E4980354EB0247A82F3E2C895961472A05E14D1ACBD44B5029F9DAA2_analysis-12.csv;user-I051069;3;487703732;true;0.3945445636204147;0.0;Infinity;0;B
user-I051069_session-687ECC64E4980354EB0247A82F3E2C895961472A05E14D1ACBD44B5029F9DAA2_analysis-12.csv;user-I051069;3;998866941;true;0.3945534912653512;0.0;Infinity;0;B
user-I051069_session-687ECC64E4980354EB0247A82F3E2C895961472A05E14D1ACBD44B5029F9DAA2_analysis-12.csv;user-I051069;3;-1930020678;true;0.3945445636204147;0.0;Infinity;0;B
user-I051069_session-687ECC64E4980354EB0247A82F3E2C895961472A05E14D1ACBD44B5029F9DAA2_analysis-12.csv;user-I051069;3;-1579556336;true;0.47091659809834097;0.0;Infinity;0;B
user-I051069_session-687ECC64E4980354EB0247A82F3E2C895961472A05E14D1ACBD44B5029F9DAA2_analysis-12.csv;user-I051069;3;-1230008439;true;0.3945485954532051;0.0;Infinity;0;B
user-I051069_session-687ECC64E4980354EB0247A82F3E2C895961472A05E14D1ACBD44B5029F9DAA2_analysis-12.csv;user-I051069;3;-2035374496;true;0.3945445636204147;0.0;Infinity;0;B
user-I051069_session-687ECC64E4980354EB0247A82F3E2C895961472A05E14D1ACBD44B5029F9DAA2_analysis-12.csv;user-I051069;3;537469933;true;0.3945874744204122;0.0;Infinity;0;B
user-I051069_session-687ECC64E4980354EB0247A82F3E2C895961472A05E14D1ACBD44B5029F9DAA2_analysis-12.csv;user-I051069;3;824634488;true;0.40008639627760534;0.0;Infinity;0;B
user-I051069_session-687ECC64E4980354EB0247A82F3E2C895961472A05E14D1ACBD44B5029F9DAA2_analysis-12.csv;user-I051069;3;330306502;true;0.39536901974496164;0.0;Infinity;0;B
user-I051069_session-687ECC64E4980354EB0247A82F3E2C895961472A05E14D1ACBD44B5029F9DAA2_analysis-12.csv;user-I051069;3;-202184718;true;0.39675770879071703;0.0;Infinity;0;B
user-I051069_session-687ECC64E4980354EB0247A82F3E2C895961472A05E14D1ACBD44B5029F9DAA2_analysis-12.csv;user-I051069;3;1432358201;true;0.39471736658119005;0.0;Infinity;0;B
user-I051069_session-687ECC64E4980354EB0247A82F3E2C895961472A05E14D1ACBD44B5029F9DAA2_analysis-12.csv;user-I051069;3;-365109359;true;0.12456849834223116;0.0;Infinity;0;B
user-I051069_session-687ECC64E4980354EB0247A82F3E2C895961472A05E14D1ACBD44B5029F9DAA2_analysis-12.csv;user-I051069;3;-490281294;true;0.4054387014837444;0.0;Infinity;0;B
user-I051069_session-687ECC64E4980354EB0247A82F3E2C895961472A05E14D1ACBD44B5029F9DAA2_analysis-12.csv;user-I051069;3;-390343742;true;0.3945641469140646;0.0;Infinity;0;B
user-I051069_session-687ECC64E4980354EB0247A82F3E2C895961472A05E14D1ACBD44B5029F9DAA2_analysis-12.csv;user-I051069;3;2141820471;true;0.28104832698939286;0.0;Infinity;0;B
user-I051069_session-687ECC64E4980354EB0247A82F3E2C895961472A05E14D1ACBD44B5029F9DAA2_analysis-12.csv;user-I051069;3;1064095769;true;0.42499776721686855;0.0;Infinity;0;B
user-I051069_session-687ECC64E4980354EB0247A82F3E2C895961472A05E14D1ACBD44B5029F9DAA2_analysis-12.csv;user-I051069;3;-1082574696;true;0.39466494749268854;0.0;Infinity;0;B
user-I051069_session-687ECC64E4980354EB0247A82F3E2C895961472A05E14D1ACBD44B5029F9DAA2_analysis-12.csv;user-I051069;3;-502740940;true;0.3945445636204147;0.0;Infinity;0;B
user-I051069_session-687ECC64E4980354EB0247A82F3E2C895961472A05E14D1ACBD44B5029F9DAA2_analysis-12.csv;user-I051069;3;1017748874;true;0.39458517045234365;0.0;Infinity;0;B
user-I051069_session-687ECC64E4980354EB0247A82F3E2C895961472A05E14D1ACBD44B5029F9DAA2_analysis-12.csv;user-I051069;3;532473868;true;0.3945445636204147;0.0;Infinity;0;B
user-I051069_session-687ECC64E4980354EB0247A82F3E2C895961472A05E14D1ACBD44B5029F9DAA2_analysis-12.csv;user-I051069;3;1494137028;true;0.39455233930805367;0.0;Infinity;0;B
user-I051069_session-687ECC64E4980354EB0247A82F3E2C895961472A05E14D1ACBD44B5029F9DAA2_analysis-12.csv;user-I051069;3;-336335916;true;0.3945445636204147;0.0;Infinity;0;B
user-I051069_session-687ECC64E4980354EB0247A82F3E2C895961472A05E14D1ACBD44B5029F9DAA2_analysis-12.csv;user-I051069;3;-1672422717;true;0.3945975543240645;0.0;Infinity;0;B
user-I051069_session-687ECC64E4980354EB0247A82F3E2C895961472A05E14D1ACBD44B5029F9DAA2_analysis-12.csv;user-I051069;3;-1670074596;true;0.3266905385275751;0.0;Infinity;0;B
user-I051069_session-687ECC64E4980354EB0247A82F3E2C895961472A05E14D1ACBD44B5029F9DAA2_analysis-12.csv;user-I051069;3;1139102567;true;0.3945445636204147;0.0;Infinity;0;B
user-I051069_session-687ECC64E4980354EB0247A82F3E2C895961472A05E14D1ACBD44B5029F9DAA2_analysis-12.csv;user-I051069;3;-746637496;true;0.40065133739226644;0.0;Infinity;0;B
user-I051069_session-687ECC64E4980354EB0247A82F3E2C895961472A05E14D1ACBD44B5029F9DAA2_analysis-12.csv;user-I051069;3;-226834411;true;0.39458085052215375;0.0;Infinity;0;B
user-I051069_session-687ECC64E4980354EB0247A82F3E2C895961472A05E14D1ACBD44B5029F9DAA2_analysis-12.csv;user-I051069;3;146766558;true;0.39479801505445633;0.0;Infinity;0;B
user-I051069_session-687ECC64E4980354EB0247A82F3E2C895961472A05E14D1ACBD44B5029F9DAA2_analysis-12.csv;user-I051069;3;986517668;true;0.3947723798722601;0.0;Infinity;0;B
user-I051069_session-687ECC64E4980354EB0247A82F3E2C895961472A05E14D1ACBD44B5029F9DAA2_analysis-12.csv;user-I051069;3;-1059222733;true;0.39461051430388205;0.0;Infinity;0;B
user-I051069_session-687ECC64E4980354EB0247A82F3E2C895961472A05E14D1ACBD44B5029F9DAA2_analysis-12.csv;user-I051069;3;-794944926;true;0.3947369522243206;0.0;Infinity;0;B
user-I051069_session-687ECC64E4980354EB0247A82F3E2C895961472A05E14D1ACBD44B5029F9DAA2_analysis-12.csv;user-I051069;3;-2133487731;true;0.22432203757829883;0.0;Infinity;0;B
user-I051069_session-687ECC64E4980354EB0247A82F3E2C895961472A05E14D1ACBD44B5029F9DAA2_analysis-12.csv;user-I051069;3;-1947034608;true;0.3945445636204147;0.0;Infinity;0;B
user-I051069_session-687ECC64E4980354EB0247A82F3E2C895961472A05E14D1ACBD44B5029F9DAA2_analysis-12.csv;user-I051069;3;1758250849;true;0.3115354796253047;0.0;Infinity;0;B
user-I051069_session-687ECC64E4980354EB0247A82F3E2C895961472A05E14D1ACBD44B5029F9DAA2_analysis-12.csv;user-I051069;3;1367461077;true;0.40281123541181907;0.0;Infinity;0;B
user-I051069_session-687ECC64E4980354EB0247A82F3E2C895961472A05E14D1ACBD44B5029F9DAA2_analysis-12.csv;user-I051069;3;502938248;true;0.3945445636204147;0.0;Infinity;0;B
user-I051069_session-687ECC64E4980354EB0247A82F3E2C895961472A05E14D1ACBD44B5029F9DAA2_analysis-12.csv;user-I051069;3;-1482528618;true;0.3945468675234831;0.0;Infinity;0;B
user-I051069_session-687ECC64E4980354EB0247A82F3E2C895961472A05E14D1ACBD44B5029F9DAA2_analysis-12.csv;user-I051069;3;-1508853075;true;1.4105885869475365E-4;0.0;Infinity;0;B
user-I051069_session-687ECC64E4980354EB0247A82F3E2C895961472A05E14D1ACBD44B5029F9DAA2_analysis-12.csv;user-I051069;3;1284735718;true;0.3945445636204147;0.0;Infinity;0;B
user-I051069_session-687ECC64E4980354EB0247A82F3E2C895961472A05E14D1ACBD44B5029F9DAA2_analysis-12.csv;user-I051069;3;32299624;true;0.3945445636204147;0.0;Infinity;0;B
user-I051069_session-687ECC64E4980354EB0247A82F3E2C895961472A05E14D1ACBD44B5029F9DAA2_analysis-12.csv;user-I051069;3;2117316678;true;0.41322298908227373;0.0;Infinity;0;B
user-I051069_session-687ECC64E4980354EB0247A82F3E2C895961472A05E14D1ACBD44B5029F9DAA2_analysis-12.csv;user-I051069;3;271593467;true;0.4284769556325776;0.0;Infinity;0;B
user-I051069_session-687ECC64E4980354EB0247A82F3E2C895961472A05E14D1ACBD44B5029F9DAA2_analysis-12.csv;user-I051069;3;-1251477669;true;0.3945488834416938;0.0;Infinity;0;B
user-I051069_session-687ECC64E4980354EB0247A82F3E2C895961472A05E14D1ACBD44B5029F9DAA2_analysis-12.csv;user-I051069;3;1011687738;true;0.39454513959583604;0.0;Infinity;0;B
user-I051069_session-687ECC64E4980354EB0247A82F3E2C895961472A05E14D1ACBD44B5029F9DAA2_analysis-12.csv;user-I051069;3;-1001045468;true;0.3945457155714879;0.0;Infinity;0;B
user-I051069_session-687ECC64E4980354EB0247A82F3E2C895961472A05E14D1ACBD44B5029F9DAA2_analysis-12.csv;user-I051069;3;-138179376;true;0.3945589630751064;0.0;Infinity;0;B
user-I051069_session-687ECC64E4980354EB0247A82F3E2C895961472A05E14D1ACBD44B5029F9DAA2_analysis-12.csv;user-I051069;3;-1398267330;true;0.0021104192965897273;0.0;Infinity;0;B
user-I051069_session-687ECC64E4980354EB0247A82F3E2C895961472A05E14D1ACBD44B5029F9DAA2_analysis-12.csv;user-I051069;3;-338186874;true;0.3945932343567148;0.0;Infinity;0;B
user-I051069_session-687ECC64E4980354EB0247A82F3E2C895961472A05E14D1ACBD44B5029F9DAA2_analysis-12.csv;user-I051069;3;1884629269;true;0.3945445636204147;0.0;Infinity;0;B
user-I051069_session-687ECC64E4980354EB0247A82F3E2C895961472A05E14D1ACBD44B5029F9DAA2_analysis-12.csv;user-I051069;3;-1057668096;true;0.3945445636204147;0.0;Infinity;0;B
user-I051069_session-687ECC64E4980354EB0247A82F3E2C895961472A05E14D1ACBD44B5029F9DAA2_analysis-12.csv;user-I051069;3;-210783748;true;0.39584771900318083;0.0;Infinity;0;B
user-I051069_session-687ECC64E4980354EB0247A82F3E2C895961472A05E14D1ACBD44B5029F9DAA2_analysis-12.csv;user-I051069;3;241501911;true;0.39454513959583604;0.0;Infinity;0;B
user-I051069_session-687ECC64E4980354EB0247A82F3E2C895961472A05E14D1ACBD44B5029F9DAA2_analysis-12.csv;user-I051069;3;1909679253;true;0.39462232238704453;0.0;Infinity;0;B
user-I051069_session-687ECC64E4980354EB0247A82F3E2C895961472A05E14D1ACBD44B5029F9DAA2_analysis-12.csv;user-I051069;3;1330838718;true;0.4044606495988695;0.0;Infinity;0;B
user-I051069_session-687ECC64E4980354EB0247A82F3E2C895961472A05E14D1ACBD44B5029F9DAA2_analysis-12.csv;user-I051069;3;147215721;true;0.3945445636204147;0.0;Infinity;0;B
user-I051069_session-687ECC64E4980354EB0247A82F3E2C895961472A05E14D1ACBD44B5029F9DAA2_analysis-12.csv;user-I051069;3;2024135056;true;0.39598666057672727;0.0;Infinity;0;B
user-I051069_session-687ECC64E4980354EB0247A82F3E2C895961472A05E14D1ACBD44B5029F9DAA2_analysis-12.csv;user-I051069;3;398875892;true;0.3945445636204147;0.0;Infinity;0;B
user-I051069_session-687ECC64E4980354EB0247A82F3E2C895961472A05E14D1ACBD44B5029F9DAA2_analysis-12.csv;user-I051069;3;-1599844257;true;0.3945684667941255;0.0;Infinity;0;B
user-I051069_session-687ECC64E4980354EB0247A82F3E2C895961472A05E14D1ACBD44B5029F9DAA2_analysis-12.csv;user-I051069;3;-1245769335;true;0.4119593993017695;0.0;Infinity;0;B
user-I051069_session-687ECC64E4980354EB0247A82F3E2C895961472A05E14D1ACBD44B5029F9DAA2_analysis-12.csv;user-I051069;3;1728703964;true;0.3945445636204147;0.0;Infinity;0;B
user-I051069_session-687ECC64E4980354EB0247A82F3E2C895961472A05E14D1ACBD44B5029F9DAA2_analysis-12.csv;user-I051069;3;-132906866;true;0.3945485954532051;0.0;Infinity;0;B
user-I051069_session-687ECC64E4980354EB0247A82F3E2C895961472A05E14D1ACBD44B5029F9DAA2_analysis-12.csv;user-I051069;3;-114434970;true;0.3946560191566766;0.0;Infinity;0;B
user-I051069_session-687ECC64E4980354EB0247A82F3E2C895961472A05E14D1ACBD44B5029F9DAA2_analysis-12.csv;user-I051069;3;-1667489680;true;0.3945454275836331;0.0;Infinity;0;B
user-I051069_session-687ECC64E4980354EB0247A82F3E2C895961472A05E14D1ACBD44B5029F9DAA2_analysis-12.csv;user-I051069;3;-2117753467;true;0.3945569471427762;0.0;Infinity;0;B
user-I051069_session-687ECC64E4980354EB0247A82F3E2C895961472A05E14D1ACBD44B5029F9DAA2_analysis-12.csv;user-I051069;3;-357156639;true;0.3945445636204147;0.0;Infinity;0;B
user-I051069_session-687ECC64E4980354EB0247A82F3E2C895961472A05E14D1ACBD44B5029F9DAA2_analysis-12.csv;user-I051069;3;-2131707827;true;0.3946439227897016;0.0;Infinity;0;B
user-I051069_session-687ECC64E4980354EB0247A82F3E2C895961472A05E14D1ACBD44B5029F9DAA2_analysis-12.csv;user-I051069;3;-77592566;true;0.43341809416074284;0.0;Infinity;0;B
user-I051069_session-687ECC64E4980354EB0247A82F3E2C895961472A05E14D1ACBD44B5029F9DAA2_analysis-12.csv;user-I051069;3;-268862689;true;0.3946030263013147;0.0;Infinity;0;B
user-I051069_session-687ECC64E4980354EB0247A82F3E2C895961472A05E14D1ACBD44B5029F9DAA2_analysis-12.csv;user-I051069;3;1842930959;true;0.32330520336931934;0.0;Infinity;0;B
user-I051069_session-687ECC64E4980354EB0247A82F3E2C895961472A05E14D1ACBD44B5029F9DAA2_analysis-12.csv;user-I051069;3;417007803;true;0.3945445636204147;0.0;Infinity;0;B
user-I051069_session-687ECC64E4980354EB0247A82F3E2C895961472A05E14D1ACBD44B5029F9DAA2_analysis-12.csv;user-I051069;3;-1751962380;true;0.3949149633476472;0.0;Infinity;0;B
user-I051069_session-687ECC64E4980354EB0247A82F3E2C895961472A05E14D1ACBD44B5029F9DAA2_analysis-12.csv;user-I051069;3;1772955003;true;0.29486045112046666;0.0;Infinity;0;B
user-I051069_session-687ECC64E4980354EB0247A82F3E2C895961472A05E14D1ACBD44B5029F9DAA2_analysis-12.csv;user-I051069;3;-1343313740;true;0.44217440954736476;0.0;Infinity;0;B
user-I051069_session-687ECC64E4980354EB0247A82F3E2C895961472A05E14D1ACBD44B5029F9DAA2_analysis-12.csv;user-I051069;3;1759889250;true;0.39455233930805367;0.0;Infinity;0;B
user-I051069_session-687ECC64E4980354EB0247A82F3E2C895961472A05E14D1ACBD44B5029F9DAA2_analysis-12.csv;user-I051069;3;1792614097;true;0.18068831778913852;0.0;Infinity;0;B
user-I051069_session-687ECC64E4980354EB0247A82F3E2C895961472A05E14D1ACBD44B5029F9DAA2_analysis-12.csv;user-I051069;3;574511939;true;0.40371555004914395;0.0;Infinity;0;B
user-I051069_session-687ECC64E4980354EB0247A82F3E2C895961472A05E14D1ACBD44B5029F9DAA2_analysis-12.csv;user-I051069;3;-2049342778;true;0.394547155511626;0.0;Infinity;0;B
user-I051069_session-687ECC64E4980354EB0247A82F3E2C895961472A05E14D1ACBD44B5029F9DAA2_analysis-12.csv;user-I051069;3;2014325441;true;0.39467848410765527;0.0;Infinity;0;B
user-I051069_session-687ECC64E4980354EB0247A82F3E2C895961472A05E14D1ACBD44B5029F9DAA2_analysis-12.csv;user-I051069;3;1109916100;true;0.394548307464774;0.0;Infinity;0;B
user-I051069_session-687ECC64E4980354EB0247A82F3E2C895961472A05E14D1ACBD44B5029F9DAA2_analysis-12.csv;user-I051069;3;-943963811;true;0.404227605596459;0.0;Infinity;0;B
user-I051069_session-687ECC64E4980354EB0247A82F3E2C895961472A05E14D1ACBD44B5029F9DAA2_analysis-12.csv;user-I051069;3;-81474051;true;0.3958941274768957;0.0;Infinity;0;B
user-I051069_session-687ECC64E4980354EB0247A82F3E2C895961472A05E14D1ACBD44B5029F9DAA2_analysis-12.csv;user-I051069;3;51958718;true;0.3945445636204147;0.0;Infinity;0;B
user-I051069_session-687ECC64E4980354EB0247A82F3E2C895961472A05E14D1ACBD44B5029F9DAA2_analysis-12.csv;user-I051069;3;-413540221;true;0.018553401833627747;0.0;Infinity;0;B
user-I051069_session-687ECC64E4980354EB0247A82F3E2C895961472A05E14D1ACBD44B5029F9DAA2_analysis-12.csv;user-I051069;3;1500187242;true;9.443448313189995E-4;0.0;Infinity;0;B
user-I051069_session-687ECC64E4980354EB0247A82F3E2C895961472A05E14D1ACBD44B5029F9DAA2_analysis-12.csv;user-I051069;3;-716760996;true;0.39459813032069047;0.0;Infinity;0;B
user-I051069_session-687ECC64E4980354EB0247A82F3E2C895961472A05E14D1ACBD44B5029F9DAA2_analysis-12.csv;user-I051069;3;-1417926424;true;0.012145985397295944;0.0;Infinity;0;B
user-I051069_session-687ECC64E4980354EB0247A82F3E2C895961472A05E14D1ACBD44B5029F9DAA2_analysis-12.csv;user-I051069;3;1480800899;true;0.3945445636204147;0.0;Infinity;0;B
user-I051069_session-687ECC64E4980354EB0247A82F3E2C895961472A05E14D1ACBD44B5029F9DAA2_analysis-12.csv;user-I051069;3;-244852457;true;0.3945445636204147;0.0;Infinity;0;B
user-I051069_session-687ECC64E4980354EB0247A82F3E2C895961472A05E14D1ACBD44B5029F9DAA2_analysis-12.csv;user-I051069;3;-1808194292;true;0.2809042769676635;0.0;Infinity;0;B
user-I051069_session-687ECC64E4980354EB0247A82F3E2C895961472A05E14D1ACBD44B5029F9DAA2_analysis-12.csv;user-I051069;3;1668755782;true;0.39455233930805367;0.0;Infinity;0;B
user-I051069_session-687ECC64E4980354EB0247A82F3E2C895961472A05E14D1ACBD44B5029F9DAA2_analysis-12.csv;user-I051069;3;1748363058;true;0.3945583870941526;0.0;Infinity;0;B
user-I051069_session-687ECC64E4980354EB0247A82F3E2C895961472A05E14D1ACBD44B5029F9DAA2_analysis-12.csv;user-I051069;3;1862590053;true;0.2348142838648457;0.0;Infinity;0;B
user-I051069_session-687ECC64E4980354EB0247A82F3E2C895961472A05E14D1ACBD44B5029F9DAA2_analysis-12.csv;user-I051069;3;-307313813;true;0.39455032338500184;0.0;Infinity;0;B
user-I051069_session-687ECC64E4980354EB0247A82F3E2C895961472A05E14D1ACBD44B5029F9DAA2_analysis-12.csv;user-I051069;3;176088544;true;0.3946931729188159;0.0;Infinity;0;B
user-I051069_session-687ECC64E4980354EB0247A82F3E2C895961472A05E14D1ACBD44B5029F9DAA2_analysis-12.csv;user-I051069;3;1967085201;true;0.3945961143335077;0.0;Infinity;0;B
user-I051069_session-687ECC64E4980354EB0247A82F3E2C895961472A05E14D1ACBD44B5029F9DAA2_analysis-12.csv;user-I051069;3;-345450265;true;0.20748429107602928;0.0;Infinity;0;B
user-I051069_session-687ECC64E4980354EB0247A82F3E2C895961472A05E14D1ACBD44B5029F9DAA2_analysis-12.csv;user-I051069;3;1461141805;true;0.3945508993627286;0.0;Infinity;0;B
user-I051069_session-687ECC64E4980354EB0247A82F3E2C895961472A05E14D1ACBD44B5029F9DAA2_analysis-12.csv;user-I051069;3;-1007777222;true;0.3949285023085567;0.0;Infinity;0;B
user-I051069_session-687ECC64E4980354EB0247A82F3E2C895961472A05E14D1ACBD44B5029F9DAA2_analysis-12.csv;user-I051069;3;681192996;true;0.3947447289505317;0.0;Infinity;0;B
user-I051069_session-687ECC64E4980354EB0247A82F3E2C895961472A05E14D1ACBD44B5029F9DAA2_analysis-12.csv;user-I051069;3;-1722052818;true;0.3966870461617018;0.0;Infinity;0;B
user-I051069_session-687ECC64E4980354EB0247A82F3E2C895961472A05E14D1ACBD44B5029F9DAA2_analysis-12.csv;user-I051069;3;-1966693702;true;0.3945445636204147;0.0;Infinity;0;B
user-I051069_session-687ECC64E4980354EB0247A82F3E2C895961472A05E14D1ACBD44B5029F9DAA2_analysis-12.csv;user-I051069;3;1111695241;true;0.39601231720946384;0.0;Infinity;0;B
user-I051069_session-687ECC64E4980354EB0247A82F3E2C895961472A05E14D1ACBD44B5029F9DAA2_analysis-12.csv;user-I051069;3;1441756963;true;0.3945445636204147;0.0;Infinity;0;B
user-I051069_session-687ECC64E4980354EB0247A82F3E2C895961472A05E14D1ACBD44B5029F9DAA2_analysis-12.csv;user-I051069;3;-2131065714;true;0.3946214583776765;0.0;Infinity;0;B
user-I051069_session-687ECC64E4980354EB0247A82F3E2C895961472A05E14D1ACBD44B5029F9DAA2_analysis-12.csv;user-I051069;3;-1310428196;true;0.3945445636204147;0.0;Infinity;0;B
user-I051069_session-687ECC64E4980354EB0247A82F3E2C895961472A05E14D1ACBD44B5029F9DAA2_analysis-12.csv;user-I051069;3;-2072309927;true;0.3962663133293495;0.0;Infinity;0;B
user-I051069_session-687ECC64E4980354EB0247A82F3E2C895961472A05E14D1ACBD44B5029F9DAA2_analysis-12.csv;user-I051069;3;1933490488;true;0.3945874744204122;0.0;Infinity;0;B
user-I051069_session-687ECC64E4980354EB0247A82F3E2C895961472A05E14D1ACBD44B5029F9DAA2_analysis-12.csv;user-I051069;3;-1643944420;true;0.4098740625469367;0.0;Infinity;0;B
user-I051069_session-687ECC64E4980354EB0247A82F3E2C895961472A05E14D1ACBD44B5029F9DAA2_analysis-12.csv;user-I051069;3;-1092993452;true;0.3945566591526739;0.0;Infinity;0;B
user-I051069_session-687ECC64E4980354EB0247A82F3E2C895961472A05E14D1ACBD44B5029F9DAA2_analysis-12.csv;user-I051069;3;995581879;true;0.3945445636204147;0.0;Infinity;0;B
user-I051069_session-687ECC64E4980354EB0247A82F3E2C895961472A05E14D1ACBD44B5029F9DAA2_analysis-12.csv;user-I051069;3;-988118128;true;0.3954586377802334;0.0;Infinity;0;B
user-I051069_session-687ECC64E4980354EB0247A82F3E2C895961472A05E14D1ACBD44B5029F9DAA2_analysis-12.csv;user-I051069;3;-1512682362;true;0.3945445636204147;0.0;Infinity;0;B
user-I051069_session-687ECC64E4980354EB0247A82F3E2C895961472A05E14D1ACBD44B5029F9DAA2_analysis-12.csv;user-I051069;3;-443737374;true;0.10565320074069362;0.0;Infinity;0;B
user-I051069_session-687ECC64E4980354EB0247A82F3E2C895961472A05E14D1ACBD44B5029F9DAA2_analysis-12.csv;user-I051069;3;459153423;true;0.4118892264990478;0.0;Infinity;0;B
user-I051069_session-687ECC64E4980354EB0247A82F3E2C895961472A05E14D1ACBD44B5029F9DAA2_analysis-12.csv;user-I051069;3;-1662502550;true;0.39481760179275693;0.0;Infinity;0;B
user-I051069_session-687ECC64E4980354EB0247A82F3E2C895961472A05E14D1ACBD44B5029F9DAA2_analysis-12.csv;user-I051069;3;-1169105589;true;0.39721002980692643;0.0;Infinity;0;B
user-I051069_session-687ECC64E4980354EB0247A82F3E2C895961472A05E14D1ACBD44B5029F9DAA2_analysis-12.csv;user-I051069;3;-905659505;true;0.394681940285047;0.0;Infinity;0;B
user-I051069_session-687ECC64E4980354EB0247A82F3E2C895961472A05E14D1ACBD44B5029F9DAA2_analysis-12.csv;user-I051069;3;-295674633;true;0.3948288354832158;0.0;Infinity;0;B
user-I051069_session-687ECC64E4980354EB0247A82F3E2C895961472A05E14D1ACBD44B5029F9DAA2_analysis-12.csv;user-I051069;3;-2091969021;true;0.39966904077054555;0.0;Infinity;0;B
user-I051069_session-687ECC64E4980354EB0247A82F3E2C895961472A05E14D1ACBD44B5029F9DAA2_analysis-12.csv;user-I051069;3;1688414876;true;0.3945445636204147;0.0;Infinity;0;B
user-I051069_session-687ECC64E4980354EB0247A82F3E2C895961472A05E14D1ACBD44B5029F9DAA2_analysis-12.csv;user-I051069;3;-29376317;true;0.3946954770596409;0.0;Infinity;0;B
user-I051069_session-687ECC64E4980354EB0247A82F3E2C895961472A05E14D1ACBD44B5029F9DAA2_analysis-12.csv;user-I051069;3;336968822;true;0.39568083365510187;0.0;Infinity;0;B
user-I051069_session-687ECC64E4980354EB0247A82F3E2C895961472A05E14D1ACBD44B5029F9DAA2_analysis-12.csv;user-I051069;3;1158761661;true;0.3945445636204147;0.0;Infinity;0;B
user-I051069_session-687ECC64E4980354EB0247A82F3E2C895961472A05E14D1ACBD44B5029F9DAA2_analysis-12.csv;user-I051069;3;127485498;true;0.3945445636204147;0.0;Infinity;0;B
user-I051069_session-687ECC64E4980354EB0247A82F3E2C895961472A05E14D1ACBD44B5029F9DAA2_analysis-12.csv;user-I051069;3;-325834030;true;0.0020666827412656463;0.0;Infinity;0;B
user-I051069_session-687ECC64E4980354EB0247A82F3E2C895961472A05E14D1ACBD44B5029F9DAA2_analysis-12.csv;user-I051069;3;-1502187712;true;0.3945445636204147;0.0;Infinity;0;B
user-I051069_session-687ECC64E4980354EB0247A82F3E2C895961472A05E14D1ACBD44B5029F9DAA2_analysis-12.csv;user-I051069;3;-1076701997;true;0.3948579282674859;0.0;Infinity;0;B
user-I051069_session-687ECC64E4980354EB0247A82F3E2C895961472A05E14D1ACBD44B5029F9DAA2_analysis-12.csv;user-I051069;3;-1689733690;true;0.36478391799998855;0.0;Infinity;0;B
user-I051069_session-687ECC64E4980354EB0247A82F3E2C895961472A05E14D1ACBD44B5029F9DAA2_analysis-12.csv;user-I051069;3;-161467289;true;0.3945445636204147;0.0;Infinity;0;B
user-I051069_session-687ECC64E4980354EB0247A82F3E2C895961472A05E14D1ACBD44B5029F9DAA2_analysis-12.csv;user-I051069;3;-1158449544;true;0.39459381035161245;0.0;Infinity;0;B
user-I051069_session-687ECC64E4980354EB0247A82F3E2C895961472A05E14D1ACBD44B5029F9DAA2_analysis-12.csv;user-I051069;3;-736420090;true;0.39462952248526983;0.0;Infinity;0;B
user-I051069_session-687ECC64E4980354EB0247A82F3E2C895961472A05E14D1ACBD44B5029F9DAA2_analysis-12.csv;user-I051069;3;-2111406620;true;0.3945612670012273;0.0;Infinity;0;B
user-I051069_session-687ECC64E4980354EB0247A82F3E2C895961472A05E14D1ACBD44B5029F9DAA2_analysis-12.csv;user-I051069;3;-152565960;true;0.3945445636204147;0.0;Infinity;0;B
user-I051069_session-687ECC64E4980354EB0247A82F3E2C895961472A05E14D1ACBD44B5029F9DAA2_analysis-12.csv;user-I051069;3;-101133145;true;0.3965664948970522;0.0;Infinity;0;B
user-I051069_session-687ECC64E4980354EB0247A82F3E2C895961472A05E14D1ACBD44B5029F9DAA2_analysis-12.csv;user-I051069;3;-376815733;true;0.3945445636204147;0.0;Infinity;0;B
user-I051069_session-687ECC64E4980354EB0247A82F3E2C895961472A05E14D1ACBD44B5029F9DAA2_analysis-12.csv;user-I051069;3;-677616141;true;2.2289151746512914E-8;0.0;Infinity;0;B
user-I051069_session-687ECC64E4980354EB0247A82F3E2C895961472A05E14D1ACBD44B5029F9DAA2_analysis-12.csv;user-I051069;3;-159906141;true;0.11207056767613444;0.0;Infinity;0;B
user-I051069_session-687ECC64E4980354EB0247A82F3E2C895961472A05E14D1ACBD44B5029F9DAA2_analysis-12.csv;user-I051069;3;2079447266;true;0.3950814725708507;0.0;Infinity;0;B
user-I051069_session-687ECC64E4980354EB0247A82F3E2C895961472A05E14D1ACBD44B5029F9DAA2_analysis-12.csv;user-I051069;3;1007619284;true;0.3945445636204147;0.0;Infinity;0;B
user-I051069_session-687ECC64E4980354EB0247A82F3E2C895961472A05E14D1ACBD44B5029F9DAA2_analysis-12.csv;user-I051069;3;804975394;true;0.3947018134659035;0.0;Infinity;0;B
user-I051069_session-687ECC64E4980354EB0247A82F3E2C895961472A05E14D1ACBD44B5029F9DAA2_analysis-12.csv;user-I051069;3;1854842980;true;0.3945468675234831;0.0;Infinity;0;B
user-I051069_session-687ECC64E4980354EB0247A82F3E2C895961472A05E14D1ACBD44B5029F9DAA2_analysis-12.csv;user-I051069;3;-1180379753;true;0.3945445636204147;0.0;Infinity;0;B
user-I051069_session-687ECC64E4980354EB0247A82F3E2C895961472A05E14D1ACBD44B5029F9DAA2_analysis-12.csv;user-I051069;3;643524425;true;0.3945445636204147;0.0;Infinity;0;B
user-I051069_session-687ECC64E4980354EB0247A82F3E2C895961472A05E14D1ACBD44B5029F9DAA2_analysis-12.csv;user-I051069;3;-633150131;true;0.39460792229858677;0.0;Infinity;0;B
user-I051069_session-687ECC64E4980354EB0247A82F3E2C895961472A05E14D1ACBD44B5029F9DAA2_analysis-12.csv;user-I051069;3;1387120171;true;0.40003523228745186;0.0;Infinity;0;B
user-I051069_session-687ECC64E4980354EB0247A82F3E2C895961472A05E14D1ACBD44B5029F9DAA2_analysis-12.csv;user-I051069;3;-1561489534;true;0.40009709179173936;0.0;Infinity;0;B
user-I051069_session-687ECC64E4980354EB0247A82F3E2C895961472A05E14D1ACBD44B5029F9DAA2_analysis-12.csv;user-I051069;3;-652809225;true;0.3946681156252181;0.0;Infinity;0;B
user-I051069_session-687ECC64E4980354EB0247A82F3E2C895961472A05E14D1ACBD44B5029F9DAA2_analysis-12.csv;user-I051069;3;312064550;true;0.39468568448657537;0.0;Infinity;0;B
user-I051069_session-687ECC64E4980354EB0247A82F3E2C895961472A05E14D1ACBD44B5029F9DAA2_analysis-12.csv;user-I051069;3;-771858892;true;0.3945460035594003;0.0;Infinity;0;B
user-I051069_session-687ECC64E4980354EB0247A82F3E2C895961472A05E14D1ACBD44B5029F9DAA2_analysis-12.csv;user-I051069;3;1265076624;true;0.3945667388405453;0.0;Infinity;0;B
user-I051069_session-687ECC64E4980354EB0247A82F3E2C895961472A05E14D1ACBD44B5029F9DAA2_analysis-12.csv;user-I051069;3;-48408088;true;0.3945445636204147;0.0;Infinity;0;B
user-I051069_session-687ECC64E4980354EB0247A82F3E2C895961472A05E14D1ACBD44B5029F9DAA2_analysis-12.csv;user-I051069;3;-370684648;true;0.3945445636204147;0.0;Infinity;0;B
user-I051069_session-687ECC64E4980354EB0247A82F3E2C895961472A05E14D1ACBD44B5029F9DAA2_analysis-12.csv;user-I051069;3;-134094064;true;0.394751641631262;0.0;Infinity;0;B
user-I051069_session-687ECC64E4980354EB0247A82F3E2C895961472A05E14D1ACBD44B5029F9DAA2_analysis-12.csv;user-I051069;3;-191124654;true;0.39491265885629967;0.0;Infinity;0;B
user-I051069_session-687ECC64E4980354EB0247A82F3E2C895961472A05E14D1ACBD44B5029F9DAA2_analysis-12.csv;user-I051069;3;-1601226343;true;0.4538469996820357;0.0;Infinity;0;B
user-I051069_session-687ECC64E4980354EB0247A82F3E2C895961472A05E14D1ACBD44B5029F9DAA2_analysis-12.csv;user-I051069;3;-1707159131;true;0.3945445636204147;0.0;Infinity;0;B
user-I051069_session-687ECC64E4980354EB0247A82F3E2C895961472A05E14D1ACBD44B5029F9DAA2_analysis-12.csv;user-I051069;3;-1149446495;true;0.39609361423376677;0.0;Infinity;0;B
user-I051069_session-687ECC64E4980354EB0247A82F3E2C895961472A05E14D1ACBD44B5029F9DAA2_analysis-12.csv;user-I051069;3;-1062915602;true;0.3956984148031264;0.0;Infinity;0;B
user-I051069_session-687ECC64E4980354EB0247A82F3E2C895961472A05E14D1ACBD44B5029F9DAA2_analysis-12.csv;user-I051069;3;-1206610033;true;0.3963216736099937;0.0;Infinity;0;B
user-I051069_session-687ECC64E4980354EB0247A82F3E2C895961472A05E14D1ACBD44B5029F9DAA2_analysis-12.csv;user-I051069;3;478812517;true;0.4043873124413597;0.0;Infinity;0;B
user-I051069_session-687ECC64E4980354EB0247A82F3E2C895961472A05E14D1ACBD44B5029F9DAA2_analysis-12.csv;user-I051069;3;1373904947;true;0.3945445636204147;0.0;Infinity;0;B
user-I051069_session-687ECC64E4980354EB0247A82F3E2C895961472A05E14D1ACBD44B5029F9DAA2_analysis-12.csv;user-I051069;3;1236773896;true;0.39458459446090266;0.0;Infinity;0;B
user-I051069_session-687ECC64E4980354EB0247A82F3E2C895961472A05E14D1ACBD44B5029F9DAA2_analysis-12.csv;user-I051069;3;-2053852103;true;0.3946110903056924;0.0;Infinity;0;B
user-I051069_session-687ECC64E4980354EB0247A82F3E2C895961472A05E14D1ACBD44B5029F9DAA2_analysis-12.csv;user-I051069;3;-28748994;true;0.3945448516080965;0.0;Infinity;0;B
user-I051069_session-687ECC64E4980354EB0247A82F3E2C895961472A05E14D1ACBD44B5029F9DAA2_analysis-12.csv;user-I051069;3;-287654719;true;0.3945540672443457;0.0;Infinity;0;B
user-I051069_session-687ECC64E4980354EB0247A82F3E2C895961472A05E14D1ACBD44B5029F9DAA2_analysis-12.csv;user-I051069;3;1251728899;true;0.3954566205932025;0.0;Infinity;0;B
user-I051069_session-687ECC64E4980354EB0247A82F3E2C895961472A05E14D1ACBD44B5029F9DAA2_analysis-12.csv;user-I051069;3;-814604020;true;0.3946900047311962;0.0;Infinity;0;B
user-I051069_session-687ECC64E4980354EB0247A82F3E2C895961472A05E14D1ACBD44B5029F9DAA2_analysis-12.csv;user-I051069;3;-1552017129;true;0.39795920175044197;0.0;Infinity;0;B
user-I051069_session-687ECC64E4980354EB0247A82F3E2C895961472A05E14D1ACBD44B5029F9DAA2_analysis-12.csv;user-I051069;3;335605283;true;0.3945445636204147;0.0;Infinity;0;B
user-I051069_session-687ECC64E4980354EB0247A82F3E2C895961472A05E14D1ACBD44B5029F9DAA2_analysis-12.csv;user-I051069;3;-984880543;true;-1.3322676295501878E-15;0.0;Infinity;0;B
user-I051069_session-687ECC64E4980354EB0247A82F3E2C895961472A05E14D1ACBD44B5029F9DAA2_analysis-12.csv;user-I051069;3;594171033;true;0.39880781322300873;0.0;Infinity;0;B
user-I051069_session-687ECC64E4980354EB0247A82F3E2C895961472A05E14D1ACBD44B5029F9DAA2_analysis-12.csv;user-I051069;3;-1391629107;true;0.394550035396225;0.0;Infinity;0;B
user-I051069_session-687ECC64E4980354EB0247A82F3E2C895961472A05E14D1ACBD44B5029F9DAA2_analysis-12.csv;user-I051069;3;1904288363;true;0.3945445636204147;0.0;Infinity;0;B
user-I051069_session-687ECC64E4980354EB0247A82F3E2C895961472A05E14D1ACBD44B5029F9DAA2_analysis-12.csv;user-I051069;3;1947426107;true;0.3957113846385194;0.0;Infinity;0;B
user-I051069_session-687ECC64E4980354EB0247A82F3E2C895961472A05E14D1ACBD44B5029F9DAA2_analysis-12.csv;user-I051069;3;786211228;true;0.4323376355448104;0.0;Infinity;0;B
user-I051069_session-687ECC64E4980354EB0247A82F3E2C895961472A05E14D1ACBD44B5029F9DAA2_analysis-12.csv;user-I051069;3;2087105186;true;0.4261104151950815;0.0;Infinity;0;B
user-I051069_session-687ECC64E4980354EB0247A82F3E2C895961472A05E14D1ACBD44B5029F9DAA2_analysis-12.csv;user-I051069;3;557129027;true;0.39454513959583604;0.0;Infinity;0;B
user-I051069_session-687ECC64E4980354EB0247A82F3E2C895961472A05E14D1ACBD44B5029F9DAA2_analysis-12.csv;user-I051069;3;-1949679772;true;0.3945445636204147;0.0;Infinity;0;B
user-I051069_session-687ECC64E4980354EB0247A82F3E2C895961472A05E14D1ACBD44B5029F9DAA2_analysis-12.csv;user-I051069;3;418534986;true;0.3945655868726444;0.0;Infinity;0;B
user-I051069_session-687ECC64E4980354EB0247A82F3E2C895961472A05E14D1ACBD44B5029F9DAA2_analysis-12.csv;user-I051069;3;-539713948;true;0.3945583870941526;0.0;Infinity;0;B
user-I051069_session-687ECC64E4980354EB0247A82F3E2C895961472A05E14D1ACBD44B5029F9DAA2_analysis-12.csv;user-I051069;3;552132962;true;0.3945474434998266;0.0;Infinity;0;B
user-I051069_session-687ECC64E4980354EB0247A82F3E2C895961472A05E14D1ACBD44B5029F9DAA2_analysis-12.csv;user-I051069;3;-1138790450;true;0.39464046670350816;0.0;Infinity;0;B
user-I051069_session-687ECC64E4980354EB0247A82F3E2C895961472A05E14D1ACBD44B5029F9DAA2_analysis-12.csv;user-I051069;3;1131354335;true;0.3962913981974232;0.0;Infinity;0;B
user-I051069_session-687ECC64E4980354EB0247A82F3E2C895961472A05E14D1ACBD44B5029F9DAA2_analysis-12.csv;user-I051069;3;-1411079345;true;0.4033348754122853;0.0;Infinity;0;B
user-I051069_session-687ECC64E4980354EB0247A82F3E2C895961472A05E14D1ACBD44B5029F9DAA2_analysis-12.csv;user-I051069;3;939831398;true;0.3945445636204147;0.0;Infinity;0;B
user-I051069_session-687ECC64E4980354EB0247A82F3E2C895961472A05E14D1ACBD44B5029F9DAA2_analysis-12.csv;user-I051069;3;1637202054;true;0.3967043509817366;0.0;Infinity;0;B
user-I051069_session-687ECC64E4980354EB0247A82F3E2C895961472A05E14D1ACBD44B5029F9DAA2_analysis-12.csv;user-I051069;3;1015240973;true;0.3945457155714879;0.0;Infinity;0;B
user-I051069_session-687ECC64E4980354EB0247A82F3E2C895961472A05E14D1ACBD44B5029F9DAA2_analysis-12.csv;user-I051069;3;-1570667671;true;0.39670031317219745;0.0;Infinity;0;B
user-I051069_session-687ECC64E4980354EB0247A82F3E2C895961472A05E14D1ACBD44B5029F9DAA2_analysis-12.csv;user-I051069;3;-140247047;true;0.13214955913443616;0.0;Infinity;0;B
user-I051069_session-687ECC64E4980354EB0247A82F3E2C895961472A05E14D1ACBD44B5029F9DAA2_analysis-12.csv;user-I051069;3;-357845968;true;0.39478188499903555;0.0;Infinity;0;B
user-I051069_session-687ECC64E4980354EB0247A82F3E2C895961472A05E14D1ACBD44B5029F9DAA2_analysis-12.csv;user-I051069;3;1273503284;true;0.39456760281707615;0.0;Infinity;0;B
user-I051069_session-687ECC64E4980354EB0247A82F3E2C895961472A05E14D1ACBD44B5029F9DAA2_analysis-12.csv;user-I051069;3;-1687148774;true;0.3945445636204147;0.0;Infinity;0;B
user-I051069_session-687ECC64E4980354EB0247A82F3E2C895961472A05E14D1ACBD44B5029F9DAA2_analysis-12.csv;user-I051069;3;-303642075;true;0.3945462915473702;0.0;Infinity;0;B
user-I051069_session-687ECC64E4980354EB0247A82F3E2C895961472A05E14D1ACBD44B5029F9DAA2_analysis-12.csv;user-I051069;3;349965596;true;0.3945445636204147;0.0;Infinity;0;B
user-I051069_session-687ECC64E4980354EB0247A82F3E2C895961472A05E14D1ACBD44B5029F9DAA2_analysis-12.csv;user-I051069;3;1090257006;true;0.39454657953539796;0.0;Infinity;0;B
user-I051069_session-687ECC64E4980354EB0247A82F3E2C895961472A05E14D1ACBD44B5029F9DAA2_analysis-12.csv;user-I051069;3;-701725225;true;0.39468568448657537;0.0;Infinity;0;B
user-I051069_session-687ECC64E4980354EB0247A82F3E2C895961472A05E14D1ACBD44B5029F9DAA2_analysis-12.csv;user-I051069;3;19695940;true;0.3945457155714879;0.0;Infinity;0;B
user-I051069_session-687ECC64E4980354EB0247A82F3E2C895961472A05E14D1ACBD44B5029F9DAA2_analysis-12.csv;user-I051069;3;159777639;true;0.1366345222169556;0.0;Infinity;0;B
user-I051069_session-687ECC64E4980354EB0247A82F3E2C895961472A05E14D1ACBD44B5029F9DAA2_analysis-12.csv;user-I051069;3;924049736;true;0.3945445636204147;0.0;Infinity;0;B
user-I051069_session-687ECC64E4980354EB0247A82F3E2C895961472A05E14D1ACBD44B5029F9DAA2_analysis-12.csv;user-I051069;3;1217114802;true;0.39464421079725864;0.0;Infinity;0;B
user-I051069_session-687ECC64E4980354EB0247A82F3E2C895961472A05E14D1ACBD44B5029F9DAA2_analysis-12.csv;user-I051069;3;-429159896;true;0.3945920823676108;0.0;Infinity;0;B
user-I051069_session-687ECC64E4980354EB0247A82F3E2C895961472A05E14D1ACBD44B5029F9DAA2_analysis-12.csv;user-I051069;3;461458433;true;0.3945825784926741;0.0;Infinity;0;B
user-I051069_session-687ECC64E4980354EB0247A82F3E2C895961472A05E14D1ACBD44B5029F9DAA2_analysis-12.csv;user-I051069;3;147144592;true;0.39454657953539796;0.0;Infinity;0;B
user-I051069_session-687ECC64E4980354EB0247A82F3E2C895961472A05E14D1ACBD44B5029F9DAA2_analysis-12.csv;user-I051069;3;468044638;true;0.3945445636204147;0.0;Infinity;0;B
user-I051069_session-687ECC64E4980354EB0247A82F3E2C895961472A05E14D1ACBD44B5029F9DAA2_analysis-12.csv;user-I051069;3;1714749062;true;0.39454773148808475;0.0;Infinity;0;B
user-I051069_session-687ECC64E4980354EB0247A82F3E2C895961472A05E14D1ACBD44B5029F9DAA2_analysis-12.csv;user-I051069;3;1617542960;true;0.41260855809013564;0.0;Infinity;0;B
user-I051069_session-687ECC64E4980354EB0247A82F3E2C895961472A05E14D1ACBD44B5029F9DAA2_analysis-12.csv;user-I051069;3;-1581148628;true;0.4055167275789049;0.0;Infinity;0;B
user-I051069_session-687ECC64E4980354EB0247A82F3E2C895961472A05E14D1ACBD44B5029F9DAA2_analysis-12.csv;user-I051069;3;966858574;true;0.3977297349481439;0.0;Infinity;0;B
user-I051069_session-687ECC64E4980354EB0247A82F3E2C895961472A05E14D1ACBD44B5029F9DAA2_analysis-12.csv;user-I051069;3;-97251660;true;0.4449618415684098;0.0;Infinity;0;B
user-I051069_session-687ECC64E4980354EB0247A82F3E2C895961472A05E14D1ACBD44B5029F9DAA2_analysis-12.csv;user-I051069;3;-276015539;true;0.39470670979891276;0.0;Infinity;0;B
user-I051069_session-687ECC64E4980354EB0247A82F3E2C895961472A05E14D1ACBD44B5029F9DAA2_analysis-12.csv;user-I051069;3;146077636;true;0.39457278668715146;0.0;Infinity;0;B
user-I051069_session-687ECC64E4980354EB0247A82F3E2C895961472A05E14D1ACBD44B5029F9DAA2_analysis-12.csv;user-I051069;3;-1732303286;true;0.3945445636204147;0.0;Infinity;0;B
user-I051069_session-687ECC64E4980354EB0247A82F3E2C895961472A05E14D1ACBD44B5029F9DAA2_analysis-12.csv;user-I051069;3;-1330925318;true;0.39458632243591696;0.0;Infinity;0;B
user-I051069_session-687ECC64E4980354EB0247A82F3E2C895961472A05E14D1ACBD44B5029F9DAA2_analysis-12.csv;user-I051069;3;1480528148;true;0.00693460579845917;0.0;Infinity;0;B
user-I051069_session-687ECC64E4980354EB0247A82F3E2C895961472A05E14D1ACBD44B5029F9DAA2_analysis-12.csv;user-I051069;3;1452017295;true;0.39459064238252683;0.0;Infinity;0;B
user-I051069_session-687ECC64E4980354EB0247A82F3E2C895961472A05E14D1ACBD44B5029F9DAA2_analysis-12.csv;user-I051069;3;-2137739886;true;0.3945445636204147;0.0;Infinity;0;B
user-I051069_session-687ECC64E4980354EB0247A82F3E2C895961472A05E14D1ACBD44B5029F9DAA2_analysis-12.csv;user-I051069;3;397348709;true;0.39460417829917505;0.0;Infinity;0;B
user-I051069_session-687ECC64E4980354EB0247A82F3E2C895961472A05E14D1ACBD44B5029F9DAA2_analysis-12.csv;user-I051069;3;356627916;true;0.39579670021102364;0.0;Infinity;0;B
user-I051069_session-687ECC64E4980354EB0247A82F3E2C895961472A05E14D1ACBD44B5029F9DAA2_analysis-12.csv;user-I051069;3;1013178161;true;0.39661754051823506;0.0;Infinity;0;B
user-I051069_session-687ECC64E4980354EB0247A82F3E2C895961472A05E14D1ACBD44B5029F9DAA2_analysis-12.csv;user-I051069;3;-1827853386;true;0.23848631405892906;0.0;Infinity;0;B
user-I051069_session-687ECC64E4980354EB0247A82F3E2C895961472A05E14D1ACBD44B5029F9DAA2_analysis-12.csv;user-I051069;3;-2055033590;true;0.3945445636204147;0.0;Infinity;0;B
user-I051069_session-687ECC64E4980354EB0247A82F3E2C895961472A05E14D1ACBD44B5029F9DAA2_analysis-12.csv;user-I051069;3;-16353456;true;0.39463873866352106;0.0;Infinity;0;B
user-I051069_session-687ECC64E4980354EB0247A82F3E2C895961472A05E14D1ACBD44B5029F9DAA2_analysis-12.csv;user-I051069;3;1420690107;true;1.1279395983887497E-7;0.0;Infinity;0;B
user-I051069_session-687ECC64E4980354EB0247A82F3E2C895961472A05E14D1ACBD44B5029F9DAA2_analysis-12.csv;user-I051069;3;1129557173;true;0.39457710659314205;0.0;Infinity;0;B
user-I051069_session-687ECC64E4980354EB0247A82F3E2C895961472A05E14D1ACBD44B5029F9DAA2_analysis-12.csv;user-I051069;3;-1265428429;true;0.4054236188057201;0.0;Infinity;0;B
user-I051069_session-687ECC64E4980354EB0247A82F3E2C895961472A05E14D1ACBD44B5029F9DAA2_analysis-12.csv;user-I051069;3;-1330087290;true;0.3945445636204147;0.0;Infinity;0;B
user-I051069_session-687ECC64E4980354EB0247A82F3E2C895961472A05E14D1ACBD44B5029F9DAA2_analysis-12.csv;user-I051069;3;45302870;true;0.44594812362391023;0.0;Infinity;0;B
user-I051069_session-687ECC64E4980354EB0247A82F3E2C895961472A05E14D1ACBD44B5029F9DAA2_analysis-12.csv;user-I051069;3;-1077327190;true;0.3945445636204147;0.0;Infinity;0;B
user-I051069_session-687ECC64E4980354EB0247A82F3E2C895961472A05E14D1ACBD44B5029F9DAA2_analysis-12.csv;user-I051069;3;-1135976012;true;0.39457134672136884;0.0;Infinity;0;B
user-I051069_session-687ECC64E4980354EB0247A82F3E2C895961472A05E14D1ACBD44B5029F9DAA2_analysis-12.csv;user-I051069;3;-1481021130;true;0.3945445636204147;0.0;Infinity;0;B
user-I051069_session-687ECC64E4980354EB0247A82F3E2C895961472A05E14D1ACBD44B5029F9DAA2_analysis-12.csv;user-I051069;3;-721384319;true;0.3949619181592977;0.0;Infinity;0;B
user-I051069_session-687ECC64E4980354EB0247A82F3E2C895961472A05E14D1ACBD44B5029F9DAA2_analysis-12.csv;user-I051069;3;166425652;true;0.3945445636204147;0.0;Infinity;0;B
user-I051069_session-687ECC64E4980354EB0247A82F3E2C895961472A05E14D1ACBD44B5029F9DAA2_analysis-12.csv;user-I051069;3;-181574378;true;0.3945445636204147;0.0;Infinity;0;B
user-I051069_session-687ECC64E4980354EB0247A82F3E2C895961472A05E14D1ACBD44B5029F9DAA2_analysis-12.csv;user-I051069;3;-1418807398;true;0.39465400308846055;0.0;Infinity;0;B
user-I051069_session-687ECC64E4980354EB0247A82F3E2C895961472A05E14D1ACBD44B5029F9DAA2_analysis-12.csv;user-I051069;3;139570719;true;0.3946021623035242;0.0;Infinity;0;B
user-I051069_session-687ECC64E4980354EB0247A82F3E2C895961472A05E14D1ACBD44B5029F9DAA2_analysis-12.csv;user-I051069;3;700852090;true;0.39466753960060363;0.0;Infinity;0;B
user-I051069_session-687ECC64E4980354EB0247A82F3E2C895961472A05E14D1ACBD44B5029F9DAA2_analysis-12.csv;user-I051069;3;-249203595;true;0.3945462915473702;0.0;Infinity;0;B
user-I051069_session-687ECC64E4980354EB0247A82F3E2C895961472A05E14D1ACBD44B5029F9DAA2_analysis-12.csv;user-I051069;3;-418237437;true;0.3945445636204147;0.0;Infinity;0;B
user-I051069_session-687ECC64E4980354EB0247A82F3E2C895961472A05E14D1ACBD44B5029F9DAA2_analysis-12.csv;user-I051069;3;114443508;true;0.39454513959583604;0.0;Infinity;0;B
user-I051069_session-687ECC64E4980354EB0247A82F3E2C895961472A05E14D1ACBD44B5029F9DAA2_analysis-12.csv;user-I051069;3;-156573190;true;0.39466609954007503;0.0;Infinity;0;B
user-I051069_session-687ECC64E4980354EB0247A82F3E2C895961472A05E14D1ACBD44B5029F9DAA2_analysis-12.csv;user-I051069;3;-182525624;true;0.39527998351126725;0.0;Infinity;0;B
user-I051069_session-687ECC64E4980354EB0247A82F3E2C895961472A05E14D1ACBD44B5029F9DAA2_analysis-12.csv;user-I051069;3;-1624285326;true;0.42401846252807796;0.0;Infinity;0;B
user-I051069_session-687ECC64E4980354EB0247A82F3E2C895961472A05E14D1ACBD44B5029F9DAA2_analysis-12.csv;user-I051069;3;-238586236;true;0.4038659329915406;0.0;Infinity;0;B
user-I051069_session-687ECC64E4980354EB0247A82F3E2C895961472A05E14D1ACBD44B5029F9DAA2_analysis-12.csv;user-I051069;3;-1028898043;true;0.39456270695692564;0.0;Infinity;0;B
user-I051069_session-687ECC64E4980354EB0247A82F3E2C895961472A05E14D1ACBD44B5029F9DAA2_analysis-12.csv;user-I051069;3;360217085;true;0.39600049780583046;0.0;Infinity;0;B
user-I051069_session-687ECC64E4980354EB0247A82F3E2C895961472A05E14D1ACBD44B5029F9DAA2_analysis-12.csv;user-I051069;3;818482210;true;0.3945785465646865;0.0;Infinity;0;B
user-I051069_session-687ECC64E4980354EB0247A82F3E2C895961472A05E14D1ACBD44B5029F9DAA2_analysis-12.csv;user-I051069;3;-802772533;true;0.44863430766704215;0.0;Infinity;0;B
user-I051069_session-687ECC64E4980354EB0247A82F3E2C895961472A05E14D1ACBD44B5029F9DAA2_analysis-12.csv;user-I051069;3;-1391420251;true;0.4004723493608052;0.0;Infinity;0;B
user-I051069_session-687ECC64E4980354EB0247A82F3E2C895961472A05E14D1ACBD44B5029F9DAA2_analysis-12.csv;user-I051069;3;2097657584;true;0.42068780573552433;0.0;Infinity;0;B
user-I051069_session-687ECC64E4980354EB0247A82F3E2C895961472A05E14D1ACBD44B5029F9DAA2_analysis-12.csv;user-I051069;3;-1702393724;true;0.3955249183402675;0.0;Infinity;0;B
user-I051069_session-687ECC64E4980354EB0247A82F3E2C895961472A05E14D1ACBD44B5029F9DAA2_analysis-12.csv;user-I051069;3;1422097869;true;0.3945445636204147;0.0;Infinity;0;B
user-I051069_session-687ECC64E4980354EB0247A82F3E2C895961472A05E14D1ACBD44B5029F9DAA2_analysis-12.csv;user-I051069;3;-1226269127;true;0.3956010006210572;0.0;Infinity;0;B
user-I051069_session-687ECC64E4980354EB0247A82F3E2C895961472A05E14D1ACBD44B5029F9DAA2_analysis-12.csv;user-I051069;3;-1691993279;true;0.3960924610528809;0.0;Infinity;0;B
user-I051069_session-687ECC64E4980354EB0247A82F3E2C895961472A05E14D1ACBD44B5029F9DAA2_analysis-12.csv;user-I051069;3;2067446092;true;0.44110904640853654;0.0;Infinity;0;B
user-I051069_session-687ECC64E4980354EB0247A82F3E2C895961472A05E14D1ACBD44B5029F9DAA2_analysis-12.csv;user-I051069;3;2143600375;true;0.394557811113429;0.0;Infinity;0;B
user-I051069_session-687ECC64E4980354EB0247A82F3E2C895961472A05E14D1ACBD44B5029F9DAA2_analysis-12.csv;user-I051069;3;1032837255;true;0.39572406636700985;0.0;Infinity;0;B
user-I051069_session-687ECC64E4980354EB0247A82F3E2C895961472A05E14D1ACBD44B5029F9DAA2_analysis-12.csv;user-I051069;3;-218927142;true;0.41775274533326945;0.0;Infinity;0;B
user-I051069_session-687ECC64E4980354EB0247A82F3E2C895961472A05E14D1ACBD44B5029F9DAA2_analysis-12.csv;user-I051069;3;1031346832;true;0.39455723513293617;0.0;Infinity;0;B
user-I051069_session-687ECC64E4980354EB0247A82F3E2C895961472A05E14D1ACBD44B5029F9DAA2_analysis-12.csv;user-I051069;3;-1571676223;true;0.3948887499755196;0.0;Infinity;0;B
user-I051069_session-687ECC64E4980354EB0247A82F3E2C895961472A05E14D1ACBD44B5029F9DAA2_analysis-12.csv;user-I051069;3;-649368528;true;0.3945445636204147;0.0;Infinity;0;B
user-I051069_session-687ECC64E4980354EB0247A82F3E2C895961472A05E14D1ACBD44B5029F9DAA2_analysis-12.csv;user-I051069;3;1018526035;true;0.39455579518271255;0.0;Infinity;0;B
user-I051069_session-687ECC64E4980354EB0247A82F3E2C895961472A05E14D1ACBD44B5029F9DAA2_analysis-12.csv;user-I051069;3;481117527;true;0.39455723513293617;0.0;Infinity;0;B
user-I051069_session-687ECC64E4980354EB0247A82F3E2C895961472A05E14D1ACBD44B5029F9DAA2_analysis-12.csv;user-I051069;3;1953149582;true;0.3946499709604926;0.0;Infinity;0;B
user-I051069_session-687ECC64E4980354EB0247A82F3E2C895961472A05E14D1ACBD44B5029F9DAA2_analysis-12.csv;user-I051069;3;-1112652546;true;0.39454773148808475;0.0;Infinity;0;B
user-I051069_session-687ECC64E4980354EB0247A82F3E2C895961472A05E14D1ACBD44B5029F9DAA2_analysis-12.csv;user-I051069;3;195747638;true;0.3947792926855216;0.0;Infinity;0;B
user-I051069_session-687ECC64E4980354EB0247A82F3E2C895961472A05E14D1ACBD44B5029F9DAA2_analysis-12.csv;user-I051069;3;-246493505;true;0.3945460035594003;0.0;Infinity;0;B
user-I051069_session-687ECC64E4980354EB0247A82F3E2C895961472A05E14D1ACBD44B5029F9DAA2_analysis-12.csv;user-I051069;3;-677320159;true;0.3945445636204147;0.0;Infinity;0;B
user-I051069_session-687ECC64E4980354EB0247A82F3E2C895961472A05E14D1ACBD44B5029F9DAA2_analysis-12.csv;user-I051069;3;1779548344;true;0.39530620397032556;0.0;Infinity;0;B
user-I051069_session-687ECC64E4980354EB0247A82F3E2C895961472A05E14D1ACBD44B5029F9DAA2_analysis-12.csv;user-I051069;3;-13924008;true;0.3945445636204147;0.0;Infinity;0;B
user-I051069_session-687ECC64E4980354EB0247A82F3E2C895961472A05E14D1ACBD44B5029F9DAA2_analysis-12.csv;user-I051069;3;807454077;true;0.2904980661727872;0.0;Infinity;0;B
user-I051069_session-687ECC64E4980354EB0247A82F3E2C895961472A05E14D1ACBD44B5029F9DAA2_analysis-12.csv;user-I051069;3;-161915284;true;0.3945460035594003;0.0;Infinity;0;B
user-I051069_session-687ECC64E4980354EB0247A82F3E2C895961472A05E14D1ACBD44B5029F9DAA2_analysis-12.csv;user-I051069;3;1271387993;true;0.3948466943506018;0.0;Infinity;0;B
user-I051069_session-687ECC64E4980354EB0247A82F3E2C895961472A05E14D1ACBD44B5029F9DAA2_analysis-12.csv;user-I051069;3;1293162378;true;0.3945497474075057;0.0;Infinity;0;B
user-I051069_session-687ECC64E4980354EB0247A82F3E2C895961472A05E14D1ACBD44B5029F9DAA2_analysis-12.csv;user-I051069;3;786223911;true;0.39528805129433187;0.0;Infinity;0;B
user-I051069_session-687ECC64E4980354EB0247A82F3E2C895961472A05E14D1ACBD44B5029F9DAA2_analysis-12.csv;user-I051069;3;-181126383;true;0.3945445636204147;0.0;Infinity;0;B
user-I051069_session-687ECC64E4980354EB0247A82F3E2C895961472A05E14D1ACBD44B5029F9DAA2_analysis-12.csv;user-I051069;3;1066405291;true;0.39457192270750907;0.0;Infinity;0;B
user-I051069_session-687ECC64E4980354EB0247A82F3E2C895961472A05E14D1ACBD44B5029F9DAA2_analysis-12.csv;user-I051069;3;379876179;true;0.39471938273805063;0.0;Infinity;0;B
user-I051069_session-687ECC64E4980354EB0247A82F3E2C895961472A05E14D1ACBD44B5029F9DAA2_analysis-12.csv;user-I051069;3;522597342;true;0.3945445636204147;0.0;Infinity;0;B
user-I051069_session-687ECC64E4980354EB0247A82F3E2C895961472A05E14D1ACBD44B5029F9DAA2_analysis-12.csv;user-I051069;3;1770973716;true;0.39454773148808475;0.0;Infinity;0;B
user-I051069_session-687ECC64E4980354EB0247A82F3E2C895961472A05E14D1ACBD44B5029F9DAA2_analysis-12.csv;user-I051069;3;-316676822;true;0.3945480194764005;0.0;Infinity;0;B
user-I051069_session-687ECC64E4980354EB0247A82F3E2C895961472A05E14D1ACBD44B5029F9DAA2_analysis-12.csv;user-I051069;3;2059788172;true;0.3973216890111436;0.0;Infinity;0;B
user-I051069_session-687ECC64E4980354EB0247A82F3E2C895961472A05E14D1ACBD44B5029F9DAA2_analysis-12.csv;user-I051069;3;1577162184;true;0.3945445636204147;0.0;Infinity;0;B
user-I051069_session-687ECC64E4980354EB0247A82F3E2C895961472A05E14D1ACBD44B5029F9DAA2_analysis-12.csv;user-I051069;3;-111130382;true;0.3945445636204147;0.0;Infinity;0;B
user-I051069_session-687ECC64E4980354EB0247A82F3E2C895961472A05E14D1ACBD44B5029F9DAA2_analysis-12.csv;user-I051069;3;-157838470;true;0.3945517633297507;0.0;Infinity;0;B
user-I051069_session-687ECC64E4980354EB0247A82F3E2C895961472A05E14D1ACBD44B5029F9DAA2_analysis-12.csv;user-I051069;3;871040426;true;0.4511083686920543;0.0;Infinity;0;B
user-I051069_session-687ECC64E4980354EB0247A82F3E2C895961472A05E14D1ACBD44B5029F9DAA2_analysis-12.csv;user-I051069;3;1440349201;true;1.0121647964211888E-9;0.0;Infinity;0;B
user-I051069_session-687ECC64E4980354EB0247A82F3E2C895961472A05E14D1ACBD44B5029F9DAA2_analysis-12.csv;user-I051069;3;1309607456;true;0.35027099690142216;0.0;Infinity;0;B
user-I051069_session-687ECC64E4980354EB0247A82F3E2C895961472A05E14D1ACBD44B5029F9DAA2_analysis-12.csv;user-I051069;3;127556627;true;0.3945445636204147;0.0;Infinity;0;B
user-I051069_session-687ECC64E4980354EB0247A82F3E2C895961472A05E14D1ACBD44B5029F9DAA2_analysis-12.csv;user-I051069;3;-783113439;true;0.4518656289158004;0.0;Infinity;0;B
user-I051069_session-687ECC64E4980354EB0247A82F3E2C895961472A05E14D1ACBD44B5029F9DAA2_analysis-12.csv;user-I051069;3;805870322;true;0.4204754192826483;0.0;Infinity;0;B
user-I051069_session-687ECC64E4980354EB0247A82F3E2C895961472A05E14D1ACBD44B5029F9DAA2_analysis-12.csv;user-I051069;3;787794983;true;0.35984933150853526;0.0;Infinity;0;B
user-I051069_session-687ECC64E4980354EB0247A82F3E2C895961472A05E14D1ACBD44B5029F9DAA2_analysis-12.csv;user-I051069;3;-1374933970;true;0.394547155511626;0.0;Infinity;0;B
user-I051069_session-687ECC64E4980354EB0247A82F3E2C895961472A05E14D1ACBD44B5029F9DAA2_analysis-12.csv;user-I051069;3;-1020704562;true;0.3945454275836331;0.0;Infinity;0;B
user-I051069_session-687ECC64E4980354EB0247A82F3E2C895961472A05E14D1ACBD44B5029F9DAA2_analysis-12.csv;user-I051069;3;1933769703;true;0.3945445636204147;0.0;Infinity;0;B
user-I051069_session-687ECC64E4980354EB0247A82F3E2C895961472A05E14D1ACBD44B5029F9DAA2_analysis-12.csv;user-I051069;3;331723644;true;0.3945857464440151;0.0;Infinity;0;B
user-I051069_session-687ECC64E4980354EB0247A82F3E2C895961472A05E14D1ACBD44B5029F9DAA2_analysis-12.csv;user-I051069;3;-963622905;true;0.41140711956896614;0.0;Infinity;0;B
user-I051069_session-687ECC64E4980354EB0247A82F3E2C895961472A05E14D1ACBD44B5029F9DAA2_analysis-12.csv;user-I051069;3;-9717223;true;0.3946724358171665;0.0;Infinity;0;B
user-I051069_session-687ECC64E4980354EB0247A82F3E2C895961472A05E14D1ACBD44B5029F9DAA2_analysis-12.csv;user-I051069;3;-1941986064;true;0.43247590148117776;0.0;Infinity;0;B
user-I051069_session-687ECC64E4980354EB0247A82F3E2C895961472A05E14D1ACBD44B5029F9DAA2_analysis-12.csv;user-I051069;3;-1462920634;true;0.39463931467661983;0.0;Infinity;0;B
user-I051069_session-687ECC64E4980354EB0247A82F3E2C895961472A05E14D1ACBD44B5029F9DAA2_analysis-12.csv;user-I051069;3;-264511551;true;0.3945534912653512;0.0;Infinity;0;B
user-I051069_session-687ECC64E4980354EB0247A82F3E2C895961472A05E14D1ACBD44B5029F9DAA2_analysis-12.csv;user-I051069;3;-1078881827;true;0.39532464501665354;0.0;Infinity;0;B
user-I051069_session-687ECC64E4980354EB0247A82F3E2C895961472A05E14D1ACBD44B5029F9DAA2_analysis-12.csv;user-I051069;3;1474477934;true;0.3946312505142;0.0;Infinity;0;B
user-I051069_session-687ECC64E4980354EB0247A82F3E2C895961472A05E14D1ACBD44B5029F9DAA2_analysis-12.csv;user-I051069;3;1751314622;true;0.39458949039549673;0.0;Infinity;0;B
user-I051069_session-687ECC64E4980354EB0247A82F3E2C895961472A05E14D1ACBD44B5029F9DAA2_analysis-12.csv;user-I051069;3;943708830;true;0.3945445636204147;0.0;Infinity;0;B
user-I051069_session-687ECC64E4980354EB0247A82F3E2C895961472A05E14D1ACBD44B5029F9DAA2_analysis-12.csv;user-I051069;3;251934373;true;0.44954908295885154;0.0;Infinity;0;B
user-I051069_session-687ECC64E4980354EB0247A82F3E2C895961472A05E14D1ACBD44B5029F9DAA2_analysis-12.csv;user-I051069;3;-1461362036;true;0.3945448516080965;0.0;Infinity;0;B
user-I051069_session-687ECC64E4980354EB0247A82F3E2C895961472A05E14D1ACBD44B5029F9DAA2_analysis-12.csv;user-I051069;3;126418542;true;0.3945866104319543;0.0;Infinity;0;B
user-I051069_session-687ECC64E4980354EB0247A82F3E2C895961472A05E14D1ACBD44B5029F9DAA2_analysis-12.csv;user-I051069;3;-886000411;true;0.3971096302738707;0.0;Infinity;0;B
