session ;user;query position;cell hashcode;novelty;outlierness;relevance;surprise;query label;session label
user-I051435_session-61125156E07AA4689839C9821FE65B05F7C2143440172F36ADC94A8AB93CE330_analysis-1.csv;user-I051435;1;776326350;true;0.4504949724010233;0.0;Infinity;1;D
user-I051435_session-61125156E07AA4689839C9821FE65B05F7C2143440172F36ADC94A8AB93CE330_analysis-1.csv;user-I051435;1;-500128127;true;0.02237930817788747;0.0;Infinity;1;D
user-I051435_session-61125156E07AA4689839C9821FE65B05F7C2143440172F36ADC94A8AB93CE330_analysis-1.csv;user-I051435;1;-1724226040;true;0.2711502857515279;0.0;Infinity;1;D
user-I051435_session-61125156E07AA4689839C9821FE65B05F7C2143440172F36ADC94A8AB93CE330_analysis-1.csv;user-I051435;1;-526997432;true;0.4485236848492581;0.0;Infinity;1;D
user-I051435_session-61125156E07AA4689839C9821FE65B05F7C2143440172F36ADC94A8AB93CE330_analysis-1.csv;user-I051435;1;-184407351;true;0.21946913020774494;0.0;Infinity;1;D
user-I051435_session-61125156E07AA4689839C9821FE65B05F7C2143440172F36ADC94A8AB93CE330_analysis-1.csv;user-I051435;1;867140987;true;0.011771965257176942;0.0;Infinity;1;D
user-I051435_session-61125156E07AA4689839C9821FE65B05F7C2143440172F36ADC94A8AB93CE330_analysis-1.csv;user-I051435;1;-1237902999;true;0.06715776342842428;0.0;Infinity;1;D
user-I051435_session-61125156E07AA4689839C9821FE65B05F7C2143440172F36ADC94A8AB93CE330_analysis-1.csv;user-I051435;1;-1548681024;true;0.4783215453121318;0.0;Infinity;1;D
user-I051435_session-61125156E07AA4689839C9821FE65B05F7C2143440172F36ADC94A8AB93CE330_analysis-1.csv;user-I051435;1;93937048;true;0.21469907011861022;0.0;Infinity;1;D
user-I051435_session-61125156E07AA4689839C9821FE65B05F7C2143440172F36ADC94A8AB93CE330_analysis-1.csv;user-I051435;1;1863138857;true;0.37459555197910077;0.0;Infinity;1;D
user-I051435_session-61125156E07AA4689839C9821FE65B05F7C2143440172F36ADC94A8AB93CE330_analysis-1.csv;user-I051435;1;-911267460;true;0.3785640916110282;0.0;Infinity;1;D
user-I051435_session-61125156E07AA4689839C9821FE65B05F7C2143440172F36ADC94A8AB93CE330_analysis-1.csv;user-I051435;1;-527004895;true;0.4781877948196801;0.0;Infinity;1;D
user-I051435_session-61125156E07AA4689839C9821FE65B05F7C2143440172F36ADC94A8AB93CE330_analysis-1.csv;user-I051435;1;2085539809;true;0.36686479372821035;0.0;Infinity;1;D
user-I051435_session-61125156E07AA4689839C9821FE65B05F7C2143440172F36ADC94A8AB93CE330_analysis-1.csv;user-I051435;1;-254768359;true;0.43275028912704017;0.0;Infinity;1;D
user-I051435_session-61125156E07AA4689839C9821FE65B05F7C2143440172F36ADC94A8AB93CE330_analysis-1.csv;user-I051435;1;1129545563;true;0.3787758193675582;0.0;Infinity;1;D
user-I051435_session-61125156E07AA4689839C9821FE65B05F7C2143440172F36ADC94A8AB93CE330_analysis-1.csv;user-I051435;1;-1780770799;true;0.48465730972965804;0.0;Infinity;1;D
user-I051435_session-61125156E07AA4689839C9821FE65B05F7C2143440172F36ADC94A8AB93CE330_analysis-1.csv;user-I051435;1;-1558035866;true;0.0914109491506353;0.0;Infinity;1;D
user-I051435_session-61125156E07AA4689839C9821FE65B05F7C2143440172F36ADC94A8AB93CE330_analysis-1.csv;user-I051435;1;-1741574593;true;0.4272538783185321;0.0;Infinity;1;D
user-I051435_session-61125156E07AA4689839C9821FE65B05F7C2143440172F36ADC94A8AB93CE330_analysis-1.csv;user-I051435;1;-2059341236;true;0.4489717675607041;0.0;Infinity;1;D
user-I051435_session-61125156E07AA4689839C9821FE65B05F7C2143440172F36ADC94A8AB93CE330_analysis-1.csv;user-I051435;1;-1237031292;true;0.1817031726916316;0.0;Infinity;1;D
user-I051435_session-61125156E07AA4689839C9821FE65B05F7C2143440172F36ADC94A8AB93CE330_analysis-1.csv;user-I051435;1;-2107847133;true;0.2272209634411233;0.0;Infinity;1;D
user-I051435_session-61125156E07AA4689839C9821FE65B05F7C2143440172F36ADC94A8AB93CE330_analysis-1.csv;user-I051435;1;1953973183;true;0.48464015596918864;0.0;Infinity;1;D
user-I051435_session-61125156E07AA4689839C9821FE65B05F7C2143440172F36ADC94A8AB93CE330_analysis-1.csv;user-I051435;1;-1698946348;true;0.18553318803879648;0.0;Infinity;1;D
user-I051435_session-61125156E07AA4689839C9821FE65B05F7C2143440172F36ADC94A8AB93CE330_analysis-1.csv;user-I051435;1;1311602340;true;0.27242544672640334;0.0;Infinity;1;D
user-I051435_session-61125156E07AA4689839C9821FE65B05F7C2143440172F36ADC94A8AB93CE330_analysis-1.csv;user-I051435;1;2091633759;true;0.3770720839589692;0.0;Infinity;1;D
user-I051435_session-61125156E07AA4689839C9821FE65B05F7C2143440172F36ADC94A8AB93CE330_analysis-1.csv;user-I051435;1;1137653176;true;0.3091257073565613;0.0;Infinity;1;D
user-I051435_session-61125156E07AA4689839C9821FE65B05F7C2143440172F36ADC94A8AB93CE330_analysis-1.csv;user-I051435;1;1446274231;true;0.26788926436315363;0.0;Infinity;1;D
user-I051435_session-61125156E07AA4689839C9821FE65B05F7C2143440172F36ADC94A8AB93CE330_analysis-1.csv;user-I051435;1;-1643097479;true;0.2102858981135084;0.0;Infinity;1;D
user-I051435_session-61125156E07AA4689839C9821FE65B05F7C2143440172F36ADC94A8AB93CE330_analysis-1.csv;user-I051435;1;966614390;true;0.3088484495058884;0.0;Infinity;1;D
user-I051435_session-61125156E07AA4689839C9821FE65B05F7C2143440172F36ADC94A8AB93CE330_analysis-1.csv;user-I051435;1;89019644;true;0.18237655930519425;0.0;Infinity;1;D
user-I051435_session-61125156E07AA4689839C9821FE65B05F7C2143440172F36ADC94A8AB93CE330_analysis-1.csv;user-I051435;1;-517509947;true;7.476057670017244E-4;0.0;Infinity;1;D
user-I051435_session-61125156E07AA4689839C9821FE65B05F7C2143440172F36ADC94A8AB93CE330_analysis-1.csv;user-I051435;1;1491069290;true;0.1826458416454818;0.0;Infinity;1;D
user-I051435_session-61125156E07AA4689839C9821FE65B05F7C2143440172F36ADC94A8AB93CE330_analysis-1.csv;user-I051435;1;814224792;true;0.26099653816512747;0.0;Infinity;1;D
user-I051435_session-61125156E07AA4689839C9821FE65B05F7C2143440172F36ADC94A8AB93CE330_analysis-1.csv;user-I051435;1;1492058127;true;0.3995921265599439;0.0;Infinity;1;D
user-I051435_session-61125156E07AA4689839C9821FE65B05F7C2143440172F36ADC94A8AB93CE330_analysis-1.csv;user-I051435;1;444578249;true;0.4219968718010687;0.0;Infinity;1;D
user-I051435_session-61125156E07AA4689839C9821FE65B05F7C2143440172F36ADC94A8AB93CE330_analysis-1.csv;user-I051435;1;1392287151;true;0.43257849640144164;0.0;Infinity;1;D
user-I051435_session-61125156E07AA4689839C9821FE65B05F7C2143440172F36ADC94A8AB93CE330_analysis-1.csv;user-I051435;1;409152511;true;0.1866413987755835;0.0;Infinity;1;D
user-I051435_session-61125156E07AA4689839C9821FE65B05F7C2143440172F36ADC94A8AB93CE330_analysis-1.csv;user-I051435;1;1292893974;true;0.4082999899681379;0.0;Infinity;1;D
user-I051435_session-61125156E07AA4689839C9821FE65B05F7C2143440172F36ADC94A8AB93CE330_analysis-1.csv;user-I051435;1;-1086758505;true;0.33276603971858965;0.0;Infinity;1;D
user-I051435_session-61125156E07AA4689839C9821FE65B05F7C2143440172F36ADC94A8AB93CE330_analysis-1.csv;user-I051435;1;-2032089535;true;0.20474861469023442;0.0;Infinity;1;D
user-I051435_session-61125156E07AA4689839C9821FE65B05F7C2143440172F36ADC94A8AB93CE330_analysis-1.csv;user-I051435;1;1146927383;true;0.3498095416546594;0.0;Infinity;1;D
user-I051435_session-61125156E07AA4689839C9821FE65B05F7C2143440172F36ADC94A8AB93CE330_analysis-1.csv;user-I051435;1;185164843;true;0.1831915163791702;0.0;Infinity;1;D
user-I051435_session-61125156E07AA4689839C9821FE65B05F7C2143440172F36ADC94A8AB93CE330_analysis-1.csv;user-I051435;1;-240963503;true;0.24995500610313304;0.0;Infinity;1;D
user-I051435_session-61125156E07AA4689839C9821FE65B05F7C2143440172F36ADC94A8AB93CE330_analysis-1.csv;user-I051435;1;-81590891;true;0.42463498036551206;0.0;Infinity;1;D
user-I051435_session-61125156E07AA4689839C9821FE65B05F7C2143440172F36ADC94A8AB93CE330_analysis-1.csv;user-I051435;1;906337193;true;0.4222297280984094;0.0;Infinity;1;D
user-I051435_session-61125156E07AA4689839C9821FE65B05F7C2143440172F36ADC94A8AB93CE330_analysis-1.csv;user-I051435;1;-680441120;true;0.3032742938277231;0.0;Infinity;1;D
user-I051435_session-61125156E07AA4689839C9821FE65B05F7C2143440172F36ADC94A8AB93CE330_analysis-1.csv;user-I051435;1;-1947600709;true;0.22043096525960082;0.0;Infinity;1;D
user-I051435_session-61125156E07AA4689839C9821FE65B05F7C2143440172F36ADC94A8AB93CE330_analysis-1.csv;user-I051435;1;-200768786;true;0.01030766835593555;0.0;Infinity;1;D
user-I051435_session-61125156E07AA4689839C9821FE65B05F7C2143440172F36ADC94A8AB93CE330_analysis-1.csv;user-I051435;1;-1262310984;true;0.26772655161066083;0.0;Infinity;1;D
user-I051435_session-61125156E07AA4689839C9821FE65B05F7C2143440172F36ADC94A8AB93CE330_analysis-1.csv;user-I051435;1;2085532346;true;0.20720159073092015;0.0;Infinity;1;D
user-I051435_session-61125156E07AA4689839C9821FE65B05F7C2143440172F36ADC94A8AB93CE330_analysis-1.csv;user-I051435;1;-1553118462;true;0.15041770958635547;0.0;Infinity;1;D
user-I051435_session-61125156E07AA4689839C9821FE65B05F7C2143440172F36ADC94A8AB93CE330_analysis-1.csv;user-I051435;1;-747835224;true;0.08367152680597112;0.0;Infinity;1;D
user-I051435_session-61125156E07AA4689839C9821FE65B05F7C2143440172F36ADC94A8AB93CE330_analysis-1.csv;user-I051435;1;-1181182423;true;0.21642214864795806;0.0;Infinity;1;D
user-I051435_session-61125156E07AA4689839C9821FE65B05F7C2143440172F36ADC94A8AB93CE330_analysis-1.csv;user-I051435;1;1736644326;true;0.002352829040621174;0.0;Infinity;1;D
user-I051435_session-61125156E07AA4689839C9821FE65B05F7C2143440172F36ADC94A8AB93CE330_analysis-1.csv;user-I051435;1;-1833686994;true;0.2283862353374766;0.0;Infinity;1;D
user-I051435_session-61125156E07AA4689839C9821FE65B05F7C2143440172F36ADC94A8AB93CE330_analysis-1.csv;user-I051435;1;-825156092;true;0.2896015499399417;0.0;Infinity;1;D
user-I051435_session-61125156E07AA4689839C9821FE65B05F7C2143440172F36ADC94A8AB93CE330_analysis-1.csv;user-I051435;1;821899418;true;0.47261393289784337;0.0;Infinity;1;D
user-I051435_session-61125156E07AA4689839C9821FE65B05F7C2143440172F36ADC94A8AB93CE330_analysis-1.csv;user-I051435;1;-870729160;true;0.03576939010244917;0.0;Infinity;1;D
user-I051435_session-61125156E07AA4689839C9821FE65B05F7C2143440172F36ADC94A8AB93CE330_analysis-1.csv;user-I051435;1;1623617290;true;0.2064860616471733;0.0;Infinity;1;D
user-I051435_session-61125156E07AA4689839C9821FE65B05F7C2143440172F36ADC94A8AB93CE330_analysis-1.csv;user-I051435;1;589805144;true;0.259758125246232;0.0;Infinity;1;D
user-I051435_session-61125156E07AA4689839C9821FE65B05F7C2143440172F36ADC94A8AB93CE330_analysis-1.csv;user-I051435;2;-1723884740;true;NaN;11.256880965694364;Infinity;1;D
user-I051435_session-61125156E07AA4689839C9821FE65B05F7C2143440172F36ADC94A8AB93CE330_analysis-1.csv;user-I051435;3;802856382;true;0.32553481894224356;1.0;18.295686665106217;1;D
user-I051435_session-61125156E07AA4689839C9821FE65B05F7C2143440172F36ADC94A8AB93CE330_analysis-1.csv;user-I051435;3;-1238681375;true;0.1566039813680542;1.0;18.988833845666164;1;D
user-I051435_session-61125156E07AA4689839C9821FE65B05F7C2143440172F36ADC94A8AB93CE330_analysis-1.csv;user-I051435;3;1855846717;true;0.07461635065851713;1.0;18.295686665106217;1;D
user-I051435_session-61125156E07AA4689839C9821FE65B05F7C2143440172F36ADC94A8AB93CE330_analysis-1.csv;user-I051435;3;323866424;true;0.14746345215457923;1.0;18.988833845666164;1;D
user-I051435_session-61125156E07AA4689839C9821FE65B05F7C2143440172F36ADC94A8AB93CE330_analysis-1.csv;user-I051435;3;-801358161;true;0.20821745155126026;1.0;18.988833845666164;1;D
user-I051435_session-61125156E07AA4689839C9821FE65B05F7C2143440172F36ADC94A8AB93CE330_analysis-1.csv;user-I051435;3;1174780999;true;0.19305190373008374;1.0;18.295686665106217;1;D
user-I051435_session-61125156E07AA4689839C9821FE65B05F7C2143440172F36ADC94A8AB93CE330_analysis-1.csv;user-I051435;3;797938978;true;0.2800519515552433;1.0;18.295686665106217;1;D
user-I051435_session-61125156E07AA4689839C9821FE65B05F7C2143440172F36ADC94A8AB93CE330_analysis-1.csv;user-I051435;3;-1071851465;true;0.026643215253953967;1.0;18.295686665106217;1;D
user-I051435_session-61125156E07AA4689839C9821FE65B05F7C2143440172F36ADC94A8AB93CE330_analysis-1.csv;user-I051435;3;1838464897;true;0.009690040396476474;1.0;18.295686665106217;1;D
user-I051435_session-61125156E07AA4689839C9821FE65B05F7C2143440172F36ADC94A8AB93CE330_analysis-1.csv;user-I051435;3;2101206485;true;0.3909573171444297;1.0;18.295686665106217;1;D
user-I051435_session-61125156E07AA4689839C9821FE65B05F7C2143440172F36ADC94A8AB93CE330_analysis-1.csv;user-I051435;3;-1124767660;true;0.23605186250399002;1.0;18.295686665106217;1;D
user-I051435_session-61125156E07AA4689839C9821FE65B05F7C2143440172F36ADC94A8AB93CE330_analysis-1.csv;user-I051435;3;1093652438;true;0.2718240563694613;1.0;18.295686665106217;1;D
user-I051435_session-61125156E07AA4689839C9821FE65B05F7C2143440172F36ADC94A8AB93CE330_analysis-1.csv;user-I051435;3;1485245684;true;0.06904880129464941;1.0;18.295686665106217;1;D
user-I051435_session-61125156E07AA4689839C9821FE65B05F7C2143440172F36ADC94A8AB93CE330_analysis-1.csv;user-I051435;3;1675533724;true;0.38669756520891374;1.0;18.295686665106217;1;D
user-I051435_session-61125156E07AA4689839C9821FE65B05F7C2143440172F36ADC94A8AB93CE330_analysis-1.csv;user-I051435;3;524511983;true;0.1560441439418403;1.0;18.988833845666164;1;D
user-I051435_session-61125156E07AA4689839C9821FE65B05F7C2143440172F36ADC94A8AB93CE330_analysis-1.csv;user-I051435;3;14969309;true;0.4737393832818696;1.0;18.295686665106217;1;D
user-I051435_session-61125156E07AA4689839C9821FE65B05F7C2143440172F36ADC94A8AB93CE330_analysis-1.csv;user-I051435;3;-1349187308;true;0.17945599759134656;1.0;18.988833845666164;1;D
user-I051435_session-61125156E07AA4689839C9821FE65B05F7C2143440172F36ADC94A8AB93CE330_analysis-1.csv;user-I051435;3;1828958527;true;0.2169099526106929;1.0;17.890221556998053;1;D
user-I051435_session-61125156E07AA4689839C9821FE65B05F7C2143440172F36ADC94A8AB93CE330_analysis-1.csv;user-I051435;3;-1494414203;true;0.4640593262228575;1.0;18.295686665106217;1;D
user-I051435_session-61125156E07AA4689839C9821FE65B05F7C2143440172F36ADC94A8AB93CE330_analysis-1.csv;user-I051435;3;1118071845;true;0.23792897234902133;1.0;18.295686665106217;1;D
user-I051435_session-61125156E07AA4689839C9821FE65B05F7C2143440172F36ADC94A8AB93CE330_analysis-1.csv;user-I051435;3;-2139761238;true;0.11305476537810044;1.0;18.988833845666164;1;D
user-I051435_session-61125156E07AA4689839C9821FE65B05F7C2143440172F36ADC94A8AB93CE330_analysis-1.csv;user-I051435;3;-2094978672;true;0.13451519028641545;1.0;18.988833845666164;1;D
user-I051435_session-61125156E07AA4689839C9821FE65B05F7C2143440172F36ADC94A8AB93CE330_analysis-1.csv;user-I051435;3;-1398927799;true;0.16055393145019947;1.0;18.988833845666164;1;D
user-I051435_session-61125156E07AA4689839C9821FE65B05F7C2143440172F36ADC94A8AB93CE330_analysis-1.csv;user-I051435;3;-2020583343;true;0.2772821788454478;1.0;18.988833845666164;1;D
user-I051435_session-61125156E07AA4689839C9821FE65B05F7C2143440172F36ADC94A8AB93CE330_analysis-1.csv;user-I051435;3;1118932130;true;0.15379018324404714;1.0;18.295686665106217;1;D
user-I051435_session-61125156E07AA4689839C9821FE65B05F7C2143440172F36ADC94A8AB93CE330_analysis-1.csv;user-I051435;3;-2139773731;true;0.49641447441183173;1.0;18.988833845666164;1;D
user-I051435_session-61125156E07AA4689839C9821FE65B05F7C2143440172F36ADC94A8AB93CE330_analysis-1.csv;user-I051435;3;1530818752;true;0.26569377267308625;1.0;18.295686665106217;1;D
user-I051435_session-61125156E07AA4689839C9821FE65B05F7C2143440172F36ADC94A8AB93CE330_analysis-1.csv;user-I051435;3;-1032655259;true;0.49857844672850826;1.0;18.295686665106217;1;D
user-I051435_session-61125156E07AA4689839C9821FE65B05F7C2143440172F36ADC94A8AB93CE330_analysis-1.csv;user-I051435;3;2115011341;true;0.17376221251593948;1.0;18.988833845666164;1;D
user-I051435_session-61125156E07AA4689839C9821FE65B05F7C2143440172F36ADC94A8AB93CE330_analysis-1.csv;user-I051435;3;-202348126;true;0.01845745893038664;1.0;18.295686665106217;1;D
user-I051435_session-61125156E07AA4689839C9821FE65B05F7C2143440172F36ADC94A8AB93CE330_analysis-1.csv;user-I051435;3;2020521674;true;0.18681767310924424;1.0;18.988833845666164;1;D
user-I051435_session-61125156E07AA4689839C9821FE65B05F7C2143440172F36ADC94A8AB93CE330_analysis-1.csv;user-I051435;3;146528472;true;0.33981674159380515;1.0;17.890221556998053;1;D
user-I051435_session-61125156E07AA4689839C9821FE65B05F7C2143440172F36ADC94A8AB93CE330_analysis-1.csv;user-I051435;3;1608139620;true;0.2950558787449098;1.0;18.988833845666164;1;D
user-I051435_session-61125156E07AA4689839C9821FE65B05F7C2143440172F36ADC94A8AB93CE330_analysis-1.csv;user-I051435;3;-1291923975;true;0.13483609251483974;1.0;18.988833845666164;1;D
user-I051435_session-61125156E07AA4689839C9821FE65B05F7C2143440172F36ADC94A8AB93CE330_analysis-1.csv;user-I051435;3;-75872480;true;0.24693343296614956;1.0;18.988833845666164;1;D
user-I051435_session-61125156E07AA4689839C9821FE65B05F7C2143440172F36ADC94A8AB93CE330_analysis-1.csv;user-I051435;3;-646098478;true;0.2672854198733411;1.0;18.988833845666164;1;D
user-I051435_session-61125156E07AA4689839C9821FE65B05F7C2143440172F36ADC94A8AB93CE330_analysis-1.csv;user-I051435;3;1269197454;true;0.26550365988058755;1.0;18.295686665106217;1;D
user-I051435_session-61125156E07AA4689839C9821FE65B05F7C2143440172F36ADC94A8AB93CE330_analysis-1.csv;user-I051435;4;-1301761052;true;0.4386460669144113;1.0;Infinity;1;D
user-I051435_session-61125156E07AA4689839C9821FE65B05F7C2143440172F36ADC94A8AB93CE330_analysis-1.csv;user-I051435;4;793000790;true;0.29232356364235423;1.0;Infinity;1;D
user-I051435_session-61125156E07AA4689839C9821FE65B05F7C2143440172F36ADC94A8AB93CE330_analysis-1.csv;user-I051435;4;651910696;true;0.4359409861715702;1.0;Infinity;1;D
user-I051435_session-61125156E07AA4689839C9821FE65B05F7C2143440172F36ADC94A8AB93CE330_analysis-1.csv;user-I051435;4;-1237680615;true;0.4367852247422749;1.0;Infinity;1;D
user-I051435_session-61125156E07AA4689839C9821FE65B05F7C2143440172F36ADC94A8AB93CE330_analysis-1.csv;user-I051435;4;863346076;true;0.09495381216611842;1.0;Infinity;1;D
user-I051435_session-61125156E07AA4689839C9821FE65B05F7C2143440172F36ADC94A8AB93CE330_analysis-1.csv;user-I051435;4;720038539;true;0.044078330795545906;1.0;Infinity;1;D
user-I051435_session-61125156E07AA4689839C9821FE65B05F7C2143440172F36ADC94A8AB93CE330_analysis-1.csv;user-I051435;5;-1704064148;true;0.3533197452202932;1.0;17.05326825100882;1;D
user-I051435_session-61125156E07AA4689839C9821FE65B05F7C2143440172F36ADC94A8AB93CE330_analysis-1.csv;user-I051435;5;-895093519;true;0.19260604545896776;1.0;20.049000524562814;1;D
user-I051435_session-61125156E07AA4689839C9821FE65B05F7C2143440172F36ADC94A8AB93CE330_analysis-1.csv;user-I051435;5;637242822;true;0.3554310335315485;1.0;18.257241055334756;1;D
user-I051435_session-61125156E07AA4689839C9821FE65B05F7C2143440172F36ADC94A8AB93CE330_analysis-1.csv;user-I051435;5;175327766;true;0.3561134335652901;1.0;18.1030903755075;1;D
user-I051435_session-61125156E07AA4689839C9821FE65B05F7C2143440172F36ADC94A8AB93CE330_analysis-1.csv;user-I051435;5;-1946599949;true;0.2537292563736546;1.0;17.05326825100882;1;D
user-I051435_session-61125156E07AA4689839C9821FE65B05F7C2143440172F36ADC94A8AB93CE330_analysis-1.csv;user-I051435;5;701311837;true;0.10406015609295294;1.0;17.05326825100882;1;D
user-I051435_session-61125156E07AA4689839C9821FE65B05F7C2143440172F36ADC94A8AB93CE330_analysis-1.csv;user-I051435;5;84081456;true;0.21329149767143696;1.0;17.05326825100882;1;D
user-I051435_session-61125156E07AA4689839C9821FE65B05F7C2143440172F36ADC94A8AB93CE330_analysis-1.csv;user-I051435;5;-1492628768;true;0.24279718131533934;1.0;17.05326825100882;1;D
user-I051435_session-61125156E07AA4689839C9821FE65B05F7C2143440172F36ADC94A8AB93CE330_analysis-1.csv;user-I051435;5;637250285;true;0.49380457692620416;1.0;18.257241055334756;1;D
user-I051435_session-61125156E07AA4689839C9821FE65B05F7C2143440172F36ADC94A8AB93CE330_analysis-1.csv;user-I051435;5;154426742;true;0.19671397806577073;1.0;17.05326825100882;1;D
user-I051435_session-61125156E07AA4689839C9821FE65B05F7C2143440172F36ADC94A8AB93CE330_analysis-1.csv;user-I051435;5;11119205;true;0.4731419743801941;1.0;17.05326825100882;1;D
user-I051435_session-61125156E07AA4689839C9821FE65B05F7C2143440172F36ADC94A8AB93CE330_analysis-1.csv;user-I051435;5;-1562974054;true;0.35928349284198247;1.0;17.05326825100882;1;D
user-I051435_session-61125156E07AA4689839C9821FE65B05F7C2143440172F36ADC94A8AB93CE330_analysis-1.csv;user-I051435;5;-57008638;true;0.4019460404513845;1.0;17.05326825100882;1;D
user-I051435_session-61125156E07AA4689839C9821FE65B05F7C2143440172F36ADC94A8AB93CE330_analysis-1.csv;user-I051435;5;-1635936305;true;0.002664756708902427;1.0;17.05326825100882;1;D
user-I051435_session-61125156E07AA4689839C9821FE65B05F7C2143440172F36ADC94A8AB93CE330_analysis-1.csv;user-I051435;6;1826559709;true;0.3596799906242627;1.0;15.982948640431259;1;D
user-I051435_session-61125156E07AA4689839C9821FE65B05F7C2143440172F36ADC94A8AB93CE330_analysis-1.csv;user-I051435;6;1515896065;true;0.24209224845108923;1.0;15.982948640431259;1;D
user-I051435_session-61125156E07AA4689839C9821FE65B05F7C2143440172F36ADC94A8AB93CE330_analysis-1.csv;user-I051435;6;1969867246;true;0.36091208643152617;1.0;15.982948640431259;1;D
user-I051435_session-61125156E07AA4689839C9821FE65B05F7C2143440172F36ADC94A8AB93CE330_analysis-1.csv;user-I051435;6;-657143516;true;0.21977868011449186;1.0;16.611557299853633;1;D
user-I051435_session-61125156E07AA4689839C9821FE65B05F7C2143440172F36ADC94A8AB93CE330_analysis-1.csv;user-I051435;6;1899521960;true;0.015130011870866267;1.0;15.982948640431259;1;D
user-I051435_session-61125156E07AA4689839C9821FE65B05F7C2143440172F36ADC94A8AB93CE330_analysis-1.csv;user-I051435;6;-821352077;true;0.22210856028892267;1.0;15.982948640431259;1;D
user-I051435_session-61125156E07AA4689839C9821FE65B05F7C2143440172F36ADC94A8AB93CE330_analysis-1.csv;user-I051435;6;-195228460;true;0.23021905250819485;1.0;16.745088692478156;1;D
user-I051435_session-61125156E07AA4689839C9821FE65B05F7C2143440172F36ADC94A8AB93CE330_analysis-1.csv;user-I051435;6;-748389826;true;0.2499252887846164;1.0;15.982948640431259;1;D
user-I051435_session-61125156E07AA4689839C9821FE65B05F7C2143440172F36ADC94A8AB93CE330_analysis-1.csv;user-I051435;6;-889479920;true;0.22721043008868946;1.0;15.982948640431259;1;D
user-I051435_session-61125156E07AA4689839C9821FE65B05F7C2143440172F36ADC94A8AB93CE330_analysis-1.csv;user-I051435;6;-678044540;true;0.33959061754761233;1.0;15.982948640431259;1;D
user-I051435_session-61125156E07AA4689839C9821FE65B05F7C2143440172F36ADC94A8AB93CE330_analysis-1.csv;user-I051435;6;-195220997;true;0.31413878053028377;1.0;16.745088692478156;1;D
user-I051435_session-61125156E07AA4689839C9821FE65B05F7C2143440172F36ADC94A8AB93CE330_analysis-1.csv;user-I051435;6;-1727564801;true;0.3163832647321566;1.0;17.997851660973524;1;D
user-I051435_session-61125156E07AA4689839C9821FE65B05F7C2143440172F36ADC94A8AB93CE330_analysis-1.csv;user-I051435;6;-131159445;true;0.06988700849422536;1.0;15.982948640431259;1;D
user-I051435_session-61125156E07AA4689839C9821FE65B05F7C2143440172F36ADC94A8AB93CE330_analysis-1.csv;user-I051435;6;1758431866;true;0.0784658459963995;1.0;15.982948640431259;1;D
user-I051435_session-61125156E07AA4689839C9821FE65B05F7C2143440172F36ADC94A8AB93CE330_analysis-1.csv;user-I051435;7;633485469;true;0.14345834570837646;1.0;Infinity;1;D
user-I051435_session-61125156E07AA4689839C9821FE65B05F7C2143440172F36ADC94A8AB93CE330_analysis-1.csv;user-I051435;7;2139450885;true;0.3008967785413176;1.0;Infinity;1;D
user-I051435_session-61125156E07AA4689839C9821FE65B05F7C2143440172F36ADC94A8AB93CE330_analysis-1.csv;user-I051435;7;249859574;true;0.18040092922757056;1.0;Infinity;1;D
user-I051435_session-61125156E07AA4689839C9821FE65B05F7C2143440172F36ADC94A8AB93CE330_analysis-1.csv;user-I051435;7;492395375;true;0.4599658272828261;1.0;Infinity;1;D
user-I051435_session-61125156E07AA4689839C9821FE65B05F7C2143440172F36ADC94A8AB93CE330_analysis-1.csv;user-I051435;7;1301366004;true;0.1521544599281628;1.0;Infinity;1;D
user-I051435_session-61125156E07AA4689839C9821FE65B05F7C2143440172F36ADC94A8AB93CE330_analysis-1.csv;user-I051435;7;-2014426317;true;0.3886576725325468;1.0;Infinity;1;D
user-I051435_session-61125156E07AA4689839C9821FE65B05F7C2143440172F36ADC94A8AB93CE330_analysis-1.csv;user-I051435;7;560523218;true;0.24860973999192204;1.0;Infinity;1;D
user-I051435_session-61125156E07AA4689839C9821FE65B05F7C2143440172F36ADC94A8AB93CE330_analysis-1.csv;user-I051435;7;-1923180007;true;0.24138383601846725;1.0;Infinity;1;D
user-I051435_session-61125156E07AA4689839C9821FE65B05F7C2143440172F36ADC94A8AB93CE330_analysis-1.csv;user-I051435;7;-2087388568;true;0.24298579953575894;1.0;Infinity;1;D
user-I051435_session-61125156E07AA4689839C9821FE65B05F7C2143440172F36ADC94A8AB93CE330_analysis-1.csv;user-I051435;7;-1461264951;true;0.2864557577175778;1.0;Infinity;1;D
user-I051435_session-61125156E07AA4689839C9821FE65B05F7C2143440172F36ADC94A8AB93CE330_analysis-1.csv;user-I051435;7;-1397195936;true;0.0031618084282318826;1.0;Infinity;1;D
user-I051435_session-61125156E07AA4689839C9821FE65B05F7C2143440172F36ADC94A8AB93CE330_analysis-1.csv;user-I051435;7;-1461257488;true;0.35279288391578645;1.0;Infinity;1;D
user-I051435_session-61125156E07AA4689839C9821FE65B05F7C2143440172F36ADC94A8AB93CE330_analysis-1.csv;user-I051435;7;-1944081031;true;0.37893824728129377;1.0;Infinity;1;D
user-I051435_session-61125156E07AA4689839C9821FE65B05F7C2143440172F36ADC94A8AB93CE330_analysis-1.csv;user-I051435;7;703830755;true;0.3431715796839425;1.0;Infinity;1;D
user-I051435_session-61125156E07AA4689839C9821FE65B05F7C2143440172F36ADC94A8AB93CE330_analysis-1.csv;user-I051435;8;-628786206;true;0.20017189568218352;1.0;18.30701829536809;1;D
user-I051435_session-61125156E07AA4689839C9821FE65B05F7C2143440172F36ADC94A8AB93CE330_analysis-1.csv;user-I051435;8;1392994500;true;0.004917768220843444;1.0;17.567934019621116;1;D
user-I051435_session-61125156E07AA4689839C9821FE65B05F7C2143440172F36ADC94A8AB93CE330_analysis-1.csv;user-I051435;8;1324866657;true;0.41248157914177863;1.0;17.567934019621116;1;D
user-I051435_session-61125156E07AA4689839C9821FE65B05F7C2143440172F36ADC94A8AB93CE330_analysis-1.csv;user-I051435;8;-628793669;true;0.35194592993066154;1.0;18.30701829536809;1;D
user-I051435_session-61125156E07AA4689839C9821FE65B05F7C2143440172F36ADC94A8AB93CE330_analysis-1.csv;user-I051435;8;2133837286;true;0.13066914051256295;1.0;19.117948511584416;1;D
user-I051435_session-61125156E07AA4689839C9821FE65B05F7C2143440172F36ADC94A8AB93CE330_analysis-1.csv;user-I051435;8;1465956751;true;0.2904782763827193;1.0;17.567934019621116;1;D
user-I051435_session-61125156E07AA4689839C9821FE65B05F7C2143440172F36ADC94A8AB93CE330_analysis-1.csv;user-I051435;8;-1323045129;true;0.3090219291177062;1.0;17.567934019621116;1;D
user-I051435_session-61125156E07AA4689839C9821FE65B05F7C2143440172F36ADC94A8AB93CE330_analysis-1.csv;user-I051435;8;-1111609749;true;0.22612991348260392;1.0;17.567934019621116;1;D
user-I051435_session-61125156E07AA4689839C9821FE65B05F7C2143440172F36ADC94A8AB93CE330_analysis-1.csv;user-I051435;8;-1254917286;true;0.3789950824602629;1.0;17.567934019621116;1;D
user-I051435_session-61125156E07AA4689839C9821FE65B05F7C2143440172F36ADC94A8AB93CE330_analysis-1.csv;user-I051435;8;1536302037;true;0.2699994900505134;1.0;17.567934019621116;1;D
user-I051435_session-61125156E07AA4689839C9821FE65B05F7C2143440172F36ADC94A8AB93CE330_analysis-1.csv;user-I051435;8;1082330856;true;0.2516142121374879;1.0;17.567934019621116;1;D
user-I051435_session-61125156E07AA4689839C9821FE65B05F7C2143440172F36ADC94A8AB93CE330_analysis-1.csv;user-I051435;8;-1181955035;true;0.18983778662498474;1.0;17.567934019621116;1;D
user-I051435_session-61125156E07AA4689839C9821FE65B05F7C2143440172F36ADC94A8AB93CE330_analysis-1.csv;user-I051435;8;-1090708725;true;0.3893390481393336;1.0;18.20165777971026;1;D
user-I051435_session-61125156E07AA4689839C9821FE65B05F7C2143440172F36ADC94A8AB93CE330_analysis-1.csv;user-I051435;8;-564724654;true;0.12842999629758922;1.0;17.567934019621116;1;D
user-I051435_session-61125156E07AA4689839C9821FE65B05F7C2143440172F36ADC94A8AB93CE330_analysis-1.csv;user-I051435;9;-628786206;false;0.20017189568218352;1.0;17.51434492685794;0;D
user-I051435_session-61125156E07AA4689839C9821FE65B05F7C2143440172F36ADC94A8AB93CE330_analysis-1.csv;user-I051435;9;1392994500;false;0.004917768220843444;1.0;16.764039332458047;0;D
user-I051435_session-61125156E07AA4689839C9821FE65B05F7C2143440172F36ADC94A8AB93CE330_analysis-1.csv;user-I051435;9;1324866657;false;0.41248157914177863;1.0;16.764039332458047;0;D
user-I051435_session-61125156E07AA4689839C9821FE65B05F7C2143440172F36ADC94A8AB93CE330_analysis-1.csv;user-I051435;9;-628793669;false;0.35194592993066154;1.0;17.51434492685794;0;D
user-I051435_session-61125156E07AA4689839C9821FE65B05F7C2143440172F36ADC94A8AB93CE330_analysis-1.csv;user-I051435;9;2133837286;false;0.13066914051256295;1.0;18.207492107417885;0;D
user-I051435_session-61125156E07AA4689839C9821FE65B05F7C2143440172F36ADC94A8AB93CE330_analysis-1.csv;user-I051435;9;1465956751;false;0.2904782763827193;1.0;16.764039332458047;0;D
user-I051435_session-61125156E07AA4689839C9821FE65B05F7C2143440172F36ADC94A8AB93CE330_analysis-1.csv;user-I051435;9;-1323045129;false;0.3090219291177062;1.0;16.764039332458047;0;D
user-I051435_session-61125156E07AA4689839C9821FE65B05F7C2143440172F36ADC94A8AB93CE330_analysis-1.csv;user-I051435;9;-1111609749;false;0.22612991348260392;1.0;16.764039332458047;0;D
user-I051435_session-61125156E07AA4689839C9821FE65B05F7C2143440172F36ADC94A8AB93CE330_analysis-1.csv;user-I051435;9;-1254917286;false;0.3789950824602629;1.0;16.764039332458047;0;D
user-I051435_session-61125156E07AA4689839C9821FE65B05F7C2143440172F36ADC94A8AB93CE330_analysis-1.csv;user-I051435;9;1536302037;false;0.2699994900505134;1.0;16.764039332458047;0;D
user-I051435_session-61125156E07AA4689839C9821FE65B05F7C2143440172F36ADC94A8AB93CE330_analysis-1.csv;user-I051435;9;1082330856;false;0.2516142121374879;1.0;16.764039332458047;0;D
user-I051435_session-61125156E07AA4689839C9821FE65B05F7C2143440172F36ADC94A8AB93CE330_analysis-1.csv;user-I051435;9;-1181955035;false;0.18983778662498474;1.0;16.764039332458047;0;D
user-I051435_session-61125156E07AA4689839C9821FE65B05F7C2143440172F36ADC94A8AB93CE330_analysis-1.csv;user-I051435;9;-1090708725;false;0.3893390481393336;1.0;17.419034747053615;0;D
user-I051435_session-61125156E07AA4689839C9821FE65B05F7C2143440172F36ADC94A8AB93CE330_analysis-1.csv;user-I051435;9;-564724654;false;0.12842999629758922;1.0;16.764039332458047;0;D
