session ;user;query position;cell hashcode;novelty;outlierness;relevance;surprise;query label;session label
user-I301280_session-97AFC965ABF526B36B105A3821C9BD1C9F1390DB3D7B2B07D7C6A16AF3061CF2_analysis-2.csv;user-I301280;1;713703908;true;0.34382921415417955;0.0;Infinity;1;A
user-I301280_session-97AFC965ABF526B36B105A3821C9BD1C9F1390DB3D7B2B07D7C6A16AF3061CF2_analysis-2.csv;user-I301280;1;-1777255273;true;0.05168928778252513;0.0;Infinity;1;A
user-I301280_session-97AFC965ABF526B36B105A3821C9BD1C9F1390DB3D7B2B07D7C6A16AF3061CF2_analysis-2.csv;user-I301280;1;-12456300;true;0.233388381924588;0.0;Infinity;1;A
user-I301280_session-97AFC965ABF526B36B105A3821C9BD1C9F1390DB3D7B2B07D7C6A16AF3061CF2_analysis-2.csv;user-I301280;1;1994181913;true;0.20946968448988335;0.0;Infinity;1;A
user-I301280_session-97AFC965ABF526B36B105A3821C9BD1C9F1390DB3D7B2B07D7C6A16AF3061CF2_analysis-2.csv;user-I301280;1;1785505681;true;0.27123137809350195;0.0;Infinity;1;A
user-I301280_session-97AFC965ABF526B36B105A3821C9BD1C9F1390DB3D7B2B07D7C6A16AF3061CF2_analysis-2.csv;user-I301280;1;-2105509081;true;0.22628780227088185;0.0;Infinity;1;A
user-I301280_session-97AFC965ABF526B36B105A3821C9BD1C9F1390DB3D7B2B07D7C6A16AF3061CF2_analysis-2.csv;user-I301280;1;-1836781814;true;0.42401178204390055;0.0;Infinity;1;A
user-I301280_session-97AFC965ABF526B36B105A3821C9BD1C9F1390DB3D7B2B07D7C6A16AF3061CF2_analysis-2.csv;user-I301280;1;694862832;true;0.45886926746195933;0.0;Infinity;1;A
user-I301280_session-97AFC965ABF526B36B105A3821C9BD1C9F1390DB3D7B2B07D7C6A16AF3061CF2_analysis-2.csv;user-I301280;1;-184274024;true;0.4885250256171304;0.0;Infinity;1;A
user-I301280_session-97AFC965ABF526B36B105A3821C9BD1C9F1390DB3D7B2B07D7C6A16AF3061CF2_analysis-2.csv;user-I301280;1;-994625588;true;0.4176045027986851;0.0;Infinity;1;A
user-I301280_session-97AFC965ABF526B36B105A3821C9BD1C9F1390DB3D7B2B07D7C6A16AF3061CF2_analysis-2.csv;user-I301280;1;-385851761;true;0.3320712103538175;0.0;Infinity;1;A
user-I301280_session-97AFC965ABF526B36B105A3821C9BD1C9F1390DB3D7B2B07D7C6A16AF3061CF2_analysis-2.csv;user-I301280;1;1321679162;true;0.3214622077960868;0.0;Infinity;1;A
user-I301280_session-97AFC965ABF526B36B105A3821C9BD1C9F1390DB3D7B2B07D7C6A16AF3061CF2_analysis-2.csv;user-I301280;1;1332352985;true;6.377666055756848E-5;0.0;Infinity;1;A
user-I301280_session-97AFC965ABF526B36B105A3821C9BD1C9F1390DB3D7B2B07D7C6A16AF3061CF2_analysis-2.csv;user-I301280;1;-215351757;true;0.19676139415175042;0.0;Infinity;1;A
user-I301280_session-97AFC965ABF526B36B105A3821C9BD1C9F1390DB3D7B2B07D7C6A16AF3061CF2_analysis-2.csv;user-I301280;1;1794621623;true;0.3919850451884801;0.0;Infinity;1;A
user-I301280_session-97AFC965ABF526B36B105A3821C9BD1C9F1390DB3D7B2B07D7C6A16AF3061CF2_analysis-2.csv;user-I301280;1;-704187941;true;0.3978451671533445;0.0;Infinity;1;A
user-I301280_session-97AFC965ABF526B36B105A3821C9BD1C9F1390DB3D7B2B07D7C6A16AF3061CF2_analysis-2.csv;user-I301280;1;-1280434839;true;0.4847659647777447;0.0;Infinity;1;A
user-I301280_session-97AFC965ABF526B36B105A3821C9BD1C9F1390DB3D7B2B07D7C6A16AF3061CF2_analysis-2.csv;user-I301280;1;-1140272655;true;0.30984005177542673;0.0;Infinity;1;A
user-I301280_session-97AFC965ABF526B36B105A3821C9BD1C9F1390DB3D7B2B07D7C6A16AF3061CF2_analysis-2.csv;user-I301280;1;1788644531;true;0.33564488922600666;0.0;Infinity;1;A
user-I301280_session-97AFC965ABF526B36B105A3821C9BD1C9F1390DB3D7B2B07D7C6A16AF3061CF2_analysis-2.csv;user-I301280;1;-468110519;true;0.3515253405748132;0.0;Infinity;1;A
user-I301280_session-97AFC965ABF526B36B105A3821C9BD1C9F1390DB3D7B2B07D7C6A16AF3061CF2_analysis-2.csv;user-I301280;1;-2110729901;true;0.2935127545275802;0.0;Infinity;1;A
user-I301280_session-97AFC965ABF526B36B105A3821C9BD1C9F1390DB3D7B2B07D7C6A16AF3061CF2_analysis-2.csv;user-I301280;1;1284808481;true;0.44335850321970627;0.0;Infinity;1;A
user-I301280_session-97AFC965ABF526B36B105A3821C9BD1C9F1390DB3D7B2B07D7C6A16AF3061CF2_analysis-2.csv;user-I301280;1;636752712;true;0.31718041924576323;0.0;Infinity;1;A
user-I301280_session-97AFC965ABF526B36B105A3821C9BD1C9F1390DB3D7B2B07D7C6A16AF3061CF2_analysis-2.csv;user-I301280;1;-1562849725;true;0.4305821327134609;0.0;Infinity;1;A
user-I301280_session-97AFC965ABF526B36B105A3821C9BD1C9F1390DB3D7B2B07D7C6A16AF3061CF2_analysis-2.csv;user-I301280;1;-1751819259;true;0.4121004285846963;0.0;Infinity;1;A
user-I301280_session-97AFC965ABF526B36B105A3821C9BD1C9F1390DB3D7B2B07D7C6A16AF3061CF2_analysis-2.csv;user-I301280;1;1491207772;true;0.3070147832264547;0.0;Infinity;1;A
user-I301280_session-97AFC965ABF526B36B105A3821C9BD1C9F1390DB3D7B2B07D7C6A16AF3061CF2_analysis-2.csv;user-I301280;1;-64028196;true;0.26910359530853123;0.0;Infinity;1;A
user-I301280_session-97AFC965ABF526B36B105A3821C9BD1C9F1390DB3D7B2B07D7C6A16AF3061CF2_analysis-2.csv;user-I301280;1;-569323012;true;0.4343399628930311;0.0;Infinity;1;A
user-I301280_session-97AFC965ABF526B36B105A3821C9BD1C9F1390DB3D7B2B07D7C6A16AF3061CF2_analysis-2.csv;user-I301280;1;429723205;true;0.3675075590236977;0.0;Infinity;1;A
user-I301280_session-97AFC965ABF526B36B105A3821C9BD1C9F1390DB3D7B2B07D7C6A16AF3061CF2_analysis-2.csv;user-I301280;1;2006979230;true;0.026831677931314468;0.0;Infinity;1;A
user-I301280_session-97AFC965ABF526B36B105A3821C9BD1C9F1390DB3D7B2B07D7C6A16AF3061CF2_analysis-2.csv;user-I301280;1;22646620;true;0.2711545410789693;0.0;Infinity;1;A
user-I301280_session-97AFC965ABF526B36B105A3821C9BD1C9F1390DB3D7B2B07D7C6A16AF3061CF2_analysis-2.csv;user-I301280;1;-1654729013;true;0.29781333686563227;0.0;Infinity;1;A
user-I301280_session-97AFC965ABF526B36B105A3821C9BD1C9F1390DB3D7B2B07D7C6A16AF3061CF2_analysis-2.csv;user-I301280;1;1778076817;true;0.4367466291731611;0.0;Infinity;1;A
user-I301280_session-97AFC965ABF526B36B105A3821C9BD1C9F1390DB3D7B2B07D7C6A16AF3061CF2_analysis-2.csv;user-I301280;1;122011993;true;0.4988386493663439;0.0;Infinity;1;A
user-I301280_session-97AFC965ABF526B36B105A3821C9BD1C9F1390DB3D7B2B07D7C6A16AF3061CF2_analysis-2.csv;user-I301280;1;1551017098;true;0.31563874607865905;0.0;Infinity;1;A
user-I301280_session-97AFC965ABF526B36B105A3821C9BD1C9F1390DB3D7B2B07D7C6A16AF3061CF2_analysis-2.csv;user-I301280;1;1716647775;true;0.34922222096988464;0.0;Infinity;1;A
user-I301280_session-97AFC965ABF526B36B105A3821C9BD1C9F1390DB3D7B2B07D7C6A16AF3061CF2_analysis-2.csv;user-I301280;1;-1236831017;true;0.36023497907128565;0.0;Infinity;1;A
user-I301280_session-97AFC965ABF526B36B105A3821C9BD1C9F1390DB3D7B2B07D7C6A16AF3061CF2_analysis-2.csv;user-I301280;1;-547082044;true;8.574193238863881E-4;0.0;Infinity;1;A
user-I301280_session-97AFC965ABF526B36B105A3821C9BD1C9F1390DB3D7B2B07D7C6A16AF3061CF2_analysis-2.csv;user-I301280;1;-279031837;true;0.006520066433074234;0.0;Infinity;1;A
user-I301280_session-97AFC965ABF526B36B105A3821C9BD1C9F1390DB3D7B2B07D7C6A16AF3061CF2_analysis-2.csv;user-I301280;1;694984879;true;0.1985813277877364;0.0;Infinity;1;A
user-I301280_session-97AFC965ABF526B36B105A3821C9BD1C9F1390DB3D7B2B07D7C6A16AF3061CF2_analysis-2.csv;user-I301280;1;349687824;true;0.31097725010411426;0.0;Infinity;1;A
user-I301280_session-97AFC965ABF526B36B105A3821C9BD1C9F1390DB3D7B2B07D7C6A16AF3061CF2_analysis-2.csv;user-I301280;1;785637758;true;0.20496140765473692;0.0;Infinity;1;A
user-I301280_session-97AFC965ABF526B36B105A3821C9BD1C9F1390DB3D7B2B07D7C6A16AF3061CF2_analysis-2.csv;user-I301280;1;753403996;true;0.2803985459406273;0.0;Infinity;1;A
user-I301280_session-97AFC965ABF526B36B105A3821C9BD1C9F1390DB3D7B2B07D7C6A16AF3061CF2_analysis-2.csv;user-I301280;1;-270102225;true;0.2977517925658367;0.0;Infinity;1;A
user-I301280_session-97AFC965ABF526B36B105A3821C9BD1C9F1390DB3D7B2B07D7C6A16AF3061CF2_analysis-2.csv;user-I301280;1;2085438327;true;0.26715943177166745;0.0;Infinity;1;A
user-I301280_session-97AFC965ABF526B36B105A3821C9BD1C9F1390DB3D7B2B07D7C6A16AF3061CF2_analysis-2.csv;user-I301280;1;461925059;true;0.3816857995006968;0.0;Infinity;1;A
user-I301280_session-97AFC965ABF526B36B105A3821C9BD1C9F1390DB3D7B2B07D7C6A16AF3061CF2_analysis-2.csv;user-I301280;1;1784024051;true;0.2537644231177857;0.0;Infinity;1;A
user-I301280_session-97AFC965ABF526B36B105A3821C9BD1C9F1390DB3D7B2B07D7C6A16AF3061CF2_analysis-2.csv;user-I301280;1;-1768720540;true;0.334149686745715;0.0;Infinity;1;A
user-I301280_session-97AFC965ABF526B36B105A3821C9BD1C9F1390DB3D7B2B07D7C6A16AF3061CF2_analysis-2.csv;user-I301280;1;1143141173;true;0.2589350927010655;0.0;Infinity;1;A
user-I301280_session-97AFC965ABF526B36B105A3821C9BD1C9F1390DB3D7B2B07D7C6A16AF3061CF2_analysis-2.csv;user-I301280;1;-1786424980;true;0.2644905691099182;0.0;Infinity;1;A
user-I301280_session-97AFC965ABF526B36B105A3821C9BD1C9F1390DB3D7B2B07D7C6A16AF3061CF2_analysis-2.csv;user-I301280;1;-327197529;true;0.2842769004343859;0.0;Infinity;1;A
user-I301280_session-97AFC965ABF526B36B105A3821C9BD1C9F1390DB3D7B2B07D7C6A16AF3061CF2_analysis-2.csv;user-I301280;1;-992009567;true;0.4579221125143794;0.0;Infinity;1;A
user-I301280_session-97AFC965ABF526B36B105A3821C9BD1C9F1390DB3D7B2B07D7C6A16AF3061CF2_analysis-2.csv;user-I301280;1;-91204326;true;0.34824381524779213;0.0;Infinity;1;A
user-I301280_session-97AFC965ABF526B36B105A3821C9BD1C9F1390DB3D7B2B07D7C6A16AF3061CF2_analysis-2.csv;user-I301280;1;85975697;true;0.1800910012257637;0.0;Infinity;1;A
user-I301280_session-97AFC965ABF526B36B105A3821C9BD1C9F1390DB3D7B2B07D7C6A16AF3061CF2_analysis-2.csv;user-I301280;1;-1134541790;true;0.23101939861072318;0.0;Infinity;1;A
user-I301280_session-97AFC965ABF526B36B105A3821C9BD1C9F1390DB3D7B2B07D7C6A16AF3061CF2_analysis-2.csv;user-I301280;1;-241332820;true;0.2794539321106203;0.0;Infinity;1;A
user-I301280_session-97AFC965ABF526B36B105A3821C9BD1C9F1390DB3D7B2B07D7C6A16AF3061CF2_analysis-2.csv;user-I301280;1;-121248919;true;0.2220811331740853;0.0;Infinity;1;A
user-I301280_session-97AFC965ABF526B36B105A3821C9BD1C9F1390DB3D7B2B07D7C6A16AF3061CF2_analysis-2.csv;user-I301280;1;318541166;true;0.4952822655774356;0.0;Infinity;1;A
user-I301280_session-97AFC965ABF526B36B105A3821C9BD1C9F1390DB3D7B2B07D7C6A16AF3061CF2_analysis-2.csv;user-I301280;1;-107442232;true;0.33836722333538694;0.0;Infinity;1;A
user-I301280_session-97AFC965ABF526B36B105A3821C9BD1C9F1390DB3D7B2B07D7C6A16AF3061CF2_analysis-2.csv;user-I301280;1;1930677419;true;0.19315331305743066;0.0;Infinity;1;A
user-I301280_session-97AFC965ABF526B36B105A3821C9BD1C9F1390DB3D7B2B07D7C6A16AF3061CF2_analysis-2.csv;user-I301280;1;-439370853;true;0.002028760747172287;0.0;Infinity;1;A
user-I301280_session-97AFC965ABF526B36B105A3821C9BD1C9F1390DB3D7B2B07D7C6A16AF3061CF2_analysis-2.csv;user-I301280;2;713703908;true;0.34382921415417955;0.0;Infinity;1;A
user-I301280_session-97AFC965ABF526B36B105A3821C9BD1C9F1390DB3D7B2B07D7C6A16AF3061CF2_analysis-2.csv;user-I301280;2;-1777255273;true;0.05168928778252513;0.0;Infinity;1;A
user-I301280_session-97AFC965ABF526B36B105A3821C9BD1C9F1390DB3D7B2B07D7C6A16AF3061CF2_analysis-2.csv;user-I301280;2;-12456300;true;0.233388381924588;0.0;Infinity;1;A
user-I301280_session-97AFC965ABF526B36B105A3821C9BD1C9F1390DB3D7B2B07D7C6A16AF3061CF2_analysis-2.csv;user-I301280;2;1994181913;true;0.20946968448988335;0.0;Infinity;1;A
user-I301280_session-97AFC965ABF526B36B105A3821C9BD1C9F1390DB3D7B2B07D7C6A16AF3061CF2_analysis-2.csv;user-I301280;2;1785505681;true;0.27123137809350195;0.0;Infinity;1;A
user-I301280_session-97AFC965ABF526B36B105A3821C9BD1C9F1390DB3D7B2B07D7C6A16AF3061CF2_analysis-2.csv;user-I301280;2;-2105509081;true;0.22628780227088185;0.0;Infinity;1;A
user-I301280_session-97AFC965ABF526B36B105A3821C9BD1C9F1390DB3D7B2B07D7C6A16AF3061CF2_analysis-2.csv;user-I301280;2;-1836781814;true;0.42401178204390055;0.0;Infinity;1;A
user-I301280_session-97AFC965ABF526B36B105A3821C9BD1C9F1390DB3D7B2B07D7C6A16AF3061CF2_analysis-2.csv;user-I301280;2;694862832;true;0.45886926746195933;0.0;Infinity;1;A
user-I301280_session-97AFC965ABF526B36B105A3821C9BD1C9F1390DB3D7B2B07D7C6A16AF3061CF2_analysis-2.csv;user-I301280;2;-184274024;true;0.4885250256171304;0.0;Infinity;1;A
user-I301280_session-97AFC965ABF526B36B105A3821C9BD1C9F1390DB3D7B2B07D7C6A16AF3061CF2_analysis-2.csv;user-I301280;2;-994625588;true;0.4176045027986851;0.0;Infinity;1;A
user-I301280_session-97AFC965ABF526B36B105A3821C9BD1C9F1390DB3D7B2B07D7C6A16AF3061CF2_analysis-2.csv;user-I301280;2;-385851761;true;0.3320712103538175;0.0;Infinity;1;A
user-I301280_session-97AFC965ABF526B36B105A3821C9BD1C9F1390DB3D7B2B07D7C6A16AF3061CF2_analysis-2.csv;user-I301280;2;1321679162;true;0.3214622077960868;0.0;Infinity;1;A
user-I301280_session-97AFC965ABF526B36B105A3821C9BD1C9F1390DB3D7B2B07D7C6A16AF3061CF2_analysis-2.csv;user-I301280;2;1332352985;true;6.377666055756848E-5;0.0;Infinity;1;A
user-I301280_session-97AFC965ABF526B36B105A3821C9BD1C9F1390DB3D7B2B07D7C6A16AF3061CF2_analysis-2.csv;user-I301280;2;-215351757;true;0.19676139415175042;0.0;Infinity;1;A
user-I301280_session-97AFC965ABF526B36B105A3821C9BD1C9F1390DB3D7B2B07D7C6A16AF3061CF2_analysis-2.csv;user-I301280;2;1794621623;true;0.3919850451884801;0.0;Infinity;1;A
user-I301280_session-97AFC965ABF526B36B105A3821C9BD1C9F1390DB3D7B2B07D7C6A16AF3061CF2_analysis-2.csv;user-I301280;2;-704187941;true;0.3978451671533445;0.0;Infinity;1;A
user-I301280_session-97AFC965ABF526B36B105A3821C9BD1C9F1390DB3D7B2B07D7C6A16AF3061CF2_analysis-2.csv;user-I301280;2;-1280434839;true;0.4847659647777447;0.0;Infinity;1;A
user-I301280_session-97AFC965ABF526B36B105A3821C9BD1C9F1390DB3D7B2B07D7C6A16AF3061CF2_analysis-2.csv;user-I301280;2;-1140272655;true;0.30984005177542673;0.0;Infinity;1;A
user-I301280_session-97AFC965ABF526B36B105A3821C9BD1C9F1390DB3D7B2B07D7C6A16AF3061CF2_analysis-2.csv;user-I301280;2;1788644531;true;0.33564488922600666;0.0;Infinity;1;A
user-I301280_session-97AFC965ABF526B36B105A3821C9BD1C9F1390DB3D7B2B07D7C6A16AF3061CF2_analysis-2.csv;user-I301280;2;-468110519;true;0.3515253405748132;0.0;Infinity;1;A
user-I301280_session-97AFC965ABF526B36B105A3821C9BD1C9F1390DB3D7B2B07D7C6A16AF3061CF2_analysis-2.csv;user-I301280;2;-2110729901;true;0.2935127545275802;0.0;Infinity;1;A
user-I301280_session-97AFC965ABF526B36B105A3821C9BD1C9F1390DB3D7B2B07D7C6A16AF3061CF2_analysis-2.csv;user-I301280;2;1284808481;true;0.44335850321970627;0.0;Infinity;1;A
user-I301280_session-97AFC965ABF526B36B105A3821C9BD1C9F1390DB3D7B2B07D7C6A16AF3061CF2_analysis-2.csv;user-I301280;2;636752712;true;0.31718041924576323;0.0;Infinity;1;A
user-I301280_session-97AFC965ABF526B36B105A3821C9BD1C9F1390DB3D7B2B07D7C6A16AF3061CF2_analysis-2.csv;user-I301280;2;-1562849725;true;0.4305821327134609;0.0;Infinity;1;A
user-I301280_session-97AFC965ABF526B36B105A3821C9BD1C9F1390DB3D7B2B07D7C6A16AF3061CF2_analysis-2.csv;user-I301280;2;-1751819259;true;0.4121004285846963;0.0;Infinity;1;A
user-I301280_session-97AFC965ABF526B36B105A3821C9BD1C9F1390DB3D7B2B07D7C6A16AF3061CF2_analysis-2.csv;user-I301280;2;1491207772;true;0.3070147832264547;0.0;Infinity;1;A
user-I301280_session-97AFC965ABF526B36B105A3821C9BD1C9F1390DB3D7B2B07D7C6A16AF3061CF2_analysis-2.csv;user-I301280;2;-64028196;true;0.26910359530853123;0.0;Infinity;1;A
user-I301280_session-97AFC965ABF526B36B105A3821C9BD1C9F1390DB3D7B2B07D7C6A16AF3061CF2_analysis-2.csv;user-I301280;2;-569323012;true;0.4343399628930311;0.0;Infinity;1;A
user-I301280_session-97AFC965ABF526B36B105A3821C9BD1C9F1390DB3D7B2B07D7C6A16AF3061CF2_analysis-2.csv;user-I301280;2;429723205;true;0.3675075590236977;0.0;Infinity;1;A
user-I301280_session-97AFC965ABF526B36B105A3821C9BD1C9F1390DB3D7B2B07D7C6A16AF3061CF2_analysis-2.csv;user-I301280;2;2006979230;true;0.026831677931314468;0.0;Infinity;1;A
user-I301280_session-97AFC965ABF526B36B105A3821C9BD1C9F1390DB3D7B2B07D7C6A16AF3061CF2_analysis-2.csv;user-I301280;2;22646620;true;0.2711545410789693;0.0;Infinity;1;A
user-I301280_session-97AFC965ABF526B36B105A3821C9BD1C9F1390DB3D7B2B07D7C6A16AF3061CF2_analysis-2.csv;user-I301280;2;-1654729013;true;0.29781333686563227;0.0;Infinity;1;A
user-I301280_session-97AFC965ABF526B36B105A3821C9BD1C9F1390DB3D7B2B07D7C6A16AF3061CF2_analysis-2.csv;user-I301280;2;1778076817;true;0.4367466291731611;0.0;Infinity;1;A
user-I301280_session-97AFC965ABF526B36B105A3821C9BD1C9F1390DB3D7B2B07D7C6A16AF3061CF2_analysis-2.csv;user-I301280;2;122011993;true;0.4988386493663439;0.0;Infinity;1;A
user-I301280_session-97AFC965ABF526B36B105A3821C9BD1C9F1390DB3D7B2B07D7C6A16AF3061CF2_analysis-2.csv;user-I301280;2;1551017098;true;0.31563874607865905;0.0;Infinity;1;A
user-I301280_session-97AFC965ABF526B36B105A3821C9BD1C9F1390DB3D7B2B07D7C6A16AF3061CF2_analysis-2.csv;user-I301280;2;1716647775;true;0.34922222096988464;0.0;Infinity;1;A
user-I301280_session-97AFC965ABF526B36B105A3821C9BD1C9F1390DB3D7B2B07D7C6A16AF3061CF2_analysis-2.csv;user-I301280;2;-1236831017;true;0.36023497907128565;0.0;Infinity;1;A
user-I301280_session-97AFC965ABF526B36B105A3821C9BD1C9F1390DB3D7B2B07D7C6A16AF3061CF2_analysis-2.csv;user-I301280;2;-547082044;true;8.574193238863881E-4;0.0;Infinity;1;A
user-I301280_session-97AFC965ABF526B36B105A3821C9BD1C9F1390DB3D7B2B07D7C6A16AF3061CF2_analysis-2.csv;user-I301280;2;-279031837;true;0.006520066433074234;0.0;Infinity;1;A
user-I301280_session-97AFC965ABF526B36B105A3821C9BD1C9F1390DB3D7B2B07D7C6A16AF3061CF2_analysis-2.csv;user-I301280;2;694984879;true;0.1985813277877364;0.0;Infinity;1;A
user-I301280_session-97AFC965ABF526B36B105A3821C9BD1C9F1390DB3D7B2B07D7C6A16AF3061CF2_analysis-2.csv;user-I301280;2;349687824;true;0.31097725010411426;0.0;Infinity;1;A
user-I301280_session-97AFC965ABF526B36B105A3821C9BD1C9F1390DB3D7B2B07D7C6A16AF3061CF2_analysis-2.csv;user-I301280;2;785637758;true;0.20496140765473692;0.0;Infinity;1;A
user-I301280_session-97AFC965ABF526B36B105A3821C9BD1C9F1390DB3D7B2B07D7C6A16AF3061CF2_analysis-2.csv;user-I301280;2;753403996;true;0.2803985459406273;0.0;Infinity;1;A
user-I301280_session-97AFC965ABF526B36B105A3821C9BD1C9F1390DB3D7B2B07D7C6A16AF3061CF2_analysis-2.csv;user-I301280;2;-270102225;true;0.2977517925658367;0.0;Infinity;1;A
user-I301280_session-97AFC965ABF526B36B105A3821C9BD1C9F1390DB3D7B2B07D7C6A16AF3061CF2_analysis-2.csv;user-I301280;2;2085438327;true;0.26715943177166745;0.0;Infinity;1;A
user-I301280_session-97AFC965ABF526B36B105A3821C9BD1C9F1390DB3D7B2B07D7C6A16AF3061CF2_analysis-2.csv;user-I301280;2;461925059;true;0.3816857995006968;0.0;Infinity;1;A
user-I301280_session-97AFC965ABF526B36B105A3821C9BD1C9F1390DB3D7B2B07D7C6A16AF3061CF2_analysis-2.csv;user-I301280;2;1784024051;true;0.2537644231177857;0.0;Infinity;1;A
user-I301280_session-97AFC965ABF526B36B105A3821C9BD1C9F1390DB3D7B2B07D7C6A16AF3061CF2_analysis-2.csv;user-I301280;2;-1768720540;true;0.334149686745715;0.0;Infinity;1;A
user-I301280_session-97AFC965ABF526B36B105A3821C9BD1C9F1390DB3D7B2B07D7C6A16AF3061CF2_analysis-2.csv;user-I301280;2;1143141173;true;0.2589350927010655;0.0;Infinity;1;A
user-I301280_session-97AFC965ABF526B36B105A3821C9BD1C9F1390DB3D7B2B07D7C6A16AF3061CF2_analysis-2.csv;user-I301280;2;-1786424980;true;0.2644905691099182;0.0;Infinity;1;A
user-I301280_session-97AFC965ABF526B36B105A3821C9BD1C9F1390DB3D7B2B07D7C6A16AF3061CF2_analysis-2.csv;user-I301280;2;-327197529;true;0.2842769004343859;0.0;Infinity;1;A
user-I301280_session-97AFC965ABF526B36B105A3821C9BD1C9F1390DB3D7B2B07D7C6A16AF3061CF2_analysis-2.csv;user-I301280;2;-992009567;true;0.4579221125143794;0.0;Infinity;1;A
user-I301280_session-97AFC965ABF526B36B105A3821C9BD1C9F1390DB3D7B2B07D7C6A16AF3061CF2_analysis-2.csv;user-I301280;2;-91204326;true;0.34824381524779213;0.0;Infinity;1;A
user-I301280_session-97AFC965ABF526B36B105A3821C9BD1C9F1390DB3D7B2B07D7C6A16AF3061CF2_analysis-2.csv;user-I301280;2;85975697;true;0.1800910012257637;0.0;Infinity;1;A
user-I301280_session-97AFC965ABF526B36B105A3821C9BD1C9F1390DB3D7B2B07D7C6A16AF3061CF2_analysis-2.csv;user-I301280;2;-1134541790;true;0.23101939861072318;0.0;Infinity;1;A
user-I301280_session-97AFC965ABF526B36B105A3821C9BD1C9F1390DB3D7B2B07D7C6A16AF3061CF2_analysis-2.csv;user-I301280;2;-241332820;true;0.2794539321106203;0.0;Infinity;1;A
user-I301280_session-97AFC965ABF526B36B105A3821C9BD1C9F1390DB3D7B2B07D7C6A16AF3061CF2_analysis-2.csv;user-I301280;2;-121248919;true;0.2220811331740853;0.0;Infinity;1;A
user-I301280_session-97AFC965ABF526B36B105A3821C9BD1C9F1390DB3D7B2B07D7C6A16AF3061CF2_analysis-2.csv;user-I301280;2;318541166;true;0.4952822655774356;0.0;Infinity;1;A
user-I301280_session-97AFC965ABF526B36B105A3821C9BD1C9F1390DB3D7B2B07D7C6A16AF3061CF2_analysis-2.csv;user-I301280;2;-107442232;true;0.33836722333538694;0.0;Infinity;1;A
user-I301280_session-97AFC965ABF526B36B105A3821C9BD1C9F1390DB3D7B2B07D7C6A16AF3061CF2_analysis-2.csv;user-I301280;2;1930677419;true;0.19315331305743066;0.0;Infinity;1;A
user-I301280_session-97AFC965ABF526B36B105A3821C9BD1C9F1390DB3D7B2B07D7C6A16AF3061CF2_analysis-2.csv;user-I301280;2;-439370853;true;0.002028760747172287;0.0;Infinity;1;A
user-I301280_session-97AFC965ABF526B36B105A3821C9BD1C9F1390DB3D7B2B07D7C6A16AF3061CF2_analysis-2.csv;user-I301280;3;713703908;true;0.34382921415417955;0.0;Infinity;1;A
user-I301280_session-97AFC965ABF526B36B105A3821C9BD1C9F1390DB3D7B2B07D7C6A16AF3061CF2_analysis-2.csv;user-I301280;3;-1777255273;true;0.05168928778252513;0.0;Infinity;1;A
user-I301280_session-97AFC965ABF526B36B105A3821C9BD1C9F1390DB3D7B2B07D7C6A16AF3061CF2_analysis-2.csv;user-I301280;3;-12456300;true;0.233388381924588;0.0;Infinity;1;A
user-I301280_session-97AFC965ABF526B36B105A3821C9BD1C9F1390DB3D7B2B07D7C6A16AF3061CF2_analysis-2.csv;user-I301280;3;1994181913;true;0.20946968448988335;0.0;Infinity;1;A
user-I301280_session-97AFC965ABF526B36B105A3821C9BD1C9F1390DB3D7B2B07D7C6A16AF3061CF2_analysis-2.csv;user-I301280;3;1785505681;true;0.27123137809350195;0.0;Infinity;1;A
user-I301280_session-97AFC965ABF526B36B105A3821C9BD1C9F1390DB3D7B2B07D7C6A16AF3061CF2_analysis-2.csv;user-I301280;3;-2105509081;true;0.22628780227088185;0.0;Infinity;1;A
user-I301280_session-97AFC965ABF526B36B105A3821C9BD1C9F1390DB3D7B2B07D7C6A16AF3061CF2_analysis-2.csv;user-I301280;3;-1836781814;true;0.42401178204390055;0.0;Infinity;1;A
user-I301280_session-97AFC965ABF526B36B105A3821C9BD1C9F1390DB3D7B2B07D7C6A16AF3061CF2_analysis-2.csv;user-I301280;3;694862832;true;0.45886926746195933;0.0;Infinity;1;A
user-I301280_session-97AFC965ABF526B36B105A3821C9BD1C9F1390DB3D7B2B07D7C6A16AF3061CF2_analysis-2.csv;user-I301280;3;-184274024;true;0.4885250256171304;0.0;Infinity;1;A
user-I301280_session-97AFC965ABF526B36B105A3821C9BD1C9F1390DB3D7B2B07D7C6A16AF3061CF2_analysis-2.csv;user-I301280;3;-994625588;true;0.4176045027986851;0.0;Infinity;1;A
user-I301280_session-97AFC965ABF526B36B105A3821C9BD1C9F1390DB3D7B2B07D7C6A16AF3061CF2_analysis-2.csv;user-I301280;3;-385851761;true;0.3320712103538175;0.0;Infinity;1;A
user-I301280_session-97AFC965ABF526B36B105A3821C9BD1C9F1390DB3D7B2B07D7C6A16AF3061CF2_analysis-2.csv;user-I301280;3;1321679162;true;0.3214622077960868;0.0;Infinity;1;A
user-I301280_session-97AFC965ABF526B36B105A3821C9BD1C9F1390DB3D7B2B07D7C6A16AF3061CF2_analysis-2.csv;user-I301280;3;1332352985;true;6.377666055756848E-5;0.0;Infinity;1;A
user-I301280_session-97AFC965ABF526B36B105A3821C9BD1C9F1390DB3D7B2B07D7C6A16AF3061CF2_analysis-2.csv;user-I301280;3;-215351757;true;0.19676139415175042;0.0;Infinity;1;A
user-I301280_session-97AFC965ABF526B36B105A3821C9BD1C9F1390DB3D7B2B07D7C6A16AF3061CF2_analysis-2.csv;user-I301280;3;1794621623;true;0.3919850451884801;0.0;Infinity;1;A
user-I301280_session-97AFC965ABF526B36B105A3821C9BD1C9F1390DB3D7B2B07D7C6A16AF3061CF2_analysis-2.csv;user-I301280;3;-704187941;true;0.3978451671533445;0.0;Infinity;1;A
user-I301280_session-97AFC965ABF526B36B105A3821C9BD1C9F1390DB3D7B2B07D7C6A16AF3061CF2_analysis-2.csv;user-I301280;3;-1280434839;true;0.4847659647777447;0.0;Infinity;1;A
user-I301280_session-97AFC965ABF526B36B105A3821C9BD1C9F1390DB3D7B2B07D7C6A16AF3061CF2_analysis-2.csv;user-I301280;3;-1140272655;true;0.30984005177542673;0.0;Infinity;1;A
user-I301280_session-97AFC965ABF526B36B105A3821C9BD1C9F1390DB3D7B2B07D7C6A16AF3061CF2_analysis-2.csv;user-I301280;3;1788644531;true;0.33564488922600666;0.0;Infinity;1;A
user-I301280_session-97AFC965ABF526B36B105A3821C9BD1C9F1390DB3D7B2B07D7C6A16AF3061CF2_analysis-2.csv;user-I301280;3;-468110519;true;0.3515253405748132;0.0;Infinity;1;A
user-I301280_session-97AFC965ABF526B36B105A3821C9BD1C9F1390DB3D7B2B07D7C6A16AF3061CF2_analysis-2.csv;user-I301280;3;-2110729901;true;0.2935127545275802;0.0;Infinity;1;A
user-I301280_session-97AFC965ABF526B36B105A3821C9BD1C9F1390DB3D7B2B07D7C6A16AF3061CF2_analysis-2.csv;user-I301280;3;1284808481;true;0.44335850321970627;0.0;Infinity;1;A
user-I301280_session-97AFC965ABF526B36B105A3821C9BD1C9F1390DB3D7B2B07D7C6A16AF3061CF2_analysis-2.csv;user-I301280;3;636752712;true;0.31718041924576323;0.0;Infinity;1;A
user-I301280_session-97AFC965ABF526B36B105A3821C9BD1C9F1390DB3D7B2B07D7C6A16AF3061CF2_analysis-2.csv;user-I301280;3;-1562849725;true;0.4305821327134609;0.0;Infinity;1;A
user-I301280_session-97AFC965ABF526B36B105A3821C9BD1C9F1390DB3D7B2B07D7C6A16AF3061CF2_analysis-2.csv;user-I301280;3;-1751819259;true;0.4121004285846963;0.0;Infinity;1;A
user-I301280_session-97AFC965ABF526B36B105A3821C9BD1C9F1390DB3D7B2B07D7C6A16AF3061CF2_analysis-2.csv;user-I301280;3;1491207772;true;0.3070147832264547;0.0;Infinity;1;A
user-I301280_session-97AFC965ABF526B36B105A3821C9BD1C9F1390DB3D7B2B07D7C6A16AF3061CF2_analysis-2.csv;user-I301280;3;-64028196;true;0.26910359530853123;0.0;Infinity;1;A
user-I301280_session-97AFC965ABF526B36B105A3821C9BD1C9F1390DB3D7B2B07D7C6A16AF3061CF2_analysis-2.csv;user-I301280;3;-569323012;true;0.4343399628930311;0.0;Infinity;1;A
user-I301280_session-97AFC965ABF526B36B105A3821C9BD1C9F1390DB3D7B2B07D7C6A16AF3061CF2_analysis-2.csv;user-I301280;3;429723205;true;0.3675075590236977;0.0;Infinity;1;A
user-I301280_session-97AFC965ABF526B36B105A3821C9BD1C9F1390DB3D7B2B07D7C6A16AF3061CF2_analysis-2.csv;user-I301280;3;2006979230;true;0.026831677931314468;0.0;Infinity;1;A
user-I301280_session-97AFC965ABF526B36B105A3821C9BD1C9F1390DB3D7B2B07D7C6A16AF3061CF2_analysis-2.csv;user-I301280;3;22646620;true;0.2711545410789693;0.0;Infinity;1;A
user-I301280_session-97AFC965ABF526B36B105A3821C9BD1C9F1390DB3D7B2B07D7C6A16AF3061CF2_analysis-2.csv;user-I301280;3;-1654729013;true;0.29781333686563227;0.0;Infinity;1;A
user-I301280_session-97AFC965ABF526B36B105A3821C9BD1C9F1390DB3D7B2B07D7C6A16AF3061CF2_analysis-2.csv;user-I301280;3;1778076817;true;0.4367466291731611;0.0;Infinity;1;A
user-I301280_session-97AFC965ABF526B36B105A3821C9BD1C9F1390DB3D7B2B07D7C6A16AF3061CF2_analysis-2.csv;user-I301280;3;122011993;true;0.4988386493663439;0.0;Infinity;1;A
user-I301280_session-97AFC965ABF526B36B105A3821C9BD1C9F1390DB3D7B2B07D7C6A16AF3061CF2_analysis-2.csv;user-I301280;3;1551017098;true;0.31563874607865905;0.0;Infinity;1;A
user-I301280_session-97AFC965ABF526B36B105A3821C9BD1C9F1390DB3D7B2B07D7C6A16AF3061CF2_analysis-2.csv;user-I301280;3;1716647775;true;0.34922222096988464;0.0;Infinity;1;A
user-I301280_session-97AFC965ABF526B36B105A3821C9BD1C9F1390DB3D7B2B07D7C6A16AF3061CF2_analysis-2.csv;user-I301280;3;-1236831017;true;0.36023497907128565;0.0;Infinity;1;A
user-I301280_session-97AFC965ABF526B36B105A3821C9BD1C9F1390DB3D7B2B07D7C6A16AF3061CF2_analysis-2.csv;user-I301280;3;-547082044;true;8.574193238863881E-4;0.0;Infinity;1;A
user-I301280_session-97AFC965ABF526B36B105A3821C9BD1C9F1390DB3D7B2B07D7C6A16AF3061CF2_analysis-2.csv;user-I301280;3;-279031837;true;0.006520066433074234;0.0;Infinity;1;A
user-I301280_session-97AFC965ABF526B36B105A3821C9BD1C9F1390DB3D7B2B07D7C6A16AF3061CF2_analysis-2.csv;user-I301280;3;694984879;true;0.1985813277877364;0.0;Infinity;1;A
user-I301280_session-97AFC965ABF526B36B105A3821C9BD1C9F1390DB3D7B2B07D7C6A16AF3061CF2_analysis-2.csv;user-I301280;3;349687824;true;0.31097725010411426;0.0;Infinity;1;A
user-I301280_session-97AFC965ABF526B36B105A3821C9BD1C9F1390DB3D7B2B07D7C6A16AF3061CF2_analysis-2.csv;user-I301280;3;785637758;true;0.20496140765473692;0.0;Infinity;1;A
user-I301280_session-97AFC965ABF526B36B105A3821C9BD1C9F1390DB3D7B2B07D7C6A16AF3061CF2_analysis-2.csv;user-I301280;3;753403996;true;0.2803985459406273;0.0;Infinity;1;A
user-I301280_session-97AFC965ABF526B36B105A3821C9BD1C9F1390DB3D7B2B07D7C6A16AF3061CF2_analysis-2.csv;user-I301280;3;-270102225;true;0.2977517925658367;0.0;Infinity;1;A
user-I301280_session-97AFC965ABF526B36B105A3821C9BD1C9F1390DB3D7B2B07D7C6A16AF3061CF2_analysis-2.csv;user-I301280;3;2085438327;true;0.26715943177166745;0.0;Infinity;1;A
user-I301280_session-97AFC965ABF526B36B105A3821C9BD1C9F1390DB3D7B2B07D7C6A16AF3061CF2_analysis-2.csv;user-I301280;3;461925059;true;0.3816857995006968;0.0;Infinity;1;A
user-I301280_session-97AFC965ABF526B36B105A3821C9BD1C9F1390DB3D7B2B07D7C6A16AF3061CF2_analysis-2.csv;user-I301280;3;1784024051;true;0.2537644231177857;0.0;Infinity;1;A
user-I301280_session-97AFC965ABF526B36B105A3821C9BD1C9F1390DB3D7B2B07D7C6A16AF3061CF2_analysis-2.csv;user-I301280;3;-1768720540;true;0.334149686745715;0.0;Infinity;1;A
user-I301280_session-97AFC965ABF526B36B105A3821C9BD1C9F1390DB3D7B2B07D7C6A16AF3061CF2_analysis-2.csv;user-I301280;3;1143141173;true;0.2589350927010655;0.0;Infinity;1;A
user-I301280_session-97AFC965ABF526B36B105A3821C9BD1C9F1390DB3D7B2B07D7C6A16AF3061CF2_analysis-2.csv;user-I301280;3;-1786424980;true;0.2644905691099182;0.0;Infinity;1;A
user-I301280_session-97AFC965ABF526B36B105A3821C9BD1C9F1390DB3D7B2B07D7C6A16AF3061CF2_analysis-2.csv;user-I301280;3;-327197529;true;0.2842769004343859;0.0;Infinity;1;A
user-I301280_session-97AFC965ABF526B36B105A3821C9BD1C9F1390DB3D7B2B07D7C6A16AF3061CF2_analysis-2.csv;user-I301280;3;-992009567;true;0.4579221125143794;0.0;Infinity;1;A
user-I301280_session-97AFC965ABF526B36B105A3821C9BD1C9F1390DB3D7B2B07D7C6A16AF3061CF2_analysis-2.csv;user-I301280;3;-91204326;true;0.34824381524779213;0.0;Infinity;1;A
user-I301280_session-97AFC965ABF526B36B105A3821C9BD1C9F1390DB3D7B2B07D7C6A16AF3061CF2_analysis-2.csv;user-I301280;3;85975697;true;0.1800910012257637;0.0;Infinity;1;A
user-I301280_session-97AFC965ABF526B36B105A3821C9BD1C9F1390DB3D7B2B07D7C6A16AF3061CF2_analysis-2.csv;user-I301280;3;-1134541790;true;0.23101939861072318;0.0;Infinity;1;A
user-I301280_session-97AFC965ABF526B36B105A3821C9BD1C9F1390DB3D7B2B07D7C6A16AF3061CF2_analysis-2.csv;user-I301280;3;-241332820;true;0.2794539321106203;0.0;Infinity;1;A
user-I301280_session-97AFC965ABF526B36B105A3821C9BD1C9F1390DB3D7B2B07D7C6A16AF3061CF2_analysis-2.csv;user-I301280;3;-121248919;true;0.2220811331740853;0.0;Infinity;1;A
user-I301280_session-97AFC965ABF526B36B105A3821C9BD1C9F1390DB3D7B2B07D7C6A16AF3061CF2_analysis-2.csv;user-I301280;3;318541166;true;0.4952822655774356;0.0;Infinity;1;A
user-I301280_session-97AFC965ABF526B36B105A3821C9BD1C9F1390DB3D7B2B07D7C6A16AF3061CF2_analysis-2.csv;user-I301280;3;-107442232;true;0.33836722333538694;0.0;Infinity;1;A
user-I301280_session-97AFC965ABF526B36B105A3821C9BD1C9F1390DB3D7B2B07D7C6A16AF3061CF2_analysis-2.csv;user-I301280;3;1930677419;true;0.19315331305743066;0.0;Infinity;1;A
user-I301280_session-97AFC965ABF526B36B105A3821C9BD1C9F1390DB3D7B2B07D7C6A16AF3061CF2_analysis-2.csv;user-I301280;3;-439370853;true;0.002028760747172287;0.0;Infinity;1;A
user-I301280_session-97AFC965ABF526B36B105A3821C9BD1C9F1390DB3D7B2B07D7C6A16AF3061CF2_analysis-2.csv;user-I301280;4;713703908;true;0.34382921415417955;0.0;Infinity;1;A
user-I301280_session-97AFC965ABF526B36B105A3821C9BD1C9F1390DB3D7B2B07D7C6A16AF3061CF2_analysis-2.csv;user-I301280;4;-1777255273;true;0.05168928778252513;0.0;Infinity;1;A
user-I301280_session-97AFC965ABF526B36B105A3821C9BD1C9F1390DB3D7B2B07D7C6A16AF3061CF2_analysis-2.csv;user-I301280;4;-12456300;true;0.233388381924588;0.0;Infinity;1;A
user-I301280_session-97AFC965ABF526B36B105A3821C9BD1C9F1390DB3D7B2B07D7C6A16AF3061CF2_analysis-2.csv;user-I301280;4;1994181913;true;0.20946968448988335;0.0;Infinity;1;A
user-I301280_session-97AFC965ABF526B36B105A3821C9BD1C9F1390DB3D7B2B07D7C6A16AF3061CF2_analysis-2.csv;user-I301280;4;1785505681;true;0.27123137809350195;0.0;Infinity;1;A
user-I301280_session-97AFC965ABF526B36B105A3821C9BD1C9F1390DB3D7B2B07D7C6A16AF3061CF2_analysis-2.csv;user-I301280;4;-2105509081;true;0.22628780227088185;0.0;Infinity;1;A
user-I301280_session-97AFC965ABF526B36B105A3821C9BD1C9F1390DB3D7B2B07D7C6A16AF3061CF2_analysis-2.csv;user-I301280;4;-1836781814;true;0.42401178204390055;0.0;Infinity;1;A
user-I301280_session-97AFC965ABF526B36B105A3821C9BD1C9F1390DB3D7B2B07D7C6A16AF3061CF2_analysis-2.csv;user-I301280;4;694862832;true;0.45886926746195933;0.0;Infinity;1;A
user-I301280_session-97AFC965ABF526B36B105A3821C9BD1C9F1390DB3D7B2B07D7C6A16AF3061CF2_analysis-2.csv;user-I301280;4;-184274024;true;0.4885250256171304;0.0;Infinity;1;A
user-I301280_session-97AFC965ABF526B36B105A3821C9BD1C9F1390DB3D7B2B07D7C6A16AF3061CF2_analysis-2.csv;user-I301280;4;-994625588;true;0.4176045027986851;0.0;Infinity;1;A
user-I301280_session-97AFC965ABF526B36B105A3821C9BD1C9F1390DB3D7B2B07D7C6A16AF3061CF2_analysis-2.csv;user-I301280;4;-385851761;true;0.3320712103538175;0.0;Infinity;1;A
user-I301280_session-97AFC965ABF526B36B105A3821C9BD1C9F1390DB3D7B2B07D7C6A16AF3061CF2_analysis-2.csv;user-I301280;4;1321679162;true;0.3214622077960868;0.0;Infinity;1;A
user-I301280_session-97AFC965ABF526B36B105A3821C9BD1C9F1390DB3D7B2B07D7C6A16AF3061CF2_analysis-2.csv;user-I301280;4;1332352985;true;6.377666055756848E-5;0.0;Infinity;1;A
user-I301280_session-97AFC965ABF526B36B105A3821C9BD1C9F1390DB3D7B2B07D7C6A16AF3061CF2_analysis-2.csv;user-I301280;4;-215351757;true;0.19676139415175042;0.0;Infinity;1;A
user-I301280_session-97AFC965ABF526B36B105A3821C9BD1C9F1390DB3D7B2B07D7C6A16AF3061CF2_analysis-2.csv;user-I301280;4;1794621623;true;0.3919850451884801;0.0;Infinity;1;A
user-I301280_session-97AFC965ABF526B36B105A3821C9BD1C9F1390DB3D7B2B07D7C6A16AF3061CF2_analysis-2.csv;user-I301280;4;-704187941;true;0.3978451671533445;0.0;Infinity;1;A
user-I301280_session-97AFC965ABF526B36B105A3821C9BD1C9F1390DB3D7B2B07D7C6A16AF3061CF2_analysis-2.csv;user-I301280;4;-1280434839;true;0.4847659647777447;0.0;Infinity;1;A
user-I301280_session-97AFC965ABF526B36B105A3821C9BD1C9F1390DB3D7B2B07D7C6A16AF3061CF2_analysis-2.csv;user-I301280;4;-1140272655;true;0.30984005177542673;0.0;Infinity;1;A
user-I301280_session-97AFC965ABF526B36B105A3821C9BD1C9F1390DB3D7B2B07D7C6A16AF3061CF2_analysis-2.csv;user-I301280;4;1788644531;true;0.33564488922600666;0.0;Infinity;1;A
user-I301280_session-97AFC965ABF526B36B105A3821C9BD1C9F1390DB3D7B2B07D7C6A16AF3061CF2_analysis-2.csv;user-I301280;4;-468110519;true;0.3515253405748132;0.0;Infinity;1;A
user-I301280_session-97AFC965ABF526B36B105A3821C9BD1C9F1390DB3D7B2B07D7C6A16AF3061CF2_analysis-2.csv;user-I301280;4;-2110729901;true;0.2935127545275802;0.0;Infinity;1;A
user-I301280_session-97AFC965ABF526B36B105A3821C9BD1C9F1390DB3D7B2B07D7C6A16AF3061CF2_analysis-2.csv;user-I301280;4;1284808481;true;0.44335850321970627;0.0;Infinity;1;A
user-I301280_session-97AFC965ABF526B36B105A3821C9BD1C9F1390DB3D7B2B07D7C6A16AF3061CF2_analysis-2.csv;user-I301280;4;636752712;true;0.31718041924576323;0.0;Infinity;1;A
user-I301280_session-97AFC965ABF526B36B105A3821C9BD1C9F1390DB3D7B2B07D7C6A16AF3061CF2_analysis-2.csv;user-I301280;4;-1562849725;true;0.4305821327134609;0.0;Infinity;1;A
user-I301280_session-97AFC965ABF526B36B105A3821C9BD1C9F1390DB3D7B2B07D7C6A16AF3061CF2_analysis-2.csv;user-I301280;4;-1751819259;true;0.4121004285846963;0.0;Infinity;1;A
user-I301280_session-97AFC965ABF526B36B105A3821C9BD1C9F1390DB3D7B2B07D7C6A16AF3061CF2_analysis-2.csv;user-I301280;4;1491207772;true;0.3070147832264547;0.0;Infinity;1;A
user-I301280_session-97AFC965ABF526B36B105A3821C9BD1C9F1390DB3D7B2B07D7C6A16AF3061CF2_analysis-2.csv;user-I301280;4;-64028196;true;0.26910359530853123;0.0;Infinity;1;A
user-I301280_session-97AFC965ABF526B36B105A3821C9BD1C9F1390DB3D7B2B07D7C6A16AF3061CF2_analysis-2.csv;user-I301280;4;-569323012;true;0.4343399628930311;0.0;Infinity;1;A
user-I301280_session-97AFC965ABF526B36B105A3821C9BD1C9F1390DB3D7B2B07D7C6A16AF3061CF2_analysis-2.csv;user-I301280;4;429723205;true;0.3675075590236977;0.0;Infinity;1;A
user-I301280_session-97AFC965ABF526B36B105A3821C9BD1C9F1390DB3D7B2B07D7C6A16AF3061CF2_analysis-2.csv;user-I301280;4;2006979230;true;0.026831677931314468;0.0;Infinity;1;A
user-I301280_session-97AFC965ABF526B36B105A3821C9BD1C9F1390DB3D7B2B07D7C6A16AF3061CF2_analysis-2.csv;user-I301280;4;22646620;true;0.2711545410789693;0.0;Infinity;1;A
user-I301280_session-97AFC965ABF526B36B105A3821C9BD1C9F1390DB3D7B2B07D7C6A16AF3061CF2_analysis-2.csv;user-I301280;4;-1654729013;true;0.29781333686563227;0.0;Infinity;1;A
user-I301280_session-97AFC965ABF526B36B105A3821C9BD1C9F1390DB3D7B2B07D7C6A16AF3061CF2_analysis-2.csv;user-I301280;4;1778076817;true;0.4367466291731611;0.0;Infinity;1;A
user-I301280_session-97AFC965ABF526B36B105A3821C9BD1C9F1390DB3D7B2B07D7C6A16AF3061CF2_analysis-2.csv;user-I301280;4;122011993;true;0.4988386493663439;0.0;Infinity;1;A
user-I301280_session-97AFC965ABF526B36B105A3821C9BD1C9F1390DB3D7B2B07D7C6A16AF3061CF2_analysis-2.csv;user-I301280;4;1551017098;true;0.31563874607865905;0.0;Infinity;1;A
user-I301280_session-97AFC965ABF526B36B105A3821C9BD1C9F1390DB3D7B2B07D7C6A16AF3061CF2_analysis-2.csv;user-I301280;4;1716647775;true;0.34922222096988464;0.0;Infinity;1;A
user-I301280_session-97AFC965ABF526B36B105A3821C9BD1C9F1390DB3D7B2B07D7C6A16AF3061CF2_analysis-2.csv;user-I301280;4;-1236831017;true;0.36023497907128565;0.0;Infinity;1;A
user-I301280_session-97AFC965ABF526B36B105A3821C9BD1C9F1390DB3D7B2B07D7C6A16AF3061CF2_analysis-2.csv;user-I301280;4;-547082044;true;8.574193238863881E-4;0.0;Infinity;1;A
user-I301280_session-97AFC965ABF526B36B105A3821C9BD1C9F1390DB3D7B2B07D7C6A16AF3061CF2_analysis-2.csv;user-I301280;4;-279031837;true;0.006520066433074234;0.0;Infinity;1;A
user-I301280_session-97AFC965ABF526B36B105A3821C9BD1C9F1390DB3D7B2B07D7C6A16AF3061CF2_analysis-2.csv;user-I301280;4;694984879;true;0.1985813277877364;0.0;Infinity;1;A
user-I301280_session-97AFC965ABF526B36B105A3821C9BD1C9F1390DB3D7B2B07D7C6A16AF3061CF2_analysis-2.csv;user-I301280;4;349687824;true;0.31097725010411426;0.0;Infinity;1;A
user-I301280_session-97AFC965ABF526B36B105A3821C9BD1C9F1390DB3D7B2B07D7C6A16AF3061CF2_analysis-2.csv;user-I301280;4;785637758;true;0.20496140765473692;0.0;Infinity;1;A
user-I301280_session-97AFC965ABF526B36B105A3821C9BD1C9F1390DB3D7B2B07D7C6A16AF3061CF2_analysis-2.csv;user-I301280;4;753403996;true;0.2803985459406273;0.0;Infinity;1;A
user-I301280_session-97AFC965ABF526B36B105A3821C9BD1C9F1390DB3D7B2B07D7C6A16AF3061CF2_analysis-2.csv;user-I301280;4;-270102225;true;0.2977517925658367;0.0;Infinity;1;A
user-I301280_session-97AFC965ABF526B36B105A3821C9BD1C9F1390DB3D7B2B07D7C6A16AF3061CF2_analysis-2.csv;user-I301280;4;2085438327;true;0.26715943177166745;0.0;Infinity;1;A
user-I301280_session-97AFC965ABF526B36B105A3821C9BD1C9F1390DB3D7B2B07D7C6A16AF3061CF2_analysis-2.csv;user-I301280;4;461925059;true;0.3816857995006968;0.0;Infinity;1;A
user-I301280_session-97AFC965ABF526B36B105A3821C9BD1C9F1390DB3D7B2B07D7C6A16AF3061CF2_analysis-2.csv;user-I301280;4;1784024051;true;0.2537644231177857;0.0;Infinity;1;A
user-I301280_session-97AFC965ABF526B36B105A3821C9BD1C9F1390DB3D7B2B07D7C6A16AF3061CF2_analysis-2.csv;user-I301280;4;-1768720540;true;0.334149686745715;0.0;Infinity;1;A
user-I301280_session-97AFC965ABF526B36B105A3821C9BD1C9F1390DB3D7B2B07D7C6A16AF3061CF2_analysis-2.csv;user-I301280;4;1143141173;true;0.2589350927010655;0.0;Infinity;1;A
user-I301280_session-97AFC965ABF526B36B105A3821C9BD1C9F1390DB3D7B2B07D7C6A16AF3061CF2_analysis-2.csv;user-I301280;4;-1786424980;true;0.2644905691099182;0.0;Infinity;1;A
user-I301280_session-97AFC965ABF526B36B105A3821C9BD1C9F1390DB3D7B2B07D7C6A16AF3061CF2_analysis-2.csv;user-I301280;4;-327197529;true;0.2842769004343859;0.0;Infinity;1;A
user-I301280_session-97AFC965ABF526B36B105A3821C9BD1C9F1390DB3D7B2B07D7C6A16AF3061CF2_analysis-2.csv;user-I301280;4;-992009567;true;0.4579221125143794;0.0;Infinity;1;A
user-I301280_session-97AFC965ABF526B36B105A3821C9BD1C9F1390DB3D7B2B07D7C6A16AF3061CF2_analysis-2.csv;user-I301280;4;-91204326;true;0.34824381524779213;0.0;Infinity;1;A
user-I301280_session-97AFC965ABF526B36B105A3821C9BD1C9F1390DB3D7B2B07D7C6A16AF3061CF2_analysis-2.csv;user-I301280;4;85975697;true;0.1800910012257637;0.0;Infinity;1;A
user-I301280_session-97AFC965ABF526B36B105A3821C9BD1C9F1390DB3D7B2B07D7C6A16AF3061CF2_analysis-2.csv;user-I301280;4;-1134541790;true;0.23101939861072318;0.0;Infinity;1;A
user-I301280_session-97AFC965ABF526B36B105A3821C9BD1C9F1390DB3D7B2B07D7C6A16AF3061CF2_analysis-2.csv;user-I301280;4;-241332820;true;0.2794539321106203;0.0;Infinity;1;A
user-I301280_session-97AFC965ABF526B36B105A3821C9BD1C9F1390DB3D7B2B07D7C6A16AF3061CF2_analysis-2.csv;user-I301280;4;-121248919;true;0.2220811331740853;0.0;Infinity;1;A
user-I301280_session-97AFC965ABF526B36B105A3821C9BD1C9F1390DB3D7B2B07D7C6A16AF3061CF2_analysis-2.csv;user-I301280;4;318541166;true;0.4952822655774356;0.0;Infinity;1;A
user-I301280_session-97AFC965ABF526B36B105A3821C9BD1C9F1390DB3D7B2B07D7C6A16AF3061CF2_analysis-2.csv;user-I301280;4;-107442232;true;0.33836722333538694;0.0;Infinity;1;A
user-I301280_session-97AFC965ABF526B36B105A3821C9BD1C9F1390DB3D7B2B07D7C6A16AF3061CF2_analysis-2.csv;user-I301280;4;1930677419;true;0.19315331305743066;0.0;Infinity;1;A
user-I301280_session-97AFC965ABF526B36B105A3821C9BD1C9F1390DB3D7B2B07D7C6A16AF3061CF2_analysis-2.csv;user-I301280;4;-439370853;true;0.002028760747172287;0.0;Infinity;1;A
