session ;user;query position;cell hashcode;novelty;outlierness;relevance;surprise;query label;session label
user-a_session-3C604A43A349CDC4130E5F83A8625EE6C83A2283F66A05BD44300AE9E67250DE_analysis-2.csv;user-a;1;-2037123451;true;0.42022346294980484;0.0;Infinity;1;B
user-a_session-3C604A43A349CDC4130E5F83A8625EE6C83A2283F66A05BD44300AE9E67250DE_analysis-2.csv;user-a;1;-408361172;true;0.3262313672976951;0.0;Infinity;1;B
user-a_session-3C604A43A349CDC4130E5F83A8625EE6C83A2283F66A05BD44300AE9E67250DE_analysis-2.csv;user-a;1;-1166362803;true;0.2191695558963046;0.0;Infinity;1;B
user-a_session-3C604A43A349CDC4130E5F83A8625EE6C83A2283F66A05BD44300AE9E67250DE_analysis-2.csv;user-a;1;-350251052;true;0.48686232718207945;0.0;Infinity;1;B
user-a_session-3C604A43A349CDC4130E5F83A8625EE6C83A2283F66A05BD44300AE9E67250DE_analysis-2.csv;user-a;1;-331409976;true;0.35648465965810705;0.0;Infinity;1;B
user-a_session-3C604A43A349CDC4130E5F83A8625EE6C83A2283F66A05BD44300AE9E67250DE_analysis-2.csv;user-a;1;-1286446704;true;0.23022584248021372;0.0;Infinity;1;B
user-a_session-3C604A43A349CDC4130E5F83A8625EE6C83A2283F66A05BD44300AE9E67250DE_analysis-2.csv;user-a;1;-959138187;true;0.17284498576912133;0.0;Infinity;1;B
user-a_session-3C604A43A349CDC4130E5F83A8625EE6C83A2283F66A05BD44300AE9E67250DE_analysis-2.csv;user-a;1;-1057570184;true;0.23177455790657608;0.0;Infinity;1;B
user-a_session-3C604A43A349CDC4130E5F83A8625EE6C83A2283F66A05BD44300AE9E67250DE_analysis-2.csv;user-a;1;446093888;true;0.25840723369364316;0.0;Infinity;1;B
user-a_session-3C604A43A349CDC4130E5F83A8625EE6C83A2283F66A05BD44300AE9E67250DE_analysis-2.csv;user-a;1;-1372311413;true;0.28897436600168436;0.0;Infinity;1;B
user-a_session-3C604A43A349CDC4130E5F83A8625EE6C83A2283F66A05BD44300AE9E67250DE_analysis-2.csv;user-a;1;-2039739472;true;0.44023816176185426;0.0;Infinity;1;B
user-a_session-3C604A43A349CDC4130E5F83A8625EE6C83A2283F66A05BD44300AE9E67250DE_analysis-2.csv;user-a;1;1144344331;true;0.22385355316668476;0.0;Infinity;1;B
user-a_session-3C604A43A349CDC4130E5F83A8625EE6C83A2283F66A05BD44300AE9E67250DE_analysis-2.csv;user-a;1;-1022467264;true;0.2741644007963897;0.0;Infinity;1;B
user-a_session-3C604A43A349CDC4130E5F83A8625EE6C83A2283F66A05BD44300AE9E67250DE_analysis-2.csv;user-a;1;-1136318210;true;0.3614997149782886;0.0;Infinity;1;B
user-a_session-3C604A43A349CDC4130E5F83A8625EE6C83A2283F66A05BD44300AE9E67250DE_analysis-2.csv;user-a;1;-1260465641;true;0.19113295680165177;0.0;Infinity;1;B
user-a_session-3C604A43A349CDC4130E5F83A8625EE6C83A2283F66A05BD44300AE9E67250DE_analysis-2.csv;user-a;1;-923101891;true;0.4682814604638803;0.0;Infinity;1;B
user-a_session-3C604A43A349CDC4130E5F83A8625EE6C83A2283F66A05BD44300AE9E67250DE_analysis-2.csv;user-a;1;1139123511;true;0.24453558956361587;0.0;Infinity;1;B
user-a_session-3C604A43A349CDC4130E5F83A8625EE6C83A2283F66A05BD44300AE9E67250DE_analysis-2.csv;user-a;1;1463428432;true;0.26665726624676644;0.0;Infinity;1;B
user-a_session-3C604A43A349CDC4130E5F83A8625EE6C83A2283F66A05BD44300AE9E67250DE_analysis-2.csv;user-a;1;-615390679;true;0.3833863545574471;0.0;Infinity;1;B
user-a_session-3C604A43A349CDC4130E5F83A8625EE6C83A2283F66A05BD44300AE9E67250DE_analysis-2.csv;user-a;1;2013022395;true;0.3751235438205225;0.0;Infinity;1;B
user-a_session-3C604A43A349CDC4130E5F83A8625EE6C83A2283F66A05BD44300AE9E67250DE_analysis-2.csv;user-a;1;-1109142080;true;0.271852892293329;0.0;Infinity;1;B
user-a_session-3C604A43A349CDC4130E5F83A8625EE6C83A2283F66A05BD44300AE9E67250DE_analysis-2.csv;user-a;1;-1484484737;true;4.756652468410616E-4;0.0;Infinity;1;B
user-a_session-3C604A43A349CDC4130E5F83A8625EE6C83A2283F66A05BD44300AE9E67250DE_analysis-2.csv;user-a;1;1472598139;true;0.028144226007836726;0.0;Infinity;1;B
user-a_session-3C604A43A349CDC4130E5F83A8625EE6C83A2283F66A05BD44300AE9E67250DE_analysis-2.csv;user-a;1;885563535;true;0.18716212006092836;0.0;Infinity;1;B
user-a_session-3C604A43A349CDC4130E5F83A8625EE6C83A2283F66A05BD44300AE9E67250DE_analysis-2.csv;user-a;1;-350129005;true;0.19313835969854853;0.0;Infinity;1;B
user-a_session-3C604A43A349CDC4130E5F83A8625EE6C83A2283F66A05BD44300AE9E67250DE_analysis-2.csv;user-a;1;-1592195928;true;1.6018643271886734E-4;0.0;Infinity;1;B
user-a_session-3C604A43A349CDC4130E5F83A8625EE6C83A2283F66A05BD44300AE9E67250DE_analysis-2.csv;user-a;1;1687003687;true;0.45492832074335854;0.0;Infinity;1;B
user-a_session-3C604A43A349CDC4130E5F83A8625EE6C83A2283F66A05BD44300AE9E67250DE_analysis-2.csv;user-a;1;749507739;true;0.41118525351846014;0.0;Infinity;1;B
user-a_session-3C604A43A349CDC4130E5F83A8625EE6C83A2283F66A05BD44300AE9E67250DE_analysis-2.csv;user-a;1;-1315216109;true;0.30421417455811517;0.0;Infinity;1;B
user-a_session-3C604A43A349CDC4130E5F83A8625EE6C83A2283F66A05BD44300AE9E67250DE_analysis-2.csv;user-a;1;-259476126;true;0.15704379123270307;0.0;Infinity;1;B
user-a_session-3C604A43A349CDC4130E5F83A8625EE6C83A2283F66A05BD44300AE9E67250DE_analysis-2.csv;user-a;1;-1513224403;true;0.3652278728850271;0.0;Infinity;1;B
user-a_session-3C604A43A349CDC4130E5F83A8625EE6C83A2283F66A05BD44300AE9E67250DE_analysis-2.csv;user-a;1;-583188825;true;0.3994916683285269;0.0;Infinity;1;B
user-a_session-3C604A43A349CDC4130E5F83A8625EE6C83A2283F66A05BD44300AE9E67250DE_analysis-2.csv;user-a;1;740391797;true;0.2742510174416587;0.0;Infinity;1;B
user-a_session-3C604A43A349CDC4130E5F83A8625EE6C83A2283F66A05BD44300AE9E67250DE_analysis-2.csv;user-a;1;239694597;true;0.469367970248068;0.0;Infinity;1;B
user-a_session-3C604A43A349CDC4130E5F83A8625EE6C83A2283F66A05BD44300AE9E67250DE_analysis-2.csv;user-a;1;98027289;true;0.260406881676162;0.0;Infinity;1;B
user-a_session-3C604A43A349CDC4130E5F83A8625EE6C83A2283F66A05BD44300AE9E67250DE_analysis-2.csv;user-a;1;-1229387908;true;0.4798210634337009;0.0;Infinity;1;B
user-a_session-3C604A43A349CDC4130E5F83A8625EE6C83A2283F66A05BD44300AE9E67250DE_analysis-2.csv;user-a;1;-726572718;true;0.472257586455367;0.0;Infinity;1;B
user-a_session-3C604A43A349CDC4130E5F83A8625EE6C83A2283F66A05BD44300AE9E67250DE_analysis-2.csv;user-a;1;1969418573;true;0.48403341623061313;0.0;Infinity;1;B
user-a_session-3C604A43A349CDC4130E5F83A8625EE6C83A2283F66A05BD44300AE9E67250DE_analysis-2.csv;user-a;1;1481132872;true;0.34549101914453817;0.0;Infinity;1;B
user-a_session-3C604A43A349CDC4130E5F83A8625EE6C83A2283F66A05BD44300AE9E67250DE_analysis-2.csv;user-a;1;1413071598;true;0.3829642896855898;0.0;Infinity;1;B
user-a_session-3C604A43A349CDC4130E5F83A8625EE6C83A2283F66A05BD44300AE9E67250DE_analysis-2.csv;user-a;1;1040324443;true;0.26966259658666214;0.0;Infinity;1;B
user-a_session-3C604A43A349CDC4130E5F83A8625EE6C83A2283F66A05BD44300AE9E67250DE_analysis-2.csv;user-a;1;2109580757;true;0.3179078954375605;0.0;Infinity;1;B
user-a_session-3C604A43A349CDC4130E5F83A8625EE6C83A2283F66A05BD44300AE9E67250DE_analysis-2.csv;user-a;1;-1152556116;true;0.29106666516535173;0.0;Infinity;1;B
user-a_session-3C604A43A349CDC4130E5F83A8625EE6C83A2283F66A05BD44300AE9E67250DE_analysis-2.csv;user-a;1;961865346;true;0.012349255713597351;0.0;Infinity;1;B
user-a_session-3C604A43A349CDC4130E5F83A8625EE6C83A2283F66A05BD44300AE9E67250DE_analysis-2.csv;user-a;1;1595124399;true;0.3042838439559836;0.0;Infinity;1;B
user-a_session-3C604A43A349CDC4130E5F83A8625EE6C83A2283F66A05BD44300AE9E67250DE_analysis-2.csv;user-a;1;-695426060;true;0.3191970324458381;0.0;Infinity;1;B
user-a_session-3C604A43A349CDC4130E5F83A8625EE6C83A2283F66A05BD44300AE9E67250DE_analysis-2.csv;user-a;2;-1234309182;true;NaN;0.0;Infinity;1;B
user-a_session-3C604A43A349CDC4130E5F83A8625EE6C83A2283F66A05BD44300AE9E67250DE_analysis-2.csv;user-a;3;-535562389;true;0.4096151438429255;0.0;Infinity;0;B
user-a_session-3C604A43A349CDC4130E5F83A8625EE6C83A2283F66A05BD44300AE9E67250DE_analysis-2.csv;user-a;3;1559199453;true;0.3500386024203521;0.0;Infinity;0;B
user-a_session-3C604A43A349CDC4130E5F83A8625EE6C83A2283F66A05BD44300AE9E67250DE_analysis-2.csv;user-a;3;1486237202;true;0.02430434167783946;0.0;Infinity;0;B
user-a_session-3C604A43A349CDC4130E5F83A8625EE6C83A2283F66A05BD44300AE9E67250DE_analysis-2.csv;user-a;3;1629544739;true;0.1854081760371501;0.0;Infinity;0;B
user-a_session-3C604A43A349CDC4130E5F83A8625EE6C83A2283F66A05BD44300AE9E67250DE_analysis-2.csv;user-a;3;1418109359;true;0.3952621537606982;0.0;Infinity;0;B
user-a_session-3C604A43A349CDC4130E5F83A8625EE6C83A2283F66A05BD44300AE9E67250DE_analysis-2.csv;user-a;3;-471481952;true;0.42164706729449;0.0;Infinity;0;B
user-a_session-3C604A43A349CDC4130E5F83A8625EE6C83A2283F66A05BD44300AE9E67250DE_analysis-2.csv;user-a;4;464460247;true;0.20195836579607196;0.0;Infinity;1;B
user-a_session-3C604A43A349CDC4130E5F83A8625EE6C83A2283F66A05BD44300AE9E67250DE_analysis-2.csv;user-a;4;-1566221158;true;0.3954196356862073;0.0;Infinity;1;B
user-a_session-3C604A43A349CDC4130E5F83A8625EE6C83A2283F66A05BD44300AE9E67250DE_analysis-2.csv;user-a;4;323370153;true;0.38148610527158;0.0;Infinity;1;B
user-a_session-3C604A43A349CDC4130E5F83A8625EE6C83A2283F66A05BD44300AE9E67250DE_analysis-2.csv;user-a;4;-1630301595;true;0.3109919526798828;0.0;Infinity;1;B
user-a_session-3C604A43A349CDC4130E5F83A8625EE6C83A2283F66A05BD44300AE9E67250DE_analysis-2.csv;user-a;4;534805533;true;0.19321874252815907;0.0;Infinity;1;B
user-a_session-3C604A43A349CDC4130E5F83A8625EE6C83A2283F66A05BD44300AE9E67250DE_analysis-2.csv;user-a;4;391497996;true;0.03798999051245677;0.0;Infinity;1;B
user-a_session-3C604A43A349CDC4130E5F83A8625EE6C83A2283F66A05BD44300AE9E67250DE_analysis-2.csv;user-a;5;-995381000;true;0.308581768256192;0.0;Infinity;0;B
user-a_session-3C604A43A349CDC4130E5F83A8625EE6C83A2283F66A05BD44300AE9E67250DE_analysis-2.csv;user-a;5;-1059461437;true;0.45135128691202986;0.0;Infinity;0;B
user-a_session-3C604A43A349CDC4130E5F83A8625EE6C83A2283F66A05BD44300AE9E67250DE_analysis-2.csv;user-a;5;962338154;true;0.05420558905460471;0.0;Infinity;0;B
user-a_session-3C604A43A349CDC4130E5F83A8625EE6C83A2283F66A05BD44300AE9E67250DE_analysis-2.csv;user-a;5;1105645691;true;0.11265717860573399;0.0;Infinity;0;B
user-a_session-3C604A43A349CDC4130E5F83A8625EE6C83A2283F66A05BD44300AE9E67250DE_analysis-2.csv;user-a;5;1035300405;true;0.21147637761418947;0.0;Infinity;0;B
user-a_session-3C604A43A349CDC4130E5F83A8625EE6C83A2283F66A05BD44300AE9E67250DE_analysis-2.csv;user-a;5;894210311;true;0.41540163061644564;0.0;Infinity;0;B
user-a_session-3C604A43A349CDC4130E5F83A8625EE6C83A2283F66A05BD44300AE9E67250DE_analysis-2.csv;user-a;6;746875133;true;0.2962140417150032;0.0;Infinity;0;B
user-a_session-3C604A43A349CDC4130E5F83A8625EE6C83A2283F66A05BD44300AE9E67250DE_analysis-2.csv;user-a;6;673912882;true;0.06491413429059723;0.0;Infinity;0;B
user-a_session-3C604A43A349CDC4130E5F83A8625EE6C83A2283F66A05BD44300AE9E67250DE_analysis-2.csv;user-a;6;817220419;true;0.07397765961227964;0.0;Infinity;0;B
user-a_session-3C604A43A349CDC4130E5F83A8625EE6C83A2283F66A05BD44300AE9E67250DE_analysis-2.csv;user-a;6;-1347886709;true;0.4261769559220675;0.0;Infinity;0;B
user-a_session-3C604A43A349CDC4130E5F83A8625EE6C83A2283F66A05BD44300AE9E67250DE_analysis-2.csv;user-a;6;605785039;true;0.4152751131649318;0.0;Infinity;0;B
user-a_session-3C604A43A349CDC4130E5F83A8625EE6C83A2283F66A05BD44300AE9E67250DE_analysis-2.csv;user-a;6;-1283806272;true;0.3102249152704797;0.0;Infinity;0;B
