session ;user;query position;cell hashcode;cell computation time;novelty;outlierness;relevance;surprise;query label;session label
user-I050648_session-B34FE261C41F1CECA723A22B5D5BB74C4AC140931465D2DA8F3A7033ABC96D46_analysis-6.csv;user-I050648;1;423030991;7;true;2.236295684653363;0.0;Infinity;1;A
user-I050648_session-B34FE261C41F1CECA723A22B5D5BB74C4AC140931465D2DA8F3A7033ABC96D46_analysis-6.csv;user-I050648;1;423030990;6;true;1.8605980096315982;0.0;Infinity;1;A
user-I050648_session-B34FE261C41F1CECA723A22B5D5BB74C4AC140931465D2DA8F3A7033ABC96D46_analysis-6.csv;user-I050648;1;423030994;4;true;-0.07156146190890775;0.0;Infinity;1;A
user-I050648_session-B34FE261C41F1CECA723A22B5D5BB74C4AC140931465D2DA8F3A7033ABC96D46_analysis-6.csv;user-I050648;1;423030995;4;true;-0.9302990048157993;0.0;Infinity;1;A
user-I050648_session-B34FE261C41F1CECA723A22B5D5BB74C4AC140931465D2DA8F3A7033ABC96D46_analysis-6.csv;user-I050648;1;423030992;3;true;-0.2325747512039499;0.0;Infinity;1;A
user-I050648_session-B34FE261C41F1CECA723A22B5D5BB74C4AC140931465D2DA8F3A7033ABC96D46_analysis-6.csv;user-I050648;1;423030993;4;true;-0.1789036547722692;0.0;Infinity;1;A
user-I050648_session-B34FE261C41F1CECA723A22B5D5BB74C4AC140931465D2DA8F3A7033ABC96D46_analysis-6.csv;user-I050648;1;423032508;3;true;-0.4472591369306728;0.0;Infinity;1;A
user-I050648_session-B34FE261C41F1CECA723A22B5D5BB74C4AC140931465D2DA8F3A7033ABC96D46_analysis-6.csv;user-I050648;1;423030998;4;true;-0.608272426225715;0.0;Infinity;1;A
user-I050648_session-B34FE261C41F1CECA723A22B5D5BB74C4AC140931465D2DA8F3A7033ABC96D46_analysis-6.csv;user-I050648;1;423032509;5;true;-0.8229568119524379;0.0;Infinity;1;A
user-I050648_session-B34FE261C41F1CECA723A22B5D5BB74C4AC140931465D2DA8F3A7033ABC96D46_analysis-6.csv;user-I050648;1;423032510;4;true;-0.5009302333623535;0.0;Infinity;1;A
user-I050648_session-B34FE261C41F1CECA723A22B5D5BB74C4AC140931465D2DA8F3A7033ABC96D46_analysis-6.csv;user-I050648;1;423030996;5;true;-0.28624584763563066;0.0;Infinity;1;A
user-I050648_session-B34FE261C41F1CECA723A22B5D5BB74C4AC140931465D2DA8F3A7033ABC96D46_analysis-6.csv;user-I050648;1;423030997;5;true;-0.017890365477227034;0.0;Infinity;1;A
user-I050648_session-B34FE261C41F1CECA723A22B5D5BB74C4AC140931465D2DA8F3A7033ABC96D46_analysis-6.csv;user-I050648;2;814221742;5;true;0.5297265584614221;0.0;Infinity;1;A
user-I050648_session-B34FE261C41F1CECA723A22B5D5BB74C4AC140931465D2DA8F3A7033ABC96D46_analysis-6.csv;user-I050648;2;814221743;6;true;2.949074720986723;0.0;Infinity;1;A
user-I050648_session-B34FE261C41F1CECA723A22B5D5BB74C4AC140931465D2DA8F3A7033ABC96D46_analysis-6.csv;user-I050648;2;-1237477723;16;true;-1.0831722165554454;0.0;Infinity;1;A
user-I050648_session-B34FE261C41F1CECA723A22B5D5BB74C4AC140931465D2DA8F3A7033ABC96D46_analysis-6.csv;user-I050648;2;-957254619;8;true;0.5297265584614221;0.0;Infinity;1;A
user-I050648_session-B34FE261C41F1CECA723A22B5D5BB74C4AC140931465D2DA8F3A7033ABC96D46_analysis-6.csv;user-I050648;2;-957254620;7;true;-0.2767228290470117;0.0;Infinity;1;A
user-I050648_session-B34FE261C41F1CECA723A22B5D5BB74C4AC140931465D2DA8F3A7033ABC96D46_analysis-6.csv;user-I050648;2;-1309388111;12;true;-1.0831722165554454;0.0;Infinity;1;A
user-I050648_session-B34FE261C41F1CECA723A22B5D5BB74C4AC140931465D2DA8F3A7033ABC96D46_analysis-6.csv;user-I050648;2;1080130431;10;true;-1.0831722165554454;0.0;Infinity;1;A
user-I050648_session-B34FE261C41F1CECA723A22B5D5BB74C4AC140931465D2DA8F3A7033ABC96D46_analysis-6.csv;user-I050648;2;1913777418;5;true;-1.0831722165554454;0.0;Infinity;1;A
user-I050648_session-B34FE261C41F1CECA723A22B5D5BB74C4AC140931465D2DA8F3A7033ABC96D46_analysis-6.csv;user-I050648;2;568268103;5;true;-1.0831722165554454;0.0;Infinity;1;A
user-I050648_session-B34FE261C41F1CECA723A22B5D5BB74C4AC140931465D2DA8F3A7033ABC96D46_analysis-6.csv;user-I050648;2;814221749;5;true;0.5297265584614221;0.0;Infinity;1;A
user-I050648_session-B34FE261C41F1CECA723A22B5D5BB74C4AC140931465D2DA8F3A7033ABC96D46_analysis-6.csv;user-I050648;2;814221747;5;true;-1.0831722165554454;0.0;Infinity;1;A
user-I050648_session-B34FE261C41F1CECA723A22B5D5BB74C4AC140931465D2DA8F3A7033ABC96D46_analysis-6.csv;user-I050648;2;1913777415;5;true;-0.2767228290470117;0.0;Infinity;1;A
user-I050648_session-B34FE261C41F1CECA723A22B5D5BB74C4AC140931465D2DA8F3A7033ABC96D46_analysis-6.csv;user-I050648;2;-577180251;5;true;-1.0831722165554454;0.0;Infinity;1;A
user-I050648_session-B34FE261C41F1CECA723A22B5D5BB74C4AC140931465D2DA8F3A7033ABC96D46_analysis-6.csv;user-I050648;2;1913777412;5;true;0.5297265584614221;0.0;Infinity;1;A
user-I050648_session-B34FE261C41F1CECA723A22B5D5BB74C4AC140931465D2DA8F3A7033ABC96D46_analysis-6.csv;user-I050648;2;814221745;6;true;0.5297265584614221;0.0;Infinity;1;A
user-I050648_session-B34FE261C41F1CECA723A22B5D5BB74C4AC140931465D2DA8F3A7033ABC96D46_analysis-6.csv;user-I050648;2;1913777413;6;true;-1.0831722165554454;0.0;Infinity;1;A
user-I050648_session-B34FE261C41F1CECA723A22B5D5BB74C4AC140931465D2DA8F3A7033ABC96D46_analysis-6.csv;user-I050648;2;-142571187;6;true;-1.0831722165554454;0.0;Infinity;1;A
user-I050648_session-B34FE261C41F1CECA723A22B5D5BB74C4AC140931465D2DA8F3A7033ABC96D46_analysis-6.csv;user-I050648;2;1403933667;5;true;-1.0831722165554454;0.0;Infinity;1;A
user-I050648_session-B34FE261C41F1CECA723A22B5D5BB74C4AC140931465D2DA8F3A7033ABC96D46_analysis-6.csv;user-I050648;2;1913778930;6;true;-1.0831722165554454;0.0;Infinity;1;A
user-I050648_session-B34FE261C41F1CECA723A22B5D5BB74C4AC140931465D2DA8F3A7033ABC96D46_analysis-6.csv;user-I050648;2;1913778929;5;true;-1.0831722165554454;0.0;Infinity;1;A
user-I050648_session-B34FE261C41F1CECA723A22B5D5BB74C4AC140931465D2DA8F3A7033ABC96D46_analysis-6.csv;user-I050648;2;764067046;5;true;0.5297265584614221;0.0;Infinity;1;A
user-I050648_session-B34FE261C41F1CECA723A22B5D5BB74C4AC140931465D2DA8F3A7033ABC96D46_analysis-6.csv;user-I050648;2;-1377967006;8;true;0.5297265584614221;0.0;Infinity;1;A
user-I050648_session-B34FE261C41F1CECA723A22B5D5BB74C4AC140931465D2DA8F3A7033ABC96D46_analysis-6.csv;user-I050648;2;-1377745160;11;true;2.1426253334782897;0.0;Infinity;1;A
user-I050648_session-B34FE261C41F1CECA723A22B5D5BB74C4AC140931465D2DA8F3A7033ABC96D46_analysis-6.csv;user-I050648;2;-142569668;7;true;-1.0831722165554454;0.0;Infinity;1;A
user-I050648_session-B34FE261C41F1CECA723A22B5D5BB74C4AC140931465D2DA8F3A7033ABC96D46_analysis-6.csv;user-I050648;2;-1377745163;5;true;-1.0831722165554454;0.0;Infinity;1;A
user-I050648_session-B34FE261C41F1CECA723A22B5D5BB74C4AC140931465D2DA8F3A7033ABC96D46_analysis-6.csv;user-I050648;2;517745091;10;true;0.5297265584614221;0.0;Infinity;1;A
user-I050648_session-B34FE261C41F1CECA723A22B5D5BB74C4AC140931465D2DA8F3A7033ABC96D46_analysis-6.csv;user-I050648;2;517745088;8;true;0.5297265584614221;0.0;Infinity;1;A
user-I050648_session-B34FE261C41F1CECA723A22B5D5BB74C4AC140931465D2DA8F3A7033ABC96D46_analysis-6.csv;user-I050648;2;517745089;8;true;-1.0831722165554454;0.0;Infinity;1;A
user-I050648_session-B34FE261C41F1CECA723A22B5D5BB74C4AC140931465D2DA8F3A7033ABC96D46_analysis-6.csv;user-I050648;2;59630758;8;true;-0.2767228290470117;0.0;Infinity;1;A
user-I050648_session-B34FE261C41F1CECA723A22B5D5BB74C4AC140931465D2DA8F3A7033ABC96D46_analysis-6.csv;user-I050648;2;517745092;8;true;0.5297265584614221;0.0;Infinity;1;A
user-I050648_session-B34FE261C41F1CECA723A22B5D5BB74C4AC140931465D2DA8F3A7033ABC96D46_analysis-6.csv;user-I050648;2;-1745466975;6;true;-0.2767228290470117;0.0;Infinity;1;A
user-I050648_session-B34FE261C41F1CECA723A22B5D5BB74C4AC140931465D2DA8F3A7033ABC96D46_analysis-6.csv;user-I050648;2;-1621784231;8;true;-1.0831722165554454;0.0;Infinity;1;A
user-I050648_session-B34FE261C41F1CECA723A22B5D5BB74C4AC140931465D2DA8F3A7033ABC96D46_analysis-6.csv;user-I050648;2;882092495;8;true;-0.2767228290470117;0.0;Infinity;1;A
user-I050648_session-B34FE261C41F1CECA723A22B5D5BB74C4AC140931465D2DA8F3A7033ABC96D46_analysis-6.csv;user-I050648;2;882092494;6;true;2.949074720986723;0.0;Infinity;1;A
user-I050648_session-B34FE261C41F1CECA723A22B5D5BB74C4AC140931465D2DA8F3A7033ABC96D46_analysis-6.csv;user-I050648;2;882092493;7;true;3.7555241084951567;0.0;Infinity;1;A
user-I050648_session-B34FE261C41F1CECA723A22B5D5BB74C4AC140931465D2DA8F3A7033ABC96D46_analysis-6.csv;user-I050648;2;882092492;6;true;6.174872271020458;0.0;Infinity;1;A
user-I050648_session-B34FE261C41F1CECA723A22B5D5BB74C4AC140931465D2DA8F3A7033ABC96D46_analysis-6.csv;user-I050648;2;1080131947;12;true;-1.0831722165554454;0.0;Infinity;1;A
user-I050648_session-B34FE261C41F1CECA723A22B5D5BB74C4AC140931465D2DA8F3A7033ABC96D46_analysis-6.csv;user-I050648;2;1836827733;7;true;0.5297265584614221;0.0;Infinity;1;A
user-I050648_session-B34FE261C41F1CECA723A22B5D5BB74C4AC140931465D2DA8F3A7033ABC96D46_analysis-6.csv;user-I050648;2;1963831898;13;true;-0.2767228290470117;0.0;Infinity;1;A
user-I050648_session-B34FE261C41F1CECA723A22B5D5BB74C4AC140931465D2DA8F3A7033ABC96D46_analysis-6.csv;user-I050648;2;1979690605;12;true;-0.2767228290470117;0.0;Infinity;1;A
user-I050648_session-B34FE261C41F1CECA723A22B5D5BB74C4AC140931465D2DA8F3A7033ABC96D46_analysis-6.csv;user-I050648;2;-741532833;6;true;-0.2767228290470117;0.0;Infinity;1;A
user-I050648_session-B34FE261C41F1CECA723A22B5D5BB74C4AC140931465D2DA8F3A7033ABC96D46_analysis-6.csv;user-I050648;2;-1646511262;5;true;-0.2767228290470117;0.0;Infinity;1;A
user-I050648_session-B34FE261C41F1CECA723A22B5D5BB74C4AC140931465D2DA8F3A7033ABC96D46_analysis-6.csv;user-I050648;2;882073815;6;true;0.5297265584614221;0.0;Infinity;1;A
user-I050648_session-B34FE261C41F1CECA723A22B5D5BB74C4AC140931465D2DA8F3A7033ABC96D46_analysis-6.csv;user-I050648;2;882094012;5;true;0.5297265584614221;0.0;Infinity;1;A
user-I050648_session-B34FE261C41F1CECA723A22B5D5BB74C4AC140931465D2DA8F3A7033ABC96D46_analysis-6.csv;user-I050648;2;882092500;5;true;-0.2767228290470117;0.0;Infinity;1;A
user-I050648_session-B34FE261C41F1CECA723A22B5D5BB74C4AC140931465D2DA8F3A7033ABC96D46_analysis-6.csv;user-I050648;2;-1773214625;5;true;-0.2767228290470117;0.0;Infinity;1;A
user-I050648_session-B34FE261C41F1CECA723A22B5D5BB74C4AC140931465D2DA8F3A7033ABC96D46_analysis-6.csv;user-I050648;2;882092498;5;true;0.5297265584614221;0.0;Infinity;1;A
user-I050648_session-B34FE261C41F1CECA723A22B5D5BB74C4AC140931465D2DA8F3A7033ABC96D46_analysis-6.csv;user-I050648;2;814223260;5;true;0.5297265584614221;0.0;Infinity;1;A
user-I050648_session-B34FE261C41F1CECA723A22B5D5BB74C4AC140931465D2DA8F3A7033ABC96D46_analysis-6.csv;user-I050648;2;882092499;6;true;1.336175945969856;0.0;Infinity;1;A
user-I050648_session-B34FE261C41F1CECA723A22B5D5BB74C4AC140931465D2DA8F3A7033ABC96D46_analysis-6.csv;user-I050648;2;1366794357;5;true;0.5297265584614221;0.0;Infinity;1;A
user-I050648_session-B34FE261C41F1CECA723A22B5D5BB74C4AC140931465D2DA8F3A7033ABC96D46_analysis-6.csv;user-I050648;2;882094010;5;true;-1.0831722165554454;0.0;Infinity;1;A
user-I050648_session-B34FE261C41F1CECA723A22B5D5BB74C4AC140931465D2DA8F3A7033ABC96D46_analysis-6.csv;user-I050648;2;882092496;7;true;-0.2767228290470117;0.0;Infinity;1;A
user-I050648_session-B34FE261C41F1CECA723A22B5D5BB74C4AC140931465D2DA8F3A7033ABC96D46_analysis-6.csv;user-I050648;2;882094011;5;true;0.5297265584614221;0.0;Infinity;1;A
user-I050648_session-B34FE261C41F1CECA723A22B5D5BB74C4AC140931465D2DA8F3A7033ABC96D46_analysis-6.csv;user-I050648;2;-1745465456;6;true;0.5297265584614221;0.0;Infinity;1;A
user-I050648_session-B34FE261C41F1CECA723A22B5D5BB74C4AC140931465D2DA8F3A7033ABC96D46_analysis-6.csv;user-I050648;2;-1854758708;4;true;-0.2767228290470117;0.0;Infinity;1;A
user-I050648_session-B34FE261C41F1CECA723A22B5D5BB74C4AC140931465D2DA8F3A7033ABC96D46_analysis-6.csv;user-I050648;2;731962992;5;true;-0.2767228290470117;0.0;Infinity;1;A
user-I050648_session-B34FE261C41F1CECA723A22B5D5BB74C4AC140931465D2DA8F3A7033ABC96D46_analysis-6.csv;user-I050648;2;1411841433;6;true;-0.2767228290470117;0.0;Infinity;1;A
user-I050648_session-B34FE261C41F1CECA723A22B5D5BB74C4AC140931465D2DA8F3A7033ABC96D46_analysis-6.csv;user-I050648;2;1092631275;5;true;-0.2767228290470117;0.0;Infinity;1;A
user-I050648_session-B34FE261C41F1CECA723A22B5D5BB74C4AC140931465D2DA8F3A7033ABC96D46_analysis-6.csv;user-I050648;2;-1300120578;4;true;-1.0831722165554454;0.0;Infinity;1;A
user-I050648_session-B34FE261C41F1CECA723A22B5D5BB74C4AC140931465D2DA8F3A7033ABC96D46_analysis-6.csv;user-I050648;2;1563503846;5;true;-0.2767228290470117;0.0;Infinity;1;A
user-I050648_session-B34FE261C41F1CECA723A22B5D5BB74C4AC140931465D2DA8F3A7033ABC96D46_analysis-6.csv;user-I050648;2;585304646;5;true;-1.0831722165554454;0.0;Infinity;1;A
user-I050648_session-B34FE261C41F1CECA723A22B5D5BB74C4AC140931465D2DA8F3A7033ABC96D46_analysis-6.csv;user-I050648;2;-1237479237;5;true;-0.2767228290470117;0.0;Infinity;1;A
user-I050648_session-B34FE261C41F1CECA723A22B5D5BB74C4AC140931465D2DA8F3A7033ABC96D46_analysis-6.csv;user-I050648;2;1563503844;4;true;-0.2767228290470117;0.0;Infinity;1;A
user-I050648_session-B34FE261C41F1CECA723A22B5D5BB74C4AC140931465D2DA8F3A7033ABC96D46_analysis-6.csv;user-I050648;2;-1237479239;5;true;-0.2767228290470117;0.0;Infinity;1;A
user-I050648_session-B34FE261C41F1CECA723A22B5D5BB74C4AC140931465D2DA8F3A7033ABC96D46_analysis-6.csv;user-I050648;2;921041674;5;true;-1.0831722165554454;0.0;Infinity;1;A
user-I050648_session-B34FE261C41F1CECA723A22B5D5BB74C4AC140931465D2DA8F3A7033ABC96D46_analysis-6.csv;user-I050648;2;-1380281426;5;true;-0.2767228290470117;0.0;Infinity;1;A
user-I050648_session-B34FE261C41F1CECA723A22B5D5BB74C4AC140931465D2DA8F3A7033ABC96D46_analysis-6.csv;user-I050648;2;1662000082;5;true;-1.0831722165554454;0.0;Infinity;1;A
user-I050648_session-B34FE261C41F1CECA723A22B5D5BB74C4AC140931465D2DA8F3A7033ABC96D46_analysis-6.csv;user-I050648;2;-1868607753;6;true;-1.0831722165554454;0.0;Infinity;1;A
user-I050648_session-B34FE261C41F1CECA723A22B5D5BB74C4AC140931465D2DA8F3A7033ABC96D46_analysis-6.csv;user-I050648;2;731962991;8;true;1.336175945969856;0.0;Infinity;1;A
user-I050648_session-B34FE261C41F1CECA723A22B5D5BB74C4AC140931465D2DA8F3A7033ABC96D46_analysis-6.csv;user-I050648;2;-1303479261;5;true;-1.0831722165554454;0.0;Infinity;1;A
user-I050648_session-B34FE261C41F1CECA723A22B5D5BB74C4AC140931465D2DA8F3A7033ABC96D46_analysis-6.csv;user-I050648;2;123003179;6;true;-1.0831722165554454;0.0;Infinity;1;A
user-I050648_session-B34FE261C41F1CECA723A22B5D5BB74C4AC140931465D2DA8F3A7033ABC96D46_analysis-6.csv;user-I050648;2;731962990;6;true;-1.0831722165554454;0.0;Infinity;1;A
user-I050648_session-B34FE261C41F1CECA723A22B5D5BB74C4AC140931465D2DA8F3A7033ABC96D46_analysis-6.csv;user-I050648;2;921041668;7;true;0.5297265584614221;0.0;Infinity;1;A
user-I050648_session-B34FE261C41F1CECA723A22B5D5BB74C4AC140931465D2DA8F3A7033ABC96D46_analysis-6.csv;user-I050648;2;731962989;6;true;2.1426253334782897;0.0;Infinity;1;A
user-I050648_session-B34FE261C41F1CECA723A22B5D5BB74C4AC140931465D2DA8F3A7033ABC96D46_analysis-6.csv;user-I050648;2;731962988;6;true;1.336175945969856;0.0;Infinity;1;A
user-I050648_session-B34FE261C41F1CECA723A22B5D5BB74C4AC140931465D2DA8F3A7033ABC96D46_analysis-6.csv;user-I050648;2;731962987;7;true;0.5297265584614221;0.0;Infinity;1;A
user-I050648_session-B34FE261C41F1CECA723A22B5D5BB74C4AC140931465D2DA8F3A7033ABC96D46_analysis-6.csv;user-I050648;2;-1868607748;10;true;0.5297265584614221;0.0;Infinity;1;A
user-I050648_session-B34FE261C41F1CECA723A22B5D5BB74C4AC140931465D2DA8F3A7033ABC96D46_analysis-6.csv;user-I050648;2;731962986;6;true;-0.2767228290470117;0.0;Infinity;1;A
user-I050648_session-B34FE261C41F1CECA723A22B5D5BB74C4AC140931465D2DA8F3A7033ABC96D46_analysis-6.csv;user-I050648;2;1222720129;5;true;0.5297265584614221;0.0;Infinity;1;A
user-I050648_session-B34FE261C41F1CECA723A22B5D5BB74C4AC140931465D2DA8F3A7033ABC96D46_analysis-6.csv;user-I050648;2;731962984;8;true;2.949074720986723;0.0;Infinity;1;A
user-I050648_session-B34FE261C41F1CECA723A22B5D5BB74C4AC140931465D2DA8F3A7033ABC96D46_analysis-6.csv;user-I050648;2;-1237479243;8;true;-1.0831722165554454;0.0;Infinity;1;A
user-I050648_session-B34FE261C41F1CECA723A22B5D5BB74C4AC140931465D2DA8F3A7033ABC96D46_analysis-6.csv;user-I050648;2;-1310869734;8;true;-0.2767228290470117;0.0;Infinity;1;A
user-I050648_session-B34FE261C41F1CECA723A22B5D5BB74C4AC140931465D2DA8F3A7033ABC96D46_analysis-6.csv;user-I050648;2;-1912573742;8;true;-1.0831722165554454;0.0;Infinity;1;A
user-I050648_session-B34FE261C41F1CECA723A22B5D5BB74C4AC140931465D2DA8F3A7033ABC96D46_analysis-6.csv;user-I050648;2;-1087914557;5;true;-0.2767228290470117;0.0;Infinity;1;A
user-I050648_session-B34FE261C41F1CECA723A22B5D5BB74C4AC140931465D2DA8F3A7033ABC96D46_analysis-6.csv;user-I050648;2;-1087914558;7;true;-0.2767228290470117;0.0;Infinity;1;A
user-I050648_session-B34FE261C41F1CECA723A22B5D5BB74C4AC140931465D2DA8F3A7033ABC96D46_analysis-6.csv;user-I050648;2;1222720123;6;true;0.5297265584614221;0.0;Infinity;1;A
user-I050648_session-B34FE261C41F1CECA723A22B5D5BB74C4AC140931465D2DA8F3A7033ABC96D46_analysis-6.csv;user-I050648;2;-1310869740;6;true;-0.2767228290470117;0.0;Infinity;1;A
user-I050648_session-B34FE261C41F1CECA723A22B5D5BB74C4AC140931465D2DA8F3A7033ABC96D46_analysis-6.csv;user-I050648;2;1222720125;7;true;-0.2767228290470117;0.0;Infinity;1;A
user-I050648_session-B34FE261C41F1CECA723A22B5D5BB74C4AC140931465D2DA8F3A7033ABC96D46_analysis-6.csv;user-I050648;2;585303128;6;true;-0.2767228290470117;0.0;Infinity;1;A
user-I050648_session-B34FE261C41F1CECA723A22B5D5BB74C4AC140931465D2DA8F3A7033ABC96D46_analysis-6.csv;user-I050648;2;585303135;7;true;-1.0831722165554454;0.0;Infinity;1;A
user-I050648_session-B34FE261C41F1CECA723A22B5D5BB74C4AC140931465D2DA8F3A7033ABC96D46_analysis-6.csv;user-I050648;2;764065528;6;true;0.5297265584614221;0.0;Infinity;1;A
user-I050648_session-B34FE261C41F1CECA723A22B5D5BB74C4AC140931465D2DA8F3A7033ABC96D46_analysis-6.csv;user-I050648;2;-1912573745;6;true;-0.2767228290470117;0.0;Infinity;1;A
user-I050648_session-B34FE261C41F1CECA723A22B5D5BB74C4AC140931465D2DA8F3A7033ABC96D46_analysis-6.csv;user-I050648;2;-1912573746;5;true;-1.0831722165554454;0.0;Infinity;1;A
user-I050648_session-B34FE261C41F1CECA723A22B5D5BB74C4AC140931465D2DA8F3A7033ABC96D46_analysis-6.csv;user-I050648;2;764065529;6;true;-0.2767228290470117;0.0;Infinity;1;A
user-I050648_session-B34FE261C41F1CECA723A22B5D5BB74C4AC140931465D2DA8F3A7033ABC96D46_analysis-6.csv;user-I050648;2;-1316287234;6;true;-0.2767228290470117;0.0;Infinity;1;A
user-I050648_session-B34FE261C41F1CECA723A22B5D5BB74C4AC140931465D2DA8F3A7033ABC96D46_analysis-6.csv;user-I050648;2;585303127;5;true;-0.2767228290470117;0.0;Infinity;1;A
user-I050648_session-B34FE261C41F1CECA723A22B5D5BB74C4AC140931465D2DA8F3A7033ABC96D46_analysis-6.csv;user-I050648;2;642524319;5;true;0.5297265584614221;0.0;Infinity;1;A
user-I050648_session-B34FE261C41F1CECA723A22B5D5BB74C4AC140931465D2DA8F3A7033ABC96D46_analysis-6.csv;user-I050648;2;764065532;6;true;-0.2767228290470117;0.0;Infinity;1;A
user-I050648_session-B34FE261C41F1CECA723A22B5D5BB74C4AC140931465D2DA8F3A7033ABC96D46_analysis-6.csv;user-I050648;2;642524323;6;true;0.5297265584614221;0.0;Infinity;1;A
user-I050648_session-B34FE261C41F1CECA723A22B5D5BB74C4AC140931465D2DA8F3A7033ABC96D46_analysis-6.csv;user-I050648;2;642524320;5;true;-0.2767228290470117;0.0;Infinity;1;A
user-I050648_session-B34FE261C41F1CECA723A22B5D5BB74C4AC140931465D2DA8F3A7033ABC96D46_analysis-6.csv;user-I050648;2;-1377743650;5;true;-0.2767228290470117;0.0;Infinity;1;A
user-I050648_session-B34FE261C41F1CECA723A22B5D5BB74C4AC140931465D2DA8F3A7033ABC96D46_analysis-6.csv;user-I050648;2;642524324;5;true;0.5297265584614221;0.0;Infinity;1;A
user-I050648_session-B34FE261C41F1CECA723A22B5D5BB74C4AC140931465D2DA8F3A7033ABC96D46_analysis-6.csv;user-I050648;2;642524325;6;true;0.5297265584614221;0.0;Infinity;1;A
user-I050648_session-B34FE261C41F1CECA723A22B5D5BB74C4AC140931465D2DA8F3A7033ABC96D46_analysis-6.csv;user-I050648;2;346164057;7;true;1.336175945969856;0.0;Infinity;1;A
user-I050648_session-B34FE261C41F1CECA723A22B5D5BB74C4AC140931465D2DA8F3A7033ABC96D46_analysis-6.csv;user-I050648;2;1661998568;7;true;-0.2767228290470117;0.0;Infinity;1;A
user-I050648_session-B34FE261C41F1CECA723A22B5D5BB74C4AC140931465D2DA8F3A7033ABC96D46_analysis-6.csv;user-I050648;2;1661998569;8;true;-0.2767228290470117;0.0;Infinity;1;A
user-I050648_session-B34FE261C41F1CECA723A22B5D5BB74C4AC140931465D2DA8F3A7033ABC96D46_analysis-6.csv;user-I050648;2;1985712779;7;true;0.5297265584614221;0.0;Infinity;1;A
user-I050648_session-B34FE261C41F1CECA723A22B5D5BB74C4AC140931465D2DA8F3A7033ABC96D46_analysis-6.csv;user-I050648;2;-1315279061;7;true;0.5297265584614221;0.0;Infinity;1;A
user-I050648_session-B34FE261C41F1CECA723A22B5D5BB74C4AC140931465D2DA8F3A7033ABC96D46_analysis-6.csv;user-I050648;2;-577181770;5;true;0.5297265584614221;0.0;Infinity;1;A
user-I050648_session-B34FE261C41F1CECA723A22B5D5BB74C4AC140931465D2DA8F3A7033ABC96D46_analysis-6.csv;user-I050648;2;1015799482;6;true;0.5297265584614221;0.0;Infinity;1;A
user-I050648_session-B34FE261C41F1CECA723A22B5D5BB74C4AC140931465D2DA8F3A7033ABC96D46_analysis-6.csv;user-I050648;2;1015799480;5;true;0.5297265584614221;0.0;Infinity;1;A
user-I050648_session-B34FE261C41F1CECA723A22B5D5BB74C4AC140931465D2DA8F3A7033ABC96D46_analysis-6.csv;user-I050648;2;1015799486;7;true;0.5297265584614221;0.0;Infinity;1;A
user-I050648_session-B34FE261C41F1CECA723A22B5D5BB74C4AC140931465D2DA8F3A7033ABC96D46_analysis-6.csv;user-I050648;2;1661998565;6;true;-0.2767228290470117;0.0;Infinity;1;A
user-I050648_session-B34FE261C41F1CECA723A22B5D5BB74C4AC140931465D2DA8F3A7033ABC96D46_analysis-6.csv;user-I050648;2;1661998567;7;true;-0.2767228290470117;0.0;Infinity;1;A
user-I050648_session-B34FE261C41F1CECA723A22B5D5BB74C4AC140931465D2DA8F3A7033ABC96D46_analysis-6.csv;user-I050648;2;1015799485;7;true;0.5297265584614221;0.0;Infinity;1;A
user-I050648_session-B34FE261C41F1CECA723A22B5D5BB74C4AC140931465D2DA8F3A7033ABC96D46_analysis-6.csv;user-I050648;2;-1621785746;9;true;0.5297265584614221;0.0;Infinity;1;A
user-I050648_session-B34FE261C41F1CECA723A22B5D5BB74C4AC140931465D2DA8F3A7033ABC96D46_analysis-6.csv;user-I050648;2;-1306943905;6;true;0.5297265584614221;0.0;Infinity;1;A
user-I050648_session-B34FE261C41F1CECA723A22B5D5BB74C4AC140931465D2DA8F3A7033ABC96D46_analysis-6.csv;user-I050648;2;1151243063;7;true;0.5297265584614221;0.0;Infinity;1;A
user-I050648_session-B34FE261C41F1CECA723A22B5D5BB74C4AC140931465D2DA8F3A7033ABC96D46_analysis-6.csv;user-I050648;2;-1307673928;6;true;0.5297265584614221;0.0;Infinity;1;A
user-I050648_session-B34FE261C41F1CECA723A22B5D5BB74C4AC140931465D2DA8F3A7033ABC96D46_analysis-6.csv;user-I050648;2;-1307673927;6;true;-1.0831722165554454;0.0;Infinity;1;A
user-I050648_session-B34FE261C41F1CECA723A22B5D5BB74C4AC140931465D2DA8F3A7033ABC96D46_analysis-6.csv;user-I050648;2;-1624605458;6;true;0.5297265584614221;0.0;Infinity;1;A
user-I050648_session-B34FE261C41F1CECA723A22B5D5BB74C4AC140931465D2DA8F3A7033ABC96D46_analysis-6.csv;user-I050648;2;-1624605455;6;true;0.5297265584614221;0.0;Infinity;1;A
user-I050648_session-B34FE261C41F1CECA723A22B5D5BB74C4AC140931465D2DA8F3A7033ABC96D46_analysis-6.csv;user-I050648;2;290471;5;true;0.5297265584614221;0.0;Infinity;1;A
user-I050648_session-B34FE261C41F1CECA723A22B5D5BB74C4AC140931465D2DA8F3A7033ABC96D46_analysis-6.csv;user-I050648;2;958742203;5;true;-1.0831722165554454;0.0;Infinity;1;A
user-I050648_session-B34FE261C41F1CECA723A22B5D5BB74C4AC140931465D2DA8F3A7033ABC96D46_analysis-6.csv;user-I050648;2;-1167223734;5;true;0.5297265584614221;0.0;Infinity;1;A
user-I050648_session-B34FE261C41F1CECA723A22B5D5BB74C4AC140931465D2DA8F3A7033ABC96D46_analysis-6.csv;user-I050648;2;1563502326;5;true;-0.2767228290470117;0.0;Infinity;1;A
user-I050648_session-B34FE261C41F1CECA723A22B5D5BB74C4AC140931465D2DA8F3A7033ABC96D46_analysis-6.csv;user-I050648;2;-1624605451;5;true;0.5297265584614221;0.0;Infinity;1;A
user-I050648_session-B34FE261C41F1CECA723A22B5D5BB74C4AC140931465D2DA8F3A7033ABC96D46_analysis-6.csv;user-I050648;2;450133144;6;true;-1.0831722165554454;0.0;Infinity;1;A
user-I050648_session-B34FE261C41F1CECA723A22B5D5BB74C4AC140931465D2DA8F3A7033ABC96D46_analysis-6.csv;user-I050648;2;-1624605450;6;true;0.5297265584614221;0.0;Infinity;1;A
user-I050648_session-B34FE261C41F1CECA723A22B5D5BB74C4AC140931465D2DA8F3A7033ABC96D46_analysis-6.csv;user-I050648;2;290477;7;true;-0.2767228290470117;0.0;Infinity;1;A
user-I050648_session-B34FE261C41F1CECA723A22B5D5BB74C4AC140931465D2DA8F3A7033ABC96D46_analysis-6.csv;user-I050648;2;-926838415;7;true;-0.2767228290470117;0.0;Infinity;1;A
user-I050648_session-B34FE261C41F1CECA723A22B5D5BB74C4AC140931465D2DA8F3A7033ABC96D46_analysis-6.csv;user-I050648;2;450133143;7;true;-0.2767228290470117;0.0;Infinity;1;A
user-I050648_session-B34FE261C41F1CECA723A22B5D5BB74C4AC140931465D2DA8F3A7033ABC96D46_analysis-6.csv;user-I050648;2;-1951752620;6;true;-1.0831722165554454;0.0;Infinity;1;A
user-I050648_session-B34FE261C41F1CECA723A22B5D5BB74C4AC140931465D2DA8F3A7033ABC96D46_analysis-6.csv;user-I050648;2;888613450;5;true;-0.2767228290470117;0.0;Infinity;1;A
user-I050648_session-B34FE261C41F1CECA723A22B5D5BB74C4AC140931465D2DA8F3A7033ABC96D46_analysis-6.csv;user-I050648;2;-1621785744;5;true;0.5297265584614221;0.0;Infinity;1;A
user-I050648_session-B34FE261C41F1CECA723A22B5D5BB74C4AC140931465D2DA8F3A7033ABC96D46_analysis-6.csv;user-I050648;2;-1377965491;5;true;-0.2767228290470117;0.0;Infinity;1;A
user-I050648_session-B34FE261C41F1CECA723A22B5D5BB74C4AC140931465D2DA8F3A7033ABC96D46_analysis-6.csv;user-I050648;2;605764219;11;true;-0.2767228290470117;0.0;Infinity;1;A
user-I050648_session-B34FE261C41F1CECA723A22B5D5BB74C4AC140931465D2DA8F3A7033ABC96D46_analysis-6.csv;user-I050648;2;605764218;6;true;-0.2767228290470117;0.0;Infinity;1;A
user-I050648_session-B34FE261C41F1CECA723A22B5D5BB74C4AC140931465D2DA8F3A7033ABC96D46_analysis-6.csv;user-I050648;2;605764221;8;true;1.336175945969856;0.0;Infinity;1;A
user-I050648_session-B34FE261C41F1CECA723A22B5D5BB74C4AC140931465D2DA8F3A7033ABC96D46_analysis-6.csv;user-I050648;2;-2030720841;7;true;-1.0831722165554454;0.0;Infinity;1;A
user-I050648_session-B34FE261C41F1CECA723A22B5D5BB74C4AC140931465D2DA8F3A7033ABC96D46_analysis-6.csv;user-I050648;2;2030040498;6;true;-1.0831722165554454;0.0;Infinity;1;A
user-I050648_session-B34FE261C41F1CECA723A22B5D5BB74C4AC140931465D2DA8F3A7033ABC96D46_analysis-6.csv;user-I050648;2;59802368;5;true;-0.2767228290470117;0.0;Infinity;1;A
user-I050648_session-B34FE261C41F1CECA723A22B5D5BB74C4AC140931465D2DA8F3A7033ABC96D46_analysis-6.csv;user-I050648;2;605764223;6;true;-1.0831722165554454;0.0;Infinity;1;A
user-I050648_session-B34FE261C41F1CECA723A22B5D5BB74C4AC140931465D2DA8F3A7033ABC96D46_analysis-6.csv;user-I050648;2;59800851;6;true;0.5297265584614221;0.0;Infinity;1;A
user-I050648_session-B34FE261C41F1CECA723A22B5D5BB74C4AC140931465D2DA8F3A7033ABC96D46_analysis-6.csv;user-I050648;2;605764222;7;true;-1.0831722165554454;0.0;Infinity;1;A
user-I050648_session-B34FE261C41F1CECA723A22B5D5BB74C4AC140931465D2DA8F3A7033ABC96D46_analysis-6.csv;user-I050648;2;-1738518209;8;true;-1.0831722165554454;0.0;Infinity;1;A
user-I050648_session-B34FE261C41F1CECA723A22B5D5BB74C4AC140931465D2DA8F3A7033ABC96D46_analysis-6.csv;user-I050648;2;-2030720839;7;true;-1.0831722165554454;0.0;Infinity;1;A
user-I050648_session-B34FE261C41F1CECA723A22B5D5BB74C4AC140931465D2DA8F3A7033ABC96D46_analysis-6.csv;user-I050648;2;-1738518215;7;true;0.5297265584614221;0.0;Infinity;1;A
user-I050648_session-B34FE261C41F1CECA723A22B5D5BB74C4AC140931465D2DA8F3A7033ABC96D46_analysis-6.csv;user-I050648;2;-1810085312;5;true;0.5297265584614221;0.0;Infinity;1;A
user-I050648_session-B34FE261C41F1CECA723A22B5D5BB74C4AC140931465D2DA8F3A7033ABC96D46_analysis-6.csv;user-I050648;2;-1738518213;6;true;-1.0831722165554454;0.0;Infinity;1;A
user-I050648_session-B34FE261C41F1CECA723A22B5D5BB74C4AC140931465D2DA8F3A7033ABC96D46_analysis-6.csv;user-I050648;2;-1624603938;7;true;-1.0831722165554454;0.0;Infinity;1;A
user-I050648_session-B34FE261C41F1CECA723A22B5D5BB74C4AC140931465D2DA8F3A7033ABC96D46_analysis-6.csv;user-I050648;2;1411839915;8;true;0.5297265584614221;0.0;Infinity;1;A
user-I050648_session-B34FE261C41F1CECA723A22B5D5BB74C4AC140931465D2DA8F3A7033ABC96D46_analysis-6.csv;user-I050648;2;-1810085309;9;true;-0.2767228290470117;0.0;Infinity;1;A
user-I050648_session-B34FE261C41F1CECA723A22B5D5BB74C4AC140931465D2DA8F3A7033ABC96D46_analysis-6.csv;user-I050648;2;59632277;8;true;-1.0831722165554454;0.0;Infinity;1;A
user-I050648_session-B34FE261C41F1CECA723A22B5D5BB74C4AC140931465D2DA8F3A7033ABC96D46_analysis-6.csv;user-I050648;2;59632276;8;true;-1.0831722165554454;0.0;Infinity;1;A
user-I050648_session-B34FE261C41F1CECA723A22B5D5BB74C4AC140931465D2DA8F3A7033ABC96D46_analysis-6.csv;user-I050648;2;-1315279000;7;true;0.5297265584614221;0.0;Infinity;1;A
user-I050648_session-B34FE261C41F1CECA723A22B5D5BB74C4AC140931465D2DA8F3A7033ABC96D46_analysis-6.csv;user-I050648;2;-181912095;6;true;-0.2767228290470117;0.0;Infinity;1;A
user-I050648_session-B34FE261C41F1CECA723A22B5D5BB74C4AC140931465D2DA8F3A7033ABC96D46_analysis-6.csv;user-I050648;2;1411839920;6;true;1.336175945969856;0.0;Infinity;1;A
user-I050648_session-B34FE261C41F1CECA723A22B5D5BB74C4AC140931465D2DA8F3A7033ABC96D46_analysis-6.csv;user-I050648;2;-1315279003;8;true;0.5297265584614221;0.0;Infinity;1;A
user-I050648_session-B34FE261C41F1CECA723A22B5D5BB74C4AC140931465D2DA8F3A7033ABC96D46_analysis-6.csv;user-I050648;2;-1306943904;7;true;0.5297265584614221;0.0;Infinity;1;A
user-I050648_session-B34FE261C41F1CECA723A22B5D5BB74C4AC140931465D2DA8F3A7033ABC96D46_analysis-6.csv;user-I050648;2;-1306942392;6;true;0.5297265584614221;0.0;Infinity;1;A
user-I050648_session-B34FE261C41F1CECA723A22B5D5BB74C4AC140931465D2DA8F3A7033ABC96D46_analysis-6.csv;user-I050648;2;523831258;7;true;0.5297265584614221;0.0;Infinity;1;A
user-I050648_session-B34FE261C41F1CECA723A22B5D5BB74C4AC140931465D2DA8F3A7033ABC96D46_analysis-6.csv;user-I050648;2;-1378125354;7;true;-0.2767228290470117;0.0;Infinity;1;A
user-I050648_session-B34FE261C41F1CECA723A22B5D5BB74C4AC140931465D2DA8F3A7033ABC96D46_analysis-6.csv;user-I050648;2;-1488030882;5;true;0.5297265584614221;0.0;Infinity;1;A
user-I050648_session-B34FE261C41F1CECA723A22B5D5BB74C4AC140931465D2DA8F3A7033ABC96D46_analysis-6.csv;user-I050648;2;-1378125353;7;true;0.5297265584614221;0.0;Infinity;1;A
user-I050648_session-B34FE261C41F1CECA723A22B5D5BB74C4AC140931465D2DA8F3A7033ABC96D46_analysis-6.csv;user-I050648;2;-1488030881;6;true;0.5297265584614221;0.0;Infinity;1;A
user-I050648_session-B34FE261C41F1CECA723A22B5D5BB74C4AC140931465D2DA8F3A7033ABC96D46_analysis-6.csv;user-I050648;2;-1377873587;7;true;0.5297265584614221;0.0;Infinity;1;A
user-I050648_session-B34FE261C41F1CECA723A22B5D5BB74C4AC140931465D2DA8F3A7033ABC96D46_analysis-6.csv;user-I050648;2;-1246859013;7;true;0.5297265584614221;0.0;Infinity;1;A
user-I050648_session-B34FE261C41F1CECA723A22B5D5BB74C4AC140931465D2DA8F3A7033ABC96D46_analysis-6.csv;user-I050648;2;1524472909;6;true;-0.2767228290470117;0.0;Infinity;1;A
user-I050648_session-B34FE261C41F1CECA723A22B5D5BB74C4AC140931465D2DA8F3A7033ABC96D46_analysis-6.csv;user-I050648;2;-1315277543;6;true;-1.0831722165554454;0.0;Infinity;1;A
user-I050648_session-B34FE261C41F1CECA723A22B5D5BB74C4AC140931465D2DA8F3A7033ABC96D46_analysis-6.csv;user-I050648;2;-1378070170;5;true;-1.0831722165554454;0.0;Infinity;1;A
user-I050648_session-B34FE261C41F1CECA723A22B5D5BB74C4AC140931465D2DA8F3A7033ABC96D46_analysis-6.csv;user-I050648;2;772701651;5;true;-1.0831722165554454;0.0;Infinity;1;A
user-I050648_session-B34FE261C41F1CECA723A22B5D5BB74C4AC140931465D2DA8F3A7033ABC96D46_analysis-6.csv;user-I050648;2;-1378070165;6;true;0.5297265584614221;0.0;Infinity;1;A
user-I050648_session-B34FE261C41F1CECA723A22B5D5BB74C4AC140931465D2DA8F3A7033ABC96D46_analysis-6.csv;user-I050648;2;-1378070166;6;true;-0.2767228290470117;0.0;Infinity;1;A
user-I050648_session-B34FE261C41F1CECA723A22B5D5BB74C4AC140931465D2DA8F3A7033ABC96D46_analysis-6.csv;user-I050648;2;-1378070168;7;true;0.5297265584614221;0.0;Infinity;1;A
user-I050648_session-B34FE261C41F1CECA723A22B5D5BB74C4AC140931465D2DA8F3A7033ABC96D46_analysis-6.csv;user-I050648;2;495885565;6;true;0.5297265584614221;0.0;Infinity;1;A
user-I050648_session-B34FE261C41F1CECA723A22B5D5BB74C4AC140931465D2DA8F3A7033ABC96D46_analysis-6.csv;user-I050648;2;495885562;7;true;2.1426253334782897;0.0;Infinity;1;A
user-I050648_session-B34FE261C41F1CECA723A22B5D5BB74C4AC140931465D2DA8F3A7033ABC96D46_analysis-6.csv;user-I050648;2;-1378070163;7;true;-0.2767228290470117;0.0;Infinity;1;A
user-I050648_session-B34FE261C41F1CECA723A22B5D5BB74C4AC140931465D2DA8F3A7033ABC96D46_analysis-6.csv;user-I050648;2;878522419;5;true;0.5297265584614221;0.0;Infinity;1;A
user-I050648_session-B34FE261C41F1CECA723A22B5D5BB74C4AC140931465D2DA8F3A7033ABC96D46_analysis-6.csv;user-I050648;2;-1164216373;6;true;0.5297265584614221;0.0;Infinity;1;A
user-I050648_session-B34FE261C41F1CECA723A22B5D5BB74C4AC140931465D2DA8F3A7033ABC96D46_analysis-6.csv;user-I050648;2;-144451621;6;true;-1.0831722165554454;0.0;Infinity;1;A
user-I050648_session-B34FE261C41F1CECA723A22B5D5BB74C4AC140931465D2DA8F3A7033ABC96D46_analysis-6.csv;user-I050648;2;1895058385;7;true;-0.2767228290470117;0.0;Infinity;1;A
user-I050648_session-B34FE261C41F1CECA723A22B5D5BB74C4AC140931465D2DA8F3A7033ABC96D46_analysis-6.csv;user-I050648;2;1557533581;7;true;0.5297265584614221;0.0;Infinity;1;A
user-I050648_session-B34FE261C41F1CECA723A22B5D5BB74C4AC140931465D2DA8F3A7033ABC96D46_analysis-6.csv;user-I050648;2;-1164216370;8;true;0.5297265584614221;0.0;Infinity;1;A
user-I050648_session-B34FE261C41F1CECA723A22B5D5BB74C4AC140931465D2DA8F3A7033ABC96D46_analysis-6.csv;user-I050648;2;-1300707328;8;true;-0.2767228290470117;0.0;Infinity;1;A
user-I050648_session-B34FE261C41F1CECA723A22B5D5BB74C4AC140931465D2DA8F3A7033ABC96D46_analysis-6.csv;user-I050648;2;1836826221;7;true;-0.2767228290470117;0.0;Infinity;1;A
user-I050648_session-B34FE261C41F1CECA723A22B5D5BB74C4AC140931465D2DA8F3A7033ABC96D46_analysis-6.csv;user-I050648;2;-1164216367;5;true;0.5297265584614221;0.0;Infinity;1;A
user-I050648_session-B34FE261C41F1CECA723A22B5D5BB74C4AC140931465D2DA8F3A7033ABC96D46_analysis-6.csv;user-I050648;2;1557533584;5;true;-1.0831722165554454;0.0;Infinity;1;A
user-I050648_session-B34FE261C41F1CECA723A22B5D5BB74C4AC140931465D2DA8F3A7033ABC96D46_analysis-6.csv;user-I050648;2;1557533589;6;true;2.1426253334782897;0.0;Infinity;1;A
user-I050648_session-B34FE261C41F1CECA723A22B5D5BB74C4AC140931465D2DA8F3A7033ABC96D46_analysis-6.csv;user-I050648;2;-1603684502;8;true;-1.0831722165554454;0.0;Infinity;1;A
user-I050648_session-B34FE261C41F1CECA723A22B5D5BB74C4AC140931465D2DA8F3A7033ABC96D46_analysis-6.csv;user-I050648;2;-1311800137;7;true;-1.0831722165554454;0.0;Infinity;1;A
user-I050648_session-B34FE261C41F1CECA723A22B5D5BB74C4AC140931465D2DA8F3A7033ABC96D46_analysis-6.csv;user-I050648;2;-1202851581;8;true;-0.2767228290470117;0.0;Infinity;1;A
user-I050648_session-B34FE261C41F1CECA723A22B5D5BB74C4AC140931465D2DA8F3A7033ABC96D46_analysis-6.csv;user-I050648;2;-1603686021;7;true;0.5297265584614221;0.0;Infinity;1;A
user-I050648_session-B34FE261C41F1CECA723A22B5D5BB74C4AC140931465D2DA8F3A7033ABC96D46_analysis-6.csv;user-I050648;2;-1603686020;5;true;2.949074720986723;0.0;Infinity;1;A
user-I050648_session-B34FE261C41F1CECA723A22B5D5BB74C4AC140931465D2DA8F3A7033ABC96D46_analysis-6.csv;user-I050648;2;1985711264;6;true;-0.2767228290470117;0.0;Infinity;1;A
user-I050648_session-B34FE261C41F1CECA723A22B5D5BB74C4AC140931465D2DA8F3A7033ABC96D46_analysis-6.csv;user-I050648;2;840498116;5;true;-1.0831722165554454;0.0;Infinity;1;A
user-I050648_session-B34FE261C41F1CECA723A22B5D5BB74C4AC140931465D2DA8F3A7033ABC96D46_analysis-6.csv;user-I050648;2;-1316285716;6;true;1.336175945969856;0.0;Infinity;1;A
user-I050648_session-B34FE261C41F1CECA723A22B5D5BB74C4AC140931465D2DA8F3A7033ABC96D46_analysis-6.csv;user-I050648;2;523829743;49;true;-0.2767228290470117;0.0;Infinity;1;A
user-I050648_session-B34FE261C41F1CECA723A22B5D5BB74C4AC140931465D2DA8F3A7033ABC96D46_analysis-6.csv;user-I050648;2;-1316285717;7;true;-1.0831722165554454;0.0;Infinity;1;A
user-I050648_session-B34FE261C41F1CECA723A22B5D5BB74C4AC140931465D2DA8F3A7033ABC96D46_analysis-6.csv;user-I050648;2;-1465278817;6;true;-0.2767228290470117;0.0;Infinity;1;A
user-I050648_session-B34FE261C41F1CECA723A22B5D5BB74C4AC140931465D2DA8F3A7033ABC96D46_analysis-6.csv;user-I050648;2;-80359816;8;true;-0.2767228290470117;0.0;Infinity;1;A
user-I050648_session-B34FE261C41F1CECA723A22B5D5BB74C4AC140931465D2DA8F3A7033ABC96D46_analysis-6.csv;user-I050648;2;-1309564092;8;true;0.5297265584614221;0.0;Infinity;1;A
user-I050648_session-B34FE261C41F1CECA723A22B5D5BB74C4AC140931465D2DA8F3A7033ABC96D46_analysis-6.csv;user-I050648;2;-1528541181;6;true;0.5297265584614221;0.0;Infinity;1;A
user-I050648_session-B34FE261C41F1CECA723A22B5D5BB74C4AC140931465D2DA8F3A7033ABC96D46_analysis-6.csv;user-I050648;2;1151241548;6;true;0.5297265584614221;0.0;Infinity;1;A
user-I050648_session-B34FE261C41F1CECA723A22B5D5BB74C4AC140931465D2DA8F3A7033ABC96D46_analysis-6.csv;user-I050648;2;-1528541184;9;true;-0.2767228290470117;0.0;Infinity;1;A
user-I050648_session-B34FE261C41F1CECA723A22B5D5BB74C4AC140931465D2DA8F3A7033ABC96D46_analysis-6.csv;user-I050648;2;-1441698506;7;true;-1.0831722165554454;0.0;Infinity;1;A
user-I050648_session-B34FE261C41F1CECA723A22B5D5BB74C4AC140931465D2DA8F3A7033ABC96D46_analysis-6.csv;user-I050648;2;-1465278816;7;true;-0.2767228290470117;0.0;Infinity;1;A
user-I050648_session-B34FE261C41F1CECA723A22B5D5BB74C4AC140931465D2DA8F3A7033ABC96D46_analysis-6.csv;user-I050648;2;-766139742;7;true;-0.2767228290470117;0.0;Infinity;1;A
user-I050648_session-B34FE261C41F1CECA723A22B5D5BB74C4AC140931465D2DA8F3A7033ABC96D46_analysis-6.csv;user-I050648;2;-1543876695;7;true;-0.2767228290470117;0.0;Infinity;1;A
user-I050648_session-B34FE261C41F1CECA723A22B5D5BB74C4AC140931465D2DA8F3A7033ABC96D46_analysis-6.csv;user-I050648;2;-1528541179;6;true;-1.0831722165554454;0.0;Infinity;1;A
user-I050648_session-B34FE261C41F1CECA723A22B5D5BB74C4AC140931465D2DA8F3A7033ABC96D46_analysis-6.csv;user-I050648;2;-1441698507;5;true;-1.0831722165554454;0.0;Infinity;1;A
user-I050648_session-B34FE261C41F1CECA723A22B5D5BB74C4AC140931465D2DA8F3A7033ABC96D46_analysis-6.csv;user-I050648;2;1151241545;6;true;2.1426253334782897;0.0;Infinity;1;A
user-I050648_session-B34FE261C41F1CECA723A22B5D5BB74C4AC140931465D2DA8F3A7033ABC96D46_analysis-6.csv;user-I050648;2;-1465278814;6;true;-1.0831722165554454;0.0;Infinity;1;A
user-I050648_session-B34FE261C41F1CECA723A22B5D5BB74C4AC140931465D2DA8F3A7033ABC96D46_analysis-6.csv;user-I050648;2;-1528541180;6;true;0.5297265584614221;0.0;Infinity;1;A
user-I050648_session-B34FE261C41F1CECA723A22B5D5BB74C4AC140931465D2DA8F3A7033ABC96D46_analysis-6.csv;user-I050648;2;-58090198;7;true;-0.2767228290470117;0.0;Infinity;1;A
user-I050648_session-B34FE261C41F1CECA723A22B5D5BB74C4AC140931465D2DA8F3A7033ABC96D46_analysis-6.csv;user-I050648;2;1557535099;8;true;2.1426253334782897;0.0;Infinity;1;A
user-I050648_session-B34FE261C41F1CECA723A22B5D5BB74C4AC140931465D2DA8F3A7033ABC96D46_analysis-6.csv;user-I050648;2;-58090197;7;true;0.5297265584614221;0.0;Infinity;1;A
user-I050648_session-B34FE261C41F1CECA723A22B5D5BB74C4AC140931465D2DA8F3A7033ABC96D46_analysis-6.csv;user-I050648;2;-1167225248;5;true;-1.0831722165554454;0.0;Infinity;1;A
user-I050648_session-B34FE261C41F1CECA723A22B5D5BB74C4AC140931465D2DA8F3A7033ABC96D46_analysis-6.csv;user-I050648;2;-1167225245;6;true;-1.0831722165554454;0.0;Infinity;1;A
user-I050648_session-B34FE261C41F1CECA723A22B5D5BB74C4AC140931465D2DA8F3A7033ABC96D46_analysis-6.csv;user-I050648;2;-1759636583;8;true;2.1426253334782897;0.0;Infinity;1;A
user-I050648_session-B34FE261C41F1CECA723A22B5D5BB74C4AC140931465D2DA8F3A7033ABC96D46_analysis-6.csv;user-I050648;2;-58090195;11;true;-1.0831722165554454;0.0;Infinity;1;A
user-I050648_session-B34FE261C41F1CECA723A22B5D5BB74C4AC140931465D2DA8F3A7033ABC96D46_analysis-6.csv;user-I050648;2;-58090192;5;true;-0.2767228290470117;0.0;Infinity;1;A
user-I050648_session-B34FE261C41F1CECA723A22B5D5BB74C4AC140931465D2DA8F3A7033ABC96D46_analysis-6.csv;user-I050648;2;291988;5;true;0.5297265584614221;0.0;Infinity;1;A
user-I050648_session-B34FE261C41F1CECA723A22B5D5BB74C4AC140931465D2DA8F3A7033ABC96D46_analysis-6.csv;user-I050648;2;1985711261;6;true;-0.2767228290470117;0.0;Infinity;1;A
user-I050648_session-B34FE261C41F1CECA723A22B5D5BB74C4AC140931465D2DA8F3A7033ABC96D46_analysis-6.csv;user-I050648;2;1985711263;6;true;2.949074720986723;0.0;Infinity;1;A
user-I050648_session-B34FE261C41F1CECA723A22B5D5BB74C4AC140931465D2DA8F3A7033ABC96D46_analysis-6.csv;user-I050648;2;-178750059;5;true;-1.0831722165554454;0.0;Infinity;1;A
user-I050648_session-B34FE261C41F1CECA723A22B5D5BB74C4AC140931465D2DA8F3A7033ABC96D46_analysis-6.csv;user-I050648;2;-1316287231;6;true;-1.0831722165554454;0.0;Infinity;1;A
user-I050648_session-B34FE261C41F1CECA723A22B5D5BB74C4AC140931465D2DA8F3A7033ABC96D46_analysis-6.csv;user-I050648;2;-149184884;7;true;1.336175945969856;0.0;Infinity;1;A
user-I050648_session-B34FE261C41F1CECA723A22B5D5BB74C4AC140931465D2DA8F3A7033ABC96D46_analysis-6.csv;user-I050648;2;-1302548060;6;true;-0.2767228290470117;0.0;Infinity;1;A
user-I050648_session-B34FE261C41F1CECA723A22B5D5BB74C4AC140931465D2DA8F3A7033ABC96D46_analysis-6.csv;user-I050648;2;-1378126869;7;true;1.336175945969856;0.0;Infinity;1;A
user-I050648_session-B34FE261C41F1CECA723A22B5D5BB74C4AC140931465D2DA8F3A7033ABC96D46_analysis-6.csv;user-I050648;2;-1378126870;8;true;-1.0831722165554454;0.0;Infinity;1;A
user-I050648_session-B34FE261C41F1CECA723A22B5D5BB74C4AC140931465D2DA8F3A7033ABC96D46_analysis-6.csv;user-I050648;2;-1378126871;6;true;2.1426253334782897;0.0;Infinity;1;A
user-I050648_session-B34FE261C41F1CECA723A22B5D5BB74C4AC140931465D2DA8F3A7033ABC96D46_analysis-6.csv;user-I050648;2;-741531322;6;true;-1.0831722165554454;0.0;Infinity;1;A
user-I050648_session-B34FE261C41F1CECA723A22B5D5BB74C4AC140931465D2DA8F3A7033ABC96D46_analysis-6.csv;user-I050648;2;1894936343;5;true;0.5297265584614221;0.0;Infinity;1;A
user-I050648_session-B34FE261C41F1CECA723A22B5D5BB74C4AC140931465D2DA8F3A7033ABC96D46_analysis-6.csv;user-I050648;2;-1302548057;6;true;-1.0831722165554454;0.0;Infinity;1;A
user-I050648_session-B34FE261C41F1CECA723A22B5D5BB74C4AC140931465D2DA8F3A7033ABC96D46_analysis-6.csv;user-I050648;2;-1378126865;7;true;0.5297265584614221;0.0;Infinity;1;A
user-I050648_session-B34FE261C41F1CECA723A22B5D5BB74C4AC140931465D2DA8F3A7033ABC96D46_analysis-6.csv;user-I050648;2;-1302548061;9;true;0.5297265584614221;0.0;Infinity;1;A
user-I050648_session-B34FE261C41F1CECA723A22B5D5BB74C4AC140931465D2DA8F3A7033ABC96D46_analysis-6.csv;user-I050648;2;-144450110;8;true;-1.0831722165554454;0.0;Infinity;1;A
user-I050648_session-B34FE261C41F1CECA723A22B5D5BB74C4AC140931465D2DA8F3A7033ABC96D46_analysis-6.csv;user-I050648;2;-1751253289;6;true;-1.0831722165554454;0.0;Infinity;1;A
user-I050648_session-B34FE261C41F1CECA723A22B5D5BB74C4AC140931465D2DA8F3A7033ABC96D46_analysis-6.csv;user-I050648;2;1242133350;6;true;-0.2767228290470117;0.0;Infinity;1;A
user-I050648_session-B34FE261C41F1CECA723A22B5D5BB74C4AC140931465D2DA8F3A7033ABC96D46_analysis-6.csv;user-I050648;2;-144450111;5;true;-0.2767228290470117;0.0;Infinity;1;A
user-I050648_session-B34FE261C41F1CECA723A22B5D5BB74C4AC140931465D2DA8F3A7033ABC96D46_analysis-6.csv;user-I050648;2;1524471394;5;true;0.5297265584614221;0.0;Infinity;1;A
user-I050648_session-B34FE261C41F1CECA723A22B5D5BB74C4AC140931465D2DA8F3A7033ABC96D46_analysis-6.csv;user-I050648;2;335495250;6;true;0.5297265584614221;0.0;Infinity;1;A
user-I050648_session-B34FE261C41F1CECA723A22B5D5BB74C4AC140931465D2DA8F3A7033ABC96D46_analysis-6.csv;user-I050648;2;1328748425;8;true;1.336175945969856;0.0;Infinity;1;A
user-I050648_session-B34FE261C41F1CECA723A22B5D5BB74C4AC140931465D2DA8F3A7033ABC96D46_analysis-6.csv;user-I050648;2;731964502;7;true;0.5297265584614221;0.0;Infinity;1;A
user-I050648_session-B34FE261C41F1CECA723A22B5D5BB74C4AC140931465D2DA8F3A7033ABC96D46_analysis-6.csv;user-I050648;2;-1309015037;6;true;-0.2767228290470117;0.0;Infinity;1;A
user-I050648_session-B34FE261C41F1CECA723A22B5D5BB74C4AC140931465D2DA8F3A7033ABC96D46_analysis-6.csv;user-I050648;2;-1309015038;5;true;-1.0831722165554454;0.0;Infinity;1;A
user-I050648_session-B34FE261C41F1CECA723A22B5D5BB74C4AC140931465D2DA8F3A7033ABC96D46_analysis-6.csv;user-I050648;2;93662035;6;true;0.5297265584614221;0.0;Infinity;1;A
user-I050648_session-B34FE261C41F1CECA723A22B5D5BB74C4AC140931465D2DA8F3A7033ABC96D46_analysis-6.csv;user-I050648;2;731964504;5;true;-0.2767228290470117;0.0;Infinity;1;A
user-I050648_session-B34FE261C41F1CECA723A22B5D5BB74C4AC140931465D2DA8F3A7033ABC96D46_analysis-6.csv;user-I050648;2;205447919;5;true;0.5297265584614221;0.0;Infinity;1;A
user-I050648_session-B34FE261C41F1CECA723A22B5D5BB74C4AC140931465D2DA8F3A7033ABC96D46_analysis-6.csv;user-I050648;2;205447916;5;true;-0.2767228290470117;0.0;Infinity;1;A
user-I050648_session-B34FE261C41F1CECA723A22B5D5BB74C4AC140931465D2DA8F3A7033ABC96D46_analysis-6.csv;user-I050648;2;93662036;7;true;0.5297265584614221;0.0;Infinity;1;A
user-I050648_session-B34FE261C41F1CECA723A22B5D5BB74C4AC140931465D2DA8F3A7033ABC96D46_analysis-6.csv;user-I050648;2;205447917;8;true;0.5297265584614221;0.0;Infinity;1;A
user-I050648_session-B34FE261C41F1CECA723A22B5D5BB74C4AC140931465D2DA8F3A7033ABC96D46_analysis-6.csv;user-I050648;2;840496598;7;true;-1.0831722165554454;0.0;Infinity;1;A
user-I050648_session-B34FE261C41F1CECA723A22B5D5BB74C4AC140931465D2DA8F3A7033ABC96D46_analysis-6.csv;user-I050648;2;605765736;6;true;0.5297265584614221;0.0;Infinity;1;A
user-I050648_session-B34FE261C41F1CECA723A22B5D5BB74C4AC140931465D2DA8F3A7033ABC96D46_analysis-6.csv;user-I050648;2;-631966179;5;true;0.5297265584614221;0.0;Infinity;1;A
user-I050648_session-B34FE261C41F1CECA723A22B5D5BB74C4AC140931465D2DA8F3A7033ABC96D46_analysis-6.csv;user-I050648;2;-568647034;6;true;-1.0831722165554454;0.0;Infinity;1;A
user-I050648_session-B34FE261C41F1CECA723A22B5D5BB74C4AC140931465D2DA8F3A7033ABC96D46_analysis-6.csv;user-I050648;2;-568647029;5;true;-1.0831722165554454;0.0;Infinity;1;A
user-I050648_session-B34FE261C41F1CECA723A22B5D5BB74C4AC140931465D2DA8F3A7033ABC96D46_analysis-6.csv;user-I050648;2;1078824589;6;true;-0.2767228290470117;0.0;Infinity;1;A
user-I050648_session-B34FE261C41F1CECA723A22B5D5BB74C4AC140931465D2DA8F3A7033ABC96D46_analysis-6.csv;user-I050648;2;-568647030;6;true;-0.2767228290470117;0.0;Infinity;1;A
user-I050648_session-B34FE261C41F1CECA723A22B5D5BB74C4AC140931465D2DA8F3A7033ABC96D46_analysis-6.csv;user-I050648;2;-1441700024;7;true;0.5297265584614221;0.0;Infinity;1;A
user-I050648_session-B34FE261C41F1CECA723A22B5D5BB74C4AC140931465D2DA8F3A7033ABC96D46_analysis-6.csv;user-I050648;2;-568647031;7;true;0.5297265584614221;0.0;Infinity;1;A
user-I050648_session-B34FE261C41F1CECA723A22B5D5BB74C4AC140931465D2DA8F3A7033ABC96D46_analysis-6.csv;user-I050648;2;840496602;7;true;-1.0831722165554454;0.0;Infinity;1;A
user-I050648_session-B34FE261C41F1CECA723A22B5D5BB74C4AC140931465D2DA8F3A7033ABC96D46_analysis-6.csv;user-I050648;2;-1441700018;8;true;-1.0831722165554454;0.0;Infinity;1;A
user-I050648_session-B34FE261C41F1CECA723A22B5D5BB74C4AC140931465D2DA8F3A7033ABC96D46_analysis-6.csv;user-I050648;2;840496600;5;true;0.5297265584614221;0.0;Infinity;1;A
user-I050648_session-B34FE261C41F1CECA723A22B5D5BB74C4AC140931465D2DA8F3A7033ABC96D46_analysis-6.csv;user-I050648;2;1549762845;5;true;-1.0831722165554454;0.0;Infinity;1;A
user-I050648_session-B34FE261C41F1CECA723A22B5D5BB74C4AC140931465D2DA8F3A7033ABC96D46_analysis-6.csv;user-I050648;2;65531715;5;true;-1.0831722165554454;0.0;Infinity;1;A
user-I050648_session-B34FE261C41F1CECA723A22B5D5BB74C4AC140931465D2DA8F3A7033ABC96D46_analysis-6.csv;user-I050648;2;1136045309;7;true;0.5297265584614221;0.0;Infinity;1;A
user-I050648_session-B34FE261C41F1CECA723A22B5D5BB74C4AC140931465D2DA8F3A7033ABC96D46_analysis-6.csv;user-I050648;2;1286049205;7;true;0.5297265584614221;0.0;Infinity;1;A
user-I050648_session-B34FE261C41F1CECA723A22B5D5BB74C4AC140931465D2DA8F3A7033ABC96D46_analysis-6.csv;user-I050648;2;65531713;8;true;0.5297265584614221;0.0;Infinity;1;A
user-I050648_session-B34FE261C41F1CECA723A22B5D5BB74C4AC140931465D2DA8F3A7033ABC96D46_analysis-6.csv;user-I050648;2;1187617207;9;true;0.5297265584614221;0.0;Infinity;1;A
user-I050648_session-B34FE261C41F1CECA723A22B5D5BB74C4AC140931465D2DA8F3A7033ABC96D46_analysis-6.csv;user-I050648;2;-926839929;5;true;0.5297265584614221;0.0;Infinity;1;A
user-I050648_session-B34FE261C41F1CECA723A22B5D5BB74C4AC140931465D2DA8F3A7033ABC96D46_analysis-6.csv;user-I050648;2;-1603686013;5;true;-1.0831722165554454;0.0;Infinity;1;A
user-I050648_session-B34FE261C41F1CECA723A22B5D5BB74C4AC140931465D2DA8F3A7033ABC96D46_analysis-6.csv;user-I050648;2;-926839925;5;true;-0.2767228290470117;0.0;Infinity;1;A
user-I050648_session-B34FE261C41F1CECA723A22B5D5BB74C4AC140931465D2DA8F3A7033ABC96D46_analysis-6.csv;user-I050648;2;-149186398;6;true;0.5297265584614221;0.0;Infinity;1;A
user-I050648_session-B34FE261C41F1CECA723A22B5D5BB74C4AC140931465D2DA8F3A7033ABC96D46_analysis-6.csv;user-I050648;2;-337110996;7;true;-1.0831722165554454;0.0;Infinity;1;A
user-I050648_session-B34FE261C41F1CECA723A22B5D5BB74C4AC140931465D2DA8F3A7033ABC96D46_analysis-6.csv;user-I050648;2;2144013333;7;true;-1.0831722165554454;0.0;Infinity;1;A
user-I050648_session-B34FE261C41F1CECA723A22B5D5BB74C4AC140931465D2DA8F3A7033ABC96D46_analysis-6.csv;user-I050648;2;-337110995;8;true;-1.0831722165554454;0.0;Infinity;1;A
user-I050648_session-B34FE261C41F1CECA723A22B5D5BB74C4AC140931465D2DA8F3A7033ABC96D46_analysis-6.csv;user-I050648;2;2144013331;8;true;-0.2767228290470117;0.0;Infinity;1;A
user-I050648_session-B34FE261C41F1CECA723A22B5D5BB74C4AC140931465D2DA8F3A7033ABC96D46_analysis-6.csv;user-I050648;2;-337110997;6;true;-1.0831722165554454;0.0;Infinity;1;A
user-I050648_session-B34FE261C41F1CECA723A22B5D5BB74C4AC140931465D2DA8F3A7033ABC96D46_analysis-6.csv;user-I050648;2;2144013329;6;true;0.5297265584614221;0.0;Infinity;1;A
user-I050648_session-B34FE261C41F1CECA723A22B5D5BB74C4AC140931465D2DA8F3A7033ABC96D46_analysis-6.csv;user-I050648;2;1549761331;5;true;0.5297265584614221;0.0;Infinity;1;A
user-I050648_session-B34FE261C41F1CECA723A22B5D5BB74C4AC140931465D2DA8F3A7033ABC96D46_analysis-6.csv;user-I050648;2;208063938;6;true;-1.0831722165554454;0.0;Infinity;1;A
user-I050648_session-B34FE261C41F1CECA723A22B5D5BB74C4AC140931465D2DA8F3A7033ABC96D46_analysis-6.csv;user-I050648;2;-80361335;7;true;-0.2767228290470117;0.0;Infinity;1;A
user-I050648_session-B34FE261C41F1CECA723A22B5D5BB74C4AC140931465D2DA8F3A7033ABC96D46_analysis-6.csv;user-I050648;2;929971282;7;true;-0.2767228290470117;0.0;Infinity;1;A
user-I050648_session-B34FE261C41F1CECA723A22B5D5BB74C4AC140931465D2DA8F3A7033ABC96D46_analysis-6.csv;user-I050648;2;1222721641;7;true;0.5297265584614221;0.0;Infinity;1;A
user-I050648_session-B34FE261C41F1CECA723A22B5D5BB74C4AC140931465D2DA8F3A7033ABC96D46_analysis-6.csv;user-I050648;2;1222721642;6;true;3.7555241084951567;0.0;Infinity;1;A
user-I050648_session-B34FE261C41F1CECA723A22B5D5BB74C4AC140931465D2DA8F3A7033ABC96D46_analysis-6.csv;user-I050648;2;1222721643;5;true;1.336175945969856;0.0;Infinity;1;A
user-I050648_session-B34FE261C41F1CECA723A22B5D5BB74C4AC140931465D2DA8F3A7033ABC96D46_analysis-6.csv;user-I050648;2;-1759635064;6;true;-1.0831722165554454;0.0;Infinity;1;A
user-I050648_session-B34FE261C41F1CECA723A22B5D5BB74C4AC140931465D2DA8F3A7033ABC96D46_analysis-6.csv;user-I050648;2;208063937;5;true;-1.0831722165554454;0.0;Infinity;1;A
user-I050648_session-B34FE261C41F1CECA723A22B5D5BB74C4AC140931465D2DA8F3A7033ABC96D46_analysis-6.csv;user-I050648;2;1187618721;7;true;-1.0831722165554454;0.0;Infinity;1;A
user-I050648_session-B34FE261C41F1CECA723A22B5D5BB74C4AC140931465D2DA8F3A7033ABC96D46_analysis-6.csv;user-I050648;2;929971285;9;true;0.5297265584614221;0.0;Infinity;1;A
user-I050648_session-B34FE261C41F1CECA723A22B5D5BB74C4AC140931465D2DA8F3A7033ABC96D46_analysis-6.csv;user-I050648;2;929971279;7;true;0.5297265584614221;0.0;Infinity;1;A
user-I050648_session-B34FE261C41F1CECA723A22B5D5BB74C4AC140931465D2DA8F3A7033ABC96D46_analysis-6.csv;user-I050648;2;-905435577;7;true;-0.2767228290470117;0.0;Infinity;1;A
user-I050648_session-B34FE261C41F1CECA723A22B5D5BB74C4AC140931465D2DA8F3A7033ABC96D46_analysis-6.csv;user-I050648;2;-181910576;7;true;0.5297265584614221;0.0;Infinity;1;A
user-I050648_session-B34FE261C41F1CECA723A22B5D5BB74C4AC140931465D2DA8F3A7033ABC96D46_analysis-6.csv;user-I050648;2;-1302546544;5;true;0.5297265584614221;0.0;Infinity;1;A
user-I050648_session-B34FE261C41F1CECA723A22B5D5BB74C4AC140931465D2DA8F3A7033ABC96D46_analysis-6.csv;user-I050648;2;-905435571;6;true;0.5297265584614221;0.0;Infinity;1;A
user-I050648_session-B34FE261C41F1CECA723A22B5D5BB74C4AC140931465D2DA8F3A7033ABC96D46_analysis-6.csv;user-I050648;2;-337110991;6;true;0.5297265584614221;0.0;Infinity;1;A
user-I050648_session-B34FE261C41F1CECA723A22B5D5BB74C4AC140931465D2DA8F3A7033ABC96D46_analysis-6.csv;user-I050648;2;-1309016549;6;true;-0.2767228290470117;0.0;Infinity;1;A
user-I050648_session-B34FE261C41F1CECA723A22B5D5BB74C4AC140931465D2DA8F3A7033ABC96D46_analysis-6.csv;user-I050648;2;-1309016556;5;true;-1.0831722165554454;0.0;Infinity;1;A
user-I050648_session-B34FE261C41F1CECA723A22B5D5BB74C4AC140931465D2DA8F3A7033ABC96D46_analysis-6.csv;user-I050648;2;2110175887;6;true;0.5297265584614221;0.0;Infinity;1;A
user-I050648_session-B34FE261C41F1CECA723A22B5D5BB74C4AC140931465D2DA8F3A7033ABC96D46_analysis-6.csv;user-I050648;2;-568645518;5;true;0.5297265584614221;0.0;Infinity;1;A
user-I050648_session-B34FE261C41F1CECA723A22B5D5BB74C4AC140931465D2DA8F3A7033ABC96D46_analysis-6.csv;user-I050648;2;984721752;6;true;-1.0831722165554454;0.0;Infinity;1;A
user-I050648_session-B34FE261C41F1CECA723A22B5D5BB74C4AC140931465D2DA8F3A7033ABC96D46_analysis-6.csv;user-I050648;2;2110175888;5;true;-1.0831722165554454;0.0;Infinity;1;A
user-I050648_session-B34FE261C41F1CECA723A22B5D5BB74C4AC140931465D2DA8F3A7033ABC96D46_analysis-6.csv;user-I050648;2;-149186403;5;true;-0.2767228290470117;0.0;Infinity;1;A
user-I050648_session-B34FE261C41F1CECA723A22B5D5BB74C4AC140931465D2DA8F3A7033ABC96D46_analysis-6.csv;user-I050648;2;1795042802;5;true;0.5297265584614221;0.0;Infinity;1;A
