session ;user;query position;cell hashcode;cell computation time;novelty;outlierness;relevance;surprise;query label;session label
user-I316785_session-97318F64E2F56689865E28573E0884D5F65E7891637D13F3CECDE4C24095CF02_analysis-1.csv;user-I316785;1;634041340;4;true;0.11530159155885926;1.0;Infinity;1;A
user-I316785_session-97318F64E2F56689865E28573E0884D5F65E7891637D13F3CECDE4C24095CF02_analysis-1.csv;user-I316785;1;-894945027;6;true;0.4239644802802467;1.0;Infinity;1;A
user-I316785_session-97318F64E2F56689865E28573E0884D5F65E7891637D13F3CECDE4C24095CF02_analysis-1.csv;user-I316785;1;1059714101;6;true;-0.2857501890247122;1.0;Infinity;1;A
user-I316785_session-97318F64E2F56689865E28573E0884D5F65E7891637D13F3CECDE4C24095CF02_analysis-1.csv;user-I316785;1;-1488426709;4;true;0.20349098833639853;1.0;Infinity;1;A
user-I316785_session-97318F64E2F56689865E28573E0884D5F65E7891637D13F3CECDE4C24095CF02_analysis-1.csv;user-I316785;1;1130075109;5;true;-0.879978743501941;1.0;Infinity;1;A
user-I316785_session-97318F64E2F56689865E28573E0884D5F65E7891637D13F3CECDE4C24095CF02_analysis-1.csv;user-I316785;1;403215000;9;true;-0.7015002024045401;1.0;Infinity;1;A
user-I316785_session-97318F64E2F56689865E28573E0884D5F65E7891637D13F3CECDE4C24095CF02_analysis-1.csv;user-I316785;1;-888851077;4;true;-0.3907375661408304;1.0;Infinity;1;A
user-I316785_session-97318F64E2F56689865E28573E0884D5F65E7891637D13F3CECDE4C24095CF02_analysis-1.csv;user-I316785;1;1408419508;4;true;-0.4064856727082481;1.0;Infinity;1;A
user-I316785_session-97318F64E2F56689865E28573E0884D5F65E7891637D13F3CECDE4C24095CF02_analysis-1.csv;user-I316785;1;-1588197685;4;true;-0.26475271360148855;1.0;Infinity;1;A
user-I316785_session-97318F64E2F56689865E28573E0884D5F65E7891637D13F3CECDE4C24095CF02_analysis-1.csv;user-I316785;1;443753300;5;true;1.6985112384699212;1.0;Infinity;1;A
user-I316785_session-97318F64E2F56689865E28573E0884D5F65E7891637D13F3CECDE4C24095CF02_analysis-1.csv;user-I316785;1;-409743580;4;true;-0.5244214930020209;1.0;Infinity;1;A
user-I316785_session-97318F64E2F56689865E28573E0884D5F65E7891637D13F3CECDE4C24095CF02_analysis-1.csv;user-I316785;1;2128707252;3;true;-0.9009762189251648;1.0;Infinity;1;A
user-I316785_session-97318F64E2F56689865E28573E0884D5F65E7891637D13F3CECDE4C24095CF02_analysis-1.csv;user-I316785;1;2090808810;4;true;-0.10832152169847246;1.0;Infinity;1;A
user-I316785_session-97318F64E2F56689865E28573E0884D5F65E7891637D13F3CECDE4C24095CF02_analysis-1.csv;user-I316785;1;787477565;4;true;0.633939234512483;1.0;Infinity;1;A
user-I316785_session-97318F64E2F56689865E28573E0884D5F65E7891637D13F3CECDE4C24095CF02_analysis-1.csv;user-I316785;1;-793364673;4;true;-0.7739414926146617;1.0;Infinity;1;A
user-I316785_session-97318F64E2F56689865E28573E0884D5F65E7891637D13F3CECDE4C24095CF02_analysis-1.csv;user-I316785;1;-1117345979;4;true;1.666315109487645;1.0;Infinity;1;A
user-I316785_session-97318F64E2F56689865E28573E0884D5F65E7891637D13F3CECDE4C24095CF02_analysis-1.csv;user-I316785;1;133300037;4;true;-0.688901717150606;1.0;Infinity;1;A
user-I316785_session-97318F64E2F56689865E28573E0884D5F65E7891637D13F3CECDE4C24095CF02_analysis-1.csv;user-I316785;1;-1534210605;3;true;0.680133680443575;1.0;Infinity;1;A
user-I316785_session-97318F64E2F56689865E28573E0884D5F65E7891637D13F3CECDE4C24095CF02_analysis-1.csv;user-I316785;1;1499647303;4;true;-0.8568815205363951;1.0;Infinity;1;A
user-I316785_session-97318F64E2F56689865E28573E0884D5F65E7891637D13F3CECDE4C24095CF02_analysis-1.csv;user-I316785;1;-234198564;3;true;0.6409383929868909;1.0;Infinity;1;A
user-I316785_session-97318F64E2F56689865E28573E0884D5F65E7891637D13F3CECDE4C24095CF02_analysis-1.csv;user-I316785;1;1759060709;4;true;-0.688901717150606;1.0;Infinity;1;A
user-I316785_session-97318F64E2F56689865E28573E0884D5F65E7891637D13F3CECDE4C24095CF02_analysis-1.csv;user-I316785;1;489326368;4;true;0.11740133910118161;1.0;Infinity;1;A
user-I316785_session-97318F64E2F56689865E28573E0884D5F65E7891637D13F3CECDE4C24095CF02_analysis-1.csv;user-I316785;1;-1026511653;4;true;0.33997457858735214;1.0;Infinity;1;A
user-I316785_session-97318F64E2F56689865E28573E0884D5F65E7891637D13F3CECDE4C24095CF02_analysis-1.csv;user-I316785;1;796972513;5;true;0.2958798801985825;1.0;Infinity;1;A
user-I316785_session-97318F64E2F56689865E28573E0884D5F65E7891637D13F3CECDE4C24095CF02_analysis-1.csv;user-I316785;1;787485028;4;true;0.6724346061217265;1.0;Infinity;1;A
user-I316785_session-97318F64E2F56689865E28573E0884D5F65E7891637D13F3CECDE4C24095CF02_analysis-1.csv;user-I316785;1;-1668882496;5;true;-0.7056996974891849;1.0;Infinity;1;A
user-I316785_session-97318F64E2F56689865E28573E0884D5F65E7891637D13F3CECDE4C24095CF02_analysis-1.csv;user-I316785;1;-1842831660;5;true;-0.02748124131906147;1.0;Infinity;1;A
user-I316785_session-97318F64E2F56689865E28573E0884D5F65E7891637D13F3CECDE4C24095CF02_analysis-1.csv;user-I316785;1;1073518957;4;true;-0.688901717150606;1.0;Infinity;1;A
user-I316785_session-97318F64E2F56689865E28573E0884D5F65E7891637D13F3CECDE4C24095CF02_analysis-1.csv;user-I316785;1;1232891569;4;true;-0.827485054943882;1.0;Infinity;1;A
user-I316785_session-97318F64E2F56689865E28573E0884D5F65E7891637D13F3CECDE4C24095CF02_analysis-1.csv;user-I316785;1;566647236;4;true;2.9982549671674645;1.0;Infinity;1;A
user-I316785_session-97318F64E2F56689865E28573E0884D5F65E7891637D13F3CECDE4C24095CF02_analysis-1.csv;user-I316785;1;1113713674;3;true;2.752584504715748;1.0;Infinity;1;A
user-I316785_session-97318F64E2F56689865E28573E0884D5F65E7891637D13F3CECDE4C24095CF02_analysis-1.csv;user-I316785;1;-1687590862;4;true;-0.8778789959596187;1.0;Infinity;1;A
user-I316785_session-97318F64E2F56689865E28573E0884D5F65E7891637D13F3CECDE4C24095CF02_analysis-1.csv;user-I316785;1;2136381878;4;true;0.6818834700621771;1.0;Infinity;1;A
user-I316785_session-97318F64E2F56689865E28573E0884D5F65E7891637D13F3CECDE4C24095CF02_analysis-1.csv;user-I316785;1;1403502104;4;true;-0.9261731894330331;1.0;Infinity;1;A
user-I316785_session-97318F64E2F56689865E28573E0884D5F65E7891637D13F3CECDE4C24095CF02_analysis-1.csv;user-I316785;1;52171476;4;true;-0.23045683707688996;1.0;Infinity;1;A
user-I316785_session-97318F64E2F56689865E28573E0884D5F65E7891637D13F3CECDE4C24095CF02_analysis-1.csv;user-I316785;1;-238636002;4;true;-0.06317694953854165;1.0;Infinity;1;A
user-I316785_session-97318F64E2F56689865E28573E0884D5F65E7891637D13F3CECDE4C24095CF02_analysis-1.csv;user-I316785;1;-384463888;4;true;-0.7728916188435005;1.0;Infinity;1;A
user-I316785_session-97318F64E2F56689865E28573E0884D5F65E7891637D13F3CECDE4C24095CF02_analysis-1.csv;user-I316785;1;-1243840510;4;true;3.204030226315056;1.0;Infinity;1;A
user-I316785_session-97318F64E2F56689865E28573E0884D5F65E7891637D13F3CECDE4C24095CF02_analysis-1.csv;user-I316785;1;-744858776;5;true;-0.8988764713828423;1.0;Infinity;1;A
user-I316785_session-97318F64E2F56689865E28573E0884D5F65E7891637D13F3CECDE4C24095CF02_analysis-1.csv;user-I316785;1;227723955;5;true;0.3119779446897206;1.0;Infinity;1;A
user-I316785_session-97318F64E2F56689865E28573E0884D5F65E7891637D13F3CECDE4C24095CF02_analysis-1.csv;user-I316785;1;-717607075;4;true;0.15099729977833942;1.0;Infinity;1;A
user-I316785_session-97318F64E2F56689865E28573E0884D5F65E7891637D13F3CECDE4C24095CF02_analysis-1.csv;user-I316785;1;-2113343849;4;true;2.02607185507221;1.0;Infinity;1;A
user-I316785_session-97318F64E2F56689865E28573E0884D5F65E7891637D13F3CECDE4C24095CF02_analysis-1.csv;user-I316785;1;-894952490;4;true;-0.7728916188435005;1.0;Infinity;1;A
user-I316785_session-97318F64E2F56689865E28573E0884D5F65E7891637D13F3CECDE4C24095CF02_analysis-1.csv;user-I316785;1;77451168;5;true;-0.7308966679970533;1.0;Infinity;1;A
user-I316785_session-97318F64E2F56689865E28573E0884D5F65E7891637D13F3CECDE4C24095CF02_analysis-1.csv;user-I316785;1;-1356867546;4;true;-0.569916023085672;1.0;Infinity;1;A
user-I316785_session-97318F64E2F56689865E28573E0884D5F65E7891637D13F3CECDE4C24095CF02_analysis-1.csv;user-I316785;1;-519204534;4;true;-0.45372999241050127;1.0;Infinity;1;A
user-I316785_session-97318F64E2F56689865E28573E0884D5F65E7891637D13F3CECDE4C24095CF02_analysis-1.csv;user-I316785;1;-466288339;5;true;0.15589671071042496;1.0;Infinity;1;A
user-I316785_session-97318F64E2F56689865E28573E0884D5F65E7891637D13F3CECDE4C24095CF02_analysis-1.csv;user-I316785;1;-1850939273;4;true;-0.7371959106240203;1.0;Infinity;1;A
user-I316785_session-97318F64E2F56689865E28573E0884D5F65E7891637D13F3CECDE4C24095CF02_analysis-1.csv;user-I316785;1;76579461;4;true;-0.2563537234321991;1.0;Infinity;1;A
user-I316785_session-97318F64E2F56689865E28573E0884D5F65E7891637D13F3CECDE4C24095CF02_analysis-1.csv;user-I316785;1;-2074147643;8;true;-0.4054357989370869;1.0;Infinity;1;A
user-I316785_session-97318F64E2F56689865E28573E0884D5F65E7891637D13F3CECDE4C24095CF02_analysis-1.csv;user-I316785;1;-427092133;5;true;-0.3592413530059949;1.0;Infinity;1;A
user-I316785_session-97318F64E2F56689865E28573E0884D5F65E7891637D13F3CECDE4C24095CF02_analysis-1.csv;user-I316785;1;-2013870446;5;true;-0.8299347604099248;1.0;Infinity;1;A
user-I316785_session-97318F64E2F56689865E28573E0884D5F65E7891637D13F3CECDE4C24095CF02_analysis-1.csv;user-I316785;1;1904287604;4;true;-0.7770911139281452;1.0;Infinity;1;A
user-I316785_session-97318F64E2F56689865E28573E0884D5F65E7891637D13F3CECDE4C24095CF02_analysis-1.csv;user-I316785;1;-243553406;4;true;0.44496195570347036;1.0;Infinity;1;A
user-I316785_session-97318F64E2F56689865E28573E0884D5F65E7891637D13F3CECDE4C24095CF02_analysis-1.csv;user-I316785;1;-1833557453;4;true;-0.8316845500285267;1.0;Infinity;1;A
