session ;user;query position;cell hashcode;cell computation time;novelty;outlierness;relevance;surprise;query label;session label
user-I050582_session-6E57DFAF22DEAFFF71E05042468DF4345BE90E1A1E8635B70473AD397FDA2463_analysis-11.csv;user-I050582;1;-1025028747;5;true;-0.3010234846248178;0.0;Infinity;1;B
user-I050582_session-6E57DFAF22DEAFFF71E05042468DF4345BE90E1A1E8635B70473AD397FDA2463_analysis-11.csv;user-I050582;1;-1345374096;4;true;-0.33643274164702736;0.0;Infinity;1;B
user-I050582_session-6E57DFAF22DEAFFF71E05042468DF4345BE90E1A1E8635B70473AD397FDA2463_analysis-11.csv;user-I050582;1;-1578146949;6;true;-0.35077524479498146;0.0;Infinity;1;B
user-I050582_session-6E57DFAF22DEAFFF71E05042468DF4345BE90E1A1E8635B70473AD397FDA2463_analysis-11.csv;user-I050582;1;618785809;5;true;-0.5459075236973029;0.0;Infinity;1;B
user-I050582_session-6E57DFAF22DEAFFF71E05042468DF4345BE90E1A1E8635B70473AD397FDA2463_analysis-11.csv;user-I050582;1;571241305;5;true;-0.5202598598701582;0.0;Infinity;1;B
user-I050582_session-6E57DFAF22DEAFFF71E05042468DF4345BE90E1A1E8635B70473AD397FDA2463_analysis-11.csv;user-I050582;1;1926240362;6;true;-0.5479603326534642;0.0;Infinity;1;B
user-I050582_session-6E57DFAF22DEAFFF71E05042468DF4345BE90E1A1E8635B70473AD397FDA2463_analysis-11.csv;user-I050582;1;-1705576743;5;true;1.3943251177126916;0.0;Infinity;1;B
user-I050582_session-6E57DFAF22DEAFFF71E05042468DF4345BE90E1A1E8635B70473AD397FDA2463_analysis-11.csv;user-I050582;1;1696306805;7;true;-0.43866579627746555;0.0;Infinity;1;B
user-I050582_session-6E57DFAF22DEAFFF71E05042468DF4345BE90E1A1E8635B70473AD397FDA2463_analysis-11.csv;user-I050582;1;1003158696;8;true;-0.4121128142778131;0.0;Infinity;1;B
user-I050582_session-6E57DFAF22DEAFFF71E05042468DF4345BE90E1A1E8635B70473AD397FDA2463_analysis-11.csv;user-I050582;1;-1463507536;11;true;-0.6013854213085781;0.0;Infinity;1;B
user-I050582_session-6E57DFAF22DEAFFF71E05042468DF4345BE90E1A1E8635B70473AD397FDA2463_analysis-11.csv;user-I050582;1;-1417755117;5;true;-0.4859867771544459;0.0;Infinity;1;B
user-I050582_session-6E57DFAF22DEAFFF71E05042468DF4345BE90E1A1E8635B70473AD397FDA2463_analysis-11.csv;user-I050582;1;-1994002015;5;true;-0.5318841452051578;0.0;Infinity;1;B
user-I050582_session-6E57DFAF22DEAFFF71E05042468DF4345BE90E1A1E8635B70473AD397FDA2463_analysis-11.csv;user-I050582;1;350605775;4;true;-0.5661957039432017;0.0;Infinity;1;B
user-I050582_session-6E57DFAF22DEAFFF71E05042468DF4345BE90E1A1E8635B70473AD397FDA2463_analysis-11.csv;user-I050582;1;1794975140;4;true;0.2861432491093992;0.0;Infinity;1;B
user-I050582_session-6E57DFAF22DEAFFF71E05042468DF4345BE90E1A1E8635B70473AD397FDA2463_analysis-11.csv;user-I050582;1;-1562024468;5;true;-0.5898177183593603;0.0;Infinity;1;B
user-I050582_session-6E57DFAF22DEAFFF71E05042468DF4345BE90E1A1E8635B70473AD397FDA2463_analysis-11.csv;user-I050582;1;-1950398193;4;true;-0.312930681888726;0.0;Infinity;1;B
user-I050582_session-6E57DFAF22DEAFFF71E05042468DF4345BE90E1A1E8635B70473AD397FDA2463_analysis-11.csv;user-I050582;1;-996657663;5;true;-0.6122628191512588;0.0;Infinity;1;B
user-I050582_session-6E57DFAF22DEAFFF71E05042468DF4345BE90E1A1E8635B70473AD397FDA2463_analysis-11.csv;user-I050582;1;1371871151;4;true;-0.10806396933651496;0.0;Infinity;1;B
user-I050582_session-6E57DFAF22DEAFFF71E05042468DF4345BE90E1A1E8635B70473AD397FDA2463_analysis-11.csv;user-I050582;1;1280614737;5;true;-0.0157939411945246;0.0;Infinity;1;B
user-I050582_session-6E57DFAF22DEAFFF71E05042468DF4345BE90E1A1E8635B70473AD397FDA2463_analysis-11.csv;user-I050582;1;-1848108966;4;true;3.1121256107283934;0.0;Infinity;1;B
user-I050582_session-6E57DFAF22DEAFFF71E05042468DF4345BE90E1A1E8635B70473AD397FDA2463_analysis-11.csv;user-I050582;1;429573997;4;true;1.3575556201362893;0.0;Infinity;1;B
user-I050582_session-6E57DFAF22DEAFFF71E05042468DF4345BE90E1A1E8635B70473AD397FDA2463_analysis-11.csv;user-I050582;1;1003080599;4;true;-0.379815588473599;0.0;Infinity;1;B
user-I050582_session-6E57DFAF22DEAFFF71E05042468DF4345BE90E1A1E8635B70473AD397FDA2463_analysis-11.csv;user-I050582;1;-1307876463;4;true;-0.3979174253328915;0.0;Infinity;1;B
user-I050582_session-6E57DFAF22DEAFFF71E05042468DF4345BE90E1A1E8635B70473AD397FDA2463_analysis-11.csv;user-I050582;1;734815350;4;true;-0.5436917574700901;0.0;Infinity;1;B
user-I050582_session-6E57DFAF22DEAFFF71E05042468DF4345BE90E1A1E8635B70473AD397FDA2463_analysis-11.csv;user-I050582;1;92729137;4;true;-0.4433281848658805;0.0;Infinity;1;B
user-I050582_session-6E57DFAF22DEAFFF71E05042468DF4345BE90E1A1E8635B70473AD397FDA2463_analysis-11.csv;user-I050582;1;1798342657;4;true;-0.5281564976298571;0.0;Infinity;1;B
user-I050582_session-6E57DFAF22DEAFFF71E05042468DF4345BE90E1A1E8635B70473AD397FDA2463_analysis-11.csv;user-I050582;1;-928918933;5;true;-0.5245420148261198;0.0;Infinity;1;B
user-I050582_session-6E57DFAF22DEAFFF71E05042468DF4345BE90E1A1E8635B70473AD397FDA2463_analysis-11.csv;user-I050582;1;1071938505;4;true;1.0641510536082508;0.0;Infinity;1;B
user-I050582_session-6E57DFAF22DEAFFF71E05042468DF4345BE90E1A1E8635B70473AD397FDA2463_analysis-11.csv;user-I050582;1;1749358919;4;true;-0.4159762595789899;0.0;Infinity;1;B
user-I050582_session-6E57DFAF22DEAFFF71E05042468DF4345BE90E1A1E8635B70473AD397FDA2463_analysis-11.csv;user-I050582;1;-591555183;4;true;-0.22032342272747654;0.0;Infinity;1;B
user-I050582_session-6E57DFAF22DEAFFF71E05042468DF4345BE90E1A1E8635B70473AD397FDA2463_analysis-11.csv;user-I050582;1;-627591479;4;true;2.4565937751972533;0.0;Infinity;1;B
user-I050582_session-6E57DFAF22DEAFFF71E05042468DF4345BE90E1A1E8635B70473AD397FDA2463_analysis-11.csv;user-I050582;1;1081960595;4;true;-0.48520594023065794;0.0;Infinity;1;B
user-I050582_session-6E57DFAF22DEAFFF71E05042468DF4345BE90E1A1E8635B70473AD397FDA2463_analysis-11.csv;user-I050582;1;512718861;4;true;-0.13356451896062713;0.0;Infinity;1;B
user-I050582_session-6E57DFAF22DEAFFF71E05042468DF4345BE90E1A1E8635B70473AD397FDA2463_analysis-11.csv;user-I050582;1;473566264;4;true;-0.3824998568550844;0.0;Infinity;1;B
user-I050582_session-6E57DFAF22DEAFFF71E05042468DF4345BE90E1A1E8635B70473AD397FDA2463_analysis-11.csv;user-I050582;1;-678874322;3;true;-0.5917302029987829;0.0;Infinity;1;B
user-I050582_session-6E57DFAF22DEAFFF71E05042468DF4345BE90E1A1E8635B70473AD397FDA2463_analysis-11.csv;user-I050582;1;-283843971;3;true;-0.4146861811831664;0.0;Infinity;1;B
user-I050582_session-6E57DFAF22DEAFFF71E05042468DF4345BE90E1A1E8635B70473AD397FDA2463_analysis-11.csv;user-I050582;1;1214101365;4;true;-0.5123451157470091;0.0;Infinity;1;B
user-I050582_session-6E57DFAF22DEAFFF71E05042468DF4345BE90E1A1E8635B70473AD397FDA2463_analysis-11.csv;user-I050582;1;-897841200;4;true;-0.2690544366581377;0.0;Infinity;1;B
user-I050582_session-6E57DFAF22DEAFFF71E05042468DF4345BE90E1A1E8635B70473AD397FDA2463_analysis-11.csv;user-I050582;1;-1853839831;4;true;1.4392741649777017;0.0;Infinity;1;B
user-I050582_session-6E57DFAF22DEAFFF71E05042468DF4345BE90E1A1E8635B70473AD397FDA2463_analysis-11.csv;user-I050582;1;-833510251;4;true;-0.6050157471803342;0.0;Infinity;1;B
user-I050582_session-6E57DFAF22DEAFFF71E05042468DF4345BE90E1A1E8635B70473AD397FDA2463_analysis-11.csv;user-I050582;1;1450332468;4;true;0.1356771055431791;0.0;Infinity;1;B
user-I050582_session-6E57DFAF22DEAFFF71E05042468DF4345BE90E1A1E8635B70473AD397FDA2463_analysis-11.csv;user-I050582;1;1293412054;5;true;-0.494288544796342;0.0;Infinity;1;B
user-I050582_session-6E57DFAF22DEAFFF71E05042468DF4345BE90E1A1E8635B70473AD397FDA2463_analysis-11.csv;user-I050582;1;39836820;4;true;-0.42901736785396416;0.0;Infinity;1;B
user-I050582_session-6E57DFAF22DEAFFF71E05042468DF4345BE90E1A1E8635B70473AD397FDA2463_analysis-11.csv;user-I050582;1;1744618306;4;true;-0.5260154201518763;0.0;Infinity;1;B
user-I050582_session-6E57DFAF22DEAFFF71E05042468DF4345BE90E1A1E8635B70473AD397FDA2463_analysis-11.csv;user-I050582;1;1812679580;4;true;1.5183265478010788;0.0;Infinity;1;B
user-I050582_session-6E57DFAF22DEAFFF71E05042468DF4345BE90E1A1E8635B70473AD397FDA2463_analysis-11.csv;user-I050582;1;-18582297;4;true;0.12248888306517239;0.0;Infinity;1;B
user-I050582_session-6E57DFAF22DEAFFF71E05042468DF4345BE90E1A1E8635B70473AD397FDA2463_analysis-11.csv;user-I050582;1;-395026010;5;true;-0.586076491011472;0.0;Infinity;1;B
user-I050582_session-6E57DFAF22DEAFFF71E05042468DF4345BE90E1A1E8635B70473AD397FDA2463_analysis-11.csv;user-I050582;1;-2056211866;4;true;-0.5458532046069524;0.0;Infinity;1;B
user-I050582_session-6E57DFAF22DEAFFF71E05042468DF4345BE90E1A1E8635B70473AD397FDA2463_analysis-11.csv;user-I050582;1;-954899996;3;true;2.758103202664667;0.0;Infinity;1;B
user-I050582_session-6E57DFAF22DEAFFF71E05042468DF4345BE90E1A1E8635B70473AD397FDA2463_analysis-11.csv;user-I050582;1;635859642;3;true;-0.6235770330121745;0.0;Infinity;1;B
user-I050582_session-6E57DFAF22DEAFFF71E05042468DF4345BE90E1A1E8635B70473AD397FDA2463_analysis-11.csv;user-I050582;1;-777485605;4;true;-0.5294375228439556;0.0;Infinity;1;B
user-I050582_session-6E57DFAF22DEAFFF71E05042468DF4345BE90E1A1E8635B70473AD397FDA2463_analysis-11.csv;user-I050582;1;-1567476630;4;true;-0.5348920648333148;0.0;Infinity;1;B
user-I050582_session-6E57DFAF22DEAFFF71E05042468DF4345BE90E1A1E8635B70473AD397FDA2463_analysis-11.csv;user-I050582;1;1069526477;4;true;-0.1429413519323762;0.0;Infinity;1;B
user-I050582_session-6E57DFAF22DEAFFF71E05042468DF4345BE90E1A1E8635B70473AD397FDA2463_analysis-11.csv;user-I050582;1;-1971730877;4;true;0.21449410564170424;0.0;Infinity;1;B
user-I050582_session-6E57DFAF22DEAFFF71E05042468DF4345BE90E1A1E8635B70473AD397FDA2463_analysis-11.csv;user-I050582;1;1075077355;4;true;0.17709088534454634;0.0;Infinity;1;B
user-I050582_session-6E57DFAF22DEAFFF71E05042468DF4345BE90E1A1E8635B70473AD397FDA2463_analysis-11.csv;user-I050582;1;1660820403;4;true;-0.29236185300934986;0.0;Infinity;1;B
user-I050582_session-6E57DFAF22DEAFFF71E05042468DF4345BE90E1A1E8635B70473AD397FDA2463_analysis-11.csv;user-I050582;1;621690033;4;true;-0.541303980790101;0.0;Infinity;1;B
user-I050582_session-6E57DFAF22DEAFFF71E05042468DF4345BE90E1A1E8635B70473AD397FDA2463_analysis-11.csv;user-I050582;1;-577512918;4;true;0.09172164497249634;0.0;Infinity;1;B
user-I050582_session-6E57DFAF22DEAFFF71E05042468DF4345BE90E1A1E8635B70473AD397FDA2463_analysis-11.csv;user-I050582;1;50191213;4;true;-0.6018652399400072;0.0;Infinity;1;B
user-I050582_session-6E57DFAF22DEAFFF71E05042468DF4345BE90E1A1E8635B70473AD397FDA2463_analysis-11.csv;user-I050582;1;1080619287;4;true;-0.5251214184565248;0.0;Infinity;1;B
user-I050582_session-6E57DFAF22DEAFFF71E05042468DF4345BE90E1A1E8635B70473AD397FDA2463_analysis-11.csv;user-I050582;1;1076123306;4;true;-0.6074510530643801;0.0;Infinity;1;B
user-I050582_session-6E57DFAF22DEAFFF71E05042468DF4345BE90E1A1E8635B70473AD397FDA2463_analysis-11.csv;user-I050582;1;-546846326;4;true;-0.35656475450816855;0.0;Infinity;1;B
user-I050582_session-6E57DFAF22DEAFFF71E05042468DF4345BE90E1A1E8635B70473AD397FDA2463_analysis-11.csv;user-I050582;1;1217110243;4;true;-0.25337658920573464;0.0;Infinity;1;B
user-I050582_session-6E57DFAF22DEAFFF71E05042468DF4345BE90E1A1E8635B70473AD397FDA2463_analysis-11.csv;user-I050582;1;316117431;3;true;-0.5763081079301133;0.0;Infinity;1;B
user-I050582_session-6E57DFAF22DEAFFF71E05042468DF4345BE90E1A1E8635B70473AD397FDA2463_analysis-11.csv;user-I050582;1;777640596;5;true;0.7440848668998593;0.0;Infinity;1;B
user-I050582_session-6E57DFAF22DEAFFF71E05042468DF4345BE90E1A1E8635B70473AD397FDA2463_analysis-11.csv;user-I050582;1;196535208;4;true;0.1522376382137772;0.0;Infinity;1;B
user-I050582_session-6E57DFAF22DEAFFF71E05042468DF4345BE90E1A1E8635B70473AD397FDA2463_analysis-11.csv;user-I050582;1;-1035118267;3;true;1.1419903100804676;0.0;Infinity;1;B
user-I050582_session-6E57DFAF22DEAFFF71E05042468DF4345BE90E1A1E8635B70473AD397FDA2463_analysis-11.csv;user-I050582;1;196568808;4;true;-0.12177727635457618;0.0;Infinity;1;B
user-I050582_session-6E57DFAF22DEAFFF71E05042468DF4345BE90E1A1E8635B70473AD397FDA2463_analysis-11.csv;user-I050582;1;1073351554;6;true;-0.5888920305279711;0.0;Infinity;1;B
user-I050582_session-6E57DFAF22DEAFFF71E05042468DF4345BE90E1A1E8635B70473AD397FDA2463_analysis-11.csv;user-I050582;1;-726023476;4;true;3.451119737128491;0.0;Infinity;1;B
user-I050582_session-6E57DFAF22DEAFFF71E05042468DF4345BE90E1A1E8635B70473AD397FDA2463_analysis-11.csv;user-I050582;1;1926671107;4;true;-0.5574163809653078;0.0;Infinity;1;B
user-I050582_session-6E57DFAF22DEAFFF71E05042468DF4345BE90E1A1E8635B70473AD397FDA2463_analysis-11.csv;user-I050582;1;1804144847;4;true;0.7783964256379032;0.0;Infinity;1;B
user-I050582_session-6E57DFAF22DEAFFF71E05042468DF4345BE90E1A1E8635B70473AD397FDA2463_analysis-11.csv;user-I050582;1;1074382707;4;true;-0.3009850086024862;0.0;Infinity;1;B
user-I050582_session-6E57DFAF22DEAFFF71E05042468DF4345BE90E1A1E8635B70473AD397FDA2463_analysis-11.csv;user-I050582;1;759540867;5;true;-0.4150845211790698;0.0;Infinity;1;B
user-I050582_session-6E57DFAF22DEAFFF71E05042468DF4345BE90E1A1E8635B70473AD397FDA2463_analysis-11.csv;user-I050582;1;2044215619;4;true;-0.5835212304695688;0.0;Infinity;1;B
user-I050582_session-6E57DFAF22DEAFFF71E05042468DF4345BE90E1A1E8635B70473AD397FDA2463_analysis-11.csv;user-I050582;1;-821009408;5;true;-0.4998404084892458;0.0;Infinity;1;B
user-I050582_session-6E57DFAF22DEAFFF71E05042468DF4345BE90E1A1E8635B70473AD397FDA2463_analysis-11.csv;user-I050582;1;-1854009922;4;true;-0.4825737276440916;0.0;Infinity;1;B
user-I050582_session-6E57DFAF22DEAFFF71E05042468DF4345BE90E1A1E8635B70473AD397FDA2463_analysis-11.csv;user-I050582;1;1143847374;3;true;-0.43362770064745987;0.0;Infinity;1;B
user-I050582_session-6E57DFAF22DEAFFF71E05042468DF4345BE90E1A1E8635B70473AD397FDA2463_analysis-11.csv;user-I050582;1;1081054447;3;true;0.6802803053969441;0.0;Infinity;1;B
user-I050582_session-6E57DFAF22DEAFFF71E05042468DF4345BE90E1A1E8635B70473AD397FDA2463_analysis-11.csv;user-I050582;1;116399818;5;true;-0.6140168731104926;0.0;Infinity;1;B
user-I050582_session-6E57DFAF22DEAFFF71E05042468DF4345BE90E1A1E8635B70473AD397FDA2463_analysis-11.csv;user-I050582;1;-983669401;4;true;6.723270053704481;0.0;Infinity;1;B
user-I050582_session-6E57DFAF22DEAFFF71E05042468DF4345BE90E1A1E8635B70473AD397FDA2463_analysis-11.csv;user-I050582;1;1078778555;4;true;2.0224665519346097;0.0;Infinity;1;B
user-I050582_session-6E57DFAF22DEAFFF71E05042468DF4345BE90E1A1E8635B70473AD397FDA2463_analysis-11.csv;user-I050582;1;2056562925;3;true;-0.4524039995452707;0.0;Infinity;1;B
user-I050582_session-6E57DFAF22DEAFFF71E05042468DF4345BE90E1A1E8635B70473AD397FDA2463_analysis-11.csv;user-I050582;1;1072310060;4;true;1.7089005497048237;0.0;Infinity;1;B
user-I050582_session-6E57DFAF22DEAFFF71E05042468DF4345BE90E1A1E8635B70473AD397FDA2463_analysis-11.csv;user-I050582;1;-509707012;4;true;0.5122736222383861;0.0;Infinity;1;B
user-I050582_session-6E57DFAF22DEAFFF71E05042468DF4345BE90E1A1E8635B70473AD397FDA2463_analysis-11.csv;user-I050582;1;448246076;3;true;0.6863414105618835;0.0;Infinity;1;B
user-I050582_session-6E57DFAF22DEAFFF71E05042468DF4345BE90E1A1E8635B70473AD397FDA2463_analysis-11.csv;user-I050582;1;1003430385;4;true;0.07890233964978655;0.0;Infinity;1;B
user-I050582_session-6E57DFAF22DEAFFF71E05042468DF4345BE90E1A1E8635B70473AD397FDA2463_analysis-11.csv;user-I050582;1;-68986718;3;true;0.27902971156891954;0.0;Infinity;1;B
user-I050582_session-6E57DFAF22DEAFFF71E05042468DF4345BE90E1A1E8635B70473AD397FDA2463_analysis-11.csv;user-I050582;1;468752871;4;true;-0.5373545302625359;0.0;Infinity;1;B
user-I050582_session-6E57DFAF22DEAFFF71E05042468DF4345BE90E1A1E8635B70473AD397FDA2463_analysis-11.csv;user-I050582;1;-1304827976;4;true;-0.5644235436205177;0.0;Infinity;1;B
user-I050582_session-6E57DFAF22DEAFFF71E05042468DF4345BE90E1A1E8635B70473AD397FDA2463_analysis-11.csv;user-I050582;1;-624448390;4;true;-0.5701157316301603;0.0;Infinity;1;B
user-I050582_session-6E57DFAF22DEAFFF71E05042468DF4345BE90E1A1E8635B70473AD397FDA2463_analysis-11.csv;user-I050582;1;-1708192764;4;true;-0.5575340723277338;0.0;Infinity;1;B
user-I050582_session-6E57DFAF22DEAFFF71E05042468DF4345BE90E1A1E8635B70473AD397FDA2463_analysis-11.csv;user-I050582;1;1003359607;3;true;-0.6022613166404793;0.0;Infinity;1;B
user-I050582_session-6E57DFAF22DEAFFF71E05042468DF4345BE90E1A1E8635B70473AD397FDA2463_analysis-11.csv;user-I050582;1;-1149575153;4;true;-0.5244763792586131;0.0;Infinity;1;B
user-I050582_session-6E57DFAF22DEAFFF71E05042468DF4345BE90E1A1E8635B70473AD397FDA2463_analysis-11.csv;user-I050582;1;-1026470032;4;true;1.0494894258044878;0.0;Infinity;1;B
user-I050582_session-6E57DFAF22DEAFFF71E05042468DF4345BE90E1A1E8635B70473AD397FDA2463_analysis-11.csv;user-I050582;1;2028687741;3;true;-0.4971629299940541;0.0;Infinity;1;B
user-I050582_session-6E57DFAF22DEAFFF71E05042468DF4345BE90E1A1E8635B70473AD397FDA2463_analysis-11.csv;user-I050582;1;-1181677695;5;true;1.375836257334652;0.0;Infinity;1;B
user-I050582_session-6E57DFAF22DEAFFF71E05042468DF4345BE90E1A1E8635B70473AD397FDA2463_analysis-11.csv;user-I050582;1;136732;4;true;1.8286107716555242;0.0;Infinity;1;B
user-I050582_session-6E57DFAF22DEAFFF71E05042468DF4345BE90E1A1E8635B70473AD397FDA2463_analysis-11.csv;user-I050582;1;-1031548187;4;true;1.9830241024538782;0.0;Infinity;1;B
user-I050582_session-6E57DFAF22DEAFFF71E05042468DF4345BE90E1A1E8635B70473AD397FDA2463_analysis-11.csv;user-I050582;1;-1069434870;3;true;-0.43909129581854417;0.0;Infinity;1;B
user-I050582_session-6E57DFAF22DEAFFF71E05042468DF4345BE90E1A1E8635B70473AD397FDA2463_analysis-11.csv;user-I050582;1;-501800765;4;true;-0.5632896326094518;0.0;Infinity;1;B
user-I050582_session-6E57DFAF22DEAFFF71E05042468DF4345BE90E1A1E8635B70473AD397FDA2463_analysis-11.csv;user-I050582;1;230372649;4;true;-0.5991221258773087;0.0;Infinity;1;B
user-I050582_session-6E57DFAF22DEAFFF71E05042468DF4345BE90E1A1E8635B70473AD397FDA2463_analysis-11.csv;user-I050582;1;875178989;4;true;-0.08669619716990068;0.0;Infinity;1;B
user-I050582_session-6E57DFAF22DEAFFF71E05042468DF4345BE90E1A1E8635B70473AD397FDA2463_analysis-11.csv;user-I050582;1;630073327;4;true;-0.5507917152379822;0.0;Infinity;1;B
user-I050582_session-6E57DFAF22DEAFFF71E05042468DF4345BE90E1A1E8635B70473AD397FDA2463_analysis-11.csv;user-I050582;1;913177094;4;true;-0.6062537697812386;0.0;Infinity;1;B
user-I050582_session-6E57DFAF22DEAFFF71E05042468DF4345BE90E1A1E8635B70473AD397FDA2463_analysis-11.csv;user-I050582;1;-1073144081;3;true;-0.3726907344559629;0.0;Infinity;1;B
user-I050582_session-6E57DFAF22DEAFFF71E05042468DF4345BE90E1A1E8635B70473AD397FDA2463_analysis-11.csv;user-I050582;1;-1152938029;4;true;0.46994999767364865;0.0;Infinity;1;B
user-I050582_session-6E57DFAF22DEAFFF71E05042468DF4345BE90E1A1E8635B70473AD397FDA2463_analysis-11.csv;user-I050582;1;-1175191970;4;true;-0.59489881660256;0.0;Infinity;1;B
user-I050582_session-6E57DFAF22DEAFFF71E05042468DF4345BE90E1A1E8635B70473AD397FDA2463_analysis-11.csv;user-I050582;1;1709275538;4;true;0.315833158576791;0.0;Infinity;1;B
user-I050582_session-6E57DFAF22DEAFFF71E05042468DF4345BE90E1A1E8635B70473AD397FDA2463_analysis-11.csv;user-I050582;1;1132170913;4;true;-0.28708837465449216;0.0;Infinity;1;B
user-I050582_session-6E57DFAF22DEAFFF71E05042468DF4345BE90E1A1E8635B70473AD397FDA2463_analysis-11.csv;user-I050582;1;-389169290;5;true;-0.5078004185210202;0.0;Infinity;1;B
user-I050582_session-6E57DFAF22DEAFFF71E05042468DF4345BE90E1A1E8635B70473AD397FDA2463_analysis-11.csv;user-I050582;1;1500583498;3;true;1.0246112824239746;0.0;Infinity;1;B
user-I050582_session-6E57DFAF22DEAFFF71E05042468DF4345BE90E1A1E8635B70473AD397FDA2463_analysis-11.csv;user-I050582;1;-2092390746;4;true;-0.35945950936476206;0.0;Infinity;1;B
user-I050582_session-6E57DFAF22DEAFFF71E05042468DF4345BE90E1A1E8635B70473AD397FDA2463_analysis-11.csv;user-I050582;1;-686904356;4;true;0.14289928126435972;0.0;Infinity;1;B
user-I050582_session-6E57DFAF22DEAFFF71E05042468DF4345BE90E1A1E8635B70473AD397FDA2463_analysis-11.csv;user-I050582;1;1829580861;3;true;-0.4783051524607176;0.0;Infinity;1;B
user-I050582_session-6E57DFAF22DEAFFF71E05042468DF4345BE90E1A1E8635B70473AD397FDA2463_analysis-11.csv;user-I050582;1;-193883673;4;true;0.520681764765552;0.0;Infinity;1;B
user-I050582_session-6E57DFAF22DEAFFF71E05042468DF4345BE90E1A1E8635B70473AD397FDA2463_analysis-11.csv;user-I050582;1;-1389810941;4;true;-0.6140100832241987;0.0;Infinity;1;B
user-I050582_session-6E57DFAF22DEAFFF71E05042468DF4345BE90E1A1E8635B70473AD397FDA2463_analysis-11.csv;user-I050582;1;1414033727;4;true;-0.6134601024344003;0.0;Infinity;1;B
user-I050582_session-6E57DFAF22DEAFFF71E05042468DF4345BE90E1A1E8635B70473AD397FDA2463_analysis-11.csv;user-I050582;1;436641858;4;true;-0.41109659462917314;0.0;Infinity;1;B
user-I050582_session-6E57DFAF22DEAFFF71E05042468DF4345BE90E1A1E8635B70473AD397FDA2463_analysis-11.csv;user-I050582;1;608111986;3;true;-0.5357023245977093;0.0;Infinity;1;B
user-I050582_session-6E57DFAF22DEAFFF71E05042468DF4345BE90E1A1E8635B70473AD397FDA2463_analysis-11.csv;user-I050582;1;1475891039;4;true;4.062069179254487;0.0;Infinity;1;B
user-I050582_session-6E57DFAF22DEAFFF71E05042468DF4345BE90E1A1E8635B70473AD397FDA2463_analysis-11.csv;user-I050582;1;1639793776;3;true;0.04004155709489117;0.0;Infinity;1;B
user-I050582_session-6E57DFAF22DEAFFF71E05042468DF4345BE90E1A1E8635B70473AD397FDA2463_analysis-11.csv;user-I050582;1;1939086048;3;true;-0.5920448010637294;0.0;Infinity;1;B
user-I050582_session-6E57DFAF22DEAFFF71E05042468DF4345BE90E1A1E8635B70473AD397FDA2463_analysis-11.csv;user-I050582;1;-1790637500;4;true;-0.17579987500354516;0.0;Infinity;1;B
user-I050582_session-6E57DFAF22DEAFFF71E05042468DF4345BE90E1A1E8635B70473AD397FDA2463_analysis-11.csv;user-I050582;1;-2058092308;4;true;-0.48858956690040567;0.0;Infinity;1;B
user-I050582_session-6E57DFAF22DEAFFF71E05042468DF4345BE90E1A1E8635B70473AD397FDA2463_analysis-11.csv;user-I050582;1;-1819978646;4;true;-0.54091016738506;0.0;Infinity;1;B
user-I050582_session-6E57DFAF22DEAFFF71E05042468DF4345BE90E1A1E8635B70473AD397FDA2463_analysis-11.csv;user-I050582;1;1069734009;3;true;-0.5775529204173114;0.0;Infinity;1;B
user-I050582_session-6E57DFAF22DEAFFF71E05042468DF4345BE90E1A1E8635B70473AD397FDA2463_analysis-11.csv;user-I050582;1;1081206037;4;true;-0.5747192745373622;0.0;Infinity;1;B
user-I050582_session-6E57DFAF22DEAFFF71E05042468DF4345BE90E1A1E8635B70473AD397FDA2463_analysis-11.csv;user-I050582;1;526567908;4;true;-0.6136705889095083;0.0;Infinity;1;B
user-I050582_session-6E57DFAF22DEAFFF71E05042468DF4345BE90E1A1E8635B70473AD397FDA2463_analysis-11.csv;user-I050582;1;-671507334;3;true;-0.5046431213943995;0.0;Infinity;1;B
user-I050582_session-6E57DFAF22DEAFFF71E05042468DF4345BE90E1A1E8635B70473AD397FDA2463_analysis-11.csv;user-I050582;1;474040741;4;true;-0.33789709379105864;0.0;Infinity;1;B
user-I050582_session-6E57DFAF22DEAFFF71E05042468DF4345BE90E1A1E8635B70473AD397FDA2463_analysis-11.csv;user-I050582;1;852785433;7;true;-0.5630135105668369;0.0;Infinity;1;B
user-I050582_session-6E57DFAF22DEAFFF71E05042468DF4345BE90E1A1E8635B70473AD397FDA2463_analysis-11.csv;user-I050582;1;-1913350209;5;true;-0.6072496197709971;0.0;Infinity;1;B
user-I050582_session-6E57DFAF22DEAFFF71E05042468DF4345BE90E1A1E8635B70473AD397FDA2463_analysis-11.csv;user-I050582;1;-992599013;7;true;-0.1989239644248245;0.0;Infinity;1;B
user-I050582_session-6E57DFAF22DEAFFF71E05042468DF4345BE90E1A1E8635B70473AD397FDA2463_analysis-11.csv;user-I050582;1;-1328337552;6;true;-0.5292360895505726;0.0;Infinity;1;B
user-I050582_session-6E57DFAF22DEAFFF71E05042468DF4345BE90E1A1E8635B70473AD397FDA2463_analysis-11.csv;user-I050582;1;-356107098;4;true;1.424220987064329;0.0;Infinity;1;B
user-I050582_session-6E57DFAF22DEAFFF71E05042468DF4345BE90E1A1E8635B70473AD397FDA2463_analysis-11.csv;user-I050582;1;1077847349;4;true;-0.21962859103007684;0.0;Infinity;1;B
user-I050582_session-6E57DFAF22DEAFFF71E05042468DF4345BE90E1A1E8635B70473AD397FDA2463_analysis-11.csv;user-I050582;1;-251642117;5;true;-0.4223836489449136;0.0;Infinity;1;B
user-I050582_session-6E57DFAF22DEAFFF71E05042468DF4345BE90E1A1E8635B70473AD397FDA2463_analysis-11.csv;user-I050582;1;1076233951;4;true;-0.6028678798160596;0.0;Infinity;1;B
user-I050582_session-6E57DFAF22DEAFFF71E05042468DF4345BE90E1A1E8635B70473AD397FDA2463_analysis-11.csv;user-I050582;1;2018550395;5;true;1.4953337295148132;0.0;Infinity;1;B
user-I050582_session-6E57DFAF22DEAFFF71E05042468DF4345BE90E1A1E8635B70473AD397FDA2463_analysis-11.csv;user-I050582;1;-1395895594;5;true;-0.5129086763093952;0.0;Infinity;1;B
user-I050582_session-6E57DFAF22DEAFFF71E05042468DF4345BE90E1A1E8635B70473AD397FDA2463_analysis-11.csv;user-I050582;1;-350138353;4;true;-0.61663324262904;0.0;Infinity;1;B
user-I050582_session-6E57DFAF22DEAFFF71E05042468DF4345BE90E1A1E8635B70473AD397FDA2463_analysis-11.csv;user-I050582;1;1178475036;6;true;-0.620381259863222;0.0;Infinity;1;B
user-I050582_session-6E57DFAF22DEAFFF71E05042468DF4345BE90E1A1E8635B70473AD397FDA2463_analysis-11.csv;user-I050582;1;-762399134;5;true;-0.6039429451459125;0.0;Infinity;1;B
user-I050582_session-6E57DFAF22DEAFFF71E05042468DF4345BE90E1A1E8635B70473AD397FDA2463_analysis-11.csv;user-I050582;1;-1140939035;5;true;-0.60146011005781;0.0;Infinity;1;B
user-I050582_session-6E57DFAF22DEAFFF71E05042468DF4345BE90E1A1E8635B70473AD397FDA2463_analysis-11.csv;user-I050582;1;72070582;5;true;1.5411926215431935;0.0;Infinity;1;B
user-I050582_session-6E57DFAF22DEAFFF71E05042468DF4345BE90E1A1E8635B70473AD397FDA2463_analysis-11.csv;user-I050582;1;756721159;5;true;0.8330527470076277;0.0;Infinity;1;B
user-I050582_session-6E57DFAF22DEAFFF71E05042468DF4345BE90E1A1E8635B70473AD397FDA2463_analysis-11.csv;user-I050582;1;916047800;4;true;-0.555435997462947;0.0;Infinity;1;B
user-I050582_session-6E57DFAF22DEAFFF71E05042468DF4345BE90E1A1E8635B70473AD397FDA2463_analysis-11.csv;user-I050582;1;1071762525;3;true;-0.5832586881995416;0.0;Infinity;1;B
user-I050582_session-6E57DFAF22DEAFFF71E05042468DF4345BE90E1A1E8635B70473AD397FDA2463_analysis-11.csv;user-I050582;1;1070456875;5;true;-0.6082499963516181;0.0;Infinity;1;B
user-I050582_session-6E57DFAF22DEAFFF71E05042468DF4345BE90E1A1E8635B70473AD397FDA2463_analysis-11.csv;user-I050582;1;942701074;4;true;-0.5992488704214598;0.0;Infinity;1;B
user-I050582_session-6E57DFAF22DEAFFF71E05042468DF4345BE90E1A1E8635B70473AD397FDA2463_analysis-11.csv;user-I050582;1;-584893774;4;true;-0.4792534732464195;0.0;Infinity;1;B
user-I050582_session-6E57DFAF22DEAFFF71E05042468DF4345BE90E1A1E8635B70473AD397FDA2463_analysis-11.csv;user-I050582;1;1003453022;5;true;-0.4282817968388016;0.0;Infinity;1;B
user-I050582_session-6E57DFAF22DEAFFF71E05042468DF4345BE90E1A1E8635B70473AD397FDA2463_analysis-11.csv;user-I050582;1;-1040764705;5;true;-0.558090843003826;0.0;Infinity;1;B
user-I050582_session-6E57DFAF22DEAFFF71E05042468DF4345BE90E1A1E8635B70473AD397FDA2463_analysis-11.csv;user-I050582;1;1656215588;5;true;0.34663887269179866;0.0;Infinity;1;B
user-I050582_session-6E57DFAF22DEAFFF71E05042468DF4345BE90E1A1E8635B70473AD397FDA2463_analysis-11.csv;user-I050582;1;-1512321145;4;true;-0.5738479057963235;0.0;Infinity;1;B
user-I050582_session-6E57DFAF22DEAFFF71E05042468DF4345BE90E1A1E8635B70473AD397FDA2463_analysis-11.csv;user-I050582;1;-1260649220;5;true;0.46520386715427675;0.0;Infinity;1;B
user-I050582_session-6E57DFAF22DEAFFF71E05042468DF4345BE90E1A1E8635B70473AD397FDA2463_analysis-11.csv;user-I050582;1;-804771502;4;true;1.8971433573143612;0.0;Infinity;1;B
user-I050582_session-6E57DFAF22DEAFFF71E05042468DF4345BE90E1A1E8635B70473AD397FDA2463_analysis-11.csv;user-I050582;1;1003581449;4;true;-0.5969357824907024;0.0;Infinity;1;B
user-I050582_session-6E57DFAF22DEAFFF71E05042468DF4345BE90E1A1E8635B70473AD397FDA2463_analysis-11.csv;user-I050582;1;-910710946;5;true;-0.3139242685830533;0.0;Infinity;1;B
user-I050582_session-6E57DFAF22DEAFFF71E05042468DF4345BE90E1A1E8635B70473AD397FDA2463_analysis-11.csv;user-I050582;1;-690920556;3;true;1.2644323296167104;0.0;Infinity;1;B
user-I050582_session-6E57DFAF22DEAFFF71E05042468DF4345BE90E1A1E8635B70473AD397FDA2463_analysis-11.csv;user-I050582;1;1066047613;4;true;-0.5276200966126463;0.0;Infinity;1;B
user-I050582_session-6E57DFAF22DEAFFF71E05042468DF4345BE90E1A1E8635B70473AD397FDA2463_analysis-11.csv;user-I050582;1;642808401;4;true;-0.3425504291977485;0.0;Infinity;1;B
user-I050582_session-6E57DFAF22DEAFFF71E05042468DF4345BE90E1A1E8635B70473AD397FDA2463_analysis-11.csv;user-I050582;1;-76814464;5;true;2.037938439502767;0.0;Infinity;1;B
user-I050582_session-6E57DFAF22DEAFFF71E05042468DF4345BE90E1A1E8635B70473AD397FDA2463_analysis-11.csv;user-I050582;1;1003256447;6;true;-0.4511252376266035;0.0;Infinity;1;B
user-I050582_session-6E57DFAF22DEAFFF71E05042468DF4345BE90E1A1E8635B70473AD397FDA2463_analysis-11.csv;user-I050582;1;-1217263895;5;true;2.1362084638330527;0.0;Infinity;1;B
user-I050582_session-6E57DFAF22DEAFFF71E05042468DF4345BE90E1A1E8635B70473AD397FDA2463_analysis-11.csv;user-I050582;1;939626592;4;true;-0.21999071829907993;0.0;Infinity;1;B
user-I050582_session-6E57DFAF22DEAFFF71E05042468DF4345BE90E1A1E8635B70473AD397FDA2463_analysis-11.csv;user-I050582;1;-1150039595;5;true;-0.6063873042116834;0.0;Infinity;1;B
user-I050582_session-6E57DFAF22DEAFFF71E05042468DF4345BE90E1A1E8635B70473AD397FDA2463_analysis-11.csv;user-I050582;1;-1296182574;4;true;-0.274198907173413;0.0;Infinity;1;B
user-I050582_session-6E57DFAF22DEAFFF71E05042468DF4345BE90E1A1E8635B70473AD397FDA2463_analysis-11.csv;user-I050582;1;-1094372698;4;true;0.5973011050003145;0.0;Infinity;1;B
user-I050582_session-6E57DFAF22DEAFFF71E05042468DF4345BE90E1A1E8635B70473AD397FDA2463_analysis-11.csv;user-I050582;1;1434446760;4;true;-0.09555020889702652;0.0;Infinity;1;B
user-I050582_session-6E57DFAF22DEAFFF71E05042468DF4345BE90E1A1E8635B70473AD397FDA2463_analysis-11.csv;user-I050582;1;1064509641;3;true;0.2441070630644329;0.0;Infinity;1;B
user-I050582_session-6E57DFAF22DEAFFF71E05042468DF4345BE90E1A1E8635B70473AD397FDA2463_analysis-11.csv;user-I050582;1;1066047555;4;true;-0.18714124840963606;0.0;Infinity;1;B
user-I050582_session-6E57DFAF22DEAFFF71E05042468DF4345BE90E1A1E8635B70473AD397FDA2463_analysis-11.csv;user-I050582;1;837449922;4;true;-0.3796435780208225;0.0;Infinity;1;B
user-I050582_session-6E57DFAF22DEAFFF71E05042468DF4345BE90E1A1E8635B70473AD397FDA2463_analysis-11.csv;user-I050582;1;-363879352;4;true;-0.1521620175193677;0.0;Infinity;1;B
user-I050582_session-6E57DFAF22DEAFFF71E05042468DF4345BE90E1A1E8635B70473AD397FDA2463_analysis-11.csv;user-I050582;1;1267678652;4;true;-0.6113869238193576;0.0;Infinity;1;B
user-I050582_session-6E57DFAF22DEAFFF71E05042468DF4345BE90E1A1E8635B70473AD397FDA2463_analysis-11.csv;user-I050582;1;1134467597;5;true;-0.4479769936817078;0.0;Infinity;1;B
user-I050582_session-6E57DFAF22DEAFFF71E05042468DF4345BE90E1A1E8635B70473AD397FDA2463_analysis-11.csv;user-I050582;1;1615186874;5;true;-0.5923842953784197;0.0;Infinity;1;B
user-I050582_session-6E57DFAF22DEAFFF71E05042468DF4345BE90E1A1E8635B70473AD397FDA2463_analysis-11.csv;user-I050582;1;-69067550;4;true;-0.6152503691205343;0.0;Infinity;1;B
user-I050582_session-6E57DFAF22DEAFFF71E05042468DF4345BE90E1A1E8635B70473AD397FDA2463_analysis-11.csv;user-I050582;1;1065039382;4;true;-0.5929478559408058;0.0;Infinity;1;B
user-I050582_session-6E57DFAF22DEAFFF71E05042468DF4345BE90E1A1E8635B70473AD397FDA2463_analysis-11.csv;user-I050582;1;-1099418937;5;true;-0.31822905649332767;0.0;Infinity;1;B
user-I050582_session-6E57DFAF22DEAFFF71E05042468DF4345BE90E1A1E8635B70473AD397FDA2463_analysis-11.csv;user-I050582;1;66049918;4;true;-0.6114367163188454;0.0;Infinity;1;B
user-I050582_session-6E57DFAF22DEAFFF71E05042468DF4345BE90E1A1E8635B70473AD397FDA2463_analysis-11.csv;user-I050582;1;-1282890188;4;true;1.468792063992317;0.0;Infinity;1;B
user-I050582_session-6E57DFAF22DEAFFF71E05042468DF4345BE90E1A1E8635B70473AD397FDA2463_analysis-11.csv;user-I050582;1;2105911807;4;true;-0.5518260412500724;0.0;Infinity;1;B
user-I050582_session-6E57DFAF22DEAFFF71E05042468DF4345BE90E1A1E8635B70473AD397FDA2463_analysis-11.csv;user-I050582;1;-777595372;4;true;-0.2751178051185084;0.0;Infinity;1;B
user-I050582_session-6E57DFAF22DEAFFF71E05042468DF4345BE90E1A1E8635B70473AD397FDA2463_analysis-11.csv;user-I050582;1;1454486684;4;true;-0.5885706425767309;0.0;Infinity;1;B
user-I050582_session-6E57DFAF22DEAFFF71E05042468DF4345BE90E1A1E8635B70473AD397FDA2463_analysis-11.csv;user-I050582;1;-2062827083;4;true;-0.5945072664929505;0.0;Infinity;1;B
user-I050582_session-6E57DFAF22DEAFFF71E05042468DF4345BE90E1A1E8635B70473AD397FDA2463_analysis-11.csv;user-I050582;2;-1117091989;5;true;1.6534367841198356;0.0;Infinity;1;B
user-I050582_session-6E57DFAF22DEAFFF71E05042468DF4345BE90E1A1E8635B70473AD397FDA2463_analysis-11.csv;user-I050582;2;-1475354743;5;true;-0.6418526071805218;0.0;Infinity;1;B
user-I050582_session-6E57DFAF22DEAFFF71E05042468DF4345BE90E1A1E8635B70473AD397FDA2463_analysis-11.csv;user-I050582;2;-1014462735;5;true;-0.44435606268831024;0.0;Infinity;1;B
user-I050582_session-6E57DFAF22DEAFFF71E05042468DF4345BE90E1A1E8635B70473AD397FDA2463_analysis-11.csv;user-I050582;2;995662235;4;true;-0.5844918290481871;0.0;Infinity;1;B
user-I050582_session-6E57DFAF22DEAFFF71E05042468DF4345BE90E1A1E8635B70473AD397FDA2463_analysis-11.csv;user-I050582;2;-1110572549;3;true;-0.1410067106700944;0.0;Infinity;1;B
user-I050582_session-6E57DFAF22DEAFFF71E05042468DF4345BE90E1A1E8635B70473AD397FDA2463_analysis-11.csv;user-I050582;2;-435682155;5;true;-0.6378950472595045;0.0;Infinity;1;B
user-I050582_session-6E57DFAF22DEAFFF71E05042468DF4345BE90E1A1E8635B70473AD397FDA2463_analysis-11.csv;user-I050582;2;1575276601;3;true;-0.3058414654527056;0.0;Infinity;1;B
user-I050582_session-6E57DFAF22DEAFFF71E05042468DF4345BE90E1A1E8635B70473AD397FDA2463_analysis-11.csv;user-I050582;2;1207868252;4;true;-0.3359284571414032;0.0;Infinity;1;B
user-I050582_session-6E57DFAF22DEAFFF71E05042468DF4345BE90E1A1E8635B70473AD397FDA2463_analysis-11.csv;user-I050582;2;-1647568270;5;true;-0.5999882986184354;0.0;Infinity;1;B
user-I050582_session-6E57DFAF22DEAFFF71E05042468DF4345BE90E1A1E8635B70473AD397FDA2463_analysis-11.csv;user-I050582;2;-1126308507;3;true;-0.4979023252341223;0.0;Infinity;1;B
user-I050582_session-6E57DFAF22DEAFFF71E05042468DF4345BE90E1A1E8635B70473AD397FDA2463_analysis-11.csv;user-I050582;2;992303547;5;true;-0.19450529177107495;0.0;Infinity;1;B
user-I050582_session-6E57DFAF22DEAFFF71E05042468DF4345BE90E1A1E8635B70473AD397FDA2463_analysis-11.csv;user-I050582;2;854082790;5;true;0.18747076277433958;0.0;Infinity;1;B
user-I050582_session-6E57DFAF22DEAFFF71E05042468DF4345BE90E1A1E8635B70473AD397FDA2463_analysis-11.csv;user-I050582;2;1368942882;10;true;-0.6253071458239797;0.0;Infinity;1;B
user-I050582_session-6E57DFAF22DEAFFF71E05042468DF4345BE90E1A1E8635B70473AD397FDA2463_analysis-11.csv;user-I050582;2;917909220;4;true;-0.39548258173598844;0.0;Infinity;1;B
user-I050582_session-6E57DFAF22DEAFFF71E05042468DF4345BE90E1A1E8635B70473AD397FDA2463_analysis-11.csv;user-I050582;2;-1597864947;4;true;-0.6038028142049581;0.0;Infinity;1;B
user-I050582_session-6E57DFAF22DEAFFF71E05042468DF4345BE90E1A1E8635B70473AD397FDA2463_analysis-11.csv;user-I050582;2;2146596411;4;true;-0.5855408208344808;0.0;Infinity;1;B
user-I050582_session-6E57DFAF22DEAFFF71E05042468DF4345BE90E1A1E8635B70473AD397FDA2463_analysis-11.csv;user-I050582;2;1058303572;4;true;-0.2198241389766192;0.0;Infinity;1;B
user-I050582_session-6E57DFAF22DEAFFF71E05042468DF4345BE90E1A1E8635B70473AD397FDA2463_analysis-11.csv;user-I050582;2;917815805;3;true;-0.6202052312270057;0.0;Infinity;1;B
user-I050582_session-6E57DFAF22DEAFFF71E05042468DF4345BE90E1A1E8635B70473AD397FDA2463_analysis-11.csv;user-I050582;2;383209069;4;true;-0.5504949588833037;0.0;Infinity;1;B
user-I050582_session-6E57DFAF22DEAFFF71E05042468DF4345BE90E1A1E8635B70473AD397FDA2463_analysis-11.csv;user-I050582;2;522568184;4;true;-0.5539280229111742;0.0;Infinity;1;B
user-I050582_session-6E57DFAF22DEAFFF71E05042468DF4345BE90E1A1E8635B70473AD397FDA2463_analysis-11.csv;user-I050582;2;-1381726376;4;true;-0.12884794223805338;0.0;Infinity;1;B
user-I050582_session-6E57DFAF22DEAFFF71E05042468DF4345BE90E1A1E8635B70473AD397FDA2463_analysis-11.csv;user-I050582;2;-1939553724;4;true;-0.374884197568766;0.0;Infinity;1;B
user-I050582_session-6E57DFAF22DEAFFF71E05042468DF4345BE90E1A1E8635B70473AD397FDA2463_analysis-11.csv;user-I050582;2;1554249974;6;true;0.08967611942486446;0.0;Infinity;1;B
user-I050582_session-6E57DFAF22DEAFFF71E05042468DF4345BE90E1A1E8635B70473AD397FDA2463_analysis-11.csv;user-I050582;2;-847942936;6;true;-0.6282157139587032;0.0;Infinity;1;B
user-I050582_session-6E57DFAF22DEAFFF71E05042468DF4345BE90E1A1E8635B70473AD397FDA2463_analysis-11.csv;user-I050582;2;544529525;5;true;-0.5789131000028976;0.0;Infinity;1;B
user-I050582_session-6E57DFAF22DEAFFF71E05042468DF4345BE90E1A1E8635B70473AD397FDA2463_analysis-11.csv;user-I050582;2;-1390371778;4;true;-0.5468711690761072;0.0;Infinity;1;B
user-I050582_session-6E57DFAF22DEAFFF71E05042468DF4345BE90E1A1E8635B70473AD397FDA2463_analysis-11.csv;user-I050582;2;-1933652768;3;true;3.553542360656444;0.0;Infinity;1;B
user-I050582_session-6E57DFAF22DEAFFF71E05042468DF4345BE90E1A1E8635B70473AD397FDA2463_analysis-11.csv;user-I050582;2;1663815117;4;true;-0.44492824002628867;0.0;Infinity;1;B
user-I050582_session-6E57DFAF22DEAFFF71E05042468DF4345BE90E1A1E8635B70473AD397FDA2463_analysis-11.csv;user-I050582;2;1529643072;4;true;-0.5866374940656061;0.0;Infinity;1;B
user-I050582_session-6E57DFAF22DEAFFF71E05042468DF4345BE90E1A1E8635B70473AD397FDA2463_analysis-11.csv;user-I050582;2;-1791120545;4;true;1.2618290777184513;0.0;Infinity;1;B
user-I050582_session-6E57DFAF22DEAFFF71E05042468DF4345BE90E1A1E8635B70473AD397FDA2463_analysis-11.csv;user-I050582;2;917536797;3;true;-0.3804629266140554;0.0;Infinity;1;B
user-I050582_session-6E57DFAF22DEAFFF71E05042468DF4345BE90E1A1E8635B70473AD397FDA2463_analysis-11.csv;user-I050582;2;-480569812;4;true;-0.5745264070783965;0.0;Infinity;1;B
user-I050582_session-6E57DFAF22DEAFFF71E05042468DF4345BE90E1A1E8635B70473AD397FDA2463_analysis-11.csv;user-I050582;2;671177357;4;true;0.9114658210963434;0.0;Infinity;1;B
user-I050582_session-6E57DFAF22DEAFFF71E05042468DF4345BE90E1A1E8635B70473AD397FDA2463_analysis-11.csv;user-I050582;2;1727135778;5;true;1.4383457864847882;0.0;Infinity;1;B
user-I050582_session-6E57DFAF22DEAFFF71E05042468DF4345BE90E1A1E8635B70473AD397FDA2463_analysis-11.csv;user-I050582;2;980503753;4;true;-0.0475033973554573;0.0;Infinity;1;B
user-I050582_session-6E57DFAF22DEAFFF71E05042468DF4345BE90E1A1E8635B70473AD397FDA2463_analysis-11.csv;user-I050582;2;827633292;4;true;-0.6150079537403684;0.0;Infinity;1;B
user-I050582_session-6E57DFAF22DEAFFF71E05042468DF4345BE90E1A1E8635B70473AD397FDA2463_analysis-11.csv;user-I050582;2;857157272;4;true;-0.6323163182142151;0.0;Infinity;1;B
user-I050582_session-6E57DFAF22DEAFFF71E05042468DF4345BE90E1A1E8635B70473AD397FDA2463_analysis-11.csv;user-I050582;2;-1112013834;4;true;0.8201081727991254;0.0;Infinity;1;B
user-I050582_session-6E57DFAF22DEAFFF71E05042468DF4345BE90E1A1E8635B70473AD397FDA2463_analysis-11.csv;user-I050582;2;1348902958;4;true;-0.037013479492519936;0.0;Infinity;1;B
user-I050582_session-6E57DFAF22DEAFFF71E05042468DF4345BE90E1A1E8635B70473AD397FDA2463_analysis-11.csv;user-I050582;2;996416793;3;true;-0.48321644022601;0.0;Infinity;1;B
user-I050582_session-6E57DFAF22DEAFFF71E05042468DF4345BE90E1A1E8635B70473AD397FDA2463_analysis-11.csv;user-I050582;2;557264599;4;true;-0.29058340310661485;0.0;Infinity;1;B
user-I050582_session-6E57DFAF22DEAFFF71E05042468DF4345BE90E1A1E8635B70473AD397FDA2463_analysis-11.csv;user-I050582;2;-764418124;4;true;-0.6143880949575585;0.0;Infinity;1;B
user-I050582_session-6E57DFAF22DEAFFF71E05042468DF4345BE90E1A1E8635B70473AD397FDA2463_analysis-11.csv;user-I050582;2;265061973;4;true;-0.6047087616567572;0.0;Infinity;1;B
user-I050582_session-6E57DFAF22DEAFFF71E05042468DF4345BE90E1A1E8635B70473AD397FDA2463_analysis-11.csv;user-I050582;2;1570671786;3;true;0.2691967592155879;0.0;Infinity;1;B
user-I050582_session-6E57DFAF22DEAFFF71E05042468DF4345BE90E1A1E8635B70473AD397FDA2463_analysis-11.csv;user-I050582;2;1048923795;4;true;-0.33988601706242044;0.0;Infinity;1;B
user-I050582_session-6E57DFAF22DEAFFF71E05042468DF4345BE90E1A1E8635B70473AD397FDA2463_analysis-11.csv;user-I050582;2;918037647;4;true;-0.6283110768483663;0.0;Infinity;1;B
user-I050582_session-6E57DFAF22DEAFFF71E05042468DF4345BE90E1A1E8635B70473AD397FDA2463_analysis-11.csv;user-I050582;2;-1346193022;4;true;0.6774929713080089;0.0;Infinity;1;B
user-I050582_session-6E57DFAF22DEAFFF71E05042468DF4345BE90E1A1E8635B70473AD397FDA2463_analysis-11.csv;user-I050582;2;-1793736566;4;true;-0.5277032282538308;0.0;Infinity;1;B
user-I050582_session-6E57DFAF22DEAFFF71E05042468DF4345BE90E1A1E8635B70473AD397FDA2463_analysis-11.csv;user-I050582;2;-35352589;5;true;-0.6240674282583598;0.0;Infinity;1;B
user-I050582_session-6E57DFAF22DEAFFF71E05042468DF4345BE90E1A1E8635B70473AD397FDA2463_analysis-11.csv;user-I050582;2;979495580;4;true;-0.6194423281097011;0.0;Infinity;1;B
user-I050582_session-6E57DFAF22DEAFFF71E05042468DF4345BE90E1A1E8635B70473AD397FDA2463_analysis-11.csv;user-I050582;2;-1430917898;4;true;-0.29539922903459975;0.0;Infinity;1;B
user-I050582_session-6E57DFAF22DEAFFF71E05042468DF4345BE90E1A1E8635B70473AD397FDA2463_analysis-11.csv;user-I050582;2;993234753;4;true;2.7574052763043295;0.0;Infinity;1;B
user-I050582_session-6E57DFAF22DEAFFF71E05042468DF4345BE90E1A1E8635B70473AD397FDA2463_analysis-11.csv;user-I050582;2;-2143636110;4;true;-0.5044823646208739;0.0;Infinity;1;B
user-I050582_session-6E57DFAF22DEAFFF71E05042468DF4345BE90E1A1E8635B70473AD397FDA2463_analysis-11.csv;user-I050582;2;-369387773;4;true;-0.35028057203569474;0.0;Infinity;1;B
user-I050582_session-6E57DFAF22DEAFFF71E05042468DF4345BE90E1A1E8635B70473AD397FDA2463_analysis-11.csv;user-I050582;2;-1876181302;4;true;-0.10300459913936223;0.0;Infinity;1;B
user-I050582_session-6E57DFAF22DEAFFF71E05042468DF4345BE90E1A1E8635B70473AD397FDA2463_analysis-11.csv;user-I050582;2;-1078142815;3;true;-0.22869288771528443;0.0;Infinity;1;B
user-I050582_session-6E57DFAF22DEAFFF71E05042468DF4345BE90E1A1E8635B70473AD397FDA2463_analysis-11.csv;user-I050582;2;1182134850;4;true;-0.6338898058936557;0.0;Infinity;1;B
user-I050582_session-6E57DFAF22DEAFFF71E05042468DF4345BE90E1A1E8635B70473AD397FDA2463_analysis-11.csv;user-I050582;2;767241631;4;true;-0.6252117829343167;0.0;Infinity;1;B
user-I050582_session-6E57DFAF22DEAFFF71E05042468DF4345BE90E1A1E8635B70473AD397FDA2463_analysis-11.csv;user-I050582;2;1415039696;4;true;1.3876604106288681;0.0;Infinity;1;B
user-I050582_session-6E57DFAF22DEAFFF71E05042468DF4345BE90E1A1E8635B70473AD397FDA2463_analysis-11.csv;user-I050582;2;1971019123;3;true;-0.423328545517604;0.0;Infinity;1;B
user-I050582_session-6E57DFAF22DEAFFF71E05042468DF4345BE90E1A1E8635B70473AD397FDA2463_analysis-11.csv;user-I050582;2;-1154978672;4;true;-0.44392692968482644;0.0;Infinity;1;B
user-I050582_session-6E57DFAF22DEAFFF71E05042468DF4345BE90E1A1E8635B70473AD397FDA2463_analysis-11.csv;user-I050582;2;-1184962739;4;true;-0.2816669729231181;0.0;Infinity;1;B
user-I050582_session-6E57DFAF22DEAFFF71E05042468DF4345BE90E1A1E8635B70473AD397FDA2463_analysis-11.csv;user-I050582;2;-1238481831;4;true;0.5802705052965121;0.0;Infinity;1;B
user-I050582_session-6E57DFAF22DEAFFF71E05042468DF4345BE90E1A1E8635B70473AD397FDA2463_analysis-11.csv;user-I050582;2;441024106;3;true;-0.6273097665069041;0.0;Infinity;1;B
user-I050582_session-6E57DFAF22DEAFFF71E05042468DF4345BE90E1A1E8635B70473AD397FDA2463_analysis-11.csv;user-I050582;2;1328489925;3;true;-0.6133391031712648;0.0;Infinity;1;B
user-I050582_session-6E57DFAF22DEAFFF71E05042468DF4345BE90E1A1E8635B70473AD397FDA2463_analysis-11.csv;user-I050582;2;30856016;4;true;-0.6255455530481374;0.0;Infinity;1;B
user-I050582_session-6E57DFAF22DEAFFF71E05042468DF4345BE90E1A1E8635B70473AD397FDA2463_analysis-11.csv;user-I050582;2;649271548;36;true;-0.5433427421585737;0.0;Infinity;1;B
user-I050582_session-6E57DFAF22DEAFFF71E05042468DF4345BE90E1A1E8635B70473AD397FDA2463_analysis-11.csv;user-I050582;2;536146231;4;true;-0.5908334612107811;0.0;Infinity;1;B
user-I050582_session-6E57DFAF22DEAFFF71E05042468DF4345BE90E1A1E8635B70473AD397FDA2463_analysis-11.csv;user-I050582;2;1744037059;4;true;-0.48807994759882645;0.0;Infinity;1;B
user-I050582_session-6E57DFAF22DEAFFF71E05042468DF4345BE90E1A1E8635B70473AD397FDA2463_analysis-11.csv;user-I050582;2;485697503;4;true;-0.3736921614479777;0.0;Infinity;1;B
user-I050582_session-6E57DFAF22DEAFFF71E05042468DF4345BE90E1A1E8635B70473AD397FDA2463_analysis-11.csv;user-I050582;2;1286327349;4;true;0.24726329459308252;0.0;Infinity;1;B
user-I050582_session-6E57DFAF22DEAFFF71E05042468DF4345BE90E1A1E8635B70473AD397FDA2463_analysis-11.csv;user-I050582;2;986218723;3;true;-0.5846348733826817;0.0;Infinity;1;B
user-I050582_session-6E57DFAF22DEAFFF71E05042468DF4345BE90E1A1E8635B70473AD397FDA2463_analysis-11.csv;user-I050582;2;-474713092;4;true;-0.5177378062840402;0.0;Infinity;1;B
user-I050582_session-6E57DFAF22DEAFFF71E05042468DF4345BE90E1A1E8635B70473AD397FDA2463_analysis-11.csv;user-I050582;2;-2035941995;4;true;-0.1256056039895091;0.0;Infinity;1;B
user-I050582_session-6E57DFAF22DEAFFF71E05042468DF4345BE90E1A1E8635B70473AD397FDA2463_analysis-11.csv;user-I050582;2;1709431338;4;true;0.3671821283443892;0.0;Infinity;1;B
user-I050582_session-6E57DFAF22DEAFFF71E05042468DF4345BE90E1A1E8635B70473AD397FDA2463_analysis-11.csv;user-I050582;2;1840696560;4;true;-0.5863990868414484;0.0;Infinity;1;B
user-I050582_session-6E57DFAF22DEAFFF71E05042468DF4345BE90E1A1E8635B70473AD397FDA2463_analysis-11.csv;user-I050582;2;1195070935;4;true;-0.017416405666759685;0.0;Infinity;1;B
user-I050582_session-6E57DFAF22DEAFFF71E05042468DF4345BE90E1A1E8635B70473AD397FDA2463_analysis-11.csv;user-I050582;2;-1939383633;5;true;1.3961000263640495;0.0;Infinity;1;B
user-I050582_session-6E57DFAF22DEAFFF71E05042468DF4345BE90E1A1E8635B70473AD397FDA2463_analysis-11.csv;user-I050582;2;-776464358;3;true;1.0977572260531447;0.0;Infinity;1;B
user-I050582_session-6E57DFAF22DEAFFF71E05042468DF4345BE90E1A1E8635B70473AD397FDA2463_analysis-11.csv;user-I050582;2;-1905522448;4;true;-0.5118253071249301;0.0;Infinity;1;B
user-I050582_session-6E57DFAF22DEAFFF71E05042468DF4345BE90E1A1E8635B70473AD397FDA2463_analysis-11.csv;user-I050582;2;7185335;4;true;-0.41016846674410073;0.0;Infinity;1;B
user-I050582_session-6E57DFAF22DEAFFF71E05042468DF4345BE90E1A1E8635B70473AD397FDA2463_analysis-11.csv;user-I050582;2;917614894;4;true;-0.4736324698148718;0.0;Infinity;1;B
user-I050582_session-6E57DFAF22DEAFFF71E05042468DF4345BE90E1A1E8635B70473AD397FDA2463_analysis-11.csv;user-I050582;2;-1998894011;4;true;-0.627214403617241;0.0;Infinity;1;B
user-I050582_session-6E57DFAF22DEAFFF71E05042468DF4345BE90E1A1E8635B70473AD397FDA2463_analysis-11.csv;user-I050582;2;751906120;4;true;-0.41927562270692365;0.0;Infinity;1;B
user-I050582_session-6E57DFAF22DEAFFF71E05042468DF4345BE90E1A1E8635B70473AD397FDA2463_analysis-11.csv;user-I050582;2;-1413881354;4;true;-0.45117450929921954;0.0;Infinity;1;B
user-I050582_session-6E57DFAF22DEAFFF71E05042468DF4345BE90E1A1E8635B70473AD397FDA2463_analysis-11.csv;user-I050582;2;-1069213203;4;true;6.272433707840145;0.0;Infinity;1;B
user-I050582_session-6E57DFAF22DEAFFF71E05042468DF4345BE90E1A1E8635B70473AD397FDA2463_analysis-11.csv;user-I050582;2;-677098985;4;true;-0.016891909773612816;0.0;Infinity;1;B
user-I050582_session-6E57DFAF22DEAFFF71E05042468DF4345BE90E1A1E8635B70473AD397FDA2463_analysis-11.csv;user-I050582;2;-713135281;5;true;2.7030484291963814;0.0;Infinity;1;B
user-I050582_session-6E57DFAF22DEAFFF71E05042468DF4345BE90E1A1E8635B70473AD397FDA2463_analysis-11.csv;user-I050582;2;533242007;3;true;-0.5820123939169474;0.0;Infinity;1;B
user-I050582_session-6E57DFAF22DEAFFF71E05042468DF4345BE90E1A1E8635B70473AD397FDA2463_analysis-11.csv;user-I050582;2;-1179916500;4;true;0.7966965833868425;0.0;Infinity;1;B
user-I050582_session-6E57DFAF22DEAFFF71E05042468DF4345BE90E1A1E8635B70473AD397FDA2463_analysis-11.csv;user-I050582;2;2020368005;4;true;-0.5378593760029473;0.0;Infinity;1;B
user-I050582_session-6E57DFAF22DEAFFF71E05042468DF4345BE90E1A1E8635B70473AD397FDA2463_analysis-11.csv;user-I050582;2;-983385002;4;true;-0.06571770928110307;0.0;Infinity;1;B
user-I050582_session-6E57DFAF22DEAFFF71E05042468DF4345BE90E1A1E8635B70473AD397FDA2463_analysis-11.csv;user-I050582;2;1128557563;4;true;-0.48955807238860394;0.0;Infinity;1;B
user-I050582_session-6E57DFAF22DEAFFF71E05042468DF4345BE90E1A1E8635B70473AD397FDA2463_analysis-11.csv;user-I050582;2;-1235118955;4;true;-0.5153060525976321;0.0;Infinity;1;B
user-I050582_session-6E57DFAF22DEAFFF71E05042468DF4345BE90E1A1E8635B70473AD397FDA2463_analysis-11.csv;user-I050582;2;-632390128;4;true;-0.2555852226002693;0.0;Infinity;1;B
user-I050582_session-6E57DFAF22DEAFFF71E05042468DF4345BE90E1A1E8635B70473AD397FDA2463_analysis-11.csv;user-I050582;2;-863029407;4;true;-0.4979023252341223;0.0;Infinity;1;B
user-I050582_session-6E57DFAF22DEAFFF71E05042468DF4345BE90E1A1E8635B70473AD397FDA2463_analysis-11.csv;user-I050582;2;1958671817;4;true;-0.6034690440911374;0.0;Infinity;1;B
user-I050582_session-6E57DFAF22DEAFFF71E05042468DF4345BE90E1A1E8635B70473AD397FDA2463_analysis-11.csv;user-I050582;2;1610763003;4;true;-0.4517466866371979;0.0;Infinity;1;B
user-I050582_session-6E57DFAF22DEAFFF71E05042468DF4345BE90E1A1E8635B70473AD397FDA2463_analysis-11.csv;user-I050582;2;989533553;5;true;0.28340582977538487;0.0;Infinity;1;B
user-I050582_session-6E57DFAF22DEAFFF71E05042468DF4345BE90E1A1E8635B70473AD397FDA2463_analysis-11.csv;user-I050582;2;990690149;4;true;-0.6351772049041071;0.0;Infinity;1;B
user-I050582_session-6E57DFAF22DEAFFF71E05042468DF4345BE90E1A1E8635B70473AD397FDA2463_analysis-11.csv;user-I050582;2;-996254748;4;true;-0.3076056789114723;0.0;Infinity;1;B
user-I050582_session-6E57DFAF22DEAFFF71E05042468DF4345BE90E1A1E8635B70473AD397FDA2463_analysis-11.csv;user-I050582;2;1659074504;4;true;-0.4728218852527357;0.0;Infinity;1;B
user-I050582_session-6E57DFAF22DEAFFF71E05042468DF4345BE90E1A1E8635B70473AD397FDA2463_analysis-11.csv;user-I050582;2;789635187;4;true;-0.13709683219390867;0.0;Infinity;1;B
user-I050582_session-6E57DFAF22DEAFFF71E05042468DF4345BE90E1A1E8635B70473AD397FDA2463_analysis-11.csv;user-I050582;2;-104126099;4;true;0.43946719870899387;0.0;Infinity;1;B
user-I050582_session-6E57DFAF22DEAFFF71E05042468DF4345BE90E1A1E8635B70473AD397FDA2463_analysis-11.csv;user-I050582;2;-45706982;4;true;-0.40597249959892584;0.0;Infinity;1;B
user-I050582_session-6E57DFAF22DEAFFF71E05042468DF4345BE90E1A1E8635B70473AD397FDA2463_analysis-11.csv;user-I050582;2;-2057274679;4;true;0.3273204404652272;0.0;Infinity;1;B
user-I050582_session-6E57DFAF22DEAFFF71E05042468DF4345BE90E1A1E8635B70473AD397FDA2463_analysis-11.csv;user-I050582;2;-1481439396;4;true;-0.510919359673131;0.0;Infinity;1;B
user-I050582_session-6E57DFAF22DEAFFF71E05042468DF4345BE90E1A1E8635B70473AD397FDA2463_analysis-11.csv;user-I050582;2;-2079545817;4;true;-0.5105379081144786;0.0;Infinity;1;B
user-I050582_session-6E57DFAF22DEAFFF71E05042468DF4345BE90E1A1E8635B70473AD397FDA2463_analysis-11.csv;user-I050582;2;1712798855;5;true;-0.4428779378985327;0.0;Infinity;1;B
user-I050582_session-6E57DFAF22DEAFFF71E05042468DF4345BE90E1A1E8635B70473AD397FDA2463_analysis-11.csv;user-I050582;2;388022462;5;true;-0.35800496609840315;0.0;Infinity;1;B
user-I050582_session-6E57DFAF22DEAFFF71E05042468DF4345BE90E1A1E8635B70473AD397FDA2463_analysis-11.csv;user-I050582;2;673997065;4;true;-0.4377283418567271;0.0;Infinity;1;B
user-I050582_session-6E57DFAF22DEAFFF71E05042468DF4345BE90E1A1E8635B70473AD397FDA2463_analysis-11.csv;user-I050582;2;986394703;4;true;0.9574307339139417;0.0;Infinity;1;B
user-I050582_session-6E57DFAF22DEAFFF71E05042468DF4345BE90E1A1E8635B70473AD397FDA2463_analysis-11.csv;user-I050582;2;-1393420265;4;true;-0.4363455799566126;0.0;Infinity;1;B
user-I050582_session-6E57DFAF22DEAFFF71E05042468DF4345BE90E1A1E8635B70473AD397FDA2463_analysis-11.csv;user-I050582;2;-890315304;4;true;1.701213591841032;0.0;Infinity;1;B
user-I050582_session-6E57DFAF22DEAFFF71E05042468DF4345BE90E1A1E8635B70473AD397FDA2463_analysis-11.csv;user-I050582;2;830503998;4;true;-0.6003220687322561;0.0;Infinity;1;B
user-I050582_session-6E57DFAF22DEAFFF71E05042468DF4345BE90E1A1E8635B70473AD397FDA2463_analysis-11.csv;user-I050582;2;995510645;4;true;0.7715684619606245;0.0;Infinity;1;B
user-I050582_session-6E57DFAF22DEAFFF71E05042468DF4345BE90E1A1E8635B70473AD397FDA2463_analysis-11.csv;user-I050582;2;2117032748;4;true;-0.3361668643655608;0.0;Infinity;1;B
user-I050582_session-6E57DFAF22DEAFFF71E05042468DF4345BE90E1A1E8635B70473AD397FDA2463_analysis-11.csv;user-I050582;2;978965839;4;true;0.5058397699144884;0.0;Infinity;1;B
user-I050582_session-6E57DFAF22DEAFFF71E05042468DF4345BE90E1A1E8635B70473AD397FDA2463_analysis-11.csv;user-I050582;2;917712645;4;true;-0.44368852246066875;0.0;Infinity;1;B
user-I050582_session-6E57DFAF22DEAFFF71E05042468DF4345BE90E1A1E8635B70473AD397FDA2463_analysis-11.csv;user-I050582;2;1943143939;4;true;-0.5048161347346947;0.0;Infinity;1;B
user-I050582_session-6E57DFAF22DEAFFF71E05042468DF4345BE90E1A1E8635B70473AD397FDA2463_analysis-11.csv;user-I050582;2;-1120662069;4;true;1.2592542796975486;0.0;Infinity;1;B
user-I050582_session-6E57DFAF22DEAFFF71E05042468DF4345BE90E1A1E8635B70473AD397FDA2463_analysis-11.csv;user-I050582;2;-1158687883;3;true;-0.3194783586745241;0.0;Infinity;1;B
user-I050582_session-6E57DFAF22DEAFFF71E05042468DF4345BE90E1A1E8635B70473AD397FDA2463_analysis-11.csv;user-I050582;2;986766258;4;true;1.4035860132026003;0.0;Infinity;1;B
user-I050582_session-6E57DFAF22DEAFFF71E05042468DF4345BE90E1A1E8635B70473AD397FDA2463_analysis-11.csv;user-I050582;2;-441650900;4;true;1.8150292006539024;0.0;Infinity;1;B
user-I050582_session-6E57DFAF22DEAFFF71E05042468DF4345BE90E1A1E8635B70473AD397FDA2463_analysis-11.csv;user-I050582;2;-1260735772;3;true;-0.5887354776381936;0.0;Infinity;1;B
user-I050582_session-6E57DFAF22DEAFFF71E05042468DF4345BE90E1A1E8635B70473AD397FDA2463_analysis-11.csv;user-I050582;2;-13473220;4;true;1.563366534833069;0.0;Infinity;1;B
user-I050582_session-6E57DFAF22DEAFFF71E05042468DF4345BE90E1A1E8635B70473AD397FDA2463_analysis-11.csv;user-I050582;2;1841127305;4;true;-0.5033380099449172;0.0;Infinity;1;B
user-I050582_session-6E57DFAF22DEAFFF71E05042468DF4345BE90E1A1E8635B70473AD397FDA2463_analysis-11.csv;user-I050582;2;987807752;4;true;-0.6147695465162109;0.0;Infinity;1;B
user-I050582_session-6E57DFAF22DEAFFF71E05042468DF4345BE90E1A1E8635B70473AD397FDA2463_analysis-11.csv;user-I050582;2;-449423154;3;true;-0.044356421996576086;0.0;Infinity;1;B
user-I050582_session-6E57DFAF22DEAFFF71E05042468DF4345BE90E1A1E8635B70473AD397FDA2463_analysis-11.csv;user-I050582;2;-1368433990;4;true;1.5511124035113648;0.0;Infinity;1;B
user-I050582_session-6E57DFAF22DEAFFF71E05042468DF4345BE90E1A1E8635B70473AD397FDA2463_analysis-11.csv;user-I050582;2;-1653020432;3;true;-0.5600789292944419;0.0;Infinity;1;B
user-I050582_session-6E57DFAF22DEAFFF71E05042468DF4345BE90E1A1E8635B70473AD397FDA2463_analysis-11.csv;user-I050582;2;-595250814;5;true;0.5924769551733847;0.0;Infinity;1;B
user-I050582_session-6E57DFAF22DEAFFF71E05042468DF4345BE90E1A1E8635B70473AD397FDA2463_analysis-11.csv;user-I050582;2;983982675;3;true;-0.2078560963239043;0.0;Infinity;1;B
user-I050582_session-6E57DFAF22DEAFFF71E05042468DF4345BE90E1A1E8635B70473AD397FDA2463_analysis-11.csv;user-I050582;2;-1235583397;4;true;-0.6315534150969105;0.0;Infinity;1;B
user-I050582_session-6E57DFAF22DEAFFF71E05042468DF4345BE90E1A1E8635B70473AD397FDA2463_analysis-11.csv;user-I050582;2;-19493884;4;true;-0.6170582558681245;0.0;Infinity;1;B
user-I050582_session-6E57DFAF22DEAFFF71E05042468DF4345BE90E1A1E8635B70473AD397FDA2463_analysis-11.csv;user-I050582;2;427175059;3;true;-0.21686788939706414;0.0;Infinity;1;B
user-I050582_session-6E57DFAF22DEAFFF71E05042468DF4345BE90E1A1E8635B70473AD397FDA2463_analysis-11.csv;user-I050582;2;1933006593;4;true;1.480162413602043;0.0;Infinity;1;B
user-I050582_session-6E57DFAF22DEAFFF71E05042468DF4345BE90E1A1E8635B70473AD397FDA2463_analysis-11.csv;user-I050582;2;-811567278;4;true;4.211641662221269;0.0;Infinity;1;B
user-I050582_session-6E57DFAF22DEAFFF71E05042468DF4345BE90E1A1E8635B70473AD397FDA2463_analysis-11.csv;user-I050582;2;-1302807697;3;true;0.9711629900254234;0.0;Infinity;1;B
user-I050582_session-6E57DFAF22DEAFFF71E05042468DF4345BE90E1A1E8635B70473AD397FDA2463_analysis-11.csv;user-I050582;2;-709992192;4;true;-0.5939327551248307;0.0;Infinity;1;B
user-I050582_session-6E57DFAF22DEAFFF71E05042468DF4345BE90E1A1E8635B70473AD397FDA2463_analysis-11.csv;user-I050582;2;-670437576;4;true;-0.5039101872828955;0.0;Infinity;1;B
user-I050582_session-6E57DFAF22DEAFFF71E05042468DF4345BE90E1A1E8635B70473AD397FDA2463_analysis-11.csv;user-I050582;2;-162358266;4;true;2.0409915677105395;0.0;Infinity;1;B
user-I050582_session-6E57DFAF22DEAFFF71E05042468DF4345BE90E1A1E8635B70473AD397FDA2463_analysis-11.csv;user-I050582;2;1092931234;4;true;-0.6347480719006233;0.0;Infinity;1;B
user-I050582_session-6E57DFAF22DEAFFF71E05042468DF4345BE90E1A1E8635B70473AD397FDA2463_analysis-11.csv;user-I050582;2;990579504;4;true;-0.6238767024790337;0.0;Infinity;1;B
user-I050582_session-6E57DFAF22DEAFFF71E05042468DF4345BE90E1A1E8635B70473AD397FDA2463_analysis-11.csv;user-I050582;2;-154611352;4;true;-0.5795329587857075;0.0;Infinity;1;B
user-I050582_session-6E57DFAF22DEAFFF71E05042468DF4345BE90E1A1E8635B70473AD397FDA2463_analysis-11.csv;user-I050582;2;1046627111;3;true;-0.23489147554338377;0.0;Infinity;1;B
user-I050582_session-6E57DFAF22DEAFFF71E05042468DF4345BE90E1A1E8635B70473AD397FDA2463_analysis-11.csv;user-I050582;2;-1549051338;4;true;-0.6367506925835478;0.0;Infinity;1;B
user-I050582_session-6E57DFAF22DEAFFF71E05042468DF4345BE90E1A1E8635B70473AD397FDA2463_analysis-11.csv;user-I050582;2;-906553210;4;true;-0.4104068739682584;0.0;Infinity;1;B
user-I050582_session-6E57DFAF22DEAFFF71E05042468DF4345BE90E1A1E8635B70473AD397FDA2463_analysis-11.csv;user-I050582;2;-1226482837;3;true;-0.6309812377589322;0.0;Infinity;1;B
user-I050582_session-6E57DFAF22DEAFFF71E05042468DF4345BE90E1A1E8635B70473AD397FDA2463_analysis-11.csv;user-I050582;2;144828847;4;true;-0.6206343642304895;0.0;Infinity;1;B
user-I050582_session-6E57DFAF22DEAFFF71E05042468DF4345BE90E1A1E8635B70473AD397FDA2463_analysis-11.csv;user-I050582;2;351098056;5;true;-0.3576711959845824;0.0;Infinity;1;B
user-I050582_session-6E57DFAF22DEAFFF71E05042468DF4345BE90E1A1E8635B70473AD397FDA2463_analysis-11.csv;user-I050582;2;1131566441;4;true;0.02044266152947788;0.0;Infinity;1;B
user-I050582_session-6E57DFAF22DEAFFF71E05042468DF4345BE90E1A1E8635B70473AD397FDA2463_analysis-11.csv;user-I050582;2;362702274;4;true;0.3910228507601559;0.0;Infinity;1;B
user-I050582_session-6E57DFAF22DEAFFF71E05042468DF4345BE90E1A1E8635B70473AD397FDA2463_analysis-11.csv;user-I050582;2;-1267221497;5;true;1.2161502535698423;0.0;Infinity;1;B
user-I050582_session-6E57DFAF22DEAFFF71E05042468DF4345BE90E1A1E8635B70473AD397FDA2463_analysis-11.csv;user-I050582;2;917886583;4;true;0.3482049133014388;0.0;Infinity;1;B
user-I050582_session-6E57DFAF22DEAFFF71E05042468DF4345BE90E1A1E8635B70473AD397FDA2463_analysis-11.csv;user-I050582;2;-1082201465;4;true;-0.6351772049041071;0.0;Infinity;1;B
user-I050582_session-6E57DFAF22DEAFFF71E05042468DF4345BE90E1A1E8635B70473AD397FDA2463_analysis-11.csv;user-I050582;2;984190207;4;true;-0.5890692477520143;0.0;Infinity;1;B
user-I050582_session-6E57DFAF22DEAFFF71E05042468DF4345BE90E1A1E8635B70473AD397FDA2463_analysis-11.csv;user-I050582;2;995075485;4;true;-0.5056744007416623;0.0;Infinity;1;B
user-I050582_session-6E57DFAF22DEAFFF71E05042468DF4345BE90E1A1E8635B70473AD397FDA2463_analysis-11.csv;user-I050582;2;-1663690751;3;true;-0.24457080884418506;0.0;Infinity;1;B
user-I050582_session-6E57DFAF22DEAFFF71E05042468DF4345BE90E1A1E8635B70473AD397FDA2463_analysis-11.csv;user-I050582;2;-919054053;4;true;-0.6275481737310618;0.0;Infinity;1;B
user-I050582_session-6E57DFAF22DEAFFF71E05042468DF4345BE90E1A1E8635B70473AD397FDA2463_analysis-11.csv;user-I050582;2;-337185919;4;true;-0.28657816174076606;0.0;Infinity;1;B
user-I050582_session-6E57DFAF22DEAFFF71E05042468DF4345BE90E1A1E8635B70473AD397FDA2463_analysis-11.csv;user-I050582;2;344030195;4;true;1.5645108895090256;0.0;Infinity;1;B
user-I050582_session-6E57DFAF22DEAFFF71E05042468DF4345BE90E1A1E8635B70473AD397FDA2463_analysis-11.csv;user-I050582;2;-1040443798;3;true;3.4557000358621375;0.0;Infinity;1;B
user-I050582_session-6E57DFAF22DEAFFF71E05042468DF4345BE90E1A1E8635B70473AD397FDA2463_analysis-11.csv;user-I050582;2;230573629;4;true;-0.583776607375714;0.0;Infinity;1;B
user-I050582_session-6E57DFAF22DEAFFF71E05042468DF4345BE90E1A1E8635B70473AD397FDA2463_analysis-11.csv;user-I050582;2;-757051136;4;true;-0.5213615960912368;0.0;Infinity;1;B
user-I050582_session-6E57DFAF22DEAFFF71E05042468DF4345BE90E1A1E8635B70473AD397FDA2463_analysis-11.csv;user-I050582;2;-772448158;4;true;0.10164416207757936;0.0;Infinity;1;B
user-I050582_session-6E57DFAF22DEAFFF71E05042468DF4345BE90E1A1E8635B70473AD397FDA2463_analysis-11.csv;user-I050582;2;388496939;4;true;-0.3273934785165587;0.0;Infinity;1;B
user-I050582_session-6E57DFAF22DEAFFF71E05042468DF4345BE90E1A1E8635B70473AD397FDA2463_analysis-11.csv;user-I050582;2;984913073;4;true;-0.6203482755615002;0.0;Infinity;1;B
user-I050582_session-6E57DFAF22DEAFFF71E05042468DF4345BE90E1A1E8635B70473AD397FDA2463_analysis-11.csv;user-I050582;2;-85407070;5;true;1.2314559973607644;0.0;Infinity;1;B
user-I050582_session-6E57DFAF22DEAFFF71E05042468DF4345BE90E1A1E8635B70473AD397FDA2463_analysis-11.csv;user-I050582;2;-1503298919;6;true;-0.5148769195941483;0.0;Infinity;1;B
user-I050582_session-6E57DFAF22DEAFFF71E05042468DF4345BE90E1A1E8635B70473AD397FDA2463_analysis-11.csv;user-I050582;2;-2141755668;6;true;-0.5947433396869668;0.0;Infinity;1;B
user-I050582_session-6E57DFAF22DEAFFF71E05042468DF4345BE90E1A1E8635B70473AD397FDA2463_analysis-11.csv;user-I050582;2;980503811;6;true;-0.4409229986604398;0.0;Infinity;1;B
user-I050582_session-6E57DFAF22DEAFFF71E05042468DF4345BE90E1A1E8635B70473AD397FDA2463_analysis-11.csv;user-I050582;2;-863139174;6;true;-0.16904340023103606;0.0;Infinity;1;B
user-I050582_session-6E57DFAF22DEAFFF71E05042468DF4345BE90E1A1E8635B70473AD397FDA2463_analysis-11.csv;user-I050582;3;-1932430166;4;true;1.1976118304584173;0.0;Infinity;1;B
user-I050582_session-6E57DFAF22DEAFFF71E05042468DF4345BE90E1A1E8635B70473AD397FDA2463_analysis-11.csv;user-I050582;3;1828983515;5;true;-0.7938479174489351;0.0;Infinity;1;B
user-I050582_session-6E57DFAF22DEAFFF71E05042468DF4345BE90E1A1E8635B70473AD397FDA2463_analysis-11.csv;user-I050582;3;938365628;4;true;-0.477128258783422;0.0;Infinity;1;B
user-I050582_session-6E57DFAF22DEAFFF71E05042468DF4345BE90E1A1E8635B70473AD397FDA2463_analysis-11.csv;user-I050582;3;-1426051237;5;true;-0.8866782249433975;0.0;Infinity;1;B
user-I050582_session-6E57DFAF22DEAFFF71E05042468DF4345BE90E1A1E8635B70473AD397FDA2463_analysis-11.csv;user-I050582;3;495467645;5;true;0.9600425707173373;0.0;Infinity;1;B
user-I050582_session-6E57DFAF22DEAFFF71E05042468DF4345BE90E1A1E8635B70473AD397FDA2463_analysis-11.csv;user-I050582;4;-1932430166;4;true;1.1976118304584173;0.0;Infinity;1;B
user-I050582_session-6E57DFAF22DEAFFF71E05042468DF4345BE90E1A1E8635B70473AD397FDA2463_analysis-11.csv;user-I050582;4;1828983515;3;true;-0.7938479174489351;0.0;Infinity;1;B
user-I050582_session-6E57DFAF22DEAFFF71E05042468DF4345BE90E1A1E8635B70473AD397FDA2463_analysis-11.csv;user-I050582;4;938365628;4;true;-0.477128258783422;0.0;Infinity;1;B
user-I050582_session-6E57DFAF22DEAFFF71E05042468DF4345BE90E1A1E8635B70473AD397FDA2463_analysis-11.csv;user-I050582;4;-1426051237;5;true;-0.8866782249433975;0.0;Infinity;1;B
user-I050582_session-6E57DFAF22DEAFFF71E05042468DF4345BE90E1A1E8635B70473AD397FDA2463_analysis-11.csv;user-I050582;4;495467645;5;true;0.9600425707173373;0.0;Infinity;1;B
