session ;user;query position;cell hashcode;cell computation time;novelty;outlierness;relevance;surprise;query label;session label
user-I050582_session-9E660CDDDD20A34952D94F30C37A47CC7CAA6D82FDC1E2C23E4317D98C53AFFD_analysis-6.csv;user-I050582;1;1072963689;3;true;0.045723091326479046;0.0;Infinity;1;B
user-I050582_session-9E660CDDDD20A34952D94F30C37A47CC7CAA6D82FDC1E2C23E4317D98C53AFFD_analysis-6.csv;user-I050582;1;-881082482;2;true;1.016421024425673;0.0;Infinity;1;B
user-I050582_session-9E660CDDDD20A34952D94F30C37A47CC7CAA6D82FDC1E2C23E4317D98C53AFFD_analysis-6.csv;user-I050582;1;1560462117;31;true;-1.4565072063244935;0.0;Infinity;1;B
user-I050582_session-9E660CDDDD20A34952D94F30C37A47CC7CAA6D82FDC1E2C23E4317D98C53AFFD_analysis-6.csv;user-I050582;1;-819951584;2;true;-0.7171844545319659;0.0;Infinity;1;B
user-I050582_session-9E660CDDDD20A34952D94F30C37A47CC7CAA6D82FDC1E2C23E4317D98C53AFFD_analysis-6.csv;user-I050582;1;-881011310;3;true;1.1521218016483414;0.0;Infinity;1;B
user-I050582_session-9E660CDDDD20A34952D94F30C37A47CC7CAA6D82FDC1E2C23E4317D98C53AFFD_analysis-6.csv;user-I050582;1;657980104;3;true;-0.04057425654403301;0.0;Infinity;1;B
user-I050582_session-9E660CDDDD20A34952D94F30C37A47CC7CAA6D82FDC1E2C23E4317D98C53AFFD_analysis-6.csv;user-I050582;2;504584635;3;true;-0.9756166938197844;0.0;Infinity;1;B
user-I050582_session-9E660CDDDD20A34952D94F30C37A47CC7CAA6D82FDC1E2C23E4317D98C53AFFD_analysis-6.csv;user-I050582;2;504584636;4;true;-0.1357087606033364;0.0;Infinity;1;B
user-I050582_session-9E660CDDDD20A34952D94F30C37A47CC7CAA6D82FDC1E2C23E4317D98C53AFFD_analysis-6.csv;user-I050582;2;504584637;3;true;-0.6931022071924338;0.0;Infinity;1;B
user-I050582_session-9E660CDDDD20A34952D94F30C37A47CC7CAA6D82FDC1E2C23E4317D98C53AFFD_analysis-6.csv;user-I050582;2;504584638;4;true;-1.2275890737847188;0.0;Infinity;1;B
user-I050582_session-9E660CDDDD20A34952D94F30C37A47CC7CAA6D82FDC1E2C23E4317D98C53AFFD_analysis-6.csv;user-I050582;2;-1897342600;4;true;0.7881899659347564;0.0;Infinity;1;B
user-I050582_session-9E660CDDDD20A34952D94F30C37A47CC7CAA6D82FDC1E2C23E4317D98C53AFFD_analysis-6.csv;user-I050582;2;-1897342604;3;true;-0.196792973928169;0.0;Infinity;1;B
user-I050582_session-9E660CDDDD20A34952D94F30C37A47CC7CAA6D82FDC1E2C23E4317D98C53AFFD_analysis-6.csv;user-I050582;2;-1831492107;3;true;-1.2734022337783433;0.0;Infinity;1;B
user-I050582_session-9E660CDDDD20A34952D94F30C37A47CC7CAA6D82FDC1E2C23E4317D98C53AFFD_analysis-6.csv;user-I050582;2;-1897342603;3;true;-1.0825140671382414;0.0;Infinity;1;B
user-I050582_session-9E660CDDDD20A34952D94F30C37A47CC7CAA6D82FDC1E2C23E4317D98C53AFFD_analysis-6.csv;user-I050582;2;-1831492106;3;true;-1.051971960475825;0.0;Infinity;1;B
user-I050582_session-9E660CDDDD20A34952D94F30C37A47CC7CAA6D82FDC1E2C23E4317D98C53AFFD_analysis-6.csv;user-I050582;2;-1897342602;3;true;-0.6931022071924338;0.0;Infinity;1;B
user-I050582_session-9E660CDDDD20A34952D94F30C37A47CC7CAA6D82FDC1E2C23E4317D98C53AFFD_analysis-6.csv;user-I050582;2;-1831492105;3;true;-1.051971960475825;0.0;Infinity;1;B
user-I050582_session-9E660CDDDD20A34952D94F30C37A47CC7CAA6D82FDC1E2C23E4317D98C53AFFD_analysis-6.csv;user-I050582;2;-1897342601;3;true;0.34532941932972017;0.0;Infinity;1;B
user-I050582_session-9E660CDDDD20A34952D94F30C37A47CC7CAA6D82FDC1E2C23E4317D98C53AFFD_analysis-6.csv;user-I050582;2;-1897342608;3;true;1.1317886658869396;0.0;Infinity;1;B
user-I050582_session-9E660CDDDD20A34952D94F30C37A47CC7CAA6D82FDC1E2C23E4317D98C53AFFD_analysis-6.csv;user-I050582;2;-1897342607;4;true;1.5135649991671434;0.0;Infinity;1;B
user-I050582_session-9E660CDDDD20A34952D94F30C37A47CC7CAA6D82FDC1E2C23E4317D98C53AFFD_analysis-6.csv;user-I050582;2;-1897342606;3;true;0.09335703936478579;0.0;Infinity;1;B
user-I050582_session-9E660CDDDD20A34952D94F30C37A47CC7CAA6D82FDC1E2C23E4317D98C53AFFD_analysis-6.csv;user-I050582;2;-1897342605;3;true;0.15444125268961836;0.0;Infinity;1;B
user-I050582_session-9E660CDDDD20A34952D94F30C37A47CC7CAA6D82FDC1E2C23E4317D98C53AFFD_analysis-6.csv;user-I050582;2;175805190;3;true;0.6660215392850912;0.0;Infinity;1;B
user-I050582_session-9E660CDDDD20A34952D94F30C37A47CC7CAA6D82FDC1E2C23E4317D98C53AFFD_analysis-6.csv;user-I050582;2;175805191;3;true;1.7655373791320776;0.0;Infinity;1;B
user-I050582_session-9E660CDDDD20A34952D94F30C37A47CC7CAA6D82FDC1E2C23E4317D98C53AFFD_analysis-6.csv;user-I050582;2;-563747479;3;true;0.750012332606736;0.0;Infinity;1;B
user-I050582_session-9E660CDDDD20A34952D94F30C37A47CC7CAA6D82FDC1E2C23E4317D98C53AFFD_analysis-6.csv;user-I050582;2;175805188;3;true;1.2997702525302293;0.0;Infinity;1;B
user-I050582_session-9E660CDDDD20A34952D94F30C37A47CC7CAA6D82FDC1E2C23E4317D98C53AFFD_analysis-6.csv;user-I050582;2;-563747478;3;true;0.4827688993105935;0.0;Infinity;1;B
user-I050582_session-9E660CDDDD20A34952D94F30C37A47CC7CAA6D82FDC1E2C23E4317D98C53AFFD_analysis-6.csv;user-I050582;2;175805189;3;true;2.23894003239953;0.0;Infinity;1;B
user-I050582_session-9E660CDDDD20A34952D94F30C37A47CC7CAA6D82FDC1E2C23E4317D98C53AFFD_analysis-6.csv;user-I050582;2;-563747477;3;true;0.08572151269918171;0.0;Infinity;1;B
user-I050582_session-9E660CDDDD20A34952D94F30C37A47CC7CAA6D82FDC1E2C23E4317D98C53AFFD_analysis-6.csv;user-I050582;2;175805186;3;true;3.094119018947186;0.0;Infinity;1;B
user-I050582_session-9E660CDDDD20A34952D94F30C37A47CC7CAA6D82FDC1E2C23E4317D98C53AFFD_analysis-6.csv;user-I050582;2;-563747476;3;true;0.19261888601763874;0.0;Infinity;1;B
user-I050582_session-9E660CDDDD20A34952D94F30C37A47CC7CAA6D82FDC1E2C23E4317D98C53AFFD_analysis-6.csv;user-I050582;2;175805187;3;true;1.3303123591926456;0.0;Infinity;1;B
user-I050582_session-9E660CDDDD20A34952D94F30C37A47CC7CAA6D82FDC1E2C23E4317D98C53AFFD_analysis-6.csv;user-I050582;2;-563747475;3;true;-0.410587720565083;0.0;Infinity;1;B
user-I050582_session-9E660CDDDD20A34952D94F30C37A47CC7CAA6D82FDC1E2C23E4317D98C53AFFD_analysis-6.csv;user-I050582;2;-563747474;3;true;-0.7007377338580378;0.0;Infinity;1;B
user-I050582_session-9E660CDDDD20A34952D94F30C37A47CC7CAA6D82FDC1E2C23E4317D98C53AFFD_analysis-6.csv;user-I050582;2;175805185;3;true;1.8266215924569102;0.0;Infinity;1;B
user-I050582_session-9E660CDDDD20A34952D94F30C37A47CC7CAA6D82FDC1E2C23E4317D98C53AFFD_analysis-6.csv;user-I050582;2;-563747473;3;true;0.2078899393488469;0.0;Infinity;1;B
user-I050582_session-9E660CDDDD20A34952D94F30C37A47CC7CAA6D82FDC1E2C23E4317D98C53AFFD_analysis-6.csv;user-I050582;2;175805192;3;true;1.696817639141641;0.0;Infinity;1;B
user-I050582_session-9E660CDDDD20A34952D94F30C37A47CC7CAA6D82FDC1E2C23E4317D98C53AFFD_analysis-6.csv;user-I050582;2;175805193;4;true;-0.14334428726894047;0.0;Infinity;1;B
user-I050582_session-9E660CDDDD20A34952D94F30C37A47CC7CAA6D82FDC1E2C23E4317D98C53AFFD_analysis-6.csv;user-I050582;2;-1170705781;3;true;-0.20442850059377307;0.0;Infinity;1;B
user-I050582_session-9E660CDDDD20A34952D94F30C37A47CC7CAA6D82FDC1E2C23E4317D98C53AFFD_analysis-6.csv;user-I050582;2;-1831493624;3;true;-0.4487653538931034;0.0;Infinity;1;B
user-I050582_session-9E660CDDDD20A34952D94F30C37A47CC7CAA6D82FDC1E2C23E4317D98C53AFFD_analysis-6.csv;user-I050582;2;-1170705782;4;true;-0.5556627272115604;0.0;Infinity;1;B
user-I050582_session-9E660CDDDD20A34952D94F30C37A47CC7CAA6D82FDC1E2C23E4317D98C53AFFD_analysis-6.csv;user-I050582;2;-1831493623;3;true;-0.3647745605714586;0.0;Infinity;1;B
user-I050582_session-9E660CDDDD20A34952D94F30C37A47CC7CAA6D82FDC1E2C23E4317D98C53AFFD_analysis-6.csv;user-I050582;2;-1170705783;4;true;-0.6243824672019971;0.0;Infinity;1;B
user-I050582_session-9E660CDDDD20A34952D94F30C37A47CC7CAA6D82FDC1E2C23E4317D98C53AFFD_analysis-6.csv;user-I050582;2;-1831493622;3;true;-1.0825140671382414;0.0;Infinity;1;B
user-I050582_session-9E660CDDDD20A34952D94F30C37A47CC7CAA6D82FDC1E2C23E4317D98C53AFFD_analysis-6.csv;user-I050582;2;-1170705784;4;true;-0.47167193388991563;0.0;Infinity;1;B
user-I050582_session-9E660CDDDD20A34952D94F30C37A47CC7CAA6D82FDC1E2C23E4317D98C53AFFD_analysis-6.csv;user-I050582;2;-1831493621;4;true;-1.143598280463074;0.0;Infinity;1;B
user-I050582_session-9E660CDDDD20A34952D94F30C37A47CC7CAA6D82FDC1E2C23E4317D98C53AFFD_analysis-6.csv;user-I050582;2;-1831493619;3;true;-1.0061588004822006;0.0;Infinity;1;B
user-I050582_session-9E660CDDDD20A34952D94F30C37A47CC7CAA6D82FDC1E2C23E4317D98C53AFFD_analysis-6.csv;user-I050582;2;-1831493618;4;true;-0.8076351071764948;0.0;Infinity;1;B
user-I050582_session-9E660CDDDD20A34952D94F30C37A47CC7CAA6D82FDC1E2C23E4317D98C53AFFD_analysis-6.csv;user-I050582;2;-1831493617;3;true;-1.1130561738006577;0.0;Infinity;1;B
user-I050582_session-9E660CDDDD20A34952D94F30C37A47CC7CAA6D82FDC1E2C23E4317D98C53AFFD_analysis-6.csv;user-I050582;2;-1170705789;3;true;2.139678185746677;0.0;Infinity;1;B
user-I050582_session-9E660CDDDD20A34952D94F30C37A47CC7CAA6D82FDC1E2C23E4317D98C53AFFD_analysis-6.csv;user-I050582;2;-563747471;3;true;0.9943491859060664;0.0;Infinity;1;B
user-I050582_session-9E660CDDDD20A34952D94F30C37A47CC7CAA6D82FDC1E2C23E4317D98C53AFFD_analysis-6.csv;user-I050582;2;-563747472;3;true;-0.9068969538293478;0.0;Infinity;1;B
user-I050582_session-9E660CDDDD20A34952D94F30C37A47CC7CAA6D82FDC1E2C23E4317D98C53AFFD_analysis-6.csv;user-I050582;2;-1170705785;3;true;0.841638652593985;0.0;Infinity;1;B
user-I050582_session-9E660CDDDD20A34952D94F30C37A47CC7CAA6D82FDC1E2C23E4317D98C53AFFD_analysis-6.csv;user-I050582;2;-1170705786;4;true;0.2613386260080754;0.0;Infinity;1;B
user-I050582_session-9E660CDDDD20A34952D94F30C37A47CC7CAA6D82FDC1E2C23E4317D98C53AFFD_analysis-6.csv;user-I050582;2;-1170705787;3;true;-0.8458127405045152;0.0;Infinity;1;B
user-I050582_session-9E660CDDDD20A34952D94F30C37A47CC7CAA6D82FDC1E2C23E4317D98C53AFFD_analysis-6.csv;user-I050582;2;-1170705788;3;true;1.6433689524824124;0.0;Infinity;1;B
user-I050582_session-9E660CDDDD20A34952D94F30C37A47CC7CAA6D82FDC1E2C23E4317D98C53AFFD_analysis-6.csv;user-I050582;2;-1831493625;3;true;0.3987781059889487;0.0;Infinity;1;B
user-I050582_session-9E660CDDDD20A34952D94F30C37A47CC7CAA6D82FDC1E2C23E4317D98C53AFFD_analysis-6.csv;user-I050582;2;-827732520;3;true;-0.5480272005459563;0.0;Infinity;1;B
user-I050582_session-9E660CDDDD20A34952D94F30C37A47CC7CAA6D82FDC1E2C23E4317D98C53AFFD_analysis-6.csv;user-I050582;2;-827732525;3;true;-1.2810377604439473;0.0;Infinity;1;B
user-I050582_session-9E660CDDDD20A34952D94F30C37A47CC7CAA6D82FDC1E2C23E4317D98C53AFFD_analysis-6.csv;user-I050582;2;-827732526;3;true;-0.7236443138548501;0.0;Infinity;1;B
user-I050582_session-9E660CDDDD20A34952D94F30C37A47CC7CAA6D82FDC1E2C23E4317D98C53AFFD_analysis-6.csv;user-I050582;2;-827732527;3;true;-1.051971960475825;0.0;Infinity;1;B
user-I050582_session-9E660CDDDD20A34952D94F30C37A47CC7CAA6D82FDC1E2C23E4317D98C53AFFD_analysis-6.csv;user-I050582;2;-827732522;3;true;-1.250495653781531;0.0;Infinity;1;B
user-I050582_session-9E660CDDDD20A34952D94F30C37A47CC7CAA6D82FDC1E2C23E4317D98C53AFFD_analysis-6.csv;user-I050582;2;-827732524;3;true;-1.0214298538134088;0.0;Infinity;1;B
user-I050582_session-9E660CDDDD20A34952D94F30C37A47CC7CAA6D82FDC1E2C23E4317D98C53AFFD_analysis-6.csv;user-I050582;2;-1897341090;3;true;-0.6701956271956215;0.0;Infinity;1;B
user-I050582_session-9E660CDDDD20A34952D94F30C37A47CC7CAA6D82FDC1E2C23E4317D98C53AFFD_analysis-6.csv;user-I050582;2;-1897341089;4;true;-0.9450745871573681;0.0;Infinity;1;B
user-I050582_session-9E660CDDDD20A34952D94F30C37A47CC7CAA6D82FDC1E2C23E4317D98C53AFFD_analysis-6.csv;user-I050582;2;175806703;3;true;0.9485360259124419;0.0;Infinity;1;B
user-I050582_session-9E660CDDDD20A34952D94F30C37A47CC7CAA6D82FDC1E2C23E4317D98C53AFFD_analysis-6.csv;user-I050582;2;-563745961;3;true;-0.6396535205332052;0.0;Infinity;1;B
user-I050582_session-9E660CDDDD20A34952D94F30C37A47CC7CAA6D82FDC1E2C23E4317D98C53AFFD_analysis-6.csv;user-I050582;2;-1897341088;4;true;0.1773478326864306;0.0;Infinity;1;B
user-I050582_session-9E660CDDDD20A34952D94F30C37A47CC7CAA6D82FDC1E2C23E4317D98C53AFFD_analysis-6.csv;user-I050582;2;-563745959;3;true;-0.25787718725300157;0.0;Infinity;1;B
user-I050582_session-9E660CDDDD20A34952D94F30C37A47CC7CAA6D82FDC1E2C23E4317D98C53AFFD_analysis-6.csv;user-I050582;2;-563745960;3;true;-0.1662508672657527;0.0;Infinity;1;B
user-I050582_session-9E660CDDDD20A34952D94F30C37A47CC7CAA6D82FDC1E2C23E4317D98C53AFFD_analysis-6.csv;user-I050582;2;-1170704271;5;true;1.1546952458837518;0.0;Infinity;1;B
user-I050582_session-9E660CDDDD20A34952D94F30C37A47CC7CAA6D82FDC1E2C23E4317D98C53AFFD_analysis-6.csv;user-I050582;2;-1170704269;4;true;-0.7618219471828703;0.0;Infinity;1;B
user-I050582_session-9E660CDDDD20A34952D94F30C37A47CC7CAA6D82FDC1E2C23E4317D98C53AFFD_analysis-6.csv;user-I050582;2;-1170704270;3;true;0.5514886393010302;0.0;Infinity;1;B
user-I050582_session-9E660CDDDD20A34952D94F30C37A47CC7CAA6D82FDC1E2C23E4317D98C53AFFD_analysis-6.csv;user-I050582;2;504586153;3;true;-0.4564008805587075;0.0;Infinity;1;B
user-I050582_session-9E660CDDDD20A34952D94F30C37A47CC7CAA6D82FDC1E2C23E4317D98C53AFFD_analysis-6.csv;user-I050582;2;504584642;4;true;-0.5556627272115604;0.0;Infinity;1;B
user-I050582_session-9E660CDDDD20A34952D94F30C37A47CC7CAA6D82FDC1E2C23E4317D98C53AFFD_analysis-6.csv;user-I050582;2;504584641;3;true;-0.2196995539249812;0.0;Infinity;1;B
user-I050582_session-9E660CDDDD20A34952D94F30C37A47CC7CAA6D82FDC1E2C23E4317D98C53AFFD_analysis-6.csv;user-I050582;2;504586155;5;true;-0.02881138728487938;0.0;Infinity;1;B
user-I050582_session-9E660CDDDD20A34952D94F30C37A47CC7CAA6D82FDC1E2C23E4317D98C53AFFD_analysis-6.csv;user-I050582;2;504584640;3;true;0.6965636459475075;0.0;Infinity;1;B
user-I050582_session-9E660CDDDD20A34952D94F30C37A47CC7CAA6D82FDC1E2C23E4317D98C53AFFD_analysis-6.csv;user-I050582;2;504586154;3;true;-1.0748785404726373;0.0;Infinity;1;B
user-I050582_session-9E660CDDDD20A34952D94F30C37A47CC7CAA6D82FDC1E2C23E4317D98C53AFFD_analysis-6.csv;user-I050582;2;175806704;3;true;0.7805544392691524;0.0;Infinity;1;B
user-I050582_session-9E660CDDDD20A34952D94F30C37A47CC7CAA6D82FDC1E2C23E4317D98C53AFFD_analysis-6.csv;user-I050582;2;175806705;5;true;0.6125728526258627;0.0;Infinity;1;B
user-I050582_session-9E660CDDDD20A34952D94F30C37A47CC7CAA6D82FDC1E2C23E4317D98C53AFFD_analysis-6.csv;user-I050582;3;-1170704271;3;true;1.1410673199756687;0.0;Infinity;0;B
user-I050582_session-9E660CDDDD20A34952D94F30C37A47CC7CAA6D82FDC1E2C23E4317D98C53AFFD_analysis-6.csv;user-I050582;3;-1170705781;3;true;-0.41732129605248225;0.0;Infinity;0;B
user-I050582_session-9E660CDDDD20A34952D94F30C37A47CC7CAA6D82FDC1E2C23E4317D98C53AFFD_analysis-6.csv;user-I050582;3;-1170705784;4;true;-0.7237460239231861;0.0;Infinity;0;B
