session ;user;query position;cell hashcode;cell computation time;novelty;outlierness;relevance;surprise;query label;session label
user-I050648_session-78800BE8CEA61EE809830FA78386B6DFB4DAD39EFEE862E34B966556F0DCF817_analysis-1.csv;user-I050648;1;1085702289;4;true;0.1806265070624099;0.0;Infinity;0;B
user-I050648_session-78800BE8CEA61EE809830FA78386B6DFB4DAD39EFEE862E34B966556F0DCF817_analysis-1.csv;user-I050648;1;-1023256855;4;true;-0.5388343538099575;0.0;Infinity;0;B
user-I050648_session-78800BE8CEA61EE809830FA78386B6DFB4DAD39EFEE862E34B966556F0DCF817_analysis-1.csv;user-I050648;1;-2093678140;3;true;-0.7863583799920212;0.0;Infinity;0;B
user-I050648_session-78800BE8CEA61EE809830FA78386B6DFB4DAD39EFEE862E34B966556F0DCF817_analysis-1.csv;user-I050648;1;-561341799;5;true;-0.5679397430579909;0.0;Infinity;0;B
user-I050648_session-78800BE8CEA61EE809830FA78386B6DFB4DAD39EFEE862E34B966556F0DCF817_analysis-1.csv;user-I050648;1;-561334336;4;true;-0.2090587540480989;0.0;Infinity;0;B
user-I050648_session-78800BE8CEA61EE809830FA78386B6DFB4DAD39EFEE862E34B966556F0DCF817_analysis-1.csv;user-I050648;1;-561353221;3;true;1.9215647238456586;0.0;Infinity;0;B
user-I050648_session-78800BE8CEA61EE809830FA78386B6DFB4DAD39EFEE862E34B966556F0DCF817_analysis-1.csv;user-I050648;2;1085702289;5;true;0.1806265070624099;0.0;Infinity;0;B
user-I050648_session-78800BE8CEA61EE809830FA78386B6DFB4DAD39EFEE862E34B966556F0DCF817_analysis-1.csv;user-I050648;2;-1023256855;4;true;-0.5388343538099575;0.0;Infinity;0;B
user-I050648_session-78800BE8CEA61EE809830FA78386B6DFB4DAD39EFEE862E34B966556F0DCF817_analysis-1.csv;user-I050648;2;-2093678140;3;true;-0.7863583799920212;0.0;Infinity;0;B
user-I050648_session-78800BE8CEA61EE809830FA78386B6DFB4DAD39EFEE862E34B966556F0DCF817_analysis-1.csv;user-I050648;2;-561341799;4;true;-0.5679397430579909;0.0;Infinity;0;B
user-I050648_session-78800BE8CEA61EE809830FA78386B6DFB4DAD39EFEE862E34B966556F0DCF817_analysis-1.csv;user-I050648;2;-561334336;4;true;-0.2090587540480989;0.0;Infinity;0;B
user-I050648_session-78800BE8CEA61EE809830FA78386B6DFB4DAD39EFEE862E34B966556F0DCF817_analysis-1.csv;user-I050648;2;-561353221;4;true;1.9215647238456586;0.0;Infinity;0;B
user-I050648_session-78800BE8CEA61EE809830FA78386B6DFB4DAD39EFEE862E34B966556F0DCF817_analysis-1.csv;user-I050648;3;-628786206;3;true;0.8410073954686227;0.0;Infinity;0;B
user-I050648_session-78800BE8CEA61EE809830FA78386B6DFB4DAD39EFEE862E34B966556F0DCF817_analysis-1.csv;user-I050648;3;1392994500;4;true;2.5815583452997806;0.0;Infinity;0;B
user-I050648_session-78800BE8CEA61EE809830FA78386B6DFB4DAD39EFEE862E34B966556F0DCF817_analysis-1.csv;user-I050648;3;1324866657;3;true;-0.2211660302100319;0.0;Infinity;0;B
user-I050648_session-78800BE8CEA61EE809830FA78386B6DFB4DAD39EFEE862E34B966556F0DCF817_analysis-1.csv;user-I050648;3;-628793669;3;true;-0.3800721480058836;0.0;Infinity;0;B
user-I050648_session-78800BE8CEA61EE809830FA78386B6DFB4DAD39EFEE862E34B966556F0DCF817_analysis-1.csv;user-I050648;3;2133837286;4;true;-1.123233635075845;0.0;Infinity;0;B
user-I050648_session-78800BE8CEA61EE809830FA78386B6DFB4DAD39EFEE862E34B966556F0DCF817_analysis-1.csv;user-I050648;3;1465956751;3;true;0.5519880322846783;0.0;Infinity;0;B
user-I050648_session-78800BE8CEA61EE809830FA78386B6DFB4DAD39EFEE862E34B966556F0DCF817_analysis-1.csv;user-I050648;3;-1323045129;4;true;-0.4986246188666186;0.0;Infinity;0;B
user-I050648_session-78800BE8CEA61EE809830FA78386B6DFB4DAD39EFEE862E34B966556F0DCF817_analysis-1.csv;user-I050648;3;-1111609749;3;true;-0.7516528915408642;0.0;Infinity;0;B
user-I050648_session-78800BE8CEA61EE809830FA78386B6DFB4DAD39EFEE862E34B966556F0DCF817_analysis-1.csv;user-I050648;3;-1254917286;4;true;0.3081211281038105;0.0;Infinity;0;B
user-I050648_session-78800BE8CEA61EE809830FA78386B6DFB4DAD39EFEE862E34B966556F0DCF817_analysis-1.csv;user-I050648;3;1536302037;5;true;-0.6128145333019355;0.0;Infinity;0;B
user-I050648_session-78800BE8CEA61EE809830FA78386B6DFB4DAD39EFEE862E34B966556F0DCF817_analysis-1.csv;user-I050648;3;1082330856;4;true;-0.6694187029217344;0.0;Infinity;0;B
user-I050648_session-78800BE8CEA61EE809830FA78386B6DFB4DAD39EFEE862E34B966556F0DCF817_analysis-1.csv;user-I050648;3;-1181955035;5;true;-0.8784942196098934;0.0;Infinity;0;B
user-I050648_session-78800BE8CEA61EE809830FA78386B6DFB4DAD39EFEE862E34B966556F0DCF817_analysis-1.csv;user-I050648;3;-1090708725;4;true;-0.2810421171488943;0.0;Infinity;0;B
user-I050648_session-78800BE8CEA61EE809830FA78386B6DFB4DAD39EFEE862E34B966556F0DCF817_analysis-1.csv;user-I050648;3;-564724654;3;true;1.1338439955248079;0.0;Infinity;0;B
user-I050648_session-78800BE8CEA61EE809830FA78386B6DFB4DAD39EFEE862E34B966556F0DCF817_analysis-1.csv;user-I050648;4;1641625956;4;true;0.6016913497769333;0.0;Infinity;0;B
user-I050648_session-78800BE8CEA61EE809830FA78386B6DFB4DAD39EFEE862E34B966556F0DCF817_analysis-1.csv;user-I050648;4;-699669592;4;true;-0.6667160402436237;0.0;Infinity;0;B
user-I050648_session-78800BE8CEA61EE809830FA78386B6DFB4DAD39EFEE862E34B966556F0DCF817_analysis-1.csv;user-I050648;4;1641625953;4;true;0.5897654240144834;0.0;Infinity;0;B
user-I050648_session-78800BE8CEA61EE809830FA78386B6DFB4DAD39EFEE862E34B966556F0DCF817_analysis-1.csv;user-I050648;4;1641625952;3;true;0.37339505661003647;0.0;Infinity;0;B
user-I050648_session-78800BE8CEA61EE809830FA78386B6DFB4DAD39EFEE862E34B966556F0DCF817_analysis-1.csv;user-I050648;4;1641625955;3;true;1.1852098602968;0.0;Infinity;0;B
user-I050648_session-78800BE8CEA61EE809830FA78386B6DFB4DAD39EFEE862E34B966556F0DCF817_analysis-1.csv;user-I050648;4;1641625954;4;true;0.9756543076137529;0.0;Infinity;0;B
user-I050648_session-78800BE8CEA61EE809830FA78386B6DFB4DAD39EFEE862E34B966556F0DCF817_analysis-1.csv;user-I050648;4;-699669597;4;true;-0.9452715919808448;0.0;Infinity;0;B
user-I050648_session-78800BE8CEA61EE809830FA78386B6DFB4DAD39EFEE862E34B966556F0DCF817_analysis-1.csv;user-I050648;4;-699669595;4;true;-0.7599938167427849;0.0;Infinity;0;B
user-I050648_session-78800BE8CEA61EE809830FA78386B6DFB4DAD39EFEE862E34B966556F0DCF817_analysis-1.csv;user-I050648;4;-699669596;4;true;-0.8515678895615961;0.0;Infinity;0;B
user-I050648_session-78800BE8CEA61EE809830FA78386B6DFB4DAD39EFEE862E34B966556F0DCF817_analysis-1.csv;user-I050648;4;-699669593;4;true;-0.5069938202108135;0.0;Infinity;0;B
user-I050648_session-78800BE8CEA61EE809830FA78386B6DFB4DAD39EFEE862E34B966556F0DCF817_analysis-1.csv;user-I050648;4;-699669594;4;true;-0.5960123375090998;0.0;Infinity;0;B
user-I050648_session-78800BE8CEA61EE809830FA78386B6DFB4DAD39EFEE862E34B966556F0DCF817_analysis-1.csv;user-I050648;4;-558579500;4;true;-0.2718827123225168;0.0;Infinity;0;B
user-I050648_session-78800BE8CEA61EE809830FA78386B6DFB4DAD39EFEE862E34B966556F0DCF817_analysis-1.csv;user-I050648;4;-558579499;3;true;-0.155604936138631;0.0;Infinity;0;B
user-I050648_session-78800BE8CEA61EE809830FA78386B6DFB4DAD39EFEE862E34B966556F0DCF817_analysis-1.csv;user-I050648;4;-558579498;4;true;-0.5644938194226252;0.0;Infinity;0;B
user-I050648_session-78800BE8CEA61EE809830FA78386B6DFB4DAD39EFEE862E34B966556F0DCF817_analysis-1.csv;user-I050648;4;-558579503;3;true;-0.7191049284143854;0.0;Infinity;0;B
user-I050648_session-78800BE8CEA61EE809830FA78386B6DFB4DAD39EFEE862E34B966556F0DCF817_analysis-1.csv;user-I050648;4;-558579502;4;true;-0.5977160411894498;0.0;Infinity;0;B
user-I050648_session-78800BE8CEA61EE809830FA78386B6DFB4DAD39EFEE862E34B966556F0DCF817_analysis-1.csv;user-I050648;4;-558579501;3;true;-0.48186419092565136;0.0;Infinity;0;B
user-I050648_session-78800BE8CEA61EE809830FA78386B6DFB4DAD39EFEE862E34B966556F0DCF817_analysis-1.csv;user-I050648;4;-488234212;4;true;-1.0146975169551062;0.0;Infinity;0;B
user-I050648_session-78800BE8CEA61EE809830FA78386B6DFB4DAD39EFEE862E34B966556F0DCF817_analysis-1.csv;user-I050648;4;-488234213;4;true;-1.033438257438956;0.0;Infinity;0;B
user-I050648_session-78800BE8CEA61EE809830FA78386B6DFB4DAD39EFEE862E34B966556F0DCF817_analysis-1.csv;user-I050648;4;-631541753;4;true;1.3006357846405108;0.0;Infinity;0;B
user-I050648_session-78800BE8CEA61EE809830FA78386B6DFB4DAD39EFEE862E34B966556F0DCF817_analysis-1.csv;user-I050648;4;-488234214;4;true;-1.0866789974498927;0.0;Infinity;0;B
user-I050648_session-78800BE8CEA61EE809830FA78386B6DFB4DAD39EFEE862E34B966556F0DCF817_analysis-1.csv;user-I050648;4;-631541754;4;true;0.9837469000954153;0.0;Infinity;0;B
user-I050648_session-78800BE8CEA61EE809830FA78386B6DFB4DAD39EFEE862E34B966556F0DCF817_analysis-1.csv;user-I050648;4;-488234215;4;true;-1.1829382553896663;0.0;Infinity;0;B
user-I050648_session-78800BE8CEA61EE809830FA78386B6DFB4DAD39EFEE862E34B966556F0DCF817_analysis-1.csv;user-I050648;4;-488234216;4;true;-1.2357530694805157;0.0;Infinity;0;B
user-I050648_session-78800BE8CEA61EE809830FA78386B6DFB4DAD39EFEE862E34B966556F0DCF817_analysis-1.csv;user-I050648;4;-488234217;3;true;-1.2906975131718024;0.0;Infinity;0;B
user-I050648_session-78800BE8CEA61EE809830FA78386B6DFB4DAD39EFEE862E34B966556F0DCF817_analysis-1.csv;user-I050648;4;-631541749;4;true;1.2733765257549112;0.0;Infinity;0;B
user-I050648_session-78800BE8CEA61EE809830FA78386B6DFB4DAD39EFEE862E34B966556F0DCF817_analysis-1.csv;user-I050648;4;-631541750;4;true;2.455320953997707;0.0;Infinity;0;B
user-I050648_session-78800BE8CEA61EE809830FA78386B6DFB4DAD39EFEE862E34B966556F0DCF817_analysis-1.csv;user-I050648;4;-631541751;36;true;2.1541913284958487;0.0;Infinity;0;B
user-I050648_session-78800BE8CEA61EE809830FA78386B6DFB4DAD39EFEE862E34B966556F0DCF817_analysis-1.csv;user-I050648;4;-631541752;7;true;1.6021913360624565;0.0;Infinity;0;B
user-I050648_session-78800BE8CEA61EE809830FA78386B6DFB4DAD39EFEE862E34B966556F0DCF817_analysis-1.csv;user-I050648;4;1705706391;5;true;0.46709875902928516;0.0;Infinity;0;B
user-I050648_session-78800BE8CEA61EE809830FA78386B6DFB4DAD39EFEE862E34B966556F0DCF817_analysis-1.csv;user-I050648;4;1705706390;6;true;0.553987646727134;0.0;Infinity;0;B
user-I050648_session-78800BE8CEA61EE809830FA78386B6DFB4DAD39EFEE862E34B966556F0DCF817_analysis-1.csv;user-I050648;4;1705706389;8;true;0.3444320940440869;0.0;Infinity;0;B
user-I050648_session-78800BE8CEA61EE809830FA78386B6DFB4DAD39EFEE862E34B966556F0DCF817_analysis-1.csv;user-I050648;4;1705706388;8;true;0.12337654151867754;0.0;Infinity;0;B
user-I050648_session-78800BE8CEA61EE809830FA78386B6DFB4DAD39EFEE862E34B966556F0DCF817_analysis-1.csv;user-I050648;4;1641625951;6;true;0.1680987631278644;0.0;Infinity;0;B
user-I050648_session-78800BE8CEA61EE809830FA78386B6DFB4DAD39EFEE862E34B966556F0DCF817_analysis-1.csv;user-I050648;4;1705706393;4;true;-0.9371789994991824;0.0;Infinity;0;B
user-I050648_session-78800BE8CEA61EE809830FA78386B6DFB4DAD39EFEE862E34B966556F0DCF817_analysis-1.csv;user-I050648;4;1705706392;5;true;-0.2535678977587546;0.0;Infinity;0;B
user-I050648_session-78800BE8CEA61EE809830FA78386B6DFB4DAD39EFEE862E34B966556F0DCF817_analysis-1.csv;user-I050648;5;-473035701;5;true;-0.45997388256609334;0.0;Infinity;0;B
user-I050648_session-78800BE8CEA61EE809830FA78386B6DFB4DAD39EFEE862E34B966556F0DCF817_analysis-1.csv;user-I050648;5;1791250190;6;true;0.04914250882116382;0.0;Infinity;0;B
user-I050648_session-78800BE8CEA61EE809830FA78386B6DFB4DAD39EFEE862E34B966556F0DCF817_analysis-1.csv;user-I050648;5;-402690415;4;true;-1.1281013917818306;0.0;Infinity;0;B
user-I050648_session-78800BE8CEA61EE809830FA78386B6DFB4DAD39EFEE862E34B966556F0DCF817_analysis-1.csv;user-I050648;5;1727169753;4;true;0.6418011652043994;0.0;Infinity;0;B
user-I050648_session-78800BE8CEA61EE809830FA78386B6DFB4DAD39EFEE862E34B966556F0DCF817_analysis-1.csv;user-I050648;5;-545997952;4;true;1.6102596069014778;0.0;Infinity;0;B
user-I050648_session-78800BE8CEA61EE809830FA78386B6DFB4DAD39EFEE862E34B966556F0DCF817_analysis-1.csv;user-I050648;5;-614125795;5;true;-0.7131280065791172;0.0;Infinity;0;B
