session ;user;query position;cell hashcode;cell computation time;novelty;outlierness;relevance;surprise;query label;session label
user-a_session-29AF06B372FD52129AAB65DA477E308EC73CF0D44087D05DA8D39C7BE425D30E_analysis-7.csv;user-a;1;-1120503911;3;false;-0.15217764656008037;1.0;25.319176557130014;0;A
user-a_session-29AF06B372FD52129AAB65DA477E308EC73CF0D44087D05DA8D39C7BE425D30E_analysis-7.csv;user-a;1;-943318421;3;false;0.042324851738389443;1.0;25.319176557130014;0;A
user-a_session-29AF06B372FD52129AAB65DA477E308EC73CF0D44087D05DA8D39C7BE425D30E_analysis-7.csv;user-a;1;-728483002;8;false;-1.4026980077230053;1.0;25.319176557130014;0;A
user-a_session-29AF06B372FD52129AAB65DA477E308EC73CF0D44087D05DA8D39C7BE425D30E_analysis-7.csv;user-a;1;-1666786583;4;false;1.574772831660648;1.0;25.319176557130014;0;A
user-a_session-29AF06B372FD52129AAB65DA477E308EC73CF0D44087D05DA8D39C7BE425D30E_analysis-7.csv;user-a;1;-1627985141;5;false;0.8076926507722815;1.0;25.319176557130014;0;A
user-a_session-29AF06B372FD52129AAB65DA477E308EC73CF0D44087D05DA8D39C7BE425D30E_analysis-7.csv;user-a;1;-481075126;4;false;0.07952902312349465;1.0;25.319176557130014;0;A
user-a_session-29AF06B372FD52129AAB65DA477E308EC73CF0D44087D05DA8D39C7BE425D30E_analysis-7.csv;user-a;1;1781502284;5;false;1.8374896664900966;1.0;25.319176557130014;0;A
user-a_session-29AF06B372FD52129AAB65DA477E308EC73CF0D44087D05DA8D39C7BE425D30E_analysis-7.csv;user-a;1;-1464537009;4;false;-0.8491705732641369;1.0;25.319176557130014;0;A
user-a_session-29AF06B372FD52129AAB65DA477E308EC73CF0D44087D05DA8D39C7BE425D30E_analysis-7.csv;user-a;1;-78583711;3;false;-1.043900497277654;1.0;25.319176557130014;0;A
user-a_session-29AF06B372FD52129AAB65DA477E308EC73CF0D44087D05DA8D39C7BE425D30E_analysis-7.csv;user-a;1;-1927930493;4;false;0.7705018573704144;1.0;25.319176557130014;0;A
user-a_session-29AF06B372FD52129AAB65DA477E308EC73CF0D44087D05DA8D39C7BE425D30E_analysis-7.csv;user-a;1;605351513;5;false;-0.4933964870305922;1.0;21.668518315836273;0;A
user-a_session-29AF06B372FD52129AAB65DA477E308EC73CF0D44087D05DA8D39C7BE425D30E_analysis-7.csv;user-a;1;396611947;4;false;-0.30352277093249863;1.0;25.319176557130014;0;A
user-a_session-29AF06B372FD52129AAB65DA477E308EC73CF0D44087D05DA8D39C7BE425D30E_analysis-7.csv;user-a;1;496368243;3;false;-0.8674448983673565;1.0;25.319176557130014;0;A
user-a_session-29AF06B372FD52129AAB65DA477E308EC73CF0D44087D05DA8D39C7BE425D30E_analysis-7.csv;user-a;2;1938791358;3;false;-0.8221041513707293;1.0;25.457959467770117;0;A
user-a_session-29AF06B372FD52129AAB65DA477E308EC73CF0D44087D05DA8D39C7BE425D30E_analysis-7.csv;user-a;2;120265338;2;false;-0.08257751723308213;1.0;25.457959467770117;0;A
user-a_session-29AF06B372FD52129AAB65DA477E308EC73CF0D44087D05DA8D39C7BE425D30E_analysis-7.csv;user-a;2;1940783047;3;false;-0.09125232277455445;1.0;25.457959467770117;0;A
user-a_session-29AF06B372FD52129AAB65DA477E308EC73CF0D44087D05DA8D39C7BE425D30E_analysis-7.csv;user-a;2;2002975532;3;false;1.3881978320287813;1.0;25.457959467770117;0;A
user-a_session-29AF06B372FD52129AAB65DA477E308EC73CF0D44087D05DA8D39C7BE425D30E_analysis-7.csv;user-a;2;288336865;3;false;-0.8175783530961762;1.0;25.457959467770117;0;A
user-a_session-29AF06B372FD52129AAB65DA477E308EC73CF0D44087D05DA8D39C7BE425D30E_analysis-7.csv;user-a;2;2022258518;3;false;1.3578701032486045;1.0;25.457959467770117;0;A
user-a_session-29AF06B372FD52129AAB65DA477E308EC73CF0D44087D05DA8D39C7BE425D30E_analysis-7.csv;user-a;2;2007775792;3;false;-0.9325555908028437;1.0;25.457959467770117;0;A
user-a_session-29AF06B372FD52129AAB65DA477E308EC73CF0D44087D05DA8D39C7BE425D30E_analysis-7.csv;user-a;3;-1863764277;3;false;-1.154700538379251;1.0;26.17719445768439;0;A
user-a_session-29AF06B372FD52129AAB65DA477E308EC73CF0D44087D05DA8D39C7BE425D30E_analysis-7.csv;user-a;3;1312013787;3;false;0.577350269189626;1.0;26.17719445768439;0;A
user-a_session-29AF06B372FD52129AAB65DA477E308EC73CF0D44087D05DA8D39C7BE425D30E_analysis-7.csv;user-a;3;7261785;3;false;0.577350269189626;1.0;26.17719445768439;0;A
