session ;user;query position;cell hashcode;cell computation time;novelty;outlierness;relevance;surprise;query label;session label
user-I051069_session-687ECC64E4980354EB0247A82F3E2C895961472A05E14D1ACBD44B5029F9DAA2_analysis-11.csv;user-I051069;1;-1511595037;4;true;-0.8424570086905638;0.0;Infinity;0;A
user-I051069_session-687ECC64E4980354EB0247A82F3E2C895961472A05E14D1ACBD44B5029F9DAA2_analysis-11.csv;user-I051069;1;-2017973966;3;true;1.664468493874771;0.0;Infinity;0;A
user-I051069_session-687ECC64E4980354EB0247A82F3E2C895961472A05E14D1ACBD44B5029F9DAA2_analysis-11.csv;user-I051069;1;1743439715;3;true;-0.687073484241332;0.0;Infinity;0;A
user-I051069_session-687ECC64E4980354EB0247A82F3E2C895961472A05E14D1ACBD44B5029F9DAA2_analysis-11.csv;user-I051069;1;409923845;3;true;0.0715214967030916;0.0;Infinity;0;A
user-I051069_session-687ECC64E4980354EB0247A82F3E2C895961472A05E14D1ACBD44B5029F9DAA2_analysis-11.csv;user-I051069;1;852821828;2;true;-0.20645949764596658;0.0;Infinity;0;A
user-I051069_session-687ECC64E4980354EB0247A82F3E2C895961472A05E14D1ACBD44B5029F9DAA2_analysis-11.csv;user-I051069;2;-1511595037;3;true;-0.8424570086905638;0.0;Infinity;0;A
user-I051069_session-687ECC64E4980354EB0247A82F3E2C895961472A05E14D1ACBD44B5029F9DAA2_analysis-11.csv;user-I051069;2;-2017973966;3;true;1.664468493874771;0.0;Infinity;0;A
user-I051069_session-687ECC64E4980354EB0247A82F3E2C895961472A05E14D1ACBD44B5029F9DAA2_analysis-11.csv;user-I051069;2;1743439715;3;true;-0.687073484241332;0.0;Infinity;0;A
user-I051069_session-687ECC64E4980354EB0247A82F3E2C895961472A05E14D1ACBD44B5029F9DAA2_analysis-11.csv;user-I051069;2;409923845;3;true;0.0715214967030916;0.0;Infinity;0;A
user-I051069_session-687ECC64E4980354EB0247A82F3E2C895961472A05E14D1ACBD44B5029F9DAA2_analysis-11.csv;user-I051069;2;852821828;3;true;-0.20645949764596658;0.0;Infinity;0;A
user-I051069_session-687ECC64E4980354EB0247A82F3E2C895961472A05E14D1ACBD44B5029F9DAA2_analysis-11.csv;user-I051069;3;-1932430166;4;true;1.1976118304584173;0.0;Infinity;0;A
user-I051069_session-687ECC64E4980354EB0247A82F3E2C895961472A05E14D1ACBD44B5029F9DAA2_analysis-11.csv;user-I051069;3;1828983515;4;true;-0.7938479174489351;0.0;Infinity;0;A
user-I051069_session-687ECC64E4980354EB0247A82F3E2C895961472A05E14D1ACBD44B5029F9DAA2_analysis-11.csv;user-I051069;3;938365628;4;true;-0.477128258783422;0.0;Infinity;0;A
user-I051069_session-687ECC64E4980354EB0247A82F3E2C895961472A05E14D1ACBD44B5029F9DAA2_analysis-11.csv;user-I051069;3;-1426051237;3;true;-0.8866782249433975;0.0;Infinity;0;A
user-I051069_session-687ECC64E4980354EB0247A82F3E2C895961472A05E14D1ACBD44B5029F9DAA2_analysis-11.csv;user-I051069;3;495467645;4;true;0.9600425707173373;0.0;Infinity;0;A
