session ;user;query position;cell hashcode;cell computation time;novelty;outlierness;relevance;surprise;query label;session label
user-a_session-29AF06B372FD52129AAB65DA477E308EC73CF0D44087D05DA8D39C7BE425D30E_analysis-10.csv;user-a;1;1076123306;3;true;-0.29842727919623374;0.0;Infinity;0;D
user-a_session-29AF06B372FD52129AAB65DA477E308EC73CF0D44087D05DA8D39C7BE425D30E_analysis-10.csv;user-a;1;1070456875;2;true;-0.3479705082399473;0.0;Infinity;0;D
user-a_session-29AF06B372FD52129AAB65DA477E308EC73CF0D44087D05DA8D39C7BE425D30E_analysis-10.csv;user-a;1;-1463507536;3;true;0.07770828408181808;0.0;Infinity;0;D
user-a_session-29AF06B372FD52129AAB65DA477E308EC73CF0D44087D05DA8D39C7BE425D30E_analysis-10.csv;user-a;1;942701074;3;true;0.2101978257737886;0.0;Infinity;0;D
user-a_session-29AF06B372FD52129AAB65DA477E308EC73CF0D44087D05DA8D39C7BE425D30E_analysis-10.csv;user-a;1;-996657663;3;true;-0.5968094461847181;0.0;Infinity;0;D
user-a_session-29AF06B372FD52129AAB65DA477E308EC73CF0D44087D05DA8D39C7BE425D30E_analysis-10.csv;user-a;1;-1389810941;4;true;-0.7051589442633212;0.0;Infinity;0;D
user-a_session-29AF06B372FD52129AAB65DA477E308EC73CF0D44087D05DA8D39C7BE425D30E_analysis-10.csv;user-a;1;1003581449;5;true;0.3536345965462397;0.0;Infinity;0;D
user-a_session-29AF06B372FD52129AAB65DA477E308EC73CF0D44087D05DA8D39C7BE425D30E_analysis-10.csv;user-a;1;116399818;5;true;-0.7055799915356473;0.0;Infinity;0;D
user-a_session-29AF06B372FD52129AAB65DA477E308EC73CF0D44087D05DA8D39C7BE425D30E_analysis-10.csv;user-a;1;526567908;5;true;-0.6841065806470122;0.0;Infinity;0;D
user-a_session-29AF06B372FD52129AAB65DA477E308EC73CF0D44087D05DA8D39C7BE425D30E_analysis-10.csv;user-a;1;-1150039595;4;true;-0.23246320653179928;0.0;Infinity;0;D
user-a_session-29AF06B372FD52129AAB65DA477E308EC73CF0D44087D05DA8D39C7BE425D30E_analysis-10.csv;user-a;1;-678874322;4;true;0.6764375053296424;0.0;Infinity;0;D
user-a_session-29AF06B372FD52129AAB65DA477E308EC73CF0D44087D05DA8D39C7BE425D30E_analysis-10.csv;user-a;1;-833510251;3;true;-0.14741165752191143;0.0;Infinity;0;D
user-a_session-29AF06B372FD52129AAB65DA477E308EC73CF0D44087D05DA8D39C7BE425D30E_analysis-10.csv;user-a;1;852785433;3;true;2.4571867690878224;0.0;Infinity;0;D
user-a_session-29AF06B372FD52129AAB65DA477E308EC73CF0D44087D05DA8D39C7BE425D30E_analysis-10.csv;user-a;1;-1913350209;3;true;-0.2859362101172238;0.0;Infinity;0;D
user-a_session-29AF06B372FD52129AAB65DA477E308EC73CF0D44087D05DA8D39C7BE425D30E_analysis-10.csv;user-a;1;1267678652;4;true;-0.5424943480546413;0.0;Infinity;0;D
user-a_session-29AF06B372FD52129AAB65DA477E308EC73CF0D44087D05DA8D39C7BE425D30E_analysis-10.csv;user-a;1;1003359607;3;true;0.0233931859517412;0.0;Infinity;0;D
user-a_session-29AF06B372FD52129AAB65DA477E308EC73CF0D44087D05DA8D39C7BE425D30E_analysis-10.csv;user-a;1;-69067550;3;true;-0.7820702460082363;0.0;Infinity;0;D
user-a_session-29AF06B372FD52129AAB65DA477E308EC73CF0D44087D05DA8D39C7BE425D30E_analysis-10.csv;user-a;1;-2056211866;3;true;3.521313575346848;0.0;Infinity;0;D
user-a_session-29AF06B372FD52129AAB65DA477E308EC73CF0D44087D05DA8D39C7BE425D30E_analysis-10.csv;user-a;1;1065039382;2;true;0.6009296944924812;0.0;Infinity;0;D
user-a_session-29AF06B372FD52129AAB65DA477E308EC73CF0D44087D05DA8D39C7BE425D30E_analysis-10.csv;user-a;1;635859642;3;true;-1.298414550970905;0.0;Infinity;0;D
user-a_session-29AF06B372FD52129AAB65DA477E308EC73CF0D44087D05DA8D39C7BE425D30E_analysis-10.csv;user-a;1;1454486684;5;true;0.8723648360520903;0.0;Infinity;0;D
user-a_session-29AF06B372FD52129AAB65DA477E308EC73CF0D44087D05DA8D39C7BE425D30E_analysis-10.csv;user-a;1;1076233951;4;true;-0.014220370376063983;0.0;Infinity;0;D
user-a_session-29AF06B372FD52129AAB65DA477E308EC73CF0D44087D05DA8D39C7BE425D30E_analysis-10.csv;user-a;1;-350138353;3;true;-0.867823540472001;0.0;Infinity;0;D
user-a_session-29AF06B372FD52129AAB65DA477E308EC73CF0D44087D05DA8D39C7BE425D30E_analysis-10.csv;user-a;1;913177094;3;true;-0.22418261017605112;0.0;Infinity;0;D
user-a_session-29AF06B372FD52129AAB65DA477E308EC73CF0D44087D05DA8D39C7BE425D30E_analysis-10.csv;user-a;1;-762399134;3;true;-0.08088618849437541;0.0;Infinity;0;D
user-a_session-29AF06B372FD52129AAB65DA477E308EC73CF0D44087D05DA8D39C7BE425D30E_analysis-10.csv;user-a;1;1178475036;2;true;-1.1002416347960509;0.0;Infinity;0;D
user-a_session-29AF06B372FD52129AAB65DA477E308EC73CF0D44087D05DA8D39C7BE425D30E_analysis-10.csv;user-a;1;-1140939035;3;true;0.07307676408623014;0.0;Infinity;0;D
user-a_session-29AF06B372FD52129AAB65DA477E308EC73CF0D44087D05DA8D39C7BE425D30E_analysis-10.csv;user-a;1;50191213;3;true;0.04795427683743488;0.0;Infinity;0;D
user-a_session-29AF06B372FD52129AAB65DA477E308EC73CF0D44087D05DA8D39C7BE425D30E_analysis-10.csv;user-a;2;1080619287;3;true;0.8868136791116337;0.0;Infinity;0;D
user-a_session-29AF06B372FD52129AAB65DA477E308EC73CF0D44087D05DA8D39C7BE425D30E_analysis-10.csv;user-a;2;916047800;4;true;2.2069374589206528E-5;0.0;Infinity;0;D
user-a_session-29AF06B372FD52129AAB65DA477E308EC73CF0D44087D05DA8D39C7BE425D30E_analysis-10.csv;user-a;2;-1175191970;3;true;-1.1543827766292265;0.0;Infinity;0;D
user-a_session-29AF06B372FD52129AAB65DA477E308EC73CF0D44087D05DA8D39C7BE425D30E_analysis-10.csv;user-a;2;618785809;4;true;0.27875827043423956;0.0;Infinity;0;D
user-a_session-29AF06B372FD52129AAB65DA477E308EC73CF0D44087D05DA8D39C7BE425D30E_analysis-10.csv;user-a;2;1926240362;4;true;0.21870750217744553;0.0;Infinity;0;D
user-a_session-29AF06B372FD52129AAB65DA477E308EC73CF0D44087D05DA8D39C7BE425D30E_analysis-10.csv;user-a;2;316117431;4;true;-0.6105492480059561;0.0;Infinity;0;D
user-a_session-29AF06B372FD52129AAB65DA477E308EC73CF0D44087D05DA8D39C7BE425D30E_analysis-10.csv;user-a;2;1071762525;4;true;-0.8138743960948365;0.0;Infinity;0;D
user-a_session-29AF06B372FD52129AAB65DA477E308EC73CF0D44087D05DA8D39C7BE425D30E_analysis-10.csv;user-a;2;-389169290;4;true;1.3935044503015397;0.0;Infinity;0;D
user-a_session-29AF06B372FD52129AAB65DA477E308EC73CF0D44087D05DA8D39C7BE425D30E_analysis-10.csv;user-a;2;-1417755117;4;true;2.031618347169214;0.0;Infinity;0;D
user-a_session-29AF06B372FD52129AAB65DA477E308EC73CF0D44087D05DA8D39C7BE425D30E_analysis-10.csv;user-a;2;-1994002015;4;true;0.6889838052954257;0.0;Infinity;0;D
user-a_session-29AF06B372FD52129AAB65DA477E308EC73CF0D44087D05DA8D39C7BE425D30E_analysis-10.csv;user-a;2;350605775;3;true;-0.31473135101438415;0.0;Infinity;0;D
user-a_session-29AF06B372FD52129AAB65DA477E308EC73CF0D44087D05DA8D39C7BE425D30E_analysis-10.csv;user-a;2;-1562024468;3;true;-1.005745538772002;0.0;Infinity;0;D
user-a_session-29AF06B372FD52129AAB65DA477E308EC73CF0D44087D05DA8D39C7BE425D30E_analysis-10.csv;user-a;2;1073351554;3;true;-0.9786664161512426;0.0;Infinity;0;D
user-a_session-29AF06B372FD52129AAB65DA477E308EC73CF0D44087D05DA8D39C7BE425D30E_analysis-10.csv;user-a;2;-1040764705;4;true;-0.0776400598042635;0.0;Infinity;0;D
user-a_session-29AF06B372FD52129AAB65DA477E308EC73CF0D44087D05DA8D39C7BE425D30E_analysis-10.csv;user-a;2;-1512321145;4;true;-0.5385810174710772;0.0;Infinity;0;D
user-a_session-29AF06B372FD52129AAB65DA477E308EC73CF0D44087D05DA8D39C7BE425D30E_analysis-10.csv;user-a;2;1829580861;4;true;2.25632871923488;0.0;Infinity;0;D
user-a_session-29AF06B372FD52129AAB65DA477E308EC73CF0D44087D05DA8D39C7BE425D30E_analysis-10.csv;user-a;2;1414033727;3;true;-1.697355599643524;0.0;Infinity;0;D
user-a_session-29AF06B372FD52129AAB65DA477E308EC73CF0D44087D05DA8D39C7BE425D30E_analysis-10.csv;user-a;2;1926671107;3;true;-0.057910038921656415;0.0;Infinity;0;D
user-a_session-29AF06B372FD52129AAB65DA477E308EC73CF0D44087D05DA8D39C7BE425D30E_analysis-10.csv;user-a;2;608111986;4;true;0.5772907005002642;0.0;Infinity;0;D
user-a_session-29AF06B372FD52129AAB65DA477E308EC73CF0D44087D05DA8D39C7BE425D30E_analysis-10.csv;user-a;2;1939086048;4;true;-1.0708943325588656;0.0;Infinity;0;D
user-a_session-29AF06B372FD52129AAB65DA477E308EC73CF0D44087D05DA8D39C7BE425D30E_analysis-10.csv;user-a;2;2044215619;2;true;-0.8215545384518245;0.0;Infinity;0;D
user-a_session-29AF06B372FD52129AAB65DA477E308EC73CF0D44087D05DA8D39C7BE425D30E_analysis-10.csv;user-a;2;1069734009;3;true;-0.646963716077882;0.0;Infinity;0;D
user-a_session-29AF06B372FD52129AAB65DA477E308EC73CF0D44087D05DA8D39C7BE425D30E_analysis-10.csv;user-a;2;-1819978646;4;true;0.42494580771207996;0.0;Infinity;0;D
user-a_session-29AF06B372FD52129AAB65DA477E308EC73CF0D44087D05DA8D39C7BE425D30E_analysis-10.csv;user-a;2;1081206037;4;true;-0.5640711451214253;0.0;Infinity;0;D
user-a_session-29AF06B372FD52129AAB65DA477E308EC73CF0D44087D05DA8D39C7BE425D30E_analysis-10.csv;user-a;2;1214101365;4;true;1.260558537777127;0.0;Infinity;0;D
user-a_session-29AF06B372FD52129AAB65DA477E308EC73CF0D44087D05DA8D39C7BE425D30E_analysis-10.csv;user-a;2;-671507334;4;true;1.4858647829566969;0.0;Infinity;0;D
user-a_session-29AF06B372FD52129AAB65DA477E308EC73CF0D44087D05DA8D39C7BE425D30E_analysis-10.csv;user-a;2;468752871;4;true;0.5289587701502535;0.0;Infinity;0;D
user-a_session-29AF06B372FD52129AAB65DA477E308EC73CF0D44087D05DA8D39C7BE425D30E_analysis-10.csv;user-a;2;-1304827976;2;true;-0.2628903901047152;0.0;Infinity;0;D
user-a_session-29AF06B372FD52129AAB65DA477E308EC73CF0D44087D05DA8D39C7BE425D30E_analysis-10.csv;user-a;2;-624448390;3;true;-0.4294038213790669;0.0;Infinity;0;D
user-a_session-29AF06B372FD52129AAB65DA477E308EC73CF0D44087D05DA8D39C7BE425D30E_analysis-10.csv;user-a;2;-1708192764;5;true;-0.06135286135754758;0.0;Infinity;0;D
user-a_session-29AF06B372FD52129AAB65DA477E308EC73CF0D44087D05DA8D39C7BE425D30E_analysis-10.csv;user-a;2;1615186874;7;true;-1.0808255511239362;0.0;Infinity;0;D
user-a_session-29AF06B372FD52129AAB65DA477E308EC73CF0D44087D05DA8D39C7BE425D30E_analysis-10.csv;user-a;2;-1149575153;5;true;0.9056829943852679;0.0;Infinity;0;D
user-a_session-29AF06B372FD52129AAB65DA477E308EC73CF0D44087D05DA8D39C7BE425D30E_analysis-10.csv;user-a;2;-395026010;7;true;-0.896303510184923;0.0;Infinity;0;D
user-a_session-29AF06B372FD52129AAB65DA477E308EC73CF0D44087D05DA8D39C7BE425D30E_analysis-10.csv;user-a;2;2028687741;4;true;1.7046826320070876;0.0;Infinity;0;D
user-a_session-29AF06B372FD52129AAB65DA477E308EC73CF0D44087D05DA8D39C7BE425D30E_analysis-10.csv;user-a;2;66049918;3;true;-1.6381655369957027;0.0;Infinity;0;D
user-a_session-29AF06B372FD52129AAB65DA477E308EC73CF0D44087D05DA8D39C7BE425D30E_analysis-10.csv;user-a;2;2105911807;3;true;0.10562402678317409;0.0;Infinity;0;D
user-a_session-29AF06B372FD52129AAB65DA477E308EC73CF0D44087D05DA8D39C7BE425D30E_analysis-10.csv;user-a;2;-1567476630;4;true;0.6009932088088995;0.0;Infinity;0;D
user-a_session-29AF06B372FD52129AAB65DA477E308EC73CF0D44087D05DA8D39C7BE425D30E_analysis-10.csv;user-a;2;230372649;3;true;-1.2779271355787056;0.0;Infinity;0;D
user-a_session-29AF06B372FD52129AAB65DA477E308EC73CF0D44087D05DA8D39C7BE425D30E_analysis-10.csv;user-a;2;630073327;3;true;0.1358811393447561;0.0;Infinity;0;D
user-a_session-29AF06B372FD52129AAB65DA477E308EC73CF0D44087D05DA8D39C7BE425D30E_analysis-10.csv;user-a;2;-1395895594;4;true;1.2440727149591095;0.0;Infinity;0;D
user-a_session-29AF06B372FD52129AAB65DA477E308EC73CF0D44087D05DA8D39C7BE425D30E_analysis-10.csv;user-a;2;-2062827083;3;true;-1.1429287712175116;0.0;Infinity;0;D
user-a_session-29AF06B372FD52129AAB65DA477E308EC73CF0D44087D05DA8D39C7BE425D30E_analysis-10.csv;user-a;2;621690033;3;true;0.41342559417659797;0.0;Infinity;0;D
user-a_session-29AF06B372FD52129AAB65DA477E308EC73CF0D44087D05DA8D39C7BE425D30E_analysis-10.csv;user-a;3;-1345374096;3;true;0.7256867516371235;0.0;Infinity;0;D
user-a_session-29AF06B372FD52129AAB65DA477E308EC73CF0D44087D05DA8D39C7BE425D30E_analysis-10.csv;user-a;3;-1578146949;3;true;0.5731449748392845;0.0;Infinity;0;D
user-a_session-29AF06B372FD52129AAB65DA477E308EC73CF0D44087D05DA8D39C7BE425D30E_analysis-10.csv;user-a;3;571241305;3;true;-1.2294332820219074;0.0;Infinity;0;D
user-a_session-29AF06B372FD52129AAB65DA477E308EC73CF0D44087D05DA8D39C7BE425D30E_analysis-10.csv;user-a;3;1132170913;2;true;1.2504959385941197;0.0;Infinity;0;D
user-a_session-29AF06B372FD52129AAB65DA477E308EC73CF0D44087D05DA8D39C7BE425D30E_analysis-10.csv;user-a;3;1003158696;5;true;-0.0792196603190292;0.0;Infinity;0;D
user-a_session-29AF06B372FD52129AAB65DA477E308EC73CF0D44087D05DA8D39C7BE425D30E_analysis-10.csv;user-a;3;1696306805;28;true;-0.3616277596392512;0.0;Infinity;0;D
user-a_session-29AF06B372FD52129AAB65DA477E308EC73CF0D44087D05DA8D39C7BE425D30E_analysis-10.csv;user-a;3;-2092390746;3;true;0.48078221681919486;0.0;Infinity;0;D
user-a_session-29AF06B372FD52129AAB65DA477E308EC73CF0D44087D05DA8D39C7BE425D30E_analysis-10.csv;user-a;3;436641858;4;true;-0.06841150854654543;0.0;Infinity;0;D
user-a_session-29AF06B372FD52129AAB65DA477E308EC73CF0D44087D05DA8D39C7BE425D30E_analysis-10.csv;user-a;3;1003080599;3;true;0.2642821788643639;0.0;Infinity;0;D
user-a_session-29AF06B372FD52129AAB65DA477E308EC73CF0D44087D05DA8D39C7BE425D30E_analysis-10.csv;user-a;3;-1307876463;3;true;0.07175746199058829;0.0;Infinity;0;D
user-a_session-29AF06B372FD52129AAB65DA477E308EC73CF0D44087D05DA8D39C7BE425D30E_analysis-10.csv;user-a;3;734815350;3;true;-1.478646634584323;0.0;Infinity;0;D
user-a_session-29AF06B372FD52129AAB65DA477E308EC73CF0D44087D05DA8D39C7BE425D30E_analysis-10.csv;user-a;3;92729137;3;true;-0.41121527111211664;0.0;Infinity;0;D
user-a_session-29AF06B372FD52129AAB65DA477E308EC73CF0D44087D05DA8D39C7BE425D30E_analysis-10.csv;user-a;3;1798342657;2;true;-1.3134191206281345;0.0;Infinity;0;D
user-a_session-29AF06B372FD52129AAB65DA477E308EC73CF0D44087D05DA8D39C7BE425D30E_analysis-10.csv;user-a;3;-928918933;3;true;-1.2749767634329081;0.0;Infinity;0;D
user-a_session-29AF06B372FD52129AAB65DA477E308EC73CF0D44087D05DA8D39C7BE425D30E_analysis-10.csv;user-a;3;1749358919;4;true;-0.12030989434047644;0.0;Infinity;0;D
user-a_session-29AF06B372FD52129AAB65DA477E308EC73CF0D44087D05DA8D39C7BE425D30E_analysis-10.csv;user-a;3;-2058092308;4;true;-0.892599278119089;0.0;Infinity;0;D
user-a_session-29AF06B372FD52129AAB65DA477E308EC73CF0D44087D05DA8D39C7BE425D30E_analysis-10.csv;user-a;3;1081960595;3;true;-0.8566122248899949;0.0;Infinity;0;D
user-a_session-29AF06B372FD52129AAB65DA477E308EC73CF0D44087D05DA8D39C7BE425D30E_analysis-10.csv;user-a;3;473566264;4;true;0.23573325235619963;0.0;Infinity;0;D
user-a_session-29AF06B372FD52129AAB65DA477E308EC73CF0D44087D05DA8D39C7BE425D30E_analysis-10.csv;user-a;3;-283843971;3;true;-0.10658907805914959;0.0;Infinity;0;D
user-a_session-29AF06B372FD52129AAB65DA477E308EC73CF0D44087D05DA8D39C7BE425D30E_analysis-10.csv;user-a;3;1293412054;4;true;-0.9532115858320381;0.0;Infinity;0;D
user-a_session-29AF06B372FD52129AAB65DA477E308EC73CF0D44087D05DA8D39C7BE425D30E_analysis-10.csv;user-a;3;39836820;3;true;-0.25901049681943306;0.0;Infinity;0;D
user-a_session-29AF06B372FD52129AAB65DA477E308EC73CF0D44087D05DA8D39C7BE425D30E_analysis-10.csv;user-a;3;474040741;3;true;0.7101124215774419;0.0;Infinity;0;D
user-a_session-29AF06B372FD52129AAB65DA477E308EC73CF0D44087D05DA8D39C7BE425D30E_analysis-10.csv;user-a;3;1744618306;3;true;-1.2906473799226341;0.0;Infinity;0;D
user-a_session-29AF06B372FD52129AAB65DA477E308EC73CF0D44087D05DA8D39C7BE425D30E_analysis-10.csv;user-a;3;-1328337552;3;true;-1.324901277410929;0.0;Infinity;0;D
user-a_session-29AF06B372FD52129AAB65DA477E308EC73CF0D44087D05DA8D39C7BE425D30E_analysis-10.csv;user-a;3;-992599013;3;true;2.1881813375814985;0.0;Infinity;0;D
user-a_session-29AF06B372FD52129AAB65DA477E308EC73CF0D44087D05DA8D39C7BE425D30E_analysis-10.csv;user-a;3;1077847349;3;true;1.9679742720699582;0.0;Infinity;0;D
user-a_session-29AF06B372FD52129AAB65DA477E308EC73CF0D44087D05DA8D39C7BE425D30E_analysis-10.csv;user-a;3;-251642117;4;true;-0.18845661520439977;0.0;Infinity;0;D
user-a_session-29AF06B372FD52129AAB65DA477E308EC73CF0D44087D05DA8D39C7BE425D30E_analysis-10.csv;user-a;3;-777485605;3;true;-1.3270436504794167;0.0;Infinity;0;D
user-a_session-29AF06B372FD52129AAB65DA477E308EC73CF0D44087D05DA8D39C7BE425D30E_analysis-10.csv;user-a;3;1069526477;3;true;2.7835925493685503;0.0;Infinity;0;D
user-a_session-29AF06B372FD52129AAB65DA477E308EC73CF0D44087D05DA8D39C7BE425D30E_analysis-10.csv;user-a;3;1660820403;3;true;1.1944090930932574;0.0;Infinity;0;D
user-a_session-29AF06B372FD52129AAB65DA477E308EC73CF0D44087D05DA8D39C7BE425D30E_analysis-10.csv;user-a;3;-546846326;4;true;0.5115698028258914;0.0;Infinity;0;D
user-a_session-29AF06B372FD52129AAB65DA477E308EC73CF0D44087D05DA8D39C7BE425D30E_analysis-10.csv;user-a;3;-584893774;5;true;-0.7933038971358026;0.0;Infinity;0;D
user-a_session-29AF06B372FD52129AAB65DA477E308EC73CF0D44087D05DA8D39C7BE425D30E_analysis-10.csv;user-a;3;1003453022;4;true;-0.25118722437832564;0.0;Infinity;0;D
user-a_session-29AF06B372FD52129AAB65DA477E308EC73CF0D44087D05DA8D39C7BE425D30E_analysis-10.csv;user-a;3;-910710946;5;true;0.9650788883350102;0.0;Infinity;0;D
user-a_session-29AF06B372FD52129AAB65DA477E308EC73CF0D44087D05DA8D39C7BE425D30E_analysis-10.csv;user-a;3;1074382707;3;true;1.1026962684759674;0.0;Infinity;0;D
user-a_session-29AF06B372FD52129AAB65DA477E308EC73CF0D44087D05DA8D39C7BE425D30E_analysis-10.csv;user-a;3;1066047613;4;true;-1.3077141496480038;0.0;Infinity;0;D
user-a_session-29AF06B372FD52129AAB65DA477E308EC73CF0D44087D05DA8D39C7BE425D30E_analysis-10.csv;user-a;3;759540867;5;true;-0.11082568098110314;0.0;Infinity;0;D
user-a_session-29AF06B372FD52129AAB65DA477E308EC73CF0D44087D05DA8D39C7BE425D30E_analysis-10.csv;user-a;3;642808401;5;true;0.6606211965346209;0.0;Infinity;0;D
user-a_session-29AF06B372FD52129AAB65DA477E308EC73CF0D44087D05DA8D39C7BE425D30E_analysis-10.csv;user-a;3;-1854009922;7;true;-0.8286169453545859;0.0;Infinity;0;D
user-a_session-29AF06B372FD52129AAB65DA477E308EC73CF0D44087D05DA8D39C7BE425D30E_analysis-10.csv;user-a;3;-821009408;6;true;-1.0122592390567657;0.0;Infinity;0;D
user-a_session-29AF06B372FD52129AAB65DA477E308EC73CF0D44087D05DA8D39C7BE425D30E_analysis-10.csv;user-a;3;1143847374;6;true;-0.3080443613195432;0.0;Infinity;0;D
user-a_session-29AF06B372FD52129AAB65DA477E308EC73CF0D44087D05DA8D39C7BE425D30E_analysis-10.csv;user-a;3;1003256447;5;true;-0.4941419589878552;0.0;Infinity;0;D
user-a_session-29AF06B372FD52129AAB65DA477E308EC73CF0D44087D05DA8D39C7BE425D30E_analysis-10.csv;user-a;3;-1296182574;5;true;1.3875837433698326;0.0;Infinity;0;D
user-a_session-29AF06B372FD52129AAB65DA477E308EC73CF0D44087D05DA8D39C7BE425D30E_analysis-10.csv;user-a;3;2056562925;5;true;-0.5077424172316265;0.0;Infinity;0;D
user-a_session-29AF06B372FD52129AAB65DA477E308EC73CF0D44087D05DA8D39C7BE425D30E_analysis-10.csv;user-a;3;837449922;3;true;0.26611162103520747;0.0;Infinity;0;D
user-a_session-29AF06B372FD52129AAB65DA477E308EC73CF0D44087D05DA8D39C7BE425D30E_analysis-10.csv;user-a;3;1134467597;5;true;-0.46065835293991547;0.0;Infinity;0;D
user-a_session-29AF06B372FD52129AAB65DA477E308EC73CF0D44087D05DA8D39C7BE425D30E_analysis-10.csv;user-a;3;-1069434870;3;true;-0.3661532218513379;0.0;Infinity;0;D
user-a_session-29AF06B372FD52129AAB65DA477E308EC73CF0D44087D05DA8D39C7BE425D30E_analysis-10.csv;user-a;3;-1099418937;3;true;0.9192946908488986;0.0;Infinity;0;D
user-a_session-29AF06B372FD52129AAB65DA477E308EC73CF0D44087D05DA8D39C7BE425D30E_analysis-10.csv;user-a;3;-777595372;4;true;1.3778106707203261;0.0;Infinity;0;D
user-a_session-29AF06B372FD52129AAB65DA477E308EC73CF0D44087D05DA8D39C7BE425D30E_analysis-10.csv;user-a;3;-1073144081;3;true;0.34005959930930585;0.0;Infinity;0;D
user-a_session-29AF06B372FD52129AAB65DA477E308EC73CF0D44087D05DA8D39C7BE425D30E_analysis-10.csv;user-a;4;30835038;3;true;-0.6313153348415709;0.0;Infinity;0;D
user-a_session-29AF06B372FD52129AAB65DA477E308EC73CF0D44087D05DA8D39C7BE425D30E_analysis-10.csv;user-a;4;30835091;3;true;0.3053035639754451;0.0;Infinity;0;D
user-a_session-29AF06B372FD52129AAB65DA477E308EC73CF0D44087D05DA8D39C7BE425D30E_analysis-10.csv;user-a;4;30835037;4;true;-0.6313153348415709;0.0;Infinity;0;D
user-a_session-29AF06B372FD52129AAB65DA477E308EC73CF0D44087D05DA8D39C7BE425D30E_analysis-10.csv;user-a;4;30835036;3;true;-0.4246132330336777;0.0;Infinity;0;D
user-a_session-29AF06B372FD52129AAB65DA477E308EC73CF0D44087D05DA8D39C7BE425D30E_analysis-10.csv;user-a;4;30835035;4;true;-0.573180368708101;0.0;Infinity;0;D
user-a_session-29AF06B372FD52129AAB65DA477E308EC73CF0D44087D05DA8D39C7BE425D30E_analysis-10.csv;user-a;4;30835034;4;true;-0.8121796739234775;0.0;Infinity;0;D
user-a_session-29AF06B372FD52129AAB65DA477E308EC73CF0D44087D05DA8D39C7BE425D30E_analysis-10.csv;user-a;4;30835033;4;true;-0.9413684875534107;0.0;Infinity;0;D
user-a_session-29AF06B372FD52129AAB65DA477E308EC73CF0D44087D05DA8D39C7BE425D30E_analysis-10.csv;user-a;4;30835092;3;true;0.2536280385234718;0.0;Infinity;0;D
user-a_session-29AF06B372FD52129AAB65DA477E308EC73CF0D44087D05DA8D39C7BE425D30E_analysis-10.csv;user-a;4;30835032;6;true;-0.9607468095979007;0.0;Infinity;0;D
user-a_session-29AF06B372FD52129AAB65DA477E308EC73CF0D44087D05DA8D39C7BE425D30E_analysis-10.csv;user-a;4;30835031;4;true;-1.0963950639093305;0.0;Infinity;0;D
user-a_session-29AF06B372FD52129AAB65DA477E308EC73CF0D44087D05DA8D39C7BE425D30E_analysis-10.csv;user-a;4;30835030;4;true;-1.0834761825463373;0.0;Infinity;0;D
user-a_session-29AF06B372FD52129AAB65DA477E308EC73CF0D44087D05DA8D39C7BE425D30E_analysis-10.csv;user-a;4;30835029;3;true;-1.0834761825463373;0.0;Infinity;0;D
user-a_session-29AF06B372FD52129AAB65DA477E308EC73CF0D44087D05DA8D39C7BE425D30E_analysis-10.csv;user-a;4;30856018;4;true;2.9601336840705734;0.0;Infinity;0;D
user-a_session-29AF06B372FD52129AAB65DA477E308EC73CF0D44087D05DA8D39C7BE425D30E_analysis-10.csv;user-a;4;30856016;3;true;2.146244158201994;0.0;Infinity;0;D
user-a_session-29AF06B372FD52129AAB65DA477E308EC73CF0D44087D05DA8D39C7BE425D30E_analysis-10.csv;user-a;4;30856017;4;true;2.4821350736398204;0.0;Infinity;0;D
user-a_session-29AF06B372FD52129AAB65DA477E308EC73CF0D44087D05DA8D39C7BE425D30E_analysis-10.csv;user-a;4;30855992;4;true;0.9318693100806213;0.0;Infinity;0;D
user-a_session-29AF06B372FD52129AAB65DA477E308EC73CF0D44087D05DA8D39C7BE425D30E_analysis-10.csv;user-a;4;30835069;4;true;0.3182224453384384;0.0;Infinity;0;D
user-a_session-29AF06B372FD52129AAB65DA477E308EC73CF0D44087D05DA8D39C7BE425D30E_analysis-10.csv;user-a;4;30855993;5;true;0.9512476321251113;0.0;Infinity;0;D
user-a_session-29AF06B372FD52129AAB65DA477E308EC73CF0D44087D05DA8D39C7BE425D30E_analysis-10.csv;user-a;4;30835068;3;true;0.1373581062565319;0.0;Infinity;0;D
user-a_session-29AF06B372FD52129AAB65DA477E308EC73CF0D44087D05DA8D39C7BE425D30E_analysis-10.csv;user-a;4;30855994;4;true;1.4292462425558643;0.0;Infinity;0;D
user-a_session-29AF06B372FD52129AAB65DA477E308EC73CF0D44087D05DA8D39C7BE425D30E_analysis-10.csv;user-a;4;30835065;3;true;-0.26312721599626115;0.0;Infinity;0;D
user-a_session-29AF06B372FD52129AAB65DA477E308EC73CF0D44087D05DA8D39C7BE425D30E_analysis-10.csv;user-a;4;30835064;3;true;-0.34709994485571777;0.0;Infinity;0;D
user-a_session-29AF06B372FD52129AAB65DA477E308EC73CF0D44087D05DA8D39C7BE425D30E_analysis-10.csv;user-a;4;30835067;3;true;-0.017668470099388014;0.0;Infinity;0;D
user-a_session-29AF06B372FD52129AAB65DA477E308EC73CF0D44087D05DA8D39C7BE425D30E_analysis-10.csv;user-a;4;30835066;3;true;-0.1920733684997979;0.0;Infinity;0;D
user-a_session-29AF06B372FD52129AAB65DA477E308EC73CF0D44087D05DA8D39C7BE425D30E_analysis-10.csv;user-a;4;30835061;3;true;-0.43753211439667106;0.0;Infinity;0;D
user-a_session-29AF06B372FD52129AAB65DA477E308EC73CF0D44087D05DA8D39C7BE425D30E_analysis-10.csv;user-a;4;30835060;3;true;-0.456910436441161;0.0;Infinity;0;D
user-a_session-29AF06B372FD52129AAB65DA477E308EC73CF0D44087D05DA8D39C7BE425D30E_analysis-10.csv;user-a;4;30835063;3;true;-0.5473426059821143;0.0;Infinity;0;D
user-a_session-29AF06B372FD52129AAB65DA477E308EC73CF0D44087D05DA8D39C7BE425D30E_analysis-10.csv;user-a;4;30855986;4;true;-0.7346663857455176;0.0;Infinity;0;D
user-a_session-29AF06B372FD52129AAB65DA477E308EC73CF0D44087D05DA8D39C7BE425D30E_analysis-10.csv;user-a;4;30835062;2;true;-0.5925586907525909;0.0;Infinity;0;D
user-a_session-29AF06B372FD52129AAB65DA477E308EC73CF0D44087D05DA8D39C7BE425D30E_analysis-10.csv;user-a;4;30855987;5;true;-0.2825055380407512;0.0;Infinity;0;D
user-a_session-29AF06B372FD52129AAB65DA477E308EC73CF0D44087D05DA8D39C7BE425D30E_analysis-10.csv;user-a;4;30855988;6;true;-0.19853280918129457;0.0;Infinity;0;D
user-a_session-29AF06B372FD52129AAB65DA477E308EC73CF0D44087D05DA8D39C7BE425D30E_analysis-10.csv;user-a;4;30855989;6;true;-0.056425114188367986;0.0;Infinity;0;D
user-a_session-29AF06B372FD52129AAB65DA477E308EC73CF0D44087D05DA8D39C7BE425D30E_analysis-10.csv;user-a;4;30855990;4;true;0.1502769876195252;0.0;Infinity;0;D
user-a_session-29AF06B372FD52129AAB65DA477E308EC73CF0D44087D05DA8D39C7BE425D30E_analysis-10.csv;user-a;4;30855991;4;true;0.29884412329394844;0.0;Infinity;0;D
user-a_session-29AF06B372FD52129AAB65DA477E308EC73CF0D44087D05DA8D39C7BE425D30E_analysis-10.csv;user-a;5;1841127276;3;true;-0.5296387627323309;0.0;Infinity;0;D
user-a_session-29AF06B372FD52129AAB65DA477E308EC73CF0D44087D05DA8D39C7BE425D30E_analysis-10.csv;user-a;5;1841127277;3;true;-0.4108369552456263;0.0;Infinity;0;D
user-a_session-29AF06B372FD52129AAB65DA477E308EC73CF0D44087D05DA8D39C7BE425D30E_analysis-10.csv;user-a;5;1841127278;3;true;-0.19945167020031754;0.0;Infinity;0;D
user-a_session-29AF06B372FD52129AAB65DA477E308EC73CF0D44087D05DA8D39C7BE425D30E_analysis-10.csv;user-a;5;1841127279;3;true;0.1635083347418212;0.0;Infinity;0;D
user-a_session-29AF06B372FD52129AAB65DA477E308EC73CF0D44087D05DA8D39C7BE425D30E_analysis-10.csv;user-a;5;1841127274;3;true;-0.6590917667523262;0.0;Infinity;0;D
user-a_session-29AF06B372FD52129AAB65DA477E308EC73CF0D44087D05DA8D39C7BE425D30E_analysis-10.csv;user-a;5;1841127275;2;true;-0.6009198472243537;0.0;Infinity;0;D
user-a_session-29AF06B372FD52129AAB65DA477E308EC73CF0D44087D05DA8D39C7BE425D30E_analysis-10.csv;user-a;5;1841127307;4;true;1.5776595052387319;0.0;Infinity;0;D
user-a_session-29AF06B372FD52129AAB65DA477E308EC73CF0D44087D05DA8D39C7BE425D30E_analysis-10.csv;user-a;5;1841106412;3;true;-0.6853100966804265;0.0;Infinity;0;D
user-a_session-29AF06B372FD52129AAB65DA477E308EC73CF0D44087D05DA8D39C7BE425D30E_analysis-10.csv;user-a;5;1841127306;3;true;1.6350121019564514;0.0;Infinity;0;D
user-a_session-29AF06B372FD52129AAB65DA477E308EC73CF0D44087D05DA8D39C7BE425D30E_analysis-10.csv;user-a;5;1841106413;4;true;-0.8663804377463693;0.0;Infinity;0;D
user-a_session-29AF06B372FD52129AAB65DA477E308EC73CF0D44087D05DA8D39C7BE425D30E_analysis-10.csv;user-a;5;1841127305;4;true;1.3916732273112702;0.0;Infinity;0;D
user-a_session-29AF06B372FD52129AAB65DA477E308EC73CF0D44087D05DA8D39C7BE425D30E_analysis-10.csv;user-a;5;1841106414;3;true;-0.8762123114694069;0.0;Infinity;0;D
user-a_session-29AF06B372FD52129AAB65DA477E308EC73CF0D44087D05DA8D39C7BE425D30E_analysis-10.csv;user-a;5;1841106415;4;true;-0.8409814306285222;0.0;Infinity;0;D
user-a_session-29AF06B372FD52129AAB65DA477E308EC73CF0D44087D05DA8D39C7BE425D30E_analysis-10.csv;user-a;5;1841106411;4;true;-0.6468019245985291;0.0;Infinity;0;D
user-a_session-29AF06B372FD52129AAB65DA477E308EC73CF0D44087D05DA8D39C7BE425D30E_analysis-10.csv;user-a;5;1841106420;4;true;-0.6795748370086545;0.0;Infinity;0;D
user-a_session-29AF06B372FD52129AAB65DA477E308EC73CF0D44087D05DA8D39C7BE425D30E_analysis-10.csv;user-a;5;1841106417;7;true;-0.7557718583621961;0.0;Infinity;0;D
user-a_session-29AF06B372FD52129AAB65DA477E308EC73CF0D44087D05DA8D39C7BE425D30E_analysis-10.csv;user-a;5;1841106416;6;true;-0.7950993532543466;0.0;Infinity;0;D
user-a_session-29AF06B372FD52129AAB65DA477E308EC73CF0D44087D05DA8D39C7BE425D30E_analysis-10.csv;user-a;5;1841106419;4;true;-0.6697429632856169;0.0;Infinity;0;D
user-a_session-29AF06B372FD52129AAB65DA477E308EC73CF0D44087D05DA8D39C7BE425D30E_analysis-10.csv;user-a;5;1841106418;3;true;-0.7402047249673865;0.0;Infinity;0;D
user-a_session-29AF06B372FD52129AAB65DA477E308EC73CF0D44087D05DA8D39C7BE425D30E_analysis-10.csv;user-a;5;1841127281;3;true;1.3548037008498792;0.0;Infinity;0;D
user-a_session-29AF06B372FD52129AAB65DA477E308EC73CF0D44087D05DA8D39C7BE425D30E_analysis-10.csv;user-a;5;1841127280;4;true;0.5739890626786417;0.0;Infinity;0;D
user-a_session-29AF06B372FD52129AAB65DA477E308EC73CF0D44087D05DA8D39C7BE425D30E_analysis-10.csv;user-a;5;1841127283;5;true;1.2187961143478587;0.0;Infinity;0;D
user-a_session-29AF06B372FD52129AAB65DA477E308EC73CF0D44087D05DA8D39C7BE425D30E_analysis-10.csv;user-a;5;1841127282;4;true;2.0405768930317527;0.0;Infinity;0;D
user-a_session-29AF06B372FD52129AAB65DA477E308EC73CF0D44087D05DA8D39C7BE425D30E_analysis-10.csv;user-a;6;1659053611;4;true;-0.9544714292809089;0.0;Infinity;0;D
user-a_session-29AF06B372FD52129AAB65DA477E308EC73CF0D44087D05DA8D39C7BE425D30E_analysis-10.csv;user-a;6;1659053610;3;true;-0.7456695540246726;0.0;Infinity;0;D
user-a_session-29AF06B372FD52129AAB65DA477E308EC73CF0D44087D05DA8D39C7BE425D30E_analysis-10.csv;user-a;6;1659053615;3;true;-0.6614030829391201;0.0;Infinity;0;D
user-a_session-29AF06B372FD52129AAB65DA477E308EC73CF0D44087D05DA8D39C7BE425D30E_analysis-10.csv;user-a;6;1659053614;3;true;-0.7628211366350063;0.0;Infinity;0;D
user-a_session-29AF06B372FD52129AAB65DA477E308EC73CF0D44087D05DA8D39C7BE425D30E_analysis-10.csv;user-a;6;1659053613;11;true;-0.9320997997891692;0.0;Infinity;0;D
user-a_session-29AF06B372FD52129AAB65DA477E308EC73CF0D44087D05DA8D39C7BE425D30E_analysis-10.csv;user-a;6;1659053612;11;true;-1.0469408311800992;0.0;Infinity;0;D
user-a_session-29AF06B372FD52129AAB65DA477E308EC73CF0D44087D05DA8D39C7BE425D30E_analysis-10.csv;user-a;6;1659053618;5;true;-0.5883224265994373;0.0;Infinity;0;D
user-a_session-29AF06B372FD52129AAB65DA477E308EC73CF0D44087D05DA8D39C7BE425D30E_analysis-10.csv;user-a;6;1659074506;4;true;1.782324578541903;0.0;Infinity;0;D
user-a_session-29AF06B372FD52129AAB65DA477E308EC73CF0D44087D05DA8D39C7BE425D30E_analysis-10.csv;user-a;6;1659053619;5;true;-0.4279924152419701;0.0;Infinity;0;D
user-a_session-29AF06B372FD52129AAB65DA477E308EC73CF0D44087D05DA8D39C7BE425D30E_analysis-10.csv;user-a;6;1659074505;6;true;1.8643538866782816;0.0;Infinity;0;D
user-a_session-29AF06B372FD52129AAB65DA477E308EC73CF0D44087D05DA8D39C7BE425D30E_analysis-10.csv;user-a;6;1659053616;4;true;-0.5279190269717404;0.0;Infinity;0;D
user-a_session-29AF06B372FD52129AAB65DA477E308EC73CF0D44087D05DA8D39C7BE425D30E_analysis-10.csv;user-a;6;1659074504;7;true;1.607080147523276;0.0;Infinity;0;D
user-a_session-29AF06B372FD52129AAB65DA477E308EC73CF0D44087D05DA8D39C7BE425D30E_analysis-10.csv;user-a;6;1659053617;17;true;-0.7083835048717733;0.0;Infinity;0;D
user-a_session-29AF06B372FD52129AAB65DA477E308EC73CF0D44087D05DA8D39C7BE425D30E_analysis-10.csv;user-a;6;1659074480;7;true;1.3207232900290091;0.0;Infinity;0;D
user-a_session-29AF06B372FD52129AAB65DA477E308EC73CF0D44087D05DA8D39C7BE425D30E_analysis-10.csv;user-a;6;1659074481;5;true;1.8636081656952237;0.0;Infinity;0;D
user-a_session-29AF06B372FD52129AAB65DA477E308EC73CF0D44087D05DA8D39C7BE425D30E_analysis-10.csv;user-a;6;1659074482;4;true;1.667483547150973;0.0;Infinity;0;D
user-a_session-29AF06B372FD52129AAB65DA477E308EC73CF0D44087D05DA8D39C7BE425D30E_analysis-10.csv;user-a;6;1659053583;5;true;-0.721806482566817;0.0;Infinity;0;D
user-a_session-29AF06B372FD52129AAB65DA477E308EC73CF0D44087D05DA8D39C7BE425D30E_analysis-10.csv;user-a;6;1659053584;4;true;-0.724043645515991;0.0;Infinity;0;D
user-a_session-29AF06B372FD52129AAB65DA477E308EC73CF0D44087D05DA8D39C7BE425D30E_analysis-10.csv;user-a;6;1659074477;6;true;0.5302590479875431;0.0;Infinity;0;D
user-a_session-29AF06B372FD52129AAB65DA477E308EC73CF0D44087D05DA8D39C7BE425D30E_analysis-10.csv;user-a;6;1659053585;6;true;-0.6875033173461496;0.0;Infinity;0;D
user-a_session-29AF06B372FD52129AAB65DA477E308EC73CF0D44087D05DA8D39C7BE425D30E_analysis-10.csv;user-a;6;1659074476;7;true;0.10072376174614259;0.0;Infinity;0;D
user-a_session-29AF06B372FD52129AAB65DA477E308EC73CF0D44087D05DA8D39C7BE425D30E_analysis-10.csv;user-a;6;1659053586;3;true;-0.7054006209395413;0.0;Infinity;0;D
user-a_session-29AF06B372FD52129AAB65DA477E308EC73CF0D44087D05DA8D39C7BE425D30E_analysis-10.csv;user-a;6;1659074479;5;true;0.9418970306355519;0.0;Infinity;0;D
user-a_session-29AF06B372FD52129AAB65DA477E308EC73CF0D44087D05DA8D39C7BE425D30E_analysis-10.csv;user-a;6;1659053587;4;true;-0.7247893664990489;0.0;Infinity;0;D
user-a_session-29AF06B372FD52129AAB65DA477E308EC73CF0D44087D05DA8D39C7BE425D30E_analysis-10.csv;user-a;6;1659074478;6;true;0.7539753429049392;0.0;Infinity;0;D
user-a_session-29AF06B372FD52129AAB65DA477E308EC73CF0D44087D05DA8D39C7BE425D30E_analysis-10.csv;user-a;6;1659053588;7;true;-0.6889947593122655;0.0;Infinity;0;D
user-a_session-29AF06B372FD52129AAB65DA477E308EC73CF0D44087D05DA8D39C7BE425D30E_analysis-10.csv;user-a;6;1659074473;3;true;-0.3683347365973312;0.0;Infinity;0;D
user-a_session-29AF06B372FD52129AAB65DA477E308EC73CF0D44087D05DA8D39C7BE425D30E_analysis-10.csv;user-a;6;1659074475;3;true;-0.18339593279895042;0.0;Infinity;0;D
user-a_session-29AF06B372FD52129AAB65DA477E308EC73CF0D44087D05DA8D39C7BE425D30E_analysis-10.csv;user-a;6;1659074474;3;true;-0.27213672978285086;0.0;Infinity;0;D
