session ;user;query position;cell hashcode;cell computation time;novelty;outlierness;relevance;surprise;query label;session label
user-I301280_session-97AFC965ABF526B36B105A3821C9BD1C9F1390DB3D7B2B07D7C6A16AF3061CF2_analysis-10.csv;user-I301280;1;-1932430166;2;true;1.1976118304584173;0.0;Infinity;1;C
user-I301280_session-97AFC965ABF526B36B105A3821C9BD1C9F1390DB3D7B2B07D7C6A16AF3061CF2_analysis-10.csv;user-I301280;1;1828983515;3;true;-0.7938479174489351;0.0;Infinity;1;C
user-I301280_session-97AFC965ABF526B36B105A3821C9BD1C9F1390DB3D7B2B07D7C6A16AF3061CF2_analysis-10.csv;user-I301280;1;938365628;3;true;-0.477128258783422;0.0;Infinity;1;C
user-I301280_session-97AFC965ABF526B36B105A3821C9BD1C9F1390DB3D7B2B07D7C6A16AF3061CF2_analysis-10.csv;user-I301280;1;-1426051237;2;true;-0.8866782249433975;0.0;Infinity;1;C
user-I301280_session-97AFC965ABF526B36B105A3821C9BD1C9F1390DB3D7B2B07D7C6A16AF3061CF2_analysis-10.csv;user-I301280;1;495467645;3;true;0.9600425707173373;0.0;Infinity;1;C
user-I301280_session-97AFC965ABF526B36B105A3821C9BD1C9F1390DB3D7B2B07D7C6A16AF3061CF2_analysis-10.csv;user-I301280;2;-1932430166;2;true;1.1976118304584173;0.0;Infinity;1;C
user-I301280_session-97AFC965ABF526B36B105A3821C9BD1C9F1390DB3D7B2B07D7C6A16AF3061CF2_analysis-10.csv;user-I301280;2;1828983515;3;true;-0.7938479174489351;0.0;Infinity;1;C
user-I301280_session-97AFC965ABF526B36B105A3821C9BD1C9F1390DB3D7B2B07D7C6A16AF3061CF2_analysis-10.csv;user-I301280;2;938365628;2;true;-0.477128258783422;0.0;Infinity;1;C
user-I301280_session-97AFC965ABF526B36B105A3821C9BD1C9F1390DB3D7B2B07D7C6A16AF3061CF2_analysis-10.csv;user-I301280;2;-1426051237;3;true;-0.8866782249433975;0.0;Infinity;1;C
user-I301280_session-97AFC965ABF526B36B105A3821C9BD1C9F1390DB3D7B2B07D7C6A16AF3061CF2_analysis-10.csv;user-I301280;2;495467645;4;true;0.9600425707173373;0.0;Infinity;1;C
user-I301280_session-97AFC965ABF526B36B105A3821C9BD1C9F1390DB3D7B2B07D7C6A16AF3061CF2_analysis-10.csv;user-I301280;3;-1932430166;3;true;1.1976118304584173;0.0;Infinity;1;C
user-I301280_session-97AFC965ABF526B36B105A3821C9BD1C9F1390DB3D7B2B07D7C6A16AF3061CF2_analysis-10.csv;user-I301280;3;1828983515;3;true;-0.7938479174489351;0.0;Infinity;1;C
user-I301280_session-97AFC965ABF526B36B105A3821C9BD1C9F1390DB3D7B2B07D7C6A16AF3061CF2_analysis-10.csv;user-I301280;3;938365628;3;true;-0.477128258783422;0.0;Infinity;1;C
user-I301280_session-97AFC965ABF526B36B105A3821C9BD1C9F1390DB3D7B2B07D7C6A16AF3061CF2_analysis-10.csv;user-I301280;3;-1426051237;3;true;-0.8866782249433975;0.0;Infinity;1;C
user-I301280_session-97AFC965ABF526B36B105A3821C9BD1C9F1390DB3D7B2B07D7C6A16AF3061CF2_analysis-10.csv;user-I301280;3;495467645;3;true;0.9600425707173373;0.0;Infinity;1;C
user-I301280_session-97AFC965ABF526B36B105A3821C9BD1C9F1390DB3D7B2B07D7C6A16AF3061CF2_analysis-10.csv;user-I301280;4;-1932430166;3;true;1.1976118304584173;0.0;Infinity;1;C
user-I301280_session-97AFC965ABF526B36B105A3821C9BD1C9F1390DB3D7B2B07D7C6A16AF3061CF2_analysis-10.csv;user-I301280;4;1828983515;2;true;-0.7938479174489351;0.0;Infinity;1;C
user-I301280_session-97AFC965ABF526B36B105A3821C9BD1C9F1390DB3D7B2B07D7C6A16AF3061CF2_analysis-10.csv;user-I301280;4;938365628;3;true;-0.477128258783422;0.0;Infinity;1;C
user-I301280_session-97AFC965ABF526B36B105A3821C9BD1C9F1390DB3D7B2B07D7C6A16AF3061CF2_analysis-10.csv;user-I301280;4;-1426051237;3;true;-0.8866782249433975;0.0;Infinity;1;C
user-I301280_session-97AFC965ABF526B36B105A3821C9BD1C9F1390DB3D7B2B07D7C6A16AF3061CF2_analysis-10.csv;user-I301280;4;495467645;3;true;0.9600425707173373;0.0;Infinity;1;C
user-I301280_session-97AFC965ABF526B36B105A3821C9BD1C9F1390DB3D7B2B07D7C6A16AF3061CF2_analysis-10.csv;user-I301280;5;-1368454907;3;true;0.07349472278983471;0.0;Infinity;1;C
user-I301280_session-97AFC965ABF526B36B105A3821C9BD1C9F1390DB3D7B2B07D7C6A16AF3061CF2_analysis-10.csv;user-I301280;5;-1368434018;3;true;0.7135472374853833;0.0;Infinity;1;C
user-I301280_session-97AFC965ABF526B36B105A3821C9BD1C9F1390DB3D7B2B07D7C6A16AF3061CF2_analysis-10.csv;user-I301280;5;-1368454908;3;true;-0.11867354611796303;0.0;Infinity;1;C
user-I301280_session-97AFC965ABF526B36B105A3821C9BD1C9F1390DB3D7B2B07D7C6A16AF3061CF2_analysis-10.csv;user-I301280;5;-1368434017;3;true;0.9805202369204038;0.0;Infinity;1;C
user-I301280_session-97AFC965ABF526B36B105A3821C9BD1C9F1390DB3D7B2B07D7C6A16AF3061CF2_analysis-10.csv;user-I301280;5;-1368434020;3;true;0.3999483768867927;0.0;Infinity;1;C
user-I301280_session-97AFC965ABF526B36B105A3821C9BD1C9F1390DB3D7B2B07D7C6A16AF3061CF2_analysis-10.csv;user-I301280;5;-1368454906;2;true;0.2018247799176044;0.0;Infinity;1;C
user-I301280_session-97AFC965ABF526B36B105A3821C9BD1C9F1390DB3D7B2B07D7C6A16AF3061CF2_analysis-10.csv;user-I301280;5;-1368434019;3;true;0.4295797652898091;0.0;Infinity;1;C
user-I301280_session-97AFC965ABF526B36B105A3821C9BD1C9F1390DB3D7B2B07D7C6A16AF3061CF2_analysis-10.csv;user-I301280;5;-1368454911;3;true;-0.29079705228254377;0.0;Infinity;1;C
user-I301280_session-97AFC965ABF526B36B105A3821C9BD1C9F1390DB3D7B2B07D7C6A16AF3061CF2_analysis-10.csv;user-I301280;5;-1368454912;3;true;-0.3193390514060375;0.0;Infinity;1;C
user-I301280_session-97AFC965ABF526B36B105A3821C9BD1C9F1390DB3D7B2B07D7C6A16AF3061CF2_analysis-10.csv;user-I301280;5;-1368434021;3;true;0.4393116428535449;0.0;Infinity;1;C
user-I301280_session-97AFC965ABF526B36B105A3821C9BD1C9F1390DB3D7B2B07D7C6A16AF3061CF2_analysis-10.csv;user-I301280;5;-1368454909;3;true;-0.24940025966068258;0.0;Infinity;1;C
user-I301280_session-97AFC965ABF526B36B105A3821C9BD1C9F1390DB3D7B2B07D7C6A16AF3061CF2_analysis-10.csv;user-I301280;5;-1368454910;4;true;-0.27590873212906736;0.0;Infinity;1;C
user-I301280_session-97AFC965ABF526B36B105A3821C9BD1C9F1390DB3D7B2B07D7C6A16AF3061CF2_analysis-10.csv;user-I301280;5;-1368454884;3;true;0.25113780130399693;0.0;Infinity;1;C
user-I301280_session-97AFC965ABF526B36B105A3821C9BD1C9F1390DB3D7B2B07D7C6A16AF3061CF2_analysis-10.csv;user-I301280;5;-1368454883;4;true;0.27045630452753217;0.0;Infinity;1;C
user-I301280_session-97AFC965ABF526B36B105A3821C9BD1C9F1390DB3D7B2B07D7C6A16AF3061CF2_analysis-10.csv;user-I301280;5;-1368454882;4;true;0.2040761844286179;0.0;Infinity;1;C
user-I301280_session-97AFC965ABF526B36B105A3821C9BD1C9F1390DB3D7B2B07D7C6A16AF3061CF2_analysis-10.csv;user-I301280;5;-1368454881;4;true;0.14808157546115303;0.0;Infinity;1;C
user-I301280_session-97AFC965ABF526B36B105A3821C9BD1C9F1390DB3D7B2B07D7C6A16AF3061CF2_analysis-10.csv;user-I301280;5;-1368433988;4;true;2.5206988003095447;0.0;Infinity;1;C
user-I301280_session-97AFC965ABF526B36B105A3821C9BD1C9F1390DB3D7B2B07D7C6A16AF3061CF2_analysis-10.csv;user-I301280;5;-1368454977;18;true;-1.1050792257497501;0.0;Infinity;1;C
user-I301280_session-97AFC965ABF526B36B105A3821C9BD1C9F1390DB3D7B2B07D7C6A16AF3061CF2_analysis-10.csv;user-I301280;5;-1368454875;3;true;0.3029201050573075;0.0;Infinity;1;C
user-I301280_session-97AFC965ABF526B36B105A3821C9BD1C9F1390DB3D7B2B07D7C6A16AF3061CF2_analysis-10.csv;user-I301280;5;-1368454876;3;true;0.20916000106639032;0.0;Infinity;1;C
user-I301280_session-97AFC965ABF526B36B105A3821C9BD1C9F1390DB3D7B2B07D7C6A16AF3061CF2_analysis-10.csv;user-I301280;5;-1368454877;3;true;0.27234457927870476;0.0;Infinity;1;C
user-I301280_session-97AFC965ABF526B36B105A3821C9BD1C9F1390DB3D7B2B07D7C6A16AF3061CF2_analysis-10.csv;user-I301280;5;-1368454878;3;true;0.23051203094503453;0.0;Infinity;1;C
user-I301280_session-97AFC965ABF526B36B105A3821C9BD1C9F1390DB3D7B2B07D7C6A16AF3061CF2_analysis-10.csv;user-I301280;5;-1368433990;3;true;2.0844347068367024;0.0;Infinity;1;C
user-I301280_session-97AFC965ABF526B36B105A3821C9BD1C9F1390DB3D7B2B07D7C6A16AF3061CF2_analysis-10.csv;user-I301280;5;-1368454879;2;true;0.18933311617907786;0.0;Infinity;1;C
user-I301280_session-97AFC965ABF526B36B105A3821C9BD1C9F1390DB3D7B2B07D7C6A16AF3061CF2_analysis-10.csv;user-I301280;5;-1368433989;3;true;2.472475168202675;0.0;Infinity;1;C
user-I301280_session-97AFC965ABF526B36B105A3821C9BD1C9F1390DB3D7B2B07D7C6A16AF3061CF2_analysis-10.csv;user-I301280;5;-1368454880;3;true;0.1365340490982128;0.0;Infinity;1;C
user-I301280_session-97AFC965ABF526B36B105A3821C9BD1C9F1390DB3D7B2B07D7C6A16AF3061CF2_analysis-10.csv;user-I301280;5;-1368434012;3;true;1.608589469541203;0.0;Infinity;1;C
user-I301280_session-97AFC965ABF526B36B105A3821C9BD1C9F1390DB3D7B2B07D7C6A16AF3061CF2_analysis-10.csv;user-I301280;5;-1368434015;3;true;1.5788128292342503;0.0;Infinity;1;C
user-I301280_session-97AFC965ABF526B36B105A3821C9BD1C9F1390DB3D7B2B07D7C6A16AF3061CF2_analysis-10.csv;user-I301280;5;-1368434016;3;true;1.2765436171426954;0.0;Infinity;1;C
user-I301280_session-97AFC965ABF526B36B105A3821C9BD1C9F1390DB3D7B2B07D7C6A16AF3061CF2_analysis-10.csv;user-I301280;5;-1368434013;3;true;2.0038199001520254;0.0;Infinity;1;C
user-I301280_session-97AFC965ABF526B36B105A3821C9BD1C9F1390DB3D7B2B07D7C6A16AF3061CF2_analysis-10.csv;user-I301280;5;-1368434014;2;true;1.8692440111549922;0.0;Infinity;1;C
user-I301280_session-97AFC965ABF526B36B105A3821C9BD1C9F1390DB3D7B2B07D7C6A16AF3061CF2_analysis-10.csv;user-I301280;5;-1368454945;3;true;-0.9446484978520461;0.0;Infinity;1;C
user-I301280_session-97AFC965ABF526B36B105A3821C9BD1C9F1390DB3D7B2B07D7C6A16AF3061CF2_analysis-10.csv;user-I301280;5;-1368454946;2;true;-0.977765931949535;0.0;Infinity;1;C
user-I301280_session-97AFC965ABF526B36B105A3821C9BD1C9F1390DB3D7B2B07D7C6A16AF3061CF2_analysis-10.csv;user-I301280;5;-1368454974;2;true;-1.1007216686316594;0.0;Infinity;1;C
user-I301280_session-97AFC965ABF526B36B105A3821C9BD1C9F1390DB3D7B2B07D7C6A16AF3061CF2_analysis-10.csv;user-I301280;5;-1368454973;3;true;-1.0880121270372285;0.0;Infinity;1;C
user-I301280_session-97AFC965ABF526B36B105A3821C9BD1C9F1390DB3D7B2B07D7C6A16AF3061CF2_analysis-10.csv;user-I301280;5;-1368454976;2;true;-1.1096546607237454;0.0;Infinity;1;C
user-I301280_session-97AFC965ABF526B36B105A3821C9BD1C9F1390DB3D7B2B07D7C6A16AF3061CF2_analysis-10.csv;user-I301280;5;-1368454975;3;true;-1.107911637876509;0.0;Infinity;1;C
user-I301280_session-97AFC965ABF526B36B105A3821C9BD1C9F1390DB3D7B2B07D7C6A16AF3061CF2_analysis-10.csv;user-I301280;5;-1368454970;3;true;-1.0412410139697221;0.0;Infinity;1;C
user-I301280_session-97AFC965ABF526B36B105A3821C9BD1C9F1390DB3D7B2B07D7C6A16AF3061CF2_analysis-10.csv;user-I301280;5;-1368454969;2;true;-1.023956037401296;0.0;Infinity;1;C
user-I301280_session-97AFC965ABF526B36B105A3821C9BD1C9F1390DB3D7B2B07D7C6A16AF3061CF2_analysis-10.csv;user-I301280;5;-1368454972;3;true;-1.072760677123911;0.0;Infinity;1;C
user-I301280_session-97AFC965ABF526B36B105A3821C9BD1C9F1390DB3D7B2B07D7C6A16AF3061CF2_analysis-10.csv;user-I301280;5;-1368454971;3;true;-1.053079044140535;0.0;Infinity;1;C
user-I301280_session-97AFC965ABF526B36B105A3821C9BD1C9F1390DB3D7B2B07D7C6A16AF3061CF2_analysis-10.csv;user-I301280;5;-1368454968;3;true;-1.002749259426588;0.0;Infinity;1;C
user-I301280_session-97AFC965ABF526B36B105A3821C9BD1C9F1390DB3D7B2B07D7C6A16AF3061CF2_analysis-10.csv;user-I301280;5;-1368454915;3;true;-0.4776636266966645;0.0;Infinity;1;C
user-I301280_session-97AFC965ABF526B36B105A3821C9BD1C9F1390DB3D7B2B07D7C6A16AF3061CF2_analysis-10.csv;user-I301280;5;-1368454913;3;true;-0.3844119043695246;0.0;Infinity;1;C
user-I301280_session-97AFC965ABF526B36B105A3821C9BD1C9F1390DB3D7B2B07D7C6A16AF3061CF2_analysis-10.csv;user-I301280;5;-1368454914;3;true;-0.3947247895490058;0.0;Infinity;1;C
user-I301280_session-97AFC965ABF526B36B105A3821C9BD1C9F1390DB3D7B2B07D7C6A16AF3061CF2_analysis-10.csv;user-I301280;5;-1368454944;3;true;-0.9050673540293893;0.0;Infinity;1;C
user-I301280_session-97AFC965ABF526B36B105A3821C9BD1C9F1390DB3D7B2B07D7C6A16AF3061CF2_analysis-10.csv;user-I301280;5;-1368454943;3;true;-0.8530671724201742;0.0;Infinity;1;C
user-I301280_session-97AFC965ABF526B36B105A3821C9BD1C9F1390DB3D7B2B07D7C6A16AF3061CF2_analysis-10.csv;user-I301280;5;-1368454942;3;true;-0.7694747017048018;0.0;Infinity;1;C
user-I301280_session-97AFC965ABF526B36B105A3821C9BD1C9F1390DB3D7B2B07D7C6A16AF3061CF2_analysis-10.csv;user-I301280;5;-1368454941;2;true;-0.7375919087907719;0.0;Infinity;1;C
user-I301280_session-97AFC965ABF526B36B105A3821C9BD1C9F1390DB3D7B2B07D7C6A16AF3061CF2_analysis-10.csv;user-I301280;5;-1368454940;3;true;-0.6453569497911864;0.0;Infinity;1;C
user-I301280_session-97AFC965ABF526B36B105A3821C9BD1C9F1390DB3D7B2B07D7C6A16AF3061CF2_analysis-10.csv;user-I301280;5;-1368454939;3;true;-0.6375859729305915;0.0;Infinity;1;C
user-I301280_session-97AFC965ABF526B36B105A3821C9BD1C9F1390DB3D7B2B07D7C6A16AF3061CF2_analysis-10.csv;user-I301280;5;-1368454938;2;true;-0.623060782536956;0.0;Infinity;1;C
user-I301280_session-97AFC965ABF526B36B105A3821C9BD1C9F1390DB3D7B2B07D7C6A16AF3061CF2_analysis-10.csv;user-I301280;5;-1368454937;3;true;-0.5576974257655962;0.0;Infinity;1;C
user-I301280_session-97AFC965ABF526B36B105A3821C9BD1C9F1390DB3D7B2B07D7C6A16AF3061CF2_analysis-10.csv;user-I301280;6;-1368454907;3;true;0.07349472278983471;0.0;Infinity;1;C
user-I301280_session-97AFC965ABF526B36B105A3821C9BD1C9F1390DB3D7B2B07D7C6A16AF3061CF2_analysis-10.csv;user-I301280;6;-1368434018;2;true;0.7135472374853833;0.0;Infinity;1;C
user-I301280_session-97AFC965ABF526B36B105A3821C9BD1C9F1390DB3D7B2B07D7C6A16AF3061CF2_analysis-10.csv;user-I301280;6;-1368454908;3;true;-0.11867354611796303;0.0;Infinity;1;C
user-I301280_session-97AFC965ABF526B36B105A3821C9BD1C9F1390DB3D7B2B07D7C6A16AF3061CF2_analysis-10.csv;user-I301280;6;-1368434017;2;true;0.9805202369204038;0.0;Infinity;1;C
user-I301280_session-97AFC965ABF526B36B105A3821C9BD1C9F1390DB3D7B2B07D7C6A16AF3061CF2_analysis-10.csv;user-I301280;6;-1368434020;3;true;0.3999483768867927;0.0;Infinity;1;C
user-I301280_session-97AFC965ABF526B36B105A3821C9BD1C9F1390DB3D7B2B07D7C6A16AF3061CF2_analysis-10.csv;user-I301280;6;-1368454906;3;true;0.2018247799176044;0.0;Infinity;1;C
user-I301280_session-97AFC965ABF526B36B105A3821C9BD1C9F1390DB3D7B2B07D7C6A16AF3061CF2_analysis-10.csv;user-I301280;6;-1368434019;3;true;0.4295797652898091;0.0;Infinity;1;C
user-I301280_session-97AFC965ABF526B36B105A3821C9BD1C9F1390DB3D7B2B07D7C6A16AF3061CF2_analysis-10.csv;user-I301280;6;-1368454911;3;true;-0.29079705228254377;0.0;Infinity;1;C
user-I301280_session-97AFC965ABF526B36B105A3821C9BD1C9F1390DB3D7B2B07D7C6A16AF3061CF2_analysis-10.csv;user-I301280;6;-1368454912;3;true;-0.3193390514060375;0.0;Infinity;1;C
user-I301280_session-97AFC965ABF526B36B105A3821C9BD1C9F1390DB3D7B2B07D7C6A16AF3061CF2_analysis-10.csv;user-I301280;6;-1368434021;3;true;0.4393116428535449;0.0;Infinity;1;C
user-I301280_session-97AFC965ABF526B36B105A3821C9BD1C9F1390DB3D7B2B07D7C6A16AF3061CF2_analysis-10.csv;user-I301280;6;-1368454909;3;true;-0.24940025966068258;0.0;Infinity;1;C
user-I301280_session-97AFC965ABF526B36B105A3821C9BD1C9F1390DB3D7B2B07D7C6A16AF3061CF2_analysis-10.csv;user-I301280;6;-1368454910;2;true;-0.27590873212906736;0.0;Infinity;1;C
user-I301280_session-97AFC965ABF526B36B105A3821C9BD1C9F1390DB3D7B2B07D7C6A16AF3061CF2_analysis-10.csv;user-I301280;6;-1368454884;3;true;0.25113780130399693;0.0;Infinity;1;C
user-I301280_session-97AFC965ABF526B36B105A3821C9BD1C9F1390DB3D7B2B07D7C6A16AF3061CF2_analysis-10.csv;user-I301280;6;-1368454883;3;true;0.27045630452753217;0.0;Infinity;1;C
user-I301280_session-97AFC965ABF526B36B105A3821C9BD1C9F1390DB3D7B2B07D7C6A16AF3061CF2_analysis-10.csv;user-I301280;6;-1368454882;2;true;0.2040761844286179;0.0;Infinity;1;C
user-I301280_session-97AFC965ABF526B36B105A3821C9BD1C9F1390DB3D7B2B07D7C6A16AF3061CF2_analysis-10.csv;user-I301280;6;-1368454881;3;true;0.14808157546115303;0.0;Infinity;1;C
user-I301280_session-97AFC965ABF526B36B105A3821C9BD1C9F1390DB3D7B2B07D7C6A16AF3061CF2_analysis-10.csv;user-I301280;6;-1368433988;2;true;2.5206988003095447;0.0;Infinity;1;C
user-I301280_session-97AFC965ABF526B36B105A3821C9BD1C9F1390DB3D7B2B07D7C6A16AF3061CF2_analysis-10.csv;user-I301280;6;-1368454977;3;true;-1.1050792257497501;0.0;Infinity;1;C
user-I301280_session-97AFC965ABF526B36B105A3821C9BD1C9F1390DB3D7B2B07D7C6A16AF3061CF2_analysis-10.csv;user-I301280;6;-1368454875;2;true;0.3029201050573075;0.0;Infinity;1;C
user-I301280_session-97AFC965ABF526B36B105A3821C9BD1C9F1390DB3D7B2B07D7C6A16AF3061CF2_analysis-10.csv;user-I301280;6;-1368454876;3;true;0.20916000106639032;0.0;Infinity;1;C
user-I301280_session-97AFC965ABF526B36B105A3821C9BD1C9F1390DB3D7B2B07D7C6A16AF3061CF2_analysis-10.csv;user-I301280;6;-1368454877;3;true;0.27234457927870476;0.0;Infinity;1;C
user-I301280_session-97AFC965ABF526B36B105A3821C9BD1C9F1390DB3D7B2B07D7C6A16AF3061CF2_analysis-10.csv;user-I301280;6;-1368454878;3;true;0.23051203094503453;0.0;Infinity;1;C
user-I301280_session-97AFC965ABF526B36B105A3821C9BD1C9F1390DB3D7B2B07D7C6A16AF3061CF2_analysis-10.csv;user-I301280;6;-1368433990;3;true;2.0844347068367024;0.0;Infinity;1;C
user-I301280_session-97AFC965ABF526B36B105A3821C9BD1C9F1390DB3D7B2B07D7C6A16AF3061CF2_analysis-10.csv;user-I301280;6;-1368454879;3;true;0.18933311617907786;0.0;Infinity;1;C
user-I301280_session-97AFC965ABF526B36B105A3821C9BD1C9F1390DB3D7B2B07D7C6A16AF3061CF2_analysis-10.csv;user-I301280;6;-1368433989;3;true;2.472475168202675;0.0;Infinity;1;C
user-I301280_session-97AFC965ABF526B36B105A3821C9BD1C9F1390DB3D7B2B07D7C6A16AF3061CF2_analysis-10.csv;user-I301280;6;-1368454880;3;true;0.1365340490982128;0.0;Infinity;1;C
user-I301280_session-97AFC965ABF526B36B105A3821C9BD1C9F1390DB3D7B2B07D7C6A16AF3061CF2_analysis-10.csv;user-I301280;6;-1368434012;3;true;1.608589469541203;0.0;Infinity;1;C
user-I301280_session-97AFC965ABF526B36B105A3821C9BD1C9F1390DB3D7B2B07D7C6A16AF3061CF2_analysis-10.csv;user-I301280;6;-1368434015;3;true;1.5788128292342503;0.0;Infinity;1;C
user-I301280_session-97AFC965ABF526B36B105A3821C9BD1C9F1390DB3D7B2B07D7C6A16AF3061CF2_analysis-10.csv;user-I301280;6;-1368434016;3;true;1.2765436171426954;0.0;Infinity;1;C
user-I301280_session-97AFC965ABF526B36B105A3821C9BD1C9F1390DB3D7B2B07D7C6A16AF3061CF2_analysis-10.csv;user-I301280;6;-1368434013;3;true;2.0038199001520254;0.0;Infinity;1;C
user-I301280_session-97AFC965ABF526B36B105A3821C9BD1C9F1390DB3D7B2B07D7C6A16AF3061CF2_analysis-10.csv;user-I301280;6;-1368434014;3;true;1.8692440111549922;0.0;Infinity;1;C
user-I301280_session-97AFC965ABF526B36B105A3821C9BD1C9F1390DB3D7B2B07D7C6A16AF3061CF2_analysis-10.csv;user-I301280;6;-1368454945;2;true;-0.9446484978520461;0.0;Infinity;1;C
user-I301280_session-97AFC965ABF526B36B105A3821C9BD1C9F1390DB3D7B2B07D7C6A16AF3061CF2_analysis-10.csv;user-I301280;6;-1368454946;3;true;-0.977765931949535;0.0;Infinity;1;C
user-I301280_session-97AFC965ABF526B36B105A3821C9BD1C9F1390DB3D7B2B07D7C6A16AF3061CF2_analysis-10.csv;user-I301280;6;-1368454974;3;true;-1.1007216686316594;0.0;Infinity;1;C
user-I301280_session-97AFC965ABF526B36B105A3821C9BD1C9F1390DB3D7B2B07D7C6A16AF3061CF2_analysis-10.csv;user-I301280;6;-1368454973;2;true;-1.0880121270372285;0.0;Infinity;1;C
user-I301280_session-97AFC965ABF526B36B105A3821C9BD1C9F1390DB3D7B2B07D7C6A16AF3061CF2_analysis-10.csv;user-I301280;6;-1368454976;3;true;-1.1096546607237454;0.0;Infinity;1;C
user-I301280_session-97AFC965ABF526B36B105A3821C9BD1C9F1390DB3D7B2B07D7C6A16AF3061CF2_analysis-10.csv;user-I301280;6;-1368454975;2;true;-1.107911637876509;0.0;Infinity;1;C
user-I301280_session-97AFC965ABF526B36B105A3821C9BD1C9F1390DB3D7B2B07D7C6A16AF3061CF2_analysis-10.csv;user-I301280;6;-1368454970;3;true;-1.0412410139697221;0.0;Infinity;1;C
user-I301280_session-97AFC965ABF526B36B105A3821C9BD1C9F1390DB3D7B2B07D7C6A16AF3061CF2_analysis-10.csv;user-I301280;6;-1368454969;4;true;-1.023956037401296;0.0;Infinity;1;C
user-I301280_session-97AFC965ABF526B36B105A3821C9BD1C9F1390DB3D7B2B07D7C6A16AF3061CF2_analysis-10.csv;user-I301280;6;-1368454972;3;true;-1.072760677123911;0.0;Infinity;1;C
user-I301280_session-97AFC965ABF526B36B105A3821C9BD1C9F1390DB3D7B2B07D7C6A16AF3061CF2_analysis-10.csv;user-I301280;6;-1368454971;4;true;-1.053079044140535;0.0;Infinity;1;C
user-I301280_session-97AFC965ABF526B36B105A3821C9BD1C9F1390DB3D7B2B07D7C6A16AF3061CF2_analysis-10.csv;user-I301280;6;-1368454968;4;true;-1.002749259426588;0.0;Infinity;1;C
user-I301280_session-97AFC965ABF526B36B105A3821C9BD1C9F1390DB3D7B2B07D7C6A16AF3061CF2_analysis-10.csv;user-I301280;6;-1368454915;3;true;-0.4776636266966645;0.0;Infinity;1;C
user-I301280_session-97AFC965ABF526B36B105A3821C9BD1C9F1390DB3D7B2B07D7C6A16AF3061CF2_analysis-10.csv;user-I301280;6;-1368454913;4;true;-0.3844119043695246;0.0;Infinity;1;C
user-I301280_session-97AFC965ABF526B36B105A3821C9BD1C9F1390DB3D7B2B07D7C6A16AF3061CF2_analysis-10.csv;user-I301280;6;-1368454914;3;true;-0.3947247895490058;0.0;Infinity;1;C
user-I301280_session-97AFC965ABF526B36B105A3821C9BD1C9F1390DB3D7B2B07D7C6A16AF3061CF2_analysis-10.csv;user-I301280;6;-1368454944;3;true;-0.9050673540293893;0.0;Infinity;1;C
user-I301280_session-97AFC965ABF526B36B105A3821C9BD1C9F1390DB3D7B2B07D7C6A16AF3061CF2_analysis-10.csv;user-I301280;6;-1368454943;3;true;-0.8530671724201742;0.0;Infinity;1;C
user-I301280_session-97AFC965ABF526B36B105A3821C9BD1C9F1390DB3D7B2B07D7C6A16AF3061CF2_analysis-10.csv;user-I301280;6;-1368454942;3;true;-0.7694747017048018;0.0;Infinity;1;C
user-I301280_session-97AFC965ABF526B36B105A3821C9BD1C9F1390DB3D7B2B07D7C6A16AF3061CF2_analysis-10.csv;user-I301280;6;-1368454941;3;true;-0.7375919087907719;0.0;Infinity;1;C
user-I301280_session-97AFC965ABF526B36B105A3821C9BD1C9F1390DB3D7B2B07D7C6A16AF3061CF2_analysis-10.csv;user-I301280;6;-1368454940;3;true;-0.6453569497911864;0.0;Infinity;1;C
user-I301280_session-97AFC965ABF526B36B105A3821C9BD1C9F1390DB3D7B2B07D7C6A16AF3061CF2_analysis-10.csv;user-I301280;6;-1368454939;3;true;-0.6375859729305915;0.0;Infinity;1;C
user-I301280_session-97AFC965ABF526B36B105A3821C9BD1C9F1390DB3D7B2B07D7C6A16AF3061CF2_analysis-10.csv;user-I301280;6;-1368454938;3;true;-0.623060782536956;0.0;Infinity;1;C
user-I301280_session-97AFC965ABF526B36B105A3821C9BD1C9F1390DB3D7B2B07D7C6A16AF3061CF2_analysis-10.csv;user-I301280;6;-1368454937;3;true;-0.5576974257655962;0.0;Infinity;1;C
user-I301280_session-97AFC965ABF526B36B105A3821C9BD1C9F1390DB3D7B2B07D7C6A16AF3061CF2_analysis-10.csv;user-I301280;7;979474693;3;true;0.18031110074864348;0.0;Infinity;1;C
user-I301280_session-97AFC965ABF526B36B105A3821C9BD1C9F1390DB3D7B2B07D7C6A16AF3061CF2_analysis-10.csv;user-I301280;7;979474692;3;true;0.3197435905531501;0.0;Infinity;1;C
user-I301280_session-97AFC965ABF526B36B105A3821C9BD1C9F1390DB3D7B2B07D7C6A16AF3061CF2_analysis-10.csv;user-I301280;7;979474695;3;true;0.2500273456508968;0.0;Infinity;1;C
user-I301280_session-97AFC965ABF526B36B105A3821C9BD1C9F1390DB3D7B2B07D7C6A16AF3061CF2_analysis-10.csv;user-I301280;7;979474694;2;true;0.2822040740673214;0.0;Infinity;1;C
user-I301280_session-97AFC965ABF526B36B105A3821C9BD1C9F1390DB3D7B2B07D7C6A16AF3061CF2_analysis-10.csv;user-I301280;7;979474689;3;true;0.4538132922882526;0.0;Infinity;1;C
user-I301280_session-97AFC965ABF526B36B105A3821C9BD1C9F1390DB3D7B2B07D7C6A16AF3061CF2_analysis-10.csv;user-I301280;7;979474688;3;true;-0.03956321009692468;0.0;Infinity;1;C
user-I301280_session-97AFC965ABF526B36B105A3821C9BD1C9F1390DB3D7B2B07D7C6A16AF3061CF2_analysis-10.csv;user-I301280;7;979474691;3;true;0.2124878291650681;0.0;Infinity;1;C
user-I301280_session-97AFC965ABF526B36B105A3821C9BD1C9F1390DB3D7B2B07D7C6A16AF3061CF2_analysis-10.csv;user-I301280;7;979474690;2;true;-0.24871194480368464;0.0;Infinity;1;C
user-I301280_session-97AFC965ABF526B36B105A3821C9BD1C9F1390DB3D7B2B07D7C6A16AF3061CF2_analysis-10.csv;user-I301280;7;979495551;3;true;0.2982924382755337;0.0;Infinity;1;C
user-I301280_session-97AFC965ABF526B36B105A3821C9BD1C9F1390DB3D7B2B07D7C6A16AF3061CF2_analysis-10.csv;user-I301280;7;979495550;2;true;0.13740879619341068;0.0;Infinity;1;C
user-I301280_session-97AFC965ABF526B36B105A3821C9BD1C9F1390DB3D7B2B07D7C6A16AF3061CF2_analysis-10.csv;user-I301280;7;979495549;3;true;0.08914370356877376;0.0;Infinity;1;C
user-I301280_session-97AFC965ABF526B36B105A3821C9BD1C9F1390DB3D7B2B07D7C6A16AF3061CF2_analysis-10.csv;user-I301280;7;979474596;2;true;-1.1979254330882105;0.0;Infinity;1;C
user-I301280_session-97AFC965ABF526B36B105A3821C9BD1C9F1390DB3D7B2B07D7C6A16AF3061CF2_analysis-10.csv;user-I301280;7;979474597;3;true;-1.17111149274119;0.0;Infinity;1;C
user-I301280_session-97AFC965ABF526B36B105A3821C9BD1C9F1390DB3D7B2B07D7C6A16AF3061CF2_analysis-10.csv;user-I301280;7;979474598;3;true;-1.1389347643247654;0.0;Infinity;1;C
user-I301280_session-97AFC965ABF526B36B105A3821C9BD1C9F1390DB3D7B2B07D7C6A16AF3061CF2_analysis-10.csv;user-I301280;7;979474599;2;true;-1.1282091881859573;0.0;Infinity;1;C
user-I301280_session-97AFC965ABF526B36B105A3821C9BD1C9F1390DB3D7B2B07D7C6A16AF3061CF2_analysis-10.csv;user-I301280;7;979474593;3;true;-1.2301021615046352;0.0;Infinity;1;C
user-I301280_session-97AFC965ABF526B36B105A3821C9BD1C9F1390DB3D7B2B07D7C6A16AF3061CF2_analysis-10.csv;user-I301280;7;979474594;2;true;-1.219376585365827;0.0;Infinity;1;C
user-I301280_session-97AFC965ABF526B36B105A3821C9BD1C9F1390DB3D7B2B07D7C6A16AF3061CF2_analysis-10.csv;user-I301280;7;979474595;3;true;-1.224739373435231;0.0;Infinity;1;C
user-I301280_session-97AFC965ABF526B36B105A3821C9BD1C9F1390DB3D7B2B07D7C6A16AF3061CF2_analysis-10.csv;user-I301280;7;979474600;3;true;-1.1282091881859573;0.0;Infinity;1;C
user-I301280_session-97AFC965ABF526B36B105A3821C9BD1C9F1390DB3D7B2B07D7C6A16AF3061CF2_analysis-10.csv;user-I301280;7;979474601;3;true;-1.1013952478389368;0.0;Infinity;1;C
user-I301280_session-97AFC965ABF526B36B105A3821C9BD1C9F1390DB3D7B2B07D7C6A16AF3061CF2_analysis-10.csv;user-I301280;7;979474602;3;true;-1.1067580359083409;0.0;Infinity;1;C
user-I301280_session-97AFC965ABF526B36B105A3821C9BD1C9F1390DB3D7B2B07D7C6A16AF3061CF2_analysis-10.csv;user-I301280;7;979495580;3;true;1.9661195278602093;0.0;Infinity;1;C
user-I301280_session-97AFC965ABF526B36B105A3821C9BD1C9F1390DB3D7B2B07D7C6A16AF3061CF2_analysis-10.csv;user-I301280;7;979495581;3;true;2.266435659746839;0.0;Infinity;1;C
user-I301280_session-97AFC965ABF526B36B105A3821C9BD1C9F1390DB3D7B2B07D7C6A16AF3061CF2_analysis-10.csv;user-I301280;7;979495582;3;true;2.2986123881632636;0.0;Infinity;1;C
user-I301280_session-97AFC965ABF526B36B105A3821C9BD1C9F1390DB3D7B2B07D7C6A16AF3061CF2_analysis-10.csv;user-I301280;7;979474655;3;true;0.2929296502061296;0.0;Infinity;1;C
user-I301280_session-97AFC965ABF526B36B105A3821C9BD1C9F1390DB3D7B2B07D7C6A16AF3061CF2_analysis-10.csv;user-I301280;7;979495557;2;true;2.234258931330414;0.0;Infinity;1;C
user-I301280_session-97AFC965ABF526B36B105A3821C9BD1C9F1390DB3D7B2B07D7C6A16AF3061CF2_analysis-10.csv;user-I301280;7;979474626;3;true;-1.004865062589663;0.0;Infinity;1;C
user-I301280_session-97AFC965ABF526B36B105A3821C9BD1C9F1390DB3D7B2B07D7C6A16AF3061CF2_analysis-10.csv;user-I301280;7;979474627;2;true;-0.8600697847157521;0.0;Infinity;1;C
user-I301280_session-97AFC965ABF526B36B105A3821C9BD1C9F1390DB3D7B2B07D7C6A16AF3061CF2_analysis-10.csv;user-I301280;7;979495556;3;true;1.6604406079041754;0.0;Infinity;1;C
user-I301280_session-97AFC965ABF526B36B105A3821C9BD1C9F1390DB3D7B2B07D7C6A16AF3061CF2_analysis-10.csv;user-I301280;7;979474624;2;true;-1.117483612047149;0.0;Infinity;1;C
user-I301280_session-97AFC965ABF526B36B105A3821C9BD1C9F1390DB3D7B2B07D7C6A16AF3061CF2_analysis-10.csv;user-I301280;7;979495558;3;true;2.0894636534565034;0.0;Infinity;1;C
user-I301280_session-97AFC965ABF526B36B105A3821C9BD1C9F1390DB3D7B2B07D7C6A16AF3061CF2_analysis-10.csv;user-I301280;7;979474625;3;true;-1.1282091881859573;0.0;Infinity;1;C
user-I301280_session-97AFC965ABF526B36B105A3821C9BD1C9F1390DB3D7B2B07D7C6A16AF3061CF2_analysis-10.csv;user-I301280;7;979474630;2;true;-0.6133815335231635;0.0;Infinity;1;C
user-I301280_session-97AFC965ABF526B36B105A3821C9BD1C9F1390DB3D7B2B07D7C6A16AF3061CF2_analysis-10.csv;user-I301280;7;979495553;3;true;1.0115432515062792;0.0;Infinity;1;C
user-I301280_session-97AFC965ABF526B36B105A3821C9BD1C9F1390DB3D7B2B07D7C6A16AF3061CF2_analysis-10.csv;user-I301280;7;979474631;3;true;-0.5597536528291225;0.0;Infinity;1;C
user-I301280_session-97AFC965ABF526B36B105A3821C9BD1C9F1390DB3D7B2B07D7C6A16AF3061CF2_analysis-10.csv;user-I301280;7;979495552;2;true;0.7594922122442864;0.0;Infinity;1;C
user-I301280_session-97AFC965ABF526B36B105A3821C9BD1C9F1390DB3D7B2B07D7C6A16AF3061CF2_analysis-10.csv;user-I301280;7;979474628;3;true;-0.7957163278829029;0.0;Infinity;1;C
user-I301280_session-97AFC965ABF526B36B105A3821C9BD1C9F1390DB3D7B2B07D7C6A16AF3061CF2_analysis-10.csv;user-I301280;7;979495555;3;true;1.2582315026988677;0.0;Infinity;1;C
user-I301280_session-97AFC965ABF526B36B105A3821C9BD1C9F1390DB3D7B2B07D7C6A16AF3061CF2_analysis-10.csv;user-I301280;7;979474629;3;true;-0.6187443215925676;0.0;Infinity;1;C
user-I301280_session-97AFC965ABF526B36B105A3821C9BD1C9F1390DB3D7B2B07D7C6A16AF3061CF2_analysis-10.csv;user-I301280;7;979495554;3;true;1.1241618009637653;0.0;Infinity;1;C
user-I301280_session-97AFC965ABF526B36B105A3821C9BD1C9F1390DB3D7B2B07D7C6A16AF3061CF2_analysis-10.csv;user-I301280;7;979474632;3;true;-0.31842818970593795;0.0;Infinity;1;C
user-I301280_session-97AFC965ABF526B36B105A3821C9BD1C9F1390DB3D7B2B07D7C6A16AF3061CF2_analysis-10.csv;user-I301280;7;979474633;3;true;0.02479024673592454;0.0;Infinity;1;C
user-I301280_session-97AFC965ABF526B36B105A3821C9BD1C9F1390DB3D7B2B07D7C6A16AF3061CF2_analysis-10.csv;user-I301280;7;979474687;3;true;0.3251063786225542;0.0;Infinity;1;C
user-I301280_session-97AFC965ABF526B36B105A3821C9BD1C9F1390DB3D7B2B07D7C6A16AF3061CF2_analysis-10.csv;user-I301280;7;979474686;3;true;0.368008683177787;0.0;Infinity;1;C
user-I301280_session-97AFC965ABF526B36B105A3821C9BD1C9F1390DB3D7B2B07D7C6A16AF3061CF2_analysis-10.csv;user-I301280;7;979474656;3;true;0.07841812742996555;0.0;Infinity;1;C
user-I301280_session-97AFC965ABF526B36B105A3821C9BD1C9F1390DB3D7B2B07D7C6A16AF3061CF2_analysis-10.csv;user-I301280;7;979474657;2;true;-0.0020236936110959677;0.0;Infinity;1;C
user-I301280_session-97AFC965ABF526B36B105A3821C9BD1C9F1390DB3D7B2B07D7C6A16AF3061CF2_analysis-10.csv;user-I301280;7;979474658;3;true;-0.28088867322010924;0.0;Infinity;1;C
user-I301280_session-97AFC965ABF526B36B105A3821C9BD1C9F1390DB3D7B2B07D7C6A16AF3061CF2_analysis-10.csv;user-I301280;7;979474659;2;true;-0.37741885846938306;0.0;Infinity;1;C
user-I301280_session-97AFC965ABF526B36B105A3821C9BD1C9F1390DB3D7B2B07D7C6A16AF3061CF2_analysis-10.csv;user-I301280;7;979474660;3;true;-0.42568395109401996;0.0;Infinity;1;C
user-I301280_session-97AFC965ABF526B36B105A3821C9BD1C9F1390DB3D7B2B07D7C6A16AF3061CF2_analysis-10.csv;user-I301280;7;979474661;3;true;-0.10927945499917799;0.0;Infinity;1;C
user-I301280_session-97AFC965ABF526B36B105A3821C9BD1C9F1390DB3D7B2B07D7C6A16AF3061CF2_analysis-10.csv;user-I301280;7;979474662;3;true;0.11059485584639016;0.0;Infinity;1;C
user-I301280_session-97AFC965ABF526B36B105A3821C9BD1C9F1390DB3D7B2B07D7C6A16AF3061CF2_analysis-10.csv;user-I301280;7;979474663;2;true;0.12132043198519836;0.0;Infinity;1;C
user-I301280_session-97AFC965ABF526B36B105A3821C9BD1C9F1390DB3D7B2B07D7C6A16AF3061CF2_analysis-10.csv;user-I301280;7;979474664;3;true;-0.06637715044394518;0.0;Infinity;1;C
user-I301280_session-97AFC965ABF526B36B105A3821C9BD1C9F1390DB3D7B2B07D7C6A16AF3061CF2_analysis-10.csv;user-I301280;9;917515847;3;true;-0.9056890426839959;0.0;Infinity;1;C
user-I301280_session-97AFC965ABF526B36B105A3821C9BD1C9F1390DB3D7B2B07D7C6A16AF3061CF2_analysis-10.csv;user-I301280;9;917515846;2;true;-0.9537948807446314;0.0;Infinity;1;C
user-I301280_session-97AFC965ABF526B36B105A3821C9BD1C9F1390DB3D7B2B07D7C6A16AF3061CF2_analysis-10.csv;user-I301280;9;917515912;3;true;-0.07060176010015153;0.0;Infinity;1;C
user-I301280_session-97AFC965ABF526B36B105A3821C9BD1C9F1390DB3D7B2B07D7C6A16AF3061CF2_analysis-10.csv;user-I301280;9;917515845;3;true;-1.0710528610174304;0.0;Infinity;1;C
user-I301280_session-97AFC965ABF526B36B105A3821C9BD1C9F1390DB3D7B2B07D7C6A16AF3061CF2_analysis-10.csv;user-I301280;9;917515844;3;true;-1.1732777668962808;0.0;Infinity;1;C
user-I301280_session-97AFC965ABF526B36B105A3821C9BD1C9F1390DB3D7B2B07D7C6A16AF3061CF2_analysis-10.csv;user-I301280;9;917536766;3;true;0.07146079292266268;0.0;Infinity;1;C
user-I301280_session-97AFC965ABF526B36B105A3821C9BD1C9F1390DB3D7B2B07D7C6A16AF3061CF2_analysis-10.csv;user-I301280;9;917515843;2;true;-1.3138370124797;0.0;Infinity;1;C
user-I301280_session-97AFC965ABF526B36B105A3821C9BD1C9F1390DB3D7B2B07D7C6A16AF3061CF2_analysis-10.csv;user-I301280;9;917536767;3;true;0.13986128141512877;0.0;Infinity;1;C
user-I301280_session-97AFC965ABF526B36B105A3821C9BD1C9F1390DB3D7B2B07D7C6A16AF3061CF2_analysis-10.csv;user-I301280;9;917515842;2;true;-1.4055387662827865;0.0;Infinity;1;C
user-I301280_session-97AFC965ABF526B36B105A3821C9BD1C9F1390DB3D7B2B07D7C6A16AF3061CF2_analysis-10.csv;user-I301280;9;917515841;3;true;-1.5002471349646627;0.0;Infinity;1;C
user-I301280_session-97AFC965ABF526B36B105A3821C9BD1C9F1390DB3D7B2B07D7C6A16AF3061CF2_analysis-10.csv;user-I301280;9;917515906;2;true;-0.4381604290321946;0.0;Infinity;1;C
user-I301280_session-97AFC965ABF526B36B105A3821C9BD1C9F1390DB3D7B2B07D7C6A16AF3061CF2_analysis-10.csv;user-I301280;9;917515907;3;true;-0.025502536918305747;0.0;Infinity;1;C
user-I301280_session-97AFC965ABF526B36B105A3821C9BD1C9F1390DB3D7B2B07D7C6A16AF3061CF2_analysis-10.csv;user-I301280;9;917515904;3;true;-0.28106480161543185;0.0;Infinity;1;C
user-I301280_session-97AFC965ABF526B36B105A3821C9BD1C9F1390DB3D7B2B07D7C6A16AF3061CF2_analysis-10.csv;user-I301280;9;917515905;3;true;-0.44868358110795864;0.0;Infinity;1;C
user-I301280_session-97AFC965ABF526B36B105A3821C9BD1C9F1390DB3D7B2B07D7C6A16AF3061CF2_analysis-10.csv;user-I301280;9;917515910;2;true;-0.2622734586229961;0.0;Infinity;1;C
user-I301280_session-97AFC965ABF526B36B105A3821C9BD1C9F1390DB3D7B2B07D7C6A16AF3061CF2_analysis-10.csv;user-I301280;9;917515911;3;true;-0.24273046191086292;0.0;Infinity;1;C
user-I301280_session-97AFC965ABF526B36B105A3821C9BD1C9F1390DB3D7B2B07D7C6A16AF3061CF2_analysis-10.csv;user-I301280;9;917515850;2;true;-0.4855146133731327;0.0;Infinity;1;C
user-I301280_session-97AFC965ABF526B36B105A3821C9BD1C9F1390DB3D7B2B07D7C6A16AF3061CF2_analysis-10.csv;user-I301280;9;917515908;3;true;0.10077528799086244;0.0;Infinity;1;C
user-I301280_session-97AFC965ABF526B36B105A3821C9BD1C9F1390DB3D7B2B07D7C6A16AF3061CF2_analysis-10.csv;user-I301280;9;917515849;3;true;-0.610289130842906;0.0;Infinity;1;C
user-I301280_session-97AFC965ABF526B36B105A3821C9BD1C9F1390DB3D7B2B07D7C6A16AF3061CF2_analysis-10.csv;user-I301280;9;917515909;2;true;-0.27880984045633955;0.0;Infinity;1;C
user-I301280_session-97AFC965ABF526B36B105A3821C9BD1C9F1390DB3D7B2B07D7C6A16AF3061CF2_analysis-10.csv;user-I301280;9;917515848;4;true;-0.883139431093073;0.0;Infinity;1;C
user-I301280_session-97AFC965ABF526B36B105A3821C9BD1C9F1390DB3D7B2B07D7C6A16AF3061CF2_analysis-10.csv;user-I301280;9;917515877;3;true;-0.28482307021391895;0.0;Infinity;1;C
user-I301280_session-97AFC965ABF526B36B105A3821C9BD1C9F1390DB3D7B2B07D7C6A16AF3061CF2_analysis-10.csv;user-I301280;9;917515876;3;true;-0.18936304781234542;0.0;Infinity;1;C
user-I301280_session-97AFC965ABF526B36B105A3821C9BD1C9F1390DB3D7B2B07D7C6A16AF3061CF2_analysis-10.csv;user-I301280;9;917515879;3;true;-0.1487737469486842;0.0;Infinity;1;C
user-I301280_session-97AFC965ABF526B36B105A3821C9BD1C9F1390DB3D7B2B07D7C6A16AF3061CF2_analysis-10.csv;user-I301280;9;917515878;3;true;-0.20364446848659656;0.0;Infinity;1;C
user-I301280_session-97AFC965ABF526B36B105A3821C9BD1C9F1390DB3D7B2B07D7C6A16AF3061CF2_analysis-10.csv;user-I301280;9;917515873;3;true;-0.4592067331837227;0.0;Infinity;1;C
user-I301280_session-97AFC965ABF526B36B105A3821C9BD1C9F1390DB3D7B2B07D7C6A16AF3061CF2_analysis-10.csv;user-I301280;9;917515872;2;true;-0.46972988525948667;0.0;Infinity;1;C
user-I301280_session-97AFC965ABF526B36B105A3821C9BD1C9F1390DB3D7B2B07D7C6A16AF3061CF2_analysis-10.csv;user-I301280;9;917515875;3;true;-0.3178958338806059;0.0;Infinity;1;C
user-I301280_session-97AFC965ABF526B36B105A3821C9BD1C9F1390DB3D7B2B07D7C6A16AF3061CF2_analysis-10.csv;user-I301280;9;917515874;3;true;-0.40583931908520515;0.0;Infinity;1;C
user-I301280_session-97AFC965ABF526B36B105A3821C9BD1C9F1390DB3D7B2B07D7C6A16AF3061CF2_analysis-10.csv;user-I301280;9;917536797;2;true;2.2941008420679623;0.0;Infinity;1;C
user-I301280_session-97AFC965ABF526B36B105A3821C9BD1C9F1390DB3D7B2B07D7C6A16AF3061CF2_analysis-10.csv;user-I301280;9;917536798;3;true;2.5571796439620624;0.0;Infinity;1;C
user-I301280_session-97AFC965ABF526B36B105A3821C9BD1C9F1390DB3D7B2B07D7C6A16AF3061CF2_analysis-10.csv;user-I301280;9;917515881;2;true;-0.057823646865295224;0.0;Infinity;1;C
user-I301280_session-97AFC965ABF526B36B105A3821C9BD1C9F1390DB3D7B2B07D7C6A16AF3061CF2_analysis-10.csv;user-I301280;9;917515880;3;true;-0.005959540206172576;0.0;Infinity;1;C
user-I301280_session-97AFC965ABF526B36B105A3821C9BD1C9F1390DB3D7B2B07D7C6A16AF3061CF2_analysis-10.csv;user-I301280;9;917536773;2;true;1.9062475227040885;0.0;Infinity;1;C
user-I301280_session-97AFC965ABF526B36B105A3821C9BD1C9F1390DB3D7B2B07D7C6A16AF3061CF2_analysis-10.csv;user-I301280;9;917536772;3;true;1.5161392421811224;0.0;Infinity;1;C
user-I301280_session-97AFC965ABF526B36B105A3821C9BD1C9F1390DB3D7B2B07D7C6A16AF3061CF2_analysis-10.csv;user-I301280;9;917536775;2;true;2.1422667906890815;0.0;Infinity;1;C
user-I301280_session-97AFC965ABF526B36B105A3821C9BD1C9F1390DB3D7B2B07D7C6A16AF3061CF2_analysis-10.csv;user-I301280;9;917536774;3;true;2.0543233054844823;0.0;Infinity;1;C
user-I301280_session-97AFC965ABF526B36B105A3821C9BD1C9F1390DB3D7B2B07D7C6A16AF3061CF2_analysis-10.csv;user-I301280;9;917536769;3;true;0.40820165934711117;0.0;Infinity;1;C
user-I301280_session-97AFC965ABF526B36B105A3821C9BD1C9F1390DB3D7B2B07D7C6A16AF3061CF2_analysis-10.csv;user-I301280;9;917536768;2;true;0.26012587656671754;0.0;Infinity;1;C
user-I301280_session-97AFC965ABF526B36B105A3821C9BD1C9F1390DB3D7B2B07D7C6A16AF3061CF2_analysis-10.csv;user-I301280;9;917536771;3;true;0.8471674316504101;0.0;Infinity;1;C
user-I301280_session-97AFC965ABF526B36B105A3821C9BD1C9F1390DB3D7B2B07D7C6A16AF3061CF2_analysis-10.csv;user-I301280;9;917536770;42;true;0.5555257884078074;0.0;Infinity;1;C
user-I301280_session-97AFC965ABF526B36B105A3821C9BD1C9F1390DB3D7B2B07D7C6A16AF3061CF2_analysis-10.csv;user-I301280;9;917515903;3;true;0.039891336695370636;0.0;Infinity;1;C
