session ;user;query position;cell hashcode;cell computation time;novelty;outlierness;relevance;surprise;query label;session label
user-a_session-29AF06B372FD52129AAB65DA477E308EC73CF0D44087D05DA8D39C7BE425D30E_analysis-12.csv;user-a;1;-1410912196;4;true;NaN;0.0;Infinity;0;B
user-a_session-29AF06B372FD52129AAB65DA477E308EC73CF0D44087D05DA8D39C7BE425D30E_analysis-12.csv;user-a;2;-1227024036;3;true;NaN;0.0;Infinity;0;B
user-a_session-29AF06B372FD52129AAB65DA477E308EC73CF0D44087D05DA8D39C7BE425D30E_analysis-12.csv;user-a;3;-1430571290;3;true;NaN;0.0;Infinity;0;B
user-a_session-29AF06B372FD52129AAB65DA477E308EC73CF0D44087D05DA8D39C7BE425D30E_analysis-12.csv;user-a;4;-1410912196;2;true;NaN;0.0;Infinity;0;B
user-a_session-29AF06B372FD52129AAB65DA477E308EC73CF0D44087D05DA8D39C7BE425D30E_analysis-12.csv;user-a;5;422600190;5;true;3.7895818809820834;0.0;Infinity;0;B
user-a_session-29AF06B372FD52129AAB65DA477E308EC73CF0D44087D05DA8D39C7BE425D30E_analysis-12.csv;user-a;5;762029457;5;true;-0.3368273061315541;0.0;Infinity;0;B
user-a_session-29AF06B372FD52129AAB65DA477E308EC73CF0D44087D05DA8D39C7BE425D30E_analysis-12.csv;user-a;5;824200792;5;true;-0.06824445963303329;0.0;Infinity;0;B
user-a_session-29AF06B372FD52129AAB65DA477E308EC73CF0D44087D05DA8D39C7BE425D30E_analysis-12.csv;user-a;5;-145553004;5;true;-0.5077436629942491;0.0;Infinity;0;B
user-a_session-29AF06B372FD52129AAB65DA477E308EC73CF0D44087D05DA8D39C7BE425D30E_analysis-12.csv;user-a;5;743059692;6;true;-0.5809935302211184;0.0;Infinity;0;B
user-a_session-29AF06B372FD52129AAB65DA477E308EC73CF0D44087D05DA8D39C7BE425D30E_analysis-12.csv;user-a;5;-1416841022;5;true;1.9339185779013945;0.0;Infinity;0;B
user-a_session-29AF06B372FD52129AAB65DA477E308EC73CF0D44087D05DA8D39C7BE425D30E_analysis-12.csv;user-a;5;1152175049;6;true;-0.5321602854032056;0.0;Infinity;0;B
user-a_session-29AF06B372FD52129AAB65DA477E308EC73CF0D44087D05DA8D39C7BE425D30E_analysis-12.csv;user-a;5;-1332160912;6;true;0.786337324680442;0.0;Infinity;0;B
user-a_session-29AF06B372FD52129AAB65DA477E308EC73CF0D44087D05DA8D39C7BE425D30E_analysis-12.csv;user-a;5;754766066;6;true;1.9339185779013945;0.0;Infinity;0;B
user-a_session-29AF06B372FD52129AAB65DA477E308EC73CF0D44087D05DA8D39C7BE425D30E_analysis-12.csv;user-a;5;-1227665764;8;true;-0.1414943268599026;0.0;Infinity;0;B
user-a_session-29AF06B372FD52129AAB65DA477E308EC73CF0D44087D05DA8D39C7BE425D30E_analysis-12.csv;user-a;5;-1754401764;10;true;4.302330951570169;0.0;Infinity;0;B
user-a_session-29AF06B372FD52129AAB65DA477E308EC73CF0D44087D05DA8D39C7BE425D30E_analysis-12.csv;user-a;5;2043925161;6;true;-0.5321602854032056;0.0;Infinity;0;B
user-a_session-29AF06B372FD52129AAB65DA477E308EC73CF0D44087D05DA8D39C7BE425D30E_analysis-12.csv;user-a;5;43173428;7;true;0.12708851963861822;0.0;Infinity;0;B
user-a_session-29AF06B372FD52129AAB65DA477E308EC73CF0D44087D05DA8D39C7BE425D30E_analysis-12.csv;user-a;5;1886440242;6;true;-0.019411214815120408;0.0;Infinity;0;B
user-a_session-29AF06B372FD52129AAB65DA477E308EC73CF0D44087D05DA8D39C7BE425D30E_analysis-12.csv;user-a;5;328357439;6;true;-0.5565769078121621;0.0;Infinity;0;B
user-a_session-29AF06B372FD52129AAB65DA477E308EC73CF0D44087D05DA8D39C7BE425D30E_analysis-12.csv;user-a;5;-567273349;7;true;-0.5565769078121621;0.0;Infinity;0;B
user-a_session-29AF06B372FD52129AAB65DA477E308EC73CF0D44087D05DA8D39C7BE425D30E_analysis-12.csv;user-a;5;115335788;5;true;6.255660744286684;0.0;Infinity;0;B
user-a_session-29AF06B372FD52129AAB65DA477E308EC73CF0D44087D05DA8D39C7BE425D30E_analysis-12.csv;user-a;5;-846818277;5;true;-0.5809935302211184;0.0;Infinity;0;B
user-a_session-29AF06B372FD52129AAB65DA477E308EC73CF0D44087D05DA8D39C7BE425D30E_analysis-12.csv;user-a;5;112098203;7;true;-0.06824445963303329;0.0;Infinity;0;B
user-a_session-29AF06B372FD52129AAB65DA477E308EC73CF0D44087D05DA8D39C7BE425D30E_analysis-12.csv;user-a;5;-35759681;6;true;-0.43449379576737984;0.0;Infinity;0;B
user-a_session-29AF06B372FD52129AAB65DA477E308EC73CF0D44087D05DA8D39C7BE425D30E_analysis-12.csv;user-a;5;2131563163;8;true;-0.48332704058529274;0.0;Infinity;0;B
user-a_session-29AF06B372FD52129AAB65DA477E308EC73CF0D44087D05DA8D39C7BE425D30E_analysis-12.csv;user-a;5;2118742366;5;true;-0.4100771733584234;0.0;Infinity;0;B
user-a_session-29AF06B372FD52129AAB65DA477E308EC73CF0D44087D05DA8D39C7BE425D30E_analysis-12.csv;user-a;5;-451800798;7;true;-0.1414943268599026;0.0;Infinity;0;B
user-a_session-29AF06B372FD52129AAB65DA477E308EC73CF0D44087D05DA8D39C7BE425D30E_analysis-12.csv;user-a;5;1371809798;6;true;0.42008798854609547;0.0;Infinity;0;B
user-a_session-29AF06B372FD52129AAB65DA477E308EC73CF0D44087D05DA8D39C7BE425D30E_analysis-12.csv;user-a;5;-1241601383;5;true;-0.48332704058529274;0.0;Infinity;0;B
user-a_session-29AF06B372FD52129AAB65DA477E308EC73CF0D44087D05DA8D39C7BE425D30E_analysis-12.csv;user-a;5;-298931973;5;true;-0.23916081649572835;0.0;Infinity;0;B
user-a_session-29AF06B372FD52129AAB65DA477E308EC73CF0D44087D05DA8D39C7BE425D30E_analysis-12.csv;user-a;5;1456844247;9;true;0.005005407593836028;0.0;Infinity;0;B
user-a_session-29AF06B372FD52129AAB65DA477E308EC73CF0D44087D05DA8D39C7BE425D30E_analysis-12.csv;user-a;5;353578835;7;true;0.5421711005908777;0.0;Infinity;0;B
user-a_session-29AF06B372FD52129AAB65DA477E308EC73CF0D44087D05DA8D39C7BE425D30E_analysis-12.csv;user-a;5;-1910015247;7;true;-0.5321602854032056;0.0;Infinity;0;B
user-a_session-29AF06B372FD52129AAB65DA477E308EC73CF0D44087D05DA8D39C7BE425D30E_analysis-12.csv;user-a;5;-461273203;5;true;0.005005407593836028;0.0;Infinity;0;B
user-a_session-29AF06B372FD52129AAB65DA477E308EC73CF0D44087D05DA8D39C7BE425D30E_analysis-12.csv;user-a;5;317102892;6;true;0.9084204367252242;0.0;Infinity;0;B
user-a_session-29AF06B372FD52129AAB65DA477E308EC73CF0D44087D05DA8D39C7BE425D30E_analysis-12.csv;user-a;5;881289189;5;true;-0.385660550949467;0.0;Infinity;0;B
user-a_session-29AF06B372FD52129AAB65DA477E308EC73CF0D44087D05DA8D39C7BE425D30E_analysis-12.csv;user-a;5;-1031491496;5;true;-0.4100771733584234;0.0;Infinity;0;B
user-a_session-29AF06B372FD52129AAB65DA477E308EC73CF0D44087D05DA8D39C7BE425D30E_analysis-12.csv;user-a;5;-1456268119;28;true;0.22475500927444397;0.0;Infinity;0;B
user-a_session-29AF06B372FD52129AAB65DA477E308EC73CF0D44087D05DA8D39C7BE425D30E_analysis-12.csv;user-a;5;-1160766430;5;true;-0.385660550949467;0.0;Infinity;0;B
user-a_session-29AF06B372FD52129AAB65DA477E308EC73CF0D44087D05DA8D39C7BE425D30E_analysis-12.csv;user-a;5;-151261338;10;true;-0.3612439285405105;0.0;Infinity;0;B
user-a_session-29AF06B372FD52129AAB65DA477E308EC73CF0D44087D05DA8D39C7BE425D30E_analysis-12.csv;user-a;5;1480092510;5;true;0.22475500927444397;0.0;Infinity;0;B
user-a_session-29AF06B372FD52129AAB65DA477E308EC73CF0D44087D05DA8D39C7BE425D30E_analysis-12.csv;user-a;5;-501010012;6;true;1.2502531504506142;0.0;Infinity;0;B
user-a_session-29AF06B372FD52129AAB65DA477E308EC73CF0D44087D05DA8D39C7BE425D30E_analysis-12.csv;user-a;5;-450792246;5;true;-0.31241068372259767;0.0;Infinity;0;B
user-a_session-29AF06B372FD52129AAB65DA477E308EC73CF0D44087D05DA8D39C7BE425D30E_analysis-12.csv;user-a;5;1990915851;7;true;0.2735882540923568;0.0;Infinity;0;B
user-a_session-29AF06B372FD52129AAB65DA477E308EC73CF0D44087D05DA8D39C7BE425D30E_analysis-12.csv;user-a;5;-1290462602;7;true;-0.5809935302211184;0.0;Infinity;0;B
user-a_session-29AF06B372FD52129AAB65DA477E308EC73CF0D44087D05DA8D39C7BE425D30E_analysis-12.csv;user-a;5;-1700613937;7;true;-0.4100771733584234;0.0;Infinity;0;B
user-a_session-29AF06B372FD52129AAB65DA477E308EC73CF0D44087D05DA8D39C7BE425D30E_analysis-12.csv;user-a;5;71318288;6;true;-0.48332704058529274;0.0;Infinity;0;B
user-a_session-29AF06B372FD52129AAB65DA477E308EC73CF0D44087D05DA8D39C7BE425D30E_analysis-12.csv;user-a;5;-1617588781;5;true;-0.5809935302211184;0.0;Infinity;0;B
user-a_session-29AF06B372FD52129AAB65DA477E308EC73CF0D44087D05DA8D39C7BE425D30E_analysis-12.csv;user-a;5;-343045209;6;true;-0.5565769078121621;0.0;Infinity;0;B
user-a_session-29AF06B372FD52129AAB65DA477E308EC73CF0D44087D05DA8D39C7BE425D30E_analysis-12.csv;user-a;5;99170863;5;true;-0.5565769078121621;0.0;Infinity;0;B
user-a_session-29AF06B372FD52129AAB65DA477E308EC73CF0D44087D05DA8D39C7BE425D30E_analysis-12.csv;user-a;5;1518751317;5;true;-0.5809935302211184;0.0;Infinity;0;B
user-a_session-29AF06B372FD52129AAB65DA477E308EC73CF0D44087D05DA8D39C7BE425D30E_analysis-12.csv;user-a;5;1622813673;7;true;-0.5565769078121621;0.0;Infinity;0;B
user-a_session-29AF06B372FD52129AAB65DA477E308EC73CF0D44087D05DA8D39C7BE425D30E_analysis-12.csv;user-a;5;-829804347;5;true;-0.5809935302211184;0.0;Infinity;0;B
user-a_session-29AF06B372FD52129AAB65DA477E308EC73CF0D44087D05DA8D39C7BE425D30E_analysis-12.csv;user-a;5;13113;6;true;-0.43449379576737984;0.0;Infinity;0;B
user-a_session-29AF06B372FD52129AAB65DA477E308EC73CF0D44087D05DA8D39C7BE425D30E_analysis-12.csv;user-a;5;1657345358;5;true;-0.48332704058529274;0.0;Infinity;0;B
user-a_session-29AF06B372FD52129AAB65DA477E308EC73CF0D44087D05DA8D39C7BE425D30E_analysis-12.csv;user-a;5;796574256;6;true;-0.45891041817633627;0.0;Infinity;0;B
user-a_session-29AF06B372FD52129AAB65DA477E308EC73CF0D44087D05DA8D39C7BE425D30E_analysis-12.csv;user-a;5;-949126447;6;true;-0.3612439285405105;0.0;Infinity;0;B
user-a_session-29AF06B372FD52129AAB65DA477E308EC73CF0D44087D05DA8D39C7BE425D30E_analysis-12.csv;user-a;5;1295963969;6;true;-0.019411214815120408;0.0;Infinity;0;B
user-a_session-29AF06B372FD52129AAB65DA477E308EC73CF0D44087D05DA8D39C7BE425D30E_analysis-12.csv;user-a;5;2086733999;6;true;0.12708851963861822;0.0;Infinity;0;B
user-a_session-29AF06B372FD52129AAB65DA477E308EC73CF0D44087D05DA8D39C7BE425D30E_analysis-12.csv;user-a;5;-569858265;5;true;0.9572536815431371;0.0;Infinity;0;B
user-a_session-29AF06B372FD52129AAB65DA477E308EC73CF0D44087D05DA8D39C7BE425D30E_analysis-12.csv;user-a;5;-1339907985;6;true;-0.5809935302211184;0.0;Infinity;0;B
user-a_session-29AF06B372FD52129AAB65DA477E308EC73CF0D44087D05DA8D39C7BE425D30E_analysis-12.csv;user-a;5;2137624299;6;true;-0.26357743890468477;0.0;Infinity;0;B
user-a_session-29AF06B372FD52129AAB65DA477E308EC73CF0D44087D05DA8D39C7BE425D30E_analysis-12.csv;user-a;5;1907670408;5;true;1.4211695073133095;0.0;Infinity;0;B
user-a_session-29AF06B372FD52129AAB65DA477E308EC73CF0D44087D05DA8D39C7BE425D30E_analysis-12.csv;user-a;5;1214659839;6;true;-0.5565769078121621;0.0;Infinity;0;B
user-a_session-29AF06B372FD52129AAB65DA477E308EC73CF0D44087D05DA8D39C7BE425D30E_analysis-12.csv;user-a;5;963302235;5;true;-0.45891041817633627;0.0;Infinity;0;B
user-a_session-29AF06B372FD52129AAB65DA477E308EC73CF0D44087D05DA8D39C7BE425D30E_analysis-12.csv;user-a;5;-230708987;6;true;-0.04382783722407685;0.0;Infinity;0;B
user-a_session-29AF06B372FD52129AAB65DA477E308EC73CF0D44087D05DA8D39C7BE425D30E_analysis-12.csv;user-a;5;985781361;5;true;-0.04382783722407685;0.0;Infinity;0;B
user-a_session-29AF06B372FD52129AAB65DA477E308EC73CF0D44087D05DA8D39C7BE425D30E_analysis-12.csv;user-a;5;398491106;5;true;-0.09266108204198972;0.0;Infinity;0;B
user-a_session-29AF06B372FD52129AAB65DA477E308EC73CF0D44087D05DA8D39C7BE425D30E_analysis-12.csv;user-a;5;-2063396630;6;true;-0.21474419408677192;0.0;Infinity;0;B
user-a_session-29AF06B372FD52129AAB65DA477E308EC73CF0D44087D05DA8D39C7BE425D30E_analysis-12.csv;user-a;5;-1997097460;8;true;3.423332544847737;0.0;Infinity;0;B
user-a_session-29AF06B372FD52129AAB65DA477E308EC73CF0D44087D05DA8D39C7BE425D30E_analysis-12.csv;user-a;5;-1077434287;6;true;0.5177544781819212;0.0;Infinity;0;B
user-a_session-29AF06B372FD52129AAB65DA477E308EC73CF0D44087D05DA8D39C7BE425D30E_analysis-12.csv;user-a;5;2059706823;6;true;-0.5565769078121621;0.0;Infinity;0;B
user-a_session-29AF06B372FD52129AAB65DA477E308EC73CF0D44087D05DA8D39C7BE425D30E_analysis-12.csv;user-a;5;1587920063;6;true;-0.5809935302211184;0.0;Infinity;0;B
user-a_session-29AF06B372FD52129AAB65DA477E308EC73CF0D44087D05DA8D39C7BE425D30E_analysis-12.csv;user-a;5;-2130655196;5;true;0.07825527482070534;0.0;Infinity;0;B
user-a_session-29AF06B372FD52129AAB65DA477E308EC73CF0D44087D05DA8D39C7BE425D30E_analysis-12.csv;user-a;5;-1865484415;5;true;0.8595871919073114;0.0;Infinity;0;B
user-a_session-29AF06B372FD52129AAB65DA477E308EC73CF0D44087D05DA8D39C7BE425D30E_analysis-12.csv;user-a;5;-602177393;5;true;-0.31241068372259767;0.0;Infinity;0;B
user-a_session-29AF06B372FD52129AAB65DA477E308EC73CF0D44087D05DA8D39C7BE425D30E_analysis-12.csv;user-a;5;-1627499296;6;true;-0.5809935302211184;0.0;Infinity;0;B
user-a_session-29AF06B372FD52129AAB65DA477E308EC73CF0D44087D05DA8D39C7BE425D30E_analysis-12.csv;user-a;5;-1020015867;5;true;-0.48332704058529274;0.0;Infinity;0;B
user-a_session-29AF06B372FD52129AAB65DA477E308EC73CF0D44087D05DA8D39C7BE425D30E_analysis-12.csv;user-a;5;-1820846018;7;true;-0.5077436629942491;0.0;Infinity;0;B
user-a_session-29AF06B372FD52129AAB65DA477E308EC73CF0D44087D05DA8D39C7BE425D30E_analysis-12.csv;user-a;5;-1033271400;6;true;1.1770032832237451;0.0;Infinity;0;B
user-a_session-29AF06B372FD52129AAB65DA477E308EC73CF0D44087D05DA8D39C7BE425D30E_analysis-12.csv;user-a;5;-1415202621;6;true;-0.385660550949467;0.0;Infinity;0;B
user-a_session-29AF06B372FD52129AAB65DA477E308EC73CF0D44087D05DA8D39C7BE425D30E_analysis-12.csv;user-a;5;214215920;6;true;-0.19032757167781547;0.0;Infinity;0;B
user-a_session-29AF06B372FD52129AAB65DA477E308EC73CF0D44087D05DA8D39C7BE425D30E_analysis-12.csv;user-a;5;873381920;6;true;-0.5321602854032056;0.0;Infinity;0;B
user-a_session-29AF06B372FD52129AAB65DA477E308EC73CF0D44087D05DA8D39C7BE425D30E_analysis-12.csv;user-a;5;959969284;6;true;2.5931673829432182;0.0;Infinity;0;B
user-a_session-29AF06B372FD52129AAB65DA477E308EC73CF0D44087D05DA8D39C7BE425D30E_analysis-12.csv;user-a;5;1018742280;5;true;-0.19032757167781547;0.0;Infinity;0;B
user-a_session-29AF06B372FD52129AAB65DA477E308EC73CF0D44087D05DA8D39C7BE425D30E_analysis-12.csv;user-a;5;-1017864461;5;true;-0.5809935302211184;0.0;Infinity;0;B
user-a_session-29AF06B372FD52129AAB65DA477E308EC73CF0D44087D05DA8D39C7BE425D30E_analysis-12.csv;user-a;5;-524068995;6;true;-0.48332704058529274;0.0;Infinity;0;B
user-a_session-29AF06B372FD52129AAB65DA477E308EC73CF0D44087D05DA8D39C7BE425D30E_analysis-12.csv;user-a;5;-632086955;5;true;-0.5809935302211184;0.0;Infinity;0;B
user-a_session-29AF06B372FD52129AAB65DA477E308EC73CF0D44087D05DA8D39C7BE425D30E_analysis-12.csv;user-a;5;690715529;7;true;-0.5565769078121621;0.0;Infinity;0;B
user-a_session-29AF06B372FD52129AAB65DA477E308EC73CF0D44087D05DA8D39C7BE425D30E_analysis-12.csv;user-a;5;1934779662;6;true;-0.5809935302211184;0.0;Infinity;0;B
user-a_session-29AF06B372FD52129AAB65DA477E308EC73CF0D44087D05DA8D39C7BE425D30E_analysis-12.csv;user-a;5;-210211865;6;true;-0.5809935302211184;0.0;Infinity;0;B
user-a_session-29AF06B372FD52129AAB65DA477E308EC73CF0D44087D05DA8D39C7BE425D30E_analysis-12.csv;user-a;5;-459680911;5;true;0.8351705694983549;0.0;Infinity;0;B
user-a_session-29AF06B372FD52129AAB65DA477E308EC73CF0D44087D05DA8D39C7BE425D30E_analysis-12.csv;user-a;5;-933976678;6;true;-0.5077436629942491;0.0;Infinity;0;B
user-a_session-29AF06B372FD52129AAB65DA477E308EC73CF0D44087D05DA8D39C7BE425D30E_analysis-12.csv;user-a;5;-707977961;5;true;1.6653357314028738;0.0;Infinity;0;B
user-a_session-29AF06B372FD52129AAB65DA477E308EC73CF0D44087D05DA8D39C7BE425D30E_analysis-12.csv;user-a;5;-1170615909;6;true;-0.5809935302211184;0.0;Infinity;0;B
user-a_session-29AF06B372FD52129AAB65DA477E308EC73CF0D44087D05DA8D39C7BE425D30E_analysis-12.csv;user-a;5;-1011190289;5;true;-0.45891041817633627;0.0;Infinity;0;B
user-a_session-29AF06B372FD52129AAB65DA477E308EC73CF0D44087D05DA8D39C7BE425D30E_analysis-12.csv;user-a;5;1105951417;5;true;-0.5809935302211184;0.0;Infinity;0;B
user-a_session-29AF06B372FD52129AAB65DA477E308EC73CF0D44087D05DA8D39C7BE425D30E_analysis-12.csv;user-a;5;-1402136868;6;true;2.617584005352175;0.0;Infinity;0;B
user-a_session-29AF06B372FD52129AAB65DA477E308EC73CF0D44087D05DA8D39C7BE425D30E_analysis-12.csv;user-a;5;-2035989304;5;true;-0.5565769078121621;0.0;Infinity;0;B
user-a_session-29AF06B372FD52129AAB65DA477E308EC73CF0D44087D05DA8D39C7BE425D30E_analysis-12.csv;user-a;5;1139571365;5;true;-0.5565769078121621;0.0;Infinity;0;B
user-a_session-29AF06B372FD52129AAB65DA477E308EC73CF0D44087D05DA8D39C7BE425D30E_analysis-12.csv;user-a;5;-392806937;6;true;-0.43449379576737984;0.0;Infinity;0;B
user-a_session-29AF06B372FD52129AAB65DA477E308EC73CF0D44087D05DA8D39C7BE425D30E_analysis-12.csv;user-a;5;1581333858;5;true;-0.45891041817633627;0.0;Infinity;0;B
user-a_session-29AF06B372FD52129AAB65DA477E308EC73CF0D44087D05DA8D39C7BE425D30E_analysis-12.csv;user-a;5;1455480708;6;true;-0.5565769078121621;0.0;Infinity;0;B
user-a_session-29AF06B372FD52129AAB65DA477E308EC73CF0D44087D05DA8D39C7BE425D30E_analysis-12.csv;user-a;5;1247360923;6;true;-0.5809935302211184;0.0;Infinity;0;B
user-a_session-29AF06B372FD52129AAB65DA477E308EC73CF0D44087D05DA8D39C7BE425D30E_analysis-12.csv;user-a;5;1517224134;6;true;-0.43449379576737984;0.0;Infinity;0;B
user-a_session-29AF06B372FD52129AAB65DA477E308EC73CF0D44087D05DA8D39C7BE425D30E_analysis-12.csv;user-a;5;-129792108;5;true;-0.4100771733584234;0.0;Infinity;0;B
user-a_session-29AF06B372FD52129AAB65DA477E308EC73CF0D44087D05DA8D39C7BE425D30E_analysis-12.csv;user-a;5;851012736;5;true;-0.5321602854032056;0.0;Infinity;0;B
user-a_session-29AF06B372FD52129AAB65DA477E308EC73CF0D44087D05DA8D39C7BE425D30E_analysis-12.csv;user-a;5;37300729;5;true;-0.19032757167781547;0.0;Infinity;0;B
user-a_session-29AF06B372FD52129AAB65DA477E308EC73CF0D44087D05DA8D39C7BE425D30E_analysis-12.csv;user-a;5;-1901588587;6;true;-0.5321602854032056;0.0;Infinity;0;B
user-a_session-29AF06B372FD52129AAB65DA477E308EC73CF0D44087D05DA8D39C7BE425D30E_analysis-12.csv;user-a;5;1652349293;5;true;-0.5809935302211184;0.0;Infinity;0;B
user-a_session-29AF06B372FD52129AAB65DA477E308EC73CF0D44087D05DA8D39C7BE425D30E_analysis-12.csv;user-a;5;1801068421;6;true;-0.1414943268599026;0.0;Infinity;0;B
user-a_session-29AF06B372FD52129AAB65DA477E308EC73CF0D44087D05DA8D39C7BE425D30E_analysis-12.csv;user-a;5;305271405;5;true;-0.04382783722407685;0.0;Infinity;0;B
user-a_session-29AF06B372FD52129AAB65DA477E308EC73CF0D44087D05DA8D39C7BE425D30E_analysis-12.csv;user-a;5;-1923362972;6;true;0.2980048765013133;0.0;Infinity;0;B
user-a_session-29AF06B372FD52129AAB65DA477E308EC73CF0D44087D05DA8D39C7BE425D30E_analysis-12.csv;user-a;5;40993598;6;true;-0.3368273061315541;0.0;Infinity;0;B
user-a_session-29AF06B372FD52129AAB65DA477E308EC73CF0D44087D05DA8D39C7BE425D30E_analysis-12.csv;user-a;5;1431939975;6;true;-0.28799406131364125;0.0;Infinity;0;B
user-a_session-29AF06B372FD52129AAB65DA477E308EC73CF0D44087D05DA8D39C7BE425D30E_analysis-12.csv;user-a;5;1313194465;7;true;-0.5809935302211184;0.0;Infinity;0;B
user-a_session-29AF06B372FD52129AAB65DA477E308EC73CF0D44087D05DA8D39C7BE425D30E_analysis-12.csv;user-a;5;-572117854;5;true;0.029422030002792466;0.0;Infinity;0;B
user-a_session-29AF06B372FD52129AAB65DA477E308EC73CF0D44087D05DA8D39C7BE425D30E_analysis-12.csv;user-a;5;774382301;6;true;2.080418312355133;0.0;Infinity;0;B
user-a_session-29AF06B372FD52129AAB65DA477E308EC73CF0D44087D05DA8D39C7BE425D30E_analysis-12.csv;user-a;5;2107835615;6;true;-0.5809935302211184;0.0;Infinity;0;B
user-a_session-29AF06B372FD52129AAB65DA477E308EC73CF0D44087D05DA8D39C7BE425D30E_analysis-12.csv;user-a;5;-106393702;5;true;-0.23916081649572835;0.0;Infinity;0;B
user-a_session-29AF06B372FD52129AAB65DA477E308EC73CF0D44087D05DA8D39C7BE425D30E_analysis-12.csv;user-a;5;1924850819;6;true;-0.385660550949467;0.0;Infinity;0;B
user-a_session-29AF06B372FD52129AAB65DA477E308EC73CF0D44087D05DA8D39C7BE425D30E_analysis-12.csv;user-a;5;422896172;5;true;-0.5565769078121621;0.0;Infinity;0;B
user-a_session-29AF06B372FD52129AAB65DA477E308EC73CF0D44087D05DA8D39C7BE425D30E_analysis-12.csv;user-a;5;-1694563723;7;true;2.8129169846238264;0.0;Infinity;0;B
user-a_session-29AF06B372FD52129AAB65DA477E308EC73CF0D44087D05DA8D39C7BE425D30E_analysis-12.csv;user-a;5;1103521969;6;true;-0.28799406131364125;0.0;Infinity;0;B
user-a_session-29AF06B372FD52129AAB65DA477E308EC73CF0D44087D05DA8D39C7BE425D30E_analysis-12.csv;user-a;5;962036955;6;true;-0.48332704058529274;0.0;Infinity;0;B
user-a_session-29AF06B372FD52129AAB65DA477E308EC73CF0D44087D05DA8D39C7BE425D30E_analysis-12.csv;user-a;5;-587283706;6;true;-0.5809935302211184;0.0;Infinity;0;B
user-a_session-29AF06B372FD52129AAB65DA477E308EC73CF0D44087D05DA8D39C7BE425D30E_analysis-12.csv;user-a;5;938301047;7;true;-0.5809935302211184;0.0;Infinity;0;B
user-a_session-29AF06B372FD52129AAB65DA477E308EC73CF0D44087D05DA8D39C7BE425D30E_analysis-12.csv;user-a;5;-1017537136;6;true;-0.45891041817633627;0.0;Infinity;0;B
user-a_session-29AF06B372FD52129AAB65DA477E308EC73CF0D44087D05DA8D39C7BE425D30E_analysis-12.csv;user-a;5;1266641983;7;true;-0.4100771733584234;0.0;Infinity;0;B
user-a_session-29AF06B372FD52129AAB65DA477E308EC73CF0D44087D05DA8D39C7BE425D30E_analysis-12.csv;user-a;5;686676110;8;true;3.325666055211911;0.0;Infinity;0;B
user-a_session-29AF06B372FD52129AAB65DA477E308EC73CF0D44087D05DA8D39C7BE425D30E_analysis-12.csv;user-a;5;-1446387907;8;true;-0.5565769078121621;0.0;Infinity;0;B
user-a_session-29AF06B372FD52129AAB65DA477E308EC73CF0D44087D05DA8D39C7BE425D30E_analysis-12.csv;user-a;5;1090499108;11;true;-0.3368273061315541;0.0;Infinity;0;B
user-a_session-29AF06B372FD52129AAB65DA477E308EC73CF0D44087D05DA8D39C7BE425D30E_analysis-12.csv;user-a;5;-1285071712;6;true;-0.28799406131364125;0.0;Infinity;0;B
user-a_session-29AF06B372FD52129AAB65DA477E308EC73CF0D44087D05DA8D39C7BE425D30E_analysis-12.csv;user-a;5;2133053586;6;true;-0.28799406131364125;0.0;Infinity;0;B
user-a_session-29AF06B372FD52129AAB65DA477E308EC73CF0D44087D05DA8D39C7BE425D30E_analysis-12.csv;user-a;5;-736770322;6;true;-0.5809935302211184;0.0;Infinity;0;B
user-a_session-29AF06B372FD52129AAB65DA477E308EC73CF0D44087D05DA8D39C7BE425D30E_analysis-12.csv;user-a;5;-1713950066;7;true;-0.5809935302211184;0.0;Infinity;0;B
user-a_session-29AF06B372FD52129AAB65DA477E308EC73CF0D44087D05DA8D39C7BE425D30E_analysis-12.csv;user-a;5;-2108686580;5;true;-0.5077436629942491;0.0;Infinity;0;B
user-a_session-29AF06B372FD52129AAB65DA477E308EC73CF0D44087D05DA8D39C7BE425D30E_analysis-12.csv;user-a;5;812561612;9;true;-0.5565769078121621;0.0;Infinity;0;B
user-a_session-29AF06B372FD52129AAB65DA477E308EC73CF0D44087D05DA8D39C7BE425D30E_analysis-12.csv;user-a;5;467066200;7;true;-0.26357743890468477;0.0;Infinity;0;B
user-a_session-29AF06B372FD52129AAB65DA477E308EC73CF0D44087D05DA8D39C7BE425D30E_analysis-12.csv;user-a;5;-841769733;5;true;0.786337324680442;0.0;Infinity;0;B
user-a_session-29AF06B372FD52129AAB65DA477E308EC73CF0D44087D05DA8D39C7BE425D30E_analysis-12.csv;user-a;5;-223438315;6;true;0.4933378557729648;0.0;Infinity;0;B
user-a_session-29AF06B372FD52129AAB65DA477E308EC73CF0D44087D05DA8D39C7BE425D30E_analysis-12.csv;user-a;5;1694387364;6;true;0.9572536815431371;0.0;Infinity;0;B
user-a_session-29AF06B372FD52129AAB65DA477E308EC73CF0D44087D05DA8D39C7BE425D30E_analysis-12.csv;user-a;5;-49230164;6;true;0.12708851963861822;0.0;Infinity;0;B
user-a_session-29AF06B372FD52129AAB65DA477E308EC73CF0D44087D05DA8D39C7BE425D30E_analysis-12.csv;user-a;5;-1115303699;6;true;0.2735882540923568;0.0;Infinity;0;B
user-a_session-29AF06B372FD52129AAB65DA477E308EC73CF0D44087D05DA8D39C7BE425D30E_analysis-12.csv;user-a;5;1239787050;5;true;-0.19032757167781547;0.0;Infinity;0;B
user-a_session-29AF06B372FD52129AAB65DA477E308EC73CF0D44087D05DA8D39C7BE425D30E_analysis-12.csv;user-a;5;-499627926;6;true;-0.5321602854032056;0.0;Infinity;0;B
user-a_session-29AF06B372FD52129AAB65DA477E308EC73CF0D44087D05DA8D39C7BE425D30E_analysis-12.csv;user-a;5;1071467337;5;true;-0.5809935302211184;0.0;Infinity;0;B
user-a_session-29AF06B372FD52129AAB65DA477E308EC73CF0D44087D05DA8D39C7BE425D30E_analysis-12.csv;user-a;5;-38574119;6;true;-0.45891041817633627;0.0;Infinity;0;B
user-a_session-29AF06B372FD52129AAB65DA477E308EC73CF0D44087D05DA8D39C7BE425D30E_analysis-12.csv;user-a;5;-1480001903;6;true;-0.5321602854032056;0.0;Infinity;0;B
user-a_session-29AF06B372FD52129AAB65DA477E308EC73CF0D44087D05DA8D39C7BE425D30E_analysis-12.csv;user-a;5;917690707;5;true;-0.23916081649572835;0.0;Infinity;0;B
user-a_session-29AF06B372FD52129AAB65DA477E308EC73CF0D44087D05DA8D39C7BE425D30E_analysis-12.csv;user-a;5;-1742733670;5;true;0.029422030002792466;0.0;Infinity;0;B
user-a_session-29AF06B372FD52129AAB65DA477E308EC73CF0D44087D05DA8D39C7BE425D30E_analysis-12.csv;user-a;5;156252520;5;true;0.5665877229998341;0.0;Infinity;0;B
user-a_session-29AF06B372FD52129AAB65DA477E308EC73CF0D44087D05DA8D39C7BE425D30E_analysis-12.csv;user-a;5;-1241322168;6;true;-0.5321602854032056;0.0;Infinity;0;B
user-a_session-29AF06B372FD52129AAB65DA477E308EC73CF0D44087D05DA8D39C7BE425D30E_analysis-12.csv;user-a;5;1247432052;6;true;-0.5565769078121621;0.0;Infinity;0;B
user-a_session-29AF06B372FD52129AAB65DA477E308EC73CF0D44087D05DA8D39C7BE425D30E_analysis-12.csv;user-a;5;1145519201;6;true;0.1759217644565311;0.0;Infinity;0;B
user-a_session-29AF06B372FD52129AAB65DA477E308EC73CF0D44087D05DA8D39C7BE425D30E_analysis-12.csv;user-a;5;909091677;6;true;0.029422030002792466;0.0;Infinity;0;B
user-a_session-29AF06B372FD52129AAB65DA477E308EC73CF0D44087D05DA8D39C7BE425D30E_analysis-12.csv;user-a;5;-408636744;6;true;3.1791663207581724;0.0;Infinity;0;B
user-a_session-29AF06B372FD52129AAB65DA477E308EC73CF0D44087D05DA8D39C7BE425D30E_analysis-12.csv;user-a;5;450847803;5;true;-0.43449379576737984;0.0;Infinity;0;B
user-a_session-29AF06B372FD52129AAB65DA477E308EC73CF0D44087D05DA8D39C7BE425D30E_analysis-12.csv;user-a;5;-361145705;5;true;-0.5321602854032056;0.0;Infinity;0;B
user-a_session-29AF06B372FD52129AAB65DA477E308EC73CF0D44087D05DA8D39C7BE425D30E_analysis-12.csv;user-a;5;-382312287;5;true;-0.5809935302211184;0.0;Infinity;0;B
user-a_session-29AF06B372FD52129AAB65DA477E308EC73CF0D44087D05DA8D39C7BE425D30E_analysis-12.csv;user-a;5;1279653064;5;true;1.7630022210386995;0.0;Infinity;0;B
user-a_session-29AF06B372FD52129AAB65DA477E308EC73CF0D44087D05DA8D39C7BE425D30E_analysis-12.csv;user-a;5;597475391;6;true;-0.5565769078121621;0.0;Infinity;0;B
user-a_session-29AF06B372FD52129AAB65DA477E308EC73CF0D44087D05DA8D39C7BE425D30E_analysis-12.csv;user-a;5;1246293967;5;true;-0.5077436629942491;0.0;Infinity;0;B
user-a_session-29AF06B372FD52129AAB65DA477E308EC73CF0D44087D05DA8D39C7BE425D30E_analysis-12.csv;user-a;5;-935158165;6;true;-0.5809935302211184;0.0;Infinity;0;B
user-a_session-29AF06B372FD52129AAB65DA477E308EC73CF0D44087D05DA8D39C7BE425D30E_analysis-12.csv;user-a;5;383455335;5;true;-0.06824445963303329;0.0;Infinity;0;B
user-a_session-29AF06B372FD52129AAB65DA477E308EC73CF0D44087D05DA8D39C7BE425D30E_analysis-12.csv;user-a;5;855363874;6;true;-0.5321602854032056;0.0;Infinity;0;B
user-a_session-29AF06B372FD52129AAB65DA477E308EC73CF0D44087D05DA8D39C7BE425D30E_analysis-12.csv;user-a;5;1938357635;5;true;-0.28799406131364125;0.0;Infinity;0;B
user-a_session-29AF06B372FD52129AAB65DA477E308EC73CF0D44087D05DA8D39C7BE425D30E_analysis-12.csv;user-a;5;-255058545;5;true;-0.5565769078121621;0.0;Infinity;0;B
user-a_session-29AF06B372FD52129AAB65DA477E308EC73CF0D44087D05DA8D39C7BE425D30E_analysis-12.csv;user-a;5;-1506336089;5;true;-0.5565769078121621;0.0;Infinity;0;B
user-a_session-29AF06B372FD52129AAB65DA477E308EC73CF0D44087D05DA8D39C7BE425D30E_analysis-12.csv;user-a;5;2115457304;6;true;-0.5809935302211184;0.0;Infinity;0;B
user-a_session-29AF06B372FD52129AAB65DA477E308EC73CF0D44087D05DA8D39C7BE425D30E_analysis-12.csv;user-a;5;-60504328;5;true;-0.5809935302211184;0.0;Infinity;0;B
user-a_session-29AF06B372FD52129AAB65DA477E308EC73CF0D44087D05DA8D39C7BE425D30E_analysis-12.csv;user-a;5;-972093596;7;true;0.12708851963861822;0.0;Infinity;0;B
user-a_session-29AF06B372FD52129AAB65DA477E308EC73CF0D44087D05DA8D39C7BE425D30E_analysis-12.csv;user-a;5;-1423777249;6;true;-0.4100771733584234;0.0;Infinity;0;B
user-a_session-29AF06B372FD52129AAB65DA477E308EC73CF0D44087D05DA8D39C7BE425D30E_analysis-12.csv;user-a;5;-271753682;5;true;-0.5077436629942491;0.0;Infinity;0;B
user-a_session-29AF06B372FD52129AAB65DA477E308EC73CF0D44087D05DA8D39C7BE425D30E_analysis-12.csv;user-a;5;676138051;42;true;1.4944193745401788;0.0;Infinity;0;B
user-a_session-29AF06B372FD52129AAB65DA477E308EC73CF0D44087D05DA8D39C7BE425D30E_analysis-12.csv;user-a;5;967309465;6;true;-0.5077436629942491;0.0;Infinity;0;B
user-a_session-29AF06B372FD52129AAB65DA477E308EC73CF0D44087D05DA8D39C7BE425D30E_analysis-12.csv;user-a;5;-1557548911;5;true;-0.19032757167781547;0.0;Infinity;0;B
user-a_session-29AF06B372FD52129AAB65DA477E308EC73CF0D44087D05DA8D39C7BE425D30E_analysis-12.csv;user-a;5;-1957977069;6;true;-0.26357743890468477;0.0;Infinity;0;B
user-a_session-29AF06B372FD52129AAB65DA477E308EC73CF0D44087D05DA8D39C7BE425D30E_analysis-12.csv;user-a;5;2008755398;6;true;-0.43449379576737984;0.0;Infinity;0;B
user-a_session-29AF06B372FD52129AAB65DA477E308EC73CF0D44087D05DA8D39C7BE425D30E_analysis-12.csv;user-a;5;-552547292;5;true;-0.19032757167781547;0.0;Infinity;0;B
user-a_session-29AF06B372FD52129AAB65DA477E308EC73CF0D44087D05DA8D39C7BE425D30E_analysis-12.csv;user-a;5;-1807630794;5;true;0.5421711005908777;0.0;Infinity;0;B
user-a_session-29AF06B372FD52129AAB65DA477E308EC73CF0D44087D05DA8D39C7BE425D30E_analysis-12.csv;user-a;5;-1752994002;5;true;-0.5809935302211184;0.0;Infinity;0;B
user-a_session-29AF06B372FD52129AAB65DA477E308EC73CF0D44087D05DA8D39C7BE425D30E_analysis-12.csv;user-a;5;1341718242;7;true;-0.5321602854032056;0.0;Infinity;0;B
user-a_session-29AF06B372FD52129AAB65DA477E308EC73CF0D44087D05DA8D39C7BE425D30E_analysis-12.csv;user-a;5;783539509;7;true;-0.5077436629942491;0.0;Infinity;0;B
user-a_session-29AF06B372FD52129AAB65DA477E308EC73CF0D44087D05DA8D39C7BE425D30E_analysis-12.csv;user-a;5;-1107645779;8;true;0.05383865241174891;0.0;Infinity;0;B
user-a_session-29AF06B372FD52129AAB65DA477E308EC73CF0D44087D05DA8D39C7BE425D30E_analysis-12.csv;user-a;5;1022623765;7;true;0.7130874574535727;0.0;Infinity;0;B
user-a_session-29AF06B372FD52129AAB65DA477E308EC73CF0D44087D05DA8D39C7BE425D30E_analysis-12.csv;user-a;5;729531683;5;true;-0.5809935302211184;0.0;Infinity;0;B
user-a_session-29AF06B372FD52129AAB65DA477E308EC73CF0D44087D05DA8D39C7BE425D30E_analysis-12.csv;user-a;5;1579028848;5;true;-0.26357743890468477;0.0;Infinity;0;B
user-a_session-29AF06B372FD52129AAB65DA477E308EC73CF0D44087D05DA8D39C7BE425D30E_analysis-12.csv;user-a;5;7222879;5;true;-0.45891041817633627;0.0;Infinity;0;B
user-a_session-29AF06B372FD52129AAB65DA477E308EC73CF0D44087D05DA8D39C7BE425D30E_analysis-12.csv;user-a;5;42548235;6;true;-0.5809935302211184;0.0;Infinity;0;B
user-a_session-29AF06B372FD52129AAB65DA477E308EC73CF0D44087D05DA8D39C7BE425D30E_analysis-12.csv;user-a;5;-542627125;6;true;-0.5321602854032056;0.0;Infinity;0;B
user-a_session-29AF06B372FD52129AAB65DA477E308EC73CF0D44087D05DA8D39C7BE425D30E_analysis-12.csv;user-a;5;-2045534698;6;true;-0.48332704058529274;0.0;Infinity;0;B
user-a_session-29AF06B372FD52129AAB65DA477E308EC73CF0D44087D05DA8D39C7BE425D30E_analysis-12.csv;user-a;5;560502383;9;true;-0.45891041817633627;0.0;Infinity;0;B
user-a_session-29AF06B372FD52129AAB65DA477E308EC73CF0D44087D05DA8D39C7BE425D30E_analysis-12.csv;user-a;5;1008745043;5;true;-0.5809935302211184;0.0;Infinity;0;B
user-a_session-29AF06B372FD52129AAB65DA477E308EC73CF0D44087D05DA8D39C7BE425D30E_analysis-12.csv;user-a;5;681978894;7;true;-0.5809935302211184;0.0;Infinity;0;B
user-a_session-29AF06B372FD52129AAB65DA477E308EC73CF0D44087D05DA8D39C7BE425D30E_analysis-12.csv;user-a;5;-2084834865;5;true;-0.48332704058529274;0.0;Infinity;0;B
user-a_session-29AF06B372FD52129AAB65DA477E308EC73CF0D44087D05DA8D39C7BE425D30E_analysis-12.csv;user-a;5;938749042;5;true;-0.5809935302211184;0.0;Infinity;0;B
user-a_session-29AF06B372FD52129AAB65DA477E308EC73CF0D44087D05DA8D39C7BE425D30E_analysis-12.csv;user-a;5;1743740756;5;true;-0.5565769078121621;0.0;Infinity;0;B
user-a_session-29AF06B372FD52129AAB65DA477E308EC73CF0D44087D05DA8D39C7BE425D30E_analysis-12.csv;user-a;5;-291203920;6;true;1.2258365280416579;0.0;Infinity;0;B
user-a_session-29AF06B372FD52129AAB65DA477E308EC73CF0D44087D05DA8D39C7BE425D30E_analysis-12.csv;user-a;5;609935037;8;true;0.2491716316834004;0.0;Infinity;0;B
user-a_session-29AF06B372FD52129AAB65DA477E308EC73CF0D44087D05DA8D39C7BE425D30E_analysis-12.csv;user-a;5;-298050999;11;true;2.3734177812626105;0.0;Infinity;0;B
user-a_session-29AF06B372FD52129AAB65DA477E308EC73CF0D44087D05DA8D39C7BE425D30E_analysis-12.csv;user-a;5;1906086653;10;true;0.786337324680442;0.0;Infinity;0;B
user-a_session-29AF06B372FD52129AAB65DA477E308EC73CF0D44087D05DA8D39C7BE425D30E_analysis-12.csv;user-a;5;1450181927;6;true;-0.43449379576737984;0.0;Infinity;0;B
user-a_session-29AF06B372FD52129AAB65DA477E308EC73CF0D44087D05DA8D39C7BE425D30E_analysis-12.csv;user-a;5;-1844253153;6;true;0.4445046109550519;0.0;Infinity;0;B
user-a_session-29AF06B372FD52129AAB65DA477E308EC73CF0D44087D05DA8D39C7BE425D30E_analysis-12.csv;user-a;6;422600190;7;true;3.7895818809820834;0.0;Infinity;0;B
user-a_session-29AF06B372FD52129AAB65DA477E308EC73CF0D44087D05DA8D39C7BE425D30E_analysis-12.csv;user-a;6;762029457;7;true;-0.3368273061315541;0.0;Infinity;0;B
user-a_session-29AF06B372FD52129AAB65DA477E308EC73CF0D44087D05DA8D39C7BE425D30E_analysis-12.csv;user-a;6;824200792;5;true;-0.06824445963303329;0.0;Infinity;0;B
user-a_session-29AF06B372FD52129AAB65DA477E308EC73CF0D44087D05DA8D39C7BE425D30E_analysis-12.csv;user-a;6;-145553004;6;true;-0.5077436629942491;0.0;Infinity;0;B
user-a_session-29AF06B372FD52129AAB65DA477E308EC73CF0D44087D05DA8D39C7BE425D30E_analysis-12.csv;user-a;6;743059692;6;true;-0.5809935302211184;0.0;Infinity;0;B
user-a_session-29AF06B372FD52129AAB65DA477E308EC73CF0D44087D05DA8D39C7BE425D30E_analysis-12.csv;user-a;6;-1416841022;6;true;1.9339185779013945;0.0;Infinity;0;B
user-a_session-29AF06B372FD52129AAB65DA477E308EC73CF0D44087D05DA8D39C7BE425D30E_analysis-12.csv;user-a;6;1152175049;6;true;-0.5321602854032056;0.0;Infinity;0;B
user-a_session-29AF06B372FD52129AAB65DA477E308EC73CF0D44087D05DA8D39C7BE425D30E_analysis-12.csv;user-a;6;-1332160912;6;true;0.786337324680442;0.0;Infinity;0;B
user-a_session-29AF06B372FD52129AAB65DA477E308EC73CF0D44087D05DA8D39C7BE425D30E_analysis-12.csv;user-a;6;754766066;5;true;1.9339185779013945;0.0;Infinity;0;B
user-a_session-29AF06B372FD52129AAB65DA477E308EC73CF0D44087D05DA8D39C7BE425D30E_analysis-12.csv;user-a;6;-1227665764;6;true;-0.1414943268599026;0.0;Infinity;0;B
user-a_session-29AF06B372FD52129AAB65DA477E308EC73CF0D44087D05DA8D39C7BE425D30E_analysis-12.csv;user-a;6;-1754401764;7;true;4.302330951570169;0.0;Infinity;0;B
user-a_session-29AF06B372FD52129AAB65DA477E308EC73CF0D44087D05DA8D39C7BE425D30E_analysis-12.csv;user-a;6;2043925161;6;true;-0.5321602854032056;0.0;Infinity;0;B
user-a_session-29AF06B372FD52129AAB65DA477E308EC73CF0D44087D05DA8D39C7BE425D30E_analysis-12.csv;user-a;6;43173428;5;true;0.12708851963861822;0.0;Infinity;0;B
user-a_session-29AF06B372FD52129AAB65DA477E308EC73CF0D44087D05DA8D39C7BE425D30E_analysis-12.csv;user-a;6;1886440242;6;true;-0.019411214815120408;0.0;Infinity;0;B
user-a_session-29AF06B372FD52129AAB65DA477E308EC73CF0D44087D05DA8D39C7BE425D30E_analysis-12.csv;user-a;6;328357439;6;true;-0.5565769078121621;0.0;Infinity;0;B
user-a_session-29AF06B372FD52129AAB65DA477E308EC73CF0D44087D05DA8D39C7BE425D30E_analysis-12.csv;user-a;6;-567273349;5;true;-0.5565769078121621;0.0;Infinity;0;B
user-a_session-29AF06B372FD52129AAB65DA477E308EC73CF0D44087D05DA8D39C7BE425D30E_analysis-12.csv;user-a;6;115335788;8;true;6.255660744286684;0.0;Infinity;0;B
user-a_session-29AF06B372FD52129AAB65DA477E308EC73CF0D44087D05DA8D39C7BE425D30E_analysis-12.csv;user-a;6;-846818277;8;true;-0.5809935302211184;0.0;Infinity;0;B
user-a_session-29AF06B372FD52129AAB65DA477E308EC73CF0D44087D05DA8D39C7BE425D30E_analysis-12.csv;user-a;6;112098203;7;true;-0.06824445963303329;0.0;Infinity;0;B
user-a_session-29AF06B372FD52129AAB65DA477E308EC73CF0D44087D05DA8D39C7BE425D30E_analysis-12.csv;user-a;6;-35759681;6;true;-0.43449379576737984;0.0;Infinity;0;B
user-a_session-29AF06B372FD52129AAB65DA477E308EC73CF0D44087D05DA8D39C7BE425D30E_analysis-12.csv;user-a;6;2131563163;6;true;-0.48332704058529274;0.0;Infinity;0;B
user-a_session-29AF06B372FD52129AAB65DA477E308EC73CF0D44087D05DA8D39C7BE425D30E_analysis-12.csv;user-a;6;2118742366;6;true;-0.4100771733584234;0.0;Infinity;0;B
user-a_session-29AF06B372FD52129AAB65DA477E308EC73CF0D44087D05DA8D39C7BE425D30E_analysis-12.csv;user-a;6;-451800798;5;true;-0.1414943268599026;0.0;Infinity;0;B
user-a_session-29AF06B372FD52129AAB65DA477E308EC73CF0D44087D05DA8D39C7BE425D30E_analysis-12.csv;user-a;6;1371809798;6;true;0.42008798854609547;0.0;Infinity;0;B
user-a_session-29AF06B372FD52129AAB65DA477E308EC73CF0D44087D05DA8D39C7BE425D30E_analysis-12.csv;user-a;6;-1241601383;13;true;-0.48332704058529274;0.0;Infinity;0;B
user-a_session-29AF06B372FD52129AAB65DA477E308EC73CF0D44087D05DA8D39C7BE425D30E_analysis-12.csv;user-a;6;-298931973;9;true;-0.23916081649572835;0.0;Infinity;0;B
user-a_session-29AF06B372FD52129AAB65DA477E308EC73CF0D44087D05DA8D39C7BE425D30E_analysis-12.csv;user-a;6;1456844247;7;true;0.005005407593836028;0.0;Infinity;0;B
user-a_session-29AF06B372FD52129AAB65DA477E308EC73CF0D44087D05DA8D39C7BE425D30E_analysis-12.csv;user-a;6;353578835;6;true;0.5421711005908777;0.0;Infinity;0;B
user-a_session-29AF06B372FD52129AAB65DA477E308EC73CF0D44087D05DA8D39C7BE425D30E_analysis-12.csv;user-a;6;-1910015247;6;true;-0.5321602854032056;0.0;Infinity;0;B
user-a_session-29AF06B372FD52129AAB65DA477E308EC73CF0D44087D05DA8D39C7BE425D30E_analysis-12.csv;user-a;6;-461273203;5;true;0.005005407593836028;0.0;Infinity;0;B
user-a_session-29AF06B372FD52129AAB65DA477E308EC73CF0D44087D05DA8D39C7BE425D30E_analysis-12.csv;user-a;6;317102892;6;true;0.9084204367252242;0.0;Infinity;0;B
user-a_session-29AF06B372FD52129AAB65DA477E308EC73CF0D44087D05DA8D39C7BE425D30E_analysis-12.csv;user-a;6;881289189;6;true;-0.385660550949467;0.0;Infinity;0;B
user-a_session-29AF06B372FD52129AAB65DA477E308EC73CF0D44087D05DA8D39C7BE425D30E_analysis-12.csv;user-a;6;-1031491496;6;true;-0.4100771733584234;0.0;Infinity;0;B
user-a_session-29AF06B372FD52129AAB65DA477E308EC73CF0D44087D05DA8D39C7BE425D30E_analysis-12.csv;user-a;6;-1456268119;6;true;0.22475500927444397;0.0;Infinity;0;B
user-a_session-29AF06B372FD52129AAB65DA477E308EC73CF0D44087D05DA8D39C7BE425D30E_analysis-12.csv;user-a;6;-1160766430;5;true;-0.385660550949467;0.0;Infinity;0;B
user-a_session-29AF06B372FD52129AAB65DA477E308EC73CF0D44087D05DA8D39C7BE425D30E_analysis-12.csv;user-a;6;-151261338;5;true;-0.3612439285405105;0.0;Infinity;0;B
user-a_session-29AF06B372FD52129AAB65DA477E308EC73CF0D44087D05DA8D39C7BE425D30E_analysis-12.csv;user-a;6;1480092510;6;true;0.22475500927444397;0.0;Infinity;0;B
user-a_session-29AF06B372FD52129AAB65DA477E308EC73CF0D44087D05DA8D39C7BE425D30E_analysis-12.csv;user-a;6;-501010012;6;true;1.2502531504506142;0.0;Infinity;0;B
user-a_session-29AF06B372FD52129AAB65DA477E308EC73CF0D44087D05DA8D39C7BE425D30E_analysis-12.csv;user-a;6;-450792246;6;true;-0.31241068372259767;0.0;Infinity;0;B
user-a_session-29AF06B372FD52129AAB65DA477E308EC73CF0D44087D05DA8D39C7BE425D30E_analysis-12.csv;user-a;6;1990915851;7;true;0.2735882540923568;0.0;Infinity;0;B
user-a_session-29AF06B372FD52129AAB65DA477E308EC73CF0D44087D05DA8D39C7BE425D30E_analysis-12.csv;user-a;6;-1290462602;5;true;-0.5809935302211184;0.0;Infinity;0;B
user-a_session-29AF06B372FD52129AAB65DA477E308EC73CF0D44087D05DA8D39C7BE425D30E_analysis-12.csv;user-a;6;-1700613937;7;true;-0.4100771733584234;0.0;Infinity;0;B
user-a_session-29AF06B372FD52129AAB65DA477E308EC73CF0D44087D05DA8D39C7BE425D30E_analysis-12.csv;user-a;6;71318288;6;true;-0.48332704058529274;0.0;Infinity;0;B
user-a_session-29AF06B372FD52129AAB65DA477E308EC73CF0D44087D05DA8D39C7BE425D30E_analysis-12.csv;user-a;6;-1617588781;6;true;-0.5809935302211184;0.0;Infinity;0;B
user-a_session-29AF06B372FD52129AAB65DA477E308EC73CF0D44087D05DA8D39C7BE425D30E_analysis-12.csv;user-a;6;-343045209;6;true;-0.5565769078121621;0.0;Infinity;0;B
user-a_session-29AF06B372FD52129AAB65DA477E308EC73CF0D44087D05DA8D39C7BE425D30E_analysis-12.csv;user-a;6;99170863;5;true;-0.5565769078121621;0.0;Infinity;0;B
user-a_session-29AF06B372FD52129AAB65DA477E308EC73CF0D44087D05DA8D39C7BE425D30E_analysis-12.csv;user-a;6;1518751317;6;true;-0.5809935302211184;0.0;Infinity;0;B
user-a_session-29AF06B372FD52129AAB65DA477E308EC73CF0D44087D05DA8D39C7BE425D30E_analysis-12.csv;user-a;6;1622813673;6;true;-0.5565769078121621;0.0;Infinity;0;B
user-a_session-29AF06B372FD52129AAB65DA477E308EC73CF0D44087D05DA8D39C7BE425D30E_analysis-12.csv;user-a;6;-829804347;5;true;-0.5809935302211184;0.0;Infinity;0;B
user-a_session-29AF06B372FD52129AAB65DA477E308EC73CF0D44087D05DA8D39C7BE425D30E_analysis-12.csv;user-a;6;13113;5;true;-0.43449379576737984;0.0;Infinity;0;B
user-a_session-29AF06B372FD52129AAB65DA477E308EC73CF0D44087D05DA8D39C7BE425D30E_analysis-12.csv;user-a;6;1657345358;6;true;-0.48332704058529274;0.0;Infinity;0;B
user-a_session-29AF06B372FD52129AAB65DA477E308EC73CF0D44087D05DA8D39C7BE425D30E_analysis-12.csv;user-a;6;796574256;6;true;-0.45891041817633627;0.0;Infinity;0;B
user-a_session-29AF06B372FD52129AAB65DA477E308EC73CF0D44087D05DA8D39C7BE425D30E_analysis-12.csv;user-a;6;-949126447;8;true;-0.3612439285405105;0.0;Infinity;0;B
user-a_session-29AF06B372FD52129AAB65DA477E308EC73CF0D44087D05DA8D39C7BE425D30E_analysis-12.csv;user-a;6;1295963969;6;true;-0.019411214815120408;0.0;Infinity;0;B
user-a_session-29AF06B372FD52129AAB65DA477E308EC73CF0D44087D05DA8D39C7BE425D30E_analysis-12.csv;user-a;6;2086733999;5;true;0.12708851963861822;0.0;Infinity;0;B
user-a_session-29AF06B372FD52129AAB65DA477E308EC73CF0D44087D05DA8D39C7BE425D30E_analysis-12.csv;user-a;6;-569858265;6;true;0.9572536815431371;0.0;Infinity;0;B
user-a_session-29AF06B372FD52129AAB65DA477E308EC73CF0D44087D05DA8D39C7BE425D30E_analysis-12.csv;user-a;6;-1339907985;5;true;-0.5809935302211184;0.0;Infinity;0;B
user-a_session-29AF06B372FD52129AAB65DA477E308EC73CF0D44087D05DA8D39C7BE425D30E_analysis-12.csv;user-a;6;2137624299;6;true;-0.26357743890468477;0.0;Infinity;0;B
user-a_session-29AF06B372FD52129AAB65DA477E308EC73CF0D44087D05DA8D39C7BE425D30E_analysis-12.csv;user-a;6;1907670408;6;true;1.4211695073133095;0.0;Infinity;0;B
user-a_session-29AF06B372FD52129AAB65DA477E308EC73CF0D44087D05DA8D39C7BE425D30E_analysis-12.csv;user-a;6;1214659839;6;true;-0.5565769078121621;0.0;Infinity;0;B
user-a_session-29AF06B372FD52129AAB65DA477E308EC73CF0D44087D05DA8D39C7BE425D30E_analysis-12.csv;user-a;6;963302235;5;true;-0.45891041817633627;0.0;Infinity;0;B
user-a_session-29AF06B372FD52129AAB65DA477E308EC73CF0D44087D05DA8D39C7BE425D30E_analysis-12.csv;user-a;6;-230708987;7;true;-0.04382783722407685;0.0;Infinity;0;B
user-a_session-29AF06B372FD52129AAB65DA477E308EC73CF0D44087D05DA8D39C7BE425D30E_analysis-12.csv;user-a;6;985781361;5;true;-0.04382783722407685;0.0;Infinity;0;B
user-a_session-29AF06B372FD52129AAB65DA477E308EC73CF0D44087D05DA8D39C7BE425D30E_analysis-12.csv;user-a;6;398491106;6;true;-0.09266108204198972;0.0;Infinity;0;B
user-a_session-29AF06B372FD52129AAB65DA477E308EC73CF0D44087D05DA8D39C7BE425D30E_analysis-12.csv;user-a;6;-2063396630;6;true;-0.21474419408677192;0.0;Infinity;0;B
user-a_session-29AF06B372FD52129AAB65DA477E308EC73CF0D44087D05DA8D39C7BE425D30E_analysis-12.csv;user-a;6;-1997097460;6;true;3.423332544847737;0.0;Infinity;0;B
user-a_session-29AF06B372FD52129AAB65DA477E308EC73CF0D44087D05DA8D39C7BE425D30E_analysis-12.csv;user-a;6;-1077434287;5;true;0.5177544781819212;0.0;Infinity;0;B
user-a_session-29AF06B372FD52129AAB65DA477E308EC73CF0D44087D05DA8D39C7BE425D30E_analysis-12.csv;user-a;6;2059706823;7;true;-0.5565769078121621;0.0;Infinity;0;B
user-a_session-29AF06B372FD52129AAB65DA477E308EC73CF0D44087D05DA8D39C7BE425D30E_analysis-12.csv;user-a;6;1587920063;6;true;-0.5809935302211184;0.0;Infinity;0;B
user-a_session-29AF06B372FD52129AAB65DA477E308EC73CF0D44087D05DA8D39C7BE425D30E_analysis-12.csv;user-a;6;-2130655196;6;true;0.07825527482070534;0.0;Infinity;0;B
user-a_session-29AF06B372FD52129AAB65DA477E308EC73CF0D44087D05DA8D39C7BE425D30E_analysis-12.csv;user-a;6;-1865484415;6;true;0.8595871919073114;0.0;Infinity;0;B
user-a_session-29AF06B372FD52129AAB65DA477E308EC73CF0D44087D05DA8D39C7BE425D30E_analysis-12.csv;user-a;6;-602177393;5;true;-0.31241068372259767;0.0;Infinity;0;B
user-a_session-29AF06B372FD52129AAB65DA477E308EC73CF0D44087D05DA8D39C7BE425D30E_analysis-12.csv;user-a;6;-1627499296;7;true;-0.5809935302211184;0.0;Infinity;0;B
user-a_session-29AF06B372FD52129AAB65DA477E308EC73CF0D44087D05DA8D39C7BE425D30E_analysis-12.csv;user-a;6;-1020015867;6;true;-0.48332704058529274;0.0;Infinity;0;B
user-a_session-29AF06B372FD52129AAB65DA477E308EC73CF0D44087D05DA8D39C7BE425D30E_analysis-12.csv;user-a;6;-1820846018;7;true;-0.5077436629942491;0.0;Infinity;0;B
user-a_session-29AF06B372FD52129AAB65DA477E308EC73CF0D44087D05DA8D39C7BE425D30E_analysis-12.csv;user-a;6;-1033271400;6;true;1.1770032832237451;0.0;Infinity;0;B
user-a_session-29AF06B372FD52129AAB65DA477E308EC73CF0D44087D05DA8D39C7BE425D30E_analysis-12.csv;user-a;6;-1415202621;7;true;-0.385660550949467;0.0;Infinity;0;B
user-a_session-29AF06B372FD52129AAB65DA477E308EC73CF0D44087D05DA8D39C7BE425D30E_analysis-12.csv;user-a;6;214215920;6;true;-0.19032757167781547;0.0;Infinity;0;B
user-a_session-29AF06B372FD52129AAB65DA477E308EC73CF0D44087D05DA8D39C7BE425D30E_analysis-12.csv;user-a;6;873381920;6;true;-0.5321602854032056;0.0;Infinity;0;B
user-a_session-29AF06B372FD52129AAB65DA477E308EC73CF0D44087D05DA8D39C7BE425D30E_analysis-12.csv;user-a;6;959969284;5;true;2.5931673829432182;0.0;Infinity;0;B
user-a_session-29AF06B372FD52129AAB65DA477E308EC73CF0D44087D05DA8D39C7BE425D30E_analysis-12.csv;user-a;6;1018742280;6;true;-0.19032757167781547;0.0;Infinity;0;B
user-a_session-29AF06B372FD52129AAB65DA477E308EC73CF0D44087D05DA8D39C7BE425D30E_analysis-12.csv;user-a;6;-1017864461;6;true;-0.5809935302211184;0.0;Infinity;0;B
user-a_session-29AF06B372FD52129AAB65DA477E308EC73CF0D44087D05DA8D39C7BE425D30E_analysis-12.csv;user-a;6;-524068995;6;true;-0.48332704058529274;0.0;Infinity;0;B
user-a_session-29AF06B372FD52129AAB65DA477E308EC73CF0D44087D05DA8D39C7BE425D30E_analysis-12.csv;user-a;6;-632086955;7;true;-0.5809935302211184;0.0;Infinity;0;B
user-a_session-29AF06B372FD52129AAB65DA477E308EC73CF0D44087D05DA8D39C7BE425D30E_analysis-12.csv;user-a;6;690715529;7;true;-0.5565769078121621;0.0;Infinity;0;B
user-a_session-29AF06B372FD52129AAB65DA477E308EC73CF0D44087D05DA8D39C7BE425D30E_analysis-12.csv;user-a;6;1934779662;5;true;-0.5809935302211184;0.0;Infinity;0;B
user-a_session-29AF06B372FD52129AAB65DA477E308EC73CF0D44087D05DA8D39C7BE425D30E_analysis-12.csv;user-a;6;-210211865;6;true;-0.5809935302211184;0.0;Infinity;0;B
user-a_session-29AF06B372FD52129AAB65DA477E308EC73CF0D44087D05DA8D39C7BE425D30E_analysis-12.csv;user-a;6;-459680911;6;true;0.8351705694983549;0.0;Infinity;0;B
user-a_session-29AF06B372FD52129AAB65DA477E308EC73CF0D44087D05DA8D39C7BE425D30E_analysis-12.csv;user-a;6;-933976678;7;true;-0.5077436629942491;0.0;Infinity;0;B
user-a_session-29AF06B372FD52129AAB65DA477E308EC73CF0D44087D05DA8D39C7BE425D30E_analysis-12.csv;user-a;6;-707977961;6;true;1.6653357314028738;0.0;Infinity;0;B
user-a_session-29AF06B372FD52129AAB65DA477E308EC73CF0D44087D05DA8D39C7BE425D30E_analysis-12.csv;user-a;6;-1170615909;7;true;-0.5809935302211184;0.0;Infinity;0;B
user-a_session-29AF06B372FD52129AAB65DA477E308EC73CF0D44087D05DA8D39C7BE425D30E_analysis-12.csv;user-a;6;-1011190289;6;true;-0.45891041817633627;0.0;Infinity;0;B
user-a_session-29AF06B372FD52129AAB65DA477E308EC73CF0D44087D05DA8D39C7BE425D30E_analysis-12.csv;user-a;6;1105951417;8;true;-0.5809935302211184;0.0;Infinity;0;B
user-a_session-29AF06B372FD52129AAB65DA477E308EC73CF0D44087D05DA8D39C7BE425D30E_analysis-12.csv;user-a;6;-1402136868;7;true;2.617584005352175;0.0;Infinity;0;B
user-a_session-29AF06B372FD52129AAB65DA477E308EC73CF0D44087D05DA8D39C7BE425D30E_analysis-12.csv;user-a;6;-2035989304;5;true;-0.5565769078121621;0.0;Infinity;0;B
user-a_session-29AF06B372FD52129AAB65DA477E308EC73CF0D44087D05DA8D39C7BE425D30E_analysis-12.csv;user-a;6;1139571365;6;true;-0.5565769078121621;0.0;Infinity;0;B
user-a_session-29AF06B372FD52129AAB65DA477E308EC73CF0D44087D05DA8D39C7BE425D30E_analysis-12.csv;user-a;6;-392806937;5;true;-0.43449379576737984;0.0;Infinity;0;B
user-a_session-29AF06B372FD52129AAB65DA477E308EC73CF0D44087D05DA8D39C7BE425D30E_analysis-12.csv;user-a;6;1581333858;5;true;-0.45891041817633627;0.0;Infinity;0;B
user-a_session-29AF06B372FD52129AAB65DA477E308EC73CF0D44087D05DA8D39C7BE425D30E_analysis-12.csv;user-a;6;1455480708;8;true;-0.5565769078121621;0.0;Infinity;0;B
user-a_session-29AF06B372FD52129AAB65DA477E308EC73CF0D44087D05DA8D39C7BE425D30E_analysis-12.csv;user-a;6;1247360923;8;true;-0.5809935302211184;0.0;Infinity;0;B
user-a_session-29AF06B372FD52129AAB65DA477E308EC73CF0D44087D05DA8D39C7BE425D30E_analysis-12.csv;user-a;6;1517224134;7;true;-0.43449379576737984;0.0;Infinity;0;B
user-a_session-29AF06B372FD52129AAB65DA477E308EC73CF0D44087D05DA8D39C7BE425D30E_analysis-12.csv;user-a;6;-129792108;6;true;-0.4100771733584234;0.0;Infinity;0;B
user-a_session-29AF06B372FD52129AAB65DA477E308EC73CF0D44087D05DA8D39C7BE425D30E_analysis-12.csv;user-a;6;851012736;5;true;-0.5321602854032056;0.0;Infinity;0;B
user-a_session-29AF06B372FD52129AAB65DA477E308EC73CF0D44087D05DA8D39C7BE425D30E_analysis-12.csv;user-a;6;37300729;6;true;-0.19032757167781547;0.0;Infinity;0;B
user-a_session-29AF06B372FD52129AAB65DA477E308EC73CF0D44087D05DA8D39C7BE425D30E_analysis-12.csv;user-a;6;-1901588587;5;true;-0.5321602854032056;0.0;Infinity;0;B
user-a_session-29AF06B372FD52129AAB65DA477E308EC73CF0D44087D05DA8D39C7BE425D30E_analysis-12.csv;user-a;6;1652349293;5;true;-0.5809935302211184;0.0;Infinity;0;B
user-a_session-29AF06B372FD52129AAB65DA477E308EC73CF0D44087D05DA8D39C7BE425D30E_analysis-12.csv;user-a;6;1801068421;7;true;-0.1414943268599026;0.0;Infinity;0;B
user-a_session-29AF06B372FD52129AAB65DA477E308EC73CF0D44087D05DA8D39C7BE425D30E_analysis-12.csv;user-a;6;305271405;6;true;-0.04382783722407685;0.0;Infinity;0;B
user-a_session-29AF06B372FD52129AAB65DA477E308EC73CF0D44087D05DA8D39C7BE425D30E_analysis-12.csv;user-a;6;-1923362972;5;true;0.2980048765013133;0.0;Infinity;0;B
user-a_session-29AF06B372FD52129AAB65DA477E308EC73CF0D44087D05DA8D39C7BE425D30E_analysis-12.csv;user-a;6;40993598;6;true;-0.3368273061315541;0.0;Infinity;0;B
user-a_session-29AF06B372FD52129AAB65DA477E308EC73CF0D44087D05DA8D39C7BE425D30E_analysis-12.csv;user-a;6;1431939975;6;true;-0.28799406131364125;0.0;Infinity;0;B
user-a_session-29AF06B372FD52129AAB65DA477E308EC73CF0D44087D05DA8D39C7BE425D30E_analysis-12.csv;user-a;6;1313194465;5;true;-0.5809935302211184;0.0;Infinity;0;B
user-a_session-29AF06B372FD52129AAB65DA477E308EC73CF0D44087D05DA8D39C7BE425D30E_analysis-12.csv;user-a;6;-572117854;6;true;0.029422030002792466;0.0;Infinity;0;B
user-a_session-29AF06B372FD52129AAB65DA477E308EC73CF0D44087D05DA8D39C7BE425D30E_analysis-12.csv;user-a;6;774382301;5;true;2.080418312355133;0.0;Infinity;0;B
user-a_session-29AF06B372FD52129AAB65DA477E308EC73CF0D44087D05DA8D39C7BE425D30E_analysis-12.csv;user-a;6;2107835615;6;true;-0.5809935302211184;0.0;Infinity;0;B
user-a_session-29AF06B372FD52129AAB65DA477E308EC73CF0D44087D05DA8D39C7BE425D30E_analysis-12.csv;user-a;6;-106393702;6;true;-0.23916081649572835;0.0;Infinity;0;B
user-a_session-29AF06B372FD52129AAB65DA477E308EC73CF0D44087D05DA8D39C7BE425D30E_analysis-12.csv;user-a;6;1924850819;10;true;-0.385660550949467;0.0;Infinity;0;B
user-a_session-29AF06B372FD52129AAB65DA477E308EC73CF0D44087D05DA8D39C7BE425D30E_analysis-12.csv;user-a;6;422896172;6;true;-0.5565769078121621;0.0;Infinity;0;B
user-a_session-29AF06B372FD52129AAB65DA477E308EC73CF0D44087D05DA8D39C7BE425D30E_analysis-12.csv;user-a;6;-1694563723;6;true;2.8129169846238264;0.0;Infinity;0;B
user-a_session-29AF06B372FD52129AAB65DA477E308EC73CF0D44087D05DA8D39C7BE425D30E_analysis-12.csv;user-a;6;1103521969;7;true;-0.28799406131364125;0.0;Infinity;0;B
user-a_session-29AF06B372FD52129AAB65DA477E308EC73CF0D44087D05DA8D39C7BE425D30E_analysis-12.csv;user-a;6;962036955;5;true;-0.48332704058529274;0.0;Infinity;0;B
user-a_session-29AF06B372FD52129AAB65DA477E308EC73CF0D44087D05DA8D39C7BE425D30E_analysis-12.csv;user-a;6;-587283706;6;true;-0.5809935302211184;0.0;Infinity;0;B
user-a_session-29AF06B372FD52129AAB65DA477E308EC73CF0D44087D05DA8D39C7BE425D30E_analysis-12.csv;user-a;6;938301047;6;true;-0.5809935302211184;0.0;Infinity;0;B
user-a_session-29AF06B372FD52129AAB65DA477E308EC73CF0D44087D05DA8D39C7BE425D30E_analysis-12.csv;user-a;6;-1017537136;7;true;-0.45891041817633627;0.0;Infinity;0;B
user-a_session-29AF06B372FD52129AAB65DA477E308EC73CF0D44087D05DA8D39C7BE425D30E_analysis-12.csv;user-a;6;1266641983;5;true;-0.4100771733584234;0.0;Infinity;0;B
user-a_session-29AF06B372FD52129AAB65DA477E308EC73CF0D44087D05DA8D39C7BE425D30E_analysis-12.csv;user-a;6;686676110;7;true;3.325666055211911;0.0;Infinity;0;B
user-a_session-29AF06B372FD52129AAB65DA477E308EC73CF0D44087D05DA8D39C7BE425D30E_analysis-12.csv;user-a;6;-1446387907;6;true;-0.5565769078121621;0.0;Infinity;0;B
user-a_session-29AF06B372FD52129AAB65DA477E308EC73CF0D44087D05DA8D39C7BE425D30E_analysis-12.csv;user-a;6;1090499108;5;true;-0.3368273061315541;0.0;Infinity;0;B
user-a_session-29AF06B372FD52129AAB65DA477E308EC73CF0D44087D05DA8D39C7BE425D30E_analysis-12.csv;user-a;6;-1285071712;6;true;-0.28799406131364125;0.0;Infinity;0;B
user-a_session-29AF06B372FD52129AAB65DA477E308EC73CF0D44087D05DA8D39C7BE425D30E_analysis-12.csv;user-a;6;2133053586;5;true;-0.28799406131364125;0.0;Infinity;0;B
user-a_session-29AF06B372FD52129AAB65DA477E308EC73CF0D44087D05DA8D39C7BE425D30E_analysis-12.csv;user-a;6;-736770322;7;true;-0.5809935302211184;0.0;Infinity;0;B
user-a_session-29AF06B372FD52129AAB65DA477E308EC73CF0D44087D05DA8D39C7BE425D30E_analysis-12.csv;user-a;6;-1713950066;6;true;-0.5809935302211184;0.0;Infinity;0;B
user-a_session-29AF06B372FD52129AAB65DA477E308EC73CF0D44087D05DA8D39C7BE425D30E_analysis-12.csv;user-a;6;-2108686580;6;true;-0.5077436629942491;0.0;Infinity;0;B
user-a_session-29AF06B372FD52129AAB65DA477E308EC73CF0D44087D05DA8D39C7BE425D30E_analysis-12.csv;user-a;6;812561612;7;true;-0.5565769078121621;0.0;Infinity;0;B
user-a_session-29AF06B372FD52129AAB65DA477E308EC73CF0D44087D05DA8D39C7BE425D30E_analysis-12.csv;user-a;6;467066200;6;true;-0.26357743890468477;0.0;Infinity;0;B
user-a_session-29AF06B372FD52129AAB65DA477E308EC73CF0D44087D05DA8D39C7BE425D30E_analysis-12.csv;user-a;6;-841769733;6;true;0.786337324680442;0.0;Infinity;0;B
user-a_session-29AF06B372FD52129AAB65DA477E308EC73CF0D44087D05DA8D39C7BE425D30E_analysis-12.csv;user-a;6;-223438315;5;true;0.4933378557729648;0.0;Infinity;0;B
user-a_session-29AF06B372FD52129AAB65DA477E308EC73CF0D44087D05DA8D39C7BE425D30E_analysis-12.csv;user-a;6;1694387364;4;true;0.9572536815431371;0.0;Infinity;0;B
user-a_session-29AF06B372FD52129AAB65DA477E308EC73CF0D44087D05DA8D39C7BE425D30E_analysis-12.csv;user-a;6;-49230164;6;true;0.12708851963861822;0.0;Infinity;0;B
user-a_session-29AF06B372FD52129AAB65DA477E308EC73CF0D44087D05DA8D39C7BE425D30E_analysis-12.csv;user-a;6;-1115303699;5;true;0.2735882540923568;0.0;Infinity;0;B
user-a_session-29AF06B372FD52129AAB65DA477E308EC73CF0D44087D05DA8D39C7BE425D30E_analysis-12.csv;user-a;6;1239787050;6;true;-0.19032757167781547;0.0;Infinity;0;B
user-a_session-29AF06B372FD52129AAB65DA477E308EC73CF0D44087D05DA8D39C7BE425D30E_analysis-12.csv;user-a;6;-499627926;6;true;-0.5321602854032056;0.0;Infinity;0;B
user-a_session-29AF06B372FD52129AAB65DA477E308EC73CF0D44087D05DA8D39C7BE425D30E_analysis-12.csv;user-a;6;1071467337;6;true;-0.5809935302211184;0.0;Infinity;0;B
user-a_session-29AF06B372FD52129AAB65DA477E308EC73CF0D44087D05DA8D39C7BE425D30E_analysis-12.csv;user-a;6;-38574119;5;true;-0.45891041817633627;0.0;Infinity;0;B
user-a_session-29AF06B372FD52129AAB65DA477E308EC73CF0D44087D05DA8D39C7BE425D30E_analysis-12.csv;user-a;6;-1480001903;6;true;-0.5321602854032056;0.0;Infinity;0;B
user-a_session-29AF06B372FD52129AAB65DA477E308EC73CF0D44087D05DA8D39C7BE425D30E_analysis-12.csv;user-a;6;917690707;5;true;-0.23916081649572835;0.0;Infinity;0;B
user-a_session-29AF06B372FD52129AAB65DA477E308EC73CF0D44087D05DA8D39C7BE425D30E_analysis-12.csv;user-a;6;-1742733670;6;true;0.029422030002792466;0.0;Infinity;0;B
user-a_session-29AF06B372FD52129AAB65DA477E308EC73CF0D44087D05DA8D39C7BE425D30E_analysis-12.csv;user-a;6;156252520;5;true;0.5665877229998341;0.0;Infinity;0;B
user-a_session-29AF06B372FD52129AAB65DA477E308EC73CF0D44087D05DA8D39C7BE425D30E_analysis-12.csv;user-a;6;-1241322168;6;true;-0.5321602854032056;0.0;Infinity;0;B
user-a_session-29AF06B372FD52129AAB65DA477E308EC73CF0D44087D05DA8D39C7BE425D30E_analysis-12.csv;user-a;6;1247432052;6;true;-0.5565769078121621;0.0;Infinity;0;B
user-a_session-29AF06B372FD52129AAB65DA477E308EC73CF0D44087D05DA8D39C7BE425D30E_analysis-12.csv;user-a;6;1145519201;5;true;0.1759217644565311;0.0;Infinity;0;B
user-a_session-29AF06B372FD52129AAB65DA477E308EC73CF0D44087D05DA8D39C7BE425D30E_analysis-12.csv;user-a;6;909091677;6;true;0.029422030002792466;0.0;Infinity;0;B
user-a_session-29AF06B372FD52129AAB65DA477E308EC73CF0D44087D05DA8D39C7BE425D30E_analysis-12.csv;user-a;6;-408636744;7;true;3.1791663207581724;0.0;Infinity;0;B
user-a_session-29AF06B372FD52129AAB65DA477E308EC73CF0D44087D05DA8D39C7BE425D30E_analysis-12.csv;user-a;6;450847803;5;true;-0.43449379576737984;0.0;Infinity;0;B
user-a_session-29AF06B372FD52129AAB65DA477E308EC73CF0D44087D05DA8D39C7BE425D30E_analysis-12.csv;user-a;6;-361145705;5;true;-0.5321602854032056;0.0;Infinity;0;B
user-a_session-29AF06B372FD52129AAB65DA477E308EC73CF0D44087D05DA8D39C7BE425D30E_analysis-12.csv;user-a;6;-382312287;6;true;-0.5809935302211184;0.0;Infinity;0;B
user-a_session-29AF06B372FD52129AAB65DA477E308EC73CF0D44087D05DA8D39C7BE425D30E_analysis-12.csv;user-a;6;1279653064;5;true;1.7630022210386995;0.0;Infinity;0;B
user-a_session-29AF06B372FD52129AAB65DA477E308EC73CF0D44087D05DA8D39C7BE425D30E_analysis-12.csv;user-a;6;597475391;7;true;-0.5565769078121621;0.0;Infinity;0;B
user-a_session-29AF06B372FD52129AAB65DA477E308EC73CF0D44087D05DA8D39C7BE425D30E_analysis-12.csv;user-a;6;1246293967;8;true;-0.5077436629942491;0.0;Infinity;0;B
user-a_session-29AF06B372FD52129AAB65DA477E308EC73CF0D44087D05DA8D39C7BE425D30E_analysis-12.csv;user-a;6;-935158165;7;true;-0.5809935302211184;0.0;Infinity;0;B
user-a_session-29AF06B372FD52129AAB65DA477E308EC73CF0D44087D05DA8D39C7BE425D30E_analysis-12.csv;user-a;6;383455335;6;true;-0.06824445963303329;0.0;Infinity;0;B
user-a_session-29AF06B372FD52129AAB65DA477E308EC73CF0D44087D05DA8D39C7BE425D30E_analysis-12.csv;user-a;6;855363874;14;true;-0.5321602854032056;0.0;Infinity;0;B
user-a_session-29AF06B372FD52129AAB65DA477E308EC73CF0D44087D05DA8D39C7BE425D30E_analysis-12.csv;user-a;6;1938357635;6;true;-0.28799406131364125;0.0;Infinity;0;B
user-a_session-29AF06B372FD52129AAB65DA477E308EC73CF0D44087D05DA8D39C7BE425D30E_analysis-12.csv;user-a;6;-255058545;5;true;-0.5565769078121621;0.0;Infinity;0;B
user-a_session-29AF06B372FD52129AAB65DA477E308EC73CF0D44087D05DA8D39C7BE425D30E_analysis-12.csv;user-a;6;-1506336089;7;true;-0.5565769078121621;0.0;Infinity;0;B
user-a_session-29AF06B372FD52129AAB65DA477E308EC73CF0D44087D05DA8D39C7BE425D30E_analysis-12.csv;user-a;6;2115457304;6;true;-0.5809935302211184;0.0;Infinity;0;B
user-a_session-29AF06B372FD52129AAB65DA477E308EC73CF0D44087D05DA8D39C7BE425D30E_analysis-12.csv;user-a;6;-60504328;7;true;-0.5809935302211184;0.0;Infinity;0;B
user-a_session-29AF06B372FD52129AAB65DA477E308EC73CF0D44087D05DA8D39C7BE425D30E_analysis-12.csv;user-a;6;-972093596;5;true;0.12708851963861822;0.0;Infinity;0;B
user-a_session-29AF06B372FD52129AAB65DA477E308EC73CF0D44087D05DA8D39C7BE425D30E_analysis-12.csv;user-a;6;-1423777249;7;true;-0.4100771733584234;0.0;Infinity;0;B
user-a_session-29AF06B372FD52129AAB65DA477E308EC73CF0D44087D05DA8D39C7BE425D30E_analysis-12.csv;user-a;6;-271753682;5;true;-0.5077436629942491;0.0;Infinity;0;B
user-a_session-29AF06B372FD52129AAB65DA477E308EC73CF0D44087D05DA8D39C7BE425D30E_analysis-12.csv;user-a;6;676138051;5;true;1.4944193745401788;0.0;Infinity;0;B
user-a_session-29AF06B372FD52129AAB65DA477E308EC73CF0D44087D05DA8D39C7BE425D30E_analysis-12.csv;user-a;6;967309465;5;true;-0.5077436629942491;0.0;Infinity;0;B
user-a_session-29AF06B372FD52129AAB65DA477E308EC73CF0D44087D05DA8D39C7BE425D30E_analysis-12.csv;user-a;6;-1557548911;6;true;-0.19032757167781547;0.0;Infinity;0;B
user-a_session-29AF06B372FD52129AAB65DA477E308EC73CF0D44087D05DA8D39C7BE425D30E_analysis-12.csv;user-a;6;-1957977069;7;true;-0.26357743890468477;0.0;Infinity;0;B
user-a_session-29AF06B372FD52129AAB65DA477E308EC73CF0D44087D05DA8D39C7BE425D30E_analysis-12.csv;user-a;6;2008755398;6;true;-0.43449379576737984;0.0;Infinity;0;B
user-a_session-29AF06B372FD52129AAB65DA477E308EC73CF0D44087D05DA8D39C7BE425D30E_analysis-12.csv;user-a;6;-552547292;6;true;-0.19032757167781547;0.0;Infinity;0;B
user-a_session-29AF06B372FD52129AAB65DA477E308EC73CF0D44087D05DA8D39C7BE425D30E_analysis-12.csv;user-a;6;-1807630794;5;true;0.5421711005908777;0.0;Infinity;0;B
user-a_session-29AF06B372FD52129AAB65DA477E308EC73CF0D44087D05DA8D39C7BE425D30E_analysis-12.csv;user-a;6;-1752994002;6;true;-0.5809935302211184;0.0;Infinity;0;B
user-a_session-29AF06B372FD52129AAB65DA477E308EC73CF0D44087D05DA8D39C7BE425D30E_analysis-12.csv;user-a;6;1341718242;5;true;-0.5321602854032056;0.0;Infinity;0;B
user-a_session-29AF06B372FD52129AAB65DA477E308EC73CF0D44087D05DA8D39C7BE425D30E_analysis-12.csv;user-a;6;783539509;6;true;-0.5077436629942491;0.0;Infinity;0;B
user-a_session-29AF06B372FD52129AAB65DA477E308EC73CF0D44087D05DA8D39C7BE425D30E_analysis-12.csv;user-a;6;-1107645779;5;true;0.05383865241174891;0.0;Infinity;0;B
user-a_session-29AF06B372FD52129AAB65DA477E308EC73CF0D44087D05DA8D39C7BE425D30E_analysis-12.csv;user-a;6;1022623765;7;true;0.7130874574535727;0.0;Infinity;0;B
user-a_session-29AF06B372FD52129AAB65DA477E308EC73CF0D44087D05DA8D39C7BE425D30E_analysis-12.csv;user-a;6;729531683;7;true;-0.5809935302211184;0.0;Infinity;0;B
user-a_session-29AF06B372FD52129AAB65DA477E308EC73CF0D44087D05DA8D39C7BE425D30E_analysis-12.csv;user-a;6;1579028848;7;true;-0.26357743890468477;0.0;Infinity;0;B
user-a_session-29AF06B372FD52129AAB65DA477E308EC73CF0D44087D05DA8D39C7BE425D30E_analysis-12.csv;user-a;6;7222879;6;true;-0.45891041817633627;0.0;Infinity;0;B
user-a_session-29AF06B372FD52129AAB65DA477E308EC73CF0D44087D05DA8D39C7BE425D30E_analysis-12.csv;user-a;6;42548235;5;true;-0.5809935302211184;0.0;Infinity;0;B
user-a_session-29AF06B372FD52129AAB65DA477E308EC73CF0D44087D05DA8D39C7BE425D30E_analysis-12.csv;user-a;6;-542627125;5;true;-0.5321602854032056;0.0;Infinity;0;B
user-a_session-29AF06B372FD52129AAB65DA477E308EC73CF0D44087D05DA8D39C7BE425D30E_analysis-12.csv;user-a;6;-2045534698;6;true;-0.48332704058529274;0.0;Infinity;0;B
user-a_session-29AF06B372FD52129AAB65DA477E308EC73CF0D44087D05DA8D39C7BE425D30E_analysis-12.csv;user-a;6;560502383;5;true;-0.45891041817633627;0.0;Infinity;0;B
user-a_session-29AF06B372FD52129AAB65DA477E308EC73CF0D44087D05DA8D39C7BE425D30E_analysis-12.csv;user-a;6;1008745043;7;true;-0.5809935302211184;0.0;Infinity;0;B
user-a_session-29AF06B372FD52129AAB65DA477E308EC73CF0D44087D05DA8D39C7BE425D30E_analysis-12.csv;user-a;6;681978894;7;true;-0.5809935302211184;0.0;Infinity;0;B
user-a_session-29AF06B372FD52129AAB65DA477E308EC73CF0D44087D05DA8D39C7BE425D30E_analysis-12.csv;user-a;6;-2084834865;7;true;-0.48332704058529274;0.0;Infinity;0;B
user-a_session-29AF06B372FD52129AAB65DA477E308EC73CF0D44087D05DA8D39C7BE425D30E_analysis-12.csv;user-a;6;938749042;6;true;-0.5809935302211184;0.0;Infinity;0;B
user-a_session-29AF06B372FD52129AAB65DA477E308EC73CF0D44087D05DA8D39C7BE425D30E_analysis-12.csv;user-a;6;1743740756;6;true;-0.5565769078121621;0.0;Infinity;0;B
user-a_session-29AF06B372FD52129AAB65DA477E308EC73CF0D44087D05DA8D39C7BE425D30E_analysis-12.csv;user-a;6;-291203920;6;true;1.2258365280416579;0.0;Infinity;0;B
user-a_session-29AF06B372FD52129AAB65DA477E308EC73CF0D44087D05DA8D39C7BE425D30E_analysis-12.csv;user-a;6;609935037;8;true;0.2491716316834004;0.0;Infinity;0;B
user-a_session-29AF06B372FD52129AAB65DA477E308EC73CF0D44087D05DA8D39C7BE425D30E_analysis-12.csv;user-a;6;-298050999;5;true;2.3734177812626105;0.0;Infinity;0;B
user-a_session-29AF06B372FD52129AAB65DA477E308EC73CF0D44087D05DA8D39C7BE425D30E_analysis-12.csv;user-a;6;1906086653;7;true;0.786337324680442;0.0;Infinity;0;B
user-a_session-29AF06B372FD52129AAB65DA477E308EC73CF0D44087D05DA8D39C7BE425D30E_analysis-12.csv;user-a;6;1450181927;7;true;-0.43449379576737984;0.0;Infinity;0;B
user-a_session-29AF06B372FD52129AAB65DA477E308EC73CF0D44087D05DA8D39C7BE425D30E_analysis-12.csv;user-a;6;-1844253153;6;true;0.4445046109550519;0.0;Infinity;0;B
