session ;user;query position;cell hashcode;cell computation time;novelty;outlierness;relevance;surprise;query label;session label
user-I051892_session-05F964991B84D6A73AB5C73DA9CB1A97C34CB84348A55BE18FEB6A11A66B8BC9_analysis-3.csv;user-I051892;1;934876582;3;true;2.0071984391615842;0.0;Infinity;0;B
user-I051892_session-05F964991B84D6A73AB5C73DA9CB1A97C34CB84348A55BE18FEB6A11A66B8BC9_analysis-3.csv;user-I051892;1;-661528774;3;true;-0.855215399207918;0.0;Infinity;0;B
user-I051892_session-05F964991B84D6A73AB5C73DA9CB1A97C34CB84348A55BE18FEB6A11A66B8BC9_analysis-3.csv;user-I051892;1;870815030;4;true;0.37921826402561615;0.0;Infinity;0;B
user-I051892_session-05F964991B84D6A73AB5C73DA9CB1A97C34CB84348A55BE18FEB6A11A66B8BC9_analysis-3.csv;user-I051892;1;317646201;3;true;-1.095590211154081;0.0;Infinity;0;B
user-I051892_session-05F964991B84D6A73AB5C73DA9CB1A97C34CB84348A55BE18FEB6A11A66B8BC9_analysis-3.csv;user-I051892;1;176556107;4;true;-0.04419814500322564;0.0;Infinity;0;B
user-I051892_session-05F964991B84D6A73AB5C73DA9CB1A97C34CB84348A55BE18FEB6A11A66B8BC9_analysis-3.csv;user-I051892;1;408892511;5;true;0.28437072338725977;0.0;Infinity;0;B
user-I051892_session-05F964991B84D6A73AB5C73DA9CB1A97C34CB84348A55BE18FEB6A11A66B8BC9_analysis-3.csv;user-I051892;1;387991487;4;true;-0.7681538507115162;0.0;Infinity;0;B
user-I051892_session-05F964991B84D6A73AB5C73DA9CB1A97C34CB84348A55BE18FEB6A11A66B8BC9_analysis-3.csv;user-I051892;1;-1470499403;4;true;-0.00923196211117485;0.0;Infinity;0;B
user-I051892_session-05F964991B84D6A73AB5C73DA9CB1A97C34CB84348A55BE18FEB6A11A66B8BC9_analysis-3.csv;user-I051892;1;-1713035204;4;true;-0.8229389226921787;0.0;Infinity;0;B
user-I051892_session-05F964991B84D6A73AB5C73DA9CB1A97C34CB84348A55BE18FEB6A11A66B8BC9_analysis-3.csv;user-I051892;1;-1259064023;4;true;-1.0913433063493785;0.0;Infinity;0;B
user-I051892_session-05F964991B84D6A73AB5C73DA9CB1A97C34CB84348A55BE18FEB6A11A66B8BC9_analysis-3.csv;user-I051892;1;244683950;5;true;0.9917635003572105;0.0;Infinity;0;B
user-I051892_session-05F964991B84D6A73AB5C73DA9CB1A97C34CB84348A55BE18FEB6A11A66B8BC9_analysis-3.csv;user-I051892;1;-1329409309;2;true;-0.9061782568643483;0.0;Infinity;0;B
user-I051892_session-05F964991B84D6A73AB5C73DA9CB1A97C34CB84348A55BE18FEB6A11A66B8BC9_analysis-3.csv;user-I051892;1;870807567;3;true;0.37921826402561615;0.0;Infinity;0;B
user-I051892_session-05F964991B84D6A73AB5C73DA9CB1A97C34CB84348A55BE18FEB6A11A66B8BC9_analysis-3.csv;user-I051892;1;-1402371560;3;true;1.5510808631365332;0.0;Infinity;0;B
user-I051892_session-05F964991B84D6A73AB5C73DA9CB1A97C34CB84348A55BE18FEB6A11A66B8BC9_analysis-3.csv;user-I051892;2;1947979365;5;true;-0.24541178146858844;0.0;Infinity;0;B
user-I051892_session-05F964991B84D6A73AB5C73DA9CB1A97C34CB84348A55BE18FEB6A11A66B8BC9_analysis-3.csv;user-I051892;2;-1645642369;2;true;2.4541868983601036;0.0;Infinity;0;B
user-I051892_session-05F964991B84D6A73AB5C73DA9CB1A97C34CB84348A55BE18FEB6A11A66B8BC9_analysis-3.csv;user-I051892;2;1959132295;4;true;1.3153053299640936;0.0;Infinity;0;B
user-I051892_session-05F964991B84D6A73AB5C73DA9CB1A97C34CB84348A55BE18FEB6A11A66B8BC9_analysis-3.csv;user-I051892;2;-252237511;3;true;-0.7810759631024577;0.0;Infinity;0;B
user-I051892_session-05F964991B84D6A73AB5C73DA9CB1A97C34CB84348A55BE18FEB6A11A66B8BC9_analysis-3.csv;user-I051892;2;1052919571;3;true;-0.8388086582341081;0.0;Infinity;0;B
user-I051892_session-05F964991B84D6A73AB5C73DA9CB1A97C34CB84348A55BE18FEB6A11A66B8BC9_analysis-3.csv;user-I051892;2;385039036;4;true;-0.5755892312034651;0.0;Infinity;0;B
user-I051892_session-05F964991B84D6A73AB5C73DA9CB1A97C34CB84348A55BE18FEB6A11A66B8BC9_analysis-3.csv;user-I051892;2;1321855748;3;true;0.4821987319174173;0.0;Infinity;0;B
user-I051892_session-05F964991B84D6A73AB5C73DA9CB1A97C34CB84348A55BE18FEB6A11A66B8BC9_analysis-3.csv;user-I051892;2;415643024;2;true;-0.8941606236696079;0.0;Infinity;0;B
user-I051892_session-05F964991B84D6A73AB5C73DA9CB1A97C34CB84348A55BE18FEB6A11A66B8BC9_analysis-3.csv;user-I051892;2;455384322;3;true;-0.9021955863941159;0.0;Infinity;0;B
user-I051892_session-05F964991B84D6A73AB5C73DA9CB1A97C34CB84348A55BE18FEB6A11A66B8BC9_analysis-3.csv;user-I051892;2;312076785;4;true;2.3312817277963322;0.0;Infinity;0;B
user-I051892_session-05F964991B84D6A73AB5C73DA9CB1A97C34CB84348A55BE18FEB6A11A66B8BC9_analysis-3.csv;user-I051892;2;-393327605;3;true;0.004564836627217219;0.0;Infinity;0;B
user-I051892_session-05F964991B84D6A73AB5C73DA9CB1A97C34CB84348A55BE18FEB6A11A66B8BC9_analysis-3.csv;user-I051892;2;2012048380;4;true;1.770768679958892;0.0;Infinity;0;B
user-I051892_session-05F964991B84D6A73AB5C73DA9CB1A97C34CB84348A55BE18FEB6A11A66B8BC9_analysis-3.csv;user-I051892;2;1253727905;3;true;-0.24466780343854141;0.0;Infinity;0;B
user-I051892_session-05F964991B84D6A73AB5C73DA9CB1A97C34CB84348A55BE18FEB6A11A66B8BC9_analysis-3.csv;user-I051892;2;1465163285;3;true;-0.7542927540207642;0.0;Infinity;0;B
user-I051892_session-05F964991B84D6A73AB5C73DA9CB1A97C34CB84348A55BE18FEB6A11A66B8BC9_analysis-3.csv;user-I051892;2;1394817999;3;true;-0.9834379872752528;0.0;Infinity;0;B
user-I051892_session-05F964991B84D6A73AB5C73DA9CB1A97C34CB84348A55BE18FEB6A11A66B8BC9_analysis-3.csv;user-I051892;2;-181892225;3;true;-0.9432631736527126;0.0;Infinity;0;B
user-I051892_session-05F964991B84D6A73AB5C73DA9CB1A97C34CB84348A55BE18FEB6A11A66B8BC9_analysis-3.csv;user-I051892;2;-1709703921;3;true;0.06378548781896165;0.0;Infinity;0;B
user-I051892_session-05F964991B84D6A73AB5C73DA9CB1A97C34CB84348A55BE18FEB6A11A66B8BC9_analysis-3.csv;user-I051892;2;1486064309;4;true;-0.29525830948174014;0.0;Infinity;0;B
user-I051892_session-05F964991B84D6A73AB5C73DA9CB1A97C34CB84348A55BE18FEB6A11A66B8BC9_analysis-3.csv;user-I051892;2;-1709711384;3;true;0.13342183143136466;0.0;Infinity;0;B
user-I051892_session-05F964991B84D6A73AB5C73DA9CB1A97C34CB84348A55BE18FEB6A11A66B8BC9_analysis-3.csv;user-I051892;2;2102439832;2;true;-0.7098028678239512;0.0;Infinity;0;B
user-I051892_session-05F964991B84D6A73AB5C73DA9CB1A97C34CB84348A55BE18FEB6A11A66B8BC9_analysis-3.csv;user-I051892;2;-635863406;4;true;-0.7914916555231163;0.0;Infinity;0;B
user-I051892_session-05F964991B84D6A73AB5C73DA9CB1A97C34CB84348A55BE18FEB6A11A66B8BC9_analysis-3.csv;user-I051892;2;2032094546;3;true;-0.9326986856260446;0.0;Infinity;0;B
user-I051892_session-05F964991B84D6A73AB5C73DA9CB1A97C34CB84348A55BE18FEB6A11A66B8BC9_analysis-3.csv;user-I051892;2;-325199762;4;true;1.371252477823631;0.0;Infinity;0;B
user-I051892_session-05F964991B84D6A73AB5C73DA9CB1A97C34CB84348A55BE18FEB6A11A66B8BC9_analysis-3.csv;user-I051892;2;243948942;3;true;0.5042204816068098;0.0;Infinity;0;B
user-I051892_session-05F964991B84D6A73AB5C73DA9CB1A97C34CB84348A55BE18FEB6A11A66B8BC9_analysis-3.csv;user-I051892;2;1891004452;5;true;0.22180642140095308;0.0;Infinity;0;B
user-I051892_session-05F964991B84D6A73AB5C73DA9CB1A97C34CB84348A55BE18FEB6A11A66B8BC9_analysis-3.csv;user-I051892;2;1413141;3;true;-0.5346704395508779;0.0;Infinity;0;B
user-I051892_session-05F964991B84D6A73AB5C73DA9CB1A97C34CB84348A55BE18FEB6A11A66B8BC9_analysis-3.csv;user-I051892;2;2123340856;4;true;0.019444397228158033;0.0;Infinity;0;B
user-I051892_session-05F964991B84D6A73AB5C73DA9CB1A97C34CB84348A55BE18FEB6A11A66B8BC9_analysis-3.csv;user-I051892;2;1947986828;4;true;-0.24541178146858844;0.0;Infinity;0;B
user-I051892_session-05F964991B84D6A73AB5C73DA9CB1A97C34CB84348A55BE18FEB6A11A66B8BC9_analysis-3.csv;user-I051892;3;-1645642369;4;true;2.0946678974436046;0.0;Infinity;0;B
user-I051892_session-05F964991B84D6A73AB5C73DA9CB1A97C34CB84348A55BE18FEB6A11A66B8BC9_analysis-3.csv;user-I051892;3;1959132295;5;true;1.0308463831172872;0.0;Infinity;0;B
user-I051892_session-05F964991B84D6A73AB5C73DA9CB1A97C34CB84348A55BE18FEB6A11A66B8BC9_analysis-3.csv;user-I051892;3;934876582;5;true;1.9983485468520006;0.0;Infinity;0;B
user-I051892_session-05F964991B84D6A73AB5C73DA9CB1A97C34CB84348A55BE18FEB6A11A66B8BC9_analysis-3.csv;user-I051892;3;1052919571;7;true;-0.9812968182025585;0.0;Infinity;0;B
user-I051892_session-05F964991B84D6A73AB5C73DA9CB1A97C34CB84348A55BE18FEB6A11A66B8BC9_analysis-3.csv;user-I051892;3;385039036;5;true;-0.7354253446144666;0.0;Infinity;0;B
user-I051892_session-05F964991B84D6A73AB5C73DA9CB1A97C34CB84348A55BE18FEB6A11A66B8BC9_analysis-3.csv;user-I051892;3;317646201;5;true;-1.048011519911029;0.0;Infinity;0;B
user-I051892_session-05F964991B84D6A73AB5C73DA9CB1A97C34CB84348A55BE18FEB6A11A66B8BC9_analysis-3.csv;user-I051892;3;176556107;5;true;-0.015740499934342234;0.0;Infinity;0;B
user-I051892_session-05F964991B84D6A73AB5C73DA9CB1A97C34CB84348A55BE18FEB6A11A66B8BC9_analysis-3.csv;user-I051892;3;408892511;4;true;0.30685288061849064;0.0;Infinity;0;B
user-I051892_session-05F964991B84D6A73AB5C73DA9CB1A97C34CB84348A55BE18FEB6A11A66B8BC9_analysis-3.csv;user-I051892;3;455384322;4;true;-1.040506115968826;0.0;Infinity;0;B
user-I051892_session-05F964991B84D6A73AB5C73DA9CB1A97C34CB84348A55BE18FEB6A11A66B8BC9_analysis-3.csv;user-I051892;3;312076785;5;true;1.9798630149202785;0.0;Infinity;0;B
user-I051892_session-05F964991B84D6A73AB5C73DA9CB1A97C34CB84348A55BE18FEB6A11A66B8BC9_analysis-3.csv;user-I051892;3;-1259064023;4;true;-1.0438418510542495;0.0;Infinity;0;B
user-I051892_session-05F964991B84D6A73AB5C73DA9CB1A97C34CB84348A55BE18FEB6A11A66B8BC9_analysis-3.csv;user-I051892;3;870807567;5;true;0.39997548508656394;0.0;Infinity;0;B
user-I051892_session-05F964991B84D6A73AB5C73DA9CB1A97C34CB84348A55BE18FEB6A11A66B8BC9_analysis-3.csv;user-I051892;3;-661528774;5;true;-0.812008262617315;0.0;Infinity;0;B
user-I051892_session-05F964991B84D6A73AB5C73DA9CB1A97C34CB84348A55BE18FEB6A11A66B8BC9_analysis-3.csv;user-I051892;3;870815030;29;true;0.39997548508656394;0.0;Infinity;0;B
user-I051892_session-05F964991B84D6A73AB5C73DA9CB1A97C34CB84348A55BE18FEB6A11A66B8BC9_analysis-3.csv;user-I051892;3;-1709703921;5;true;-0.13818977536176394;0.0;Infinity;0;B
user-I051892_session-05F964991B84D6A73AB5C73DA9CB1A97C34CB84348A55BE18FEB6A11A66B8BC9_analysis-3.csv;user-I051892;3;-1709711384;5;true;-0.0731429411960053;0.0;Infinity;0;B
user-I051892_session-05F964991B84D6A73AB5C73DA9CB1A97C34CB84348A55BE18FEB6A11A66B8BC9_analysis-3.csv;user-I051892;3;2102439832;4;true;-0.8607933882416339;0.0;Infinity;0;B
user-I051892_session-05F964991B84D6A73AB5C73DA9CB1A97C34CB84348A55BE18FEB6A11A66B8BC9_analysis-3.csv;user-I051892;3;387991487;4;true;-0.7265300510533372;0.0;Infinity;0;B
user-I051892_session-05F964991B84D6A73AB5C73DA9CB1A97C34CB84348A55BE18FEB6A11A66B8BC9_analysis-3.csv;user-I051892;3;-1470499403;6;true;0.01858977365314149;0.0;Infinity;0;B
user-I051892_session-05F964991B84D6A73AB5C73DA9CB1A97C34CB84348A55BE18FEB6A11A66B8BC9_analysis-3.csv;user-I051892;3;-1713035204;6;true;-0.7803187793057915;0.0;Infinity;0;B
user-I051892_session-05F964991B84D6A73AB5C73DA9CB1A97C34CB84348A55BE18FEB6A11A66B8BC9_analysis-3.csv;user-I051892;3;2032094546;5;true;-1.0689988531568186;0.0;Infinity;0;B
user-I051892_session-05F964991B84D6A73AB5C73DA9CB1A97C34CB84348A55BE18FEB6A11A66B8BC9_analysis-3.csv;user-I051892;3;243948942;6;true;0.2732175518404702;0.0;Infinity;0;B
user-I051892_session-05F964991B84D6A73AB5C73DA9CB1A97C34CB84348A55BE18FEB6A11A66B8BC9_analysis-3.csv;user-I051892;3;1891004452;5;true;0.009416502168226811;0.0;Infinity;0;B
user-I051892_session-05F964991B84D6A73AB5C73DA9CB1A97C34CB84348A55BE18FEB6A11A66B8BC9_analysis-3.csv;user-I051892;3;244683950;4;true;1.001380723196046;0.0;Infinity;0;B
user-I051892_session-05F964991B84D6A73AB5C73DA9CB1A97C34CB84348A55BE18FEB6A11A66B8BC9_analysis-3.csv;user-I051892;3;-1329409309;4;true;-0.8620442888986677;0.0;Infinity;0;B
user-I051892_session-05F964991B84D6A73AB5C73DA9CB1A97C34CB84348A55BE18FEB6A11A66B8BC9_analysis-3.csv;user-I051892;3;1413141;4;true;-0.6972033800939889;0.0;Infinity;0;B
user-I051892_session-05F964991B84D6A73AB5C73DA9CB1A97C34CB84348A55BE18FEB6A11A66B8BC9_analysis-3.csv;user-I051892;3;2123340856;4;true;-0.17960848600577264;0.0;Infinity;0;B
user-I051892_session-05F964991B84D6A73AB5C73DA9CB1A97C34CB84348A55BE18FEB6A11A66B8BC9_analysis-3.csv;user-I051892;3;-1402371560;6;true;1.5505261116338929;0.0;Infinity;0;B
user-I051892_session-05F964991B84D6A73AB5C73DA9CB1A97C34CB84348A55BE18FEB6A11A66B8BC9_analysis-3.csv;user-I051892;4;-1645642369;5;true;2.0946678974436046;0.0;Infinity;0;B
user-I051892_session-05F964991B84D6A73AB5C73DA9CB1A97C34CB84348A55BE18FEB6A11A66B8BC9_analysis-3.csv;user-I051892;4;1959132295;6;true;1.0308463831172872;0.0;Infinity;0;B
user-I051892_session-05F964991B84D6A73AB5C73DA9CB1A97C34CB84348A55BE18FEB6A11A66B8BC9_analysis-3.csv;user-I051892;4;934876582;4;true;1.9983485468520006;0.0;Infinity;0;B
user-I051892_session-05F964991B84D6A73AB5C73DA9CB1A97C34CB84348A55BE18FEB6A11A66B8BC9_analysis-3.csv;user-I051892;4;1052919571;4;true;-0.9812968182025585;0.0;Infinity;0;B
user-I051892_session-05F964991B84D6A73AB5C73DA9CB1A97C34CB84348A55BE18FEB6A11A66B8BC9_analysis-3.csv;user-I051892;4;385039036;6;true;-0.7354253446144666;0.0;Infinity;0;B
user-I051892_session-05F964991B84D6A73AB5C73DA9CB1A97C34CB84348A55BE18FEB6A11A66B8BC9_analysis-3.csv;user-I051892;4;317646201;5;true;-1.048011519911029;0.0;Infinity;0;B
user-I051892_session-05F964991B84D6A73AB5C73DA9CB1A97C34CB84348A55BE18FEB6A11A66B8BC9_analysis-3.csv;user-I051892;4;176556107;4;true;-0.015740499934342234;0.0;Infinity;0;B
user-I051892_session-05F964991B84D6A73AB5C73DA9CB1A97C34CB84348A55BE18FEB6A11A66B8BC9_analysis-3.csv;user-I051892;4;408892511;5;true;0.30685288061849064;0.0;Infinity;0;B
user-I051892_session-05F964991B84D6A73AB5C73DA9CB1A97C34CB84348A55BE18FEB6A11A66B8BC9_analysis-3.csv;user-I051892;4;455384322;4;true;-1.040506115968826;0.0;Infinity;0;B
user-I051892_session-05F964991B84D6A73AB5C73DA9CB1A97C34CB84348A55BE18FEB6A11A66B8BC9_analysis-3.csv;user-I051892;4;312076785;4;true;1.9798630149202785;0.0;Infinity;0;B
user-I051892_session-05F964991B84D6A73AB5C73DA9CB1A97C34CB84348A55BE18FEB6A11A66B8BC9_analysis-3.csv;user-I051892;4;-1259064023;4;true;-1.0438418510542495;0.0;Infinity;0;B
user-I051892_session-05F964991B84D6A73AB5C73DA9CB1A97C34CB84348A55BE18FEB6A11A66B8BC9_analysis-3.csv;user-I051892;4;870807567;4;true;0.39997548508656394;0.0;Infinity;0;B
user-I051892_session-05F964991B84D6A73AB5C73DA9CB1A97C34CB84348A55BE18FEB6A11A66B8BC9_analysis-3.csv;user-I051892;4;-661528774;4;true;-0.812008262617315;0.0;Infinity;0;B
user-I051892_session-05F964991B84D6A73AB5C73DA9CB1A97C34CB84348A55BE18FEB6A11A66B8BC9_analysis-3.csv;user-I051892;4;870815030;4;true;0.39997548508656394;0.0;Infinity;0;B
user-I051892_session-05F964991B84D6A73AB5C73DA9CB1A97C34CB84348A55BE18FEB6A11A66B8BC9_analysis-3.csv;user-I051892;4;-1709703921;4;true;-0.13818977536176394;0.0;Infinity;0;B
user-I051892_session-05F964991B84D6A73AB5C73DA9CB1A97C34CB84348A55BE18FEB6A11A66B8BC9_analysis-3.csv;user-I051892;4;-1709711384;3;true;-0.0731429411960053;0.0;Infinity;0;B
user-I051892_session-05F964991B84D6A73AB5C73DA9CB1A97C34CB84348A55BE18FEB6A11A66B8BC9_analysis-3.csv;user-I051892;4;2102439832;5;true;-0.8607933882416339;0.0;Infinity;0;B
user-I051892_session-05F964991B84D6A73AB5C73DA9CB1A97C34CB84348A55BE18FEB6A11A66B8BC9_analysis-3.csv;user-I051892;4;387991487;5;true;-0.7265300510533372;0.0;Infinity;0;B
user-I051892_session-05F964991B84D6A73AB5C73DA9CB1A97C34CB84348A55BE18FEB6A11A66B8BC9_analysis-3.csv;user-I051892;4;-1470499403;4;true;0.01858977365314149;0.0;Infinity;0;B
user-I051892_session-05F964991B84D6A73AB5C73DA9CB1A97C34CB84348A55BE18FEB6A11A66B8BC9_analysis-3.csv;user-I051892;4;-1713035204;6;true;-0.7803187793057915;0.0;Infinity;0;B
user-I051892_session-05F964991B84D6A73AB5C73DA9CB1A97C34CB84348A55BE18FEB6A11A66B8BC9_analysis-3.csv;user-I051892;4;2032094546;5;true;-1.0689988531568186;0.0;Infinity;0;B
user-I051892_session-05F964991B84D6A73AB5C73DA9CB1A97C34CB84348A55BE18FEB6A11A66B8BC9_analysis-3.csv;user-I051892;4;243948942;4;true;0.2732175518404702;0.0;Infinity;0;B
user-I051892_session-05F964991B84D6A73AB5C73DA9CB1A97C34CB84348A55BE18FEB6A11A66B8BC9_analysis-3.csv;user-I051892;4;1891004452;6;true;0.009416502168226811;0.0;Infinity;0;B
user-I051892_session-05F964991B84D6A73AB5C73DA9CB1A97C34CB84348A55BE18FEB6A11A66B8BC9_analysis-3.csv;user-I051892;4;244683950;7;true;1.001380723196046;0.0;Infinity;0;B
user-I051892_session-05F964991B84D6A73AB5C73DA9CB1A97C34CB84348A55BE18FEB6A11A66B8BC9_analysis-3.csv;user-I051892;4;-1329409309;4;true;-0.8620442888986677;0.0;Infinity;0;B
user-I051892_session-05F964991B84D6A73AB5C73DA9CB1A97C34CB84348A55BE18FEB6A11A66B8BC9_analysis-3.csv;user-I051892;4;1413141;4;true;-0.6972033800939889;0.0;Infinity;0;B
user-I051892_session-05F964991B84D6A73AB5C73DA9CB1A97C34CB84348A55BE18FEB6A11A66B8BC9_analysis-3.csv;user-I051892;4;2123340856;5;true;-0.17960848600577264;0.0;Infinity;0;B
user-I051892_session-05F964991B84D6A73AB5C73DA9CB1A97C34CB84348A55BE18FEB6A11A66B8BC9_analysis-3.csv;user-I051892;4;-1402371560;4;true;1.5505261116338929;0.0;Infinity;0;B
user-I051892_session-05F964991B84D6A73AB5C73DA9CB1A97C34CB84348A55BE18FEB6A11A66B8BC9_analysis-3.csv;user-I051892;5;-1645642369;7;true;2.0946678974436046;0.0;Infinity;1;B
user-I051892_session-05F964991B84D6A73AB5C73DA9CB1A97C34CB84348A55BE18FEB6A11A66B8BC9_analysis-3.csv;user-I051892;5;1959132295;4;true;1.0308463831172872;0.0;Infinity;1;B
user-I051892_session-05F964991B84D6A73AB5C73DA9CB1A97C34CB84348A55BE18FEB6A11A66B8BC9_analysis-3.csv;user-I051892;5;934876582;5;true;1.9983485468520006;0.0;Infinity;1;B
user-I051892_session-05F964991B84D6A73AB5C73DA9CB1A97C34CB84348A55BE18FEB6A11A66B8BC9_analysis-3.csv;user-I051892;5;1052919571;4;true;-0.9812968182025585;0.0;Infinity;1;B
user-I051892_session-05F964991B84D6A73AB5C73DA9CB1A97C34CB84348A55BE18FEB6A11A66B8BC9_analysis-3.csv;user-I051892;5;385039036;5;true;-0.7354253446144666;0.0;Infinity;1;B
user-I051892_session-05F964991B84D6A73AB5C73DA9CB1A97C34CB84348A55BE18FEB6A11A66B8BC9_analysis-3.csv;user-I051892;5;317646201;5;true;-1.048011519911029;0.0;Infinity;1;B
user-I051892_session-05F964991B84D6A73AB5C73DA9CB1A97C34CB84348A55BE18FEB6A11A66B8BC9_analysis-3.csv;user-I051892;5;176556107;6;true;-0.015740499934342234;0.0;Infinity;1;B
user-I051892_session-05F964991B84D6A73AB5C73DA9CB1A97C34CB84348A55BE18FEB6A11A66B8BC9_analysis-3.csv;user-I051892;5;408892511;6;true;0.30685288061849064;0.0;Infinity;1;B
user-I051892_session-05F964991B84D6A73AB5C73DA9CB1A97C34CB84348A55BE18FEB6A11A66B8BC9_analysis-3.csv;user-I051892;5;455384322;5;true;-1.040506115968826;0.0;Infinity;1;B
user-I051892_session-05F964991B84D6A73AB5C73DA9CB1A97C34CB84348A55BE18FEB6A11A66B8BC9_analysis-3.csv;user-I051892;5;312076785;5;true;1.9798630149202785;0.0;Infinity;1;B
user-I051892_session-05F964991B84D6A73AB5C73DA9CB1A97C34CB84348A55BE18FEB6A11A66B8BC9_analysis-3.csv;user-I051892;5;-1259064023;5;true;-1.0438418510542495;0.0;Infinity;1;B
user-I051892_session-05F964991B84D6A73AB5C73DA9CB1A97C34CB84348A55BE18FEB6A11A66B8BC9_analysis-3.csv;user-I051892;5;870807567;5;true;0.39997548508656394;0.0;Infinity;1;B
user-I051892_session-05F964991B84D6A73AB5C73DA9CB1A97C34CB84348A55BE18FEB6A11A66B8BC9_analysis-3.csv;user-I051892;5;-661528774;5;true;-0.812008262617315;0.0;Infinity;1;B
user-I051892_session-05F964991B84D6A73AB5C73DA9CB1A97C34CB84348A55BE18FEB6A11A66B8BC9_analysis-3.csv;user-I051892;5;870815030;5;true;0.39997548508656394;0.0;Infinity;1;B
user-I051892_session-05F964991B84D6A73AB5C73DA9CB1A97C34CB84348A55BE18FEB6A11A66B8BC9_analysis-3.csv;user-I051892;5;-1709703921;10;true;-0.13818977536176394;0.0;Infinity;1;B
user-I051892_session-05F964991B84D6A73AB5C73DA9CB1A97C34CB84348A55BE18FEB6A11A66B8BC9_analysis-3.csv;user-I051892;5;-1709711384;6;true;-0.0731429411960053;0.0;Infinity;1;B
user-I051892_session-05F964991B84D6A73AB5C73DA9CB1A97C34CB84348A55BE18FEB6A11A66B8BC9_analysis-3.csv;user-I051892;5;2102439832;5;true;-0.8607933882416339;0.0;Infinity;1;B
user-I051892_session-05F964991B84D6A73AB5C73DA9CB1A97C34CB84348A55BE18FEB6A11A66B8BC9_analysis-3.csv;user-I051892;5;387991487;5;true;-0.7265300510533372;0.0;Infinity;1;B
user-I051892_session-05F964991B84D6A73AB5C73DA9CB1A97C34CB84348A55BE18FEB6A11A66B8BC9_analysis-3.csv;user-I051892;5;-1470499403;5;true;0.01858977365314149;0.0;Infinity;1;B
user-I051892_session-05F964991B84D6A73AB5C73DA9CB1A97C34CB84348A55BE18FEB6A11A66B8BC9_analysis-3.csv;user-I051892;5;-1713035204;5;true;-0.7803187793057915;0.0;Infinity;1;B
user-I051892_session-05F964991B84D6A73AB5C73DA9CB1A97C34CB84348A55BE18FEB6A11A66B8BC9_analysis-3.csv;user-I051892;5;2032094546;5;true;-1.0689988531568186;0.0;Infinity;1;B
user-I051892_session-05F964991B84D6A73AB5C73DA9CB1A97C34CB84348A55BE18FEB6A11A66B8BC9_analysis-3.csv;user-I051892;5;243948942;7;true;0.2732175518404702;0.0;Infinity;1;B
user-I051892_session-05F964991B84D6A73AB5C73DA9CB1A97C34CB84348A55BE18FEB6A11A66B8BC9_analysis-3.csv;user-I051892;5;1891004452;7;true;0.009416502168226811;0.0;Infinity;1;B
user-I051892_session-05F964991B84D6A73AB5C73DA9CB1A97C34CB84348A55BE18FEB6A11A66B8BC9_analysis-3.csv;user-I051892;5;244683950;6;true;1.001380723196046;0.0;Infinity;1;B
user-I051892_session-05F964991B84D6A73AB5C73DA9CB1A97C34CB84348A55BE18FEB6A11A66B8BC9_analysis-3.csv;user-I051892;5;-1329409309;6;true;-0.8620442888986677;0.0;Infinity;1;B
user-I051892_session-05F964991B84D6A73AB5C73DA9CB1A97C34CB84348A55BE18FEB6A11A66B8BC9_analysis-3.csv;user-I051892;5;1413141;6;true;-0.6972033800939889;0.0;Infinity;1;B
user-I051892_session-05F964991B84D6A73AB5C73DA9CB1A97C34CB84348A55BE18FEB6A11A66B8BC9_analysis-3.csv;user-I051892;5;2123340856;5;true;-0.17960848600577264;0.0;Infinity;1;B
user-I051892_session-05F964991B84D6A73AB5C73DA9CB1A97C34CB84348A55BE18FEB6A11A66B8BC9_analysis-3.csv;user-I051892;5;-1402371560;5;true;1.5505261116338929;0.0;Infinity;1;B
