session ;user;query position;cell hashcode;cell computation time;novelty;outlierness;relevance;surprise;query label;session label
user-a_session-29AF06B372FD52129AAB65DA477E308EC73CF0D44087D05DA8D39C7BE425D30E_analysis-6.csv;user-a;1;504584635;5;false;-0.9756166938197844;1.0;25.050095910628777;0;B
user-a_session-29AF06B372FD52129AAB65DA477E308EC73CF0D44087D05DA8D39C7BE425D30E_analysis-6.csv;user-a;1;504584636;4;false;-0.1357087606033364;1.0;25.050095910628777;0;B
user-a_session-29AF06B372FD52129AAB65DA477E308EC73CF0D44087D05DA8D39C7BE425D30E_analysis-6.csv;user-a;1;504584637;4;false;-0.6931022071924338;1.0;25.050095910628777;0;B
user-a_session-29AF06B372FD52129AAB65DA477E308EC73CF0D44087D05DA8D39C7BE425D30E_analysis-6.csv;user-a;1;504584638;4;false;-1.2275890737847188;1.0;25.050095910628777;0;B
user-a_session-29AF06B372FD52129AAB65DA477E308EC73CF0D44087D05DA8D39C7BE425D30E_analysis-6.csv;user-a;1;-1897342600;3;false;0.7881899659347564;1.0;25.204246590456037;0;B
user-a_session-29AF06B372FD52129AAB65DA477E308EC73CF0D44087D05DA8D39C7BE425D30E_analysis-6.csv;user-a;1;-1897342604;3;false;-0.196792973928169;1.0;25.204246590456037;0;B
user-a_session-29AF06B372FD52129AAB65DA477E308EC73CF0D44087D05DA8D39C7BE425D30E_analysis-6.csv;user-a;1;-1831492107;4;false;-1.2734022337783433;1.0;25.10893641065171;0;B
user-a_session-29AF06B372FD52129AAB65DA477E308EC73CF0D44087D05DA8D39C7BE425D30E_analysis-6.csv;user-a;1;-1897342603;3;false;-1.0825140671382414;1.0;25.021925033662082;0;B
user-a_session-29AF06B372FD52129AAB65DA477E308EC73CF0D44087D05DA8D39C7BE425D30E_analysis-6.csv;user-a;1;-1831492106;3;false;-1.051971960475825;1.0;25.10893641065171;0;B
user-a_session-29AF06B372FD52129AAB65DA477E308EC73CF0D44087D05DA8D39C7BE425D30E_analysis-6.csv;user-a;1;-1897342602;3;false;-0.6931022071924338;1.0;25.021925033662082;0;B
user-a_session-29AF06B372FD52129AAB65DA477E308EC73CF0D44087D05DA8D39C7BE425D30E_analysis-6.csv;user-a;1;-1831492105;4;false;-1.051971960475825;1.0;25.10893641065171;0;B
user-a_session-29AF06B372FD52129AAB65DA477E308EC73CF0D44087D05DA8D39C7BE425D30E_analysis-6.csv;user-a;1;-1897342601;5;false;0.34532941932972017;1.0;24.86777435383482;0;B
user-a_session-29AF06B372FD52129AAB65DA477E308EC73CF0D44087D05DA8D39C7BE425D30E_analysis-6.csv;user-a;1;-1897342608;5;false;1.1317886658869396;1.0;24.86777435383482;0;B
user-a_session-29AF06B372FD52129AAB65DA477E308EC73CF0D44087D05DA8D39C7BE425D30E_analysis-6.csv;user-a;1;-1897342607;4;false;1.5135649991671434;1.0;24.86777435383482;0;B
user-a_session-29AF06B372FD52129AAB65DA477E308EC73CF0D44087D05DA8D39C7BE425D30E_analysis-6.csv;user-a;1;-1897342606;5;false;0.09335703936478579;1.0;24.86777435383482;0;B
user-a_session-29AF06B372FD52129AAB65DA477E308EC73CF0D44087D05DA8D39C7BE425D30E_analysis-6.csv;user-a;1;-1897342605;4;false;0.15444125268961836;1.0;24.86777435383482;0;B
user-a_session-29AF06B372FD52129AAB65DA477E308EC73CF0D44087D05DA8D39C7BE425D30E_analysis-6.csv;user-a;1;175805190;3;false;0.6660215392850912;1.0;25.021925033662082;0;B
user-a_session-29AF06B372FD52129AAB65DA477E308EC73CF0D44087D05DA8D39C7BE425D30E_analysis-6.csv;user-a;1;175805191;4;false;1.7655373791320776;1.0;25.021925033662082;0;B
user-a_session-29AF06B372FD52129AAB65DA477E308EC73CF0D44087D05DA8D39C7BE425D30E_analysis-6.csv;user-a;1;-563747479;4;false;0.750012332606736;1.0;24.86777435383482;0;B
user-a_session-29AF06B372FD52129AAB65DA477E308EC73CF0D44087D05DA8D39C7BE425D30E_analysis-6.csv;user-a;1;175805188;4;false;1.2997702525302293;1.0;24.86777435383482;0;B
user-a_session-29AF06B372FD52129AAB65DA477E308EC73CF0D44087D05DA8D39C7BE425D30E_analysis-6.csv;user-a;1;-563747478;4;false;0.4827688993105935;1.0;24.86777435383482;0;B
user-a_session-29AF06B372FD52129AAB65DA477E308EC73CF0D44087D05DA8D39C7BE425D30E_analysis-6.csv;user-a;1;175805189;3;false;2.23894003239953;1.0;25.204246590456037;0;B
user-a_session-29AF06B372FD52129AAB65DA477E308EC73CF0D44087D05DA8D39C7BE425D30E_analysis-6.csv;user-a;1;-563747477;5;false;0.08572151269918171;1.0;24.86777435383482;0;B
user-a_session-29AF06B372FD52129AAB65DA477E308EC73CF0D44087D05DA8D39C7BE425D30E_analysis-6.csv;user-a;1;175805186;4;false;3.094119018947186;1.0;24.86777435383482;0;B
user-a_session-29AF06B372FD52129AAB65DA477E308EC73CF0D44087D05DA8D39C7BE425D30E_analysis-6.csv;user-a;1;-563747476;4;false;0.19261888601763874;1.0;24.86777435383482;0;B
user-a_session-29AF06B372FD52129AAB65DA477E308EC73CF0D44087D05DA8D39C7BE425D30E_analysis-6.csv;user-a;1;175805187;3;false;1.3303123591926456;1.0;24.86777435383482;0;B
user-a_session-29AF06B372FD52129AAB65DA477E308EC73CF0D44087D05DA8D39C7BE425D30E_analysis-6.csv;user-a;1;-563747475;4;false;-0.410587720565083;1.0;25.204246590456037;0;B
user-a_session-29AF06B372FD52129AAB65DA477E308EC73CF0D44087D05DA8D39C7BE425D30E_analysis-6.csv;user-a;1;-563747474;3;false;-0.7007377338580378;1.0;25.021925033662082;0;B
user-a_session-29AF06B372FD52129AAB65DA477E308EC73CF0D44087D05DA8D39C7BE425D30E_analysis-6.csv;user-a;1;175805185;3;false;1.8266215924569102;1.0;24.86777435383482;0;B
user-a_session-29AF06B372FD52129AAB65DA477E308EC73CF0D44087D05DA8D39C7BE425D30E_analysis-6.csv;user-a;1;-563747473;2;false;0.2078899393488469;1.0;25.021925033662082;0;B
user-a_session-29AF06B372FD52129AAB65DA477E308EC73CF0D44087D05DA8D39C7BE425D30E_analysis-6.csv;user-a;1;175805192;3;false;1.696817639141641;1.0;24.86777435383482;0;B
user-a_session-29AF06B372FD52129AAB65DA477E308EC73CF0D44087D05DA8D39C7BE425D30E_analysis-6.csv;user-a;1;175805193;3;false;-0.14334428726894047;1.0;25.204246590456037;0;B
user-a_session-29AF06B372FD52129AAB65DA477E308EC73CF0D44087D05DA8D39C7BE425D30E_analysis-6.csv;user-a;1;-1170705781;3;false;-0.20442850059377307;1.0;25.204246590456037;0;B
user-a_session-29AF06B372FD52129AAB65DA477E308EC73CF0D44087D05DA8D39C7BE425D30E_analysis-6.csv;user-a;1;-1831493624;3;false;-0.4487653538931034;1.0;24.95478573082445;0;B
user-a_session-29AF06B372FD52129AAB65DA477E308EC73CF0D44087D05DA8D39C7BE425D30E_analysis-6.csv;user-a;1;-1170705782;4;false;-0.5556627272115604;1.0;24.86777435383482;0;B
user-a_session-29AF06B372FD52129AAB65DA477E308EC73CF0D44087D05DA8D39C7BE425D30E_analysis-6.csv;user-a;1;-1831493623;5;false;-0.3647745605714586;1.0;24.95478573082445;0;B
user-a_session-29AF06B372FD52129AAB65DA477E308EC73CF0D44087D05DA8D39C7BE425D30E_analysis-6.csv;user-a;1;-1170705783;3;false;-0.6243824672019971;1.0;25.021925033662082;0;B
user-a_session-29AF06B372FD52129AAB65DA477E308EC73CF0D44087D05DA8D39C7BE425D30E_analysis-6.csv;user-a;1;-1831493622;3;false;-1.0825140671382414;1.0;24.95478573082445;0;B
user-a_session-29AF06B372FD52129AAB65DA477E308EC73CF0D44087D05DA8D39C7BE425D30E_analysis-6.csv;user-a;1;-1170705784;3;false;-0.47167193388991563;1.0;25.021925033662082;0;B
user-a_session-29AF06B372FD52129AAB65DA477E308EC73CF0D44087D05DA8D39C7BE425D30E_analysis-6.csv;user-a;1;-1831493621;4;false;-1.143598280463074;1.0;25.291257967445667;0;B
user-a_session-29AF06B372FD52129AAB65DA477E308EC73CF0D44087D05DA8D39C7BE425D30E_analysis-6.csv;user-a;1;-1831493619;4;false;-1.0061588004822006;1.0;25.10893641065171;0;B
user-a_session-29AF06B372FD52129AAB65DA477E308EC73CF0D44087D05DA8D39C7BE425D30E_analysis-6.csv;user-a;1;-1831493618;3;false;-0.8076351071764948;1.0;24.95478573082445;0;B
user-a_session-29AF06B372FD52129AAB65DA477E308EC73CF0D44087D05DA8D39C7BE425D30E_analysis-6.csv;user-a;1;-1831493617;4;false;-1.1130561738006577;1.0;25.291257967445667;0;B
user-a_session-29AF06B372FD52129AAB65DA477E308EC73CF0D44087D05DA8D39C7BE425D30E_analysis-6.csv;user-a;1;-1170705789;3;false;2.139678185746677;1.0;24.86777435383482;0;B
user-a_session-29AF06B372FD52129AAB65DA477E308EC73CF0D44087D05DA8D39C7BE425D30E_analysis-6.csv;user-a;1;-563747471;10;false;0.9943491859060664;1.0;25.204246590456037;0;B
user-a_session-29AF06B372FD52129AAB65DA477E308EC73CF0D44087D05DA8D39C7BE425D30E_analysis-6.csv;user-a;1;-563747472;4;false;-0.9068969538293478;1.0;24.86777435383482;0;B
user-a_session-29AF06B372FD52129AAB65DA477E308EC73CF0D44087D05DA8D39C7BE425D30E_analysis-6.csv;user-a;1;-1170705785;4;false;0.841638652593985;1.0;25.204246590456037;0;B
user-a_session-29AF06B372FD52129AAB65DA477E308EC73CF0D44087D05DA8D39C7BE425D30E_analysis-6.csv;user-a;1;-1170705786;3;false;0.2613386260080754;1.0;24.86777435383482;0;B
user-a_session-29AF06B372FD52129AAB65DA477E308EC73CF0D44087D05DA8D39C7BE425D30E_analysis-6.csv;user-a;1;-1170705787;3;false;-0.8458127405045152;1.0;24.86777435383482;0;B
user-a_session-29AF06B372FD52129AAB65DA477E308EC73CF0D44087D05DA8D39C7BE425D30E_analysis-6.csv;user-a;1;-1170705788;3;false;1.6433689524824124;1.0;24.86777435383482;0;B
user-a_session-29AF06B372FD52129AAB65DA477E308EC73CF0D44087D05DA8D39C7BE425D30E_analysis-6.csv;user-a;1;-1831493625;3;false;0.3987781059889487;1.0;24.95478573082445;0;B
user-a_session-29AF06B372FD52129AAB65DA477E308EC73CF0D44087D05DA8D39C7BE425D30E_analysis-6.csv;user-a;1;-827732520;3;false;-0.5480272005459563;1.0;25.56092153439477;0;B
user-a_session-29AF06B372FD52129AAB65DA477E308EC73CF0D44087D05DA8D39C7BE425D30E_analysis-6.csv;user-a;1;-827732525;3;false;-1.2810377604439473;1.0;25.56092153439477;0;B
user-a_session-29AF06B372FD52129AAB65DA477E308EC73CF0D44087D05DA8D39C7BE425D30E_analysis-6.csv;user-a;1;-827732526;3;false;-0.7236443138548501;1.0;25.56092153439477;0;B
user-a_session-29AF06B372FD52129AAB65DA477E308EC73CF0D44087D05DA8D39C7BE425D30E_analysis-6.csv;user-a;1;-827732527;4;false;-1.051971960475825;1.0;25.56092153439477;0;B
user-a_session-29AF06B372FD52129AAB65DA477E308EC73CF0D44087D05DA8D39C7BE425D30E_analysis-6.csv;user-a;1;-827732522;3;false;-1.250495653781531;1.0;25.715072214222026;0;B
user-a_session-29AF06B372FD52129AAB65DA477E308EC73CF0D44087D05DA8D39C7BE425D30E_analysis-6.csv;user-a;1;-827732524;5;false;-1.0214298538134088;1.0;25.56092153439477;0;B
user-a_session-29AF06B372FD52129AAB65DA477E308EC73CF0D44087D05DA8D39C7BE425D30E_analysis-6.csv;user-a;1;-1897341090;4;false;-0.6701956271956215;1.0;25.021925033662082;0;B
user-a_session-29AF06B372FD52129AAB65DA477E308EC73CF0D44087D05DA8D39C7BE425D30E_analysis-6.csv;user-a;1;-1897341089;3;false;-0.9450745871573681;1.0;25.021925033662082;0;B
user-a_session-29AF06B372FD52129AAB65DA477E308EC73CF0D44087D05DA8D39C7BE425D30E_analysis-6.csv;user-a;1;175806703;3;false;0.9485360259124419;1.0;25.021925033662082;0;B
user-a_session-29AF06B372FD52129AAB65DA477E308EC73CF0D44087D05DA8D39C7BE425D30E_analysis-6.csv;user-a;1;-563745961;5;false;-0.6396535205332052;1.0;25.021925033662082;0;B
user-a_session-29AF06B372FD52129AAB65DA477E308EC73CF0D44087D05DA8D39C7BE425D30E_analysis-6.csv;user-a;1;-1897341088;5;false;0.1773478326864306;1.0;25.021925033662082;0;B
user-a_session-29AF06B372FD52129AAB65DA477E308EC73CF0D44087D05DA8D39C7BE425D30E_analysis-6.csv;user-a;1;-563745959;5;false;-0.25787718725300157;1.0;25.021925033662082;0;B
user-a_session-29AF06B372FD52129AAB65DA477E308EC73CF0D44087D05DA8D39C7BE425D30E_analysis-6.csv;user-a;1;-563745960;5;false;-0.1662508672657527;1.0;25.021925033662082;0;B
user-a_session-29AF06B372FD52129AAB65DA477E308EC73CF0D44087D05DA8D39C7BE425D30E_analysis-6.csv;user-a;1;-1170704271;3;false;1.1546952458837518;1.0;25.021925033662082;0;B
user-a_session-29AF06B372FD52129AAB65DA477E308EC73CF0D44087D05DA8D39C7BE425D30E_analysis-6.csv;user-a;1;-1170704269;3;false;-0.7618219471828703;1.0;25.021925033662082;0;B
user-a_session-29AF06B372FD52129AAB65DA477E308EC73CF0D44087D05DA8D39C7BE425D30E_analysis-6.csv;user-a;1;-1170704270;3;false;0.5514886393010302;1.0;25.021925033662082;0;B
user-a_session-29AF06B372FD52129AAB65DA477E308EC73CF0D44087D05DA8D39C7BE425D30E_analysis-6.csv;user-a;1;504586153;3;false;-0.4564008805587075;1.0;25.204246590456037;0;B
user-a_session-29AF06B372FD52129AAB65DA477E308EC73CF0D44087D05DA8D39C7BE425D30E_analysis-6.csv;user-a;1;504584642;5;false;-0.5556627272115604;1.0;25.050095910628777;0;B
user-a_session-29AF06B372FD52129AAB65DA477E308EC73CF0D44087D05DA8D39C7BE425D30E_analysis-6.csv;user-a;1;504584641;3;false;-0.2196995539249812;1.0;25.204246590456037;0;B
user-a_session-29AF06B372FD52129AAB65DA477E308EC73CF0D44087D05DA8D39C7BE425D30E_analysis-6.csv;user-a;1;504586155;4;false;-0.02881138728487938;1.0;25.204246590456037;0;B
user-a_session-29AF06B372FD52129AAB65DA477E308EC73CF0D44087D05DA8D39C7BE425D30E_analysis-6.csv;user-a;1;504584640;4;false;0.6965636459475075;1.0;25.204246590456037;0;B
user-a_session-29AF06B372FD52129AAB65DA477E308EC73CF0D44087D05DA8D39C7BE425D30E_analysis-6.csv;user-a;1;504586154;4;false;-1.0748785404726373;1.0;25.204246590456037;0;B
user-a_session-29AF06B372FD52129AAB65DA477E308EC73CF0D44087D05DA8D39C7BE425D30E_analysis-6.csv;user-a;1;175806704;4;false;0.7805544392691524;1.0;25.021925033662082;0;B
user-a_session-29AF06B372FD52129AAB65DA477E308EC73CF0D44087D05DA8D39C7BE425D30E_analysis-6.csv;user-a;1;175806705;3;false;0.6125728526258627;1.0;25.021925033662082;0;B
