session ;user;query position;cell hashcode;cell computation time;novelty;outlierness;relevance;surprise;query label;session label
user-I051738_session-B14A56479D3084E01B61BD92816198B7921A9310073749B3783D5C16587AA622_analysis-1.csv;user-I051738;1;-285989407;5;true;0.4668856030169203;0.0;Infinity;1;B
user-I051738_session-B14A56479D3084E01B61BD92816198B7921A9310073749B3783D5C16587AA622_analysis-1.csv;user-I051738;1;1463098675;3;true;-0.5016799235306884;0.0;Infinity;1;B
user-I051738_session-B14A56479D3084E01B61BD92816198B7921A9310073749B3783D5C16587AA622_analysis-1.csv;user-I051738;1;1925013731;4;true;-0.553719174269925;0.0;Infinity;1;B
user-I051738_session-B14A56479D3084E01B61BD92816198B7921A9310073749B3783D5C16587AA622_analysis-1.csv;user-I051738;1;1925002309;4;true;-0.39141854077626603;0.0;Infinity;1;B
user-I051738_session-B14A56479D3084E01B61BD92816198B7921A9310073749B3783D5C16587AA622_analysis-1.csv;user-I051738;1;-1933044917;3;true;2.8681191818880527;0.0;Infinity;1;B
user-I051738_session-B14A56479D3084E01B61BD92816198B7921A9310073749B3783D5C16587AA622_analysis-1.csv;user-I051738;1;1900018745;3;true;-0.3173098388159339;0.0;Infinity;1;B
user-I051738_session-B14A56479D3084E01B61BD92816198B7921A9310073749B3783D5C16587AA622_analysis-1.csv;user-I051738;1;-1933033495;3;true;-0.30425708945559726;0.0;Infinity;1;B
user-I051738_session-B14A56479D3084E01B61BD92816198B7921A9310073749B3783D5C16587AA622_analysis-1.csv;user-I051738;1;-722909477;3;true;-0.3221616831505327;0.0;Infinity;1;B
user-I051738_session-B14A56479D3084E01B61BD92816198B7921A9310073749B3783D5C16587AA622_analysis-1.csv;user-I051738;1;1925021194;3;true;-0.4665577229492563;0.0;Infinity;1;B
user-I051738_session-B14A56479D3084E01B61BD92816198B7921A9310073749B3783D5C16587AA622_analysis-1.csv;user-I051738;1;829597460;3;true;-0.5672012903855359;0.0;Infinity;1;B
user-I051738_session-B14A56479D3084E01B61BD92816198B7921A9310073749B3783D5C16587AA622_analysis-1.csv;user-I051738;1;-1933026032;3;true;0.0893004784287622;0.0;Infinity;1;B
user-I051738_session-B14A56479D3084E01B61BD92816198B7921A9310073749B3783D5C16587AA622_analysis-1.csv;user-I051738;2;1839458510;4;true;-0.3625357444306104;1.0;Infinity;1;B
user-I051738_session-B14A56479D3084E01B61BD92816198B7921A9310073749B3783D5C16587AA622_analysis-1.csv;user-I051738;2;1839458511;3;true;-0.3445853415157963;1.0;Infinity;1;B
user-I051738_session-B14A56479D3084E01B61BD92816198B7921A9310073749B3783D5C16587AA622_analysis-1.csv;user-I051738;2;-2018577292;4;true;-0.2572091155628041;1.0;Infinity;1;B
user-I051738_session-B14A56479D3084E01B61BD92816198B7921A9310073749B3783D5C16587AA622_analysis-1.csv;user-I051738;2;1839458508;4;true;-0.4137471880405212;1.0;Infinity;1;B
user-I051738_session-B14A56479D3084E01B61BD92816198B7921A9310073749B3783D5C16587AA622_analysis-1.csv;user-I051738;2;1839458509;3;true;-0.39500485558534765;1.0;Infinity;1;B
user-I051738_session-B14A56479D3084E01B61BD92816198B7921A9310073749B3783D5C16587AA622_analysis-1.csv;user-I051738;2;-2018577294;4;true;-0.28730243809646305;1.0;Infinity;1;B
user-I051738_session-B14A56479D3084E01B61BD92816198B7921A9310073749B3783D5C16587AA622_analysis-1.csv;user-I051738;2;-2018577293;4;true;-0.2624886458318671;1.0;Infinity;1;B
user-I051738_session-B14A56479D3084E01B61BD92816198B7921A9310073749B3783D5C16587AA622_analysis-1.csv;user-I051738;2;1839458507;4;true;-0.4327534970091479;1.0;Infinity;1;B
user-I051738_session-B14A56479D3084E01B61BD92816198B7921A9310073749B3783D5C16587AA622_analysis-1.csv;user-I051738;2;-2018577296;3;true;-0.3543524725135628;1.0;Infinity;1;B
user-I051738_session-B14A56479D3084E01B61BD92816198B7921A9310073749B3783D5C16587AA622_analysis-1.csv;user-I051738;2;-2018577295;4;true;-0.3311225393296857;1.0;Infinity;1;B
user-I051738_session-B14A56479D3084E01B61BD92816198B7921A9310073749B3783D5C16587AA622_analysis-1.csv;user-I051738;2;-2018577297;4;true;-0.3781103587243461;1.0;Infinity;1;B
user-I051738_session-B14A56479D3084E01B61BD92816198B7921A9310073749B3783D5C16587AA622_analysis-1.csv;user-I051738;2;1377554876;3;true;-0.5074588503163889;1.0;Infinity;1;B
user-I051738_session-B14A56479D3084E01B61BD92816198B7921A9310073749B3783D5C16587AA622_analysis-1.csv;user-I051738;2;1377554877;4;true;-0.500595460966607;1.0;Infinity;1;B
user-I051738_session-B14A56479D3084E01B61BD92816198B7921A9310073749B3783D5C16587AA622_analysis-1.csv;user-I051738;2;1377554878;3;true;-0.49373207161682514;1.0;Infinity;1;B
user-I051738_session-B14A56479D3084E01B61BD92816198B7921A9310073749B3783D5C16587AA622_analysis-1.csv;user-I051738;2;1377554873;3;true;-0.5343844546886101;1.0;Infinity;1;B
user-I051738_session-B14A56479D3084E01B61BD92816198B7921A9310073749B3783D5C16587AA622_analysis-1.csv;user-I051738;2;1377554874;4;true;-0.5275210653388281;1.0;Infinity;1;B
user-I051738_session-B14A56479D3084E01B61BD92816198B7921A9310073749B3783D5C16587AA622_analysis-1.csv;user-I051738;2;1839458512;3;true;-0.45783126578719696;1.0;Infinity;1;B
user-I051738_session-B14A56479D3084E01B61BD92816198B7921A9310073749B3783D5C16587AA622_analysis-1.csv;user-I051738;2;1377554875;4;true;-0.5206576759890463;1.0;Infinity;1;B
user-I051738_session-B14A56479D3084E01B61BD92816198B7921A9310073749B3783D5C16587AA622_analysis-1.csv;user-I051738;2;1839477397;3;true;-0.4488560643297899;1.0;Infinity;1;B
user-I051738_session-B14A56479D3084E01B61BD92816198B7921A9310073749B3783D5C16587AA622_analysis-1.csv;user-I051738;2;1839477396;4;true;-0.45941512486791586;1.0;Infinity;1;B
user-I051738_session-B14A56479D3084E01B61BD92816198B7921A9310073749B3783D5C16587AA622_analysis-1.csv;user-I051738;2;1839477393;3;true;-0.49689978977826293;1.0;Infinity;1;B
user-I051738_session-B14A56479D3084E01B61BD92816198B7921A9310073749B3783D5C16587AA622_analysis-1.csv;user-I051738;2;1839477392;4;true;-0.5069308972894826;1.0;Infinity;1;B
user-I051738_session-B14A56479D3084E01B61BD92816198B7921A9310073749B3783D5C16587AA622_analysis-1.csv;user-I051738;2;1839477395;4;true;-0.4694462323791355;1.0;Infinity;1;B
user-I051738_session-B14A56479D3084E01B61BD92816198B7921A9310073749B3783D5C16587AA622_analysis-1.csv;user-I051738;2;1839477394;3;true;-0.48686868226704333;1.0;Infinity;1;B
user-I051738_session-B14A56479D3084E01B61BD92816198B7921A9310073749B3783D5C16587AA622_analysis-1.csv;user-I051738;2;744053661;3;true;-0.5797884150025515;1.0;Infinity;1;B
user-I051738_session-B14A56479D3084E01B61BD92816198B7921A9310073749B3783D5C16587AA622_analysis-1.csv;user-I051738;2;744053660;4;true;-0.5824281801370831;1.0;Infinity;1;B
user-I051738_session-B14A56479D3084E01B61BD92816198B7921A9310073749B3783D5C16587AA622_analysis-1.csv;user-I051738;2;744053663;4;true;-0.5771486498680201;1.0;Infinity;1;B
user-I051738_session-B14A56479D3084E01B61BD92816198B7921A9310073749B3783D5C16587AA622_analysis-1.csv;user-I051738;2;744053662;3;true;-0.578732508948739;1.0;Infinity;1;B
user-I051738_session-B14A56479D3084E01B61BD92816198B7921A9310073749B3783D5C16587AA622_analysis-1.csv;user-I051738;2;744053659;4;true;-0.584012039217802;1.0;Infinity;1;B
user-I051738_session-B14A56479D3084E01B61BD92816198B7921A9310073749B3783D5C16587AA622_analysis-1.csv;user-I051738;2;1814474943;4;true;-0.3670233451593139;1.0;Infinity;1;B
user-I051738_session-B14A56479D3084E01B61BD92816198B7921A9310073749B3783D5C16587AA622_analysis-1.csv;user-I051738;2;744053658;4;true;-0.5850679452716145;1.0;Infinity;1;B
user-I051738_session-B14A56479D3084E01B61BD92816198B7921A9310073749B3783D5C16587AA622_analysis-1.csv;user-I051738;2;-808453277;5;true;-0.34352943546198367;1.0;Infinity;1;B
user-I051738_session-B14A56479D3084E01B61BD92816198B7921A9310073749B3783D5C16587AA622_analysis-1.csv;user-I051738;2;-808453278;4;true;-0.36623141561895445;1.0;Infinity;1;B
user-I051738_session-B14A56479D3084E01B61BD92816198B7921A9310073749B3783D5C16587AA622_analysis-1.csv;user-I051738;2;-808453279;3;true;-0.3897253253162847;1.0;Infinity;1;B
user-I051738_session-B14A56479D3084E01B61BD92816198B7921A9310073749B3783D5C16587AA622_analysis-1.csv;user-I051738;2;1814474948;3;true;-0.4039800570427547;1.0;Infinity;1;B
user-I051738_session-B14A56479D3084E01B61BD92816198B7921A9310073749B3783D5C16587AA622_analysis-1.csv;user-I051738;2;1814474947;3;true;-0.2471780080515845;1.0;Infinity;1;B
user-I051738_session-B14A56479D3084E01B61BD92816198B7921A9310073749B3783D5C16587AA622_analysis-1.csv;user-I051738;2;-808453274;3;true;-0.30129319330947996;1.0;Infinity;1;B
user-I051738_session-B14A56479D3084E01B61BD92816198B7921A9310073749B3783D5C16587AA622_analysis-1.csv;user-I051738;2;1814474946;4;true;-0.27146384728927414;1.0;Infinity;1;B
user-I051738_session-B14A56479D3084E01B61BD92816198B7921A9310073749B3783D5C16587AA622_analysis-1.csv;user-I051738;2;1814474945;3;true;-0.3168678076032157;1.0;Infinity;1;B
user-I051738_session-B14A56479D3084E01B61BD92816198B7921A9310073749B3783D5C16587AA622_analysis-1.csv;user-I051738;2;-808453275;3;true;-0.2785912131525092;1.0;Infinity;1;B
user-I051738_session-B14A56479D3084E01B61BD92816198B7921A9310073749B3783D5C16587AA622_analysis-1.csv;user-I051738;2;1814474944;4;true;-0.3443213650023431;1.0;Infinity;1;B
user-I051738_session-B14A56479D3084E01B61BD92816198B7921A9310073749B3783D5C16587AA622_analysis-1.csv;user-I051738;2;-808453276;3;true;-0.30129319330947996;1.0;Infinity;1;B
user-I051738_session-B14A56479D3084E01B61BD92816198B7921A9310073749B3783D5C16587AA622_analysis-1.csv;user-I051738;2;-371533209;3;true;0.23167538735242682;1.0;Infinity;1;B
user-I051738_session-B14A56479D3084E01B61BD92816198B7921A9310073749B3783D5C16587AA622_analysis-1.csv;user-I051738;2;-371533204;4;true;0.655093714931277;1.0;Infinity;1;B
user-I051738_session-B14A56479D3084E01B61BD92816198B7921A9310073749B3783D5C16587AA622_analysis-1.csv;user-I051738;2;-371533205;3;true;0.6688204936308406;1.0;Infinity;1;B
user-I051738_session-B14A56479D3084E01B61BD92816198B7921A9310073749B3783D5C16587AA622_analysis-1.csv;user-I051738;2;-371533206;3;true;0.5788045025433171;1.0;Infinity;1;B
user-I051738_session-B14A56479D3084E01B61BD92816198B7921A9310073749B3783D5C16587AA622_analysis-1.csv;user-I051738;2;-371533207;4;true;0.41434713466200557;1.0;Infinity;1;B
user-I051738_session-B14A56479D3084E01B61BD92816198B7921A9310073749B3783D5C16587AA622_analysis-1.csv;user-I051738;2;-371533208;3;true;0.32169137843995044;1.0;Infinity;1;B
user-I051738_session-B14A56479D3084E01B61BD92816198B7921A9310073749B3783D5C16587AA622_analysis-1.csv;user-I051738;2;-2018569832;4;true;0.08490444587247627;1.0;Infinity;1;B
user-I051738_session-B14A56479D3084E01B61BD92816198B7921A9310073749B3783D5C16587AA622_analysis-1.csv;user-I051738;2;-2018569831;5;true;0.1968304875766112;1.0;Infinity;1;B
user-I051738_session-B14A56479D3084E01B61BD92816198B7921A9310073749B3783D5C16587AA622_analysis-1.csv;user-I051738;2;-2018569830;4;true;0.25754508567083534;1.0;Infinity;1;B
user-I051738_session-B14A56479D3084E01B61BD92816198B7921A9310073749B3783D5C16587AA622_analysis-1.csv;user-I051738;2;-2018569829;5;true;0.02524575383206471;1.0;Infinity;1;B
user-I051738_session-B14A56479D3084E01B61BD92816198B7921A9310073749B3783D5C16587AA622_analysis-1.csv;user-I051738;2;-2018569834;4;true;-0.03810860939669092;1.0;Infinity;1;B
user-I051738_session-B14A56479D3084E01B61BD92816198B7921A9310073749B3783D5C16587AA622_analysis-1.csv;user-I051738;2;-2018569833;5;true;0.022605988697533226;1.0;Infinity;1;B
user-I051738_session-B14A56479D3084E01B61BD92816198B7921A9310073749B3783D5C16587AA622_analysis-1.csv;user-I051738;2;1839469934;5;true;-0.5597261999801123;1.0;Infinity;1;B
user-I051738_session-B14A56479D3084E01B61BD92816198B7921A9310073749B3783D5C16587AA622_analysis-1.csv;user-I051738;2;-2018588719;4;true;2.533814561177335;1.0;Infinity;1;B
user-I051738_session-B14A56479D3084E01B61BD92816198B7921A9310073749B3783D5C16587AA622_analysis-1.csv;user-I051738;2;1839469933;5;true;-0.5628939181415501;1.0;Infinity;1;B
user-I051738_session-B14A56479D3084E01B61BD92816198B7921A9310073749B3783D5C16587AA622_analysis-1.csv;user-I051738;2;-2018588718;5;true;2.902061797444477;1.0;Infinity;1;B
user-I051738_session-B14A56479D3084E01B61BD92816198B7921A9310073749B3783D5C16587AA622_analysis-1.csv;user-I051738;2;-2018588717;4;true;3.246023194473929;1.0;Infinity;1;B
user-I051738_session-B14A56479D3084E01B61BD92816198B7921A9310073749B3783D5C16587AA622_analysis-1.csv;user-I051738;2;1839469932;3;true;-0.5650057302491752;1.0;Infinity;1;B
user-I051738_session-B14A56479D3084E01B61BD92816198B7921A9310073749B3783D5C16587AA622_analysis-1.csv;user-I051738;2;1839469931;3;true;-0.5697573074913319;1.0;Infinity;1;B
user-I051738_session-B14A56479D3084E01B61BD92816198B7921A9310073749B3783D5C16587AA622_analysis-1.csv;user-I051738;2;-2018588716;4;true;3.5865528968284908;1.0;Infinity;1;B
user-I051738_session-B14A56479D3084E01B61BD92816198B7921A9310073749B3783D5C16587AA622_analysis-1.csv;user-I051738;2;1839469930;3;true;-0.5723970726258634;1.0;Infinity;1;B
user-I051738_session-B14A56479D3084E01B61BD92816198B7921A9310073749B3783D5C16587AA622_analysis-1.csv;user-I051738;2;-2018588715;4;true;3.356101400583892;1.0;Infinity;1;B
user-I051738_session-B14A56479D3084E01B61BD92816198B7921A9310073749B3783D5C16587AA622_analysis-1.csv;user-I051738;2;-2018588714;4;true;2.008765275919022;1.0;Infinity;1;B
user-I051738_session-B14A56479D3084E01B61BD92816198B7921A9310073749B3783D5C16587AA622_analysis-1.csv;user-I051738;2;1839469929;5;true;-0.5745088847334886;1.0;Infinity;1;B
user-I051738_session-B14A56479D3084E01B61BD92816198B7921A9310073749B3783D5C16587AA622_analysis-1.csv;user-I051738;3;1839458510;4;false;-0.3625357444306104;1.0;15.189672417026339;0;B
user-I051738_session-B14A56479D3084E01B61BD92816198B7921A9310073749B3783D5C16587AA622_analysis-1.csv;user-I051738;3;1839458511;3;false;-0.3445853415157963;1.0;15.189672417026339;0;B
user-I051738_session-B14A56479D3084E01B61BD92816198B7921A9310073749B3783D5C16587AA622_analysis-1.csv;user-I051738;3;-2018577292;3;false;-0.2572091155628041;1.0;15.007350860232384;0;B
user-I051738_session-B14A56479D3084E01B61BD92816198B7921A9310073749B3783D5C16587AA622_analysis-1.csv;user-I051738;3;1839458508;3;false;-0.4137471880405212;1.0;15.189672417026339;0;B
user-I051738_session-B14A56479D3084E01B61BD92816198B7921A9310073749B3783D5C16587AA622_analysis-1.csv;user-I051738;3;1839458509;4;false;-0.39500485558534765;1.0;15.189672417026339;0;B
user-I051738_session-B14A56479D3084E01B61BD92816198B7921A9310073749B3783D5C16587AA622_analysis-1.csv;user-I051738;3;-2018577294;3;false;-0.28730243809646305;1.0;15.007350860232384;0;B
user-I051738_session-B14A56479D3084E01B61BD92816198B7921A9310073749B3783D5C16587AA622_analysis-1.csv;user-I051738;3;-2018577293;4;false;-0.2624886458318671;1.0;15.007350860232384;0;B
user-I051738_session-B14A56479D3084E01B61BD92816198B7921A9310073749B3783D5C16587AA622_analysis-1.csv;user-I051738;3;1839458507;3;false;-0.4327534970091479;1.0;15.189672417026339;0;B
user-I051738_session-B14A56479D3084E01B61BD92816198B7921A9310073749B3783D5C16587AA622_analysis-1.csv;user-I051738;3;-2018577296;5;false;-0.3543524725135628;1.0;15.007350860232384;0;B
user-I051738_session-B14A56479D3084E01B61BD92816198B7921A9310073749B3783D5C16587AA622_analysis-1.csv;user-I051738;3;-2018577295;4;false;-0.3311225393296857;1.0;15.007350860232384;0;B
user-I051738_session-B14A56479D3084E01B61BD92816198B7921A9310073749B3783D5C16587AA622_analysis-1.csv;user-I051738;3;-2018577297;4;false;-0.3781103587243461;1.0;15.007350860232384;0;B
user-I051738_session-B14A56479D3084E01B61BD92816198B7921A9310073749B3783D5C16587AA622_analysis-1.csv;user-I051738;3;1377554876;3;false;-0.5074588503163889;1.0;15.189672417026339;0;B
user-I051738_session-B14A56479D3084E01B61BD92816198B7921A9310073749B3783D5C16587AA622_analysis-1.csv;user-I051738;3;1377554877;3;false;-0.500595460966607;1.0;15.189672417026339;0;B
user-I051738_session-B14A56479D3084E01B61BD92816198B7921A9310073749B3783D5C16587AA622_analysis-1.csv;user-I051738;3;1377554878;4;false;-0.49373207161682514;1.0;15.189672417026339;0;B
user-I051738_session-B14A56479D3084E01B61BD92816198B7921A9310073749B3783D5C16587AA622_analysis-1.csv;user-I051738;3;1377554873;3;false;-0.5343844546886101;1.0;15.189672417026339;0;B
user-I051738_session-B14A56479D3084E01B61BD92816198B7921A9310073749B3783D5C16587AA622_analysis-1.csv;user-I051738;3;1377554874;3;false;-0.5275210653388281;1.0;15.189672417026339;0;B
user-I051738_session-B14A56479D3084E01B61BD92816198B7921A9310073749B3783D5C16587AA622_analysis-1.csv;user-I051738;3;1839458512;4;false;-0.45783126578719696;1.0;15.189672417026339;0;B
user-I051738_session-B14A56479D3084E01B61BD92816198B7921A9310073749B3783D5C16587AA622_analysis-1.csv;user-I051738;3;1377554875;3;false;-0.5206576759890463;1.0;15.189672417026339;0;B
user-I051738_session-B14A56479D3084E01B61BD92816198B7921A9310073749B3783D5C16587AA622_analysis-1.csv;user-I051738;3;1839477397;3;false;-0.4488560643297899;1.0;15.189672417026339;0;B
user-I051738_session-B14A56479D3084E01B61BD92816198B7921A9310073749B3783D5C16587AA622_analysis-1.csv;user-I051738;3;1839477396;4;false;-0.45941512486791586;1.0;15.189672417026339;0;B
user-I051738_session-B14A56479D3084E01B61BD92816198B7921A9310073749B3783D5C16587AA622_analysis-1.csv;user-I051738;3;1839477393;4;false;-0.49689978977826293;1.0;15.189672417026339;0;B
user-I051738_session-B14A56479D3084E01B61BD92816198B7921A9310073749B3783D5C16587AA622_analysis-1.csv;user-I051738;3;1839477392;3;false;-0.5069308972894826;1.0;15.189672417026339;0;B
user-I051738_session-B14A56479D3084E01B61BD92816198B7921A9310073749B3783D5C16587AA622_analysis-1.csv;user-I051738;3;1839477395;3;false;-0.4694462323791355;1.0;15.189672417026339;0;B
user-I051738_session-B14A56479D3084E01B61BD92816198B7921A9310073749B3783D5C16587AA622_analysis-1.csv;user-I051738;3;1839477394;3;false;-0.48686868226704333;1.0;15.189672417026339;0;B
user-I051738_session-B14A56479D3084E01B61BD92816198B7921A9310073749B3783D5C16587AA622_analysis-1.csv;user-I051738;3;744053661;4;false;-0.5797884150025515;1.0;15.70049804079233;0;B
user-I051738_session-B14A56479D3084E01B61BD92816198B7921A9310073749B3783D5C16587AA622_analysis-1.csv;user-I051738;3;744053660;4;false;-0.5824281801370831;1.0;15.70049804079233;0;B
user-I051738_session-B14A56479D3084E01B61BD92816198B7921A9310073749B3783D5C16587AA622_analysis-1.csv;user-I051738;3;744053663;3;false;-0.5771486498680201;1.0;15.70049804079233;0;B
user-I051738_session-B14A56479D3084E01B61BD92816198B7921A9310073749B3783D5C16587AA622_analysis-1.csv;user-I051738;3;744053662;5;false;-0.578732508948739;1.0;15.70049804079233;0;B
user-I051738_session-B14A56479D3084E01B61BD92816198B7921A9310073749B3783D5C16587AA622_analysis-1.csv;user-I051738;3;744053659;4;false;-0.584012039217802;1.0;15.70049804079233;0;B
user-I051738_session-B14A56479D3084E01B61BD92816198B7921A9310073749B3783D5C16587AA622_analysis-1.csv;user-I051738;3;1814474943;5;false;-0.3670233451593139;1.0;15.007350860232384;0;B
user-I051738_session-B14A56479D3084E01B61BD92816198B7921A9310073749B3783D5C16587AA622_analysis-1.csv;user-I051738;3;744053658;4;false;-0.5850679452716145;1.0;15.70049804079233;0;B
user-I051738_session-B14A56479D3084E01B61BD92816198B7921A9310073749B3783D5C16587AA622_analysis-1.csv;user-I051738;3;-808453277;4;false;-0.34352943546198367;1.0;15.189672417026339;0;B
user-I051738_session-B14A56479D3084E01B61BD92816198B7921A9310073749B3783D5C16587AA622_analysis-1.csv;user-I051738;3;-808453278;3;false;-0.36623141561895445;1.0;15.189672417026339;0;B
user-I051738_session-B14A56479D3084E01B61BD92816198B7921A9310073749B3783D5C16587AA622_analysis-1.csv;user-I051738;3;-808453279;4;false;-0.3897253253162847;1.0;15.189672417026339;0;B
user-I051738_session-B14A56479D3084E01B61BD92816198B7921A9310073749B3783D5C16587AA622_analysis-1.csv;user-I051738;3;1814474948;3;false;-0.4039800570427547;1.0;15.007350860232384;0;B
user-I051738_session-B14A56479D3084E01B61BD92816198B7921A9310073749B3783D5C16587AA622_analysis-1.csv;user-I051738;3;1814474947;3;false;-0.2471780080515845;1.0;15.007350860232384;0;B
user-I051738_session-B14A56479D3084E01B61BD92816198B7921A9310073749B3783D5C16587AA622_analysis-1.csv;user-I051738;3;-808453274;4;false;-0.30129319330947996;1.0;15.189672417026339;0;B
user-I051738_session-B14A56479D3084E01B61BD92816198B7921A9310073749B3783D5C16587AA622_analysis-1.csv;user-I051738;3;1814474946;3;false;-0.27146384728927414;1.0;15.007350860232384;0;B
user-I051738_session-B14A56479D3084E01B61BD92816198B7921A9310073749B3783D5C16587AA622_analysis-1.csv;user-I051738;3;1814474945;4;false;-0.3168678076032157;1.0;15.007350860232384;0;B
user-I051738_session-B14A56479D3084E01B61BD92816198B7921A9310073749B3783D5C16587AA622_analysis-1.csv;user-I051738;3;-808453275;3;false;-0.2785912131525092;1.0;15.189672417026339;0;B
user-I051738_session-B14A56479D3084E01B61BD92816198B7921A9310073749B3783D5C16587AA622_analysis-1.csv;user-I051738;3;1814474944;4;false;-0.3443213650023431;1.0;15.007350860232384;0;B
user-I051738_session-B14A56479D3084E01B61BD92816198B7921A9310073749B3783D5C16587AA622_analysis-1.csv;user-I051738;3;-808453276;6;false;-0.30129319330947996;1.0;15.189672417026339;0;B
user-I051738_session-B14A56479D3084E01B61BD92816198B7921A9310073749B3783D5C16587AA622_analysis-1.csv;user-I051738;3;-371533209;4;false;0.23167538735242682;1.0;15.007350860232384;0;B
user-I051738_session-B14A56479D3084E01B61BD92816198B7921A9310073749B3783D5C16587AA622_analysis-1.csv;user-I051738;3;-371533204;3;false;0.655093714931277;1.0;15.007350860232384;0;B
user-I051738_session-B14A56479D3084E01B61BD92816198B7921A9310073749B3783D5C16587AA622_analysis-1.csv;user-I051738;3;-371533205;6;false;0.6688204936308406;1.0;15.007350860232384;0;B
user-I051738_session-B14A56479D3084E01B61BD92816198B7921A9310073749B3783D5C16587AA622_analysis-1.csv;user-I051738;3;-371533206;4;false;0.5788045025433171;1.0;15.007350860232384;0;B
user-I051738_session-B14A56479D3084E01B61BD92816198B7921A9310073749B3783D5C16587AA622_analysis-1.csv;user-I051738;3;-371533207;4;false;0.41434713466200557;1.0;15.007350860232384;0;B
user-I051738_session-B14A56479D3084E01B61BD92816198B7921A9310073749B3783D5C16587AA622_analysis-1.csv;user-I051738;3;-371533208;4;false;0.32169137843995044;1.0;15.007350860232384;0;B
user-I051738_session-B14A56479D3084E01B61BD92816198B7921A9310073749B3783D5C16587AA622_analysis-1.csv;user-I051738;3;-2018569832;3;false;0.08490444587247627;1.0;15.007350860232384;0;B
user-I051738_session-B14A56479D3084E01B61BD92816198B7921A9310073749B3783D5C16587AA622_analysis-1.csv;user-I051738;3;-2018569831;4;false;0.1968304875766112;1.0;15.007350860232384;0;B
user-I051738_session-B14A56479D3084E01B61BD92816198B7921A9310073749B3783D5C16587AA622_analysis-1.csv;user-I051738;3;-2018569830;3;false;0.25754508567083534;1.0;15.007350860232384;0;B
user-I051738_session-B14A56479D3084E01B61BD92816198B7921A9310073749B3783D5C16587AA622_analysis-1.csv;user-I051738;3;-2018569829;4;false;0.02524575383206471;1.0;15.007350860232384;0;B
user-I051738_session-B14A56479D3084E01B61BD92816198B7921A9310073749B3783D5C16587AA622_analysis-1.csv;user-I051738;3;-2018569834;4;false;-0.03810860939669092;1.0;15.007350860232384;0;B
user-I051738_session-B14A56479D3084E01B61BD92816198B7921A9310073749B3783D5C16587AA622_analysis-1.csv;user-I051738;3;-2018569833;4;false;0.022605988697533226;1.0;15.007350860232384;0;B
user-I051738_session-B14A56479D3084E01B61BD92816198B7921A9310073749B3783D5C16587AA622_analysis-1.csv;user-I051738;3;1839469934;3;false;-0.5597261999801123;1.0;15.189672417026339;0;B
user-I051738_session-B14A56479D3084E01B61BD92816198B7921A9310073749B3783D5C16587AA622_analysis-1.csv;user-I051738;3;-2018588719;5;false;2.533814561177335;1.0;15.007350860232384;0;B
user-I051738_session-B14A56479D3084E01B61BD92816198B7921A9310073749B3783D5C16587AA622_analysis-1.csv;user-I051738;3;1839469933;4;false;-0.5628939181415501;1.0;15.189672417026339;0;B
user-I051738_session-B14A56479D3084E01B61BD92816198B7921A9310073749B3783D5C16587AA622_analysis-1.csv;user-I051738;3;-2018588718;4;false;2.902061797444477;1.0;15.007350860232384;0;B
user-I051738_session-B14A56479D3084E01B61BD92816198B7921A9310073749B3783D5C16587AA622_analysis-1.csv;user-I051738;3;-2018588717;4;false;3.246023194473929;1.0;15.007350860232384;0;B
user-I051738_session-B14A56479D3084E01B61BD92816198B7921A9310073749B3783D5C16587AA622_analysis-1.csv;user-I051738;3;1839469932;4;false;-0.5650057302491752;1.0;15.189672417026339;0;B
user-I051738_session-B14A56479D3084E01B61BD92816198B7921A9310073749B3783D5C16587AA622_analysis-1.csv;user-I051738;3;1839469931;3;false;-0.5697573074913319;1.0;15.189672417026339;0;B
user-I051738_session-B14A56479D3084E01B61BD92816198B7921A9310073749B3783D5C16587AA622_analysis-1.csv;user-I051738;3;-2018588716;4;false;3.5865528968284908;1.0;15.007350860232384;0;B
user-I051738_session-B14A56479D3084E01B61BD92816198B7921A9310073749B3783D5C16587AA622_analysis-1.csv;user-I051738;3;1839469930;5;false;-0.5723970726258634;1.0;15.189672417026339;0;B
user-I051738_session-B14A56479D3084E01B61BD92816198B7921A9310073749B3783D5C16587AA622_analysis-1.csv;user-I051738;3;-2018588715;5;false;3.356101400583892;1.0;15.007350860232384;0;B
user-I051738_session-B14A56479D3084E01B61BD92816198B7921A9310073749B3783D5C16587AA622_analysis-1.csv;user-I051738;3;-2018588714;4;false;2.008765275919022;1.0;15.007350860232384;0;B
user-I051738_session-B14A56479D3084E01B61BD92816198B7921A9310073749B3783D5C16587AA622_analysis-1.csv;user-I051738;3;1839469929;3;false;-0.5745088847334886;1.0;15.189672417026339;0;B
user-I051738_session-B14A56479D3084E01B61BD92816198B7921A9310073749B3783D5C16587AA622_analysis-1.csv;user-I051738;4;100026601;4;true;-0.17131453814086758;1.0;14.933242888078663;0;B
user-I051738_session-B14A56479D3084E01B61BD92816198B7921A9310073749B3783D5C16587AA622_analysis-1.csv;user-I051738;4;100026600;4;true;-0.17131453814086758;1.0;14.933242888078663;0;B
user-I051738_session-B14A56479D3084E01B61BD92816198B7921A9310073749B3783D5C16587AA622_analysis-1.csv;user-I051738;4;100026603;4;true;-0.4664608358071408;1.0;14.933242888078663;0;B
user-I051738_session-B14A56479D3084E01B61BD92816198B7921A9310073749B3783D5C16587AA622_analysis-1.csv;user-I051738;4;100026602;3;true;-0.17131453814086758;1.0;14.933242888078663;0;B
user-I051738_session-B14A56479D3084E01B61BD92816198B7921A9310073749B3783D5C16587AA622_analysis-1.csv;user-I051738;4;561949122;4;true;0.09726859273544101;1.0;14.933242888078663;0;B
user-I051738_session-B14A56479D3084E01B61BD92816198B7921A9310073749B3783D5C16587AA622_analysis-1.csv;user-I051738;4;561949120;3;true;0.43078390909832975;1.0;14.933242888078663;0;B
user-I051738_session-B14A56479D3084E01B61BD92816198B7921A9310073749B3783D5C16587AA622_analysis-1.csv;user-I051738;4;561949121;4;true;0.43078390909832975;1.0;14.933242888078663;0;B
user-I051738_session-B14A56479D3084E01B61BD92816198B7921A9310073749B3783D5C16587AA622_analysis-1.csv;user-I051738;4;-2085981551;3;true;0.45351017401863275;1.0;14.933242888078663;0;B
user-I051738_session-B14A56479D3084E01B61BD92816198B7921A9310073749B3783D5C16587AA622_analysis-1.csv;user-I051738;4;-2085981552;3;true;0.45351017401863275;1.0;14.933242888078663;0;B
user-I051738_session-B14A56479D3084E01B61BD92816198B7921A9310073749B3783D5C16587AA622_analysis-1.csv;user-I051738;4;-2085981549;4;true;0.3366322401427886;1.0;14.933242888078663;0;B
user-I051738_session-B14A56479D3084E01B61BD92816198B7921A9310073749B3783D5C16587AA622_analysis-1.csv;user-I051738;4;100026599;3;true;-0.17131453814086758;1.0;14.933242888078663;0;B
user-I051738_session-B14A56479D3084E01B61BD92816198B7921A9310073749B3783D5C16587AA622_analysis-1.csv;user-I051738;4;100026598;3;true;-0.17131453814086758;1.0;14.933242888078663;0;B
user-I051738_session-B14A56479D3084E01B61BD92816198B7921A9310073749B3783D5C16587AA622_analysis-1.csv;user-I051738;4;-2085981550;3;true;0.45351017401863275;1.0;14.933242888078663;0;B
user-I051738_session-B14A56479D3084E01B61BD92816198B7921A9310073749B3783D5C16587AA622_analysis-1.csv;user-I051738;4;-2085981554;4;true;0.45351017401863275;1.0;14.933242888078663;0;B
user-I051738_session-B14A56479D3084E01B61BD92816198B7921A9310073749B3783D5C16587AA622_analysis-1.csv;user-I051738;4;-2085981553;3;true;0.45351017401863275;1.0;14.933242888078663;0;B
user-I051738_session-B14A56479D3084E01B61BD92816198B7921A9310073749B3783D5C16587AA622_analysis-1.csv;user-I051738;4;125010163;5;true;-0.4912531248111077;1.0;15.115564444872618;0;B
user-I051738_session-B14A56479D3084E01B61BD92816198B7921A9310073749B3783D5C16587AA622_analysis-1.csv;user-I051738;4;125010162;3;true;-0.4912531248111077;1.0;15.115564444872618;0;B
user-I051738_session-B14A56479D3084E01B61BD92816198B7921A9310073749B3783D5C16587AA622_analysis-1.csv;user-I051738;4;125010167;4;true;-0.5496920917490299;1.0;15.115564444872618;0;B
user-I051738_session-B14A56479D3084E01B61BD92816198B7921A9310073749B3783D5C16587AA622_analysis-1.csv;user-I051738;4;125010166;4;true;-0.4912531248111077;1.0;15.115564444872618;0;B
user-I051738_session-B14A56479D3084E01B61BD92816198B7921A9310073749B3783D5C16587AA622_analysis-1.csv;user-I051738;4;125010165;3;true;-0.4912531248111077;1.0;15.115564444872618;0;B
user-I051738_session-B14A56479D3084E01B61BD92816198B7921A9310073749B3783D5C16587AA622_analysis-1.csv;user-I051738;4;125010164;3;true;-0.4912531248111077;1.0;15.115564444872618;0;B
user-I051738_session-B14A56479D3084E01B61BD92816198B7921A9310073749B3783D5C16587AA622_analysis-1.csv;user-I051738;4;1772065677;4;true;-0.44255398569617266;1.0;15.115564444872618;0;B
user-I051738_session-B14A56479D3084E01B61BD92816198B7921A9310073749B3783D5C16587AA622_analysis-1.csv;user-I051738;4;561930236;3;true;3.0770656139741352;1.0;14.933242888078663;0;B
user-I051738_session-B14A56479D3084E01B61BD92816198B7921A9310073749B3783D5C16587AA622_analysis-1.csv;user-I051738;4;561930237;3;true;1.8870357417837218;1.0;14.933242888078663;0;B
user-I051738_session-B14A56479D3084E01B61BD92816198B7921A9310073749B3783D5C16587AA622_analysis-1.csv;user-I051738;4;1772065676;4;true;-0.4027092355112258;1.0;15.115564444872618;0;B
user-I051738_session-B14A56479D3084E01B61BD92816198B7921A9310073749B3783D5C16587AA622_analysis-1.csv;user-I051738;4;561930234;3;true;3.0770656139741352;1.0;14.933242888078663;0;B
user-I051738_session-B14A56479D3084E01B61BD92816198B7921A9310073749B3783D5C16587AA622_analysis-1.csv;user-I051738;4;1772065675;3;true;-0.4027092355112258;1.0;15.115564444872618;0;B
user-I051738_session-B14A56479D3084E01B61BD92816198B7921A9310073749B3783D5C16587AA622_analysis-1.csv;user-I051738;4;1772065674;3;true;-0.4027092355112258;1.0;15.115564444872618;0;B
user-I051738_session-B14A56479D3084E01B61BD92816198B7921A9310073749B3783D5C16587AA622_analysis-1.csv;user-I051738;4;561930235;4;true;3.0770656139741352;1.0;14.933242888078663;0;B
user-I051738_session-B14A56479D3084E01B61BD92816198B7921A9310073749B3783D5C16587AA622_analysis-1.csv;user-I051738;4;1772065673;3;true;-0.4027092355112258;1.0;15.115564444872618;0;B
user-I051738_session-B14A56479D3084E01B61BD92816198B7921A9310073749B3783D5C16587AA622_analysis-1.csv;user-I051738;4;561930232;4;true;3.0770656139741352;1.0;14.933242888078663;0;B
user-I051738_session-B14A56479D3084E01B61BD92816198B7921A9310073749B3783D5C16587AA622_analysis-1.csv;user-I051738;4;561930233;3;true;3.0770656139741352;1.0;14.933242888078663;0;B
user-I051738_session-B14A56479D3084E01B61BD92816198B7921A9310073749B3783D5C16587AA622_analysis-1.csv;user-I051738;4;1772065672;3;true;-0.4027092355112258;1.0;15.115564444872618;0;B
user-I051738_session-B14A56479D3084E01B61BD92816198B7921A9310073749B3783D5C16587AA622_analysis-1.csv;user-I051738;4;-336893467;3;true;-0.6081310586869519;1.0;15.115564444872618;0;B
user-I051738_session-B14A56479D3084E01B61BD92816198B7921A9310073749B3783D5C16587AA622_analysis-1.csv;user-I051738;4;125021589;4;true;-0.6494515403602302;1.0;15.115564444872618;0;B
user-I051738_session-B14A56479D3084E01B61BD92816198B7921A9310073749B3783D5C16587AA622_analysis-1.csv;user-I051738;4;561941659;3;true;-0.1358969824209148;1.0;14.933242888078663;0;B
user-I051738_session-B14A56479D3084E01B61BD92816198B7921A9310073749B3783D5C16587AA622_analysis-1.csv;user-I051738;4;-970394683;4;true;-0.6907720220335084;1.0;15.626390068638608;0;B
user-I051738_session-B14A56479D3084E01B61BD92816198B7921A9310073749B3783D5C16587AA622_analysis-1.csv;user-I051738;4;-336893468;3;true;-0.6081310586869519;1.0;15.115564444872618;0;B
user-I051738_session-B14A56479D3084E01B61BD92816198B7921A9310073749B3783D5C16587AA622_analysis-1.csv;user-I051738;4;125021588;3;true;-0.6494515403602302;1.0;15.115564444872618;0;B
user-I051738_session-B14A56479D3084E01B61BD92816198B7921A9310073749B3783D5C16587AA622_analysis-1.csv;user-I051738;4;561941658;4;true;-0.11523674158427569;1.0;14.933242888078663;0;B
user-I051738_session-B14A56479D3084E01B61BD92816198B7921A9310073749B3783D5C16587AA622_analysis-1.csv;user-I051738;4;-970394684;3;true;-0.6907720220335084;1.0;15.626390068638608;0;B
user-I051738_session-B14A56479D3084E01B61BD92816198B7921A9310073749B3783D5C16587AA622_analysis-1.csv;user-I051738;4;561941657;4;true;-0.11523674158427569;1.0;14.933242888078663;0;B
user-I051738_session-B14A56479D3084E01B61BD92816198B7921A9310073749B3783D5C16587AA622_analysis-1.csv;user-I051738;4;-970394682;3;true;-0.6907720220335084;1.0;15.626390068638608;0;B
user-I051738_session-B14A56479D3084E01B61BD92816198B7921A9310073749B3783D5C16587AA622_analysis-1.csv;user-I051738;4;561941656;3;true;-0.11523674158427569;1.0;14.933242888078663;0;B
user-I051738_session-B14A56479D3084E01B61BD92816198B7921A9310073749B3783D5C16587AA622_analysis-1.csv;user-I051738;4;-336893471;4;true;-0.6081310586869519;1.0;15.115564444872618;0;B
user-I051738_session-B14A56479D3084E01B61BD92816198B7921A9310073749B3783D5C16587AA622_analysis-1.csv;user-I051738;4;125021585;3;true;-0.6494515403602302;1.0;15.115564444872618;0;B
user-I051738_session-B14A56479D3084E01B61BD92816198B7921A9310073749B3783D5C16587AA622_analysis-1.csv;user-I051738;4;-970394687;3;true;-0.6907720220335084;1.0;15.626390068638608;0;B
user-I051738_session-B14A56479D3084E01B61BD92816198B7921A9310073749B3783D5C16587AA622_analysis-1.csv;user-I051738;4;125021584;4;true;-0.6494515403602302;1.0;15.115564444872618;0;B
user-I051738_session-B14A56479D3084E01B61BD92816198B7921A9310073749B3783D5C16587AA622_analysis-1.csv;user-I051738;4;-336893472;5;true;-0.6081310586869519;1.0;15.115564444872618;0;B
user-I051738_session-B14A56479D3084E01B61BD92816198B7921A9310073749B3783D5C16587AA622_analysis-1.csv;user-I051738;4;-970394685;4;true;-0.6907720220335084;1.0;15.626390068638608;0;B
user-I051738_session-B14A56479D3084E01B61BD92816198B7921A9310073749B3783D5C16587AA622_analysis-1.csv;user-I051738;4;125021587;3;true;-0.6494515403602302;1.0;15.115564444872618;0;B
user-I051738_session-B14A56479D3084E01B61BD92816198B7921A9310073749B3783D5C16587AA622_analysis-1.csv;user-I051738;4;-336893469;3;true;-0.6081310586869519;1.0;15.115564444872618;0;B
user-I051738_session-B14A56479D3084E01B61BD92816198B7921A9310073749B3783D5C16587AA622_analysis-1.csv;user-I051738;4;-970394686;4;true;-0.6907720220335084;1.0;15.626390068638608;0;B
user-I051738_session-B14A56479D3084E01B61BD92816198B7921A9310073749B3783D5C16587AA622_analysis-1.csv;user-I051738;4;125021586;3;true;-0.6494515403602302;1.0;15.115564444872618;0;B
user-I051738_session-B14A56479D3084E01B61BD92816198B7921A9310073749B3783D5C16587AA622_analysis-1.csv;user-I051738;4;-336893470;3;true;-0.6081310586869519;1.0;15.115564444872618;0;B
user-I051738_session-B14A56479D3084E01B61BD92816198B7921A9310073749B3783D5C16587AA622_analysis-1.csv;user-I051738;4;561941655;3;true;-0.11523674158427569;1.0;14.933242888078663;0;B
user-I051738_session-B14A56479D3084E01B61BD92816198B7921A9310073749B3783D5C16587AA622_analysis-1.csv;user-I051738;4;561941654;4;true;-0.11523674158427569;1.0;14.933242888078663;0;B
user-I051738_session-B14A56479D3084E01B61BD92816198B7921A9310073749B3783D5C16587AA622_analysis-1.csv;user-I051738;4;125029052;4;true;-0.49007253962044267;1.0;15.115564444872618;0;B
user-I051738_session-B14A56479D3084E01B61BD92816198B7921A9310073749B3783D5C16587AA622_analysis-1.csv;user-I051738;4;125029051;6;true;-0.49007253962044267;1.0;15.115564444872618;0;B
user-I051738_session-B14A56479D3084E01B61BD92816198B7921A9310073749B3783D5C16587AA622_analysis-1.csv;user-I051738;4;125029050;4;true;-0.49007253962044267;1.0;15.115564444872618;0;B
user-I051738_session-B14A56479D3084E01B61BD92816198B7921A9310073749B3783D5C16587AA622_analysis-1.csv;user-I051738;4;125029049;4;true;-0.49007253962044267;1.0;15.115564444872618;0;B
user-I051738_session-B14A56479D3084E01B61BD92816198B7921A9310073749B3783D5C16587AA622_analysis-1.csv;user-I051738;4;125029048;3;true;-0.49007253962044267;1.0;15.115564444872618;0;B
user-I051738_session-B14A56479D3084E01B61BD92816198B7921A9310073749B3783D5C16587AA622_analysis-1.csv;user-I051738;4;125029047;4;true;-0.49007253962044267;1.0;15.115564444872618;0;B
user-I051738_session-B14A56479D3084E01B61BD92816198B7921A9310073749B3783D5C16587AA622_analysis-1.csv;user-I051738;4;561949117;4;true;0.43078390909832975;1.0;14.933242888078663;0;B
user-I051738_session-B14A56479D3084E01B61BD92816198B7921A9310073749B3783D5C16587AA622_analysis-1.csv;user-I051738;4;561949119;4;true;0.43078390909832975;1.0;14.933242888078663;0;B
user-I051738_session-B14A56479D3084E01B61BD92816198B7921A9310073749B3783D5C16587AA622_analysis-1.csv;user-I051738;4;561949118;4;true;0.43078390909832975;1.0;14.933242888078663;0;B
