session ;user;query position;cell hashcode;cell computation time;novelty;outlierness;relevance;surprise;query label;session label
user-I051892_session-05F964991B84D6A73AB5C73DA9CB1A97C34CB84348A55BE18FEB6A11A66B8BC9_analysis-1.csv;user-I051892;1;802856382;4;true;0.4522767295487974;0.0;Infinity;1;B
user-I051892_session-05F964991B84D6A73AB5C73DA9CB1A97C34CB84348A55BE18FEB6A11A66B8BC9_analysis-1.csv;user-I051892;1;-1238681375;5;true;-1.0085135986828448;0.0;Infinity;1;B
user-I051892_session-05F964991B84D6A73AB5C73DA9CB1A97C34CB84348A55BE18FEB6A11A66B8BC9_analysis-1.csv;user-I051892;1;1855846717;5;true;1.4422470162697816;0.0;Infinity;1;B
user-I051892_session-05F964991B84D6A73AB5C73DA9CB1A97C34CB84348A55BE18FEB6A11A66B8BC9_analysis-1.csv;user-I051892;1;323866424;6;true;-1.047374464363813;0.0;Infinity;1;B
user-I051892_session-05F964991B84D6A73AB5C73DA9CB1A97C34CB84348A55BE18FEB6A11A66B8BC9_analysis-1.csv;user-I051892;1;-801358161;11;true;-0.8126218448083973;0.0;Infinity;1;B
user-I051892_session-05F964991B84D6A73AB5C73DA9CB1A97C34CB84348A55BE18FEB6A11A66B8BC9_analysis-1.csv;user-I051892;1;1174780999;7;true;-0.8667047403729237;0.0;Infinity;1;B
user-I051892_session-05F964991B84D6A73AB5C73DA9CB1A97C34CB84348A55BE18FEB6A11A66B8BC9_analysis-1.csv;user-I051892;1;797938978;8;true;0.582687182801953;0.0;Infinity;1;B
user-I051892_session-05F964991B84D6A73AB5C73DA9CB1A97C34CB84348A55BE18FEB6A11A66B8BC9_analysis-1.csv;user-I051892;1;-1071851465;5;true;1.9325923910566067;0.0;Infinity;1;B
user-I051892_session-05F964991B84D6A73AB5C73DA9CB1A97C34CB84348A55BE18FEB6A11A66B8BC9_analysis-1.csv;user-I051892;1;1838464897;11;true;2.3381381874420084;0.0;Infinity;1;B
user-I051892_session-05F964991B84D6A73AB5C73DA9CB1A97C34CB84348A55BE18FEB6A11A66B8BC9_analysis-1.csv;user-I051892;1;2101206485;5;true;0.2768248040580079;0.0;Infinity;1;B
user-I051892_session-05F964991B84D6A73AB5C73DA9CB1A97C34CB84348A55BE18FEB6A11A66B8BC9_analysis-1.csv;user-I051892;1;-1124767660;4;true;-0.7190603679997295;0.0;Infinity;1;B
user-I051892_session-05F964991B84D6A73AB5C73DA9CB1A97C34CB84348A55BE18FEB6A11A66B8BC9_analysis-1.csv;user-I051892;1;1093652438;5;true;-0.6073056149393911;0.0;Infinity;1;B
user-I051892_session-05F964991B84D6A73AB5C73DA9CB1A97C34CB84348A55BE18FEB6A11A66B8BC9_analysis-1.csv;user-I051892;1;1485245684;5;true;1.482912715691194;0.0;Infinity;1;B
user-I051892_session-05F964991B84D6A73AB5C73DA9CB1A97C34CB84348A55BE18FEB6A11A66B8BC9_analysis-1.csv;user-I051892;1;1675533724;4;true;0.2879367823452575;0.0;Infinity;1;B
user-I051892_session-05F964991B84D6A73AB5C73DA9CB1A97C34CB84348A55BE18FEB6A11A66B8BC9_analysis-1.csv;user-I051892;1;524511983;4;true;-1.0108498748631145;0.0;Infinity;1;B
user-I051892_session-05F964991B84D6A73AB5C73DA9CB1A97C34CB84348A55BE18FEB6A11A66B8BC9_analysis-1.csv;user-I051892;1;14969309;9;true;0.0658732137718966;0.0;Infinity;1;B
user-I051892_session-05F964991B84D6A73AB5C73DA9CB1A97C34CB84348A55BE18FEB6A11A66B8BC9_analysis-1.csv;user-I051892;1;-1349187308;7;true;-0.9174402387515396;0.0;Infinity;1;B
user-I051892_session-05F964991B84D6A73AB5C73DA9CB1A97C34CB84348A55BE18FEB6A11A66B8BC9_analysis-1.csv;user-I051892;1;1828958527;5;true;0.7826717336480397;0.0;Infinity;1;B
user-I051892_session-05F964991B84D6A73AB5C73DA9CB1A97C34CB84348A55BE18FEB6A11A66B8BC9_analysis-1.csv;user-I051892;1;-1494414203;5;true;-0.09021212098968652;0.0;Infinity;1;B
user-I051892_session-05F964991B84D6A73AB5C73DA9CB1A97C34CB84348A55BE18FEB6A11A66B8BC9_analysis-1.csv;user-I051892;1;1118071845;5;true;0.712980304607355;0.0;Infinity;1;B
user-I051892_session-05F964991B84D6A73AB5C73DA9CB1A97C34CB84348A55BE18FEB6A11A66B8BC9_analysis-1.csv;user-I051892;1;-2139761238;7;true;1.2104414866079407;0.0;Infinity;1;B
user-I051892_session-05F964991B84D6A73AB5C73DA9CB1A97C34CB84348A55BE18FEB6A11A66B8BC9_analysis-1.csv;user-I051892;1;-2094978672;6;true;-1.1052982393798019;0.0;Infinity;1;B
user-I051892_session-05F964991B84D6A73AB5C73DA9CB1A97C34CB84348A55BE18FEB6A11A66B8BC9_analysis-1.csv;user-I051892;1;-1398927799;5;true;-0.9921838218954955;0.0;Infinity;1;B
user-I051892_session-05F964991B84D6A73AB5C73DA9CB1A97C34CB84348A55BE18FEB6A11A66B8BC9_analysis-1.csv;user-I051892;1;-2020583343;6;true;-0.5909344270528346;0.0;Infinity;1;B
user-I051892_session-05F964991B84D6A73AB5C73DA9CB1A97C34CB84348A55BE18FEB6A11A66B8BC9_analysis-1.csv;user-I051892;1;1118932130;5;true;-1.0203123110319463;0.0;Infinity;1;B
user-I051892_session-05F964991B84D6A73AB5C73DA9CB1A97C34CB84348A55BE18FEB6A11A66B8BC9_analysis-1.csv;user-I051892;1;-2139773731;4;true;-0.008987700819812944;0.0;Infinity;1;B
user-I051892_session-05F964991B84D6A73AB5C73DA9CB1A97C34CB84348A55BE18FEB6A11A66B8BC9_analysis-1.csv;user-I051892;1;1530818752;6;true;0.625889312049803;0.0;Infinity;1;B
user-I051892_session-05F964991B84D6A73AB5C73DA9CB1A97C34CB84348A55BE18FEB6A11A66B8BC9_analysis-1.csv;user-I051892;1;-1032655259;7;true;0.003563313164884775;0.0;Infinity;1;B
user-I051892_session-05F964991B84D6A73AB5C73DA9CB1A97C34CB84348A55BE18FEB6A11A66B8BC9_analysis-1.csv;user-I051892;1;2115011341;9;true;-0.9394019250310601;0.0;Infinity;1;B
user-I051892_session-05F964991B84D6A73AB5C73DA9CB1A97C34CB84348A55BE18FEB6A11A66B8BC9_analysis-1.csv;user-I051892;1;-202348126;6;true;2.086703796755983;0.0;Infinity;1;B
user-I051892_session-05F964991B84D6A73AB5C73DA9CB1A97C34CB84348A55BE18FEB6A11A66B8BC9_analysis-1.csv;user-I051892;1;2020521674;5;true;-0.8896844495079531;0.0;Infinity;1;B
user-I051892_session-05F964991B84D6A73AB5C73DA9CB1A97C34CB84348A55BE18FEB6A11A66B8BC9_analysis-1.csv;user-I051892;1;146528472;5;true;-0.4129633263602773;0.0;Infinity;1;B
user-I051892_session-05F964991B84D6A73AB5C73DA9CB1A97C34CB84348A55BE18FEB6A11A66B8BC9_analysis-1.csv;user-I051892;1;1608139620;4;true;0.5386740861946298;0.0;Infinity;1;B
user-I051892_session-05F964991B84D6A73AB5C73DA9CB1A97C34CB84348A55BE18FEB6A11A66B8BC9_analysis-1.csv;user-I051892;1;-1291923975;5;true;-1.1038177925831465;0.0;Infinity;1;B
user-I051892_session-05F964991B84D6A73AB5C73DA9CB1A97C34CB84348A55BE18FEB6A11A66B8BC9_analysis-1.csv;user-I051892;1;-75872480;5;true;-0.684171516917713;0.0;Infinity;1;B
user-I051892_session-05F964991B84D6A73AB5C73DA9CB1A97C34CB84348A55BE18FEB6A11A66B8BC9_analysis-1.csv;user-I051892;1;-646098478;5;true;-0.6210437471013602;0.0;Infinity;1;B
user-I051892_session-05F964991B84D6A73AB5C73DA9CB1A97C34CB84348A55BE18FEB6A11A66B8BC9_analysis-1.csv;user-I051892;1;1269197454;5;true;0.626469067438703;0.0;Infinity;1;B
user-I051892_session-05F964991B84D6A73AB5C73DA9CB1A97C34CB84348A55BE18FEB6A11A66B8BC9_analysis-1.csv;user-I051892;2;-595516215;6;true;-0.9954172004303454;0.0;Infinity;1;B
user-I051892_session-05F964991B84D6A73AB5C73DA9CB1A97C34CB84348A55BE18FEB6A11A66B8BC9_analysis-1.csv;user-I051892;2;124016552;5;true;2.2968953791069553;0.0;Infinity;1;B
user-I051892_session-05F964991B84D6A73AB5C73DA9CB1A97C34CB84348A55BE18FEB6A11A66B8BC9_analysis-1.csv;user-I051892;2;1455751291;4;true;-0.7939586577426788;0.0;Infinity;1;B
user-I051892_session-05F964991B84D6A73AB5C73DA9CB1A97C34CB84348A55BE18FEB6A11A66B8BC9_analysis-1.csv;user-I051892;2;-539667346;4;true;-0.7799937842869739;0.0;Infinity;1;B
user-I051892_session-05F964991B84D6A73AB5C73DA9CB1A97C34CB84348A55BE18FEB6A11A66B8BC9_analysis-1.csv;user-I051892;2;-916509367;5;true;0.34728958829154094;0.0;Infinity;1;B
user-I051892_session-05F964991B84D6A73AB5C73DA9CB1A97C34CB84348A55BE18FEB6A11A66B8BC9_analysis-1.csv;user-I051892;2;400562996;5;true;-1.0242872439237283;0.0;Infinity;1;B
user-I051892_session-05F964991B84D6A73AB5C73DA9CB1A97C34CB84348A55BE18FEB6A11A66B8BC9_analysis-1.csv;user-I051892;2;1181591152;5;true;-1.0280153729499093;0.0;Infinity;1;B
user-I051892_session-05F964991B84D6A73AB5C73DA9CB1A97C34CB84348A55BE18FEB6A11A66B8BC9_analysis-1.csv;user-I051892;2;-183629593;4;true;0.4931016731007407;0.0;Infinity;1;B
user-I051892_session-05F964991B84D6A73AB5C73DA9CB1A97C34CB84348A55BE18FEB6A11A66B8BC9_analysis-1.csv;user-I051892;2;-445250891;7;true;1.3721467480384435;0.0;Infinity;1;B
user-I051892_session-05F964991B84D6A73AB5C73DA9CB1A97C34CB84348A55BE18FEB6A11A66B8BC9_analysis-1.csv;user-I051892;2;440745220;5;true;0.07469540535752009;0.0;Infinity;1;B
user-I051892_session-05F964991B84D6A73AB5C73DA9CB1A97C34CB84348A55BE18FEB6A11A66B8BC9_analysis-1.csv;user-I051892;2;1086104748;8;true;-0.12039042416716697;0.0;Infinity;1;B
user-I051892_session-05F964991B84D6A73AB5C73DA9CB1A97C34CB84348A55BE18FEB6A11A66B8BC9_analysis-1.csv;user-I051892;2;386758140;8;true;0.2330251884142324;0.0;Infinity;1;B
user-I051892_session-05F964991B84D6A73AB5C73DA9CB1A97C34CB84348A55BE18FEB6A11A66B8BC9_analysis-1.csv;user-I051892;2;1934420473;8;true;-0.75293087328707;0.0;Infinity;1;B
user-I051892_session-05F964991B84D6A73AB5C73DA9CB1A97C34CB84348A55BE18FEB6A11A66B8BC9_analysis-1.csv;user-I051892;2;1547863692;10;true;-0.07997970934347773;0.0;Infinity;1;B
user-I051892_session-05F964991B84D6A73AB5C73DA9CB1A97C34CB84348A55BE18FEB6A11A66B8BC9_analysis-1.csv;user-I051892;2;485540279;9;true;-1.1595577225209677;0.0;Infinity;1;B
user-I051892_session-05F964991B84D6A73AB5C73DA9CB1A97C34CB84348A55BE18FEB6A11A66B8BC9_analysis-1.csv;user-I051892;2;-1189936362;4;true;-1.0567568602699755;0.0;Infinity;1;B
user-I051892_session-05F964991B84D6A73AB5C73DA9CB1A97C34CB84348A55BE18FEB6A11A66B8BC9_analysis-1.csv;user-I051892;2;-1699479036;8;true;0.6237661676597228;0.0;Infinity;1;B
user-I051892_session-05F964991B84D6A73AB5C73DA9CB1A97C34CB84348A55BE18FEB6A11A66B8BC9_analysis-1.csv;user-I051892;2;1508667486;11;true;1.7600007229345955;0.0;Infinity;1;B
user-I051892_session-05F964991B84D6A73AB5C73DA9CB1A97C34CB84348A55BE18FEB6A11A66B8BC9_analysis-1.csv;user-I051892;2;-1567919873;9;true;-0.0735959770799282;0.0;Infinity;1;B
user-I051892_session-05F964991B84D6A73AB5C73DA9CB1A97C34CB84348A55BE18FEB6A11A66B8BC9_analysis-1.csv;user-I051892;2;-1790320825;7;true;-0.5101360113278347;0.0;Infinity;1;B
user-I051892_session-05F964991B84D6A73AB5C73DA9CB1A97C34CB84348A55BE18FEB6A11A66B8BC9_analysis-1.csv;user-I051892;2;559935608;6;true;-0.7131959966316737;0.0;Infinity;1;B
user-I051892_session-05F964991B84D6A73AB5C73DA9CB1A97C34CB84348A55BE18FEB6A11A66B8BC9_analysis-1.csv;user-I051892;2;-1390581921;5;true;-1.0311558166123576;0.0;Infinity;1;B
user-I051892_session-05F964991B84D6A73AB5C73DA9CB1A97C34CB84348A55BE18FEB6A11A66B8BC9_analysis-1.csv;user-I051892;2;1779160790;5;true;-0.6967628446482901;0.0;Infinity;1;B
user-I051892_session-05F964991B84D6A73AB5C73DA9CB1A97C34CB84348A55BE18FEB6A11A66B8BC9_analysis-1.csv;user-I051892;2;141398372;6;true;1.1573808048957481;0.0;Infinity;1;B
user-I051892_session-05F964991B84D6A73AB5C73DA9CB1A97C34CB84348A55BE18FEB6A11A66B8BC9_analysis-1.csv;user-I051892;2;-911591963;9;true;0.2547658738388294;0.0;Infinity;1;B
user-I051892_session-05F964991B84D6A73AB5C73DA9CB1A97C34CB84348A55BE18FEB6A11A66B8BC9_analysis-1.csv;user-I051892;2;1341837576;8;true;-1.0424650868306942;0.0;Infinity;1;B
user-I051892_session-05F964991B84D6A73AB5C73DA9CB1A97C34CB84348A55BE18FEB6A11A66B8BC9_analysis-1.csv;user-I051892;2;306073329;6;true;-0.9113414630812956;0.0;Infinity;1;B
user-I051892_session-05F964991B84D6A73AB5C73DA9CB1A97C34CB84348A55BE18FEB6A11A66B8BC9_analysis-1.csv;user-I051892;2;-1916796471;6;true;1.9573417950426077;0.0;Infinity;1;B
user-I051892_session-05F964991B84D6A73AB5C73DA9CB1A97C34CB84348A55BE18FEB6A11A66B8BC9_analysis-1.csv;user-I051892;2;440757713;5;true;0.8835818669660747;0.0;Infinity;1;B
user-I051892_session-05F964991B84D6A73AB5C73DA9CB1A97C34CB84348A55BE18FEB6A11A66B8BC9_analysis-1.csv;user-I051892;2;114510182;4;true;1.6992303832910818;0.0;Infinity;1;B
user-I051892_session-05F964991B84D6A73AB5C73DA9CB1A97C34CB84348A55BE18FEB6A11A66B8BC9_analysis-1.csv;user-I051892;2;-38914621;5;true;0.13498825064300082;0.0;Infinity;1;B
user-I051892_session-05F964991B84D6A73AB5C73DA9CB1A97C34CB84348A55BE18FEB6A11A66B8BC9_analysis-1.csv;user-I051892;2;-620795907;6;true;-0.4077318366973624;0.0;Infinity;1;B
user-I051892_session-05F964991B84D6A73AB5C73DA9CB1A97C34CB84348A55BE18FEB6A11A66B8BC9_analysis-1.csv;user-I051892;2;1288594976;5;true;-1.1299236880547319;0.0;Infinity;1;B
user-I051892_session-05F964991B84D6A73AB5C73DA9CB1A97C34CB84348A55BE18FEB6A11A66B8BC9_analysis-1.csv;user-I051892;2;-106308725;6;true;0.3113820125674557;0.0;Infinity;1;B
user-I051892_session-05F964991B84D6A73AB5C73DA9CB1A97C34CB84348A55BE18FEB6A11A66B8BC9_analysis-1.csv;user-I051892;2;-596376500;5;true;0.42736539213368324;0.0;Infinity;1;B
user-I051892_session-05F964991B84D6A73AB5C73DA9CB1A97C34CB84348A55BE18FEB6A11A66B8BC9_analysis-1.csv;user-I051892;2;1231331643;5;true;-1.00471732131142;0.0;Infinity;1;B
user-I051892_session-05F964991B84D6A73AB5C73DA9CB1A97C34CB84348A55BE18FEB6A11A66B8BC9_analysis-1.csv;user-I051892;2;-229202661;6;true;1.2853566389156519;0.0;Infinity;1;B
user-I051892_session-05F964991B84D6A73AB5C73DA9CB1A97C34CB84348A55BE18FEB6A11A66B8BC9_analysis-1.csv;user-I051892;3;-1886832398;5;true;-0.24039000420244286;0.0;Infinity;1;B
user-I051892_session-05F964991B84D6A73AB5C73DA9CB1A97C34CB84348A55BE18FEB6A11A66B8BC9_analysis-1.csv;user-I051892;3;1329451769;5;true;0.720977516992765;0.0;Infinity;1;B
user-I051892_session-05F964991B84D6A73AB5C73DA9CB1A97C34CB84348A55BE18FEB6A11A66B8BC9_analysis-1.csv;user-I051892;3;-1124638119;5;true;-1.0405794665881039;0.0;Infinity;1;B
user-I051892_session-05F964991B84D6A73AB5C73DA9CB1A97C34CB84348A55BE18FEB6A11A66B8BC9_analysis-1.csv;user-I051892;3;1112134334;6;true;2.1715800462786876;0.0;Infinity;1;B
user-I051892_session-05F964991B84D6A73AB5C73DA9CB1A97C34CB84348A55BE18FEB6A11A66B8BC9_analysis-1.csv;user-I051892;3;-959963162;7;true;-0.9472931302996199;0.0;Infinity;1;B
user-I051892_session-05F964991B84D6A73AB5C73DA9CB1A97C34CB84348A55BE18FEB6A11A66B8BC9_analysis-1.csv;user-I051892;3;-1372345216;6;true;1.7953251565818031;0.0;Infinity;1;B
user-I051892_session-05F964991B84D6A73AB5C73DA9CB1A97C34CB84348A55BE18FEB6A11A66B8BC9_analysis-1.csv;user-I051892;3;-825278778;4;true;1.61341680081926;0.0;Infinity;1;B
user-I051892_session-05F964991B84D6A73AB5C73DA9CB1A97C34CB84348A55BE18FEB6A11A66B8BC9_analysis-1.csv;user-I051892;3;-1862412991;6;true;-0.6145718642040278;0.0;Infinity;1;B
user-I051892_session-05F964991B84D6A73AB5C73DA9CB1A97C34CB84348A55BE18FEB6A11A66B8BC9_analysis-1.csv;user-I051892;3;-1449666084;5;true;0.9104006054007696;0.0;Infinity;1;B
user-I051892_session-05F964991B84D6A73AB5C73DA9CB1A97C34CB84348A55BE18FEB6A11A66B8BC9_analysis-1.csv;user-I051892;3;1238609980;5;true;0.8090812790429996;0.0;Infinity;1;B
user-I051892_session-05F964991B84D6A73AB5C73DA9CB1A97C34CB84348A55BE18FEB6A11A66B8BC9_analysis-1.csv;user-I051892;3;513124299;7;true;-0.44510168661328225;0.0;Infinity;1;B
user-I051892_session-05F964991B84D6A73AB5C73DA9CB1A97C34CB84348A55BE18FEB6A11A66B8BC9_analysis-1.csv;user-I051892;3;2112421438;5;true;-0.03775135148690309;0.0;Infinity;1;B
user-I051892_session-05F964991B84D6A73AB5C73DA9CB1A97C34CB84348A55BE18FEB6A11A66B8BC9_analysis-1.csv;user-I051892;3;281827201;5;true;-0.2476456081359916;0.0;Infinity;1;B
user-I051892_session-05F964991B84D6A73AB5C73DA9CB1A97C34CB84348A55BE18FEB6A11A66B8BC9_analysis-1.csv;user-I051892;3;-1861552706;5;true;-0.7949254476950964;0.0;Infinity;1;B
user-I051892_session-05F964991B84D6A73AB5C73DA9CB1A97C34CB84348A55BE18FEB6A11A66B8BC9_analysis-1.csv;user-I051892;3;-1805703837;6;true;-0.9348549521278221;0.0;Infinity;1;B
user-I051892_session-05F964991B84D6A73AB5C73DA9CB1A97C34CB84348A55BE18FEB6A11A66B8BC9_analysis-1.csv;user-I051892;3;2117338842;4;true;-0.029200103993792074;0.0;Infinity;1;B
user-I051892_session-05F964991B84D6A73AB5C73DA9CB1A97C34CB84348A55BE18FEB6A11A66B8BC9_analysis-1.csv;user-I051892;3;-865473495;6;true;-0.9348549521278221;0.0;Infinity;1;B
user-I051892_session-05F964991B84D6A73AB5C73DA9CB1A97C34CB84348A55BE18FEB6A11A66B8BC9_analysis-1.csv;user-I051892;3;-1711287382;5;true;1.0241581099303374;0.0;Infinity;1;B
user-I051892_session-05F964991B84D6A73AB5C73DA9CB1A97C34CB84348A55BE18FEB6A11A66B8BC9_analysis-1.csv;user-I051892;3;-825291271;5;true;0.07885656887370164;0.0;Infinity;1;B
user-I051892_session-05F964991B84D6A73AB5C73DA9CB1A97C34CB84348A55BE18FEB6A11A66B8BC9_analysis-1.csv;user-I051892;3;-706100883;5;true;-1.0374699220451542;0.0;Infinity;1;B
user-I051892_session-05F964991B84D6A73AB5C73DA9CB1A97C34CB84348A55BE18FEB6A11A66B8BC9_analysis-1.csv;user-I051892;3;-1304951112;5;true;-0.21059020233251055;0.0;Infinity;1;B
user-I051892_session-05F964991B84D6A73AB5C73DA9CB1A97C34CB84348A55BE18FEB6A11A66B8BC9_analysis-1.csv;user-I051892;3;-179931743;5;true;-0.48086144885720106;0.0;Infinity;1;B
user-I051892_session-05F964991B84D6A73AB5C73DA9CB1A97C34CB84348A55BE18FEB6A11A66B8BC9_analysis-1.csv;user-I051892;3;-1142019939;5;true;-0.008210678328883222;0.0;Infinity;1;B
user-I051892_session-05F964991B84D6A73AB5C73DA9CB1A97C34CB84348A55BE18FEB6A11A66B8BC9_analysis-1.csv;user-I051892;3;1461010932;5;true;0.381518904387449;0.0;Infinity;1;B
user-I051892_session-05F964991B84D6A73AB5C73DA9CB1A97C34CB84348A55BE18FEB6A11A66B8BC9_analysis-1.csv;user-I051892;3;-879278351;5;true;-0.08905883644556917;0.0;Infinity;1;B
user-I051892_session-05F964991B84D6A73AB5C73DA9CB1A97C34CB84348A55BE18FEB6A11A66B8BC9_analysis-1.csv;user-I051892;3;-84445339;5;true;-0.9978232291225487;0.0;Infinity;1;B
user-I051892_session-05F964991B84D6A73AB5C73DA9CB1A97C34CB84348A55BE18FEB6A11A66B8BC9_analysis-1.csv;user-I051892;3;668383982;5;true;-1.0747844565605478;0.0;Infinity;1;B
user-I051892_session-05F964991B84D6A73AB5C73DA9CB1A97C34CB84348A55BE18FEB6A11A66B8BC9_analysis-1.csv;user-I051892;3;22558485;5;true;-1.0592367338458004;0.0;Infinity;1;B
user-I051892_session-05F964991B84D6A73AB5C73DA9CB1A97C34CB84348A55BE18FEB6A11A66B8BC9_analysis-1.csv;user-I051892;3;242630995;5;true;1.934218146166879;0.0;Infinity;1;B
user-I051892_session-05F964991B84D6A73AB5C73DA9CB1A97C34CB84348A55BE18FEB6A11A66B8BC9_analysis-1.csv;user-I051892;3;189714800;8;true;-0.6845366164203907;0.0;Infinity;1;B
user-I051892_session-05F964991B84D6A73AB5C73DA9CB1A97C34CB84348A55BE18FEB6A11A66B8BC9_analysis-1.csv;user-I051892;3;-1151526309;8;true;1.3636167225356532;0.0;Infinity;1;B
user-I051892_session-05F964991B84D6A73AB5C73DA9CB1A97C34CB84348A55BE18FEB6A11A66B8BC9_analysis-1.csv;user-I051892;3;1638348884;7;true;-0.31294604353793026;0.0;Infinity;1;B
user-I051892_session-05F964991B84D6A73AB5C73DA9CB1A97C34CB84348A55BE18FEB6A11A66B8BC9_analysis-1.csv;user-I051892;3;1838994443;7;true;-1.0763392288320226;0.0;Infinity;1;B
user-I051892_session-05F964991B84D6A73AB5C73DA9CB1A97C34CB84348A55BE18FEB6A11A66B8BC9_analysis-1.csv;user-I051892;3;-1495239152;4;true;1.4960314943229178;0.0;Infinity;1;B
user-I051892_session-05F964991B84D6A73AB5C73DA9CB1A97C34CB84348A55BE18FEB6A11A66B8BC9_analysis-1.csv;user-I051892;3;-34704848;5;true;-1.0001553875297609;0.0;Infinity;1;B
user-I051892_session-05F964991B84D6A73AB5C73DA9CB1A97C34CB84348A55BE18FEB6A11A66B8BC9_analysis-1.csv;user-I051892;4;2034520999;4;true;0.9672871527263568;0.0;Infinity;1;B
user-I051892_session-05F964991B84D6A73AB5C73DA9CB1A97C34CB84348A55BE18FEB6A11A66B8BC9_analysis-1.csv;user-I051892;4;2107483250;4;true;-0.675068995776621;0.0;Infinity;1;B
user-I051892_session-05F964991B84D6A73AB5C73DA9CB1A97C34CB84348A55BE18FEB6A11A66B8BC9_analysis-1.csv;user-I051892;4;-2117138760;7;true;-1.0122480532806726;0.0;Infinity;1;B
user-I051892_session-05F964991B84D6A73AB5C73DA9CB1A97C34CB84348A55BE18FEB6A11A66B8BC9_analysis-1.csv;user-I051892;4;1966393156;4;true;-0.7838614500131839;0.0;Infinity;1;B
user-I051892_session-05F964991B84D6A73AB5C73DA9CB1A97C34CB84348A55BE18FEB6A11A66B8BC9_analysis-1.csv;user-I051892;4;76801845;5;true;0.10437022192331487;0.0;Infinity;1;B
user-I051892_session-05F964991B84D6A73AB5C73DA9CB1A97C34CB84348A55BE18FEB6A11A66B8BC9_analysis-1.csv;user-I051892;4;12721408;6;true;1.3995211244208063;0.0;Infinity;1;B
user-I051892_session-05F964991B84D6A73AB5C73DA9CB1A97C34CB84348A55BE18FEB6A11A66B8BC9_analysis-1.csv;user-I051892;5;2034520999;5;true;0.9672871527263568;0.0;Infinity;1;B
user-I051892_session-05F964991B84D6A73AB5C73DA9CB1A97C34CB84348A55BE18FEB6A11A66B8BC9_analysis-1.csv;user-I051892;5;2107483250;4;true;-0.675068995776621;0.0;Infinity;1;B
user-I051892_session-05F964991B84D6A73AB5C73DA9CB1A97C34CB84348A55BE18FEB6A11A66B8BC9_analysis-1.csv;user-I051892;5;-2117138760;6;true;-1.0122480532806726;0.0;Infinity;1;B
user-I051892_session-05F964991B84D6A73AB5C73DA9CB1A97C34CB84348A55BE18FEB6A11A66B8BC9_analysis-1.csv;user-I051892;5;1966393156;4;true;-0.7838614500131839;0.0;Infinity;1;B
user-I051892_session-05F964991B84D6A73AB5C73DA9CB1A97C34CB84348A55BE18FEB6A11A66B8BC9_analysis-1.csv;user-I051892;5;76801845;27;true;0.10437022192331487;0.0;Infinity;1;B
user-I051892_session-05F964991B84D6A73AB5C73DA9CB1A97C34CB84348A55BE18FEB6A11A66B8BC9_analysis-1.csv;user-I051892;5;12721408;5;true;1.3995211244208063;0.0;Infinity;1;B
