session ;user;query position;cell hashcode;cell computation time;novelty;outlierness;relevance;surprise;query label;session label
user-I301280_session-97AFC965ABF526B36B105A3821C9BD1C9F1390DB3D7B2B07D7C6A16AF3061CF2_analysis-1.csv;user-I301280;1;1085702289;3;true;0.1806265070624099;0.0;Infinity;1;A
user-I301280_session-97AFC965ABF526B36B105A3821C9BD1C9F1390DB3D7B2B07D7C6A16AF3061CF2_analysis-1.csv;user-I301280;1;-1023256855;2;true;-0.5388343538099575;0.0;Infinity;1;A
user-I301280_session-97AFC965ABF526B36B105A3821C9BD1C9F1390DB3D7B2B07D7C6A16AF3061CF2_analysis-1.csv;user-I301280;1;-2093678140;2;true;-0.7863583799920212;0.0;Infinity;1;A
user-I301280_session-97AFC965ABF526B36B105A3821C9BD1C9F1390DB3D7B2B07D7C6A16AF3061CF2_analysis-1.csv;user-I301280;1;-561341799;3;true;-0.5679397430579909;0.0;Infinity;1;A
user-I301280_session-97AFC965ABF526B36B105A3821C9BD1C9F1390DB3D7B2B07D7C6A16AF3061CF2_analysis-1.csv;user-I301280;1;-561334336;3;true;-0.2090587540480989;0.0;Infinity;1;A
user-I301280_session-97AFC965ABF526B36B105A3821C9BD1C9F1390DB3D7B2B07D7C6A16AF3061CF2_analysis-1.csv;user-I301280;1;-561353221;3;true;1.9215647238456586;0.0;Infinity;1;A
user-I301280_session-97AFC965ABF526B36B105A3821C9BD1C9F1390DB3D7B2B07D7C6A16AF3061CF2_analysis-1.csv;user-I301280;2;1085702289;3;true;0.1806265070624099;0.0;Infinity;1;A
user-I301280_session-97AFC965ABF526B36B105A3821C9BD1C9F1390DB3D7B2B07D7C6A16AF3061CF2_analysis-1.csv;user-I301280;2;-1023256855;2;true;-0.5388343538099575;0.0;Infinity;1;A
user-I301280_session-97AFC965ABF526B36B105A3821C9BD1C9F1390DB3D7B2B07D7C6A16AF3061CF2_analysis-1.csv;user-I301280;2;-2093678140;3;true;-0.7863583799920212;0.0;Infinity;1;A
user-I301280_session-97AFC965ABF526B36B105A3821C9BD1C9F1390DB3D7B2B07D7C6A16AF3061CF2_analysis-1.csv;user-I301280;2;-561341799;3;true;-0.5679397430579909;0.0;Infinity;1;A
user-I301280_session-97AFC965ABF526B36B105A3821C9BD1C9F1390DB3D7B2B07D7C6A16AF3061CF2_analysis-1.csv;user-I301280;2;-561334336;4;true;-0.2090587540480989;0.0;Infinity;1;A
user-I301280_session-97AFC965ABF526B36B105A3821C9BD1C9F1390DB3D7B2B07D7C6A16AF3061CF2_analysis-1.csv;user-I301280;2;-561353221;3;true;1.9215647238456586;0.0;Infinity;1;A
user-I301280_session-97AFC965ABF526B36B105A3821C9BD1C9F1390DB3D7B2B07D7C6A16AF3061CF2_analysis-1.csv;user-I301280;3;1085702289;3;true;0.1806265070624099;0.0;Infinity;1;A
user-I301280_session-97AFC965ABF526B36B105A3821C9BD1C9F1390DB3D7B2B07D7C6A16AF3061CF2_analysis-1.csv;user-I301280;3;-1023256855;3;true;-0.5388343538099575;0.0;Infinity;1;A
user-I301280_session-97AFC965ABF526B36B105A3821C9BD1C9F1390DB3D7B2B07D7C6A16AF3061CF2_analysis-1.csv;user-I301280;3;-2093678140;4;true;-0.7863583799920212;0.0;Infinity;1;A
user-I301280_session-97AFC965ABF526B36B105A3821C9BD1C9F1390DB3D7B2B07D7C6A16AF3061CF2_analysis-1.csv;user-I301280;3;-561341799;3;true;-0.5679397430579909;0.0;Infinity;1;A
user-I301280_session-97AFC965ABF526B36B105A3821C9BD1C9F1390DB3D7B2B07D7C6A16AF3061CF2_analysis-1.csv;user-I301280;3;-561334336;3;true;-0.2090587540480989;0.0;Infinity;1;A
user-I301280_session-97AFC965ABF526B36B105A3821C9BD1C9F1390DB3D7B2B07D7C6A16AF3061CF2_analysis-1.csv;user-I301280;3;-561353221;3;true;1.9215647238456586;0.0;Infinity;1;A
user-I301280_session-97AFC965ABF526B36B105A3821C9BD1C9F1390DB3D7B2B07D7C6A16AF3061CF2_analysis-1.csv;user-I301280;4;1085702289;3;true;0.1806265070624099;0.0;Infinity;1;A
user-I301280_session-97AFC965ABF526B36B105A3821C9BD1C9F1390DB3D7B2B07D7C6A16AF3061CF2_analysis-1.csv;user-I301280;4;-1023256855;3;true;-0.5388343538099575;0.0;Infinity;1;A
user-I301280_session-97AFC965ABF526B36B105A3821C9BD1C9F1390DB3D7B2B07D7C6A16AF3061CF2_analysis-1.csv;user-I301280;4;-2093678140;4;true;-0.7863583799920212;0.0;Infinity;1;A
user-I301280_session-97AFC965ABF526B36B105A3821C9BD1C9F1390DB3D7B2B07D7C6A16AF3061CF2_analysis-1.csv;user-I301280;4;-561341799;2;true;-0.5679397430579909;0.0;Infinity;1;A
user-I301280_session-97AFC965ABF526B36B105A3821C9BD1C9F1390DB3D7B2B07D7C6A16AF3061CF2_analysis-1.csv;user-I301280;4;-561334336;3;true;-0.2090587540480989;0.0;Infinity;1;A
user-I301280_session-97AFC965ABF526B36B105A3821C9BD1C9F1390DB3D7B2B07D7C6A16AF3061CF2_analysis-1.csv;user-I301280;4;-561353221;3;true;1.9215647238456586;0.0;Infinity;1;A
user-I301280_session-97AFC965ABF526B36B105A3821C9BD1C9F1390DB3D7B2B07D7C6A16AF3061CF2_analysis-1.csv;user-I301280;5;-1234309182;3;true;NaN;0.0;Infinity;1;A
user-I301280_session-97AFC965ABF526B36B105A3821C9BD1C9F1390DB3D7B2B07D7C6A16AF3061CF2_analysis-1.csv;user-I301280;6;-827641649;4;true;-0.6533053552669935;0.0;Infinity;1;A
user-I301280_session-97AFC965ABF526B36B105A3821C9BD1C9F1390DB3D7B2B07D7C6A16AF3061CF2_analysis-1.csv;user-I301280;6;-1943228516;3;true;0.11711232797798662;0.0;Infinity;1;A
user-I301280_session-97AFC965ABF526B36B105A3821C9BD1C9F1390DB3D7B2B07D7C6A16AF3061CF2_analysis-1.csv;user-I301280;6;242779636;3;true;-0.5128155217935361;0.0;Infinity;1;A
user-I301280_session-97AFC965ABF526B36B105A3821C9BD1C9F1390DB3D7B2B07D7C6A16AF3061CF2_analysis-1.csv;user-I301280;6;704683270;4;true;1.9670314805443074;0.0;Infinity;1;A
user-I301280_session-97AFC965ABF526B36B105A3821C9BD1C9F1390DB3D7B2B07D7C6A16AF3061CF2_analysis-1.csv;user-I301280;6;704702155;3;true;-0.40469222776903513;0.0;Infinity;1;A
user-I301280_session-97AFC965ABF526B36B105A3821C9BD1C9F1390DB3D7B2B07D7C6A16AF3061CF2_analysis-1.csv;user-I301280;6;704694692;4;true;-0.5133307036927298;0.0;Infinity;1;A
user-I301280_session-97AFC965ABF526B36B105A3821C9BD1C9F1390DB3D7B2B07D7C6A16AF3061CF2_analysis-1.csv;user-I301280;7;-827641649;3;true;-0.6533053552669935;0.0;Infinity;1;A
user-I301280_session-97AFC965ABF526B36B105A3821C9BD1C9F1390DB3D7B2B07D7C6A16AF3061CF2_analysis-1.csv;user-I301280;7;-1943228516;4;true;0.11711232797798662;0.0;Infinity;1;A
user-I301280_session-97AFC965ABF526B36B105A3821C9BD1C9F1390DB3D7B2B07D7C6A16AF3061CF2_analysis-1.csv;user-I301280;7;242779636;3;true;-0.5128155217935361;0.0;Infinity;1;A
user-I301280_session-97AFC965ABF526B36B105A3821C9BD1C9F1390DB3D7B2B07D7C6A16AF3061CF2_analysis-1.csv;user-I301280;7;704683270;3;true;1.9670314805443074;0.0;Infinity;1;A
user-I301280_session-97AFC965ABF526B36B105A3821C9BD1C9F1390DB3D7B2B07D7C6A16AF3061CF2_analysis-1.csv;user-I301280;7;704702155;3;true;-0.40469222776903513;0.0;Infinity;1;A
user-I301280_session-97AFC965ABF526B36B105A3821C9BD1C9F1390DB3D7B2B07D7C6A16AF3061CF2_analysis-1.csv;user-I301280;7;704694692;3;true;-0.5133307036927298;0.0;Infinity;1;A
user-I301280_session-97AFC965ABF526B36B105A3821C9BD1C9F1390DB3D7B2B07D7C6A16AF3061CF2_analysis-1.csv;user-I301280;8;-827641649;3;true;-0.6533053552669935;0.0;Infinity;1;A
user-I301280_session-97AFC965ABF526B36B105A3821C9BD1C9F1390DB3D7B2B07D7C6A16AF3061CF2_analysis-1.csv;user-I301280;8;-1943228516;2;true;0.11711232797798662;0.0;Infinity;1;A
user-I301280_session-97AFC965ABF526B36B105A3821C9BD1C9F1390DB3D7B2B07D7C6A16AF3061CF2_analysis-1.csv;user-I301280;8;242779636;3;true;-0.5128155217935361;0.0;Infinity;1;A
user-I301280_session-97AFC965ABF526B36B105A3821C9BD1C9F1390DB3D7B2B07D7C6A16AF3061CF2_analysis-1.csv;user-I301280;8;704683270;3;true;1.9670314805443074;0.0;Infinity;1;A
user-I301280_session-97AFC965ABF526B36B105A3821C9BD1C9F1390DB3D7B2B07D7C6A16AF3061CF2_analysis-1.csv;user-I301280;8;704702155;3;true;-0.40469222776903513;0.0;Infinity;1;A
user-I301280_session-97AFC965ABF526B36B105A3821C9BD1C9F1390DB3D7B2B07D7C6A16AF3061CF2_analysis-1.csv;user-I301280;8;704694692;3;true;-0.5133307036927298;0.0;Infinity;1;A
user-I301280_session-97AFC965ABF526B36B105A3821C9BD1C9F1390DB3D7B2B07D7C6A16AF3061CF2_analysis-1.csv;user-I301280;9;-827641649;3;true;-0.6533053552669935;0.0;Infinity;1;A
user-I301280_session-97AFC965ABF526B36B105A3821C9BD1C9F1390DB3D7B2B07D7C6A16AF3061CF2_analysis-1.csv;user-I301280;9;-1943228516;3;true;0.11711232797798662;0.0;Infinity;1;A
user-I301280_session-97AFC965ABF526B36B105A3821C9BD1C9F1390DB3D7B2B07D7C6A16AF3061CF2_analysis-1.csv;user-I301280;9;242779636;2;true;-0.5128155217935361;0.0;Infinity;1;A
user-I301280_session-97AFC965ABF526B36B105A3821C9BD1C9F1390DB3D7B2B07D7C6A16AF3061CF2_analysis-1.csv;user-I301280;9;704683270;3;true;1.9670314805443074;0.0;Infinity;1;A
user-I301280_session-97AFC965ABF526B36B105A3821C9BD1C9F1390DB3D7B2B07D7C6A16AF3061CF2_analysis-1.csv;user-I301280;9;704702155;3;true;-0.40469222776903513;0.0;Infinity;1;A
user-I301280_session-97AFC965ABF526B36B105A3821C9BD1C9F1390DB3D7B2B07D7C6A16AF3061CF2_analysis-1.csv;user-I301280;9;704694692;4;true;-0.5133307036927298;0.0;Infinity;1;A
user-I301280_session-97AFC965ABF526B36B105A3821C9BD1C9F1390DB3D7B2B07D7C6A16AF3061CF2_analysis-1.csv;user-I301280;10;-827641649;3;true;-0.6533053552669935;0.0;Infinity;1;A
user-I301280_session-97AFC965ABF526B36B105A3821C9BD1C9F1390DB3D7B2B07D7C6A16AF3061CF2_analysis-1.csv;user-I301280;10;-1943228516;3;true;0.11711232797798662;0.0;Infinity;1;A
user-I301280_session-97AFC965ABF526B36B105A3821C9BD1C9F1390DB3D7B2B07D7C6A16AF3061CF2_analysis-1.csv;user-I301280;10;242779636;3;true;-0.5128155217935361;0.0;Infinity;1;A
user-I301280_session-97AFC965ABF526B36B105A3821C9BD1C9F1390DB3D7B2B07D7C6A16AF3061CF2_analysis-1.csv;user-I301280;10;704683270;3;true;1.9670314805443074;0.0;Infinity;1;A
user-I301280_session-97AFC965ABF526B36B105A3821C9BD1C9F1390DB3D7B2B07D7C6A16AF3061CF2_analysis-1.csv;user-I301280;10;704702155;3;true;-0.40469222776903513;0.0;Infinity;1;A
user-I301280_session-97AFC965ABF526B36B105A3821C9BD1C9F1390DB3D7B2B07D7C6A16AF3061CF2_analysis-1.csv;user-I301280;10;704694692;2;true;-0.5133307036927298;0.0;Infinity;1;A
