session ;user;query position;cell hashcode;cell computation time;novelty;outlierness;relevance;surprise;query label;session label
user-I051069_session-687ECC64E4980354EB0247A82F3E2C895961472A05E14D1ACBD44B5029F9DAA2_analysis-3.csv;user-I051069;1;-1645642369;7;true;2.0946678974436046;1.0;Infinity;0;A
user-I051069_session-687ECC64E4980354EB0247A82F3E2C895961472A05E14D1ACBD44B5029F9DAA2_analysis-3.csv;user-I051069;1;1959132295;6;true;1.0308463831172872;1.0;Infinity;0;A
user-I051069_session-687ECC64E4980354EB0247A82F3E2C895961472A05E14D1ACBD44B5029F9DAA2_analysis-3.csv;user-I051069;1;934876582;6;true;1.9983485468520006;1.0;Infinity;0;A
user-I051069_session-687ECC64E4980354EB0247A82F3E2C895961472A05E14D1ACBD44B5029F9DAA2_analysis-3.csv;user-I051069;1;1052919571;5;true;-0.9812968182025585;1.0;Infinity;0;A
user-I051069_session-687ECC64E4980354EB0247A82F3E2C895961472A05E14D1ACBD44B5029F9DAA2_analysis-3.csv;user-I051069;1;385039036;4;true;-0.7354253446144666;1.0;Infinity;0;A
user-I051069_session-687ECC64E4980354EB0247A82F3E2C895961472A05E14D1ACBD44B5029F9DAA2_analysis-3.csv;user-I051069;1;317646201;6;true;-1.048011519911029;1.0;Infinity;0;A
user-I051069_session-687ECC64E4980354EB0247A82F3E2C895961472A05E14D1ACBD44B5029F9DAA2_analysis-3.csv;user-I051069;1;176556107;6;true;-0.015740499934342234;1.0;Infinity;0;A
user-I051069_session-687ECC64E4980354EB0247A82F3E2C895961472A05E14D1ACBD44B5029F9DAA2_analysis-3.csv;user-I051069;1;408892511;5;true;0.30685288061849064;1.0;Infinity;0;A
user-I051069_session-687ECC64E4980354EB0247A82F3E2C895961472A05E14D1ACBD44B5029F9DAA2_analysis-3.csv;user-I051069;1;455384322;9;true;-1.040506115968826;1.0;Infinity;0;A
user-I051069_session-687ECC64E4980354EB0247A82F3E2C895961472A05E14D1ACBD44B5029F9DAA2_analysis-3.csv;user-I051069;1;312076785;6;true;1.9798630149202785;1.0;Infinity;0;A
user-I051069_session-687ECC64E4980354EB0247A82F3E2C895961472A05E14D1ACBD44B5029F9DAA2_analysis-3.csv;user-I051069;1;-1259064023;4;true;-1.0438418510542495;1.0;Infinity;0;A
user-I051069_session-687ECC64E4980354EB0247A82F3E2C895961472A05E14D1ACBD44B5029F9DAA2_analysis-3.csv;user-I051069;1;870807567;4;true;0.39997548508656394;1.0;Infinity;0;A
user-I051069_session-687ECC64E4980354EB0247A82F3E2C895961472A05E14D1ACBD44B5029F9DAA2_analysis-3.csv;user-I051069;1;-661528774;5;true;-0.812008262617315;1.0;Infinity;0;A
user-I051069_session-687ECC64E4980354EB0247A82F3E2C895961472A05E14D1ACBD44B5029F9DAA2_analysis-3.csv;user-I051069;1;870815030;4;true;0.39997548508656394;1.0;Infinity;0;A
user-I051069_session-687ECC64E4980354EB0247A82F3E2C895961472A05E14D1ACBD44B5029F9DAA2_analysis-3.csv;user-I051069;1;-1709703921;4;true;-0.13818977536176394;1.0;Infinity;0;A
user-I051069_session-687ECC64E4980354EB0247A82F3E2C895961472A05E14D1ACBD44B5029F9DAA2_analysis-3.csv;user-I051069;1;-1709711384;4;true;-0.0731429411960053;1.0;Infinity;0;A
user-I051069_session-687ECC64E4980354EB0247A82F3E2C895961472A05E14D1ACBD44B5029F9DAA2_analysis-3.csv;user-I051069;1;2102439832;3;true;-0.8607933882416339;1.0;Infinity;0;A
user-I051069_session-687ECC64E4980354EB0247A82F3E2C895961472A05E14D1ACBD44B5029F9DAA2_analysis-3.csv;user-I051069;1;387991487;4;true;-0.7265300510533372;1.0;Infinity;0;A
user-I051069_session-687ECC64E4980354EB0247A82F3E2C895961472A05E14D1ACBD44B5029F9DAA2_analysis-3.csv;user-I051069;1;-1470499403;3;true;0.01858977365314149;1.0;Infinity;0;A
user-I051069_session-687ECC64E4980354EB0247A82F3E2C895961472A05E14D1ACBD44B5029F9DAA2_analysis-3.csv;user-I051069;1;-1713035204;4;true;-0.7803187793057915;1.0;Infinity;0;A
user-I051069_session-687ECC64E4980354EB0247A82F3E2C895961472A05E14D1ACBD44B5029F9DAA2_analysis-3.csv;user-I051069;1;2032094546;4;true;-1.0689988531568186;1.0;Infinity;0;A
user-I051069_session-687ECC64E4980354EB0247A82F3E2C895961472A05E14D1ACBD44B5029F9DAA2_analysis-3.csv;user-I051069;1;243948942;4;true;0.2732175518404702;1.0;Infinity;0;A
user-I051069_session-687ECC64E4980354EB0247A82F3E2C895961472A05E14D1ACBD44B5029F9DAA2_analysis-3.csv;user-I051069;1;1891004452;5;true;0.009416502168226811;1.0;Infinity;0;A
user-I051069_session-687ECC64E4980354EB0247A82F3E2C895961472A05E14D1ACBD44B5029F9DAA2_analysis-3.csv;user-I051069;1;244683950;4;true;1.001380723196046;1.0;Infinity;0;A
user-I051069_session-687ECC64E4980354EB0247A82F3E2C895961472A05E14D1ACBD44B5029F9DAA2_analysis-3.csv;user-I051069;1;-1329409309;6;true;-0.8620442888986677;1.0;Infinity;0;A
user-I051069_session-687ECC64E4980354EB0247A82F3E2C895961472A05E14D1ACBD44B5029F9DAA2_analysis-3.csv;user-I051069;1;1413141;4;true;-0.6972033800939889;1.0;Infinity;0;A
user-I051069_session-687ECC64E4980354EB0247A82F3E2C895961472A05E14D1ACBD44B5029F9DAA2_analysis-3.csv;user-I051069;1;2123340856;3;true;-0.17960848600577264;1.0;Infinity;0;A
user-I051069_session-687ECC64E4980354EB0247A82F3E2C895961472A05E14D1ACBD44B5029F9DAA2_analysis-3.csv;user-I051069;1;-1402371560;4;true;1.5505261116338929;1.0;Infinity;0;A
