session ;user;query position;cell hashcode;cell computation time;novelty;outlierness;relevance;surprise;query label;session label
user-I051911_session-547BFC0A9BECA12855B0C21A1D028732A75106E4BFAC87C9590A6616878B5C90_analysis-12.csv;user-I051911;1;-1227024036;4;true;NaN;0.0;Infinity;0;B
user-I051911_session-547BFC0A9BECA12855B0C21A1D028732A75106E4BFAC87C9590A6616878B5C90_analysis-12.csv;user-I051911;2;-1430571290;3;true;NaN;0.0;Infinity;0;B
user-I051911_session-547BFC0A9BECA12855B0C21A1D028732A75106E4BFAC87C9590A6616878B5C90_analysis-12.csv;user-I051911;3;356972970;6;true;-0.15800894962498047;0.0;Infinity;0;B
user-I051911_session-547BFC0A9BECA12855B0C21A1D028732A75106E4BFAC87C9590A6616878B5C90_analysis-12.csv;user-I051911;3;1189605193;5;true;-0.13241169473816994;0.0;Infinity;0;B
user-I051911_session-547BFC0A9BECA12855B0C21A1D028732A75106E4BFAC87C9590A6616878B5C90_analysis-12.csv;user-I051911;3;1785891704;4;true;-0.17966816529843554;0.0;Infinity;0;B
user-I051911_session-547BFC0A9BECA12855B0C21A1D028732A75106E4BFAC87C9590A6616878B5C90_analysis-12.csv;user-I051911;3;135958548;4;true;-0.1658850280516914;0.0;Infinity;0;B
user-I051911_session-547BFC0A9BECA12855B0C21A1D028732A75106E4BFAC87C9590A6616878B5C90_analysis-12.csv;user-I051911;3;951224971;4;true;-0.17966816529843554;0.0;Infinity;0;B
user-I051911_session-547BFC0A9BECA12855B0C21A1D028732A75106E4BFAC87C9590A6616878B5C90_analysis-12.csv;user-I051911;3;-176988878;4;true;-0.14816385159159182;0.0;Infinity;0;B
user-I051911_session-547BFC0A9BECA12855B0C21A1D028732A75106E4BFAC87C9590A6616878B5C90_analysis-12.csv;user-I051911;3;-234047674;3;true;-0.15603993001830274;0.0;Infinity;0;B
user-I051911_session-547BFC0A9BECA12855B0C21A1D028732A75106E4BFAC87C9590A6616878B5C90_analysis-12.csv;user-I051911;3;-1616265439;4;true;-0.08121718496454887;0.0;Infinity;0;B
user-I051911_session-547BFC0A9BECA12855B0C21A1D028732A75106E4BFAC87C9590A6616878B5C90_analysis-12.csv;user-I051911;3;-304176425;4;true;-0.17966816529843554;0.0;Infinity;0;B
user-I051911_session-547BFC0A9BECA12855B0C21A1D028732A75106E4BFAC87C9590A6616878B5C90_analysis-12.csv;user-I051911;3;1150426319;3;true;-0.065465028111127;0.0;Infinity;0;B
user-I051911_session-547BFC0A9BECA12855B0C21A1D028732A75106E4BFAC87C9590A6616878B5C90_analysis-12.csv;user-I051911;3;1233571183;4;true;-0.1658850280516914;0.0;Infinity;0;B
user-I051911_session-547BFC0A9BECA12855B0C21A1D028732A75106E4BFAC87C9590A6616878B5C90_analysis-12.csv;user-I051911;3;-432085707;4;true;-0.14225679277155862;0.0;Infinity;0;B
user-I051911_session-547BFC0A9BECA12855B0C21A1D028732A75106E4BFAC87C9590A6616878B5C90_analysis-12.csv;user-I051911;3;1455667672;4;true;-0.17966816529843554;0.0;Infinity;0;B
user-I051911_session-547BFC0A9BECA12855B0C21A1D028732A75106E4BFAC87C9590A6616878B5C90_analysis-12.csv;user-I051911;3;917387530;3;true;-0.16982306726504687;0.0;Infinity;0;B
user-I051911_session-547BFC0A9BECA12855B0C21A1D028732A75106E4BFAC87C9590A6616878B5C90_analysis-12.csv;user-I051911;3;-348582548;3;true;-0.1717920868717246;0.0;Infinity;0;B
user-I051911_session-547BFC0A9BECA12855B0C21A1D028732A75106E4BFAC87C9590A6616878B5C90_analysis-12.csv;user-I051911;3;-1132987509;4;true;-0.11665953788474807;0.0;Infinity;0;B
user-I051911_session-547BFC0A9BECA12855B0C21A1D028732A75106E4BFAC87C9590A6616878B5C90_analysis-12.csv;user-I051911;3;-454339648;4;true;-0.16785404765836914;0.0;Infinity;0;B
user-I051911_session-547BFC0A9BECA12855B0C21A1D028732A75106E4BFAC87C9590A6616878B5C90_analysis-12.csv;user-I051911;3;-1099126324;3;true;-0.1658850280516914;0.0;Infinity;0;B
user-I051911_session-547BFC0A9BECA12855B0C21A1D028732A75106E4BFAC87C9590A6616878B5C90_analysis-12.csv;user-I051911;3;1636900122;3;true;-0.17966816529843554;0.0;Infinity;0;B
user-I051911_session-547BFC0A9BECA12855B0C21A1D028732A75106E4BFAC87C9590A6616878B5C90_analysis-12.csv;user-I051911;3;-1517552049;4;true;-0.14422581237823634;0.0;Infinity;0;B
user-I051911_session-547BFC0A9BECA12855B0C21A1D028732A75106E4BFAC87C9590A6616878B5C90_analysis-12.csv;user-I051911;3;1792614847;3;true;-0.14225679277155862;0.0;Infinity;0;B
user-I051911_session-547BFC0A9BECA12855B0C21A1D028732A75106E4BFAC87C9590A6616878B5C90_analysis-12.csv;user-I051911;3;1071458097;3;true;-0.1717920868717246;0.0;Infinity;0;B
user-I051911_session-547BFC0A9BECA12855B0C21A1D028732A75106E4BFAC87C9590A6616878B5C90_analysis-12.csv;user-I051911;3;1328964308;5;true;-0.07334110653783794;0.0;Infinity;0;B
user-I051911_session-547BFC0A9BECA12855B0C21A1D028732A75106E4BFAC87C9590A6616878B5C90_analysis-12.csv;user-I051911;3;1795929677;4;true;-0.17966816529843554;0.0;Infinity;0;B
user-I051911_session-547BFC0A9BECA12855B0C21A1D028732A75106E4BFAC87C9590A6616878B5C90_analysis-12.csv;user-I051911;3;702147978;5;true;-0.17376110647840234;0.0;Infinity;0;B
user-I051911_session-547BFC0A9BECA12855B0C21A1D028732A75106E4BFAC87C9590A6616878B5C90_analysis-12.csv;user-I051911;3;370713969;4;true;-0.1776991456917578;0.0;Infinity;0;B
user-I051911_session-547BFC0A9BECA12855B0C21A1D028732A75106E4BFAC87C9590A6616878B5C90_analysis-12.csv;user-I051911;3;2092723473;4;true;-0.16391600844501367;0.0;Infinity;0;B
user-I051911_session-547BFC0A9BECA12855B0C21A1D028732A75106E4BFAC87C9590A6616878B5C90_analysis-12.csv;user-I051911;3;-275805341;3;true;-0.17966816529843554;0.0;Infinity;0;B
user-I051911_session-547BFC0A9BECA12855B0C21A1D028732A75106E4BFAC87C9590A6616878B5C90_analysis-12.csv;user-I051911;3;-56743050;3;true;-0.15997796923165822;0.0;Infinity;0;B
user-I051911_session-547BFC0A9BECA12855B0C21A1D028732A75106E4BFAC87C9590A6616878B5C90_analysis-12.csv;user-I051911;3;-208066611;4;true;-0.17966816529843554;0.0;Infinity;0;B
user-I051911_session-547BFC0A9BECA12855B0C21A1D028732A75106E4BFAC87C9590A6616878B5C90_analysis-12.csv;user-I051911;3;-1273149693;4;true;-0.16982306726504687;0.0;Infinity;0;B
user-I051911_session-547BFC0A9BECA12855B0C21A1D028732A75106E4BFAC87C9590A6616878B5C90_analysis-12.csv;user-I051911;3;1794203876;3;true;-0.17966816529843554;0.0;Infinity;0;B
user-I051911_session-547BFC0A9BECA12855B0C21A1D028732A75106E4BFAC87C9590A6616878B5C90_analysis-12.csv;user-I051911;3;-496411573;4;true;-0.15800894962498047;0.0;Infinity;0;B
user-I051911_session-547BFC0A9BECA12855B0C21A1D028732A75106E4BFAC87C9590A6616878B5C90_analysis-12.csv;user-I051911;3;93260843;5;true;-0.04183679283099421;0.0;Infinity;0;B
user-I051911_session-547BFC0A9BECA12855B0C21A1D028732A75106E4BFAC87C9590A6616878B5C90_analysis-12.csv;user-I051911;3;-378566615;3;true;-0.11075247906471487;0.0;Infinity;0;B
user-I051911_session-547BFC0A9BECA12855B0C21A1D028732A75106E4BFAC87C9590A6616878B5C90_analysis-12.csv;user-I051911;3;96403932;4;true;-0.17966816529843554;0.0;Infinity;0;B
user-I051911_session-547BFC0A9BECA12855B0C21A1D028732A75106E4BFAC87C9590A6616878B5C90_analysis-12.csv;user-I051911;3;469210205;4;true;-0.16785404765836914;0.0;Infinity;0;B
user-I051911_session-547BFC0A9BECA12855B0C21A1D028732A75106E4BFAC87C9590A6616878B5C90_analysis-12.csv;user-I051911;3;-539796898;4;true;-0.17966816529843554;0.0;Infinity;0;B
user-I051911_session-547BFC0A9BECA12855B0C21A1D028732A75106E4BFAC87C9590A6616878B5C90_analysis-12.csv;user-I051911;3;1792790827;3;true;-0.030022675190927807;0.0;Infinity;0;B
user-I051911_session-547BFC0A9BECA12855B0C21A1D028732A75106E4BFAC87C9590A6616878B5C90_analysis-12.csv;user-I051911;3;29931766;3;true;0.1294679129499686;0.0;Infinity;0;B
user-I051911_session-547BFC0A9BECA12855B0C21A1D028732A75106E4BFAC87C9590A6616878B5C90_analysis-12.csv;user-I051911;3;-2073531476;4;true;-0.13634973395152541;0.0;Infinity;0;B
user-I051911_session-547BFC0A9BECA12855B0C21A1D028732A75106E4BFAC87C9590A6616878B5C90_analysis-12.csv;user-I051911;3;331683032;4;true;-0.17573012608508007;0.0;Infinity;0;B
user-I051911_session-547BFC0A9BECA12855B0C21A1D028732A75106E4BFAC87C9590A6616878B5C90_analysis-12.csv;user-I051911;3;-189858624;3;true;-0.12059757709810354;0.0;Infinity;0;B
user-I051911_session-547BFC0A9BECA12855B0C21A1D028732A75106E4BFAC87C9590A6616878B5C90_analysis-12.csv;user-I051911;3;143339404;4;true;-0.1776991456917578;0.0;Infinity;0;B
user-I051911_session-547BFC0A9BECA12855B0C21A1D028732A75106E4BFAC87C9590A6616878B5C90_analysis-12.csv;user-I051911;3;-696902795;4;true;-0.10287640063800393;0.0;Infinity;0;B
user-I051911_session-547BFC0A9BECA12855B0C21A1D028732A75106E4BFAC87C9590A6616878B5C90_analysis-12.csv;user-I051911;3;-1744534113;4;true;-0.11862855749142581;0.0;Infinity;0;B
user-I051911_session-547BFC0A9BECA12855B0C21A1D028732A75106E4BFAC87C9590A6616878B5C90_analysis-12.csv;user-I051911;3;-1761435394;3;true;-0.15603993001830274;0.0;Infinity;0;B
user-I051911_session-547BFC0A9BECA12855B0C21A1D028732A75106E4BFAC87C9590A6616878B5C90_analysis-12.csv;user-I051911;3;644037858;4;true;-0.14422581237823634;0.0;Infinity;0;B
user-I051911_session-547BFC0A9BECA12855B0C21A1D028732A75106E4BFAC87C9590A6616878B5C90_analysis-12.csv;user-I051911;3;-1647874612;3;true;-0.1776991456917578;0.0;Infinity;0;B
user-I051911_session-547BFC0A9BECA12855B0C21A1D028732A75106E4BFAC87C9590A6616878B5C90_analysis-12.csv;user-I051911;3;-314265945;4;true;-0.12650463591813674;0.0;Infinity;0;B
user-I051911_session-547BFC0A9BECA12855B0C21A1D028732A75106E4BFAC87C9590A6616878B5C90_analysis-12.csv;user-I051911;3;-587024141;3;true;-0.10681443985135941;0.0;Infinity;0;B
user-I051911_session-547BFC0A9BECA12855B0C21A1D028732A75106E4BFAC87C9590A6616878B5C90_analysis-12.csv;user-I051911;3;364745224;4;true;-0.09696934181797073;0.0;Infinity;0;B
user-I051911_session-547BFC0A9BECA12855B0C21A1D028732A75106E4BFAC87C9590A6616878B5C90_analysis-12.csv;user-I051911;3;1801906769;3;true;-0.05168189086438287;0.0;Infinity;0;B
user-I051911_session-547BFC0A9BECA12855B0C21A1D028732A75106E4BFAC87C9590A6616878B5C90_analysis-12.csv;user-I051911;3;-1779139834;4;true;-0.14816385159159182;0.0;Infinity;0;B
user-I051911_session-547BFC0A9BECA12855B0C21A1D028732A75106E4BFAC87C9590A6616878B5C90_analysis-12.csv;user-I051911;3;-1555564579;3;true;-0.13634973395152541;0.0;Infinity;0;B
user-I051911_session-547BFC0A9BECA12855B0C21A1D028732A75106E4BFAC87C9590A6616878B5C90_analysis-12.csv;user-I051911;3;-607485230;5;true;-0.17573012608508007;0.0;Infinity;0;B
user-I051911_session-547BFC0A9BECA12855B0C21A1D028732A75106E4BFAC87C9590A6616878B5C90_analysis-12.csv;user-I051911;3;1853023235;4;true;-0.1717920868717246;0.0;Infinity;0;B
user-I051911_session-547BFC0A9BECA12855B0C21A1D028732A75106E4BFAC87C9590A6616878B5C90_analysis-12.csv;user-I051911;3;-1860572699;4;true;-0.13438071434484766;0.0;Infinity;0;B
user-I051911_session-547BFC0A9BECA12855B0C21A1D028732A75106E4BFAC87C9590A6616878B5C90_analysis-12.csv;user-I051911;3;1558302244;4;true;0.0014816385159159265;0.0;Infinity;0;B
user-I051911_session-547BFC0A9BECA12855B0C21A1D028732A75106E4BFAC87C9590A6616878B5C90_analysis-12.csv;user-I051911;3;1786899877;3;true;-0.15210189080494727;0.0;Infinity;0;B
user-I051911_session-547BFC0A9BECA12855B0C21A1D028732A75106E4BFAC87C9590A6616878B5C90_analysis-12.csv;user-I051911;3;-1917899386;3;true;-0.14619483198491406;0.0;Infinity;0;B
user-I051911_session-547BFC0A9BECA12855B0C21A1D028732A75106E4BFAC87C9590A6616878B5C90_analysis-12.csv;user-I051911;3;-575330252;4;true;-0.012301498730828206;0.0;Infinity;0;B
user-I051911_session-547BFC0A9BECA12855B0C21A1D028732A75106E4BFAC87C9590A6616878B5C90_analysis-12.csv;user-I051911;3;1157494180;3;true;0.05070712868285926;0.0;Infinity;0;B
user-I051911_session-547BFC0A9BECA12855B0C21A1D028732A75106E4BFAC87C9590A6616878B5C90_analysis-12.csv;user-I051911;3;720989054;4;true;-0.17966816529843554;0.0;Infinity;0;B
user-I051911_session-547BFC0A9BECA12855B0C21A1D028732A75106E4BFAC87C9590A6616878B5C90_analysis-12.csv;user-I051911;3;-1529899355;3;true;-0.1658850280516914;0.0;Infinity;0;B
user-I051911_session-547BFC0A9BECA12855B0C21A1D028732A75106E4BFAC87C9590A6616878B5C90_analysis-12.csv;user-I051911;3;-562037866;4;true;2.011850656933882;0.0;Infinity;0;B
user-I051911_session-547BFC0A9BECA12855B0C21A1D028732A75106E4BFAC87C9590A6616878B5C90_analysis-12.csv;user-I051911;3;1724282707;4;true;-0.17966816529843554;0.0;Infinity;0;B
user-I051911_session-547BFC0A9BECA12855B0C21A1D028732A75106E4BFAC87C9590A6616878B5C90_analysis-12.csv;user-I051911;3;1724011018;4;true;-0.17966816529843554;0.0;Infinity;0;B
user-I051911_session-547BFC0A9BECA12855B0C21A1D028732A75106E4BFAC87C9590A6616878B5C90_analysis-12.csv;user-I051911;3;-460825373;4;true;0.02117183458269326;0.0;Infinity;0;B
user-I051911_session-547BFC0A9BECA12855B0C21A1D028732A75106E4BFAC87C9590A6616878B5C90_analysis-12.csv;user-I051911;3;-1913294571;4;true;-0.15997796923165822;0.0;Infinity;0;B
user-I051911_session-547BFC0A9BECA12855B0C21A1D028732A75106E4BFAC87C9590A6616878B5C90_analysis-12.csv;user-I051911;3;1788732643;4;true;-0.15997796923165822;0.0;Infinity;0;B
user-I051911_session-547BFC0A9BECA12855B0C21A1D028732A75106E4BFAC87C9590A6616878B5C90_analysis-12.csv;user-I051911;3;1723932921;4;true;-0.13438071434484766;0.0;Infinity;0;B
user-I051911_session-547BFC0A9BECA12855B0C21A1D028732A75106E4BFAC87C9590A6616878B5C90_analysis-12.csv;user-I051911;3;1791309197;3;true;-0.13438071434484766;0.0;Infinity;0;B
user-I051911_session-547BFC0A9BECA12855B0C21A1D028732A75106E4BFAC87C9590A6616878B5C90_analysis-12.csv;user-I051911;3;-83919180;4;true;-0.14816385159159182;0.0;Infinity;0;B
user-I051911_session-547BFC0A9BECA12855B0C21A1D028732A75106E4BFAC87C9590A6616878B5C90_analysis-12.csv;user-I051911;3;1799630877;3;true;-0.16785404765836914;0.0;Infinity;0;B
user-I051911_session-547BFC0A9BECA12855B0C21A1D028732A75106E4BFAC87C9590A6616878B5C90_analysis-12.csv;user-I051911;3;1480393189;3;true;-0.11665953788474807;0.0;Infinity;0;B
user-I051911_session-547BFC0A9BECA12855B0C21A1D028732A75106E4BFAC87C9590A6616878B5C90_analysis-12.csv;user-I051911;3;-1069785178;4;true;-0.16785404765836914;0.0;Infinity;0;B
user-I051911_session-547BFC0A9BECA12855B0C21A1D028732A75106E4BFAC87C9590A6616878B5C90_analysis-12.csv;user-I051911;3;-310695865;4;true;9.582731044609766;0.0;Infinity;0;B
user-I051911_session-547BFC0A9BECA12855B0C21A1D028732A75106E4BFAC87C9590A6616878B5C90_analysis-12.csv;user-I051911;3;-1337239986;4;true;-0.1776991456917578;0.0;Infinity;0;B
user-I051911_session-547BFC0A9BECA12855B0C21A1D028732A75106E4BFAC87C9590A6616878B5C90_analysis-12.csv;user-I051911;3;-742655214;4;true;-0.1776991456917578;0.0;Infinity;0;B
user-I051911_session-547BFC0A9BECA12855B0C21A1D028732A75106E4BFAC87C9590A6616878B5C90_analysis-12.csv;user-I051911;3;1724305344;5;true;-0.14225679277155862;0.0;Infinity;0;B
user-I051911_session-547BFC0A9BECA12855B0C21A1D028732A75106E4BFAC87C9590A6616878B5C90_analysis-12.csv;user-I051911;3;-987340442;3;true;-0.17966816529843554;0.0;Infinity;0;B
user-I051911_session-547BFC0A9BECA12855B0C21A1D028732A75106E4BFAC87C9590A6616878B5C90_analysis-12.csv;user-I051911;3;1036969753;4;true;-0.16391600844501367;0.0;Infinity;0;B
user-I051911_session-547BFC0A9BECA12855B0C21A1D028732A75106E4BFAC87C9590A6616878B5C90_analysis-12.csv;user-I051911;3;1786899935;4;true;-0.10287640063800393;0.0;Infinity;0;B
user-I051911_session-547BFC0A9BECA12855B0C21A1D028732A75106E4BFAC87C9590A6616878B5C90_analysis-12.csv;user-I051911;3;1247420230;4;true;-0.17966816529843554;0.0;Infinity;0;B
user-I051911_session-547BFC0A9BECA12855B0C21A1D028732A75106E4BFAC87C9590A6616878B5C90_analysis-12.csv;user-I051911;3;1793162382;3;true;0.1294679129499686;0.0;Infinity;0;B
user-I051911_session-547BFC0A9BECA12855B0C21A1D028732A75106E4BFAC87C9590A6616878B5C90_analysis-12.csv;user-I051911;3;1790586331;3;true;-0.16391600844501367;0.0;Infinity;0;B
user-I051911_session-547BFC0A9BECA12855B0C21A1D028732A75106E4BFAC87C9590A6616878B5C90_analysis-12.csv;user-I051911;3;-984724421;3;true;0.08024242278302526;0.0;Infinity;0;B
user-I051911_session-547BFC0A9BECA12855B0C21A1D028732A75106E4BFAC87C9590A6616878B5C90_analysis-12.csv;user-I051911;3;1339638131;5;true;-0.13831875355820314;0.0;Infinity;0;B
user-I051911_session-547BFC0A9BECA12855B0C21A1D028732A75106E4BFAC87C9590A6616878B5C90_analysis-12.csv;user-I051911;3;1350925649;4;true;-0.17966816529843554;0.0;Infinity;0;B
user-I051911_session-547BFC0A9BECA12855B0C21A1D028732A75106E4BFAC87C9590A6616878B5C90_analysis-12.csv;user-I051911;3;-1958928100;3;true;-0.17966816529843554;0.0;Infinity;0;B
user-I051911_session-547BFC0A9BECA12855B0C21A1D028732A75106E4BFAC87C9590A6616878B5C90_analysis-12.csv;user-I051911;3;-846624308;3;true;-0.16391600844501367;0.0;Infinity;0;B
user-I051911_session-547BFC0A9BECA12855B0C21A1D028732A75106E4BFAC87C9590A6616878B5C90_analysis-12.csv;user-I051911;3;-271746691;3;true;1.3935785004370735;0.0;Infinity;0;B
user-I051911_session-547BFC0A9BECA12855B0C21A1D028732A75106E4BFAC87C9590A6616878B5C90_analysis-12.csv;user-I051911;3;1477573481;3;true;-0.15800894962498047;0.0;Infinity;0;B
user-I051911_session-547BFC0A9BECA12855B0C21A1D028732A75106E4BFAC87C9590A6616878B5C90_analysis-12.csv;user-I051911;3;129297139;4;true;-0.17966816529843554;0.0;Infinity;0;B
user-I051911_session-547BFC0A9BECA12855B0C21A1D028732A75106E4BFAC87C9590A6616878B5C90_analysis-12.csv;user-I051911;3;760689142;4;true;0.10190163845648033;0.0;Infinity;0;B
user-I051911_session-547BFC0A9BECA12855B0C21A1D028732A75106E4BFAC87C9590A6616878B5C90_analysis-12.csv;user-I051911;3;792922904;4;true;-0.10681443985135941;0.0;Infinity;0;B
user-I051911_session-547BFC0A9BECA12855B0C21A1D028732A75106E4BFAC87C9590A6616878B5C90_analysis-12.csv;user-I051911;3;437008351;6;true;-0.17966816529843554;0.0;Infinity;0;B
user-I051911_session-547BFC0A9BECA12855B0C21A1D028732A75106E4BFAC87C9590A6616878B5C90_analysis-12.csv;user-I051911;3;-1335359544;4;true;-0.17966816529843554;0.0;Infinity;0;B
user-I051911_session-547BFC0A9BECA12855B0C21A1D028732A75106E4BFAC87C9590A6616878B5C90_analysis-12.csv;user-I051911;3;112504114;5;true;-0.11665953788474807;0.0;Infinity;0;B
user-I051911_session-547BFC0A9BECA12855B0C21A1D028732A75106E4BFAC87C9590A6616878B5C90_analysis-12.csv;user-I051911;3;-113963773;3;true;-0.10090738103132621;0.0;Infinity;0;B
user-I051911_session-547BFC0A9BECA12855B0C21A1D028732A75106E4BFAC87C9590A6616878B5C90_analysis-12.csv;user-I051911;4;422600190;19;true;3.7895818809820834;0.0;Infinity;0;B
user-I051911_session-547BFC0A9BECA12855B0C21A1D028732A75106E4BFAC87C9590A6616878B5C90_analysis-12.csv;user-I051911;4;762029457;7;true;-0.3368273061315541;0.0;Infinity;0;B
user-I051911_session-547BFC0A9BECA12855B0C21A1D028732A75106E4BFAC87C9590A6616878B5C90_analysis-12.csv;user-I051911;4;824200792;6;true;-0.06824445963303329;0.0;Infinity;0;B
user-I051911_session-547BFC0A9BECA12855B0C21A1D028732A75106E4BFAC87C9590A6616878B5C90_analysis-12.csv;user-I051911;4;-145553004;6;true;-0.5077436629942491;0.0;Infinity;0;B
user-I051911_session-547BFC0A9BECA12855B0C21A1D028732A75106E4BFAC87C9590A6616878B5C90_analysis-12.csv;user-I051911;4;743059692;5;true;-0.5809935302211184;0.0;Infinity;0;B
user-I051911_session-547BFC0A9BECA12855B0C21A1D028732A75106E4BFAC87C9590A6616878B5C90_analysis-12.csv;user-I051911;4;-1416841022;5;true;1.9339185779013945;0.0;Infinity;0;B
user-I051911_session-547BFC0A9BECA12855B0C21A1D028732A75106E4BFAC87C9590A6616878B5C90_analysis-12.csv;user-I051911;4;1152175049;7;true;-0.5321602854032056;0.0;Infinity;0;B
user-I051911_session-547BFC0A9BECA12855B0C21A1D028732A75106E4BFAC87C9590A6616878B5C90_analysis-12.csv;user-I051911;4;-1332160912;6;true;0.786337324680442;0.0;Infinity;0;B
user-I051911_session-547BFC0A9BECA12855B0C21A1D028732A75106E4BFAC87C9590A6616878B5C90_analysis-12.csv;user-I051911;4;754766066;6;true;1.9339185779013945;0.0;Infinity;0;B
user-I051911_session-547BFC0A9BECA12855B0C21A1D028732A75106E4BFAC87C9590A6616878B5C90_analysis-12.csv;user-I051911;4;-1227665764;6;true;-0.1414943268599026;0.0;Infinity;0;B
user-I051911_session-547BFC0A9BECA12855B0C21A1D028732A75106E4BFAC87C9590A6616878B5C90_analysis-12.csv;user-I051911;4;-1754401764;7;true;4.302330951570169;0.0;Infinity;0;B
user-I051911_session-547BFC0A9BECA12855B0C21A1D028732A75106E4BFAC87C9590A6616878B5C90_analysis-12.csv;user-I051911;4;2043925161;6;true;-0.5321602854032056;0.0;Infinity;0;B
user-I051911_session-547BFC0A9BECA12855B0C21A1D028732A75106E4BFAC87C9590A6616878B5C90_analysis-12.csv;user-I051911;4;43173428;6;true;0.12708851963861822;0.0;Infinity;0;B
user-I051911_session-547BFC0A9BECA12855B0C21A1D028732A75106E4BFAC87C9590A6616878B5C90_analysis-12.csv;user-I051911;4;1886440242;6;true;-0.019411214815120408;0.0;Infinity;0;B
user-I051911_session-547BFC0A9BECA12855B0C21A1D028732A75106E4BFAC87C9590A6616878B5C90_analysis-12.csv;user-I051911;4;328357439;8;true;-0.5565769078121621;0.0;Infinity;0;B
user-I051911_session-547BFC0A9BECA12855B0C21A1D028732A75106E4BFAC87C9590A6616878B5C90_analysis-12.csv;user-I051911;4;-567273349;6;true;-0.5565769078121621;0.0;Infinity;0;B
user-I051911_session-547BFC0A9BECA12855B0C21A1D028732A75106E4BFAC87C9590A6616878B5C90_analysis-12.csv;user-I051911;4;115335788;5;true;6.255660744286684;0.0;Infinity;0;B
user-I051911_session-547BFC0A9BECA12855B0C21A1D028732A75106E4BFAC87C9590A6616878B5C90_analysis-12.csv;user-I051911;4;-846818277;7;true;-0.5809935302211184;0.0;Infinity;0;B
user-I051911_session-547BFC0A9BECA12855B0C21A1D028732A75106E4BFAC87C9590A6616878B5C90_analysis-12.csv;user-I051911;4;112098203;6;true;-0.06824445963303329;0.0;Infinity;0;B
user-I051911_session-547BFC0A9BECA12855B0C21A1D028732A75106E4BFAC87C9590A6616878B5C90_analysis-12.csv;user-I051911;4;-35759681;5;true;-0.43449379576737984;0.0;Infinity;0;B
user-I051911_session-547BFC0A9BECA12855B0C21A1D028732A75106E4BFAC87C9590A6616878B5C90_analysis-12.csv;user-I051911;4;2131563163;5;true;-0.48332704058529274;0.0;Infinity;0;B
user-I051911_session-547BFC0A9BECA12855B0C21A1D028732A75106E4BFAC87C9590A6616878B5C90_analysis-12.csv;user-I051911;4;2118742366;5;true;-0.4100771733584234;0.0;Infinity;0;B
user-I051911_session-547BFC0A9BECA12855B0C21A1D028732A75106E4BFAC87C9590A6616878B5C90_analysis-12.csv;user-I051911;4;-451800798;5;true;-0.1414943268599026;0.0;Infinity;0;B
user-I051911_session-547BFC0A9BECA12855B0C21A1D028732A75106E4BFAC87C9590A6616878B5C90_analysis-12.csv;user-I051911;4;1371809798;4;true;0.42008798854609547;0.0;Infinity;0;B
user-I051911_session-547BFC0A9BECA12855B0C21A1D028732A75106E4BFAC87C9590A6616878B5C90_analysis-12.csv;user-I051911;4;-1241601383;6;true;-0.48332704058529274;0.0;Infinity;0;B
user-I051911_session-547BFC0A9BECA12855B0C21A1D028732A75106E4BFAC87C9590A6616878B5C90_analysis-12.csv;user-I051911;4;-298931973;6;true;-0.23916081649572835;0.0;Infinity;0;B
user-I051911_session-547BFC0A9BECA12855B0C21A1D028732A75106E4BFAC87C9590A6616878B5C90_analysis-12.csv;user-I051911;4;1456844247;6;true;0.005005407593836028;0.0;Infinity;0;B
user-I051911_session-547BFC0A9BECA12855B0C21A1D028732A75106E4BFAC87C9590A6616878B5C90_analysis-12.csv;user-I051911;4;353578835;6;true;0.5421711005908777;0.0;Infinity;0;B
user-I051911_session-547BFC0A9BECA12855B0C21A1D028732A75106E4BFAC87C9590A6616878B5C90_analysis-12.csv;user-I051911;4;-1910015247;5;true;-0.5321602854032056;0.0;Infinity;0;B
user-I051911_session-547BFC0A9BECA12855B0C21A1D028732A75106E4BFAC87C9590A6616878B5C90_analysis-12.csv;user-I051911;4;-461273203;5;true;0.005005407593836028;0.0;Infinity;0;B
user-I051911_session-547BFC0A9BECA12855B0C21A1D028732A75106E4BFAC87C9590A6616878B5C90_analysis-12.csv;user-I051911;4;317102892;6;true;0.9084204367252242;0.0;Infinity;0;B
user-I051911_session-547BFC0A9BECA12855B0C21A1D028732A75106E4BFAC87C9590A6616878B5C90_analysis-12.csv;user-I051911;4;881289189;5;true;-0.385660550949467;0.0;Infinity;0;B
user-I051911_session-547BFC0A9BECA12855B0C21A1D028732A75106E4BFAC87C9590A6616878B5C90_analysis-12.csv;user-I051911;4;-1031491496;4;true;-0.4100771733584234;0.0;Infinity;0;B
user-I051911_session-547BFC0A9BECA12855B0C21A1D028732A75106E4BFAC87C9590A6616878B5C90_analysis-12.csv;user-I051911;4;-1456268119;6;true;0.22475500927444397;0.0;Infinity;0;B
user-I051911_session-547BFC0A9BECA12855B0C21A1D028732A75106E4BFAC87C9590A6616878B5C90_analysis-12.csv;user-I051911;4;-1160766430;6;true;-0.385660550949467;0.0;Infinity;0;B
user-I051911_session-547BFC0A9BECA12855B0C21A1D028732A75106E4BFAC87C9590A6616878B5C90_analysis-12.csv;user-I051911;4;-151261338;5;true;-0.3612439285405105;0.0;Infinity;0;B
user-I051911_session-547BFC0A9BECA12855B0C21A1D028732A75106E4BFAC87C9590A6616878B5C90_analysis-12.csv;user-I051911;4;1480092510;5;true;0.22475500927444397;0.0;Infinity;0;B
user-I051911_session-547BFC0A9BECA12855B0C21A1D028732A75106E4BFAC87C9590A6616878B5C90_analysis-12.csv;user-I051911;4;-501010012;6;true;1.2502531504506142;0.0;Infinity;0;B
user-I051911_session-547BFC0A9BECA12855B0C21A1D028732A75106E4BFAC87C9590A6616878B5C90_analysis-12.csv;user-I051911;4;-450792246;6;true;-0.31241068372259767;0.0;Infinity;0;B
user-I051911_session-547BFC0A9BECA12855B0C21A1D028732A75106E4BFAC87C9590A6616878B5C90_analysis-12.csv;user-I051911;4;1990915851;6;true;0.2735882540923568;0.0;Infinity;0;B
user-I051911_session-547BFC0A9BECA12855B0C21A1D028732A75106E4BFAC87C9590A6616878B5C90_analysis-12.csv;user-I051911;4;-1290462602;6;true;-0.5809935302211184;0.0;Infinity;0;B
user-I051911_session-547BFC0A9BECA12855B0C21A1D028732A75106E4BFAC87C9590A6616878B5C90_analysis-12.csv;user-I051911;4;-1700613937;5;true;-0.4100771733584234;0.0;Infinity;0;B
user-I051911_session-547BFC0A9BECA12855B0C21A1D028732A75106E4BFAC87C9590A6616878B5C90_analysis-12.csv;user-I051911;4;71318288;5;true;-0.48332704058529274;0.0;Infinity;0;B
user-I051911_session-547BFC0A9BECA12855B0C21A1D028732A75106E4BFAC87C9590A6616878B5C90_analysis-12.csv;user-I051911;4;-1617588781;6;true;-0.5809935302211184;0.0;Infinity;0;B
user-I051911_session-547BFC0A9BECA12855B0C21A1D028732A75106E4BFAC87C9590A6616878B5C90_analysis-12.csv;user-I051911;4;-343045209;6;true;-0.5565769078121621;0.0;Infinity;0;B
user-I051911_session-547BFC0A9BECA12855B0C21A1D028732A75106E4BFAC87C9590A6616878B5C90_analysis-12.csv;user-I051911;4;99170863;6;true;-0.5565769078121621;0.0;Infinity;0;B
user-I051911_session-547BFC0A9BECA12855B0C21A1D028732A75106E4BFAC87C9590A6616878B5C90_analysis-12.csv;user-I051911;4;1518751317;5;true;-0.5809935302211184;0.0;Infinity;0;B
user-I051911_session-547BFC0A9BECA12855B0C21A1D028732A75106E4BFAC87C9590A6616878B5C90_analysis-12.csv;user-I051911;4;1622813673;7;true;-0.5565769078121621;0.0;Infinity;0;B
user-I051911_session-547BFC0A9BECA12855B0C21A1D028732A75106E4BFAC87C9590A6616878B5C90_analysis-12.csv;user-I051911;4;-829804347;5;true;-0.5809935302211184;0.0;Infinity;0;B
user-I051911_session-547BFC0A9BECA12855B0C21A1D028732A75106E4BFAC87C9590A6616878B5C90_analysis-12.csv;user-I051911;4;13113;5;true;-0.43449379576737984;0.0;Infinity;0;B
user-I051911_session-547BFC0A9BECA12855B0C21A1D028732A75106E4BFAC87C9590A6616878B5C90_analysis-12.csv;user-I051911;4;1657345358;4;true;-0.48332704058529274;0.0;Infinity;0;B
user-I051911_session-547BFC0A9BECA12855B0C21A1D028732A75106E4BFAC87C9590A6616878B5C90_analysis-12.csv;user-I051911;4;796574256;6;true;-0.45891041817633627;0.0;Infinity;0;B
user-I051911_session-547BFC0A9BECA12855B0C21A1D028732A75106E4BFAC87C9590A6616878B5C90_analysis-12.csv;user-I051911;4;-949126447;5;true;-0.3612439285405105;0.0;Infinity;0;B
user-I051911_session-547BFC0A9BECA12855B0C21A1D028732A75106E4BFAC87C9590A6616878B5C90_analysis-12.csv;user-I051911;4;1295963969;5;true;-0.019411214815120408;0.0;Infinity;0;B
user-I051911_session-547BFC0A9BECA12855B0C21A1D028732A75106E4BFAC87C9590A6616878B5C90_analysis-12.csv;user-I051911;4;2086733999;6;true;0.12708851963861822;0.0;Infinity;0;B
user-I051911_session-547BFC0A9BECA12855B0C21A1D028732A75106E4BFAC87C9590A6616878B5C90_analysis-12.csv;user-I051911;4;-569858265;5;true;0.9572536815431371;0.0;Infinity;0;B
user-I051911_session-547BFC0A9BECA12855B0C21A1D028732A75106E4BFAC87C9590A6616878B5C90_analysis-12.csv;user-I051911;4;-1339907985;6;true;-0.5809935302211184;0.0;Infinity;0;B
user-I051911_session-547BFC0A9BECA12855B0C21A1D028732A75106E4BFAC87C9590A6616878B5C90_analysis-12.csv;user-I051911;4;2137624299;5;true;-0.26357743890468477;0.0;Infinity;0;B
user-I051911_session-547BFC0A9BECA12855B0C21A1D028732A75106E4BFAC87C9590A6616878B5C90_analysis-12.csv;user-I051911;4;1907670408;6;true;1.4211695073133095;0.0;Infinity;0;B
user-I051911_session-547BFC0A9BECA12855B0C21A1D028732A75106E4BFAC87C9590A6616878B5C90_analysis-12.csv;user-I051911;4;1214659839;4;true;-0.5565769078121621;0.0;Infinity;0;B
user-I051911_session-547BFC0A9BECA12855B0C21A1D028732A75106E4BFAC87C9590A6616878B5C90_analysis-12.csv;user-I051911;4;963302235;5;true;-0.45891041817633627;0.0;Infinity;0;B
user-I051911_session-547BFC0A9BECA12855B0C21A1D028732A75106E4BFAC87C9590A6616878B5C90_analysis-12.csv;user-I051911;4;-230708987;5;true;-0.04382783722407685;0.0;Infinity;0;B
user-I051911_session-547BFC0A9BECA12855B0C21A1D028732A75106E4BFAC87C9590A6616878B5C90_analysis-12.csv;user-I051911;4;985781361;6;true;-0.04382783722407685;0.0;Infinity;0;B
user-I051911_session-547BFC0A9BECA12855B0C21A1D028732A75106E4BFAC87C9590A6616878B5C90_analysis-12.csv;user-I051911;4;398491106;6;true;-0.09266108204198972;0.0;Infinity;0;B
user-I051911_session-547BFC0A9BECA12855B0C21A1D028732A75106E4BFAC87C9590A6616878B5C90_analysis-12.csv;user-I051911;4;-2063396630;5;true;-0.21474419408677192;0.0;Infinity;0;B
user-I051911_session-547BFC0A9BECA12855B0C21A1D028732A75106E4BFAC87C9590A6616878B5C90_analysis-12.csv;user-I051911;4;-1997097460;6;true;3.423332544847737;0.0;Infinity;0;B
user-I051911_session-547BFC0A9BECA12855B0C21A1D028732A75106E4BFAC87C9590A6616878B5C90_analysis-12.csv;user-I051911;4;-1077434287;5;true;0.5177544781819212;0.0;Infinity;0;B
user-I051911_session-547BFC0A9BECA12855B0C21A1D028732A75106E4BFAC87C9590A6616878B5C90_analysis-12.csv;user-I051911;4;2059706823;5;true;-0.5565769078121621;0.0;Infinity;0;B
user-I051911_session-547BFC0A9BECA12855B0C21A1D028732A75106E4BFAC87C9590A6616878B5C90_analysis-12.csv;user-I051911;4;1587920063;5;true;-0.5809935302211184;0.0;Infinity;0;B
user-I051911_session-547BFC0A9BECA12855B0C21A1D028732A75106E4BFAC87C9590A6616878B5C90_analysis-12.csv;user-I051911;4;-2130655196;5;true;0.07825527482070534;0.0;Infinity;0;B
user-I051911_session-547BFC0A9BECA12855B0C21A1D028732A75106E4BFAC87C9590A6616878B5C90_analysis-12.csv;user-I051911;4;-1865484415;7;true;0.8595871919073114;0.0;Infinity;0;B
user-I051911_session-547BFC0A9BECA12855B0C21A1D028732A75106E4BFAC87C9590A6616878B5C90_analysis-12.csv;user-I051911;4;-602177393;7;true;-0.31241068372259767;0.0;Infinity;0;B
user-I051911_session-547BFC0A9BECA12855B0C21A1D028732A75106E4BFAC87C9590A6616878B5C90_analysis-12.csv;user-I051911;4;-1627499296;5;true;-0.5809935302211184;0.0;Infinity;0;B
user-I051911_session-547BFC0A9BECA12855B0C21A1D028732A75106E4BFAC87C9590A6616878B5C90_analysis-12.csv;user-I051911;4;-1020015867;6;true;-0.48332704058529274;0.0;Infinity;0;B
user-I051911_session-547BFC0A9BECA12855B0C21A1D028732A75106E4BFAC87C9590A6616878B5C90_analysis-12.csv;user-I051911;4;-1820846018;5;true;-0.5077436629942491;0.0;Infinity;0;B
user-I051911_session-547BFC0A9BECA12855B0C21A1D028732A75106E4BFAC87C9590A6616878B5C90_analysis-12.csv;user-I051911;4;-1033271400;6;true;1.1770032832237451;0.0;Infinity;0;B
user-I051911_session-547BFC0A9BECA12855B0C21A1D028732A75106E4BFAC87C9590A6616878B5C90_analysis-12.csv;user-I051911;4;-1415202621;5;true;-0.385660550949467;0.0;Infinity;0;B
user-I051911_session-547BFC0A9BECA12855B0C21A1D028732A75106E4BFAC87C9590A6616878B5C90_analysis-12.csv;user-I051911;4;214215920;5;true;-0.19032757167781547;0.0;Infinity;0;B
user-I051911_session-547BFC0A9BECA12855B0C21A1D028732A75106E4BFAC87C9590A6616878B5C90_analysis-12.csv;user-I051911;4;873381920;5;true;-0.5321602854032056;0.0;Infinity;0;B
user-I051911_session-547BFC0A9BECA12855B0C21A1D028732A75106E4BFAC87C9590A6616878B5C90_analysis-12.csv;user-I051911;4;959969284;5;true;2.5931673829432182;0.0;Infinity;0;B
user-I051911_session-547BFC0A9BECA12855B0C21A1D028732A75106E4BFAC87C9590A6616878B5C90_analysis-12.csv;user-I051911;4;1018742280;6;true;-0.19032757167781547;0.0;Infinity;0;B
user-I051911_session-547BFC0A9BECA12855B0C21A1D028732A75106E4BFAC87C9590A6616878B5C90_analysis-12.csv;user-I051911;4;-1017864461;7;true;-0.5809935302211184;0.0;Infinity;0;B
user-I051911_session-547BFC0A9BECA12855B0C21A1D028732A75106E4BFAC87C9590A6616878B5C90_analysis-12.csv;user-I051911;4;-524068995;6;true;-0.48332704058529274;0.0;Infinity;0;B
user-I051911_session-547BFC0A9BECA12855B0C21A1D028732A75106E4BFAC87C9590A6616878B5C90_analysis-12.csv;user-I051911;4;-632086955;5;true;-0.5809935302211184;0.0;Infinity;0;B
user-I051911_session-547BFC0A9BECA12855B0C21A1D028732A75106E4BFAC87C9590A6616878B5C90_analysis-12.csv;user-I051911;4;690715529;5;true;-0.5565769078121621;0.0;Infinity;0;B
user-I051911_session-547BFC0A9BECA12855B0C21A1D028732A75106E4BFAC87C9590A6616878B5C90_analysis-12.csv;user-I051911;4;1934779662;4;true;-0.5809935302211184;0.0;Infinity;0;B
user-I051911_session-547BFC0A9BECA12855B0C21A1D028732A75106E4BFAC87C9590A6616878B5C90_analysis-12.csv;user-I051911;4;-210211865;5;true;-0.5809935302211184;0.0;Infinity;0;B
user-I051911_session-547BFC0A9BECA12855B0C21A1D028732A75106E4BFAC87C9590A6616878B5C90_analysis-12.csv;user-I051911;4;-459680911;5;true;0.8351705694983549;0.0;Infinity;0;B
user-I051911_session-547BFC0A9BECA12855B0C21A1D028732A75106E4BFAC87C9590A6616878B5C90_analysis-12.csv;user-I051911;4;-933976678;6;true;-0.5077436629942491;0.0;Infinity;0;B
user-I051911_session-547BFC0A9BECA12855B0C21A1D028732A75106E4BFAC87C9590A6616878B5C90_analysis-12.csv;user-I051911;4;-707977961;6;true;1.6653357314028738;0.0;Infinity;0;B
user-I051911_session-547BFC0A9BECA12855B0C21A1D028732A75106E4BFAC87C9590A6616878B5C90_analysis-12.csv;user-I051911;4;-1170615909;5;true;-0.5809935302211184;0.0;Infinity;0;B
user-I051911_session-547BFC0A9BECA12855B0C21A1D028732A75106E4BFAC87C9590A6616878B5C90_analysis-12.csv;user-I051911;4;-1011190289;5;true;-0.45891041817633627;0.0;Infinity;0;B
user-I051911_session-547BFC0A9BECA12855B0C21A1D028732A75106E4BFAC87C9590A6616878B5C90_analysis-12.csv;user-I051911;4;1105951417;5;true;-0.5809935302211184;0.0;Infinity;0;B
user-I051911_session-547BFC0A9BECA12855B0C21A1D028732A75106E4BFAC87C9590A6616878B5C90_analysis-12.csv;user-I051911;4;-1402136868;5;true;2.617584005352175;0.0;Infinity;0;B
user-I051911_session-547BFC0A9BECA12855B0C21A1D028732A75106E4BFAC87C9590A6616878B5C90_analysis-12.csv;user-I051911;4;-2035989304;5;true;-0.5565769078121621;0.0;Infinity;0;B
user-I051911_session-547BFC0A9BECA12855B0C21A1D028732A75106E4BFAC87C9590A6616878B5C90_analysis-12.csv;user-I051911;4;1139571365;5;true;-0.5565769078121621;0.0;Infinity;0;B
user-I051911_session-547BFC0A9BECA12855B0C21A1D028732A75106E4BFAC87C9590A6616878B5C90_analysis-12.csv;user-I051911;4;-392806937;4;true;-0.43449379576737984;0.0;Infinity;0;B
user-I051911_session-547BFC0A9BECA12855B0C21A1D028732A75106E4BFAC87C9590A6616878B5C90_analysis-12.csv;user-I051911;4;1581333858;7;true;-0.45891041817633627;0.0;Infinity;0;B
user-I051911_session-547BFC0A9BECA12855B0C21A1D028732A75106E4BFAC87C9590A6616878B5C90_analysis-12.csv;user-I051911;4;1455480708;8;true;-0.5565769078121621;0.0;Infinity;0;B
user-I051911_session-547BFC0A9BECA12855B0C21A1D028732A75106E4BFAC87C9590A6616878B5C90_analysis-12.csv;user-I051911;4;1247360923;6;true;-0.5809935302211184;0.0;Infinity;0;B
user-I051911_session-547BFC0A9BECA12855B0C21A1D028732A75106E4BFAC87C9590A6616878B5C90_analysis-12.csv;user-I051911;4;1517224134;7;true;-0.43449379576737984;0.0;Infinity;0;B
user-I051911_session-547BFC0A9BECA12855B0C21A1D028732A75106E4BFAC87C9590A6616878B5C90_analysis-12.csv;user-I051911;4;-129792108;5;true;-0.4100771733584234;0.0;Infinity;0;B
user-I051911_session-547BFC0A9BECA12855B0C21A1D028732A75106E4BFAC87C9590A6616878B5C90_analysis-12.csv;user-I051911;4;851012736;5;true;-0.5321602854032056;0.0;Infinity;0;B
user-I051911_session-547BFC0A9BECA12855B0C21A1D028732A75106E4BFAC87C9590A6616878B5C90_analysis-12.csv;user-I051911;4;37300729;6;true;-0.19032757167781547;0.0;Infinity;0;B
user-I051911_session-547BFC0A9BECA12855B0C21A1D028732A75106E4BFAC87C9590A6616878B5C90_analysis-12.csv;user-I051911;4;-1901588587;5;true;-0.5321602854032056;0.0;Infinity;0;B
user-I051911_session-547BFC0A9BECA12855B0C21A1D028732A75106E4BFAC87C9590A6616878B5C90_analysis-12.csv;user-I051911;4;1652349293;5;true;-0.5809935302211184;0.0;Infinity;0;B
user-I051911_session-547BFC0A9BECA12855B0C21A1D028732A75106E4BFAC87C9590A6616878B5C90_analysis-12.csv;user-I051911;4;1801068421;6;true;-0.1414943268599026;0.0;Infinity;0;B
user-I051911_session-547BFC0A9BECA12855B0C21A1D028732A75106E4BFAC87C9590A6616878B5C90_analysis-12.csv;user-I051911;4;305271405;8;true;-0.04382783722407685;0.0;Infinity;0;B
user-I051911_session-547BFC0A9BECA12855B0C21A1D028732A75106E4BFAC87C9590A6616878B5C90_analysis-12.csv;user-I051911;4;-1923362972;8;true;0.2980048765013133;0.0;Infinity;0;B
user-I051911_session-547BFC0A9BECA12855B0C21A1D028732A75106E4BFAC87C9590A6616878B5C90_analysis-12.csv;user-I051911;4;40993598;6;true;-0.3368273061315541;0.0;Infinity;0;B
user-I051911_session-547BFC0A9BECA12855B0C21A1D028732A75106E4BFAC87C9590A6616878B5C90_analysis-12.csv;user-I051911;4;1431939975;6;true;-0.28799406131364125;0.0;Infinity;0;B
user-I051911_session-547BFC0A9BECA12855B0C21A1D028732A75106E4BFAC87C9590A6616878B5C90_analysis-12.csv;user-I051911;4;1313194465;5;true;-0.5809935302211184;0.0;Infinity;0;B
user-I051911_session-547BFC0A9BECA12855B0C21A1D028732A75106E4BFAC87C9590A6616878B5C90_analysis-12.csv;user-I051911;4;-572117854;6;true;0.029422030002792466;0.0;Infinity;0;B
user-I051911_session-547BFC0A9BECA12855B0C21A1D028732A75106E4BFAC87C9590A6616878B5C90_analysis-12.csv;user-I051911;4;774382301;5;true;2.080418312355133;0.0;Infinity;0;B
user-I051911_session-547BFC0A9BECA12855B0C21A1D028732A75106E4BFAC87C9590A6616878B5C90_analysis-12.csv;user-I051911;4;2107835615;6;true;-0.5809935302211184;0.0;Infinity;0;B
user-I051911_session-547BFC0A9BECA12855B0C21A1D028732A75106E4BFAC87C9590A6616878B5C90_analysis-12.csv;user-I051911;4;-106393702;5;true;-0.23916081649572835;0.0;Infinity;0;B
user-I051911_session-547BFC0A9BECA12855B0C21A1D028732A75106E4BFAC87C9590A6616878B5C90_analysis-12.csv;user-I051911;4;1924850819;5;true;-0.385660550949467;0.0;Infinity;0;B
user-I051911_session-547BFC0A9BECA12855B0C21A1D028732A75106E4BFAC87C9590A6616878B5C90_analysis-12.csv;user-I051911;4;422896172;6;true;-0.5565769078121621;0.0;Infinity;0;B
user-I051911_session-547BFC0A9BECA12855B0C21A1D028732A75106E4BFAC87C9590A6616878B5C90_analysis-12.csv;user-I051911;4;-1694563723;5;true;2.8129169846238264;0.0;Infinity;0;B
user-I051911_session-547BFC0A9BECA12855B0C21A1D028732A75106E4BFAC87C9590A6616878B5C90_analysis-12.csv;user-I051911;4;1103521969;6;true;-0.28799406131364125;0.0;Infinity;0;B
user-I051911_session-547BFC0A9BECA12855B0C21A1D028732A75106E4BFAC87C9590A6616878B5C90_analysis-12.csv;user-I051911;4;962036955;7;true;-0.48332704058529274;0.0;Infinity;0;B
user-I051911_session-547BFC0A9BECA12855B0C21A1D028732A75106E4BFAC87C9590A6616878B5C90_analysis-12.csv;user-I051911;4;-587283706;5;true;-0.5809935302211184;0.0;Infinity;0;B
user-I051911_session-547BFC0A9BECA12855B0C21A1D028732A75106E4BFAC87C9590A6616878B5C90_analysis-12.csv;user-I051911;4;938301047;5;true;-0.5809935302211184;0.0;Infinity;0;B
user-I051911_session-547BFC0A9BECA12855B0C21A1D028732A75106E4BFAC87C9590A6616878B5C90_analysis-12.csv;user-I051911;4;-1017537136;7;true;-0.45891041817633627;0.0;Infinity;0;B
user-I051911_session-547BFC0A9BECA12855B0C21A1D028732A75106E4BFAC87C9590A6616878B5C90_analysis-12.csv;user-I051911;4;1266641983;7;true;-0.4100771733584234;0.0;Infinity;0;B
user-I051911_session-547BFC0A9BECA12855B0C21A1D028732A75106E4BFAC87C9590A6616878B5C90_analysis-12.csv;user-I051911;4;686676110;7;true;3.325666055211911;0.0;Infinity;0;B
user-I051911_session-547BFC0A9BECA12855B0C21A1D028732A75106E4BFAC87C9590A6616878B5C90_analysis-12.csv;user-I051911;4;-1446387907;5;true;-0.5565769078121621;0.0;Infinity;0;B
user-I051911_session-547BFC0A9BECA12855B0C21A1D028732A75106E4BFAC87C9590A6616878B5C90_analysis-12.csv;user-I051911;4;1090499108;4;true;-0.3368273061315541;0.0;Infinity;0;B
user-I051911_session-547BFC0A9BECA12855B0C21A1D028732A75106E4BFAC87C9590A6616878B5C90_analysis-12.csv;user-I051911;4;-1285071712;7;true;-0.28799406131364125;0.0;Infinity;0;B
user-I051911_session-547BFC0A9BECA12855B0C21A1D028732A75106E4BFAC87C9590A6616878B5C90_analysis-12.csv;user-I051911;4;2133053586;6;true;-0.28799406131364125;0.0;Infinity;0;B
user-I051911_session-547BFC0A9BECA12855B0C21A1D028732A75106E4BFAC87C9590A6616878B5C90_analysis-12.csv;user-I051911;4;-736770322;8;true;-0.5809935302211184;0.0;Infinity;0;B
user-I051911_session-547BFC0A9BECA12855B0C21A1D028732A75106E4BFAC87C9590A6616878B5C90_analysis-12.csv;user-I051911;4;-1713950066;8;true;-0.5809935302211184;0.0;Infinity;0;B
user-I051911_session-547BFC0A9BECA12855B0C21A1D028732A75106E4BFAC87C9590A6616878B5C90_analysis-12.csv;user-I051911;4;-2108686580;7;true;-0.5077436629942491;0.0;Infinity;0;B
user-I051911_session-547BFC0A9BECA12855B0C21A1D028732A75106E4BFAC87C9590A6616878B5C90_analysis-12.csv;user-I051911;4;812561612;8;true;-0.5565769078121621;0.0;Infinity;0;B
user-I051911_session-547BFC0A9BECA12855B0C21A1D028732A75106E4BFAC87C9590A6616878B5C90_analysis-12.csv;user-I051911;4;467066200;8;true;-0.26357743890468477;0.0;Infinity;0;B
user-I051911_session-547BFC0A9BECA12855B0C21A1D028732A75106E4BFAC87C9590A6616878B5C90_analysis-12.csv;user-I051911;4;-841769733;9;true;0.786337324680442;0.0;Infinity;0;B
user-I051911_session-547BFC0A9BECA12855B0C21A1D028732A75106E4BFAC87C9590A6616878B5C90_analysis-12.csv;user-I051911;4;-223438315;6;true;0.4933378557729648;0.0;Infinity;0;B
user-I051911_session-547BFC0A9BECA12855B0C21A1D028732A75106E4BFAC87C9590A6616878B5C90_analysis-12.csv;user-I051911;4;1694387364;73;true;0.9572536815431371;0.0;Infinity;0;B
user-I051911_session-547BFC0A9BECA12855B0C21A1D028732A75106E4BFAC87C9590A6616878B5C90_analysis-12.csv;user-I051911;4;-49230164;8;true;0.12708851963861822;0.0;Infinity;0;B
user-I051911_session-547BFC0A9BECA12855B0C21A1D028732A75106E4BFAC87C9590A6616878B5C90_analysis-12.csv;user-I051911;4;-1115303699;8;true;0.2735882540923568;0.0;Infinity;0;B
user-I051911_session-547BFC0A9BECA12855B0C21A1D028732A75106E4BFAC87C9590A6616878B5C90_analysis-12.csv;user-I051911;4;1239787050;5;true;-0.19032757167781547;0.0;Infinity;0;B
user-I051911_session-547BFC0A9BECA12855B0C21A1D028732A75106E4BFAC87C9590A6616878B5C90_analysis-12.csv;user-I051911;4;-499627926;6;true;-0.5321602854032056;0.0;Infinity;0;B
user-I051911_session-547BFC0A9BECA12855B0C21A1D028732A75106E4BFAC87C9590A6616878B5C90_analysis-12.csv;user-I051911;4;1071467337;4;true;-0.5809935302211184;0.0;Infinity;0;B
user-I051911_session-547BFC0A9BECA12855B0C21A1D028732A75106E4BFAC87C9590A6616878B5C90_analysis-12.csv;user-I051911;4;-38574119;5;true;-0.45891041817633627;0.0;Infinity;0;B
user-I051911_session-547BFC0A9BECA12855B0C21A1D028732A75106E4BFAC87C9590A6616878B5C90_analysis-12.csv;user-I051911;4;-1480001903;5;true;-0.5321602854032056;0.0;Infinity;0;B
user-I051911_session-547BFC0A9BECA12855B0C21A1D028732A75106E4BFAC87C9590A6616878B5C90_analysis-12.csv;user-I051911;4;917690707;5;true;-0.23916081649572835;0.0;Infinity;0;B
user-I051911_session-547BFC0A9BECA12855B0C21A1D028732A75106E4BFAC87C9590A6616878B5C90_analysis-12.csv;user-I051911;4;-1742733670;5;true;0.029422030002792466;0.0;Infinity;0;B
user-I051911_session-547BFC0A9BECA12855B0C21A1D028732A75106E4BFAC87C9590A6616878B5C90_analysis-12.csv;user-I051911;4;156252520;5;true;0.5665877229998341;0.0;Infinity;0;B
user-I051911_session-547BFC0A9BECA12855B0C21A1D028732A75106E4BFAC87C9590A6616878B5C90_analysis-12.csv;user-I051911;4;-1241322168;5;true;-0.5321602854032056;0.0;Infinity;0;B
user-I051911_session-547BFC0A9BECA12855B0C21A1D028732A75106E4BFAC87C9590A6616878B5C90_analysis-12.csv;user-I051911;4;1247432052;6;true;-0.5565769078121621;0.0;Infinity;0;B
user-I051911_session-547BFC0A9BECA12855B0C21A1D028732A75106E4BFAC87C9590A6616878B5C90_analysis-12.csv;user-I051911;4;1145519201;6;true;0.1759217644565311;0.0;Infinity;0;B
user-I051911_session-547BFC0A9BECA12855B0C21A1D028732A75106E4BFAC87C9590A6616878B5C90_analysis-12.csv;user-I051911;4;909091677;5;true;0.029422030002792466;0.0;Infinity;0;B
user-I051911_session-547BFC0A9BECA12855B0C21A1D028732A75106E4BFAC87C9590A6616878B5C90_analysis-12.csv;user-I051911;4;-408636744;6;true;3.1791663207581724;0.0;Infinity;0;B
user-I051911_session-547BFC0A9BECA12855B0C21A1D028732A75106E4BFAC87C9590A6616878B5C90_analysis-12.csv;user-I051911;4;450847803;5;true;-0.43449379576737984;0.0;Infinity;0;B
user-I051911_session-547BFC0A9BECA12855B0C21A1D028732A75106E4BFAC87C9590A6616878B5C90_analysis-12.csv;user-I051911;4;-361145705;5;true;-0.5321602854032056;0.0;Infinity;0;B
user-I051911_session-547BFC0A9BECA12855B0C21A1D028732A75106E4BFAC87C9590A6616878B5C90_analysis-12.csv;user-I051911;4;-382312287;6;true;-0.5809935302211184;0.0;Infinity;0;B
user-I051911_session-547BFC0A9BECA12855B0C21A1D028732A75106E4BFAC87C9590A6616878B5C90_analysis-12.csv;user-I051911;4;1279653064;6;true;1.7630022210386995;0.0;Infinity;0;B
user-I051911_session-547BFC0A9BECA12855B0C21A1D028732A75106E4BFAC87C9590A6616878B5C90_analysis-12.csv;user-I051911;4;597475391;6;true;-0.5565769078121621;0.0;Infinity;0;B
user-I051911_session-547BFC0A9BECA12855B0C21A1D028732A75106E4BFAC87C9590A6616878B5C90_analysis-12.csv;user-I051911;4;1246293967;6;true;-0.5077436629942491;0.0;Infinity;0;B
user-I051911_session-547BFC0A9BECA12855B0C21A1D028732A75106E4BFAC87C9590A6616878B5C90_analysis-12.csv;user-I051911;4;-935158165;5;true;-0.5809935302211184;0.0;Infinity;0;B
user-I051911_session-547BFC0A9BECA12855B0C21A1D028732A75106E4BFAC87C9590A6616878B5C90_analysis-12.csv;user-I051911;4;383455335;6;true;-0.06824445963303329;0.0;Infinity;0;B
user-I051911_session-547BFC0A9BECA12855B0C21A1D028732A75106E4BFAC87C9590A6616878B5C90_analysis-12.csv;user-I051911;4;855363874;6;true;-0.5321602854032056;0.0;Infinity;0;B
user-I051911_session-547BFC0A9BECA12855B0C21A1D028732A75106E4BFAC87C9590A6616878B5C90_analysis-12.csv;user-I051911;4;1938357635;31;true;-0.28799406131364125;0.0;Infinity;0;B
user-I051911_session-547BFC0A9BECA12855B0C21A1D028732A75106E4BFAC87C9590A6616878B5C90_analysis-12.csv;user-I051911;4;-255058545;7;true;-0.5565769078121621;0.0;Infinity;0;B
user-I051911_session-547BFC0A9BECA12855B0C21A1D028732A75106E4BFAC87C9590A6616878B5C90_analysis-12.csv;user-I051911;4;-1506336089;6;true;-0.5565769078121621;0.0;Infinity;0;B
user-I051911_session-547BFC0A9BECA12855B0C21A1D028732A75106E4BFAC87C9590A6616878B5C90_analysis-12.csv;user-I051911;4;2115457304;5;true;-0.5809935302211184;0.0;Infinity;0;B
user-I051911_session-547BFC0A9BECA12855B0C21A1D028732A75106E4BFAC87C9590A6616878B5C90_analysis-12.csv;user-I051911;4;-60504328;6;true;-0.5809935302211184;0.0;Infinity;0;B
user-I051911_session-547BFC0A9BECA12855B0C21A1D028732A75106E4BFAC87C9590A6616878B5C90_analysis-12.csv;user-I051911;4;-972093596;5;true;0.12708851963861822;0.0;Infinity;0;B
user-I051911_session-547BFC0A9BECA12855B0C21A1D028732A75106E4BFAC87C9590A6616878B5C90_analysis-12.csv;user-I051911;4;-1423777249;6;true;-0.4100771733584234;0.0;Infinity;0;B
user-I051911_session-547BFC0A9BECA12855B0C21A1D028732A75106E4BFAC87C9590A6616878B5C90_analysis-12.csv;user-I051911;4;-271753682;9;true;-0.5077436629942491;0.0;Infinity;0;B
user-I051911_session-547BFC0A9BECA12855B0C21A1D028732A75106E4BFAC87C9590A6616878B5C90_analysis-12.csv;user-I051911;4;676138051;8;true;1.4944193745401788;0.0;Infinity;0;B
user-I051911_session-547BFC0A9BECA12855B0C21A1D028732A75106E4BFAC87C9590A6616878B5C90_analysis-12.csv;user-I051911;4;967309465;7;true;-0.5077436629942491;0.0;Infinity;0;B
user-I051911_session-547BFC0A9BECA12855B0C21A1D028732A75106E4BFAC87C9590A6616878B5C90_analysis-12.csv;user-I051911;4;-1557548911;8;true;-0.19032757167781547;0.0;Infinity;0;B
user-I051911_session-547BFC0A9BECA12855B0C21A1D028732A75106E4BFAC87C9590A6616878B5C90_analysis-12.csv;user-I051911;4;-1957977069;7;true;-0.26357743890468477;0.0;Infinity;0;B
user-I051911_session-547BFC0A9BECA12855B0C21A1D028732A75106E4BFAC87C9590A6616878B5C90_analysis-12.csv;user-I051911;4;2008755398;8;true;-0.43449379576737984;0.0;Infinity;0;B
user-I051911_session-547BFC0A9BECA12855B0C21A1D028732A75106E4BFAC87C9590A6616878B5C90_analysis-12.csv;user-I051911;4;-552547292;7;true;-0.19032757167781547;0.0;Infinity;0;B
user-I051911_session-547BFC0A9BECA12855B0C21A1D028732A75106E4BFAC87C9590A6616878B5C90_analysis-12.csv;user-I051911;4;-1807630794;7;true;0.5421711005908777;0.0;Infinity;0;B
user-I051911_session-547BFC0A9BECA12855B0C21A1D028732A75106E4BFAC87C9590A6616878B5C90_analysis-12.csv;user-I051911;4;-1752994002;5;true;-0.5809935302211184;0.0;Infinity;0;B
user-I051911_session-547BFC0A9BECA12855B0C21A1D028732A75106E4BFAC87C9590A6616878B5C90_analysis-12.csv;user-I051911;4;1341718242;6;true;-0.5321602854032056;0.0;Infinity;0;B
user-I051911_session-547BFC0A9BECA12855B0C21A1D028732A75106E4BFAC87C9590A6616878B5C90_analysis-12.csv;user-I051911;4;783539509;5;true;-0.5077436629942491;0.0;Infinity;0;B
user-I051911_session-547BFC0A9BECA12855B0C21A1D028732A75106E4BFAC87C9590A6616878B5C90_analysis-12.csv;user-I051911;4;-1107645779;6;true;0.05383865241174891;0.0;Infinity;0;B
user-I051911_session-547BFC0A9BECA12855B0C21A1D028732A75106E4BFAC87C9590A6616878B5C90_analysis-12.csv;user-I051911;4;1022623765;5;true;0.7130874574535727;0.0;Infinity;0;B
user-I051911_session-547BFC0A9BECA12855B0C21A1D028732A75106E4BFAC87C9590A6616878B5C90_analysis-12.csv;user-I051911;4;729531683;5;true;-0.5809935302211184;0.0;Infinity;0;B
user-I051911_session-547BFC0A9BECA12855B0C21A1D028732A75106E4BFAC87C9590A6616878B5C90_analysis-12.csv;user-I051911;4;1579028848;5;true;-0.26357743890468477;0.0;Infinity;0;B
user-I051911_session-547BFC0A9BECA12855B0C21A1D028732A75106E4BFAC87C9590A6616878B5C90_analysis-12.csv;user-I051911;4;7222879;6;true;-0.45891041817633627;0.0;Infinity;0;B
user-I051911_session-547BFC0A9BECA12855B0C21A1D028732A75106E4BFAC87C9590A6616878B5C90_analysis-12.csv;user-I051911;4;42548235;5;true;-0.5809935302211184;0.0;Infinity;0;B
user-I051911_session-547BFC0A9BECA12855B0C21A1D028732A75106E4BFAC87C9590A6616878B5C90_analysis-12.csv;user-I051911;4;-542627125;5;true;-0.5321602854032056;0.0;Infinity;0;B
user-I051911_session-547BFC0A9BECA12855B0C21A1D028732A75106E4BFAC87C9590A6616878B5C90_analysis-12.csv;user-I051911;4;-2045534698;5;true;-0.48332704058529274;0.0;Infinity;0;B
user-I051911_session-547BFC0A9BECA12855B0C21A1D028732A75106E4BFAC87C9590A6616878B5C90_analysis-12.csv;user-I051911;4;560502383;6;true;-0.45891041817633627;0.0;Infinity;0;B
user-I051911_session-547BFC0A9BECA12855B0C21A1D028732A75106E4BFAC87C9590A6616878B5C90_analysis-12.csv;user-I051911;4;1008745043;5;true;-0.5809935302211184;0.0;Infinity;0;B
user-I051911_session-547BFC0A9BECA12855B0C21A1D028732A75106E4BFAC87C9590A6616878B5C90_analysis-12.csv;user-I051911;4;681978894;6;true;-0.5809935302211184;0.0;Infinity;0;B
user-I051911_session-547BFC0A9BECA12855B0C21A1D028732A75106E4BFAC87C9590A6616878B5C90_analysis-12.csv;user-I051911;4;-2084834865;6;true;-0.48332704058529274;0.0;Infinity;0;B
user-I051911_session-547BFC0A9BECA12855B0C21A1D028732A75106E4BFAC87C9590A6616878B5C90_analysis-12.csv;user-I051911;4;938749042;5;true;-0.5809935302211184;0.0;Infinity;0;B
user-I051911_session-547BFC0A9BECA12855B0C21A1D028732A75106E4BFAC87C9590A6616878B5C90_analysis-12.csv;user-I051911;4;1743740756;5;true;-0.5565769078121621;0.0;Infinity;0;B
user-I051911_session-547BFC0A9BECA12855B0C21A1D028732A75106E4BFAC87C9590A6616878B5C90_analysis-12.csv;user-I051911;4;-291203920;6;true;1.2258365280416579;0.0;Infinity;0;B
user-I051911_session-547BFC0A9BECA12855B0C21A1D028732A75106E4BFAC87C9590A6616878B5C90_analysis-12.csv;user-I051911;4;609935037;5;true;0.2491716316834004;0.0;Infinity;0;B
user-I051911_session-547BFC0A9BECA12855B0C21A1D028732A75106E4BFAC87C9590A6616878B5C90_analysis-12.csv;user-I051911;4;-298050999;5;true;2.3734177812626105;0.0;Infinity;0;B
user-I051911_session-547BFC0A9BECA12855B0C21A1D028732A75106E4BFAC87C9590A6616878B5C90_analysis-12.csv;user-I051911;4;1906086653;7;true;0.786337324680442;0.0;Infinity;0;B
user-I051911_session-547BFC0A9BECA12855B0C21A1D028732A75106E4BFAC87C9590A6616878B5C90_analysis-12.csv;user-I051911;4;1450181927;5;true;-0.43449379576737984;0.0;Infinity;0;B
user-I051911_session-547BFC0A9BECA12855B0C21A1D028732A75106E4BFAC87C9590A6616878B5C90_analysis-12.csv;user-I051911;4;-1844253153;6;true;0.4445046109550519;0.0;Infinity;0;B
user-I051911_session-547BFC0A9BECA12855B0C21A1D028732A75106E4BFAC87C9590A6616878B5C90_analysis-12.csv;user-I051911;5;422600190;5;true;3.7895818809820834;0.0;Infinity;1;B
user-I051911_session-547BFC0A9BECA12855B0C21A1D028732A75106E4BFAC87C9590A6616878B5C90_analysis-12.csv;user-I051911;5;762029457;6;true;-0.3368273061315541;0.0;Infinity;1;B
user-I051911_session-547BFC0A9BECA12855B0C21A1D028732A75106E4BFAC87C9590A6616878B5C90_analysis-12.csv;user-I051911;5;824200792;5;true;-0.06824445963303329;0.0;Infinity;1;B
user-I051911_session-547BFC0A9BECA12855B0C21A1D028732A75106E4BFAC87C9590A6616878B5C90_analysis-12.csv;user-I051911;5;-145553004;5;true;-0.5077436629942491;0.0;Infinity;1;B
user-I051911_session-547BFC0A9BECA12855B0C21A1D028732A75106E4BFAC87C9590A6616878B5C90_analysis-12.csv;user-I051911;5;743059692;7;true;-0.5809935302211184;0.0;Infinity;1;B
user-I051911_session-547BFC0A9BECA12855B0C21A1D028732A75106E4BFAC87C9590A6616878B5C90_analysis-12.csv;user-I051911;5;-1416841022;10;true;1.9339185779013945;0.0;Infinity;1;B
user-I051911_session-547BFC0A9BECA12855B0C21A1D028732A75106E4BFAC87C9590A6616878B5C90_analysis-12.csv;user-I051911;5;1152175049;12;true;-0.5321602854032056;0.0;Infinity;1;B
user-I051911_session-547BFC0A9BECA12855B0C21A1D028732A75106E4BFAC87C9590A6616878B5C90_analysis-12.csv;user-I051911;5;-1332160912;6;true;0.786337324680442;0.0;Infinity;1;B
user-I051911_session-547BFC0A9BECA12855B0C21A1D028732A75106E4BFAC87C9590A6616878B5C90_analysis-12.csv;user-I051911;5;754766066;5;true;1.9339185779013945;0.0;Infinity;1;B
user-I051911_session-547BFC0A9BECA12855B0C21A1D028732A75106E4BFAC87C9590A6616878B5C90_analysis-12.csv;user-I051911;5;-1227665764;6;true;-0.1414943268599026;0.0;Infinity;1;B
user-I051911_session-547BFC0A9BECA12855B0C21A1D028732A75106E4BFAC87C9590A6616878B5C90_analysis-12.csv;user-I051911;5;-1754401764;5;true;4.302330951570169;0.0;Infinity;1;B
user-I051911_session-547BFC0A9BECA12855B0C21A1D028732A75106E4BFAC87C9590A6616878B5C90_analysis-12.csv;user-I051911;5;2043925161;7;true;-0.5321602854032056;0.0;Infinity;1;B
user-I051911_session-547BFC0A9BECA12855B0C21A1D028732A75106E4BFAC87C9590A6616878B5C90_analysis-12.csv;user-I051911;5;43173428;6;true;0.12708851963861822;0.0;Infinity;1;B
user-I051911_session-547BFC0A9BECA12855B0C21A1D028732A75106E4BFAC87C9590A6616878B5C90_analysis-12.csv;user-I051911;5;1886440242;6;true;-0.019411214815120408;0.0;Infinity;1;B
user-I051911_session-547BFC0A9BECA12855B0C21A1D028732A75106E4BFAC87C9590A6616878B5C90_analysis-12.csv;user-I051911;5;328357439;6;true;-0.5565769078121621;0.0;Infinity;1;B
user-I051911_session-547BFC0A9BECA12855B0C21A1D028732A75106E4BFAC87C9590A6616878B5C90_analysis-12.csv;user-I051911;5;-567273349;6;true;-0.5565769078121621;0.0;Infinity;1;B
user-I051911_session-547BFC0A9BECA12855B0C21A1D028732A75106E4BFAC87C9590A6616878B5C90_analysis-12.csv;user-I051911;5;115335788;5;true;6.255660744286684;0.0;Infinity;1;B
user-I051911_session-547BFC0A9BECA12855B0C21A1D028732A75106E4BFAC87C9590A6616878B5C90_analysis-12.csv;user-I051911;5;-846818277;5;true;-0.5809935302211184;0.0;Infinity;1;B
user-I051911_session-547BFC0A9BECA12855B0C21A1D028732A75106E4BFAC87C9590A6616878B5C90_analysis-12.csv;user-I051911;5;112098203;6;true;-0.06824445963303329;0.0;Infinity;1;B
user-I051911_session-547BFC0A9BECA12855B0C21A1D028732A75106E4BFAC87C9590A6616878B5C90_analysis-12.csv;user-I051911;5;-35759681;5;true;-0.43449379576737984;0.0;Infinity;1;B
user-I051911_session-547BFC0A9BECA12855B0C21A1D028732A75106E4BFAC87C9590A6616878B5C90_analysis-12.csv;user-I051911;5;2131563163;8;true;-0.48332704058529274;0.0;Infinity;1;B
user-I051911_session-547BFC0A9BECA12855B0C21A1D028732A75106E4BFAC87C9590A6616878B5C90_analysis-12.csv;user-I051911;5;2118742366;9;true;-0.4100771733584234;0.0;Infinity;1;B
user-I051911_session-547BFC0A9BECA12855B0C21A1D028732A75106E4BFAC87C9590A6616878B5C90_analysis-12.csv;user-I051911;5;-451800798;7;true;-0.1414943268599026;0.0;Infinity;1;B
user-I051911_session-547BFC0A9BECA12855B0C21A1D028732A75106E4BFAC87C9590A6616878B5C90_analysis-12.csv;user-I051911;5;1371809798;7;true;0.42008798854609547;0.0;Infinity;1;B
user-I051911_session-547BFC0A9BECA12855B0C21A1D028732A75106E4BFAC87C9590A6616878B5C90_analysis-12.csv;user-I051911;5;-1241601383;5;true;-0.48332704058529274;0.0;Infinity;1;B
user-I051911_session-547BFC0A9BECA12855B0C21A1D028732A75106E4BFAC87C9590A6616878B5C90_analysis-12.csv;user-I051911;5;-298931973;6;true;-0.23916081649572835;0.0;Infinity;1;B
user-I051911_session-547BFC0A9BECA12855B0C21A1D028732A75106E4BFAC87C9590A6616878B5C90_analysis-12.csv;user-I051911;5;1456844247;5;true;0.005005407593836028;0.0;Infinity;1;B
user-I051911_session-547BFC0A9BECA12855B0C21A1D028732A75106E4BFAC87C9590A6616878B5C90_analysis-12.csv;user-I051911;5;353578835;7;true;0.5421711005908777;0.0;Infinity;1;B
user-I051911_session-547BFC0A9BECA12855B0C21A1D028732A75106E4BFAC87C9590A6616878B5C90_analysis-12.csv;user-I051911;5;-1910015247;8;true;-0.5321602854032056;0.0;Infinity;1;B
user-I051911_session-547BFC0A9BECA12855B0C21A1D028732A75106E4BFAC87C9590A6616878B5C90_analysis-12.csv;user-I051911;5;-461273203;8;true;0.005005407593836028;0.0;Infinity;1;B
user-I051911_session-547BFC0A9BECA12855B0C21A1D028732A75106E4BFAC87C9590A6616878B5C90_analysis-12.csv;user-I051911;5;317102892;6;true;0.9084204367252242;0.0;Infinity;1;B
user-I051911_session-547BFC0A9BECA12855B0C21A1D028732A75106E4BFAC87C9590A6616878B5C90_analysis-12.csv;user-I051911;5;881289189;5;true;-0.385660550949467;0.0;Infinity;1;B
user-I051911_session-547BFC0A9BECA12855B0C21A1D028732A75106E4BFAC87C9590A6616878B5C90_analysis-12.csv;user-I051911;5;-1031491496;5;true;-0.4100771733584234;0.0;Infinity;1;B
user-I051911_session-547BFC0A9BECA12855B0C21A1D028732A75106E4BFAC87C9590A6616878B5C90_analysis-12.csv;user-I051911;5;-1456268119;5;true;0.22475500927444397;0.0;Infinity;1;B
user-I051911_session-547BFC0A9BECA12855B0C21A1D028732A75106E4BFAC87C9590A6616878B5C90_analysis-12.csv;user-I051911;5;-1160766430;5;true;-0.385660550949467;0.0;Infinity;1;B
user-I051911_session-547BFC0A9BECA12855B0C21A1D028732A75106E4BFAC87C9590A6616878B5C90_analysis-12.csv;user-I051911;5;-151261338;6;true;-0.3612439285405105;0.0;Infinity;1;B
user-I051911_session-547BFC0A9BECA12855B0C21A1D028732A75106E4BFAC87C9590A6616878B5C90_analysis-12.csv;user-I051911;5;1480092510;6;true;0.22475500927444397;0.0;Infinity;1;B
user-I051911_session-547BFC0A9BECA12855B0C21A1D028732A75106E4BFAC87C9590A6616878B5C90_analysis-12.csv;user-I051911;5;-501010012;5;true;1.2502531504506142;0.0;Infinity;1;B
user-I051911_session-547BFC0A9BECA12855B0C21A1D028732A75106E4BFAC87C9590A6616878B5C90_analysis-12.csv;user-I051911;5;-450792246;5;true;-0.31241068372259767;0.0;Infinity;1;B
user-I051911_session-547BFC0A9BECA12855B0C21A1D028732A75106E4BFAC87C9590A6616878B5C90_analysis-12.csv;user-I051911;5;1990915851;6;true;0.2735882540923568;0.0;Infinity;1;B
user-I051911_session-547BFC0A9BECA12855B0C21A1D028732A75106E4BFAC87C9590A6616878B5C90_analysis-12.csv;user-I051911;5;-1290462602;5;true;-0.5809935302211184;0.0;Infinity;1;B
user-I051911_session-547BFC0A9BECA12855B0C21A1D028732A75106E4BFAC87C9590A6616878B5C90_analysis-12.csv;user-I051911;5;-1700613937;5;true;-0.4100771733584234;0.0;Infinity;1;B
user-I051911_session-547BFC0A9BECA12855B0C21A1D028732A75106E4BFAC87C9590A6616878B5C90_analysis-12.csv;user-I051911;5;71318288;5;true;-0.48332704058529274;0.0;Infinity;1;B
user-I051911_session-547BFC0A9BECA12855B0C21A1D028732A75106E4BFAC87C9590A6616878B5C90_analysis-12.csv;user-I051911;5;-1617588781;6;true;-0.5809935302211184;0.0;Infinity;1;B
user-I051911_session-547BFC0A9BECA12855B0C21A1D028732A75106E4BFAC87C9590A6616878B5C90_analysis-12.csv;user-I051911;5;-343045209;5;true;-0.5565769078121621;0.0;Infinity;1;B
user-I051911_session-547BFC0A9BECA12855B0C21A1D028732A75106E4BFAC87C9590A6616878B5C90_analysis-12.csv;user-I051911;5;99170863;5;true;-0.5565769078121621;0.0;Infinity;1;B
user-I051911_session-547BFC0A9BECA12855B0C21A1D028732A75106E4BFAC87C9590A6616878B5C90_analysis-12.csv;user-I051911;5;1518751317;5;true;-0.5809935302211184;0.0;Infinity;1;B
user-I051911_session-547BFC0A9BECA12855B0C21A1D028732A75106E4BFAC87C9590A6616878B5C90_analysis-12.csv;user-I051911;5;1622813673;5;true;-0.5565769078121621;0.0;Infinity;1;B
user-I051911_session-547BFC0A9BECA12855B0C21A1D028732A75106E4BFAC87C9590A6616878B5C90_analysis-12.csv;user-I051911;5;-829804347;6;true;-0.5809935302211184;0.0;Infinity;1;B
user-I051911_session-547BFC0A9BECA12855B0C21A1D028732A75106E4BFAC87C9590A6616878B5C90_analysis-12.csv;user-I051911;5;13113;5;true;-0.43449379576737984;0.0;Infinity;1;B
user-I051911_session-547BFC0A9BECA12855B0C21A1D028732A75106E4BFAC87C9590A6616878B5C90_analysis-12.csv;user-I051911;5;1657345358;6;true;-0.48332704058529274;0.0;Infinity;1;B
user-I051911_session-547BFC0A9BECA12855B0C21A1D028732A75106E4BFAC87C9590A6616878B5C90_analysis-12.csv;user-I051911;5;796574256;6;true;-0.45891041817633627;0.0;Infinity;1;B
user-I051911_session-547BFC0A9BECA12855B0C21A1D028732A75106E4BFAC87C9590A6616878B5C90_analysis-12.csv;user-I051911;5;-949126447;6;true;-0.3612439285405105;0.0;Infinity;1;B
user-I051911_session-547BFC0A9BECA12855B0C21A1D028732A75106E4BFAC87C9590A6616878B5C90_analysis-12.csv;user-I051911;5;1295963969;5;true;-0.019411214815120408;0.0;Infinity;1;B
user-I051911_session-547BFC0A9BECA12855B0C21A1D028732A75106E4BFAC87C9590A6616878B5C90_analysis-12.csv;user-I051911;5;2086733999;7;true;0.12708851963861822;0.0;Infinity;1;B
user-I051911_session-547BFC0A9BECA12855B0C21A1D028732A75106E4BFAC87C9590A6616878B5C90_analysis-12.csv;user-I051911;5;-569858265;5;true;0.9572536815431371;0.0;Infinity;1;B
user-I051911_session-547BFC0A9BECA12855B0C21A1D028732A75106E4BFAC87C9590A6616878B5C90_analysis-12.csv;user-I051911;5;-1339907985;5;true;-0.5809935302211184;0.0;Infinity;1;B
user-I051911_session-547BFC0A9BECA12855B0C21A1D028732A75106E4BFAC87C9590A6616878B5C90_analysis-12.csv;user-I051911;5;2137624299;5;true;-0.26357743890468477;0.0;Infinity;1;B
user-I051911_session-547BFC0A9BECA12855B0C21A1D028732A75106E4BFAC87C9590A6616878B5C90_analysis-12.csv;user-I051911;5;1907670408;7;true;1.4211695073133095;0.0;Infinity;1;B
user-I051911_session-547BFC0A9BECA12855B0C21A1D028732A75106E4BFAC87C9590A6616878B5C90_analysis-12.csv;user-I051911;5;1214659839;6;true;-0.5565769078121621;0.0;Infinity;1;B
user-I051911_session-547BFC0A9BECA12855B0C21A1D028732A75106E4BFAC87C9590A6616878B5C90_analysis-12.csv;user-I051911;5;963302235;6;true;-0.45891041817633627;0.0;Infinity;1;B
user-I051911_session-547BFC0A9BECA12855B0C21A1D028732A75106E4BFAC87C9590A6616878B5C90_analysis-12.csv;user-I051911;5;-230708987;6;true;-0.04382783722407685;0.0;Infinity;1;B
user-I051911_session-547BFC0A9BECA12855B0C21A1D028732A75106E4BFAC87C9590A6616878B5C90_analysis-12.csv;user-I051911;5;985781361;6;true;-0.04382783722407685;0.0;Infinity;1;B
user-I051911_session-547BFC0A9BECA12855B0C21A1D028732A75106E4BFAC87C9590A6616878B5C90_analysis-12.csv;user-I051911;5;398491106;5;true;-0.09266108204198972;0.0;Infinity;1;B
user-I051911_session-547BFC0A9BECA12855B0C21A1D028732A75106E4BFAC87C9590A6616878B5C90_analysis-12.csv;user-I051911;5;-2063396630;5;true;-0.21474419408677192;0.0;Infinity;1;B
user-I051911_session-547BFC0A9BECA12855B0C21A1D028732A75106E4BFAC87C9590A6616878B5C90_analysis-12.csv;user-I051911;5;-1997097460;5;true;3.423332544847737;0.0;Infinity;1;B
user-I051911_session-547BFC0A9BECA12855B0C21A1D028732A75106E4BFAC87C9590A6616878B5C90_analysis-12.csv;user-I051911;5;-1077434287;6;true;0.5177544781819212;0.0;Infinity;1;B
user-I051911_session-547BFC0A9BECA12855B0C21A1D028732A75106E4BFAC87C9590A6616878B5C90_analysis-12.csv;user-I051911;5;2059706823;6;true;-0.5565769078121621;0.0;Infinity;1;B
user-I051911_session-547BFC0A9BECA12855B0C21A1D028732A75106E4BFAC87C9590A6616878B5C90_analysis-12.csv;user-I051911;5;1587920063;5;true;-0.5809935302211184;0.0;Infinity;1;B
user-I051911_session-547BFC0A9BECA12855B0C21A1D028732A75106E4BFAC87C9590A6616878B5C90_analysis-12.csv;user-I051911;5;-2130655196;5;true;0.07825527482070534;0.0;Infinity;1;B
user-I051911_session-547BFC0A9BECA12855B0C21A1D028732A75106E4BFAC87C9590A6616878B5C90_analysis-12.csv;user-I051911;5;-1865484415;5;true;0.8595871919073114;0.0;Infinity;1;B
user-I051911_session-547BFC0A9BECA12855B0C21A1D028732A75106E4BFAC87C9590A6616878B5C90_analysis-12.csv;user-I051911;5;-602177393;5;true;-0.31241068372259767;0.0;Infinity;1;B
user-I051911_session-547BFC0A9BECA12855B0C21A1D028732A75106E4BFAC87C9590A6616878B5C90_analysis-12.csv;user-I051911;5;-1627499296;5;true;-0.5809935302211184;0.0;Infinity;1;B
user-I051911_session-547BFC0A9BECA12855B0C21A1D028732A75106E4BFAC87C9590A6616878B5C90_analysis-12.csv;user-I051911;5;-1020015867;6;true;-0.48332704058529274;0.0;Infinity;1;B
user-I051911_session-547BFC0A9BECA12855B0C21A1D028732A75106E4BFAC87C9590A6616878B5C90_analysis-12.csv;user-I051911;5;-1820846018;5;true;-0.5077436629942491;0.0;Infinity;1;B
user-I051911_session-547BFC0A9BECA12855B0C21A1D028732A75106E4BFAC87C9590A6616878B5C90_analysis-12.csv;user-I051911;5;-1033271400;6;true;1.1770032832237451;0.0;Infinity;1;B
user-I051911_session-547BFC0A9BECA12855B0C21A1D028732A75106E4BFAC87C9590A6616878B5C90_analysis-12.csv;user-I051911;5;-1415202621;5;true;-0.385660550949467;0.0;Infinity;1;B
user-I051911_session-547BFC0A9BECA12855B0C21A1D028732A75106E4BFAC87C9590A6616878B5C90_analysis-12.csv;user-I051911;5;214215920;6;true;-0.19032757167781547;0.0;Infinity;1;B
user-I051911_session-547BFC0A9BECA12855B0C21A1D028732A75106E4BFAC87C9590A6616878B5C90_analysis-12.csv;user-I051911;5;873381920;5;true;-0.5321602854032056;0.0;Infinity;1;B
user-I051911_session-547BFC0A9BECA12855B0C21A1D028732A75106E4BFAC87C9590A6616878B5C90_analysis-12.csv;user-I051911;5;959969284;6;true;2.5931673829432182;0.0;Infinity;1;B
user-I051911_session-547BFC0A9BECA12855B0C21A1D028732A75106E4BFAC87C9590A6616878B5C90_analysis-12.csv;user-I051911;5;1018742280;6;true;-0.19032757167781547;0.0;Infinity;1;B
user-I051911_session-547BFC0A9BECA12855B0C21A1D028732A75106E4BFAC87C9590A6616878B5C90_analysis-12.csv;user-I051911;5;-1017864461;5;true;-0.5809935302211184;0.0;Infinity;1;B
user-I051911_session-547BFC0A9BECA12855B0C21A1D028732A75106E4BFAC87C9590A6616878B5C90_analysis-12.csv;user-I051911;5;-524068995;6;true;-0.48332704058529274;0.0;Infinity;1;B
user-I051911_session-547BFC0A9BECA12855B0C21A1D028732A75106E4BFAC87C9590A6616878B5C90_analysis-12.csv;user-I051911;5;-632086955;5;true;-0.5809935302211184;0.0;Infinity;1;B
user-I051911_session-547BFC0A9BECA12855B0C21A1D028732A75106E4BFAC87C9590A6616878B5C90_analysis-12.csv;user-I051911;5;690715529;7;true;-0.5565769078121621;0.0;Infinity;1;B
user-I051911_session-547BFC0A9BECA12855B0C21A1D028732A75106E4BFAC87C9590A6616878B5C90_analysis-12.csv;user-I051911;5;1934779662;5;true;-0.5809935302211184;0.0;Infinity;1;B
user-I051911_session-547BFC0A9BECA12855B0C21A1D028732A75106E4BFAC87C9590A6616878B5C90_analysis-12.csv;user-I051911;5;-210211865;5;true;-0.5809935302211184;0.0;Infinity;1;B
user-I051911_session-547BFC0A9BECA12855B0C21A1D028732A75106E4BFAC87C9590A6616878B5C90_analysis-12.csv;user-I051911;5;-459680911;5;true;0.8351705694983549;0.0;Infinity;1;B
user-I051911_session-547BFC0A9BECA12855B0C21A1D028732A75106E4BFAC87C9590A6616878B5C90_analysis-12.csv;user-I051911;5;-933976678;6;true;-0.5077436629942491;0.0;Infinity;1;B
user-I051911_session-547BFC0A9BECA12855B0C21A1D028732A75106E4BFAC87C9590A6616878B5C90_analysis-12.csv;user-I051911;5;-707977961;6;true;1.6653357314028738;0.0;Infinity;1;B
user-I051911_session-547BFC0A9BECA12855B0C21A1D028732A75106E4BFAC87C9590A6616878B5C90_analysis-12.csv;user-I051911;5;-1170615909;5;true;-0.5809935302211184;0.0;Infinity;1;B
user-I051911_session-547BFC0A9BECA12855B0C21A1D028732A75106E4BFAC87C9590A6616878B5C90_analysis-12.csv;user-I051911;5;-1011190289;6;true;-0.45891041817633627;0.0;Infinity;1;B
user-I051911_session-547BFC0A9BECA12855B0C21A1D028732A75106E4BFAC87C9590A6616878B5C90_analysis-12.csv;user-I051911;5;1105951417;5;true;-0.5809935302211184;0.0;Infinity;1;B
user-I051911_session-547BFC0A9BECA12855B0C21A1D028732A75106E4BFAC87C9590A6616878B5C90_analysis-12.csv;user-I051911;5;-1402136868;6;true;2.617584005352175;0.0;Infinity;1;B
user-I051911_session-547BFC0A9BECA12855B0C21A1D028732A75106E4BFAC87C9590A6616878B5C90_analysis-12.csv;user-I051911;5;-2035989304;6;true;-0.5565769078121621;0.0;Infinity;1;B
user-I051911_session-547BFC0A9BECA12855B0C21A1D028732A75106E4BFAC87C9590A6616878B5C90_analysis-12.csv;user-I051911;5;1139571365;7;true;-0.5565769078121621;0.0;Infinity;1;B
user-I051911_session-547BFC0A9BECA12855B0C21A1D028732A75106E4BFAC87C9590A6616878B5C90_analysis-12.csv;user-I051911;5;-392806937;5;true;-0.43449379576737984;0.0;Infinity;1;B
user-I051911_session-547BFC0A9BECA12855B0C21A1D028732A75106E4BFAC87C9590A6616878B5C90_analysis-12.csv;user-I051911;5;1581333858;6;true;-0.45891041817633627;0.0;Infinity;1;B
user-I051911_session-547BFC0A9BECA12855B0C21A1D028732A75106E4BFAC87C9590A6616878B5C90_analysis-12.csv;user-I051911;5;1455480708;6;true;-0.5565769078121621;0.0;Infinity;1;B
user-I051911_session-547BFC0A9BECA12855B0C21A1D028732A75106E4BFAC87C9590A6616878B5C90_analysis-12.csv;user-I051911;5;1247360923;5;true;-0.5809935302211184;0.0;Infinity;1;B
user-I051911_session-547BFC0A9BECA12855B0C21A1D028732A75106E4BFAC87C9590A6616878B5C90_analysis-12.csv;user-I051911;5;1517224134;6;true;-0.43449379576737984;0.0;Infinity;1;B
user-I051911_session-547BFC0A9BECA12855B0C21A1D028732A75106E4BFAC87C9590A6616878B5C90_analysis-12.csv;user-I051911;5;-129792108;6;true;-0.4100771733584234;0.0;Infinity;1;B
user-I051911_session-547BFC0A9BECA12855B0C21A1D028732A75106E4BFAC87C9590A6616878B5C90_analysis-12.csv;user-I051911;5;851012736;6;true;-0.5321602854032056;0.0;Infinity;1;B
user-I051911_session-547BFC0A9BECA12855B0C21A1D028732A75106E4BFAC87C9590A6616878B5C90_analysis-12.csv;user-I051911;5;37300729;7;true;-0.19032757167781547;0.0;Infinity;1;B
user-I051911_session-547BFC0A9BECA12855B0C21A1D028732A75106E4BFAC87C9590A6616878B5C90_analysis-12.csv;user-I051911;5;-1901588587;7;true;-0.5321602854032056;0.0;Infinity;1;B
user-I051911_session-547BFC0A9BECA12855B0C21A1D028732A75106E4BFAC87C9590A6616878B5C90_analysis-12.csv;user-I051911;5;1652349293;5;true;-0.5809935302211184;0.0;Infinity;1;B
user-I051911_session-547BFC0A9BECA12855B0C21A1D028732A75106E4BFAC87C9590A6616878B5C90_analysis-12.csv;user-I051911;5;1801068421;6;true;-0.1414943268599026;0.0;Infinity;1;B
user-I051911_session-547BFC0A9BECA12855B0C21A1D028732A75106E4BFAC87C9590A6616878B5C90_analysis-12.csv;user-I051911;5;305271405;6;true;-0.04382783722407685;0.0;Infinity;1;B
user-I051911_session-547BFC0A9BECA12855B0C21A1D028732A75106E4BFAC87C9590A6616878B5C90_analysis-12.csv;user-I051911;5;-1923362972;5;true;0.2980048765013133;0.0;Infinity;1;B
user-I051911_session-547BFC0A9BECA12855B0C21A1D028732A75106E4BFAC87C9590A6616878B5C90_analysis-12.csv;user-I051911;5;40993598;5;true;-0.3368273061315541;0.0;Infinity;1;B
user-I051911_session-547BFC0A9BECA12855B0C21A1D028732A75106E4BFAC87C9590A6616878B5C90_analysis-12.csv;user-I051911;5;1431939975;6;true;-0.28799406131364125;0.0;Infinity;1;B
user-I051911_session-547BFC0A9BECA12855B0C21A1D028732A75106E4BFAC87C9590A6616878B5C90_analysis-12.csv;user-I051911;5;1313194465;5;true;-0.5809935302211184;0.0;Infinity;1;B
user-I051911_session-547BFC0A9BECA12855B0C21A1D028732A75106E4BFAC87C9590A6616878B5C90_analysis-12.csv;user-I051911;5;-572117854;4;true;0.029422030002792466;0.0;Infinity;1;B
user-I051911_session-547BFC0A9BECA12855B0C21A1D028732A75106E4BFAC87C9590A6616878B5C90_analysis-12.csv;user-I051911;5;774382301;6;true;2.080418312355133;0.0;Infinity;1;B
user-I051911_session-547BFC0A9BECA12855B0C21A1D028732A75106E4BFAC87C9590A6616878B5C90_analysis-12.csv;user-I051911;5;2107835615;5;true;-0.5809935302211184;0.0;Infinity;1;B
user-I051911_session-547BFC0A9BECA12855B0C21A1D028732A75106E4BFAC87C9590A6616878B5C90_analysis-12.csv;user-I051911;5;-106393702;5;true;-0.23916081649572835;0.0;Infinity;1;B
user-I051911_session-547BFC0A9BECA12855B0C21A1D028732A75106E4BFAC87C9590A6616878B5C90_analysis-12.csv;user-I051911;5;1924850819;6;true;-0.385660550949467;0.0;Infinity;1;B
user-I051911_session-547BFC0A9BECA12855B0C21A1D028732A75106E4BFAC87C9590A6616878B5C90_analysis-12.csv;user-I051911;5;422896172;6;true;-0.5565769078121621;0.0;Infinity;1;B
user-I051911_session-547BFC0A9BECA12855B0C21A1D028732A75106E4BFAC87C9590A6616878B5C90_analysis-12.csv;user-I051911;5;-1694563723;5;true;2.8129169846238264;0.0;Infinity;1;B
user-I051911_session-547BFC0A9BECA12855B0C21A1D028732A75106E4BFAC87C9590A6616878B5C90_analysis-12.csv;user-I051911;5;1103521969;5;true;-0.28799406131364125;0.0;Infinity;1;B
user-I051911_session-547BFC0A9BECA12855B0C21A1D028732A75106E4BFAC87C9590A6616878B5C90_analysis-12.csv;user-I051911;5;962036955;5;true;-0.48332704058529274;0.0;Infinity;1;B
user-I051911_session-547BFC0A9BECA12855B0C21A1D028732A75106E4BFAC87C9590A6616878B5C90_analysis-12.csv;user-I051911;5;-587283706;7;true;-0.5809935302211184;0.0;Infinity;1;B
user-I051911_session-547BFC0A9BECA12855B0C21A1D028732A75106E4BFAC87C9590A6616878B5C90_analysis-12.csv;user-I051911;5;938301047;5;true;-0.5809935302211184;0.0;Infinity;1;B
user-I051911_session-547BFC0A9BECA12855B0C21A1D028732A75106E4BFAC87C9590A6616878B5C90_analysis-12.csv;user-I051911;5;-1017537136;5;true;-0.45891041817633627;0.0;Infinity;1;B
user-I051911_session-547BFC0A9BECA12855B0C21A1D028732A75106E4BFAC87C9590A6616878B5C90_analysis-12.csv;user-I051911;5;1266641983;5;true;-0.4100771733584234;0.0;Infinity;1;B
user-I051911_session-547BFC0A9BECA12855B0C21A1D028732A75106E4BFAC87C9590A6616878B5C90_analysis-12.csv;user-I051911;5;686676110;5;true;3.325666055211911;0.0;Infinity;1;B
user-I051911_session-547BFC0A9BECA12855B0C21A1D028732A75106E4BFAC87C9590A6616878B5C90_analysis-12.csv;user-I051911;5;-1446387907;5;true;-0.5565769078121621;0.0;Infinity;1;B
user-I051911_session-547BFC0A9BECA12855B0C21A1D028732A75106E4BFAC87C9590A6616878B5C90_analysis-12.csv;user-I051911;5;1090499108;5;true;-0.3368273061315541;0.0;Infinity;1;B
user-I051911_session-547BFC0A9BECA12855B0C21A1D028732A75106E4BFAC87C9590A6616878B5C90_analysis-12.csv;user-I051911;5;-1285071712;6;true;-0.28799406131364125;0.0;Infinity;1;B
user-I051911_session-547BFC0A9BECA12855B0C21A1D028732A75106E4BFAC87C9590A6616878B5C90_analysis-12.csv;user-I051911;5;2133053586;5;true;-0.28799406131364125;0.0;Infinity;1;B
user-I051911_session-547BFC0A9BECA12855B0C21A1D028732A75106E4BFAC87C9590A6616878B5C90_analysis-12.csv;user-I051911;5;-736770322;5;true;-0.5809935302211184;0.0;Infinity;1;B
user-I051911_session-547BFC0A9BECA12855B0C21A1D028732A75106E4BFAC87C9590A6616878B5C90_analysis-12.csv;user-I051911;5;-1713950066;19;true;-0.5809935302211184;0.0;Infinity;1;B
user-I051911_session-547BFC0A9BECA12855B0C21A1D028732A75106E4BFAC87C9590A6616878B5C90_analysis-12.csv;user-I051911;5;-2108686580;6;true;-0.5077436629942491;0.0;Infinity;1;B
user-I051911_session-547BFC0A9BECA12855B0C21A1D028732A75106E4BFAC87C9590A6616878B5C90_analysis-12.csv;user-I051911;5;812561612;7;true;-0.5565769078121621;0.0;Infinity;1;B
user-I051911_session-547BFC0A9BECA12855B0C21A1D028732A75106E4BFAC87C9590A6616878B5C90_analysis-12.csv;user-I051911;5;467066200;5;true;-0.26357743890468477;0.0;Infinity;1;B
user-I051911_session-547BFC0A9BECA12855B0C21A1D028732A75106E4BFAC87C9590A6616878B5C90_analysis-12.csv;user-I051911;5;-841769733;7;true;0.786337324680442;0.0;Infinity;1;B
user-I051911_session-547BFC0A9BECA12855B0C21A1D028732A75106E4BFAC87C9590A6616878B5C90_analysis-12.csv;user-I051911;5;-223438315;6;true;0.4933378557729648;0.0;Infinity;1;B
user-I051911_session-547BFC0A9BECA12855B0C21A1D028732A75106E4BFAC87C9590A6616878B5C90_analysis-12.csv;user-I051911;5;1694387364;5;true;0.9572536815431371;0.0;Infinity;1;B
user-I051911_session-547BFC0A9BECA12855B0C21A1D028732A75106E4BFAC87C9590A6616878B5C90_analysis-12.csv;user-I051911;5;-49230164;5;true;0.12708851963861822;0.0;Infinity;1;B
user-I051911_session-547BFC0A9BECA12855B0C21A1D028732A75106E4BFAC87C9590A6616878B5C90_analysis-12.csv;user-I051911;5;-1115303699;5;true;0.2735882540923568;0.0;Infinity;1;B
user-I051911_session-547BFC0A9BECA12855B0C21A1D028732A75106E4BFAC87C9590A6616878B5C90_analysis-12.csv;user-I051911;5;1239787050;5;true;-0.19032757167781547;0.0;Infinity;1;B
user-I051911_session-547BFC0A9BECA12855B0C21A1D028732A75106E4BFAC87C9590A6616878B5C90_analysis-12.csv;user-I051911;5;-499627926;6;true;-0.5321602854032056;0.0;Infinity;1;B
user-I051911_session-547BFC0A9BECA12855B0C21A1D028732A75106E4BFAC87C9590A6616878B5C90_analysis-12.csv;user-I051911;5;1071467337;5;true;-0.5809935302211184;0.0;Infinity;1;B
user-I051911_session-547BFC0A9BECA12855B0C21A1D028732A75106E4BFAC87C9590A6616878B5C90_analysis-12.csv;user-I051911;5;-38574119;5;true;-0.45891041817633627;0.0;Infinity;1;B
user-I051911_session-547BFC0A9BECA12855B0C21A1D028732A75106E4BFAC87C9590A6616878B5C90_analysis-12.csv;user-I051911;5;-1480001903;6;true;-0.5321602854032056;0.0;Infinity;1;B
user-I051911_session-547BFC0A9BECA12855B0C21A1D028732A75106E4BFAC87C9590A6616878B5C90_analysis-12.csv;user-I051911;5;917690707;5;true;-0.23916081649572835;0.0;Infinity;1;B
user-I051911_session-547BFC0A9BECA12855B0C21A1D028732A75106E4BFAC87C9590A6616878B5C90_analysis-12.csv;user-I051911;5;-1742733670;4;true;0.029422030002792466;0.0;Infinity;1;B
user-I051911_session-547BFC0A9BECA12855B0C21A1D028732A75106E4BFAC87C9590A6616878B5C90_analysis-12.csv;user-I051911;5;156252520;5;true;0.5665877229998341;0.0;Infinity;1;B
user-I051911_session-547BFC0A9BECA12855B0C21A1D028732A75106E4BFAC87C9590A6616878B5C90_analysis-12.csv;user-I051911;5;-1241322168;5;true;-0.5321602854032056;0.0;Infinity;1;B
user-I051911_session-547BFC0A9BECA12855B0C21A1D028732A75106E4BFAC87C9590A6616878B5C90_analysis-12.csv;user-I051911;5;1247432052;5;true;-0.5565769078121621;0.0;Infinity;1;B
user-I051911_session-547BFC0A9BECA12855B0C21A1D028732A75106E4BFAC87C9590A6616878B5C90_analysis-12.csv;user-I051911;5;1145519201;6;true;0.1759217644565311;0.0;Infinity;1;B
user-I051911_session-547BFC0A9BECA12855B0C21A1D028732A75106E4BFAC87C9590A6616878B5C90_analysis-12.csv;user-I051911;5;909091677;7;true;0.029422030002792466;0.0;Infinity;1;B
user-I051911_session-547BFC0A9BECA12855B0C21A1D028732A75106E4BFAC87C9590A6616878B5C90_analysis-12.csv;user-I051911;5;-408636744;7;true;3.1791663207581724;0.0;Infinity;1;B
user-I051911_session-547BFC0A9BECA12855B0C21A1D028732A75106E4BFAC87C9590A6616878B5C90_analysis-12.csv;user-I051911;5;450847803;7;true;-0.43449379576737984;0.0;Infinity;1;B
user-I051911_session-547BFC0A9BECA12855B0C21A1D028732A75106E4BFAC87C9590A6616878B5C90_analysis-12.csv;user-I051911;5;-361145705;5;true;-0.5321602854032056;0.0;Infinity;1;B
user-I051911_session-547BFC0A9BECA12855B0C21A1D028732A75106E4BFAC87C9590A6616878B5C90_analysis-12.csv;user-I051911;5;-382312287;5;true;-0.5809935302211184;0.0;Infinity;1;B
user-I051911_session-547BFC0A9BECA12855B0C21A1D028732A75106E4BFAC87C9590A6616878B5C90_analysis-12.csv;user-I051911;5;1279653064;5;true;1.7630022210386995;0.0;Infinity;1;B
user-I051911_session-547BFC0A9BECA12855B0C21A1D028732A75106E4BFAC87C9590A6616878B5C90_analysis-12.csv;user-I051911;5;597475391;5;true;-0.5565769078121621;0.0;Infinity;1;B
user-I051911_session-547BFC0A9BECA12855B0C21A1D028732A75106E4BFAC87C9590A6616878B5C90_analysis-12.csv;user-I051911;5;1246293967;6;true;-0.5077436629942491;0.0;Infinity;1;B
user-I051911_session-547BFC0A9BECA12855B0C21A1D028732A75106E4BFAC87C9590A6616878B5C90_analysis-12.csv;user-I051911;5;-935158165;5;true;-0.5809935302211184;0.0;Infinity;1;B
user-I051911_session-547BFC0A9BECA12855B0C21A1D028732A75106E4BFAC87C9590A6616878B5C90_analysis-12.csv;user-I051911;5;383455335;7;true;-0.06824445963303329;0.0;Infinity;1;B
user-I051911_session-547BFC0A9BECA12855B0C21A1D028732A75106E4BFAC87C9590A6616878B5C90_analysis-12.csv;user-I051911;5;855363874;7;true;-0.5321602854032056;0.0;Infinity;1;B
user-I051911_session-547BFC0A9BECA12855B0C21A1D028732A75106E4BFAC87C9590A6616878B5C90_analysis-12.csv;user-I051911;5;1938357635;5;true;-0.28799406131364125;0.0;Infinity;1;B
user-I051911_session-547BFC0A9BECA12855B0C21A1D028732A75106E4BFAC87C9590A6616878B5C90_analysis-12.csv;user-I051911;5;-255058545;5;true;-0.5565769078121621;0.0;Infinity;1;B
user-I051911_session-547BFC0A9BECA12855B0C21A1D028732A75106E4BFAC87C9590A6616878B5C90_analysis-12.csv;user-I051911;5;-1506336089;6;true;-0.5565769078121621;0.0;Infinity;1;B
user-I051911_session-547BFC0A9BECA12855B0C21A1D028732A75106E4BFAC87C9590A6616878B5C90_analysis-12.csv;user-I051911;5;2115457304;5;true;-0.5809935302211184;0.0;Infinity;1;B
user-I051911_session-547BFC0A9BECA12855B0C21A1D028732A75106E4BFAC87C9590A6616878B5C90_analysis-12.csv;user-I051911;5;-60504328;5;true;-0.5809935302211184;0.0;Infinity;1;B
user-I051911_session-547BFC0A9BECA12855B0C21A1D028732A75106E4BFAC87C9590A6616878B5C90_analysis-12.csv;user-I051911;5;-972093596;4;true;0.12708851963861822;0.0;Infinity;1;B
user-I051911_session-547BFC0A9BECA12855B0C21A1D028732A75106E4BFAC87C9590A6616878B5C90_analysis-12.csv;user-I051911;5;-1423777249;5;true;-0.4100771733584234;0.0;Infinity;1;B
user-I051911_session-547BFC0A9BECA12855B0C21A1D028732A75106E4BFAC87C9590A6616878B5C90_analysis-12.csv;user-I051911;5;-271753682;6;true;-0.5077436629942491;0.0;Infinity;1;B
user-I051911_session-547BFC0A9BECA12855B0C21A1D028732A75106E4BFAC87C9590A6616878B5C90_analysis-12.csv;user-I051911;5;676138051;6;true;1.4944193745401788;0.0;Infinity;1;B
user-I051911_session-547BFC0A9BECA12855B0C21A1D028732A75106E4BFAC87C9590A6616878B5C90_analysis-12.csv;user-I051911;5;967309465;5;true;-0.5077436629942491;0.0;Infinity;1;B
user-I051911_session-547BFC0A9BECA12855B0C21A1D028732A75106E4BFAC87C9590A6616878B5C90_analysis-12.csv;user-I051911;5;-1557548911;5;true;-0.19032757167781547;0.0;Infinity;1;B
user-I051911_session-547BFC0A9BECA12855B0C21A1D028732A75106E4BFAC87C9590A6616878B5C90_analysis-12.csv;user-I051911;5;-1957977069;4;true;-0.26357743890468477;0.0;Infinity;1;B
user-I051911_session-547BFC0A9BECA12855B0C21A1D028732A75106E4BFAC87C9590A6616878B5C90_analysis-12.csv;user-I051911;5;2008755398;5;true;-0.43449379576737984;0.0;Infinity;1;B
user-I051911_session-547BFC0A9BECA12855B0C21A1D028732A75106E4BFAC87C9590A6616878B5C90_analysis-12.csv;user-I051911;5;-552547292;5;true;-0.19032757167781547;0.0;Infinity;1;B
user-I051911_session-547BFC0A9BECA12855B0C21A1D028732A75106E4BFAC87C9590A6616878B5C90_analysis-12.csv;user-I051911;5;-1807630794;5;true;0.5421711005908777;0.0;Infinity;1;B
user-I051911_session-547BFC0A9BECA12855B0C21A1D028732A75106E4BFAC87C9590A6616878B5C90_analysis-12.csv;user-I051911;5;-1752994002;5;true;-0.5809935302211184;0.0;Infinity;1;B
user-I051911_session-547BFC0A9BECA12855B0C21A1D028732A75106E4BFAC87C9590A6616878B5C90_analysis-12.csv;user-I051911;5;1341718242;5;true;-0.5321602854032056;0.0;Infinity;1;B
user-I051911_session-547BFC0A9BECA12855B0C21A1D028732A75106E4BFAC87C9590A6616878B5C90_analysis-12.csv;user-I051911;5;783539509;5;true;-0.5077436629942491;0.0;Infinity;1;B
user-I051911_session-547BFC0A9BECA12855B0C21A1D028732A75106E4BFAC87C9590A6616878B5C90_analysis-12.csv;user-I051911;5;-1107645779;6;true;0.05383865241174891;0.0;Infinity;1;B
user-I051911_session-547BFC0A9BECA12855B0C21A1D028732A75106E4BFAC87C9590A6616878B5C90_analysis-12.csv;user-I051911;5;1022623765;5;true;0.7130874574535727;0.0;Infinity;1;B
user-I051911_session-547BFC0A9BECA12855B0C21A1D028732A75106E4BFAC87C9590A6616878B5C90_analysis-12.csv;user-I051911;5;729531683;5;true;-0.5809935302211184;0.0;Infinity;1;B
user-I051911_session-547BFC0A9BECA12855B0C21A1D028732A75106E4BFAC87C9590A6616878B5C90_analysis-12.csv;user-I051911;5;1579028848;5;true;-0.26357743890468477;0.0;Infinity;1;B
user-I051911_session-547BFC0A9BECA12855B0C21A1D028732A75106E4BFAC87C9590A6616878B5C90_analysis-12.csv;user-I051911;5;7222879;6;true;-0.45891041817633627;0.0;Infinity;1;B
user-I051911_session-547BFC0A9BECA12855B0C21A1D028732A75106E4BFAC87C9590A6616878B5C90_analysis-12.csv;user-I051911;5;42548235;5;true;-0.5809935302211184;0.0;Infinity;1;B
user-I051911_session-547BFC0A9BECA12855B0C21A1D028732A75106E4BFAC87C9590A6616878B5C90_analysis-12.csv;user-I051911;5;-542627125;5;true;-0.5321602854032056;0.0;Infinity;1;B
user-I051911_session-547BFC0A9BECA12855B0C21A1D028732A75106E4BFAC87C9590A6616878B5C90_analysis-12.csv;user-I051911;5;-2045534698;6;true;-0.48332704058529274;0.0;Infinity;1;B
user-I051911_session-547BFC0A9BECA12855B0C21A1D028732A75106E4BFAC87C9590A6616878B5C90_analysis-12.csv;user-I051911;5;560502383;6;true;-0.45891041817633627;0.0;Infinity;1;B
user-I051911_session-547BFC0A9BECA12855B0C21A1D028732A75106E4BFAC87C9590A6616878B5C90_analysis-12.csv;user-I051911;5;1008745043;6;true;-0.5809935302211184;0.0;Infinity;1;B
user-I051911_session-547BFC0A9BECA12855B0C21A1D028732A75106E4BFAC87C9590A6616878B5C90_analysis-12.csv;user-I051911;5;681978894;6;true;-0.5809935302211184;0.0;Infinity;1;B
user-I051911_session-547BFC0A9BECA12855B0C21A1D028732A75106E4BFAC87C9590A6616878B5C90_analysis-12.csv;user-I051911;5;-2084834865;5;true;-0.48332704058529274;0.0;Infinity;1;B
user-I051911_session-547BFC0A9BECA12855B0C21A1D028732A75106E4BFAC87C9590A6616878B5C90_analysis-12.csv;user-I051911;5;938749042;5;true;-0.5809935302211184;0.0;Infinity;1;B
user-I051911_session-547BFC0A9BECA12855B0C21A1D028732A75106E4BFAC87C9590A6616878B5C90_analysis-12.csv;user-I051911;5;1743740756;5;true;-0.5565769078121621;0.0;Infinity;1;B
user-I051911_session-547BFC0A9BECA12855B0C21A1D028732A75106E4BFAC87C9590A6616878B5C90_analysis-12.csv;user-I051911;5;-291203920;5;true;1.2258365280416579;0.0;Infinity;1;B
user-I051911_session-547BFC0A9BECA12855B0C21A1D028732A75106E4BFAC87C9590A6616878B5C90_analysis-12.csv;user-I051911;5;609935037;6;true;0.2491716316834004;0.0;Infinity;1;B
user-I051911_session-547BFC0A9BECA12855B0C21A1D028732A75106E4BFAC87C9590A6616878B5C90_analysis-12.csv;user-I051911;5;-298050999;7;true;2.3734177812626105;0.0;Infinity;1;B
user-I051911_session-547BFC0A9BECA12855B0C21A1D028732A75106E4BFAC87C9590A6616878B5C90_analysis-12.csv;user-I051911;5;1906086653;6;true;0.786337324680442;0.0;Infinity;1;B
user-I051911_session-547BFC0A9BECA12855B0C21A1D028732A75106E4BFAC87C9590A6616878B5C90_analysis-12.csv;user-I051911;5;1450181927;6;true;-0.43449379576737984;0.0;Infinity;1;B
user-I051911_session-547BFC0A9BECA12855B0C21A1D028732A75106E4BFAC87C9590A6616878B5C90_analysis-12.csv;user-I051911;5;-1844253153;6;true;0.4445046109550519;0.0;Infinity;1;B
