session ;user;query position;cell hashcode;cell computation time;novelty;outlierness;relevance;surprise;query label;session label
user-a_session-3C604A43A349CDC4130E5F83A8625EE6C83A2283F66A05BD44300AE9E67250DE_analysis-3.csv;user-a;1;-1716324496;4;true;1.1015541199105257;0.0;Infinity;1;B
user-a_session-3C604A43A349CDC4130E5F83A8625EE6C83A2283F66A05BD44300AE9E67250DE_analysis-3.csv;user-a;1;-1094907858;3;true;-0.6460397994104414;0.0;Infinity;1;B
user-a_session-3C604A43A349CDC4130E5F83A8625EE6C83A2283F66A05BD44300AE9E67250DE_analysis-3.csv;user-a;1;-657987788;4;true;0.5676875111116866;0.0;Infinity;1;B
user-a_session-3C604A43A349CDC4130E5F83A8625EE6C83A2283F66A05BD44300AE9E67250DE_analysis-3.csv;user-a;1;-1009694579;4;true;-1.0232018316117708;0.0;Infinity;1;B
user-a_session-3C604A43A349CDC4130E5F83A8625EE6C83A2283F66A05BD44300AE9E67250DE_analysis-3.csv;user-a;2;-228550523;5;true;-0.7071067811865476;0.0;Infinity;1;B
user-a_session-3C604A43A349CDC4130E5F83A8625EE6C83A2283F66A05BD44300AE9E67250DE_analysis-3.csv;user-a;2;-1286887231;3;true;0.7071067811865476;0.0;Infinity;1;B
user-a_session-3C604A43A349CDC4130E5F83A8625EE6C83A2283F66A05BD44300AE9E67250DE_analysis-3.csv;user-a;3;864194455;3;true;1.1056223047072011;0.0;Infinity;1;B
user-a_session-3C604A43A349CDC4130E5F83A8625EE6C83A2283F66A05BD44300AE9E67250DE_analysis-3.csv;user-a;3;1922531163;3;true;0.5294554466163226;0.0;Infinity;1;B
user-a_session-3C604A43A349CDC4130E5F83A8625EE6C83A2283F66A05BD44300AE9E67250DE_analysis-3.csv;user-a;3;1570824372;3;true;-1.1008555032585654;0.0;Infinity;1;B
user-a_session-3C604A43A349CDC4130E5F83A8625EE6C83A2283F66A05BD44300AE9E67250DE_analysis-3.csv;user-a;3;1485611093;6;true;-0.5342222480649583;0.0;Infinity;1;B
user-a_session-3C604A43A349CDC4130E5F83A8625EE6C83A2283F66A05BD44300AE9E67250DE_analysis-3.csv;user-a;4;-1234309182;3;true;NaN;0.0;Infinity;1;B
user-a_session-3C604A43A349CDC4130E5F83A8625EE6C83A2283F66A05BD44300AE9E67250DE_analysis-3.csv;user-a;5;-1553953416;8;true;-1.1215848163988764;0.0;Infinity;0;B
user-a_session-3C604A43A349CDC4130E5F83A8625EE6C83A2283F66A05BD44300AE9E67250DE_analysis-3.csv;user-a;5;710332475;9;true;0.5426238755766211;0.0;Infinity;0;B
user-a_session-3C604A43A349CDC4130E5F83A8625EE6C83A2283F66A05BD44300AE9E67250DE_analysis-3.csv;user-a;5;646252038;3;true;0.40659466313620507;0.0;Infinity;0;B
user-a_session-3C604A43A349CDC4130E5F83A8625EE6C83A2283F66A05BD44300AE9E67250DE_analysis-3.csv;user-a;5;-1626915667;3;true;1.381121522308383;0.0;Infinity;0;B
user-a_session-3C604A43A349CDC4130E5F83A8625EE6C83A2283F66A05BD44300AE9E67250DE_analysis-3.csv;user-a;5;-1695043510;4;true;-0.0368186698214545;0.0;Infinity;0;B
user-a_session-3C604A43A349CDC4130E5F83A8625EE6C83A2283F66A05BD44300AE9E67250DE_analysis-3.csv;user-a;5;-1483608130;4;true;-1.1719365748008785;0.0;Infinity;0;B
user-a_session-3C604A43A349CDC4130E5F83A8625EE6C83A2283F66A05BD44300AE9E67250DE_analysis-3.csv;user-a;6;-1553953416;5;true;-1.1215848163988764;0.0;Infinity;0;B
user-a_session-3C604A43A349CDC4130E5F83A8625EE6C83A2283F66A05BD44300AE9E67250DE_analysis-3.csv;user-a;6;710332475;5;true;0.5426238755766211;0.0;Infinity;0;B
user-a_session-3C604A43A349CDC4130E5F83A8625EE6C83A2283F66A05BD44300AE9E67250DE_analysis-3.csv;user-a;6;646252038;5;true;0.40659466313620507;0.0;Infinity;0;B
user-a_session-3C604A43A349CDC4130E5F83A8625EE6C83A2283F66A05BD44300AE9E67250DE_analysis-3.csv;user-a;6;-1626915667;6;true;1.381121522308383;0.0;Infinity;0;B
user-a_session-3C604A43A349CDC4130E5F83A8625EE6C83A2283F66A05BD44300AE9E67250DE_analysis-3.csv;user-a;6;-1695043510;5;true;-0.0368186698214545;0.0;Infinity;0;B
user-a_session-3C604A43A349CDC4130E5F83A8625EE6C83A2283F66A05BD44300AE9E67250DE_analysis-3.csv;user-a;6;-1483608130;5;true;-1.1719365748008785;0.0;Infinity;0;B
user-a_session-3C604A43A349CDC4130E5F83A8625EE6C83A2283F66A05BD44300AE9E67250DE_analysis-3.csv;user-a;7;4784574;6;true;0.5500351848249309;0.0;Infinity;0;B
user-a_session-3C604A43A349CDC4130E5F83A8625EE6C83A2283F66A05BD44300AE9E67250DE_analysis-3.csv;user-a;7;-1642252051;5;true;-0.5270529405680935;0.0;Infinity;0;B
user-a_session-3C604A43A349CDC4130E5F83A8625EE6C83A2283F66A05BD44300AE9E67250DE_analysis-3.csv;user-a;7;-2104174570;4;true;-0.5395581909427817;0.0;Infinity;0;B
user-a_session-3C604A43A349CDC4130E5F83A8625EE6C83A2283F66A05BD44300AE9E67250DE_analysis-3.csv;user-a;7;-1642270936;5;true;1.8055958935855685;0.0;Infinity;0;B
user-a_session-3C604A43A349CDC4130E5F83A8625EE6C83A2283F66A05BD44300AE9E67250DE_analysis-3.csv;user-a;7;1120371441;4;true;-0.7816061243696318;0.0;Infinity;0;B
user-a_session-3C604A43A349CDC4130E5F83A8625EE6C83A2283F66A05BD44300AE9E67250DE_analysis-3.csv;user-a;7;-1642259514;5;true;-0.5074138225299927;0.0;Infinity;0;B
