session ;user;query position;cell hashcode;cell computation time;novelty;outlierness;relevance;surprise;query label;session label
user-I072507_session-F043B57DC27CD5351F4A04F235EF7934EE1AF057E1FE9AB3350C0712A46AA23F_analysis-3.csv;user-I072507;1;-1645642369;20;true;2.0132237368826345;0.0;Infinity;0;A
user-I072507_session-F043B57DC27CD5351F4A04F235EF7934EE1AF057E1FE9AB3350C0712A46AA23F_analysis-3.csv;user-I072507;1;1959132295;6;true;1.0040879931630609;0.0;Infinity;0;A
user-I072507_session-F043B57DC27CD5351F4A04F235EF7934EE1AF057E1FE9AB3350C0712A46AA23F_analysis-3.csv;user-I072507;1;385039036;7;true;-0.6713884937964821;0.0;Infinity;0;A
user-I072507_session-F043B57DC27CD5351F4A04F235EF7934EE1AF057E1FE9AB3350C0712A46AA23F_analysis-3.csv;user-I072507;1;-1709703921;8;true;-0.10485383338845913;0.0;Infinity;0;A
user-I072507_session-F043B57DC27CD5351F4A04F235EF7934EE1AF057E1FE9AB3350C0712A46AA23F_analysis-3.csv;user-I072507;1;1052919571;10;true;-0.9046209383535668;0.0;Infinity;0;A
user-I072507_session-F043B57DC27CD5351F4A04F235EF7934EE1AF057E1FE9AB3350C0712A46AA23F_analysis-3.csv;user-I072507;1;2102439832;10;true;-0.7903119901167142;0.0;Infinity;0;A
user-I072507_session-F043B57DC27CD5351F4A04F235EF7934EE1AF057E1FE9AB3350C0712A46AA23F_analysis-3.csv;user-I072507;1;-1709711384;13;true;-0.043150733302130345;0.0;Infinity;0;A
user-I072507_session-F043B57DC27CD5351F4A04F235EF7934EE1AF057E1FE9AB3350C0712A46AA23F_analysis-3.csv;user-I072507;1;455384322;10;true;-0.9607865807398405;0.0;Infinity;0;A
user-I072507_session-F043B57DC27CD5351F4A04F235EF7934EE1AF057E1FE9AB3350C0712A46AA23F_analysis-3.csv;user-I072507;1;312076785;8;true;1.9043204021148834;0.0;Infinity;0;A
user-I072507_session-F043B57DC27CD5351F4A04F235EF7934EE1AF057E1FE9AB3350C0712A46AA23F_analysis-3.csv;user-I072507;1;2032094546;8;true;-0.9878146480853477;0.0;Infinity;0;A
user-I072507_session-F043B57DC27CD5351F4A04F235EF7934EE1AF057E1FE9AB3350C0712A46AA23F_analysis-3.csv;user-I072507;1;1891004452;8;true;0.035164739884363874;0.0;Infinity;0;A
user-I072507_session-F043B57DC27CD5351F4A04F235EF7934EE1AF057E1FE9AB3350C0712A46AA23F_analysis-3.csv;user-I072507;1;243948942;8;true;0.2854050902344751;0.0;Infinity;0;A
user-I072507_session-F043B57DC27CD5351F4A04F235EF7934EE1AF057E1FE9AB3350C0712A46AA23F_analysis-3.csv;user-I072507;1;1413141;15;true;-0.6351313302842163;0.0;Infinity;0;A
user-I072507_session-F043B57DC27CD5351F4A04F235EF7934EE1AF057E1FE9AB3350C0712A46AA23F_analysis-3.csv;user-I072507;1;2123340856;11;true;-0.14414341421265994;0.0;Infinity;0;A
