session ;user;query position;cell hashcode;cell computation time;novelty;outlierness;relevance;surprise;query label;session label
user-I316785_session-0001BDAD11490DEA53791D77A9DD35BBD6DDA9EC2E01D78617538C4CBBFE4521_analysis-7.csv;user-I316785;1;-1120503911;3;true;-0.15217764656008037;0.0;Infinity;0;B
user-I316785_session-0001BDAD11490DEA53791D77A9DD35BBD6DDA9EC2E01D78617538C4CBBFE4521_analysis-7.csv;user-I316785;1;-943318421;2;true;0.042324851738389443;0.0;Infinity;0;B
user-I316785_session-0001BDAD11490DEA53791D77A9DD35BBD6DDA9EC2E01D78617538C4CBBFE4521_analysis-7.csv;user-I316785;1;-728483002;2;true;-1.4026980077230053;0.0;Infinity;0;B
user-I316785_session-0001BDAD11490DEA53791D77A9DD35BBD6DDA9EC2E01D78617538C4CBBFE4521_analysis-7.csv;user-I316785;1;-1666786583;3;true;1.574772831660648;0.0;Infinity;0;B
user-I316785_session-0001BDAD11490DEA53791D77A9DD35BBD6DDA9EC2E01D78617538C4CBBFE4521_analysis-7.csv;user-I316785;1;-1627985141;3;true;0.8076926507722815;0.0;Infinity;0;B
user-I316785_session-0001BDAD11490DEA53791D77A9DD35BBD6DDA9EC2E01D78617538C4CBBFE4521_analysis-7.csv;user-I316785;1;-481075126;3;true;0.07952902312349465;0.0;Infinity;0;B
user-I316785_session-0001BDAD11490DEA53791D77A9DD35BBD6DDA9EC2E01D78617538C4CBBFE4521_analysis-7.csv;user-I316785;1;1781502284;3;true;1.8374896664900966;0.0;Infinity;0;B
user-I316785_session-0001BDAD11490DEA53791D77A9DD35BBD6DDA9EC2E01D78617538C4CBBFE4521_analysis-7.csv;user-I316785;1;-1464537009;2;true;-0.8491705732641369;0.0;Infinity;0;B
user-I316785_session-0001BDAD11490DEA53791D77A9DD35BBD6DDA9EC2E01D78617538C4CBBFE4521_analysis-7.csv;user-I316785;1;-78583711;2;true;-1.043900497277654;0.0;Infinity;0;B
user-I316785_session-0001BDAD11490DEA53791D77A9DD35BBD6DDA9EC2E01D78617538C4CBBFE4521_analysis-7.csv;user-I316785;1;-1927930493;3;true;0.7705018573704144;0.0;Infinity;0;B
user-I316785_session-0001BDAD11490DEA53791D77A9DD35BBD6DDA9EC2E01D78617538C4CBBFE4521_analysis-7.csv;user-I316785;1;605351513;3;true;-0.4933964870305922;0.0;Infinity;0;B
user-I316785_session-0001BDAD11490DEA53791D77A9DD35BBD6DDA9EC2E01D78617538C4CBBFE4521_analysis-7.csv;user-I316785;1;396611947;3;true;-0.30352277093249863;0.0;Infinity;0;B
user-I316785_session-0001BDAD11490DEA53791D77A9DD35BBD6DDA9EC2E01D78617538C4CBBFE4521_analysis-7.csv;user-I316785;1;496368243;2;true;-0.8674448983673565;0.0;Infinity;0;B
user-I316785_session-0001BDAD11490DEA53791D77A9DD35BBD6DDA9EC2E01D78617538C4CBBFE4521_analysis-7.csv;user-I316785;2;-1120503911;3;true;-0.15217764656008037;0.0;Infinity;0;B
user-I316785_session-0001BDAD11490DEA53791D77A9DD35BBD6DDA9EC2E01D78617538C4CBBFE4521_analysis-7.csv;user-I316785;2;-943318421;2;true;0.042324851738389443;0.0;Infinity;0;B
user-I316785_session-0001BDAD11490DEA53791D77A9DD35BBD6DDA9EC2E01D78617538C4CBBFE4521_analysis-7.csv;user-I316785;2;-728483002;3;true;-1.4026980077230053;0.0;Infinity;0;B
user-I316785_session-0001BDAD11490DEA53791D77A9DD35BBD6DDA9EC2E01D78617538C4CBBFE4521_analysis-7.csv;user-I316785;2;-1666786583;3;true;1.574772831660648;0.0;Infinity;0;B
user-I316785_session-0001BDAD11490DEA53791D77A9DD35BBD6DDA9EC2E01D78617538C4CBBFE4521_analysis-7.csv;user-I316785;2;-1627985141;3;true;0.8076926507722815;0.0;Infinity;0;B
user-I316785_session-0001BDAD11490DEA53791D77A9DD35BBD6DDA9EC2E01D78617538C4CBBFE4521_analysis-7.csv;user-I316785;2;-481075126;3;true;0.07952902312349465;0.0;Infinity;0;B
user-I316785_session-0001BDAD11490DEA53791D77A9DD35BBD6DDA9EC2E01D78617538C4CBBFE4521_analysis-7.csv;user-I316785;2;1781502284;2;true;1.8374896664900966;0.0;Infinity;0;B
user-I316785_session-0001BDAD11490DEA53791D77A9DD35BBD6DDA9EC2E01D78617538C4CBBFE4521_analysis-7.csv;user-I316785;2;-1464537009;3;true;-0.8491705732641369;0.0;Infinity;0;B
user-I316785_session-0001BDAD11490DEA53791D77A9DD35BBD6DDA9EC2E01D78617538C4CBBFE4521_analysis-7.csv;user-I316785;2;-78583711;3;true;-1.043900497277654;0.0;Infinity;0;B
user-I316785_session-0001BDAD11490DEA53791D77A9DD35BBD6DDA9EC2E01D78617538C4CBBFE4521_analysis-7.csv;user-I316785;2;-1927930493;4;true;0.7705018573704144;0.0;Infinity;0;B
user-I316785_session-0001BDAD11490DEA53791D77A9DD35BBD6DDA9EC2E01D78617538C4CBBFE4521_analysis-7.csv;user-I316785;2;605351513;3;true;-0.4933964870305922;0.0;Infinity;0;B
user-I316785_session-0001BDAD11490DEA53791D77A9DD35BBD6DDA9EC2E01D78617538C4CBBFE4521_analysis-7.csv;user-I316785;2;396611947;3;true;-0.30352277093249863;0.0;Infinity;0;B
user-I316785_session-0001BDAD11490DEA53791D77A9DD35BBD6DDA9EC2E01D78617538C4CBBFE4521_analysis-7.csv;user-I316785;2;496368243;3;true;-0.8674448983673565;0.0;Infinity;0;B
user-I316785_session-0001BDAD11490DEA53791D77A9DD35BBD6DDA9EC2E01D78617538C4CBBFE4521_analysis-7.csv;user-I316785;3;-1120503911;3;true;-0.15217764656008037;0.0;Infinity;0;B
user-I316785_session-0001BDAD11490DEA53791D77A9DD35BBD6DDA9EC2E01D78617538C4CBBFE4521_analysis-7.csv;user-I316785;3;-943318421;3;true;0.042324851738389443;0.0;Infinity;0;B
user-I316785_session-0001BDAD11490DEA53791D77A9DD35BBD6DDA9EC2E01D78617538C4CBBFE4521_analysis-7.csv;user-I316785;3;-728483002;3;true;-1.4026980077230053;0.0;Infinity;0;B
user-I316785_session-0001BDAD11490DEA53791D77A9DD35BBD6DDA9EC2E01D78617538C4CBBFE4521_analysis-7.csv;user-I316785;3;-1666786583;3;true;1.574772831660648;0.0;Infinity;0;B
user-I316785_session-0001BDAD11490DEA53791D77A9DD35BBD6DDA9EC2E01D78617538C4CBBFE4521_analysis-7.csv;user-I316785;3;-1627985141;3;true;0.8076926507722815;0.0;Infinity;0;B
user-I316785_session-0001BDAD11490DEA53791D77A9DD35BBD6DDA9EC2E01D78617538C4CBBFE4521_analysis-7.csv;user-I316785;3;-481075126;3;true;0.07952902312349465;0.0;Infinity;0;B
user-I316785_session-0001BDAD11490DEA53791D77A9DD35BBD6DDA9EC2E01D78617538C4CBBFE4521_analysis-7.csv;user-I316785;3;1781502284;3;true;1.8374896664900966;0.0;Infinity;0;B
user-I316785_session-0001BDAD11490DEA53791D77A9DD35BBD6DDA9EC2E01D78617538C4CBBFE4521_analysis-7.csv;user-I316785;3;-1464537009;2;true;-0.8491705732641369;0.0;Infinity;0;B
user-I316785_session-0001BDAD11490DEA53791D77A9DD35BBD6DDA9EC2E01D78617538C4CBBFE4521_analysis-7.csv;user-I316785;3;-78583711;3;true;-1.043900497277654;0.0;Infinity;0;B
user-I316785_session-0001BDAD11490DEA53791D77A9DD35BBD6DDA9EC2E01D78617538C4CBBFE4521_analysis-7.csv;user-I316785;3;-1927930493;3;true;0.7705018573704144;0.0;Infinity;0;B
user-I316785_session-0001BDAD11490DEA53791D77A9DD35BBD6DDA9EC2E01D78617538C4CBBFE4521_analysis-7.csv;user-I316785;3;605351513;5;true;-0.4933964870305922;0.0;Infinity;0;B
user-I316785_session-0001BDAD11490DEA53791D77A9DD35BBD6DDA9EC2E01D78617538C4CBBFE4521_analysis-7.csv;user-I316785;3;396611947;3;true;-0.30352277093249863;0.0;Infinity;0;B
user-I316785_session-0001BDAD11490DEA53791D77A9DD35BBD6DDA9EC2E01D78617538C4CBBFE4521_analysis-7.csv;user-I316785;3;496368243;3;true;-0.8674448983673565;0.0;Infinity;0;B
user-I316785_session-0001BDAD11490DEA53791D77A9DD35BBD6DDA9EC2E01D78617538C4CBBFE4521_analysis-7.csv;user-I316785;4;-1120503911;3;true;-0.15217764656008037;0.0;Infinity;0;B
user-I316785_session-0001BDAD11490DEA53791D77A9DD35BBD6DDA9EC2E01D78617538C4CBBFE4521_analysis-7.csv;user-I316785;4;-943318421;3;true;0.042324851738389443;0.0;Infinity;0;B
user-I316785_session-0001BDAD11490DEA53791D77A9DD35BBD6DDA9EC2E01D78617538C4CBBFE4521_analysis-7.csv;user-I316785;4;-728483002;4;true;-1.4026980077230053;0.0;Infinity;0;B
user-I316785_session-0001BDAD11490DEA53791D77A9DD35BBD6DDA9EC2E01D78617538C4CBBFE4521_analysis-7.csv;user-I316785;4;-1666786583;3;true;1.574772831660648;0.0;Infinity;0;B
user-I316785_session-0001BDAD11490DEA53791D77A9DD35BBD6DDA9EC2E01D78617538C4CBBFE4521_analysis-7.csv;user-I316785;4;-1627985141;3;true;0.8076926507722815;0.0;Infinity;0;B
user-I316785_session-0001BDAD11490DEA53791D77A9DD35BBD6DDA9EC2E01D78617538C4CBBFE4521_analysis-7.csv;user-I316785;4;-481075126;4;true;0.07952902312349465;0.0;Infinity;0;B
user-I316785_session-0001BDAD11490DEA53791D77A9DD35BBD6DDA9EC2E01D78617538C4CBBFE4521_analysis-7.csv;user-I316785;4;1781502284;2;true;1.8374896664900966;0.0;Infinity;0;B
user-I316785_session-0001BDAD11490DEA53791D77A9DD35BBD6DDA9EC2E01D78617538C4CBBFE4521_analysis-7.csv;user-I316785;4;-1464537009;2;true;-0.8491705732641369;0.0;Infinity;0;B
user-I316785_session-0001BDAD11490DEA53791D77A9DD35BBD6DDA9EC2E01D78617538C4CBBFE4521_analysis-7.csv;user-I316785;4;-78583711;3;true;-1.043900497277654;0.0;Infinity;0;B
user-I316785_session-0001BDAD11490DEA53791D77A9DD35BBD6DDA9EC2E01D78617538C4CBBFE4521_analysis-7.csv;user-I316785;4;-1927930493;3;true;0.7705018573704144;0.0;Infinity;0;B
user-I316785_session-0001BDAD11490DEA53791D77A9DD35BBD6DDA9EC2E01D78617538C4CBBFE4521_analysis-7.csv;user-I316785;4;605351513;6;true;-0.4933964870305922;0.0;Infinity;0;B
user-I316785_session-0001BDAD11490DEA53791D77A9DD35BBD6DDA9EC2E01D78617538C4CBBFE4521_analysis-7.csv;user-I316785;4;396611947;4;true;-0.30352277093249863;0.0;Infinity;0;B
user-I316785_session-0001BDAD11490DEA53791D77A9DD35BBD6DDA9EC2E01D78617538C4CBBFE4521_analysis-7.csv;user-I316785;4;496368243;6;true;-0.8674448983673565;0.0;Infinity;0;B
user-I316785_session-0001BDAD11490DEA53791D77A9DD35BBD6DDA9EC2E01D78617538C4CBBFE4521_analysis-7.csv;user-I316785;5;-1120503911;3;true;-0.15217764656008037;1.0;Infinity;1;B
user-I316785_session-0001BDAD11490DEA53791D77A9DD35BBD6DDA9EC2E01D78617538C4CBBFE4521_analysis-7.csv;user-I316785;5;-943318421;3;true;0.042324851738389443;1.0;Infinity;1;B
user-I316785_session-0001BDAD11490DEA53791D77A9DD35BBD6DDA9EC2E01D78617538C4CBBFE4521_analysis-7.csv;user-I316785;5;-728483002;3;true;-1.4026980077230053;1.0;Infinity;1;B
user-I316785_session-0001BDAD11490DEA53791D77A9DD35BBD6DDA9EC2E01D78617538C4CBBFE4521_analysis-7.csv;user-I316785;5;-1666786583;3;true;1.574772831660648;1.0;Infinity;1;B
user-I316785_session-0001BDAD11490DEA53791D77A9DD35BBD6DDA9EC2E01D78617538C4CBBFE4521_analysis-7.csv;user-I316785;5;-1627985141;3;true;0.8076926507722815;1.0;Infinity;1;B
user-I316785_session-0001BDAD11490DEA53791D77A9DD35BBD6DDA9EC2E01D78617538C4CBBFE4521_analysis-7.csv;user-I316785;5;-481075126;2;true;0.07952902312349465;1.0;Infinity;1;B
user-I316785_session-0001BDAD11490DEA53791D77A9DD35BBD6DDA9EC2E01D78617538C4CBBFE4521_analysis-7.csv;user-I316785;5;1781502284;3;true;1.8374896664900966;1.0;Infinity;1;B
user-I316785_session-0001BDAD11490DEA53791D77A9DD35BBD6DDA9EC2E01D78617538C4CBBFE4521_analysis-7.csv;user-I316785;5;-1464537009;3;true;-0.8491705732641369;1.0;Infinity;1;B
user-I316785_session-0001BDAD11490DEA53791D77A9DD35BBD6DDA9EC2E01D78617538C4CBBFE4521_analysis-7.csv;user-I316785;5;-78583711;3;true;-1.043900497277654;1.0;Infinity;1;B
user-I316785_session-0001BDAD11490DEA53791D77A9DD35BBD6DDA9EC2E01D78617538C4CBBFE4521_analysis-7.csv;user-I316785;5;-1927930493;3;true;0.7705018573704144;1.0;Infinity;1;B
user-I316785_session-0001BDAD11490DEA53791D77A9DD35BBD6DDA9EC2E01D78617538C4CBBFE4521_analysis-7.csv;user-I316785;5;605351513;3;true;-0.4933964870305922;1.0;Infinity;1;B
user-I316785_session-0001BDAD11490DEA53791D77A9DD35BBD6DDA9EC2E01D78617538C4CBBFE4521_analysis-7.csv;user-I316785;5;396611947;3;true;-0.30352277093249863;1.0;Infinity;1;B
user-I316785_session-0001BDAD11490DEA53791D77A9DD35BBD6DDA9EC2E01D78617538C4CBBFE4521_analysis-7.csv;user-I316785;5;496368243;3;true;-0.8674448983673565;1.0;Infinity;1;B
user-I316785_session-0001BDAD11490DEA53791D77A9DD35BBD6DDA9EC2E01D78617538C4CBBFE4521_analysis-7.csv;user-I316785;6;-1378993210;3;true;NaN;1.0;19.741043644203323;0;B
user-I316785_session-0001BDAD11490DEA53791D77A9DD35BBD6DDA9EC2E01D78617538C4CBBFE4521_analysis-7.csv;user-I316785;7;-1378993210;4;true;NaN;1.0;21.707600434389068;1;B
user-I316785_session-0001BDAD11490DEA53791D77A9DD35BBD6DDA9EC2E01D78617538C4CBBFE4521_analysis-7.csv;user-I316785;8;1938791358;4;true;-0.8221041513707293;1.0;Infinity;1;B
user-I316785_session-0001BDAD11490DEA53791D77A9DD35BBD6DDA9EC2E01D78617538C4CBBFE4521_analysis-7.csv;user-I316785;8;120265338;4;true;-0.08257751723308213;1.0;Infinity;1;B
user-I316785_session-0001BDAD11490DEA53791D77A9DD35BBD6DDA9EC2E01D78617538C4CBBFE4521_analysis-7.csv;user-I316785;8;1940783047;3;true;-0.09125232277455445;1.0;Infinity;1;B
user-I316785_session-0001BDAD11490DEA53791D77A9DD35BBD6DDA9EC2E01D78617538C4CBBFE4521_analysis-7.csv;user-I316785;8;2002975532;4;true;1.3881978320287813;1.0;Infinity;1;B
user-I316785_session-0001BDAD11490DEA53791D77A9DD35BBD6DDA9EC2E01D78617538C4CBBFE4521_analysis-7.csv;user-I316785;8;288336865;4;true;-0.8175783530961762;1.0;Infinity;1;B
user-I316785_session-0001BDAD11490DEA53791D77A9DD35BBD6DDA9EC2E01D78617538C4CBBFE4521_analysis-7.csv;user-I316785;8;2022258518;4;true;1.3578701032486045;1.0;Infinity;1;B
user-I316785_session-0001BDAD11490DEA53791D77A9DD35BBD6DDA9EC2E01D78617538C4CBBFE4521_analysis-7.csv;user-I316785;8;2007775792;5;true;-0.9325555908028437;1.0;Infinity;1;B
