session ;user;query position;cell hashcode;cell computation time;novelty;outlierness;relevance;surprise;query label;session label
user-a_session-29AF06B372FD52129AAB65DA477E308EC73CF0D44087D05DA8D39C7BE425D30E_analysis-11.csv;user-a;1;-1932430166;3;true;1.1976118304584173;0.0;Infinity;0;A
user-a_session-29AF06B372FD52129AAB65DA477E308EC73CF0D44087D05DA8D39C7BE425D30E_analysis-11.csv;user-a;1;1828983515;4;true;-0.7938479174489351;0.0;Infinity;0;A
user-a_session-29AF06B372FD52129AAB65DA477E308EC73CF0D44087D05DA8D39C7BE425D30E_analysis-11.csv;user-a;1;938365628;2;true;-0.477128258783422;0.0;Infinity;0;A
user-a_session-29AF06B372FD52129AAB65DA477E308EC73CF0D44087D05DA8D39C7BE425D30E_analysis-11.csv;user-a;1;-1426051237;4;true;-0.8866782249433975;0.0;Infinity;0;A
user-a_session-29AF06B372FD52129AAB65DA477E308EC73CF0D44087D05DA8D39C7BE425D30E_analysis-11.csv;user-a;1;495467645;3;true;0.9600425707173373;0.0;Infinity;0;A
