session ;user;query position;cell hashcode;cell computation time;novelty;outlierness;relevance;surprise;query label;session label
user-I316785_session-04783A9FA13A5107A707975156C09CDD483F122F3A844AA3AC925CB6EC0BD0B7_analysis-10.csv;user-I316785;1;1828983515;3;true;NaN;0.0;Infinity;1;B
user-I316785_session-04783A9FA13A5107A707975156C09CDD483F122F3A844AA3AC925CB6EC0BD0B7_analysis-10.csv;user-I316785;2;-1932430166;3;true;1.1976118304584173;0.0;Infinity;1;B
user-I316785_session-04783A9FA13A5107A707975156C09CDD483F122F3A844AA3AC925CB6EC0BD0B7_analysis-10.csv;user-I316785;2;1828983515;6;true;-0.7938479174489351;0.0;Infinity;1;B
user-I316785_session-04783A9FA13A5107A707975156C09CDD483F122F3A844AA3AC925CB6EC0BD0B7_analysis-10.csv;user-I316785;2;938365628;3;true;-0.477128258783422;0.0;Infinity;1;B
user-I316785_session-04783A9FA13A5107A707975156C09CDD483F122F3A844AA3AC925CB6EC0BD0B7_analysis-10.csv;user-I316785;2;-1426051237;6;true;-0.8866782249433975;0.0;Infinity;1;B
user-I316785_session-04783A9FA13A5107A707975156C09CDD483F122F3A844AA3AC925CB6EC0BD0B7_analysis-10.csv;user-I316785;2;495467645;4;true;0.9600425707173373;0.0;Infinity;1;B
user-I316785_session-04783A9FA13A5107A707975156C09CDD483F122F3A844AA3AC925CB6EC0BD0B7_analysis-10.csv;user-I316785;3;-1025028747;6;true;-0.3010234846248178;0.0;Infinity;1;B
user-I316785_session-04783A9FA13A5107A707975156C09CDD483F122F3A844AA3AC925CB6EC0BD0B7_analysis-10.csv;user-I316785;3;-1345374096;7;true;-0.33643274164702736;0.0;Infinity;1;B
user-I316785_session-04783A9FA13A5107A707975156C09CDD483F122F3A844AA3AC925CB6EC0BD0B7_analysis-10.csv;user-I316785;3;-1578146949;5;true;-0.35077524479498146;0.0;Infinity;1;B
user-I316785_session-04783A9FA13A5107A707975156C09CDD483F122F3A844AA3AC925CB6EC0BD0B7_analysis-10.csv;user-I316785;3;618785809;5;true;-0.5459075236973029;0.0;Infinity;1;B
user-I316785_session-04783A9FA13A5107A707975156C09CDD483F122F3A844AA3AC925CB6EC0BD0B7_analysis-10.csv;user-I316785;3;571241305;5;true;-0.5202598598701582;0.0;Infinity;1;B
user-I316785_session-04783A9FA13A5107A707975156C09CDD483F122F3A844AA3AC925CB6EC0BD0B7_analysis-10.csv;user-I316785;3;1926240362;4;true;-0.5479603326534642;0.0;Infinity;1;B
user-I316785_session-04783A9FA13A5107A707975156C09CDD483F122F3A844AA3AC925CB6EC0BD0B7_analysis-10.csv;user-I316785;3;-1705576743;5;true;1.3943251177126916;0.0;Infinity;1;B
user-I316785_session-04783A9FA13A5107A707975156C09CDD483F122F3A844AA3AC925CB6EC0BD0B7_analysis-10.csv;user-I316785;3;1696306805;5;true;-0.43866579627746555;0.0;Infinity;1;B
user-I316785_session-04783A9FA13A5107A707975156C09CDD483F122F3A844AA3AC925CB6EC0BD0B7_analysis-10.csv;user-I316785;3;1003158696;6;true;-0.4121128142778131;0.0;Infinity;1;B
user-I316785_session-04783A9FA13A5107A707975156C09CDD483F122F3A844AA3AC925CB6EC0BD0B7_analysis-10.csv;user-I316785;3;-1463507536;7;true;-0.6013854213085781;0.0;Infinity;1;B
user-I316785_session-04783A9FA13A5107A707975156C09CDD483F122F3A844AA3AC925CB6EC0BD0B7_analysis-10.csv;user-I316785;3;-1417755117;4;true;-0.4859867771544459;0.0;Infinity;1;B
user-I316785_session-04783A9FA13A5107A707975156C09CDD483F122F3A844AA3AC925CB6EC0BD0B7_analysis-10.csv;user-I316785;3;-1994002015;4;true;-0.5318841452051578;0.0;Infinity;1;B
user-I316785_session-04783A9FA13A5107A707975156C09CDD483F122F3A844AA3AC925CB6EC0BD0B7_analysis-10.csv;user-I316785;3;350605775;4;true;-0.5661957039432017;0.0;Infinity;1;B
user-I316785_session-04783A9FA13A5107A707975156C09CDD483F122F3A844AA3AC925CB6EC0BD0B7_analysis-10.csv;user-I316785;3;1794975140;4;true;0.2861432491093992;0.0;Infinity;1;B
user-I316785_session-04783A9FA13A5107A707975156C09CDD483F122F3A844AA3AC925CB6EC0BD0B7_analysis-10.csv;user-I316785;3;-1562024468;4;true;-0.5898177183593603;0.0;Infinity;1;B
user-I316785_session-04783A9FA13A5107A707975156C09CDD483F122F3A844AA3AC925CB6EC0BD0B7_analysis-10.csv;user-I316785;3;-1950398193;5;true;-0.312930681888726;0.0;Infinity;1;B
user-I316785_session-04783A9FA13A5107A707975156C09CDD483F122F3A844AA3AC925CB6EC0BD0B7_analysis-10.csv;user-I316785;3;-996657663;4;true;-0.6122628191512588;0.0;Infinity;1;B
user-I316785_session-04783A9FA13A5107A707975156C09CDD483F122F3A844AA3AC925CB6EC0BD0B7_analysis-10.csv;user-I316785;3;1371871151;4;true;-0.10806396933651496;0.0;Infinity;1;B
user-I316785_session-04783A9FA13A5107A707975156C09CDD483F122F3A844AA3AC925CB6EC0BD0B7_analysis-10.csv;user-I316785;3;1280614737;8;true;-0.0157939411945246;0.0;Infinity;1;B
user-I316785_session-04783A9FA13A5107A707975156C09CDD483F122F3A844AA3AC925CB6EC0BD0B7_analysis-10.csv;user-I316785;3;-1848108966;11;true;3.1121256107283934;0.0;Infinity;1;B
user-I316785_session-04783A9FA13A5107A707975156C09CDD483F122F3A844AA3AC925CB6EC0BD0B7_analysis-10.csv;user-I316785;3;429573997;6;true;1.3575556201362893;0.0;Infinity;1;B
user-I316785_session-04783A9FA13A5107A707975156C09CDD483F122F3A844AA3AC925CB6EC0BD0B7_analysis-10.csv;user-I316785;3;1003080599;5;true;-0.379815588473599;0.0;Infinity;1;B
user-I316785_session-04783A9FA13A5107A707975156C09CDD483F122F3A844AA3AC925CB6EC0BD0B7_analysis-10.csv;user-I316785;3;-1307876463;3;true;-0.3979174253328915;0.0;Infinity;1;B
user-I316785_session-04783A9FA13A5107A707975156C09CDD483F122F3A844AA3AC925CB6EC0BD0B7_analysis-10.csv;user-I316785;3;734815350;4;true;-0.5436917574700901;0.0;Infinity;1;B
user-I316785_session-04783A9FA13A5107A707975156C09CDD483F122F3A844AA3AC925CB6EC0BD0B7_analysis-10.csv;user-I316785;3;92729137;5;true;-0.4433281848658805;0.0;Infinity;1;B
user-I316785_session-04783A9FA13A5107A707975156C09CDD483F122F3A844AA3AC925CB6EC0BD0B7_analysis-10.csv;user-I316785;3;1798342657;6;true;-0.5281564976298571;0.0;Infinity;1;B
user-I316785_session-04783A9FA13A5107A707975156C09CDD483F122F3A844AA3AC925CB6EC0BD0B7_analysis-10.csv;user-I316785;3;-928918933;6;true;-0.5245420148261198;0.0;Infinity;1;B
user-I316785_session-04783A9FA13A5107A707975156C09CDD483F122F3A844AA3AC925CB6EC0BD0B7_analysis-10.csv;user-I316785;3;1071938505;4;true;1.0641510536082508;0.0;Infinity;1;B
user-I316785_session-04783A9FA13A5107A707975156C09CDD483F122F3A844AA3AC925CB6EC0BD0B7_analysis-10.csv;user-I316785;3;1749358919;5;true;-0.4159762595789899;0.0;Infinity;1;B
user-I316785_session-04783A9FA13A5107A707975156C09CDD483F122F3A844AA3AC925CB6EC0BD0B7_analysis-10.csv;user-I316785;3;-591555183;4;true;-0.22032342272747654;0.0;Infinity;1;B
user-I316785_session-04783A9FA13A5107A707975156C09CDD483F122F3A844AA3AC925CB6EC0BD0B7_analysis-10.csv;user-I316785;3;-627591479;4;true;2.4565937751972533;0.0;Infinity;1;B
user-I316785_session-04783A9FA13A5107A707975156C09CDD483F122F3A844AA3AC925CB6EC0BD0B7_analysis-10.csv;user-I316785;3;1081960595;35;true;-0.48520594023065794;0.0;Infinity;1;B
user-I316785_session-04783A9FA13A5107A707975156C09CDD483F122F3A844AA3AC925CB6EC0BD0B7_analysis-10.csv;user-I316785;3;512718861;5;true;-0.13356451896062713;0.0;Infinity;1;B
user-I316785_session-04783A9FA13A5107A707975156C09CDD483F122F3A844AA3AC925CB6EC0BD0B7_analysis-10.csv;user-I316785;3;473566264;3;true;-0.3824998568550844;0.0;Infinity;1;B
user-I316785_session-04783A9FA13A5107A707975156C09CDD483F122F3A844AA3AC925CB6EC0BD0B7_analysis-10.csv;user-I316785;3;-678874322;5;true;-0.5917302029987829;0.0;Infinity;1;B
user-I316785_session-04783A9FA13A5107A707975156C09CDD483F122F3A844AA3AC925CB6EC0BD0B7_analysis-10.csv;user-I316785;3;-283843971;4;true;-0.4146861811831664;0.0;Infinity;1;B
user-I316785_session-04783A9FA13A5107A707975156C09CDD483F122F3A844AA3AC925CB6EC0BD0B7_analysis-10.csv;user-I316785;3;1214101365;5;true;-0.5123451157470091;0.0;Infinity;1;B
user-I316785_session-04783A9FA13A5107A707975156C09CDD483F122F3A844AA3AC925CB6EC0BD0B7_analysis-10.csv;user-I316785;3;-897841200;5;true;-0.2690544366581377;0.0;Infinity;1;B
user-I316785_session-04783A9FA13A5107A707975156C09CDD483F122F3A844AA3AC925CB6EC0BD0B7_analysis-10.csv;user-I316785;3;-1853839831;4;true;1.4392741649777017;0.0;Infinity;1;B
user-I316785_session-04783A9FA13A5107A707975156C09CDD483F122F3A844AA3AC925CB6EC0BD0B7_analysis-10.csv;user-I316785;3;-833510251;5;true;-0.6050157471803342;0.0;Infinity;1;B
user-I316785_session-04783A9FA13A5107A707975156C09CDD483F122F3A844AA3AC925CB6EC0BD0B7_analysis-10.csv;user-I316785;3;1450332468;4;true;0.1356771055431791;0.0;Infinity;1;B
user-I316785_session-04783A9FA13A5107A707975156C09CDD483F122F3A844AA3AC925CB6EC0BD0B7_analysis-10.csv;user-I316785;3;1293412054;4;true;-0.494288544796342;0.0;Infinity;1;B
user-I316785_session-04783A9FA13A5107A707975156C09CDD483F122F3A844AA3AC925CB6EC0BD0B7_analysis-10.csv;user-I316785;3;39836820;5;true;-0.42901736785396416;0.0;Infinity;1;B
user-I316785_session-04783A9FA13A5107A707975156C09CDD483F122F3A844AA3AC925CB6EC0BD0B7_analysis-10.csv;user-I316785;3;1744618306;3;true;-0.5260154201518763;0.0;Infinity;1;B
user-I316785_session-04783A9FA13A5107A707975156C09CDD483F122F3A844AA3AC925CB6EC0BD0B7_analysis-10.csv;user-I316785;3;1812679580;5;true;1.5183265478010788;0.0;Infinity;1;B
user-I316785_session-04783A9FA13A5107A707975156C09CDD483F122F3A844AA3AC925CB6EC0BD0B7_analysis-10.csv;user-I316785;3;-18582297;4;true;0.12248888306517239;0.0;Infinity;1;B
user-I316785_session-04783A9FA13A5107A707975156C09CDD483F122F3A844AA3AC925CB6EC0BD0B7_analysis-10.csv;user-I316785;3;-395026010;4;true;-0.586076491011472;0.0;Infinity;1;B
user-I316785_session-04783A9FA13A5107A707975156C09CDD483F122F3A844AA3AC925CB6EC0BD0B7_analysis-10.csv;user-I316785;3;-2056211866;4;true;-0.5458532046069524;0.0;Infinity;1;B
user-I316785_session-04783A9FA13A5107A707975156C09CDD483F122F3A844AA3AC925CB6EC0BD0B7_analysis-10.csv;user-I316785;3;-954899996;3;true;2.758103202664667;0.0;Infinity;1;B
user-I316785_session-04783A9FA13A5107A707975156C09CDD483F122F3A844AA3AC925CB6EC0BD0B7_analysis-10.csv;user-I316785;3;635859642;4;true;-0.6235770330121745;0.0;Infinity;1;B
user-I316785_session-04783A9FA13A5107A707975156C09CDD483F122F3A844AA3AC925CB6EC0BD0B7_analysis-10.csv;user-I316785;3;-777485605;5;true;-0.5294375228439556;0.0;Infinity;1;B
user-I316785_session-04783A9FA13A5107A707975156C09CDD483F122F3A844AA3AC925CB6EC0BD0B7_analysis-10.csv;user-I316785;3;-1567476630;4;true;-0.5348920648333148;0.0;Infinity;1;B
user-I316785_session-04783A9FA13A5107A707975156C09CDD483F122F3A844AA3AC925CB6EC0BD0B7_analysis-10.csv;user-I316785;3;1069526477;4;true;-0.1429413519323762;0.0;Infinity;1;B
user-I316785_session-04783A9FA13A5107A707975156C09CDD483F122F3A844AA3AC925CB6EC0BD0B7_analysis-10.csv;user-I316785;3;-1971730877;4;true;0.21449410564170424;0.0;Infinity;1;B
user-I316785_session-04783A9FA13A5107A707975156C09CDD483F122F3A844AA3AC925CB6EC0BD0B7_analysis-10.csv;user-I316785;3;1075077355;4;true;0.17709088534454634;0.0;Infinity;1;B
user-I316785_session-04783A9FA13A5107A707975156C09CDD483F122F3A844AA3AC925CB6EC0BD0B7_analysis-10.csv;user-I316785;3;1660820403;4;true;-0.29236185300934986;0.0;Infinity;1;B
user-I316785_session-04783A9FA13A5107A707975156C09CDD483F122F3A844AA3AC925CB6EC0BD0B7_analysis-10.csv;user-I316785;3;621690033;6;true;-0.541303980790101;0.0;Infinity;1;B
user-I316785_session-04783A9FA13A5107A707975156C09CDD483F122F3A844AA3AC925CB6EC0BD0B7_analysis-10.csv;user-I316785;3;-577512918;4;true;0.09172164497249634;0.0;Infinity;1;B
user-I316785_session-04783A9FA13A5107A707975156C09CDD483F122F3A844AA3AC925CB6EC0BD0B7_analysis-10.csv;user-I316785;3;50191213;5;true;-0.6018652399400072;0.0;Infinity;1;B
user-I316785_session-04783A9FA13A5107A707975156C09CDD483F122F3A844AA3AC925CB6EC0BD0B7_analysis-10.csv;user-I316785;3;1080619287;4;true;-0.5251214184565248;0.0;Infinity;1;B
user-I316785_session-04783A9FA13A5107A707975156C09CDD483F122F3A844AA3AC925CB6EC0BD0B7_analysis-10.csv;user-I316785;3;1076123306;4;true;-0.6074510530643801;0.0;Infinity;1;B
user-I316785_session-04783A9FA13A5107A707975156C09CDD483F122F3A844AA3AC925CB6EC0BD0B7_analysis-10.csv;user-I316785;3;-546846326;4;true;-0.35656475450816855;0.0;Infinity;1;B
user-I316785_session-04783A9FA13A5107A707975156C09CDD483F122F3A844AA3AC925CB6EC0BD0B7_analysis-10.csv;user-I316785;3;1217110243;4;true;-0.25337658920573464;0.0;Infinity;1;B
user-I316785_session-04783A9FA13A5107A707975156C09CDD483F122F3A844AA3AC925CB6EC0BD0B7_analysis-10.csv;user-I316785;3;316117431;4;true;-0.5763081079301133;0.0;Infinity;1;B
user-I316785_session-04783A9FA13A5107A707975156C09CDD483F122F3A844AA3AC925CB6EC0BD0B7_analysis-10.csv;user-I316785;3;777640596;4;true;0.7440848668998593;0.0;Infinity;1;B
user-I316785_session-04783A9FA13A5107A707975156C09CDD483F122F3A844AA3AC925CB6EC0BD0B7_analysis-10.csv;user-I316785;3;196535208;4;true;0.1522376382137772;0.0;Infinity;1;B
user-I316785_session-04783A9FA13A5107A707975156C09CDD483F122F3A844AA3AC925CB6EC0BD0B7_analysis-10.csv;user-I316785;3;-1035118267;4;true;1.1419903100804676;0.0;Infinity;1;B
user-I316785_session-04783A9FA13A5107A707975156C09CDD483F122F3A844AA3AC925CB6EC0BD0B7_analysis-10.csv;user-I316785;3;196568808;4;true;-0.12177727635457618;0.0;Infinity;1;B
user-I316785_session-04783A9FA13A5107A707975156C09CDD483F122F3A844AA3AC925CB6EC0BD0B7_analysis-10.csv;user-I316785;3;1073351554;5;true;-0.5888920305279711;0.0;Infinity;1;B
user-I316785_session-04783A9FA13A5107A707975156C09CDD483F122F3A844AA3AC925CB6EC0BD0B7_analysis-10.csv;user-I316785;3;-726023476;4;true;3.451119737128491;0.0;Infinity;1;B
user-I316785_session-04783A9FA13A5107A707975156C09CDD483F122F3A844AA3AC925CB6EC0BD0B7_analysis-10.csv;user-I316785;3;1926671107;4;true;-0.5574163809653078;0.0;Infinity;1;B
user-I316785_session-04783A9FA13A5107A707975156C09CDD483F122F3A844AA3AC925CB6EC0BD0B7_analysis-10.csv;user-I316785;3;1804144847;4;true;0.7783964256379032;0.0;Infinity;1;B
user-I316785_session-04783A9FA13A5107A707975156C09CDD483F122F3A844AA3AC925CB6EC0BD0B7_analysis-10.csv;user-I316785;3;1074382707;3;true;-0.3009850086024862;0.0;Infinity;1;B
user-I316785_session-04783A9FA13A5107A707975156C09CDD483F122F3A844AA3AC925CB6EC0BD0B7_analysis-10.csv;user-I316785;3;759540867;4;true;-0.4150845211790698;0.0;Infinity;1;B
user-I316785_session-04783A9FA13A5107A707975156C09CDD483F122F3A844AA3AC925CB6EC0BD0B7_analysis-10.csv;user-I316785;3;2044215619;4;true;-0.5835212304695688;0.0;Infinity;1;B
user-I316785_session-04783A9FA13A5107A707975156C09CDD483F122F3A844AA3AC925CB6EC0BD0B7_analysis-10.csv;user-I316785;3;-821009408;3;true;-0.4998404084892458;0.0;Infinity;1;B
user-I316785_session-04783A9FA13A5107A707975156C09CDD483F122F3A844AA3AC925CB6EC0BD0B7_analysis-10.csv;user-I316785;3;-1854009922;4;true;-0.4825737276440916;0.0;Infinity;1;B
user-I316785_session-04783A9FA13A5107A707975156C09CDD483F122F3A844AA3AC925CB6EC0BD0B7_analysis-10.csv;user-I316785;3;1143847374;3;true;-0.43362770064745987;0.0;Infinity;1;B
user-I316785_session-04783A9FA13A5107A707975156C09CDD483F122F3A844AA3AC925CB6EC0BD0B7_analysis-10.csv;user-I316785;3;1081054447;4;true;0.6802803053969441;0.0;11.89238459519291;1;B
user-I316785_session-04783A9FA13A5107A707975156C09CDD483F122F3A844AA3AC925CB6EC0BD0B7_analysis-10.csv;user-I316785;3;116399818;5;true;-0.6140168731104926;0.0;Infinity;1;B
user-I316785_session-04783A9FA13A5107A707975156C09CDD483F122F3A844AA3AC925CB6EC0BD0B7_analysis-10.csv;user-I316785;3;-983669401;4;true;6.723270053704481;0.0;Infinity;1;B
user-I316785_session-04783A9FA13A5107A707975156C09CDD483F122F3A844AA3AC925CB6EC0BD0B7_analysis-10.csv;user-I316785;3;1078778555;5;true;2.0224665519346097;0.0;Infinity;1;B
user-I316785_session-04783A9FA13A5107A707975156C09CDD483F122F3A844AA3AC925CB6EC0BD0B7_analysis-10.csv;user-I316785;3;2056562925;4;true;-0.4524039995452707;0.0;Infinity;1;B
user-I316785_session-04783A9FA13A5107A707975156C09CDD483F122F3A844AA3AC925CB6EC0BD0B7_analysis-10.csv;user-I316785;3;1072310060;4;true;1.7089005497048237;0.0;Infinity;1;B
user-I316785_session-04783A9FA13A5107A707975156C09CDD483F122F3A844AA3AC925CB6EC0BD0B7_analysis-10.csv;user-I316785;3;-509707012;4;true;0.5122736222383861;0.0;Infinity;1;B
user-I316785_session-04783A9FA13A5107A707975156C09CDD483F122F3A844AA3AC925CB6EC0BD0B7_analysis-10.csv;user-I316785;3;448246076;3;true;0.6863414105618835;0.0;Infinity;1;B
user-I316785_session-04783A9FA13A5107A707975156C09CDD483F122F3A844AA3AC925CB6EC0BD0B7_analysis-10.csv;user-I316785;3;1003430385;4;true;0.07890233964978655;0.0;Infinity;1;B
user-I316785_session-04783A9FA13A5107A707975156C09CDD483F122F3A844AA3AC925CB6EC0BD0B7_analysis-10.csv;user-I316785;3;-68986718;4;true;0.27902971156891954;0.0;Infinity;1;B
user-I316785_session-04783A9FA13A5107A707975156C09CDD483F122F3A844AA3AC925CB6EC0BD0B7_analysis-10.csv;user-I316785;3;468752871;4;true;-0.5373545302625359;0.0;Infinity;1;B
user-I316785_session-04783A9FA13A5107A707975156C09CDD483F122F3A844AA3AC925CB6EC0BD0B7_analysis-10.csv;user-I316785;3;-1304827976;4;true;-0.5644235436205177;0.0;Infinity;1;B
user-I316785_session-04783A9FA13A5107A707975156C09CDD483F122F3A844AA3AC925CB6EC0BD0B7_analysis-10.csv;user-I316785;3;-624448390;4;true;-0.5701157316301603;0.0;Infinity;1;B
user-I316785_session-04783A9FA13A5107A707975156C09CDD483F122F3A844AA3AC925CB6EC0BD0B7_analysis-10.csv;user-I316785;3;-1708192764;4;true;-0.5575340723277338;0.0;Infinity;1;B
user-I316785_session-04783A9FA13A5107A707975156C09CDD483F122F3A844AA3AC925CB6EC0BD0B7_analysis-10.csv;user-I316785;3;1003359607;4;true;-0.6022613166404793;0.0;Infinity;1;B
user-I316785_session-04783A9FA13A5107A707975156C09CDD483F122F3A844AA3AC925CB6EC0BD0B7_analysis-10.csv;user-I316785;3;-1149575153;4;true;-0.5244763792586131;0.0;Infinity;1;B
user-I316785_session-04783A9FA13A5107A707975156C09CDD483F122F3A844AA3AC925CB6EC0BD0B7_analysis-10.csv;user-I316785;3;-1026470032;4;true;1.0494894258044878;0.0;Infinity;1;B
user-I316785_session-04783A9FA13A5107A707975156C09CDD483F122F3A844AA3AC925CB6EC0BD0B7_analysis-10.csv;user-I316785;3;2028687741;4;true;-0.4971629299940541;0.0;Infinity;1;B
user-I316785_session-04783A9FA13A5107A707975156C09CDD483F122F3A844AA3AC925CB6EC0BD0B7_analysis-10.csv;user-I316785;3;-1181677695;5;true;1.375836257334652;0.0;Infinity;1;B
user-I316785_session-04783A9FA13A5107A707975156C09CDD483F122F3A844AA3AC925CB6EC0BD0B7_analysis-10.csv;user-I316785;3;136732;3;true;1.8286107716555242;0.0;Infinity;1;B
user-I316785_session-04783A9FA13A5107A707975156C09CDD483F122F3A844AA3AC925CB6EC0BD0B7_analysis-10.csv;user-I316785;3;-1031548187;3;true;1.9830241024538782;0.0;Infinity;1;B
user-I316785_session-04783A9FA13A5107A707975156C09CDD483F122F3A844AA3AC925CB6EC0BD0B7_analysis-10.csv;user-I316785;3;-1069434870;4;true;-0.43909129581854417;0.0;Infinity;1;B
user-I316785_session-04783A9FA13A5107A707975156C09CDD483F122F3A844AA3AC925CB6EC0BD0B7_analysis-10.csv;user-I316785;3;-501800765;4;true;-0.5632896326094518;0.0;Infinity;1;B
user-I316785_session-04783A9FA13A5107A707975156C09CDD483F122F3A844AA3AC925CB6EC0BD0B7_analysis-10.csv;user-I316785;3;230372649;3;true;-0.5991221258773087;0.0;Infinity;1;B
user-I316785_session-04783A9FA13A5107A707975156C09CDD483F122F3A844AA3AC925CB6EC0BD0B7_analysis-10.csv;user-I316785;3;875178989;4;true;-0.08669619716990068;0.0;Infinity;1;B
user-I316785_session-04783A9FA13A5107A707975156C09CDD483F122F3A844AA3AC925CB6EC0BD0B7_analysis-10.csv;user-I316785;3;630073327;4;true;-0.5507917152379822;0.0;Infinity;1;B
user-I316785_session-04783A9FA13A5107A707975156C09CDD483F122F3A844AA3AC925CB6EC0BD0B7_analysis-10.csv;user-I316785;3;913177094;4;true;-0.6062537697812386;0.0;Infinity;1;B
user-I316785_session-04783A9FA13A5107A707975156C09CDD483F122F3A844AA3AC925CB6EC0BD0B7_analysis-10.csv;user-I316785;3;-1073144081;4;true;-0.3726907344559629;0.0;Infinity;1;B
user-I316785_session-04783A9FA13A5107A707975156C09CDD483F122F3A844AA3AC925CB6EC0BD0B7_analysis-10.csv;user-I316785;3;-1152938029;3;true;0.46994999767364865;0.0;Infinity;1;B
user-I316785_session-04783A9FA13A5107A707975156C09CDD483F122F3A844AA3AC925CB6EC0BD0B7_analysis-10.csv;user-I316785;3;-1175191970;4;true;-0.59489881660256;0.0;Infinity;1;B
user-I316785_session-04783A9FA13A5107A707975156C09CDD483F122F3A844AA3AC925CB6EC0BD0B7_analysis-10.csv;user-I316785;3;1709275538;4;true;0.315833158576791;0.0;Infinity;1;B
user-I316785_session-04783A9FA13A5107A707975156C09CDD483F122F3A844AA3AC925CB6EC0BD0B7_analysis-10.csv;user-I316785;3;1132170913;3;true;-0.28708837465449216;0.0;Infinity;1;B
user-I316785_session-04783A9FA13A5107A707975156C09CDD483F122F3A844AA3AC925CB6EC0BD0B7_analysis-10.csv;user-I316785;3;-389169290;4;true;-0.5078004185210202;0.0;Infinity;1;B
user-I316785_session-04783A9FA13A5107A707975156C09CDD483F122F3A844AA3AC925CB6EC0BD0B7_analysis-10.csv;user-I316785;3;1500583498;4;true;1.0246112824239746;0.0;Infinity;1;B
user-I316785_session-04783A9FA13A5107A707975156C09CDD483F122F3A844AA3AC925CB6EC0BD0B7_analysis-10.csv;user-I316785;3;-2092390746;3;true;-0.35945950936476206;0.0;Infinity;1;B
user-I316785_session-04783A9FA13A5107A707975156C09CDD483F122F3A844AA3AC925CB6EC0BD0B7_analysis-10.csv;user-I316785;3;-686904356;4;true;0.14289928126435972;0.0;Infinity;1;B
user-I316785_session-04783A9FA13A5107A707975156C09CDD483F122F3A844AA3AC925CB6EC0BD0B7_analysis-10.csv;user-I316785;3;1829580861;4;true;-0.4783051524607176;0.0;Infinity;1;B
user-I316785_session-04783A9FA13A5107A707975156C09CDD483F122F3A844AA3AC925CB6EC0BD0B7_analysis-10.csv;user-I316785;3;-193883673;4;true;0.520681764765552;0.0;Infinity;1;B
user-I316785_session-04783A9FA13A5107A707975156C09CDD483F122F3A844AA3AC925CB6EC0BD0B7_analysis-10.csv;user-I316785;3;-1389810941;5;true;-0.6140100832241987;0.0;Infinity;1;B
user-I316785_session-04783A9FA13A5107A707975156C09CDD483F122F3A844AA3AC925CB6EC0BD0B7_analysis-10.csv;user-I316785;3;1414033727;5;true;-0.6134601024344003;0.0;Infinity;1;B
user-I316785_session-04783A9FA13A5107A707975156C09CDD483F122F3A844AA3AC925CB6EC0BD0B7_analysis-10.csv;user-I316785;3;436641858;5;true;-0.41109659462917314;0.0;Infinity;1;B
user-I316785_session-04783A9FA13A5107A707975156C09CDD483F122F3A844AA3AC925CB6EC0BD0B7_analysis-10.csv;user-I316785;3;608111986;5;true;-0.5357023245977093;0.0;Infinity;1;B
user-I316785_session-04783A9FA13A5107A707975156C09CDD483F122F3A844AA3AC925CB6EC0BD0B7_analysis-10.csv;user-I316785;3;1475891039;5;true;4.062069179254487;0.0;Infinity;1;B
user-I316785_session-04783A9FA13A5107A707975156C09CDD483F122F3A844AA3AC925CB6EC0BD0B7_analysis-10.csv;user-I316785;3;1639793776;5;true;0.04004155709489117;0.0;Infinity;1;B
user-I316785_session-04783A9FA13A5107A707975156C09CDD483F122F3A844AA3AC925CB6EC0BD0B7_analysis-10.csv;user-I316785;3;1939086048;4;true;-0.5920448010637294;0.0;Infinity;1;B
user-I316785_session-04783A9FA13A5107A707975156C09CDD483F122F3A844AA3AC925CB6EC0BD0B7_analysis-10.csv;user-I316785;3;-1790637500;4;true;-0.17579987500354516;0.0;Infinity;1;B
user-I316785_session-04783A9FA13A5107A707975156C09CDD483F122F3A844AA3AC925CB6EC0BD0B7_analysis-10.csv;user-I316785;3;-2058092308;6;true;-0.48858956690040567;0.0;Infinity;1;B
user-I316785_session-04783A9FA13A5107A707975156C09CDD483F122F3A844AA3AC925CB6EC0BD0B7_analysis-10.csv;user-I316785;3;-1819978646;5;true;-0.54091016738506;0.0;Infinity;1;B
user-I316785_session-04783A9FA13A5107A707975156C09CDD483F122F3A844AA3AC925CB6EC0BD0B7_analysis-10.csv;user-I316785;3;1069734009;5;true;-0.5775529204173114;0.0;Infinity;1;B
user-I316785_session-04783A9FA13A5107A707975156C09CDD483F122F3A844AA3AC925CB6EC0BD0B7_analysis-10.csv;user-I316785;3;1081206037;5;true;-0.5747192745373622;0.0;Infinity;1;B
user-I316785_session-04783A9FA13A5107A707975156C09CDD483F122F3A844AA3AC925CB6EC0BD0B7_analysis-10.csv;user-I316785;3;526567908;4;true;-0.6136705889095083;0.0;Infinity;1;B
user-I316785_session-04783A9FA13A5107A707975156C09CDD483F122F3A844AA3AC925CB6EC0BD0B7_analysis-10.csv;user-I316785;3;-671507334;5;true;-0.5046431213943995;0.0;Infinity;1;B
user-I316785_session-04783A9FA13A5107A707975156C09CDD483F122F3A844AA3AC925CB6EC0BD0B7_analysis-10.csv;user-I316785;3;474040741;5;true;-0.33789709379105864;0.0;Infinity;1;B
user-I316785_session-04783A9FA13A5107A707975156C09CDD483F122F3A844AA3AC925CB6EC0BD0B7_analysis-10.csv;user-I316785;3;852785433;5;true;-0.5630135105668369;0.0;Infinity;1;B
user-I316785_session-04783A9FA13A5107A707975156C09CDD483F122F3A844AA3AC925CB6EC0BD0B7_analysis-10.csv;user-I316785;3;-1913350209;5;true;-0.6072496197709971;0.0;Infinity;1;B
user-I316785_session-04783A9FA13A5107A707975156C09CDD483F122F3A844AA3AC925CB6EC0BD0B7_analysis-10.csv;user-I316785;3;-992599013;4;true;-0.1989239644248245;0.0;Infinity;1;B
user-I316785_session-04783A9FA13A5107A707975156C09CDD483F122F3A844AA3AC925CB6EC0BD0B7_analysis-10.csv;user-I316785;3;-1328337552;4;true;-0.5292360895505726;0.0;Infinity;1;B
user-I316785_session-04783A9FA13A5107A707975156C09CDD483F122F3A844AA3AC925CB6EC0BD0B7_analysis-10.csv;user-I316785;3;-356107098;4;true;1.424220987064329;0.0;Infinity;1;B
user-I316785_session-04783A9FA13A5107A707975156C09CDD483F122F3A844AA3AC925CB6EC0BD0B7_analysis-10.csv;user-I316785;3;1077847349;5;true;-0.21962859103007684;0.0;Infinity;1;B
user-I316785_session-04783A9FA13A5107A707975156C09CDD483F122F3A844AA3AC925CB6EC0BD0B7_analysis-10.csv;user-I316785;3;-251642117;5;true;-0.4223836489449136;0.0;Infinity;1;B
user-I316785_session-04783A9FA13A5107A707975156C09CDD483F122F3A844AA3AC925CB6EC0BD0B7_analysis-10.csv;user-I316785;3;1076233951;6;true;-0.6028678798160596;0.0;Infinity;1;B
user-I316785_session-04783A9FA13A5107A707975156C09CDD483F122F3A844AA3AC925CB6EC0BD0B7_analysis-10.csv;user-I316785;3;2018550395;6;true;1.4953337295148132;0.0;Infinity;1;B
user-I316785_session-04783A9FA13A5107A707975156C09CDD483F122F3A844AA3AC925CB6EC0BD0B7_analysis-10.csv;user-I316785;3;-1395895594;5;true;-0.5129086763093952;0.0;Infinity;1;B
user-I316785_session-04783A9FA13A5107A707975156C09CDD483F122F3A844AA3AC925CB6EC0BD0B7_analysis-10.csv;user-I316785;3;-350138353;4;true;-0.61663324262904;0.0;Infinity;1;B
user-I316785_session-04783A9FA13A5107A707975156C09CDD483F122F3A844AA3AC925CB6EC0BD0B7_analysis-10.csv;user-I316785;3;1178475036;4;true;-0.620381259863222;0.0;Infinity;1;B
user-I316785_session-04783A9FA13A5107A707975156C09CDD483F122F3A844AA3AC925CB6EC0BD0B7_analysis-10.csv;user-I316785;3;-762399134;4;true;-0.6039429451459125;0.0;Infinity;1;B
user-I316785_session-04783A9FA13A5107A707975156C09CDD483F122F3A844AA3AC925CB6EC0BD0B7_analysis-10.csv;user-I316785;3;-1140939035;4;true;-0.60146011005781;0.0;Infinity;1;B
user-I316785_session-04783A9FA13A5107A707975156C09CDD483F122F3A844AA3AC925CB6EC0BD0B7_analysis-10.csv;user-I316785;3;72070582;4;true;1.5411926215431935;0.0;Infinity;1;B
user-I316785_session-04783A9FA13A5107A707975156C09CDD483F122F3A844AA3AC925CB6EC0BD0B7_analysis-10.csv;user-I316785;3;756721159;4;true;0.8330527470076277;0.0;Infinity;1;B
user-I316785_session-04783A9FA13A5107A707975156C09CDD483F122F3A844AA3AC925CB6EC0BD0B7_analysis-10.csv;user-I316785;3;916047800;4;true;-0.555435997462947;0.0;Infinity;1;B
user-I316785_session-04783A9FA13A5107A707975156C09CDD483F122F3A844AA3AC925CB6EC0BD0B7_analysis-10.csv;user-I316785;3;1071762525;3;true;-0.5832586881995416;0.0;Infinity;1;B
user-I316785_session-04783A9FA13A5107A707975156C09CDD483F122F3A844AA3AC925CB6EC0BD0B7_analysis-10.csv;user-I316785;3;1070456875;5;true;-0.6082499963516181;0.0;Infinity;1;B
user-I316785_session-04783A9FA13A5107A707975156C09CDD483F122F3A844AA3AC925CB6EC0BD0B7_analysis-10.csv;user-I316785;3;942701074;6;true;-0.5992488704214598;0.0;Infinity;1;B
user-I316785_session-04783A9FA13A5107A707975156C09CDD483F122F3A844AA3AC925CB6EC0BD0B7_analysis-10.csv;user-I316785;3;-584893774;5;true;-0.4792534732464195;0.0;Infinity;1;B
user-I316785_session-04783A9FA13A5107A707975156C09CDD483F122F3A844AA3AC925CB6EC0BD0B7_analysis-10.csv;user-I316785;3;1003453022;4;true;-0.4282817968388016;0.0;Infinity;1;B
user-I316785_session-04783A9FA13A5107A707975156C09CDD483F122F3A844AA3AC925CB6EC0BD0B7_analysis-10.csv;user-I316785;3;-1040764705;3;true;-0.558090843003826;0.0;Infinity;1;B
user-I316785_session-04783A9FA13A5107A707975156C09CDD483F122F3A844AA3AC925CB6EC0BD0B7_analysis-10.csv;user-I316785;3;1656215588;4;true;0.34663887269179866;0.0;Infinity;1;B
user-I316785_session-04783A9FA13A5107A707975156C09CDD483F122F3A844AA3AC925CB6EC0BD0B7_analysis-10.csv;user-I316785;3;-1512321145;4;true;-0.5738479057963235;0.0;Infinity;1;B
user-I316785_session-04783A9FA13A5107A707975156C09CDD483F122F3A844AA3AC925CB6EC0BD0B7_analysis-10.csv;user-I316785;3;-1260649220;4;true;0.46520386715427675;0.0;Infinity;1;B
user-I316785_session-04783A9FA13A5107A707975156C09CDD483F122F3A844AA3AC925CB6EC0BD0B7_analysis-10.csv;user-I316785;3;-804771502;5;true;1.8971433573143612;0.0;Infinity;1;B
user-I316785_session-04783A9FA13A5107A707975156C09CDD483F122F3A844AA3AC925CB6EC0BD0B7_analysis-10.csv;user-I316785;3;1003581449;4;true;-0.5969357824907024;0.0;Infinity;1;B
user-I316785_session-04783A9FA13A5107A707975156C09CDD483F122F3A844AA3AC925CB6EC0BD0B7_analysis-10.csv;user-I316785;3;-910710946;4;true;-0.3139242685830533;0.0;Infinity;1;B
user-I316785_session-04783A9FA13A5107A707975156C09CDD483F122F3A844AA3AC925CB6EC0BD0B7_analysis-10.csv;user-I316785;3;-690920556;4;true;1.2644323296167104;0.0;Infinity;1;B
user-I316785_session-04783A9FA13A5107A707975156C09CDD483F122F3A844AA3AC925CB6EC0BD0B7_analysis-10.csv;user-I316785;3;1066047613;3;true;-0.5276200966126463;0.0;Infinity;1;B
user-I316785_session-04783A9FA13A5107A707975156C09CDD483F122F3A844AA3AC925CB6EC0BD0B7_analysis-10.csv;user-I316785;3;642808401;5;true;-0.3425504291977485;0.0;Infinity;1;B
user-I316785_session-04783A9FA13A5107A707975156C09CDD483F122F3A844AA3AC925CB6EC0BD0B7_analysis-10.csv;user-I316785;3;-76814464;3;true;2.037938439502767;0.0;Infinity;1;B
user-I316785_session-04783A9FA13A5107A707975156C09CDD483F122F3A844AA3AC925CB6EC0BD0B7_analysis-10.csv;user-I316785;3;1003256447;4;true;-0.4511252376266035;0.0;Infinity;1;B
user-I316785_session-04783A9FA13A5107A707975156C09CDD483F122F3A844AA3AC925CB6EC0BD0B7_analysis-10.csv;user-I316785;3;-1217263895;3;true;2.1362084638330527;0.0;Infinity;1;B
user-I316785_session-04783A9FA13A5107A707975156C09CDD483F122F3A844AA3AC925CB6EC0BD0B7_analysis-10.csv;user-I316785;3;939626592;4;true;-0.21999071829907993;0.0;Infinity;1;B
user-I316785_session-04783A9FA13A5107A707975156C09CDD483F122F3A844AA3AC925CB6EC0BD0B7_analysis-10.csv;user-I316785;3;-1150039595;3;true;-0.6063873042116834;0.0;Infinity;1;B
user-I316785_session-04783A9FA13A5107A707975156C09CDD483F122F3A844AA3AC925CB6EC0BD0B7_analysis-10.csv;user-I316785;3;-1296182574;4;true;-0.274198907173413;0.0;Infinity;1;B
user-I316785_session-04783A9FA13A5107A707975156C09CDD483F122F3A844AA3AC925CB6EC0BD0B7_analysis-10.csv;user-I316785;3;-1094372698;3;true;0.5973011050003145;0.0;Infinity;1;B
user-I316785_session-04783A9FA13A5107A707975156C09CDD483F122F3A844AA3AC925CB6EC0BD0B7_analysis-10.csv;user-I316785;3;1434446760;5;true;-0.09555020889702652;0.0;Infinity;1;B
user-I316785_session-04783A9FA13A5107A707975156C09CDD483F122F3A844AA3AC925CB6EC0BD0B7_analysis-10.csv;user-I316785;3;1064509641;4;true;0.2441070630644329;0.0;Infinity;1;B
user-I316785_session-04783A9FA13A5107A707975156C09CDD483F122F3A844AA3AC925CB6EC0BD0B7_analysis-10.csv;user-I316785;3;1066047555;3;true;-0.18714124840963606;0.0;Infinity;1;B
user-I316785_session-04783A9FA13A5107A707975156C09CDD483F122F3A844AA3AC925CB6EC0BD0B7_analysis-10.csv;user-I316785;3;837449922;5;true;-0.3796435780208225;0.0;Infinity;1;B
user-I316785_session-04783A9FA13A5107A707975156C09CDD483F122F3A844AA3AC925CB6EC0BD0B7_analysis-10.csv;user-I316785;3;-363879352;4;true;-0.1521620175193677;0.0;Infinity;1;B
user-I316785_session-04783A9FA13A5107A707975156C09CDD483F122F3A844AA3AC925CB6EC0BD0B7_analysis-10.csv;user-I316785;3;1267678652;4;true;-0.6113869238193576;0.0;Infinity;1;B
user-I316785_session-04783A9FA13A5107A707975156C09CDD483F122F3A844AA3AC925CB6EC0BD0B7_analysis-10.csv;user-I316785;3;1134467597;4;true;-0.4479769936817078;0.0;Infinity;1;B
user-I316785_session-04783A9FA13A5107A707975156C09CDD483F122F3A844AA3AC925CB6EC0BD0B7_analysis-10.csv;user-I316785;3;1615186874;3;true;-0.5923842953784197;0.0;Infinity;1;B
user-I316785_session-04783A9FA13A5107A707975156C09CDD483F122F3A844AA3AC925CB6EC0BD0B7_analysis-10.csv;user-I316785;3;-69067550;4;true;-0.6152503691205343;0.0;Infinity;1;B
user-I316785_session-04783A9FA13A5107A707975156C09CDD483F122F3A844AA3AC925CB6EC0BD0B7_analysis-10.csv;user-I316785;3;1065039382;4;true;-0.5929478559408058;0.0;Infinity;1;B
user-I316785_session-04783A9FA13A5107A707975156C09CDD483F122F3A844AA3AC925CB6EC0BD0B7_analysis-10.csv;user-I316785;3;-1099418937;4;true;-0.31822905649332767;0.0;Infinity;1;B
user-I316785_session-04783A9FA13A5107A707975156C09CDD483F122F3A844AA3AC925CB6EC0BD0B7_analysis-10.csv;user-I316785;3;66049918;4;true;-0.6114367163188454;0.0;Infinity;1;B
user-I316785_session-04783A9FA13A5107A707975156C09CDD483F122F3A844AA3AC925CB6EC0BD0B7_analysis-10.csv;user-I316785;3;-1282890188;4;true;1.468792063992317;0.0;Infinity;1;B
user-I316785_session-04783A9FA13A5107A707975156C09CDD483F122F3A844AA3AC925CB6EC0BD0B7_analysis-10.csv;user-I316785;3;2105911807;4;true;-0.5518260412500724;0.0;Infinity;1;B
user-I316785_session-04783A9FA13A5107A707975156C09CDD483F122F3A844AA3AC925CB6EC0BD0B7_analysis-10.csv;user-I316785;3;-777595372;4;true;-0.2751178051185084;0.0;Infinity;1;B
user-I316785_session-04783A9FA13A5107A707975156C09CDD483F122F3A844AA3AC925CB6EC0BD0B7_analysis-10.csv;user-I316785;3;1454486684;5;true;-0.5885706425767309;0.0;Infinity;1;B
user-I316785_session-04783A9FA13A5107A707975156C09CDD483F122F3A844AA3AC925CB6EC0BD0B7_analysis-10.csv;user-I316785;3;-2062827083;4;true;-0.5945072664929505;0.0;Infinity;1;B
user-I316785_session-04783A9FA13A5107A707975156C09CDD483F122F3A844AA3AC925CB6EC0BD0B7_analysis-10.csv;user-I316785;4;-1025028747;4;true;-0.3010234846248178;0.0;Infinity;1;B
user-I316785_session-04783A9FA13A5107A707975156C09CDD483F122F3A844AA3AC925CB6EC0BD0B7_analysis-10.csv;user-I316785;4;-1345374096;3;true;-0.33643274164702736;0.0;Infinity;1;B
user-I316785_session-04783A9FA13A5107A707975156C09CDD483F122F3A844AA3AC925CB6EC0BD0B7_analysis-10.csv;user-I316785;4;-1578146949;4;true;-0.35077524479498146;0.0;Infinity;1;B
user-I316785_session-04783A9FA13A5107A707975156C09CDD483F122F3A844AA3AC925CB6EC0BD0B7_analysis-10.csv;user-I316785;4;618785809;4;true;-0.5459075236973029;0.0;Infinity;1;B
user-I316785_session-04783A9FA13A5107A707975156C09CDD483F122F3A844AA3AC925CB6EC0BD0B7_analysis-10.csv;user-I316785;4;571241305;4;true;-0.5202598598701582;0.0;Infinity;1;B
user-I316785_session-04783A9FA13A5107A707975156C09CDD483F122F3A844AA3AC925CB6EC0BD0B7_analysis-10.csv;user-I316785;4;1926240362;3;true;-0.5479603326534642;0.0;Infinity;1;B
user-I316785_session-04783A9FA13A5107A707975156C09CDD483F122F3A844AA3AC925CB6EC0BD0B7_analysis-10.csv;user-I316785;4;-1705576743;4;true;1.3943251177126916;0.0;Infinity;1;B
user-I316785_session-04783A9FA13A5107A707975156C09CDD483F122F3A844AA3AC925CB6EC0BD0B7_analysis-10.csv;user-I316785;4;1696306805;4;true;-0.43866579627746555;0.0;Infinity;1;B
user-I316785_session-04783A9FA13A5107A707975156C09CDD483F122F3A844AA3AC925CB6EC0BD0B7_analysis-10.csv;user-I316785;4;1003158696;4;true;-0.4121128142778131;0.0;Infinity;1;B
user-I316785_session-04783A9FA13A5107A707975156C09CDD483F122F3A844AA3AC925CB6EC0BD0B7_analysis-10.csv;user-I316785;4;-1463507536;3;true;-0.6013854213085781;0.0;Infinity;1;B
user-I316785_session-04783A9FA13A5107A707975156C09CDD483F122F3A844AA3AC925CB6EC0BD0B7_analysis-10.csv;user-I316785;4;-1417755117;4;true;-0.4859867771544459;0.0;Infinity;1;B
user-I316785_session-04783A9FA13A5107A707975156C09CDD483F122F3A844AA3AC925CB6EC0BD0B7_analysis-10.csv;user-I316785;4;-1994002015;4;true;-0.5318841452051578;0.0;Infinity;1;B
user-I316785_session-04783A9FA13A5107A707975156C09CDD483F122F3A844AA3AC925CB6EC0BD0B7_analysis-10.csv;user-I316785;4;350605775;4;true;-0.5661957039432017;0.0;Infinity;1;B
user-I316785_session-04783A9FA13A5107A707975156C09CDD483F122F3A844AA3AC925CB6EC0BD0B7_analysis-10.csv;user-I316785;4;1794975140;4;true;0.2861432491093992;0.0;Infinity;1;B
user-I316785_session-04783A9FA13A5107A707975156C09CDD483F122F3A844AA3AC925CB6EC0BD0B7_analysis-10.csv;user-I316785;4;-1562024468;4;true;-0.5898177183593603;0.0;Infinity;1;B
user-I316785_session-04783A9FA13A5107A707975156C09CDD483F122F3A844AA3AC925CB6EC0BD0B7_analysis-10.csv;user-I316785;4;-1950398193;4;true;-0.312930681888726;0.0;Infinity;1;B
user-I316785_session-04783A9FA13A5107A707975156C09CDD483F122F3A844AA3AC925CB6EC0BD0B7_analysis-10.csv;user-I316785;4;-996657663;3;true;-0.6122628191512588;0.0;Infinity;1;B
user-I316785_session-04783A9FA13A5107A707975156C09CDD483F122F3A844AA3AC925CB6EC0BD0B7_analysis-10.csv;user-I316785;4;1371871151;4;true;-0.10806396933651496;0.0;Infinity;1;B
user-I316785_session-04783A9FA13A5107A707975156C09CDD483F122F3A844AA3AC925CB6EC0BD0B7_analysis-10.csv;user-I316785;4;1280614737;4;true;-0.0157939411945246;0.0;Infinity;1;B
user-I316785_session-04783A9FA13A5107A707975156C09CDD483F122F3A844AA3AC925CB6EC0BD0B7_analysis-10.csv;user-I316785;4;-1848108966;3;true;3.1121256107283934;0.0;Infinity;1;B
user-I316785_session-04783A9FA13A5107A707975156C09CDD483F122F3A844AA3AC925CB6EC0BD0B7_analysis-10.csv;user-I316785;4;429573997;4;true;1.3575556201362893;0.0;Infinity;1;B
user-I316785_session-04783A9FA13A5107A707975156C09CDD483F122F3A844AA3AC925CB6EC0BD0B7_analysis-10.csv;user-I316785;4;1003080599;4;true;-0.379815588473599;0.0;Infinity;1;B
user-I316785_session-04783A9FA13A5107A707975156C09CDD483F122F3A844AA3AC925CB6EC0BD0B7_analysis-10.csv;user-I316785;4;-1307876463;4;true;-0.3979174253328915;0.0;Infinity;1;B
user-I316785_session-04783A9FA13A5107A707975156C09CDD483F122F3A844AA3AC925CB6EC0BD0B7_analysis-10.csv;user-I316785;4;734815350;4;true;-0.5436917574700901;0.0;Infinity;1;B
user-I316785_session-04783A9FA13A5107A707975156C09CDD483F122F3A844AA3AC925CB6EC0BD0B7_analysis-10.csv;user-I316785;4;92729137;4;true;-0.4433281848658805;0.0;Infinity;1;B
user-I316785_session-04783A9FA13A5107A707975156C09CDD483F122F3A844AA3AC925CB6EC0BD0B7_analysis-10.csv;user-I316785;4;1798342657;5;true;-0.5281564976298571;0.0;Infinity;1;B
user-I316785_session-04783A9FA13A5107A707975156C09CDD483F122F3A844AA3AC925CB6EC0BD0B7_analysis-10.csv;user-I316785;4;-928918933;5;true;-0.5245420148261198;0.0;Infinity;1;B
user-I316785_session-04783A9FA13A5107A707975156C09CDD483F122F3A844AA3AC925CB6EC0BD0B7_analysis-10.csv;user-I316785;4;1071938505;5;true;1.0641510536082508;0.0;Infinity;1;B
user-I316785_session-04783A9FA13A5107A707975156C09CDD483F122F3A844AA3AC925CB6EC0BD0B7_analysis-10.csv;user-I316785;4;1749358919;6;true;-0.4159762595789899;0.0;Infinity;1;B
user-I316785_session-04783A9FA13A5107A707975156C09CDD483F122F3A844AA3AC925CB6EC0BD0B7_analysis-10.csv;user-I316785;4;-591555183;7;true;-0.22032342272747654;0.0;Infinity;1;B
user-I316785_session-04783A9FA13A5107A707975156C09CDD483F122F3A844AA3AC925CB6EC0BD0B7_analysis-10.csv;user-I316785;4;-627591479;4;true;2.4565937751972533;0.0;Infinity;1;B
user-I316785_session-04783A9FA13A5107A707975156C09CDD483F122F3A844AA3AC925CB6EC0BD0B7_analysis-10.csv;user-I316785;4;1081960595;4;true;-0.48520594023065794;0.0;Infinity;1;B
user-I316785_session-04783A9FA13A5107A707975156C09CDD483F122F3A844AA3AC925CB6EC0BD0B7_analysis-10.csv;user-I316785;4;512718861;4;true;-0.13356451896062713;0.0;Infinity;1;B
user-I316785_session-04783A9FA13A5107A707975156C09CDD483F122F3A844AA3AC925CB6EC0BD0B7_analysis-10.csv;user-I316785;4;473566264;4;true;-0.3824998568550844;0.0;Infinity;1;B
user-I316785_session-04783A9FA13A5107A707975156C09CDD483F122F3A844AA3AC925CB6EC0BD0B7_analysis-10.csv;user-I316785;4;-678874322;4;true;-0.5917302029987829;0.0;Infinity;1;B
user-I316785_session-04783A9FA13A5107A707975156C09CDD483F122F3A844AA3AC925CB6EC0BD0B7_analysis-10.csv;user-I316785;4;-283843971;4;true;-0.4146861811831664;0.0;Infinity;1;B
user-I316785_session-04783A9FA13A5107A707975156C09CDD483F122F3A844AA3AC925CB6EC0BD0B7_analysis-10.csv;user-I316785;4;1214101365;4;true;-0.5123451157470091;0.0;Infinity;1;B
user-I316785_session-04783A9FA13A5107A707975156C09CDD483F122F3A844AA3AC925CB6EC0BD0B7_analysis-10.csv;user-I316785;4;-897841200;5;true;-0.2690544366581377;0.0;Infinity;1;B
user-I316785_session-04783A9FA13A5107A707975156C09CDD483F122F3A844AA3AC925CB6EC0BD0B7_analysis-10.csv;user-I316785;4;-1853839831;4;true;1.4392741649777017;0.0;Infinity;1;B
user-I316785_session-04783A9FA13A5107A707975156C09CDD483F122F3A844AA3AC925CB6EC0BD0B7_analysis-10.csv;user-I316785;4;-833510251;4;true;-0.6050157471803342;0.0;Infinity;1;B
user-I316785_session-04783A9FA13A5107A707975156C09CDD483F122F3A844AA3AC925CB6EC0BD0B7_analysis-10.csv;user-I316785;4;1450332468;5;true;0.1356771055431791;0.0;Infinity;1;B
user-I316785_session-04783A9FA13A5107A707975156C09CDD483F122F3A844AA3AC925CB6EC0BD0B7_analysis-10.csv;user-I316785;4;1293412054;4;true;-0.494288544796342;0.0;Infinity;1;B
user-I316785_session-04783A9FA13A5107A707975156C09CDD483F122F3A844AA3AC925CB6EC0BD0B7_analysis-10.csv;user-I316785;4;39836820;6;true;-0.42901736785396416;0.0;Infinity;1;B
user-I316785_session-04783A9FA13A5107A707975156C09CDD483F122F3A844AA3AC925CB6EC0BD0B7_analysis-10.csv;user-I316785;4;1744618306;4;true;-0.5260154201518763;0.0;Infinity;1;B
user-I316785_session-04783A9FA13A5107A707975156C09CDD483F122F3A844AA3AC925CB6EC0BD0B7_analysis-10.csv;user-I316785;4;1812679580;4;true;1.5183265478010788;0.0;Infinity;1;B
user-I316785_session-04783A9FA13A5107A707975156C09CDD483F122F3A844AA3AC925CB6EC0BD0B7_analysis-10.csv;user-I316785;4;-18582297;4;true;0.12248888306517239;0.0;Infinity;1;B
user-I316785_session-04783A9FA13A5107A707975156C09CDD483F122F3A844AA3AC925CB6EC0BD0B7_analysis-10.csv;user-I316785;4;-395026010;4;true;-0.586076491011472;0.0;Infinity;1;B
user-I316785_session-04783A9FA13A5107A707975156C09CDD483F122F3A844AA3AC925CB6EC0BD0B7_analysis-10.csv;user-I316785;4;-2056211866;4;true;-0.5458532046069524;0.0;Infinity;1;B
user-I316785_session-04783A9FA13A5107A707975156C09CDD483F122F3A844AA3AC925CB6EC0BD0B7_analysis-10.csv;user-I316785;4;-954899996;4;true;2.758103202664667;0.0;Infinity;1;B
user-I316785_session-04783A9FA13A5107A707975156C09CDD483F122F3A844AA3AC925CB6EC0BD0B7_analysis-10.csv;user-I316785;4;635859642;4;true;-0.6235770330121745;0.0;Infinity;1;B
user-I316785_session-04783A9FA13A5107A707975156C09CDD483F122F3A844AA3AC925CB6EC0BD0B7_analysis-10.csv;user-I316785;4;-777485605;4;true;-0.5294375228439556;0.0;Infinity;1;B
user-I316785_session-04783A9FA13A5107A707975156C09CDD483F122F3A844AA3AC925CB6EC0BD0B7_analysis-10.csv;user-I316785;4;-1567476630;5;true;-0.5348920648333148;0.0;Infinity;1;B
user-I316785_session-04783A9FA13A5107A707975156C09CDD483F122F3A844AA3AC925CB6EC0BD0B7_analysis-10.csv;user-I316785;4;1069526477;3;true;-0.1429413519323762;0.0;Infinity;1;B
user-I316785_session-04783A9FA13A5107A707975156C09CDD483F122F3A844AA3AC925CB6EC0BD0B7_analysis-10.csv;user-I316785;4;-1971730877;4;true;0.21449410564170424;0.0;Infinity;1;B
user-I316785_session-04783A9FA13A5107A707975156C09CDD483F122F3A844AA3AC925CB6EC0BD0B7_analysis-10.csv;user-I316785;4;1075077355;4;true;0.17709088534454634;0.0;Infinity;1;B
user-I316785_session-04783A9FA13A5107A707975156C09CDD483F122F3A844AA3AC925CB6EC0BD0B7_analysis-10.csv;user-I316785;4;1660820403;5;true;-0.29236185300934986;0.0;Infinity;1;B
user-I316785_session-04783A9FA13A5107A707975156C09CDD483F122F3A844AA3AC925CB6EC0BD0B7_analysis-10.csv;user-I316785;4;621690033;4;true;-0.541303980790101;0.0;Infinity;1;B
user-I316785_session-04783A9FA13A5107A707975156C09CDD483F122F3A844AA3AC925CB6EC0BD0B7_analysis-10.csv;user-I316785;4;-577512918;4;true;0.09172164497249634;0.0;Infinity;1;B
user-I316785_session-04783A9FA13A5107A707975156C09CDD483F122F3A844AA3AC925CB6EC0BD0B7_analysis-10.csv;user-I316785;4;50191213;4;true;-0.6018652399400072;0.0;Infinity;1;B
user-I316785_session-04783A9FA13A5107A707975156C09CDD483F122F3A844AA3AC925CB6EC0BD0B7_analysis-10.csv;user-I316785;4;1080619287;4;true;-0.5251214184565248;0.0;Infinity;1;B
user-I316785_session-04783A9FA13A5107A707975156C09CDD483F122F3A844AA3AC925CB6EC0BD0B7_analysis-10.csv;user-I316785;4;1076123306;4;true;-0.6074510530643801;0.0;Infinity;1;B
user-I316785_session-04783A9FA13A5107A707975156C09CDD483F122F3A844AA3AC925CB6EC0BD0B7_analysis-10.csv;user-I316785;4;-546846326;4;true;-0.35656475450816855;0.0;Infinity;1;B
user-I316785_session-04783A9FA13A5107A707975156C09CDD483F122F3A844AA3AC925CB6EC0BD0B7_analysis-10.csv;user-I316785;4;1217110243;3;true;-0.25337658920573464;0.0;Infinity;1;B
user-I316785_session-04783A9FA13A5107A707975156C09CDD483F122F3A844AA3AC925CB6EC0BD0B7_analysis-10.csv;user-I316785;4;316117431;4;true;-0.5763081079301133;0.0;Infinity;1;B
user-I316785_session-04783A9FA13A5107A707975156C09CDD483F122F3A844AA3AC925CB6EC0BD0B7_analysis-10.csv;user-I316785;4;777640596;5;true;0.7440848668998593;0.0;Infinity;1;B
user-I316785_session-04783A9FA13A5107A707975156C09CDD483F122F3A844AA3AC925CB6EC0BD0B7_analysis-10.csv;user-I316785;4;196535208;3;true;0.1522376382137772;0.0;Infinity;1;B
user-I316785_session-04783A9FA13A5107A707975156C09CDD483F122F3A844AA3AC925CB6EC0BD0B7_analysis-10.csv;user-I316785;4;-1035118267;4;true;1.1419903100804676;0.0;Infinity;1;B
user-I316785_session-04783A9FA13A5107A707975156C09CDD483F122F3A844AA3AC925CB6EC0BD0B7_analysis-10.csv;user-I316785;4;196568808;4;true;-0.12177727635457618;0.0;Infinity;1;B
user-I316785_session-04783A9FA13A5107A707975156C09CDD483F122F3A844AA3AC925CB6EC0BD0B7_analysis-10.csv;user-I316785;4;1073351554;4;true;-0.5888920305279711;0.0;Infinity;1;B
user-I316785_session-04783A9FA13A5107A707975156C09CDD483F122F3A844AA3AC925CB6EC0BD0B7_analysis-10.csv;user-I316785;4;-726023476;4;true;3.451119737128491;0.0;Infinity;1;B
user-I316785_session-04783A9FA13A5107A707975156C09CDD483F122F3A844AA3AC925CB6EC0BD0B7_analysis-10.csv;user-I316785;4;1926671107;4;true;-0.5574163809653078;0.0;Infinity;1;B
user-I316785_session-04783A9FA13A5107A707975156C09CDD483F122F3A844AA3AC925CB6EC0BD0B7_analysis-10.csv;user-I316785;4;1804144847;4;true;0.7783964256379032;0.0;Infinity;1;B
user-I316785_session-04783A9FA13A5107A707975156C09CDD483F122F3A844AA3AC925CB6EC0BD0B7_analysis-10.csv;user-I316785;4;1074382707;5;true;-0.3009850086024862;0.0;Infinity;1;B
user-I316785_session-04783A9FA13A5107A707975156C09CDD483F122F3A844AA3AC925CB6EC0BD0B7_analysis-10.csv;user-I316785;4;759540867;4;true;-0.4150845211790698;0.0;Infinity;1;B
user-I316785_session-04783A9FA13A5107A707975156C09CDD483F122F3A844AA3AC925CB6EC0BD0B7_analysis-10.csv;user-I316785;4;2044215619;4;true;-0.5835212304695688;0.0;Infinity;1;B
user-I316785_session-04783A9FA13A5107A707975156C09CDD483F122F3A844AA3AC925CB6EC0BD0B7_analysis-10.csv;user-I316785;4;-821009408;4;true;-0.4998404084892458;0.0;Infinity;1;B
user-I316785_session-04783A9FA13A5107A707975156C09CDD483F122F3A844AA3AC925CB6EC0BD0B7_analysis-10.csv;user-I316785;4;-1854009922;5;true;-0.4825737276440916;0.0;Infinity;1;B
user-I316785_session-04783A9FA13A5107A707975156C09CDD483F122F3A844AA3AC925CB6EC0BD0B7_analysis-10.csv;user-I316785;4;1143847374;3;true;-0.43362770064745987;0.0;Infinity;1;B
user-I316785_session-04783A9FA13A5107A707975156C09CDD483F122F3A844AA3AC925CB6EC0BD0B7_analysis-10.csv;user-I316785;4;1081054447;5;true;0.6802803053969441;0.0;11.89238459519291;1;B
user-I316785_session-04783A9FA13A5107A707975156C09CDD483F122F3A844AA3AC925CB6EC0BD0B7_analysis-10.csv;user-I316785;4;116399818;3;true;-0.6140168731104926;0.0;Infinity;1;B
user-I316785_session-04783A9FA13A5107A707975156C09CDD483F122F3A844AA3AC925CB6EC0BD0B7_analysis-10.csv;user-I316785;4;-983669401;5;true;6.723270053704481;0.0;Infinity;1;B
user-I316785_session-04783A9FA13A5107A707975156C09CDD483F122F3A844AA3AC925CB6EC0BD0B7_analysis-10.csv;user-I316785;4;1078778555;4;true;2.0224665519346097;0.0;Infinity;1;B
user-I316785_session-04783A9FA13A5107A707975156C09CDD483F122F3A844AA3AC925CB6EC0BD0B7_analysis-10.csv;user-I316785;4;2056562925;4;true;-0.4524039995452707;0.0;Infinity;1;B
user-I316785_session-04783A9FA13A5107A707975156C09CDD483F122F3A844AA3AC925CB6EC0BD0B7_analysis-10.csv;user-I316785;4;1072310060;6;true;1.7089005497048237;0.0;Infinity;1;B
user-I316785_session-04783A9FA13A5107A707975156C09CDD483F122F3A844AA3AC925CB6EC0BD0B7_analysis-10.csv;user-I316785;4;-509707012;5;true;0.5122736222383861;0.0;Infinity;1;B
user-I316785_session-04783A9FA13A5107A707975156C09CDD483F122F3A844AA3AC925CB6EC0BD0B7_analysis-10.csv;user-I316785;4;448246076;6;true;0.6863414105618835;0.0;Infinity;1;B
user-I316785_session-04783A9FA13A5107A707975156C09CDD483F122F3A844AA3AC925CB6EC0BD0B7_analysis-10.csv;user-I316785;4;1003430385;4;true;0.07890233964978655;0.0;Infinity;1;B
user-I316785_session-04783A9FA13A5107A707975156C09CDD483F122F3A844AA3AC925CB6EC0BD0B7_analysis-10.csv;user-I316785;4;-68986718;5;true;0.27902971156891954;0.0;Infinity;1;B
user-I316785_session-04783A9FA13A5107A707975156C09CDD483F122F3A844AA3AC925CB6EC0BD0B7_analysis-10.csv;user-I316785;4;468752871;4;true;-0.5373545302625359;0.0;Infinity;1;B
user-I316785_session-04783A9FA13A5107A707975156C09CDD483F122F3A844AA3AC925CB6EC0BD0B7_analysis-10.csv;user-I316785;4;-1304827976;4;true;-0.5644235436205177;0.0;Infinity;1;B
user-I316785_session-04783A9FA13A5107A707975156C09CDD483F122F3A844AA3AC925CB6EC0BD0B7_analysis-10.csv;user-I316785;4;-624448390;3;true;-0.5701157316301603;0.0;Infinity;1;B
user-I316785_session-04783A9FA13A5107A707975156C09CDD483F122F3A844AA3AC925CB6EC0BD0B7_analysis-10.csv;user-I316785;4;-1708192764;5;true;-0.5575340723277338;0.0;Infinity;1;B
user-I316785_session-04783A9FA13A5107A707975156C09CDD483F122F3A844AA3AC925CB6EC0BD0B7_analysis-10.csv;user-I316785;4;1003359607;3;true;-0.6022613166404793;0.0;Infinity;1;B
user-I316785_session-04783A9FA13A5107A707975156C09CDD483F122F3A844AA3AC925CB6EC0BD0B7_analysis-10.csv;user-I316785;4;-1149575153;4;true;-0.5244763792586131;0.0;Infinity;1;B
user-I316785_session-04783A9FA13A5107A707975156C09CDD483F122F3A844AA3AC925CB6EC0BD0B7_analysis-10.csv;user-I316785;4;-1026470032;4;true;1.0494894258044878;0.0;Infinity;1;B
user-I316785_session-04783A9FA13A5107A707975156C09CDD483F122F3A844AA3AC925CB6EC0BD0B7_analysis-10.csv;user-I316785;4;2028687741;5;true;-0.4971629299940541;0.0;Infinity;1;B
user-I316785_session-04783A9FA13A5107A707975156C09CDD483F122F3A844AA3AC925CB6EC0BD0B7_analysis-10.csv;user-I316785;4;-1181677695;4;true;1.375836257334652;0.0;Infinity;1;B
user-I316785_session-04783A9FA13A5107A707975156C09CDD483F122F3A844AA3AC925CB6EC0BD0B7_analysis-10.csv;user-I316785;4;136732;4;true;1.8286107716555242;0.0;Infinity;1;B
user-I316785_session-04783A9FA13A5107A707975156C09CDD483F122F3A844AA3AC925CB6EC0BD0B7_analysis-10.csv;user-I316785;4;-1031548187;4;true;1.9830241024538782;0.0;Infinity;1;B
user-I316785_session-04783A9FA13A5107A707975156C09CDD483F122F3A844AA3AC925CB6EC0BD0B7_analysis-10.csv;user-I316785;4;-1069434870;4;true;-0.43909129581854417;0.0;Infinity;1;B
user-I316785_session-04783A9FA13A5107A707975156C09CDD483F122F3A844AA3AC925CB6EC0BD0B7_analysis-10.csv;user-I316785;4;-501800765;6;true;-0.5632896326094518;0.0;Infinity;1;B
user-I316785_session-04783A9FA13A5107A707975156C09CDD483F122F3A844AA3AC925CB6EC0BD0B7_analysis-10.csv;user-I316785;4;230372649;5;true;-0.5991221258773087;0.0;Infinity;1;B
user-I316785_session-04783A9FA13A5107A707975156C09CDD483F122F3A844AA3AC925CB6EC0BD0B7_analysis-10.csv;user-I316785;4;875178989;4;true;-0.08669619716990068;0.0;Infinity;1;B
user-I316785_session-04783A9FA13A5107A707975156C09CDD483F122F3A844AA3AC925CB6EC0BD0B7_analysis-10.csv;user-I316785;4;630073327;4;true;-0.5507917152379822;0.0;Infinity;1;B
user-I316785_session-04783A9FA13A5107A707975156C09CDD483F122F3A844AA3AC925CB6EC0BD0B7_analysis-10.csv;user-I316785;4;913177094;5;true;-0.6062537697812386;0.0;Infinity;1;B
user-I316785_session-04783A9FA13A5107A707975156C09CDD483F122F3A844AA3AC925CB6EC0BD0B7_analysis-10.csv;user-I316785;4;-1073144081;7;true;-0.3726907344559629;0.0;Infinity;1;B
user-I316785_session-04783A9FA13A5107A707975156C09CDD483F122F3A844AA3AC925CB6EC0BD0B7_analysis-10.csv;user-I316785;4;-1152938029;5;true;0.46994999767364865;0.0;Infinity;1;B
user-I316785_session-04783A9FA13A5107A707975156C09CDD483F122F3A844AA3AC925CB6EC0BD0B7_analysis-10.csv;user-I316785;4;-1175191970;6;true;-0.59489881660256;0.0;Infinity;1;B
user-I316785_session-04783A9FA13A5107A707975156C09CDD483F122F3A844AA3AC925CB6EC0BD0B7_analysis-10.csv;user-I316785;4;1709275538;4;true;0.315833158576791;0.0;Infinity;1;B
user-I316785_session-04783A9FA13A5107A707975156C09CDD483F122F3A844AA3AC925CB6EC0BD0B7_analysis-10.csv;user-I316785;4;1132170913;5;true;-0.28708837465449216;0.0;Infinity;1;B
user-I316785_session-04783A9FA13A5107A707975156C09CDD483F122F3A844AA3AC925CB6EC0BD0B7_analysis-10.csv;user-I316785;4;-389169290;4;true;-0.5078004185210202;0.0;Infinity;1;B
user-I316785_session-04783A9FA13A5107A707975156C09CDD483F122F3A844AA3AC925CB6EC0BD0B7_analysis-10.csv;user-I316785;4;1500583498;3;true;1.0246112824239746;0.0;Infinity;1;B
user-I316785_session-04783A9FA13A5107A707975156C09CDD483F122F3A844AA3AC925CB6EC0BD0B7_analysis-10.csv;user-I316785;4;-2092390746;4;true;-0.35945950936476206;0.0;Infinity;1;B
user-I316785_session-04783A9FA13A5107A707975156C09CDD483F122F3A844AA3AC925CB6EC0BD0B7_analysis-10.csv;user-I316785;4;-686904356;3;true;0.14289928126435972;0.0;Infinity;1;B
user-I316785_session-04783A9FA13A5107A707975156C09CDD483F122F3A844AA3AC925CB6EC0BD0B7_analysis-10.csv;user-I316785;4;1829580861;4;true;-0.4783051524607176;0.0;Infinity;1;B
user-I316785_session-04783A9FA13A5107A707975156C09CDD483F122F3A844AA3AC925CB6EC0BD0B7_analysis-10.csv;user-I316785;4;-193883673;4;true;0.520681764765552;0.0;Infinity;1;B
user-I316785_session-04783A9FA13A5107A707975156C09CDD483F122F3A844AA3AC925CB6EC0BD0B7_analysis-10.csv;user-I316785;4;-1389810941;3;true;-0.6140100832241987;0.0;Infinity;1;B
user-I316785_session-04783A9FA13A5107A707975156C09CDD483F122F3A844AA3AC925CB6EC0BD0B7_analysis-10.csv;user-I316785;4;1414033727;4;true;-0.6134601024344003;0.0;Infinity;1;B
user-I316785_session-04783A9FA13A5107A707975156C09CDD483F122F3A844AA3AC925CB6EC0BD0B7_analysis-10.csv;user-I316785;4;436641858;4;true;-0.41109659462917314;0.0;Infinity;1;B
user-I316785_session-04783A9FA13A5107A707975156C09CDD483F122F3A844AA3AC925CB6EC0BD0B7_analysis-10.csv;user-I316785;4;608111986;4;true;-0.5357023245977093;0.0;Infinity;1;B
user-I316785_session-04783A9FA13A5107A707975156C09CDD483F122F3A844AA3AC925CB6EC0BD0B7_analysis-10.csv;user-I316785;4;1475891039;4;true;4.062069179254487;0.0;Infinity;1;B
user-I316785_session-04783A9FA13A5107A707975156C09CDD483F122F3A844AA3AC925CB6EC0BD0B7_analysis-10.csv;user-I316785;4;1639793776;4;true;0.04004155709489117;0.0;Infinity;1;B
user-I316785_session-04783A9FA13A5107A707975156C09CDD483F122F3A844AA3AC925CB6EC0BD0B7_analysis-10.csv;user-I316785;4;1939086048;4;true;-0.5920448010637294;0.0;Infinity;1;B
user-I316785_session-04783A9FA13A5107A707975156C09CDD483F122F3A844AA3AC925CB6EC0BD0B7_analysis-10.csv;user-I316785;4;-1790637500;4;true;-0.17579987500354516;0.0;Infinity;1;B
user-I316785_session-04783A9FA13A5107A707975156C09CDD483F122F3A844AA3AC925CB6EC0BD0B7_analysis-10.csv;user-I316785;4;-2058092308;4;true;-0.48858956690040567;0.0;Infinity;1;B
user-I316785_session-04783A9FA13A5107A707975156C09CDD483F122F3A844AA3AC925CB6EC0BD0B7_analysis-10.csv;user-I316785;4;-1819978646;4;true;-0.54091016738506;0.0;Infinity;1;B
user-I316785_session-04783A9FA13A5107A707975156C09CDD483F122F3A844AA3AC925CB6EC0BD0B7_analysis-10.csv;user-I316785;4;1069734009;4;true;-0.5775529204173114;0.0;Infinity;1;B
user-I316785_session-04783A9FA13A5107A707975156C09CDD483F122F3A844AA3AC925CB6EC0BD0B7_analysis-10.csv;user-I316785;4;1081206037;4;true;-0.5747192745373622;0.0;Infinity;1;B
user-I316785_session-04783A9FA13A5107A707975156C09CDD483F122F3A844AA3AC925CB6EC0BD0B7_analysis-10.csv;user-I316785;4;526567908;3;true;-0.6136705889095083;0.0;Infinity;1;B
user-I316785_session-04783A9FA13A5107A707975156C09CDD483F122F3A844AA3AC925CB6EC0BD0B7_analysis-10.csv;user-I316785;4;-671507334;5;true;-0.5046431213943995;0.0;Infinity;1;B
user-I316785_session-04783A9FA13A5107A707975156C09CDD483F122F3A844AA3AC925CB6EC0BD0B7_analysis-10.csv;user-I316785;4;474040741;4;true;-0.33789709379105864;0.0;Infinity;1;B
user-I316785_session-04783A9FA13A5107A707975156C09CDD483F122F3A844AA3AC925CB6EC0BD0B7_analysis-10.csv;user-I316785;4;852785433;4;true;-0.5630135105668369;0.0;Infinity;1;B
user-I316785_session-04783A9FA13A5107A707975156C09CDD483F122F3A844AA3AC925CB6EC0BD0B7_analysis-10.csv;user-I316785;4;-1913350209;4;true;-0.6072496197709971;0.0;Infinity;1;B
user-I316785_session-04783A9FA13A5107A707975156C09CDD483F122F3A844AA3AC925CB6EC0BD0B7_analysis-10.csv;user-I316785;4;-992599013;4;true;-0.1989239644248245;0.0;Infinity;1;B
user-I316785_session-04783A9FA13A5107A707975156C09CDD483F122F3A844AA3AC925CB6EC0BD0B7_analysis-10.csv;user-I316785;4;-1328337552;6;true;-0.5292360895505726;0.0;Infinity;1;B
user-I316785_session-04783A9FA13A5107A707975156C09CDD483F122F3A844AA3AC925CB6EC0BD0B7_analysis-10.csv;user-I316785;4;-356107098;4;true;1.424220987064329;0.0;Infinity;1;B
user-I316785_session-04783A9FA13A5107A707975156C09CDD483F122F3A844AA3AC925CB6EC0BD0B7_analysis-10.csv;user-I316785;4;1077847349;4;true;-0.21962859103007684;0.0;Infinity;1;B
user-I316785_session-04783A9FA13A5107A707975156C09CDD483F122F3A844AA3AC925CB6EC0BD0B7_analysis-10.csv;user-I316785;4;-251642117;5;true;-0.4223836489449136;0.0;Infinity;1;B
user-I316785_session-04783A9FA13A5107A707975156C09CDD483F122F3A844AA3AC925CB6EC0BD0B7_analysis-10.csv;user-I316785;4;1076233951;4;true;-0.6028678798160596;0.0;Infinity;1;B
user-I316785_session-04783A9FA13A5107A707975156C09CDD483F122F3A844AA3AC925CB6EC0BD0B7_analysis-10.csv;user-I316785;4;2018550395;3;true;1.4953337295148132;0.0;Infinity;1;B
user-I316785_session-04783A9FA13A5107A707975156C09CDD483F122F3A844AA3AC925CB6EC0BD0B7_analysis-10.csv;user-I316785;4;-1395895594;4;true;-0.5129086763093952;0.0;Infinity;1;B
user-I316785_session-04783A9FA13A5107A707975156C09CDD483F122F3A844AA3AC925CB6EC0BD0B7_analysis-10.csv;user-I316785;4;-350138353;4;true;-0.61663324262904;0.0;Infinity;1;B
user-I316785_session-04783A9FA13A5107A707975156C09CDD483F122F3A844AA3AC925CB6EC0BD0B7_analysis-10.csv;user-I316785;4;1178475036;4;true;-0.620381259863222;0.0;Infinity;1;B
user-I316785_session-04783A9FA13A5107A707975156C09CDD483F122F3A844AA3AC925CB6EC0BD0B7_analysis-10.csv;user-I316785;4;-762399134;4;true;-0.6039429451459125;0.0;Infinity;1;B
user-I316785_session-04783A9FA13A5107A707975156C09CDD483F122F3A844AA3AC925CB6EC0BD0B7_analysis-10.csv;user-I316785;4;-1140939035;3;true;-0.60146011005781;0.0;Infinity;1;B
user-I316785_session-04783A9FA13A5107A707975156C09CDD483F122F3A844AA3AC925CB6EC0BD0B7_analysis-10.csv;user-I316785;4;72070582;4;true;1.5411926215431935;0.0;Infinity;1;B
user-I316785_session-04783A9FA13A5107A707975156C09CDD483F122F3A844AA3AC925CB6EC0BD0B7_analysis-10.csv;user-I316785;4;756721159;4;true;0.8330527470076277;0.0;Infinity;1;B
user-I316785_session-04783A9FA13A5107A707975156C09CDD483F122F3A844AA3AC925CB6EC0BD0B7_analysis-10.csv;user-I316785;4;916047800;4;true;-0.555435997462947;0.0;Infinity;1;B
user-I316785_session-04783A9FA13A5107A707975156C09CDD483F122F3A844AA3AC925CB6EC0BD0B7_analysis-10.csv;user-I316785;4;1071762525;3;true;-0.5832586881995416;0.0;Infinity;1;B
user-I316785_session-04783A9FA13A5107A707975156C09CDD483F122F3A844AA3AC925CB6EC0BD0B7_analysis-10.csv;user-I316785;4;1070456875;4;true;-0.6082499963516181;0.0;Infinity;1;B
user-I316785_session-04783A9FA13A5107A707975156C09CDD483F122F3A844AA3AC925CB6EC0BD0B7_analysis-10.csv;user-I316785;4;942701074;4;true;-0.5992488704214598;0.0;Infinity;1;B
user-I316785_session-04783A9FA13A5107A707975156C09CDD483F122F3A844AA3AC925CB6EC0BD0B7_analysis-10.csv;user-I316785;4;-584893774;4;true;-0.4792534732464195;0.0;Infinity;1;B
user-I316785_session-04783A9FA13A5107A707975156C09CDD483F122F3A844AA3AC925CB6EC0BD0B7_analysis-10.csv;user-I316785;4;1003453022;3;true;-0.4282817968388016;0.0;Infinity;1;B
user-I316785_session-04783A9FA13A5107A707975156C09CDD483F122F3A844AA3AC925CB6EC0BD0B7_analysis-10.csv;user-I316785;4;-1040764705;4;true;-0.558090843003826;0.0;Infinity;1;B
user-I316785_session-04783A9FA13A5107A707975156C09CDD483F122F3A844AA3AC925CB6EC0BD0B7_analysis-10.csv;user-I316785;4;1656215588;4;true;0.34663887269179866;0.0;Infinity;1;B
user-I316785_session-04783A9FA13A5107A707975156C09CDD483F122F3A844AA3AC925CB6EC0BD0B7_analysis-10.csv;user-I316785;4;-1512321145;4;true;-0.5738479057963235;0.0;Infinity;1;B
user-I316785_session-04783A9FA13A5107A707975156C09CDD483F122F3A844AA3AC925CB6EC0BD0B7_analysis-10.csv;user-I316785;4;-1260649220;4;true;0.46520386715427675;0.0;Infinity;1;B
user-I316785_session-04783A9FA13A5107A707975156C09CDD483F122F3A844AA3AC925CB6EC0BD0B7_analysis-10.csv;user-I316785;4;-804771502;3;true;1.8971433573143612;0.0;Infinity;1;B
user-I316785_session-04783A9FA13A5107A707975156C09CDD483F122F3A844AA3AC925CB6EC0BD0B7_analysis-10.csv;user-I316785;4;1003581449;4;true;-0.5969357824907024;0.0;Infinity;1;B
user-I316785_session-04783A9FA13A5107A707975156C09CDD483F122F3A844AA3AC925CB6EC0BD0B7_analysis-10.csv;user-I316785;4;-910710946;5;true;-0.3139242685830533;0.0;Infinity;1;B
user-I316785_session-04783A9FA13A5107A707975156C09CDD483F122F3A844AA3AC925CB6EC0BD0B7_analysis-10.csv;user-I316785;4;-690920556;4;true;1.2644323296167104;0.0;Infinity;1;B
user-I316785_session-04783A9FA13A5107A707975156C09CDD483F122F3A844AA3AC925CB6EC0BD0B7_analysis-10.csv;user-I316785;4;1066047613;4;true;-0.5276200966126463;0.0;Infinity;1;B
user-I316785_session-04783A9FA13A5107A707975156C09CDD483F122F3A844AA3AC925CB6EC0BD0B7_analysis-10.csv;user-I316785;4;642808401;4;true;-0.3425504291977485;0.0;Infinity;1;B
user-I316785_session-04783A9FA13A5107A707975156C09CDD483F122F3A844AA3AC925CB6EC0BD0B7_analysis-10.csv;user-I316785;4;-76814464;4;true;2.037938439502767;0.0;Infinity;1;B
user-I316785_session-04783A9FA13A5107A707975156C09CDD483F122F3A844AA3AC925CB6EC0BD0B7_analysis-10.csv;user-I316785;4;1003256447;4;true;-0.4511252376266035;0.0;Infinity;1;B
user-I316785_session-04783A9FA13A5107A707975156C09CDD483F122F3A844AA3AC925CB6EC0BD0B7_analysis-10.csv;user-I316785;4;-1217263895;4;true;2.1362084638330527;0.0;Infinity;1;B
user-I316785_session-04783A9FA13A5107A707975156C09CDD483F122F3A844AA3AC925CB6EC0BD0B7_analysis-10.csv;user-I316785;4;939626592;4;true;-0.21999071829907993;0.0;Infinity;1;B
user-I316785_session-04783A9FA13A5107A707975156C09CDD483F122F3A844AA3AC925CB6EC0BD0B7_analysis-10.csv;user-I316785;4;-1150039595;4;true;-0.6063873042116834;0.0;Infinity;1;B
user-I316785_session-04783A9FA13A5107A707975156C09CDD483F122F3A844AA3AC925CB6EC0BD0B7_analysis-10.csv;user-I316785;4;-1296182574;4;true;-0.274198907173413;0.0;Infinity;1;B
user-I316785_session-04783A9FA13A5107A707975156C09CDD483F122F3A844AA3AC925CB6EC0BD0B7_analysis-10.csv;user-I316785;4;-1094372698;4;true;0.5973011050003145;0.0;Infinity;1;B
user-I316785_session-04783A9FA13A5107A707975156C09CDD483F122F3A844AA3AC925CB6EC0BD0B7_analysis-10.csv;user-I316785;4;1434446760;4;true;-0.09555020889702652;0.0;Infinity;1;B
user-I316785_session-04783A9FA13A5107A707975156C09CDD483F122F3A844AA3AC925CB6EC0BD0B7_analysis-10.csv;user-I316785;4;1064509641;4;true;0.2441070630644329;0.0;Infinity;1;B
user-I316785_session-04783A9FA13A5107A707975156C09CDD483F122F3A844AA3AC925CB6EC0BD0B7_analysis-10.csv;user-I316785;4;1066047555;4;true;-0.18714124840963606;0.0;Infinity;1;B
user-I316785_session-04783A9FA13A5107A707975156C09CDD483F122F3A844AA3AC925CB6EC0BD0B7_analysis-10.csv;user-I316785;4;837449922;5;true;-0.3796435780208225;0.0;Infinity;1;B
user-I316785_session-04783A9FA13A5107A707975156C09CDD483F122F3A844AA3AC925CB6EC0BD0B7_analysis-10.csv;user-I316785;4;-363879352;4;true;-0.1521620175193677;0.0;Infinity;1;B
user-I316785_session-04783A9FA13A5107A707975156C09CDD483F122F3A844AA3AC925CB6EC0BD0B7_analysis-10.csv;user-I316785;4;1267678652;5;true;-0.6113869238193576;0.0;Infinity;1;B
user-I316785_session-04783A9FA13A5107A707975156C09CDD483F122F3A844AA3AC925CB6EC0BD0B7_analysis-10.csv;user-I316785;4;1134467597;3;true;-0.4479769936817078;0.0;Infinity;1;B
user-I316785_session-04783A9FA13A5107A707975156C09CDD483F122F3A844AA3AC925CB6EC0BD0B7_analysis-10.csv;user-I316785;4;1615186874;3;true;-0.5923842953784197;0.0;Infinity;1;B
user-I316785_session-04783A9FA13A5107A707975156C09CDD483F122F3A844AA3AC925CB6EC0BD0B7_analysis-10.csv;user-I316785;4;-69067550;4;true;-0.6152503691205343;0.0;Infinity;1;B
user-I316785_session-04783A9FA13A5107A707975156C09CDD483F122F3A844AA3AC925CB6EC0BD0B7_analysis-10.csv;user-I316785;4;1065039382;5;true;-0.5929478559408058;0.0;Infinity;1;B
user-I316785_session-04783A9FA13A5107A707975156C09CDD483F122F3A844AA3AC925CB6EC0BD0B7_analysis-10.csv;user-I316785;4;-1099418937;5;true;-0.31822905649332767;0.0;Infinity;1;B
user-I316785_session-04783A9FA13A5107A707975156C09CDD483F122F3A844AA3AC925CB6EC0BD0B7_analysis-10.csv;user-I316785;4;66049918;5;true;-0.6114367163188454;0.0;Infinity;1;B
user-I316785_session-04783A9FA13A5107A707975156C09CDD483F122F3A844AA3AC925CB6EC0BD0B7_analysis-10.csv;user-I316785;4;-1282890188;4;true;1.468792063992317;0.0;Infinity;1;B
user-I316785_session-04783A9FA13A5107A707975156C09CDD483F122F3A844AA3AC925CB6EC0BD0B7_analysis-10.csv;user-I316785;4;2105911807;3;true;-0.5518260412500724;0.0;Infinity;1;B
user-I316785_session-04783A9FA13A5107A707975156C09CDD483F122F3A844AA3AC925CB6EC0BD0B7_analysis-10.csv;user-I316785;4;-777595372;4;true;-0.2751178051185084;0.0;Infinity;1;B
user-I316785_session-04783A9FA13A5107A707975156C09CDD483F122F3A844AA3AC925CB6EC0BD0B7_analysis-10.csv;user-I316785;4;1454486684;4;true;-0.5885706425767309;0.0;Infinity;1;B
user-I316785_session-04783A9FA13A5107A707975156C09CDD483F122F3A844AA3AC925CB6EC0BD0B7_analysis-10.csv;user-I316785;4;-2062827083;3;true;-0.5945072664929505;0.0;Infinity;1;B
