session ;user;query position;cell hashcode;cell computation time;novelty;outlierness;relevance;surprise;query label;session label
user-I051892_session-05F964991B84D6A73AB5C73DA9CB1A97C34CB84348A55BE18FEB6A11A66B8BC9_analysis-6.csv;user-I051892;1;1906239541;5;true;NaN;0.0;Infinity;1;C
user-I051892_session-05F964991B84D6A73AB5C73DA9CB1A97C34CB84348A55BE18FEB6A11A66B8BC9_analysis-6.csv;user-I051892;2;-60668144;7;true;-0.5883212423968753;0.0;Infinity;1;C
user-I051892_session-05F964991B84D6A73AB5C73DA9CB1A97C34CB84348A55BE18FEB6A11A66B8BC9_analysis-6.csv;user-I051892;2;-547512291;8;true;0.2135999699907473;0.0;Infinity;1;C
user-I051892_session-05F964991B84D6A73AB5C73DA9CB1A97C34CB84348A55BE18FEB6A11A66B8BC9_analysis-6.csv;user-I051892;2;102927118;13;true;-0.48454320314671245;0.0;Infinity;1;C
user-I051892_session-05F964991B84D6A73AB5C73DA9CB1A97C34CB84348A55BE18FEB6A11A66B8BC9_analysis-6.csv;user-I051892;2;-667745417;10;true;0.1758625011725062;0.0;Infinity;1;C
user-I051892_session-05F964991B84D6A73AB5C73DA9CB1A97C34CB84348A55BE18FEB6A11A66B8BC9_analysis-6.csv;user-I051892;2;-1923146813;14;true;-0.5081291211581132;0.0;Infinity;1;C
user-I051892_session-05F964991B84D6A73AB5C73DA9CB1A97C34CB84348A55BE18FEB6A11A66B8BC9_analysis-6.csv;user-I051892;2;-268044739;17;true;-0.6307758948173966;0.0;Infinity;1;C
user-I051892_session-05F964991B84D6A73AB5C73DA9CB1A97C34CB84348A55BE18FEB6A11A66B8BC9_analysis-6.csv;user-I051892;2;-2115381961;11;true;-0.42793699991935086;0.0;Infinity;1;C
user-I051892_session-05F964991B84D6A73AB5C73DA9CB1A97C34CB84348A55BE18FEB6A11A66B8BC9_analysis-6.csv;user-I051892;2;105040630;15;true;-0.7770085864880807;0.0;Infinity;1;C
user-I051892_session-05F964991B84D6A73AB5C73DA9CB1A97C34CB84348A55BE18FEB6A11A66B8BC9_analysis-6.csv;user-I051892;2;-1401031804;29;true;-0.5049843320899263;0.0;Infinity;1;C
user-I051892_session-05F964991B84D6A73AB5C73DA9CB1A97C34CB84348A55BE18FEB6A11A66B8BC9_analysis-6.csv;user-I051892;2;-1569625400;13;true;-0.75342266847668;0.0;Infinity;1;C
user-I051892_session-05F964991B84D6A73AB5C73DA9CB1A97C34CB84348A55BE18FEB6A11A66B8BC9_analysis-6.csv;user-I051892;2;1979094113;11;true;-0.23453247222586537;0.0;Infinity;1;C
user-I051892_session-05F964991B84D6A73AB5C73DA9CB1A97C34CB84348A55BE18FEB6A11A66B8BC9_analysis-6.csv;user-I051892;2;-1149760183;11;true;0.42272844302516654;0.0;Infinity;1;C
user-I051892_session-05F964991B84D6A73AB5C73DA9CB1A97C34CB84348A55BE18FEB6A11A66B8BC9_analysis-6.csv;user-I051892;2;-461476208;11;true;-0.8886485984087106;0.0;Infinity;1;C
user-I051892_session-05F964991B84D6A73AB5C73DA9CB1A97C34CB84348A55BE18FEB6A11A66B8BC9_analysis-6.csv;user-I051892;2;173644459;9;true;-0.4059234764420436;0.0;Infinity;1;C
user-I051892_session-05F964991B84D6A73AB5C73DA9CB1A97C34CB84348A55BE18FEB6A11A66B8BC9_analysis-6.csv;user-I051892;2;851240853;12;true;1.1601814795149608;0.0;Infinity;1;C
user-I051892_session-05F964991B84D6A73AB5C73DA9CB1A97C34CB84348A55BE18FEB6A11A66B8BC9_analysis-6.csv;user-I051892;2;602465432;12;true;-0.48297080861261904;0.0;Infinity;1;C
user-I051892_session-05F964991B84D6A73AB5C73DA9CB1A97C34CB84348A55BE18FEB6A11A66B8BC9_analysis-6.csv;user-I051892;2;-974932530;9;true;-0.31315219893053425;0.0;Infinity;1;C
user-I051892_session-05F964991B84D6A73AB5C73DA9CB1A97C34CB84348A55BE18FEB6A11A66B8BC9_analysis-6.csv;user-I051892;2;-701582858;9;true;-0.18578824166897068;0.0;Infinity;1;C
user-I051892_session-05F964991B84D6A73AB5C73DA9CB1A97C34CB84348A55BE18FEB6A11A66B8BC9_analysis-6.csv;user-I051892;2;-1719127474;8;true;-0.4751088359421522;0.0;Infinity;1;C
user-I051892_session-05F964991B84D6A73AB5C73DA9CB1A97C34CB84348A55BE18FEB6A11A66B8BC9_analysis-6.csv;user-I051892;2;525953925;6;true;-0.29900064812369387;0.0;Infinity;1;C
user-I051892_session-05F964991B84D6A73AB5C73DA9CB1A97C34CB84348A55BE18FEB6A11A66B8BC9_analysis-6.csv;user-I051892;2;176959289;7;true;-0.5647353243854747;0.0;Infinity;1;C
user-I051892_session-05F964991B84D6A73AB5C73DA9CB1A97C34CB84348A55BE18FEB6A11A66B8BC9_analysis-6.csv;user-I051892;2;175534622;5;true;-0.42321981631707073;0.0;Infinity;1;C
user-I051892_session-05F964991B84D6A73AB5C73DA9CB1A97C34CB84348A55BE18FEB6A11A66B8BC9_analysis-6.csv;user-I051892;2;717068808;6;true;-0.4185026327147906;0.0;Infinity;1;C
user-I051892_session-05F964991B84D6A73AB5C73DA9CB1A97C34CB84348A55BE18FEB6A11A66B8BC9_analysis-6.csv;user-I051892;2;1829372600;6;true;-0.11188569856658191;0.0;Infinity;1;C
user-I051892_session-05F964991B84D6A73AB5C73DA9CB1A97C34CB84348A55BE18FEB6A11A66B8BC9_analysis-6.csv;user-I051892;2;105334956;6;true;0.13183545421789164;0.0;Infinity;1;C
user-I051892_session-05F964991B84D6A73AB5C73DA9CB1A97C34CB84348A55BE18FEB6A11A66B8BC9_analysis-6.csv;user-I051892;2;-141396907;12;true;1.8410283127773932;0.0;Infinity;1;C
user-I051892_session-05F964991B84D6A73AB5C73DA9CB1A97C34CB84348A55BE18FEB6A11A66B8BC9_analysis-6.csv;user-I051892;2;-255309665;7;true;0.2922196966954162;0.0;Infinity;1;C
user-I051892_session-05F964991B84D6A73AB5C73DA9CB1A97C34CB84348A55BE18FEB6A11A66B8BC9_analysis-6.csv;user-I051892;2;1543009399;6;true;-0.02697639372553951;0.0;Infinity;1;C
user-I051892_session-05F964991B84D6A73AB5C73DA9CB1A97C34CB84348A55BE18FEB6A11A66B8BC9_analysis-6.csv;user-I051892;2;183479088;6;true;-0.5364322227717939;0.0;Infinity;1;C
user-I051892_session-05F964991B84D6A73AB5C73DA9CB1A97C34CB84348A55BE18FEB6A11A66B8BC9_analysis-6.csv;user-I051892;2;-897981334;7;true;0.8944468032531798;0.0;Infinity;1;C
user-I051892_session-05F964991B84D6A73AB5C73DA9CB1A97C34CB84348A55BE18FEB6A11A66B8BC9_analysis-6.csv;user-I051892;2;552214402;7;true;-0.8477663405222827;0.0;Infinity;1;C
user-I051892_session-05F964991B84D6A73AB5C73DA9CB1A97C34CB84348A55BE18FEB6A11A66B8BC9_analysis-6.csv;user-I051892;2;2088972767;7;true;1.4620812300608892;0.0;Infinity;1;C
user-I051892_session-05F964991B84D6A73AB5C73DA9CB1A97C34CB84348A55BE18FEB6A11A66B8BC9_analysis-6.csv;user-I051892;2;172338809;6;true;0.27492335682038904;0.0;Infinity;1;C
user-I051892_session-05F964991B84D6A73AB5C73DA9CB1A97C34CB84348A55BE18FEB6A11A66B8BC9_analysis-6.csv;user-I051892;2;-832068148;6;true;-0.39177192563520313;0.0;Infinity;1;C
user-I051892_session-05F964991B84D6A73AB5C73DA9CB1A97C34CB84348A55BE18FEB6A11A66B8BC9_analysis-6.csv;user-I051892;2;1402847215;7;true;-0.35088966774877534;0.0;Infinity;1;C
user-I051892_session-05F964991B84D6A73AB5C73DA9CB1A97C34CB84348A55BE18FEB6A11A66B8BC9_analysis-6.csv;user-I051892;2;1688656466;6;true;-0.28327670278276007;0.0;Infinity;1;C
user-I051892_session-05F964991B84D6A73AB5C73DA9CB1A97C34CB84348A55BE18FEB6A11A66B8BC9_analysis-6.csv;user-I051892;2;166921316;7;true;0.6633048067414533;0.0;Infinity;1;C
user-I051892_session-05F964991B84D6A73AB5C73DA9CB1A97C34CB84348A55BE18FEB6A11A66B8BC9_analysis-6.csv;user-I051892;2;245729308;7;true;0.06893967285415653;0.0;Infinity;1;C
user-I051892_session-05F964991B84D6A73AB5C73DA9CB1A97C34CB84348A55BE18FEB6A11A66B8BC9_analysis-6.csv;user-I051892;2;-1732934161;7;true;-0.6166243440105562;0.0;Infinity;1;C
user-I051892_session-05F964991B84D6A73AB5C73DA9CB1A97C34CB84348A55BE18FEB6A11A66B8BC9_analysis-6.csv;user-I051892;2;2125732870;8;true;0.1758625011725062;0.0;Infinity;1;C
user-I051892_session-05F964991B84D6A73AB5C73DA9CB1A97C34CB84348A55BE18FEB6A11A66B8BC9_analysis-6.csv;user-I051892;2;-2047693219;6;true;0.6255673379232123;0.0;Infinity;1;C
user-I051892_session-05F964991B84D6A73AB5C73DA9CB1A97C34CB84348A55BE18FEB6A11A66B8BC9_analysis-6.csv;user-I051892;2;-1795959266;6;true;0.6444360723323328;0.0;Infinity;1;C
user-I051892_session-05F964991B84D6A73AB5C73DA9CB1A97C34CB84348A55BE18FEB6A11A66B8BC9_analysis-6.csv;user-I051892;2;1130569675;6;true;-0.1197476712370488;0.0;Infinity;1;C
user-I051892_session-05F964991B84D6A73AB5C73DA9CB1A97C34CB84348A55BE18FEB6A11A66B8BC9_analysis-6.csv;user-I051892;2;1542839308;6;true;-0.17163669086213026;0.0;Infinity;1;C
user-I051892_session-05F964991B84D6A73AB5C73DA9CB1A97C34CB84348A55BE18FEB6A11A66B8BC9_analysis-6.csv;user-I051892;2;-916822410;5;true;0.19630363011572013;0.0;Infinity;1;C
user-I051892_session-05F964991B84D6A73AB5C73DA9CB1A97C34CB84348A55BE18FEB6A11A66B8BC9_analysis-6.csv;user-I051892;2;236349531;6;true;-0.5128463047603933;0.0;Infinity;1;C
user-I051892_session-05F964991B84D6A73AB5C73DA9CB1A97C34CB84348A55BE18FEB6A11A66B8BC9_analysis-6.csv;user-I051892;2;-826047484;7;true;1.1711882412536143;0.0;Infinity;1;C
user-I051892_session-05F964991B84D6A73AB5C73DA9CB1A97C34CB84348A55BE18FEB6A11A66B8BC9_analysis-6.csv;user-I051892;2;-1675713438;7;true;-0.4798260195444323;0.0;Infinity;1;C
user-I051892_session-05F964991B84D6A73AB5C73DA9CB1A97C34CB84348A55BE18FEB6A11A66B8BC9_analysis-6.csv;user-I051892;2;-326876761;6;true;-0.04270033906647329;0.0;Infinity;1;C
user-I051892_session-05F964991B84D6A73AB5C73DA9CB1A97C34CB84348A55BE18FEB6A11A66B8BC9_analysis-6.csv;user-I051892;2;174191994;7;true;-0.2486840230327058;0.0;Infinity;1;C
user-I051892_session-05F964991B84D6A73AB5C73DA9CB1A97C34CB84348A55BE18FEB6A11A66B8BC9_analysis-6.csv;user-I051892;2;-276428033;6;true;-0.047417522668753424;0.0;Infinity;1;C
user-I051892_session-05F964991B84D6A73AB5C73DA9CB1A97C34CB84348A55BE18FEB6A11A66B8BC9_analysis-6.csv;user-I051892;2;1059731469;8;true;-0.19522260887353093;0.0;Infinity;1;C
user-I051892_session-05F964991B84D6A73AB5C73DA9CB1A97C34CB84348A55BE18FEB6A11A66B8BC9_analysis-6.csv;user-I051892;2;173820439;7;true;-0.23138768315767863;0.0;Infinity;1;C
user-I051892_session-05F964991B84D6A73AB5C73DA9CB1A97C34CB84348A55BE18FEB6A11A66B8BC9_analysis-6.csv;user-I051892;2;1691272487;7;true;0.16642813396794595;0.0;Infinity;1;C
user-I051892_session-05F964991B84D6A73AB5C73DA9CB1A97C34CB84348A55BE18FEB6A11A66B8BC9_analysis-6.csv;user-I051892;2;-1660517200;7;true;0.46361070091159434;0.0;Infinity;1;C
user-I051892_session-05F964991B84D6A73AB5C73DA9CB1A97C34CB84348A55BE18FEB6A11A66B8BC9_analysis-6.csv;user-I051892;2;556368618;7;true;0.11925629794514463;0.0;Infinity;1;C
user-I051892_session-05F964991B84D6A73AB5C73DA9CB1A97C34CB84348A55BE18FEB6A11A66B8BC9_analysis-6.csv;user-I051892;2;1338756922;6;true;0.12240108701333137;0.0;Infinity;1;C
user-I051892_session-05F964991B84D6A73AB5C73DA9CB1A97C34CB84348A55BE18FEB6A11A66B8BC9_analysis-6.csv;user-I051892;2;572552153;7;true;0.4243008375592599;0.0;Infinity;1;C
user-I051892_session-05F964991B84D6A73AB5C73DA9CB1A97C34CB84348A55BE18FEB6A11A66B8BC9_analysis-6.csv;user-I051892;2;-1731628317;6;true;-0.2691251519759197;0.0;Infinity;1;C
user-I051892_session-05F964991B84D6A73AB5C73DA9CB1A97C34CB84348A55BE18FEB6A11A66B8BC9_analysis-6.csv;user-I051892;2;318992177;6;true;0.3220951928431903;0.0;Infinity;1;C
user-I051892_session-05F964991B84D6A73AB5C73DA9CB1A97C34CB84348A55BE18FEB6A11A66B8BC9_analysis-6.csv;user-I051892;2;2007038289;6;true;-0.24553923396451902;0.0;Infinity;1;C
user-I051892_session-05F964991B84D6A73AB5C73DA9CB1A97C34CB84348A55BE18FEB6A11A66B8BC9_analysis-6.csv;user-I051892;2;17929734;7;true;0.5736783182981308;0.0;Infinity;1;C
user-I051892_session-05F964991B84D6A73AB5C73DA9CB1A97C34CB84348A55BE18FEB6A11A66B8BC9_analysis-6.csv;user-I051892;2;577772973;7;true;-0.46252967966940517;0.0;Infinity;1;C
user-I051892_session-05F964991B84D6A73AB5C73DA9CB1A97C34CB84348A55BE18FEB6A11A66B8BC9_analysis-6.csv;user-I051892;2;2113959042;8;true;-0.6307758948173966;0.0;Infinity;1;C
user-I051892_session-05F964991B84D6A73AB5C73DA9CB1A97C34CB84348A55BE18FEB6A11A66B8BC9_analysis-6.csv;user-I051892;2;-1675603671;6;true;-0.607189976805996;0.0;Infinity;1;C
user-I051892_session-05F964991B84D6A73AB5C73DA9CB1A97C34CB84348A55BE18FEB6A11A66B8BC9_analysis-6.csv;user-I051892;2;-916700363;6;true;-0.86977986399959;0.0;Infinity;1;C
user-I051892_session-05F964991B84D6A73AB5C73DA9CB1A97C34CB84348A55BE18FEB6A11A66B8BC9_analysis-6.csv;user-I051892;2;2051475134;7;true;-0.6889544925788516;0.0;Infinity;1;C
user-I051892_session-05F964991B84D6A73AB5C73DA9CB1A97C34CB84348A55BE18FEB6A11A66B8BC9_analysis-6.csv;user-I051892;2;-1967552936;6;true;-0.1920778198053442;0.0;Infinity;1;C
user-I051892_session-05F964991B84D6A73AB5C73DA9CB1A97C34CB84348A55BE18FEB6A11A66B8BC9_analysis-6.csv;user-I051892;2;-2073310036;7;true;-0.799022109965388;0.0;Infinity;1;C
user-I051892_session-05F964991B84D6A73AB5C73DA9CB1A97C34CB84348A55BE18FEB6A11A66B8BC9_analysis-6.csv;user-I051892;2;105138381;8;true;0.840985389094005;0.0;Infinity;1;C
user-I051892_session-05F964991B84D6A73AB5C73DA9CB1A97C34CB84348A55BE18FEB6A11A66B8BC9_analysis-6.csv;user-I051892;2;179729283;7;true;0.11925629794514463;0.0;Infinity;1;C
user-I051892_session-05F964991B84D6A73AB5C73DA9CB1A97C34CB84348A55BE18FEB6A11A66B8BC9_analysis-6.csv;user-I051892;2;105241541;6;true;-0.2895662809191336;0.0;Infinity;1;C
user-I051892_session-05F964991B84D6A73AB5C73DA9CB1A97C34CB84348A55BE18FEB6A11A66B8BC9_analysis-6.csv;user-I051892;2;105138378;7;true;-0.12918203844160905;0.0;Infinity;1;C
user-I051892_session-05F964991B84D6A73AB5C73DA9CB1A97C34CB84348A55BE18FEB6A11A66B8BC9_analysis-6.csv;user-I051892;2;914561514;6;true;0.8740056743099659;0.0;Infinity;1;C
user-I051892_session-05F964991B84D6A73AB5C73DA9CB1A97C34CB84348A55BE18FEB6A11A66B8BC9_analysis-6.csv;user-I051892;2;315983299;6;true;-0.28013191371457336;0.0;Infinity;1;C
user-I051892_session-05F964991B84D6A73AB5C73DA9CB1A97C34CB84348A55BE18FEB6A11A66B8BC9_analysis-6.csv;user-I051892;2;41508526;6;true;-0.04112794453237991;0.0;Infinity;1;C
user-I051892_session-05F964991B84D6A73AB5C73DA9CB1A97C34CB84348A55BE18FEB6A11A66B8BC9_analysis-6.csv;user-I051892;2;-4822331;6;true;-2.4568664595209027E-4;0.0;Infinity;1;C
user-I051892_session-05F964991B84D6A73AB5C73DA9CB1A97C34CB84348A55BE18FEB6A11A66B8BC9_analysis-6.csv;user-I051892;2;1606211730;7;true;-0.6512170237606105;0.0;Infinity;1;C
user-I051892_session-05F964991B84D6A73AB5C73DA9CB1A97C34CB84348A55BE18FEB6A11A66B8BC9_analysis-6.csv;user-I051892;2;-1808829012;8;true;-0.27226994104410646;0.0;Infinity;1;C
user-I051892_session-05F964991B84D6A73AB5C73DA9CB1A97C34CB84348A55BE18FEB6A11A66B8BC9_analysis-6.csv;user-I051892;2;-385399205;6;true;-0.29428346452141374;0.0;Infinity;1;C
user-I051892_session-05F964991B84D6A73AB5C73DA9CB1A97C34CB84348A55BE18FEB6A11A66B8BC9_analysis-6.csv;user-I051892;2;-120477470;6;true;0.4085768922183261;0.0;Infinity;1;C
user-I051892_session-05F964991B84D6A73AB5C73DA9CB1A97C34CB84348A55BE18FEB6A11A66B8BC9_analysis-6.csv;user-I051892;2;-138577199;6;true;-0.4090682655102303;0.0;Infinity;1;C
user-I051892_session-05F964991B84D6A73AB5C73DA9CB1A97C34CB84348A55BE18FEB6A11A66B8BC9_analysis-6.csv;user-I051892;2;-45332633;7;true;0.23561349346805457;0.0;Infinity;1;C
user-I051892_session-05F964991B84D6A73AB5C73DA9CB1A97C34CB84348A55BE18FEB6A11A66B8BC9_analysis-6.csv;user-I051892;2;-1929684936;7;true;-0.058424284407407066;0.0;Infinity;1;C
user-I051892_session-05F964991B84D6A73AB5C73DA9CB1A97C34CB84348A55BE18FEB6A11A66B8BC9_analysis-6.csv;user-I051892;2;1818702281;9;true;-0.23453247222586537;0.0;Infinity;1;C
user-I051892_session-05F964991B84D6A73AB5C73DA9CB1A97C34CB84348A55BE18FEB6A11A66B8BC9_analysis-6.csv;user-I051892;2;171408411;9;true;-0.2769871246463866;0.0;Infinity;1;C
user-I051892_session-05F964991B84D6A73AB5C73DA9CB1A97C34CB84348A55BE18FEB6A11A66B8BC9_analysis-6.csv;user-I051892;2;-1483011840;6;true;-0.3446000896124018;0.0;Infinity;1;C
user-I051892_session-05F964991B84D6A73AB5C73DA9CB1A97C34CB84348A55BE18FEB6A11A66B8BC9_analysis-6.csv;user-I051892;2;1425118353;6;true;0.7434969279802156;0.0;Infinity;1;C
user-I051892_session-05F964991B84D6A73AB5C73DA9CB1A97C34CB84348A55BE18FEB6A11A66B8BC9_analysis-6.csv;user-I051892;2;2000953636;5;true;-0.2534012066349859;0.0;Infinity;1;C
user-I051892_session-05F964991B84D6A73AB5C73DA9CB1A97C34CB84348A55BE18FEB6A11A66B8BC9_analysis-6.csv;user-I051892;2;-1624141542;6;true;0.21045518092256052;0.0;Infinity;1;C
user-I051892_session-05F964991B84D6A73AB5C73DA9CB1A97C34CB84348A55BE18FEB6A11A66B8BC9_analysis-6.csv;user-I051892;2;171615943;7;true;-0.5804592697264085;0.0;Infinity;1;C
user-I051892_session-05F964991B84D6A73AB5C73DA9CB1A97C34CB84348A55BE18FEB6A11A66B8BC9_analysis-6.csv;user-I051892;2;1340637364;8;true;0.8189718656166978;0.0;Infinity;1;C
user-I051892_session-05F964991B84D6A73AB5C73DA9CB1A97C34CB84348A55BE18FEB6A11A66B8BC9_analysis-6.csv;user-I051892;2;-1261997418;7;true;-0.3540344568169621;0.0;Infinity;1;C
user-I051892_session-05F964991B84D6A73AB5C73DA9CB1A97C34CB84348A55BE18FEB6A11A66B8BC9_analysis-6.csv;user-I051892;2;-371550158;7;true;0.04220896577456911;0.0;Infinity;1;C
user-I051892_session-05F964991B84D6A73AB5C73DA9CB1A97C34CB84348A55BE18FEB6A11A66B8BC9_analysis-6.csv;user-I051892;2;182936381;5;true;-0.644927445624237;0.0;Infinity;1;C
user-I051892_session-05F964991B84D6A73AB5C73DA9CB1A97C34CB84348A55BE18FEB6A11A66B8BC9_analysis-6.csv;user-I051892;2;-1827036999;7;true;-0.5364322227717939;0.0;Infinity;1;C
user-I051892_session-05F964991B84D6A73AB5C73DA9CB1A97C34CB84348A55BE18FEB6A11A66B8BC9_analysis-6.csv;user-I051892;2;-2039057101;5;true;-0.011252448384605734;0.0;Infinity;1;C
user-I051892_session-05F964991B84D6A73AB5C73DA9CB1A97C34CB84348A55BE18FEB6A11A66B8BC9_analysis-6.csv;user-I051892;2;1146097553;5;true;0.5139273260025824;0.0;Infinity;1;C
user-I051892_session-05F964991B84D6A73AB5C73DA9CB1A97C34CB84348A55BE18FEB6A11A66B8BC9_analysis-6.csv;user-I051892;2;1548740264;6;true;-0.15905753458938324;0.0;Infinity;1;C
user-I051892_session-05F964991B84D6A73AB5C73DA9CB1A97C34CB84348A55BE18FEB6A11A66B8BC9_analysis-6.csv;user-I051892;2;167929547;8;true;0.3173780092409102;0.0;Infinity;1;C
user-I051892_session-05F964991B84D6A73AB5C73DA9CB1A97C34CB84348A55BE18FEB6A11A66B8BC9_analysis-6.csv;user-I051892;2;-1853018062;7;true;-2.4568664595209027E-4;0.0;Infinity;1;C
user-I051892_session-05F964991B84D6A73AB5C73DA9CB1A97C34CB84348A55BE18FEB6A11A66B8BC9_analysis-6.csv;user-I051892;2;-1293144076;7;true;-0.432654183521631;0.0;Infinity;1;C
user-I051892_session-05F964991B84D6A73AB5C73DA9CB1A97C34CB84348A55BE18FEB6A11A66B8BC9_analysis-6.csv;user-I051892;2;-1576992388;6;true;-0.3650412185556157;0.0;Infinity;1;C
user-I051892_session-05F964991B84D6A73AB5C73DA9CB1A97C34CB84348A55BE18FEB6A11A66B8BC9_analysis-6.csv;user-I051892;2;-2048157661;6;true;-0.740843512203933;0.0;Infinity;1;C
user-I051892_session-05F964991B84D6A73AB5C73DA9CB1A97C34CB84348A55BE18FEB6A11A66B8BC9_analysis-6.csv;user-I051892;2;1304458484;6;true;-0.28013191371457336;0.0;Infinity;1;C
user-I051892_session-05F964991B84D6A73AB5C73DA9CB1A97C34CB84348A55BE18FEB6A11A66B8BC9_analysis-6.csv;user-I051892;2;-1444964392;6;true;0.3708394234000851;0.0;Infinity;1;C
user-I051892_session-05F964991B84D6A73AB5C73DA9CB1A97C34CB84348A55BE18FEB6A11A66B8BC9_analysis-6.csv;user-I051892;2;741675710;6;true;0.0028991024222346654;0.0;Infinity;1;C
user-I051892_session-05F964991B84D6A73AB5C73DA9CB1A97C34CB84348A55BE18FEB6A11A66B8BC9_analysis-6.csv;user-I051892;2;183087971;6;true;-0.05056231173694018;0.0;Infinity;1;C
user-I051892_session-05F964991B84D6A73AB5C73DA9CB1A97C34CB84348A55BE18FEB6A11A66B8BC9_analysis-6.csv;user-I051892;2;1446451037;6;true;-0.6763753363061046;0.0;Infinity;1;C
user-I051892_session-05F964991B84D6A73AB5C73DA9CB1A97C34CB84348A55BE18FEB6A11A66B8BC9_analysis-6.csv;user-I051892;2;180660489;6;true;0.6255673379232123;0.0;Infinity;1;C
user-I051892_session-05F964991B84D6A73AB5C73DA9CB1A97C34CB84348A55BE18FEB6A11A66B8BC9_analysis-6.csv;user-I051892;2;-1890717079;6;true;-0.3084350153282541;0.0;Infinity;1;C
user-I051892_session-05F964991B84D6A73AB5C73DA9CB1A97C34CB84348A55BE18FEB6A11A66B8BC9_analysis-6.csv;user-I051892;2;2068511678;5;true;0.4809070407866215;0.0;Infinity;1;C
user-I051892_session-05F964991B84D6A73AB5C73DA9CB1A97C34CB84348A55BE18FEB6A11A66B8BC9_analysis-6.csv;user-I051892;2;-1399918831;6;true;0.4856242243889016;0.0;Infinity;1;C
user-I051892_session-05F964991B84D6A73AB5C73DA9CB1A97C34CB84348A55BE18FEB6A11A66B8BC9_analysis-6.csv;user-I051892;2;105463383;6;true;0.5139273260025824;0.0;Infinity;1;C
user-I051892_session-05F964991B84D6A73AB5C73DA9CB1A97C34CB84348A55BE18FEB6A11A66B8BC9_analysis-6.csv;user-I051892;2;-262258424;6;true;-0.5710249025218482;0.0;Infinity;1;C
user-I051892_session-05F964991B84D6A73AB5C73DA9CB1A97C34CB84348A55BE18FEB6A11A66B8BC9_analysis-6.csv;user-I051892;2;798188739;6;true;-0.786442953692641;0.0;Infinity;1;C
user-I051892_session-05F964991B84D6A73AB5C73DA9CB1A97C34CB84348A55BE18FEB6A11A66B8BC9_analysis-6.csv;user-I051892;2;1040967982;6;true;-0.37133079669198926;0.0;Infinity;1;C
user-I051892_session-05F964991B84D6A73AB5C73DA9CB1A97C34CB84348A55BE18FEB6A11A66B8BC9_analysis-6.csv;user-I051892;2;-1016715943;7;true;-0.5112739102262999;0.0;Infinity;1;C
user-I051892_session-05F964991B84D6A73AB5C73DA9CB1A97C34CB84348A55BE18FEB6A11A66B8BC9_analysis-6.csv;user-I051892;2;-1248256419;6;true;-0.05370710080512693;0.0;Infinity;1;C
user-I051892_session-05F964991B84D6A73AB5C73DA9CB1A97C34CB84348A55BE18FEB6A11A66B8BC9_analysis-6.csv;user-I051892;2;-1881787467;5;true;0.15227658316110554;0.0;Infinity;1;C
user-I051892_session-05F964991B84D6A73AB5C73DA9CB1A97C34CB84348A55BE18FEB6A11A66B8BC9_analysis-6.csv;user-I051892;2;-582000635;7;true;-0.43579897258981776;0.0;Infinity;1;C
user-I051892_session-05F964991B84D6A73AB5C73DA9CB1A97C34CB84348A55BE18FEB6A11A66B8BC9_analysis-6.csv;user-I051892;2;-1254225164;5;true;0.9683493463555686;0.0;Infinity;1;C
user-I051892_session-05F964991B84D6A73AB5C73DA9CB1A97C34CB84348A55BE18FEB6A11A66B8BC9_analysis-6.csv;user-I051892;2;1301296456;7;true;-0.27541473011229317;0.0;Infinity;1;C
user-I051892_session-05F964991B84D6A73AB5C73DA9CB1A97C34CB84348A55BE18FEB6A11A66B8BC9_analysis-6.csv;user-I051892;2;-468544069;7;true;-0.5018395430217396;0.0;Infinity;1;C
user-I051892_session-05F964991B84D6A73AB5C73DA9CB1A97C34CB84348A55BE18FEB6A11A66B8BC9_analysis-6.csv;user-I051892;2;-1589038622;6;true;1.5957347654588263;0.0;Infinity;1;C
user-I051892_session-05F964991B84D6A73AB5C73DA9CB1A97C34CB84348A55BE18FEB6A11A66B8BC9_analysis-6.csv;user-I051892;2;-163302716;5;true;-0.49240517581717935;0.0;Infinity;1;C
user-I051892_session-05F964991B84D6A73AB5C73DA9CB1A97C34CB84348A55BE18FEB6A11A66B8BC9_analysis-6.csv;user-I051892;2;906026781;6;true;-0.001818081180045468;0.0;Infinity;1;C
user-I051892_session-05F964991B84D6A73AB5C73DA9CB1A97C34CB84348A55BE18FEB6A11A66B8BC9_analysis-6.csv;user-I051892;2;1576870584;6;true;-0.4939775703512727;0.0;Infinity;1;C
user-I051892_session-05F964991B84D6A73AB5C73DA9CB1A97C34CB84348A55BE18FEB6A11A66B8BC9_analysis-6.csv;user-I051892;2;168142686;6;true;-0.6669409691015442;0.0;Infinity;1;C
user-I051892_session-05F964991B84D6A73AB5C73DA9CB1A97C34CB84348A55BE18FEB6A11A66B8BC9_analysis-6.csv;user-I051892;2;1483499021;5;true;0.09881516900193071;0.0;Infinity;1;C
user-I051892_session-05F964991B84D6A73AB5C73DA9CB1A97C34CB84348A55BE18FEB6A11A66B8BC9_analysis-6.csv;user-I051892;2;758097522;28;true;-0.7455606958062132;0.0;Infinity;1;C
user-I051892_session-05F964991B84D6A73AB5C73DA9CB1A97C34CB84348A55BE18FEB6A11A66B8BC9_analysis-6.csv;user-I051892;2;-1702889568;5;true;-0.5898936369309687;0.0;Infinity;1;C
user-I051892_session-05F964991B84D6A73AB5C73DA9CB1A97C34CB84348A55BE18FEB6A11A66B8BC9_analysis-6.csv;user-I051892;2;1334022147;5;true;0.1475593995588254;0.0;Infinity;1;C
user-I051892_session-05F964991B84D6A73AB5C73DA9CB1A97C34CB84348A55BE18FEB6A11A66B8BC9_analysis-6.csv;user-I051892;2;166391575;7;true;-0.349317273214682;0.0;Infinity;1;C
user-I051892_session-05F964991B84D6A73AB5C73DA9CB1A97C34CB84348A55BE18FEB6A11A66B8BC9_analysis-6.csv;user-I051892;2;280356970;5;true;-0.5442941954422608;0.0;Infinity;1;C
user-I051892_session-05F964991B84D6A73AB5C73DA9CB1A97C34CB84348A55BE18FEB6A11A66B8BC9_analysis-6.csv;user-I051892;2;-1971262147;5;true;0.2639165950817354;0.0;Infinity;1;C
user-I051892_session-05F964991B84D6A73AB5C73DA9CB1A97C34CB84348A55BE18FEB6A11A66B8BC9_analysis-6.csv;user-I051892;2;2136200010;6;true;-0.819463238908602;0.0;Infinity;1;C
user-I051892_session-05F964991B84D6A73AB5C73DA9CB1A97C34CB84348A55BE18FEB6A11A66B8BC9_analysis-6.csv;user-I051892;2;-429365195;6;true;0.45260393917294073;0.0;Infinity;1;C
user-I051892_session-05F964991B84D6A73AB5C73DA9CB1A97C34CB84348A55BE18FEB6A11A66B8BC9_analysis-6.csv;user-I051892;2;896857074;8;true;-0.644927445624237;0.0;Infinity;1;C
user-I051892_session-05F964991B84D6A73AB5C73DA9CB1A97C34CB84348A55BE18FEB6A11A66B8BC9_analysis-6.csv;user-I051892;2;176264641;7;true;-0.33988290601012167;0.0;Infinity;1;C
user-I051892_session-05F964991B84D6A73AB5C73DA9CB1A97C34CB84348A55BE18FEB6A11A66B8BC9_analysis-6.csv;user-I051892;2;-290006080;6;true;-0.6433550510901436;0.0;Infinity;1;C
user-I051892_session-05F964991B84D6A73AB5C73DA9CB1A97C34CB84348A55BE18FEB6A11A66B8BC9_analysis-6.csv;user-I051892;2;515915661;6;true;-0.63706547295377;0.0;Infinity;1;C
user-I051892_session-05F964991B84D6A73AB5C73DA9CB1A97C34CB84348A55BE18FEB6A11A66B8BC9_analysis-6.csv;user-I051892;2;-1407825078;6;true;-0.5427218009081675;0.0;Infinity;1;C
user-I051892_session-05F964991B84D6A73AB5C73DA9CB1A97C34CB84348A55BE18FEB6A11A66B8BC9_analysis-6.csv;user-I051892;2;-967185616;6;true;0.0028991024222346654;0.0;Infinity;1;C
user-I051892_session-05F964991B84D6A73AB5C73DA9CB1A97C34CB84348A55BE18FEB6A11A66B8BC9_analysis-6.csv;user-I051892;2;811157472;6;true;-0.9012277546814575;0.0;Infinity;1;C
user-I051892_session-05F964991B84D6A73AB5C73DA9CB1A97C34CB84348A55BE18FEB6A11A66B8BC9_analysis-6.csv;user-I051892;2;-1287287356;6;true;-0.1543403509871031;0.0;Infinity;1;C
user-I051892_session-05F964991B84D6A73AB5C73DA9CB1A97C34CB84348A55BE18FEB6A11A66B8BC9_analysis-6.csv;user-I051892;2;-2079795761;6;true;5.955984808499763;0.0;Infinity;1;C
user-I051892_session-05F964991B84D6A73AB5C73DA9CB1A97C34CB84348A55BE18FEB6A11A66B8BC9_analysis-6.csv;user-I051892;2;15059028;6;true;-0.6103347658741827;0.0;Infinity;1;C
user-I051892_session-05F964991B84D6A73AB5C73DA9CB1A97C34CB84348A55BE18FEB6A11A66B8BC9_analysis-6.csv;user-I051892;2;931462795;6;true;-0.2848490973168535;0.0;Infinity;1;C
user-I051892_session-05F964991B84D6A73AB5C73DA9CB1A97C34CB84348A55BE18FEB6A11A66B8BC9_analysis-6.csv;user-I051892;2;-1929666253;8;true;8.506408742799222;0.0;Infinity;1;C
user-I051892_session-05F964991B84D6A73AB5C73DA9CB1A97C34CB84348A55BE18FEB6A11A66B8BC9_analysis-6.csv;user-I051892;2;-847926853;6;true;-0.6433550510901436;0.0;Infinity;1;C
user-I051892_session-05F964991B84D6A73AB5C73DA9CB1A97C34CB84348A55BE18FEB6A11A66B8BC9_analysis-6.csv;user-I051892;2;105081678;7;true;1.6837888593680554;0.0;Infinity;1;C
user-I051892_session-05F964991B84D6A73AB5C73DA9CB1A97C34CB84348A55BE18FEB6A11A66B8BC9_analysis-6.csv;user-I051892;2;1933341694;5;true;-0.13547161657798257;0.0;Infinity;1;C
user-I051892_session-05F964991B84D6A73AB5C73DA9CB1A97C34CB84348A55BE18FEB6A11A66B8BC9_analysis-6.csv;user-I051892;2;395293988;8;true;0.7403521389120289;0.0;Infinity;1;C
user-I051892_session-05F964991B84D6A73AB5C73DA9CB1A97C34CB84348A55BE18FEB6A11A66B8BC9_analysis-6.csv;user-I051892;2;167929489;7;true;-0.30529022626006735;0.0;Infinity;1;C
user-I051892_session-05F964991B84D6A73AB5C73DA9CB1A97C34CB84348A55BE18FEB6A11A66B8BC9_analysis-6.csv;user-I051892;2;-781718248;6;true;-0.23610486675995876;0.0;Infinity;1;C
user-I051892_session-05F964991B84D6A73AB5C73DA9CB1A97C34CB84348A55BE18FEB6A11A66B8BC9_analysis-6.csv;user-I051892;2;-1933236333;7;true;-0.42007502724888396;0.0;Infinity;1;C
user-I051892_session-05F964991B84D6A73AB5C73DA9CB1A97C34CB84348A55BE18FEB6A11A66B8BC9_analysis-6.csv;user-I051892;2;-1525709545;5;true;-0.44837812886256473;0.0;Infinity;1;C
user-I051892_session-05F964991B84D6A73AB5C73DA9CB1A97C34CB84348A55BE18FEB6A11A66B8BC9_analysis-6.csv;user-I051892;2;-1997537003;6;true;2.064308336618653;0.0;Infinity;1;C
user-I051892_session-05F964991B84D6A73AB5C73DA9CB1A97C34CB84348A55BE18FEB6A11A66B8BC9_analysis-6.csv;user-I051892;2;182501221;6;true;0.33624674365003077;0.0;Infinity;1;C
user-I051892_session-05F964991B84D6A73AB5C73DA9CB1A97C34CB84348A55BE18FEB6A11A66B8BC9_analysis-6.csv;user-I051892;3;-965314297;6;true;-0.49838232531988713;0.0;Infinity;1;C
user-I051892_session-05F964991B84D6A73AB5C73DA9CB1A97C34CB84348A55BE18FEB6A11A66B8BC9_analysis-6.csv;user-I051892;3;1570387468;6;true;-0.7449922249403252;0.0;Infinity;1;C
user-I051892_session-05F964991B84D6A73AB5C73DA9CB1A97C34CB84348A55BE18FEB6A11A66B8BC9_analysis-6.csv;user-I051892;3;-621116586;7;true;2.8171507695771143;0.0;Infinity;1;C
user-I051892_session-05F964991B84D6A73AB5C73DA9CB1A97C34CB84348A55BE18FEB6A11A66B8BC9_analysis-6.csv;user-I051892;3;1873948817;6;true;-0.16956912582596964;0.0;Infinity;1;C
user-I051892_session-05F964991B84D6A73AB5C73DA9CB1A97C34CB84348A55BE18FEB6A11A66B8BC9_analysis-6.csv;user-I051892;3;699877297;6;true;-0.7997944248559782;0.0;Infinity;1;C
user-I051892_session-05F964991B84D6A73AB5C73DA9CB1A97C34CB84348A55BE18FEB6A11A66B8BC9_analysis-6.csv;user-I051892;3;-1924198045;6;true;-0.30657462561510196;0.0;Infinity;1;C
user-I051892_session-05F964991B84D6A73AB5C73DA9CB1A97C34CB84348A55BE18FEB6A11A66B8BC9_analysis-6.csv;user-I051892;3;1073163577;6;true;-0.251772425699449;0.0;Infinity;1;C
user-I051892_session-05F964991B84D6A73AB5C73DA9CB1A97C34CB84348A55BE18FEB6A11A66B8BC9_analysis-6.csv;user-I051892;3;1493875961;6;true;-0.005162526079010878;0.0;Infinity;1;C
user-I051892_session-05F964991B84D6A73AB5C73DA9CB1A97C34CB84348A55BE18FEB6A11A66B8BC9_analysis-6.csv;user-I051892;3;-859114963;8;true;-0.607986725151193;0.0;Infinity;1;C
user-I051892_session-05F964991B84D6A73AB5C73DA9CB1A97C34CB84348A55BE18FEB6A11A66B8BC9_analysis-6.csv;user-I051892;3;-601703364;11;true;-0.662788925066846;0.0;Infinity;1;C
user-I051892_session-05F964991B84D6A73AB5C73DA9CB1A97C34CB84348A55BE18FEB6A11A66B8BC9_analysis-6.csv;user-I051892;3;-1320006971;8;true;-0.3887779254885813;0.0;Infinity;1;C
user-I051892_session-05F964991B84D6A73AB5C73DA9CB1A97C34CB84348A55BE18FEB6A11A66B8BC9_analysis-6.csv;user-I051892;3;-707681635;7;true;-0.9367999246451105;0.0;Infinity;1;C
user-I051892_session-05F964991B84D6A73AB5C73DA9CB1A97C34CB84348A55BE18FEB6A11A66B8BC9_analysis-6.csv;user-I051892;3;-765012125;6;true;-0.7449922249403252;0.0;Infinity;1;C
user-I051892_session-05F964991B84D6A73AB5C73DA9CB1A97C34CB84348A55BE18FEB6A11A66B8BC9_analysis-6.csv;user-I051892;3;1139537979;6;true;-0.8545966247716311;0.0;Infinity;1;C
user-I051892_session-05F964991B84D6A73AB5C73DA9CB1A97C34CB84348A55BE18FEB6A11A66B8BC9_analysis-6.csv;user-I051892;3;499377967;5;true;-0.6353878251090195;0.0;Infinity;1;C
user-I051892_session-05F964991B84D6A73AB5C73DA9CB1A97C34CB84348A55BE18FEB6A11A66B8BC9_analysis-6.csv;user-I051892;3;-1029614967;9;true;1.9951177708423207;0.0;Infinity;1;C
user-I051892_session-05F964991B84D6A73AB5C73DA9CB1A97C34CB84348A55BE18FEB6A11A66B8BC9_analysis-6.csv;user-I051892;3;-7010494;11;true;0.2140462735836008;0.0;Infinity;1;C
user-I051892_session-05F964991B84D6A73AB5C73DA9CB1A97C34CB84348A55BE18FEB6A11A66B8BC9_analysis-6.csv;user-I051892;3;51099626;10;true;-0.251772425699449;0.0;Infinity;1;C
user-I051892_session-05F964991B84D6A73AB5C73DA9CB1A97C34CB84348A55BE18FEB6A11A66B8BC9_analysis-6.csv;user-I051892;3;-1238072493;6;true;1.419694671727965;0.0;Infinity;1;C
user-I051892_session-05F964991B84D6A73AB5C73DA9CB1A97C34CB84348A55BE18FEB6A11A66B8BC9_analysis-6.csv;user-I051892;3;963099705;6;true;0.04963967383664204;0.0;Infinity;1;C
user-I051892_session-05F964991B84D6A73AB5C73DA9CB1A97C34CB84348A55BE18FEB6A11A66B8BC9_analysis-6.csv;user-I051892;3;1283905335;5;true;0.0770407737944685;0.0;Infinity;1;C
user-I051892_session-05F964991B84D6A73AB5C73DA9CB1A97C34CB84348A55BE18FEB6A11A66B8BC9_analysis-6.csv;user-I051892;3;1144186677;6;true;-0.0599647259946638;0.0;Infinity;1;C
user-I051892_session-05F964991B84D6A73AB5C73DA9CB1A97C34CB84348A55BE18FEB6A11A66B8BC9_analysis-6.csv;user-I051892;3;-431996795;10;true;0.4332550732462125;0.0;Infinity;1;C
user-I051892_session-05F964991B84D6A73AB5C73DA9CB1A97C34CB84348A55BE18FEB6A11A66B8BC9_analysis-6.csv;user-I051892;3;-477042356;7;true;-0.2791735256572755;0.0;Infinity;1;C
user-I051892_session-05F964991B84D6A73AB5C73DA9CB1A97C34CB84348A55BE18FEB6A11A66B8BC9_analysis-6.csv;user-I051892;3;420409745;8;true;-0.36137682553075484;0.0;Infinity;1;C
user-I051892_session-05F964991B84D6A73AB5C73DA9CB1A97C34CB84348A55BE18FEB6A11A66B8BC9_analysis-6.csv;user-I051892;3;1070849154;7;true;-0.6353878251090195;0.0;Infinity;1;C
user-I051892_session-05F964991B84D6A73AB5C73DA9CB1A97C34CB84348A55BE18FEB6A11A66B8BC9_analysis-6.csv;user-I051892;3;1545695009;6;true;-0.30657462561510196;0.0;Infinity;1;C
user-I051892_session-05F964991B84D6A73AB5C73DA9CB1A97C34CB84348A55BE18FEB6A11A66B8BC9_analysis-6.csv;user-I051892;3;-922795043;6;true;-0.3339757255729284;0.0;Infinity;1;C
user-I051892_session-05F964991B84D6A73AB5C73DA9CB1A97C34CB84348A55BE18FEB6A11A66B8BC9_analysis-6.csv;user-I051892;3;1151010007;7;true;-0.7723933248981517;0.0;Infinity;1;C
user-I051892_session-05F964991B84D6A73AB5C73DA9CB1A97C34CB84348A55BE18FEB6A11A66B8BC9_analysis-6.csv;user-I051892;3;-515089804;7;true;-0.30657462561510196;0.0;Infinity;1;C
user-I051892_session-05F964991B84D6A73AB5C73DA9CB1A97C34CB84348A55BE18FEB6A11A66B8BC9_analysis-6.csv;user-I051892;3;-1347951147;7;true;-0.0599647259946638;0.0;Infinity;1;C
user-I051892_session-05F964991B84D6A73AB5C73DA9CB1A97C34CB84348A55BE18FEB6A11A66B8BC9_analysis-6.csv;user-I051892;3;-1003340111;7;true;0.24144737354142726;0.0;Infinity;1;C
user-I051892_session-05F964991B84D6A73AB5C73DA9CB1A97C34CB84348A55BE18FEB6A11A66B8BC9_analysis-6.csv;user-I051892;3;1141566495;5;true;-0.47098122536206066;0.0;Infinity;1;C
user-I051892_session-05F964991B84D6A73AB5C73DA9CB1A97C34CB84348A55BE18FEB6A11A66B8BC9_analysis-6.csv;user-I051892;3;-1258533582;8;true;0.3236506734149066;0.0;Infinity;1;C
user-I051892_session-05F964991B84D6A73AB5C73DA9CB1A97C34CB84348A55BE18FEB6A11A66B8BC9_analysis-6.csv;user-I051892;3;1882483550;6;true;0.5702605730353447;0.0;Infinity;1;C
user-I051892_session-05F964991B84D6A73AB5C73DA9CB1A97C34CB84348A55BE18FEB6A11A66B8BC9_analysis-6.csv;user-I051892;3;-734967532;6;true;-0.9093988246872841;0.0;Infinity;1;C
user-I051892_session-05F964991B84D6A73AB5C73DA9CB1A97C34CB84348A55BE18FEB6A11A66B8BC9_analysis-6.csv;user-I051892;3;141874552;8;true;1.4470957716857915;0.0;Infinity;1;C
user-I051892_session-05F964991B84D6A73AB5C73DA9CB1A97C34CB84348A55BE18FEB6A11A66B8BC9_analysis-6.csv;user-I051892;3;1073060414;7;true;-0.251772425699449;0.0;Infinity;1;C
user-I051892_session-05F964991B84D6A73AB5C73DA9CB1A97C34CB84348A55BE18FEB6A11A66B8BC9_analysis-6.csv;user-I051892;3;1684990844;7;true;-0.6353878251090195;0.0;Infinity;1;C
user-I051892_session-05F964991B84D6A73AB5C73DA9CB1A97C34CB84348A55BE18FEB6A11A66B8BC9_analysis-6.csv;user-I051892;3;-1326091624;7;true;0.7072660728244771;0.0;Infinity;1;C
user-I051892_session-05F964991B84D6A73AB5C73DA9CB1A97C34CB84348A55BE18FEB6A11A66B8BC9_analysis-6.csv;user-I051892;3;1073385419;6;true;0.405853973288386;0.0;Infinity;1;C
user-I051892_session-05F964991B84D6A73AB5C73DA9CB1A97C34CB84348A55BE18FEB6A11A66B8BC9_analysis-6.csv;user-I051892;3;1135851583;6;true;0.24144737354142726;0.0;Infinity;1;C
user-I051892_session-05F964991B84D6A73AB5C73DA9CB1A97C34CB84348A55BE18FEB6A11A66B8BC9_analysis-6.csv;user-I051892;3;1073060417;6;true;0.46065617320403895;0.0;Infinity;1;C
user-I051892_session-05F964991B84D6A73AB5C73DA9CB1A97C34CB84348A55BE18FEB6A11A66B8BC9_analysis-6.csv;user-I051892;3;705663612;7;true;-0.36137682553075484;0.0;Infinity;1;C
user-I051892_session-05F964991B84D6A73AB5C73DA9CB1A97C34CB84348A55BE18FEB6A11A66B8BC9_analysis-6.csv;user-I051892;3;982981064;7;true;-0.9093988246872841;0.0;Infinity;1;C
user-I051892_session-05F964991B84D6A73AB5C73DA9CB1A97C34CB84348A55BE18FEB6A11A66B8BC9_analysis-6.csv;user-I051892;3;186203788;8;true;-0.607986725151193;0.0;Infinity;1;C
user-I051892_session-05F964991B84D6A73AB5C73DA9CB1A97C34CB84348A55BE18FEB6A11A66B8BC9_analysis-6.csv;user-I051892;3;-181838147;7;true;0.6798649728666506;0.0;Infinity;1;C
user-I051892_session-05F964991B84D6A73AB5C73DA9CB1A97C34CB84348A55BE18FEB6A11A66B8BC9_analysis-6.csv;user-I051892;3;51221673;6;true;-0.7175911249824988;0.0;Infinity;1;C
user-I051892_session-05F964991B84D6A73AB5C73DA9CB1A97C34CB84348A55BE18FEB6A11A66B8BC9_analysis-6.csv;user-I051892;3;1819162889;6;true;-0.3339757255729284;0.0;Infinity;1;C
user-I051892_session-05F964991B84D6A73AB5C73DA9CB1A97C34CB84348A55BE18FEB6A11A66B8BC9_analysis-6.csv;user-I051892;3;-319365320;5;true;0.04963967383664204;0.0;Infinity;1;C
user-I051892_session-05F964991B84D6A73AB5C73DA9CB1A97C34CB84348A55BE18FEB6A11A66B8BC9_analysis-6.csv;user-I051892;3;1213651344;6;true;0.37845287333055955;0.0;Infinity;1;C
user-I051892_session-05F964991B84D6A73AB5C73DA9CB1A97C34CB84348A55BE18FEB6A11A66B8BC9_analysis-6.csv;user-I051892;3;-1720833530;5;true;-0.607986725151193;0.0;Infinity;1;C
user-I051892_session-05F964991B84D6A73AB5C73DA9CB1A97C34CB84348A55BE18FEB6A11A66B8BC9_analysis-6.csv;user-I051892;3;-692595164;7;true;0.7072660728244771;0.0;Infinity;1;C
user-I051892_session-05F964991B84D6A73AB5C73DA9CB1A97C34CB84348A55BE18FEB6A11A66B8BC9_analysis-6.csv;user-I051892;3;-1638388794;5;true;-0.11476692591031672;0.0;Infinity;1;C
user-I051892_session-05F964991B84D6A73AB5C73DA9CB1A97C34CB84348A55BE18FEB6A11A66B8BC9_analysis-6.csv;user-I051892;3;1204271567;5;true;-0.6353878251090195;0.0;Infinity;1;C
user-I051892_session-05F964991B84D6A73AB5C73DA9CB1A97C34CB84348A55BE18FEB6A11A66B8BC9_analysis-6.csv;user-I051892;3;1134313611;7;true;-0.8819977247294576;0.0;Infinity;1;C
user-I051892_session-05F964991B84D6A73AB5C73DA9CB1A97C34CB84348A55BE18FEB6A11A66B8BC9_analysis-6.csv;user-I051892;3;1141742475;6;true;-0.662788925066846;0.0;Infinity;1;C
user-I051892_session-05F964991B84D6A73AB5C73DA9CB1A97C34CB84348A55BE18FEB6A11A66B8BC9_analysis-6.csv;user-I051892;3;-1201312390;6;true;1.0360792723183945;0.0;Infinity;1;C
user-I051892_session-05F964991B84D6A73AB5C73DA9CB1A97C34CB84348A55BE18FEB6A11A66B8BC9_analysis-6.csv;user-I051892;3;-961762900;6;true;-0.662788925066846;0.0;Infinity;1;C
user-I051892_session-05F964991B84D6A73AB5C73DA9CB1A97C34CB84348A55BE18FEB6A11A66B8BC9_analysis-6.csv;user-I051892;3;1524290654;7;true;0.3510517733727331;0.0;Infinity;1;C
user-I051892_session-05F964991B84D6A73AB5C73DA9CB1A97C34CB84348A55BE18FEB6A11A66B8BC9_analysis-6.csv;user-I051892;3;-1784035861;8;true;-0.16956912582596964;0.0;Infinity;1;C
user-I051892_session-05F964991B84D6A73AB5C73DA9CB1A97C34CB84348A55BE18FEB6A11A66B8BC9_analysis-6.csv;user-I051892;3;-955224777;7;true;-0.7997944248559782;0.0;Infinity;1;C
user-I051892_session-05F964991B84D6A73AB5C73DA9CB1A97C34CB84348A55BE18FEB6A11A66B8BC9_analysis-6.csv;user-I051892;3;-961744217;7;true;6.406694864052381;0.0;Infinity;1;C
user-I051892_session-05F964991B84D6A73AB5C73DA9CB1A97C34CB84348A55BE18FEB6A11A66B8BC9_analysis-6.csv;user-I051892;3;826525129;6;true;1.0908814722340474;0.0;Infinity;1;C
user-I051892_session-05F964991B84D6A73AB5C73DA9CB1A97C34CB84348A55BE18FEB6A11A66B8BC9_analysis-6.csv;user-I051892;3;-1988288338;7;true;0.3236506734149066;0.0;Infinity;1;C
user-I051892_session-05F964991B84D6A73AB5C73DA9CB1A97C34CB84348A55BE18FEB6A11A66B8BC9_analysis-6.csv;user-I051892;3;-885096026;7;true;-0.7997944248559782;0.0;Infinity;1;C
user-I051892_session-05F964991B84D6A73AB5C73DA9CB1A97C34CB84348A55BE18FEB6A11A66B8BC9_analysis-6.csv;user-I051892;3;1136064722;6;true;-0.7723933248981517;0.0;Infinity;1;C
user-I051892_session-05F964991B84D6A73AB5C73DA9CB1A97C34CB84348A55BE18FEB6A11A66B8BC9_analysis-6.csv;user-I051892;3;-557787509;7;true;-0.607986725151193;0.0;Infinity;1;C
user-I051892_session-05F964991B84D6A73AB5C73DA9CB1A97C34CB84348A55BE18FEB6A11A66B8BC9_analysis-6.csv;user-I051892;3;-1393703566;8;true;-0.19697022578379608;0.0;Infinity;1;C
user-I051892_session-05F964991B84D6A73AB5C73DA9CB1A97C34CB84348A55BE18FEB6A11A66B8BC9_analysis-6.csv;user-I051892;3;-707791402;6;true;-0.6901900250246724;0.0;Infinity;1;C
user-I051892_session-05F964991B84D6A73AB5C73DA9CB1A97C34CB84348A55BE18FEB6A11A66B8BC9_analysis-6.csv;user-I051892;3;1135851525;7;true;-0.44358012540423425;0.0;Infinity;1;C
user-I051892_session-05F964991B84D6A73AB5C73DA9CB1A97C34CB84348A55BE18FEB6A11A66B8BC9_analysis-6.csv;user-I051892;3;1140260845;6;true;-0.3339757255729284;0.0;Infinity;1;C
user-I051892_session-05F964991B84D6A73AB5C73DA9CB1A97C34CB84348A55BE18FEB6A11A66B8BC9_analysis-6.csv;user-I051892;3;1148582525;9;true;0.7346671727823035;0.0;Infinity;1;C
user-I051892_session-05F964991B84D6A73AB5C73DA9CB1A97C34CB84348A55BE18FEB6A11A66B8BC9_analysis-6.csv;user-I051892;3;1483837697;8;true;-0.7175911249824988;0.0;Infinity;1;C
user-I051892_session-05F964991B84D6A73AB5C73DA9CB1A97C34CB84348A55BE18FEB6A11A66B8BC9_analysis-6.csv;user-I051892;3;907253892;6;true;-0.251772425699449;0.0;Infinity;1;C
user-I051892_session-05F964991B84D6A73AB5C73DA9CB1A97C34CB84348A55BE18FEB6A11A66B8BC9_analysis-6.csv;user-I051892;3;-1901926907;7;true;0.2688484734992537;0.0;Infinity;1;C
user-I051892_session-05F964991B84D6A73AB5C73DA9CB1A97C34CB84348A55BE18FEB6A11A66B8BC9_analysis-6.csv;user-I051892;3;-2025748804;6;true;-0.19697022578379608;0.0;Infinity;1;C
user-I051892_session-05F964991B84D6A73AB5C73DA9CB1A97C34CB84348A55BE18FEB6A11A66B8BC9_analysis-6.csv;user-I051892;3;2027653505;7;true;-0.8545966247716311;0.0;Infinity;1;C
user-I051892_session-05F964991B84D6A73AB5C73DA9CB1A97C34CB84348A55BE18FEB6A11A66B8BC9_analysis-6.csv;user-I051892;3;-1508342979;6;true;-0.6353878251090195;0.0;Infinity;1;C
user-I051892_session-05F964991B84D6A73AB5C73DA9CB1A97C34CB84348A55BE18FEB6A11A66B8BC9_analysis-6.csv;user-I051892;3;1248279006;6;true;-0.44358012540423425;0.0;Infinity;1;C
user-I051892_session-05F964991B84D6A73AB5C73DA9CB1A97C34CB84348A55BE18FEB6A11A66B8BC9_analysis-6.csv;user-I051892;3;2114019589;6;true;0.5154583731196919;0.0;Infinity;1;C
user-I051892_session-05F964991B84D6A73AB5C73DA9CB1A97C34CB84348A55BE18FEB6A11A66B8BC9_analysis-6.csv;user-I051892;3;-325222040;7;true;-0.7449922249403252;0.0;Infinity;1;C
user-I051892_session-05F964991B84D6A73AB5C73DA9CB1A97C34CB84348A55BE18FEB6A11A66B8BC9_analysis-6.csv;user-I051892;3;829344837;8;true;-0.14216802586814317;0.0;Infinity;1;C
user-I051892_session-05F964991B84D6A73AB5C73DA9CB1A97C34CB84348A55BE18FEB6A11A66B8BC9_analysis-6.csv;user-I051892;3;-1986407896;7;true;-0.03256362603683734;0.0;Infinity;1;C
user-I051892_session-05F964991B84D6A73AB5C73DA9CB1A97C34CB84348A55BE18FEB6A11A66B8BC9_analysis-6.csv;user-I051892;3;-1275570126;7;true;-0.7175911249824988;0.0;Infinity;1;C
user-I051892_session-05F964991B84D6A73AB5C73DA9CB1A97C34CB84348A55BE18FEB6A11A66B8BC9_analysis-6.csv;user-I051892;3;300176619;6;true;0.3236506734149066;0.0;Infinity;1;C
user-I051892_session-05F964991B84D6A73AB5C73DA9CB1A97C34CB84348A55BE18FEB6A11A66B8BC9_analysis-6.csv;user-I051892;3;1139330447;6;true;-0.16956912582596964;0.0;Infinity;1;C
user-I051892_session-05F964991B84D6A73AB5C73DA9CB1A97C34CB84348A55BE18FEB6A11A66B8BC9_analysis-6.csv;user-I051892;3;712612371;6;true;0.2688484734992537;0.0;Infinity;1;C
user-I051892_session-05F964991B84D6A73AB5C73DA9CB1A97C34CB84348A55BE18FEB6A11A66B8BC9_analysis-6.csv;user-I051892;3;-1213086218;6;true;-0.964201024602937;0.0;Infinity;1;C
user-I051892_session-05F964991B84D6A73AB5C73DA9CB1A97C34CB84348A55BE18FEB6A11A66B8BC9_analysis-6.csv;user-I051892;3;1142114030;7;true;0.46065617320403895;0.0;Infinity;1;C
user-I051892_session-05F964991B84D6A73AB5C73DA9CB1A97C34CB84348A55BE18FEB6A11A66B8BC9_analysis-6.csv;user-I051892;3;-1111873725;6;true;5.831271764938025;0.0;Infinity;1;C
user-I051892_session-05F964991B84D6A73AB5C73DA9CB1A97C34CB84348A55BE18FEB6A11A66B8BC9_analysis-6.csv;user-I051892;3;1147651319;6;true;-0.005162526079010878;0.0;Infinity;1;C
user-I051892_session-05F964991B84D6A73AB5C73DA9CB1A97C34CB84348A55BE18FEB6A11A66B8BC9_analysis-6.csv;user-I051892;3;-1843546239;5;true;0.2962495734570802;0.0;Infinity;1;C
user-I051892_session-05F964991B84D6A73AB5C73DA9CB1A97C34CB84348A55BE18FEB6A11A66B8BC9_analysis-6.csv;user-I051892;3;1709597746;6;true;-0.49838232531988713;0.0;Infinity;1;C
user-I051892_session-05F964991B84D6A73AB5C73DA9CB1A97C34CB84348A55BE18FEB6A11A66B8BC9_analysis-6.csv;user-I051892;3;119995183;6;true;-0.662788925066846;0.0;Infinity;1;C
user-I051892_session-05F964991B84D6A73AB5C73DA9CB1A97C34CB84348A55BE18FEB6A11A66B8BC9_analysis-6.csv;user-I051892;3;69940702;5;true;1.7485078712218824;0.0;Infinity;1;C
user-I051892_session-05F964991B84D6A73AB5C73DA9CB1A97C34CB84348A55BE18FEB6A11A66B8BC9_analysis-6.csv;user-I051892;3;596371878;5;true;-0.47098122536206066;0.0;Infinity;1;C
user-I051892_session-05F964991B84D6A73AB5C73DA9CB1A97C34CB84348A55BE18FEB6A11A66B8BC9_analysis-6.csv;user-I051892;3;266339178;7;true;-0.16956912582596964;0.0;Infinity;1;C
user-I051892_session-05F964991B84D6A73AB5C73DA9CB1A97C34CB84348A55BE18FEB6A11A66B8BC9_analysis-6.csv;user-I051892;3;-433109768;6;true;-0.6901900250246724;0.0;Infinity;1;C
user-I051892_session-05F964991B84D6A73AB5C73DA9CB1A97C34CB84348A55BE18FEB6A11A66B8BC9_analysis-6.csv;user-I051892;3;-828037230;6;true;0.5428594730775184;0.0;Infinity;1;C
user-I051892_session-05F964991B84D6A73AB5C73DA9CB1A97C34CB84348A55BE18FEB6A11A66B8BC9_analysis-6.csv;user-I051892;3;1009430562;6;true;0.0770407737944685;0.0;Infinity;1;C
user-I051892_session-05F964991B84D6A73AB5C73DA9CB1A97C34CB84348A55BE18FEB6A11A66B8BC9_analysis-6.csv;user-I051892;3;-48793907;6;true;-0.662788925066846;0.0;Infinity;1;C
user-I051892_session-05F964991B84D6A73AB5C73DA9CB1A97C34CB84348A55BE18FEB6A11A66B8BC9_analysis-6.csv;user-I051892;3;-1784205952;6;true;0.02223857387881558;0.0;Infinity;1;C
user-I051892_session-05F964991B84D6A73AB5C73DA9CB1A97C34CB84348A55BE18FEB6A11A66B8BC9_analysis-6.csv;user-I051892;3;922589403;5;true;0.3236506734149066;0.0;Infinity;1;C
user-I051892_session-05F964991B84D6A73AB5C73DA9CB1A97C34CB84348A55BE18FEB6A11A66B8BC9_analysis-6.csv;user-I051892;3;-1071135065;6;true;-0.11476692591031672;0.0;Infinity;1;C
user-I051892_session-05F964991B84D6A73AB5C73DA9CB1A97C34CB84348A55BE18FEB6A11A66B8BC9_analysis-6.csv;user-I051892;3;-1750174676;5;true;-0.36137682553075484;0.0;Infinity;1;C
user-I051892_session-05F964991B84D6A73AB5C73DA9CB1A97C34CB84348A55BE18FEB6A11A66B8BC9_analysis-6.csv;user-I051892;3;-751205438;6;true;-0.607986725151193;0.0;Infinity;1;C
user-I051892_session-05F964991B84D6A73AB5C73DA9CB1A97C34CB84348A55BE18FEB6A11A66B8BC9_analysis-6.csv;user-I051892;3;135853888;6;true;-0.4161790254464078;0.0;Infinity;1;C
user-I051892_session-05F964991B84D6A73AB5C73DA9CB1A97C34CB84348A55BE18FEB6A11A66B8BC9_analysis-6.csv;user-I051892;3;-1497672660;5;true;-0.2791735256572755;0.0;Infinity;1;C
user-I051892_session-05F964991B84D6A73AB5C73DA9CB1A97C34CB84348A55BE18FEB6A11A66B8BC9_analysis-6.csv;user-I051892;3;1540474189;6;true;-0.5805856251933665;0.0;Infinity;1;C
user-I051892_session-05F964991B84D6A73AB5C73DA9CB1A97C34CB84348A55BE18FEB6A11A66B8BC9_analysis-6.csv;user-I051892;3;1134843352;5;true;1.0086781723605682;0.0;Infinity;1;C
user-I051892_session-05F964991B84D6A73AB5C73DA9CB1A97C34CB84348A55BE18FEB6A11A66B8BC9_analysis-6.csv;user-I051892;3;1363216024;6;true;-0.08736582595249026;0.0;Infinity;1;C
user-I051892_session-05F964991B84D6A73AB5C73DA9CB1A97C34CB84348A55BE18FEB6A11A66B8BC9_analysis-6.csv;user-I051892;3;1144881325;6;true;-0.9367999246451105;0.0;Infinity;1;C
user-I051892_session-05F964991B84D6A73AB5C73DA9CB1A97C34CB84348A55BE18FEB6A11A66B8BC9_analysis-6.csv;user-I051892;3;-286303128;6;true;1.3100902718966592;0.0;Infinity;1;C
user-I051892_session-05F964991B84D6A73AB5C73DA9CB1A97C34CB84348A55BE18FEB6A11A66B8BC9_analysis-6.csv;user-I051892;3;1286914213;6;true;0.24144737354142726;0.0;Infinity;1;C
user-I051892_session-05F964991B84D6A73AB5C73DA9CB1A97C34CB84348A55BE18FEB6A11A66B8BC9_analysis-6.csv;user-I051892;3;1150423257;6;true;-0.16956912582596964;0.0;Infinity;1;C
user-I051892_session-05F964991B84D6A73AB5C73DA9CB1A97C34CB84348A55BE18FEB6A11A66B8BC9_analysis-6.csv;user-I051892;3;691494003;6;true;0.2688484734992537;0.0;Infinity;1;C
user-I051892_session-05F964991B84D6A73AB5C73DA9CB1A97C34CB84348A55BE18FEB6A11A66B8BC9_analysis-6.csv;user-I051892;3;-1778304996;6;true;-0.3339757255729284;0.0;Infinity;1;C
user-I051892_session-05F964991B84D6A73AB5C73DA9CB1A97C34CB84348A55BE18FEB6A11A66B8BC9_analysis-6.csv;user-I051892;3;-2022586776;6;true;-0.6901900250246724;0.0;Infinity;1;C
user-I051892_session-05F964991B84D6A73AB5C73DA9CB1A97C34CB84348A55BE18FEB6A11A66B8BC9_analysis-6.csv;user-I051892;3;538556841;6;true;0.5154583731196919;0.0;Infinity;1;C
user-I051892_session-05F964991B84D6A73AB5C73DA9CB1A97C34CB84348A55BE18FEB6A11A66B8BC9_analysis-6.csv;user-I051892;3;985851770;6;true;0.2140462735836008;0.0;Infinity;1;C
user-I051892_session-05F964991B84D6A73AB5C73DA9CB1A97C34CB84348A55BE18FEB6A11A66B8BC9_analysis-6.csv;user-I051892;3;847444566;6;true;0.7072660728244771;0.0;Infinity;1;C
user-I051892_session-05F964991B84D6A73AB5C73DA9CB1A97C34CB84348A55BE18FEB6A11A66B8BC9_analysis-6.csv;user-I051892;3;641045275;5;true;-0.16956912582596964;0.0;Infinity;1;C
user-I051892_session-05F964991B84D6A73AB5C73DA9CB1A97C34CB84348A55BE18FEB6A11A66B8BC9_analysis-6.csv;user-I051892;3;-1079771183;7;true;1.3100902718966592;0.0;Infinity;1;C
user-I051892_session-05F964991B84D6A73AB5C73DA9CB1A97C34CB84348A55BE18FEB6A11A66B8BC9_analysis-6.csv;user-I051892;3;-1635772773;7;true;0.15924407366794788;0.0;Infinity;1;C
user-I051892_session-05F964991B84D6A73AB5C73DA9CB1A97C34CB84348A55BE18FEB6A11A66B8BC9_analysis-6.csv;user-I051892;3;-763706281;6;true;-0.3339757255729284;0.0;Infinity;1;C
user-I051892_session-05F964991B84D6A73AB5C73DA9CB1A97C34CB84348A55BE18FEB6A11A66B8BC9_analysis-6.csv;user-I051892;3;-294075382;7;true;-0.08736582595249026;0.0;Infinity;1;C
user-I051892_session-05F964991B84D6A73AB5C73DA9CB1A97C34CB84348A55BE18FEB6A11A66B8BC9_analysis-6.csv;user-I051892;3;-439903042;6;true;-0.6353878251090195;0.0;Infinity;1;C
user-I051892_session-05F964991B84D6A73AB5C73DA9CB1A97C34CB84348A55BE18FEB6A11A66B8BC9_analysis-6.csv;user-I051892;3;-280334383;6;true;0.2962495734570802;0.0;Infinity;1;C
user-I051892_session-05F964991B84D6A73AB5C73DA9CB1A97C34CB84348A55BE18FEB6A11A66B8BC9_analysis-6.csv;user-I051892;3;1073003714;5;true;1.9403155709266677;0.0;Infinity;1;C
user-I051892_session-05F964991B84D6A73AB5C73DA9CB1A97C34CB84348A55BE18FEB6A11A66B8BC9_analysis-6.csv;user-I051892;3;677915956;6;true;-0.662788925066846;0.0;Infinity;1;C
user-I051892_session-05F964991B84D6A73AB5C73DA9CB1A97C34CB84348A55BE18FEB6A11A66B8BC9_analysis-6.csv;user-I051892;3;-1993023113;6;true;0.3510517733727331;0.0;Infinity;1;C
user-I051892_session-05F964991B84D6A73AB5C73DA9CB1A97C34CB84348A55BE18FEB6A11A66B8BC9_analysis-6.csv;user-I051892;3;804619320;6;true;-0.6901900250246724;0.0;Infinity;1;C
user-I051892_session-05F964991B84D6A73AB5C73DA9CB1A97C34CB84348A55BE18FEB6A11A66B8BC9_analysis-6.csv;user-I051892;3;-913865431;6;true;0.24144737354142726;0.0;Infinity;1;C
user-I051892_session-05F964991B84D6A73AB5C73DA9CB1A97C34CB84348A55BE18FEB6A11A66B8BC9_analysis-6.csv;user-I051892;3;582522831;6;true;-0.4161790254464078;0.0;Infinity;1;C
user-I051892_session-05F964991B84D6A73AB5C73DA9CB1A97C34CB84348A55BE18FEB6A11A66B8BC9_analysis-6.csv;user-I051892;3;1143456658;6;true;-0.36137682553075484;0.0;Infinity;1;C
user-I051892_session-05F964991B84D6A73AB5C73DA9CB1A97C34CB84348A55BE18FEB6A11A66B8BC9_analysis-6.csv;user-I051892;3;-656219506;6;true;-0.3339757255729284;0.0;Infinity;1;C
user-I051892_session-05F964991B84D6A73AB5C73DA9CB1A97C34CB84348A55BE18FEB6A11A66B8BC9_analysis-6.csv;user-I051892;3;1073256992;5;true;-0.5531845252355401;0.0;Infinity;1;C
user-I051892_session-05F964991B84D6A73AB5C73DA9CB1A97C34CB84348A55BE18FEB6A11A66B8BC9_analysis-6.csv;user-I051892;4;844014191;4;true;-0.6846690406354001;0.0;Infinity;1;C
user-I051892_session-05F964991B84D6A73AB5C73DA9CB1A97C34CB84348A55BE18FEB6A11A66B8BC9_analysis-6.csv;user-I051892;4;-224317923;6;true;0.09776902375670439;0.0;Infinity;1;C
user-I051892_session-05F964991B84D6A73AB5C73DA9CB1A97C34CB84348A55BE18FEB6A11A66B8BC9_analysis-6.csv;user-I051892;4;515234741;7;true;1.7126731617731452;0.0;Infinity;1;C
user-I051892_session-05F964991B84D6A73AB5C73DA9CB1A97C34CB84348A55BE18FEB6A11A66B8BC9_analysis-6.csv;user-I051892;4;-831276233;4;true;0.650078245680543;0.0;Infinity;1;C
user-I051892_session-05F964991B84D6A73AB5C73DA9CB1A97C34CB84348A55BE18FEB6A11A66B8BC9_analysis-6.csv;user-I051892;4;-1557913052;6;true;0.25385641256126745;0.0;Infinity;1;C
user-I051892_session-05F964991B84D6A73AB5C73DA9CB1A97C34CB84348A55BE18FEB6A11A66B8BC9_analysis-6.csv;user-I051892;4;-488302971;5;true;-1.1589345681569572;0.0;Infinity;1;C
user-I051892_session-05F964991B84D6A73AB5C73DA9CB1A97C34CB84348A55BE18FEB6A11A66B8BC9_analysis-6.csv;user-I051892;4;-1492064069;4;true;-0.8707732349793023;0.0;Infinity;1;C
user-I051892_session-05F964991B84D6A73AB5C73DA9CB1A97C34CB84348A55BE18FEB6A11A66B8BC9_analysis-6.csv;user-I051892;5;-1577607871;5;true;-0.822275641628606;0.0;Infinity;1;C
user-I051892_session-05F964991B84D6A73AB5C73DA9CB1A97C34CB84348A55BE18FEB6A11A66B8BC9_analysis-6.csv;user-I051892;5;-1643456854;5;true;0.21083990810989908;0.0;Infinity;1;C
user-I051892_session-05F964991B84D6A73AB5C73DA9CB1A97C34CB84348A55BE18FEB6A11A66B8BC9_analysis-6.csv;user-I051892;5;-573846773;5;true;-1.235521861524008;0.0;Infinity;1;C
user-I051892_session-05F964991B84D6A73AB5C73DA9CB1A97C34CB84348A55BE18FEB6A11A66B8BC9_analysis-6.csv;user-I051892;5;758470389;5;true;-0.5713761509778262;0.0;Infinity;1;C
user-I051892_session-05F964991B84D6A73AB5C73DA9CB1A97C34CB84348A55BE18FEB6A11A66B8BC9_analysis-6.csv;user-I051892;5;-916820035;5;true;0.5060157794637578;0.0;Infinity;1;C
user-I051892_session-05F964991B84D6A73AB5C73DA9CB1A97C34CB84348A55BE18FEB6A11A66B8BC9_analysis-6.csv;user-I051892;5;-309861725;5;true;0.13704594027143444;0.0;Infinity;1;C
user-I051892_session-05F964991B84D6A73AB5C73DA9CB1A97C34CB84348A55BE18FEB6A11A66B8BC9_analysis-6.csv;user-I051892;5;429690939;6;true;1.7752720262853496;0.0;Infinity;1;C
