session ;user;query position;cell hashcode;cell computation time;novelty;outlierness;relevance;surprise;query label;session label
user-I050648_session-B34FE261C41F1CECA723A22B5D5BB74C4AC140931465D2DA8F3A7033ABC96D46_analysis-3.csv;user-I050648;1;-1645642369;5;true;2.0946678974436046;0.0;Infinity;0;C
user-I050648_session-B34FE261C41F1CECA723A22B5D5BB74C4AC140931465D2DA8F3A7033ABC96D46_analysis-3.csv;user-I050648;1;1959132295;4;true;1.0308463831172872;0.0;Infinity;0;C
user-I050648_session-B34FE261C41F1CECA723A22B5D5BB74C4AC140931465D2DA8F3A7033ABC96D46_analysis-3.csv;user-I050648;1;934876582;4;true;1.9983485468520006;0.0;Infinity;0;C
user-I050648_session-B34FE261C41F1CECA723A22B5D5BB74C4AC140931465D2DA8F3A7033ABC96D46_analysis-3.csv;user-I050648;1;1052919571;3;true;-0.9812968182025585;0.0;Infinity;0;C
user-I050648_session-B34FE261C41F1CECA723A22B5D5BB74C4AC140931465D2DA8F3A7033ABC96D46_analysis-3.csv;user-I050648;1;385039036;5;true;-0.7354253446144666;0.0;Infinity;0;C
user-I050648_session-B34FE261C41F1CECA723A22B5D5BB74C4AC140931465D2DA8F3A7033ABC96D46_analysis-3.csv;user-I050648;1;317646201;4;true;-1.048011519911029;0.0;Infinity;0;C
user-I050648_session-B34FE261C41F1CECA723A22B5D5BB74C4AC140931465D2DA8F3A7033ABC96D46_analysis-3.csv;user-I050648;1;176556107;5;true;-0.015740499934342234;0.0;Infinity;0;C
user-I050648_session-B34FE261C41F1CECA723A22B5D5BB74C4AC140931465D2DA8F3A7033ABC96D46_analysis-3.csv;user-I050648;1;408892511;3;true;0.30685288061849064;0.0;Infinity;0;C
user-I050648_session-B34FE261C41F1CECA723A22B5D5BB74C4AC140931465D2DA8F3A7033ABC96D46_analysis-3.csv;user-I050648;1;455384322;6;true;-1.040506115968826;0.0;Infinity;0;C
user-I050648_session-B34FE261C41F1CECA723A22B5D5BB74C4AC140931465D2DA8F3A7033ABC96D46_analysis-3.csv;user-I050648;1;312076785;5;true;1.9798630149202785;0.0;Infinity;0;C
user-I050648_session-B34FE261C41F1CECA723A22B5D5BB74C4AC140931465D2DA8F3A7033ABC96D46_analysis-3.csv;user-I050648;1;-1259064023;3;true;-1.0438418510542495;0.0;Infinity;0;C
user-I050648_session-B34FE261C41F1CECA723A22B5D5BB74C4AC140931465D2DA8F3A7033ABC96D46_analysis-3.csv;user-I050648;1;870807567;7;true;0.39997548508656394;0.0;Infinity;0;C
user-I050648_session-B34FE261C41F1CECA723A22B5D5BB74C4AC140931465D2DA8F3A7033ABC96D46_analysis-3.csv;user-I050648;1;-661528774;6;true;-0.812008262617315;0.0;Infinity;0;C
user-I050648_session-B34FE261C41F1CECA723A22B5D5BB74C4AC140931465D2DA8F3A7033ABC96D46_analysis-3.csv;user-I050648;1;870815030;4;true;0.39997548508656394;0.0;Infinity;0;C
user-I050648_session-B34FE261C41F1CECA723A22B5D5BB74C4AC140931465D2DA8F3A7033ABC96D46_analysis-3.csv;user-I050648;1;-1709703921;4;true;-0.13818977536176394;0.0;Infinity;0;C
user-I050648_session-B34FE261C41F1CECA723A22B5D5BB74C4AC140931465D2DA8F3A7033ABC96D46_analysis-3.csv;user-I050648;1;-1709711384;4;true;-0.0731429411960053;0.0;Infinity;0;C
user-I050648_session-B34FE261C41F1CECA723A22B5D5BB74C4AC140931465D2DA8F3A7033ABC96D46_analysis-3.csv;user-I050648;1;2102439832;4;true;-0.8607933882416339;0.0;Infinity;0;C
user-I050648_session-B34FE261C41F1CECA723A22B5D5BB74C4AC140931465D2DA8F3A7033ABC96D46_analysis-3.csv;user-I050648;1;387991487;4;true;-0.7265300510533372;0.0;Infinity;0;C
user-I050648_session-B34FE261C41F1CECA723A22B5D5BB74C4AC140931465D2DA8F3A7033ABC96D46_analysis-3.csv;user-I050648;1;-1470499403;4;true;0.01858977365314149;0.0;Infinity;0;C
user-I050648_session-B34FE261C41F1CECA723A22B5D5BB74C4AC140931465D2DA8F3A7033ABC96D46_analysis-3.csv;user-I050648;1;-1713035204;4;true;-0.7803187793057915;0.0;Infinity;0;C
user-I050648_session-B34FE261C41F1CECA723A22B5D5BB74C4AC140931465D2DA8F3A7033ABC96D46_analysis-3.csv;user-I050648;1;2032094546;3;true;-1.0689988531568186;0.0;Infinity;0;C
user-I050648_session-B34FE261C41F1CECA723A22B5D5BB74C4AC140931465D2DA8F3A7033ABC96D46_analysis-3.csv;user-I050648;1;243948942;4;true;0.2732175518404702;0.0;Infinity;0;C
user-I050648_session-B34FE261C41F1CECA723A22B5D5BB74C4AC140931465D2DA8F3A7033ABC96D46_analysis-3.csv;user-I050648;1;1891004452;3;true;0.009416502168226811;0.0;Infinity;0;C
user-I050648_session-B34FE261C41F1CECA723A22B5D5BB74C4AC140931465D2DA8F3A7033ABC96D46_analysis-3.csv;user-I050648;1;244683950;5;true;1.001380723196046;0.0;Infinity;0;C
user-I050648_session-B34FE261C41F1CECA723A22B5D5BB74C4AC140931465D2DA8F3A7033ABC96D46_analysis-3.csv;user-I050648;1;-1329409309;3;true;-0.8620442888986677;0.0;Infinity;0;C
user-I050648_session-B34FE261C41F1CECA723A22B5D5BB74C4AC140931465D2DA8F3A7033ABC96D46_analysis-3.csv;user-I050648;1;1413141;4;true;-0.6972033800939889;0.0;Infinity;0;C
user-I050648_session-B34FE261C41F1CECA723A22B5D5BB74C4AC140931465D2DA8F3A7033ABC96D46_analysis-3.csv;user-I050648;1;2123340856;3;true;-0.17960848600577264;0.0;Infinity;0;C
user-I050648_session-B34FE261C41F1CECA723A22B5D5BB74C4AC140931465D2DA8F3A7033ABC96D46_analysis-3.csv;user-I050648;1;-1402371560;3;true;1.5505261116338929;0.0;Infinity;0;C
user-I050648_session-B34FE261C41F1CECA723A22B5D5BB74C4AC140931465D2DA8F3A7033ABC96D46_analysis-3.csv;user-I050648;2;-1716324496;4;true;1.1015541199105257;0.0;Infinity;0;C
user-I050648_session-B34FE261C41F1CECA723A22B5D5BB74C4AC140931465D2DA8F3A7033ABC96D46_analysis-3.csv;user-I050648;2;-1094907858;3;true;-0.6460397994104414;0.0;Infinity;0;C
user-I050648_session-B34FE261C41F1CECA723A22B5D5BB74C4AC140931465D2DA8F3A7033ABC96D46_analysis-3.csv;user-I050648;2;-657987788;4;true;0.5676875111116866;0.0;Infinity;0;C
user-I050648_session-B34FE261C41F1CECA723A22B5D5BB74C4AC140931465D2DA8F3A7033ABC96D46_analysis-3.csv;user-I050648;2;-1009694579;3;true;-1.0232018316117708;0.0;Infinity;0;C
user-I050648_session-B34FE261C41F1CECA723A22B5D5BB74C4AC140931465D2DA8F3A7033ABC96D46_analysis-3.csv;user-I050648;3;426929655;3;true;-0.37131482244246805;0.0;Infinity;0;C
user-I050648_session-B34FE261C41F1CECA723A22B5D5BB74C4AC140931465D2DA8F3A7033ABC96D46_analysis-3.csv;user-I050648;3;-254037773;4;true;-0.12248409328471786;0.0;Infinity;0;C
user-I050648_session-B34FE261C41F1CECA723A22B5D5BB74C4AC140931465D2DA8F3A7033ABC96D46_analysis-3.csv;user-I050648;3;1701320077;3;true;-0.28782298381477817;0.0;Infinity;0;C
user-I050648_session-B34FE261C41F1CECA723A22B5D5BB74C4AC140931465D2DA8F3A7033ABC96D46_analysis-3.csv;user-I050648;3;-738073445;3;true;-0.3545339424193773;0.0;Infinity;0;C
user-I050648_session-B34FE261C41F1CECA723A22B5D5BB74C4AC140931465D2DA8F3A7033ABC96D46_analysis-3.csv;user-I050648;3;1688966418;3;true;4.573182355818223;0.0;Infinity;0;C
user-I050648_session-B34FE261C41F1CECA723A22B5D5BB74C4AC140931465D2DA8F3A7033ABC96D46_analysis-3.csv;user-I050648;3;-908806156;4;true;0.17570349575226007;0.0;Infinity;0;C
user-I050648_session-B34FE261C41F1CECA723A22B5D5BB74C4AC140931465D2DA8F3A7033ABC96D46_analysis-3.csv;user-I050648;3;-1041818412;3;true;-0.3765931138397947;0.0;Infinity;0;C
user-I050648_session-B34FE261C41F1CECA723A22B5D5BB74C4AC140931465D2DA8F3A7033ABC96D46_analysis-3.csv;user-I050648;3;-1415300262;3;true;-0.38343430357640074;0.0;Infinity;0;C
user-I050648_session-B34FE261C41F1CECA723A22B5D5BB74C4AC140931465D2DA8F3A7033ABC96D46_analysis-3.csv;user-I050648;3;-396806472;3;true;-0.29885529913785486;0.0;Infinity;0;C
user-I050648_session-B34FE261C41F1CECA723A22B5D5BB74C4AC140931465D2DA8F3A7033ABC96D46_analysis-3.csv;user-I050648;3;1337259627;3;true;-0.3257622630118454;0.0;Infinity;0;C
user-I050648_session-B34FE261C41F1CECA723A22B5D5BB74C4AC140931465D2DA8F3A7033ABC96D46_analysis-3.csv;user-I050648;3;1049760016;4;true;-0.2445898154325671;0.0;Infinity;0;C
user-I050648_session-B34FE261C41F1CECA723A22B5D5BB74C4AC140931465D2DA8F3A7033ABC96D46_analysis-3.csv;user-I050648;3;1252046348;3;true;-0.018525617372742522;0.0;Infinity;0;C
user-I050648_session-B34FE261C41F1CECA723A22B5D5BB74C4AC140931465D2DA8F3A7033ABC96D46_analysis-3.csv;user-I050648;3;-482552036;4;true;-0.2964594789291392;0.0;Infinity;0;C
user-I050648_session-B34FE261C41F1CECA723A22B5D5BB74C4AC140931465D2DA8F3A7033ABC96D46_analysis-3.csv;user-I050648;3;858729218;3;true;-0.3570288085807319;0.0;Infinity;0;C
user-I050648_session-B34FE261C41F1CECA723A22B5D5BB74C4AC140931465D2DA8F3A7033ABC96D46_analysis-3.csv;user-I050648;3;1844958072;3;true;-0.3728862995650468;0.0;Infinity;0;C
user-I050648_session-B34FE261C41F1CECA723A22B5D5BB74C4AC140931465D2DA8F3A7033ABC96D46_analysis-3.csv;user-I050648;3;-176309898;3;true;-0.1856200389216241;0.0;Infinity;0;C
user-I050648_session-B34FE261C41F1CECA723A22B5D5BB74C4AC140931465D2DA8F3A7033ABC96D46_analysis-3.csv;user-I050648;3;630629710;4;true;0.4268996294324825;0.0;Infinity;0;C
user-I050648_session-B34FE261C41F1CECA723A22B5D5BB74C4AC140931465D2DA8F3A7033ABC96D46_analysis-3.csv;user-I050648;3;299914093;4;true;0.9380469350946987;0.0;Infinity;0;C
user-I050648_session-B34FE261C41F1CECA723A22B5D5BB74C4AC140931465D2DA8F3A7033ABC96D46_analysis-3.csv;user-I050648;3;621980209;3;true;-0.3579958714253958;0.0;Infinity;0;C
user-I050648_session-B34FE261C41F1CECA723A22B5D5BB74C4AC140931465D2DA8F3A7033ABC96D46_analysis-3.csv;user-I050648;3;-110077840;4;true;-0.38247581951503634;0.0;Infinity;0;C
user-I050648_session-B34FE261C41F1CECA723A22B5D5BB74C4AC140931465D2DA8F3A7033ABC96D46_analysis-3.csv;user-I050648;3;-72230280;4;true;-0.3391248878348057;0.0;Infinity;0;C
user-I050648_session-B34FE261C41F1CECA723A22B5D5BB74C4AC140931465D2DA8F3A7033ABC96D46_analysis-3.csv;user-I050648;3;1874053090;3;true;-0.18122458231474864;0.0;Infinity;0;C
user-I050648_session-B34FE261C41F1CECA723A22B5D5BB74C4AC140931465D2DA8F3A7033ABC96D46_analysis-3.csv;user-I050648;3;-1448548824;3;true;-0.373857261856665;0.0;Infinity;0;C
user-I050648_session-B34FE261C41F1CECA723A22B5D5BB74C4AC140931465D2DA8F3A7033ABC96D46_analysis-3.csv;user-I050648;3;1331180323;3;true;-0.14310592855778406;0.0;Infinity;0;C
user-I050648_session-B34FE261C41F1CECA723A22B5D5BB74C4AC140931465D2DA8F3A7033ABC96D46_analysis-3.csv;user-I050648;3;-1173334908;3;true;-0.34013718426413936;0.0;Infinity;0;C
user-I050648_session-B34FE261C41F1CECA723A22B5D5BB74C4AC140931465D2DA8F3A7033ABC96D46_analysis-3.csv;user-I050648;4;426929655;3;true;-0.37131482244246805;0.0;Infinity;0;C
user-I050648_session-B34FE261C41F1CECA723A22B5D5BB74C4AC140931465D2DA8F3A7033ABC96D46_analysis-3.csv;user-I050648;4;-254037773;3;true;-0.12248409328471786;0.0;Infinity;0;C
user-I050648_session-B34FE261C41F1CECA723A22B5D5BB74C4AC140931465D2DA8F3A7033ABC96D46_analysis-3.csv;user-I050648;4;1701320077;3;true;-0.28782298381477817;0.0;Infinity;0;C
user-I050648_session-B34FE261C41F1CECA723A22B5D5BB74C4AC140931465D2DA8F3A7033ABC96D46_analysis-3.csv;user-I050648;4;-738073445;3;true;-0.3545339424193773;0.0;Infinity;0;C
user-I050648_session-B34FE261C41F1CECA723A22B5D5BB74C4AC140931465D2DA8F3A7033ABC96D46_analysis-3.csv;user-I050648;4;1688966418;4;true;4.573182355818223;0.0;Infinity;0;C
user-I050648_session-B34FE261C41F1CECA723A22B5D5BB74C4AC140931465D2DA8F3A7033ABC96D46_analysis-3.csv;user-I050648;4;-908806156;3;true;0.17570349575226007;0.0;Infinity;0;C
user-I050648_session-B34FE261C41F1CECA723A22B5D5BB74C4AC140931465D2DA8F3A7033ABC96D46_analysis-3.csv;user-I050648;4;-1041818412;4;true;-0.3765931138397947;0.0;Infinity;0;C
user-I050648_session-B34FE261C41F1CECA723A22B5D5BB74C4AC140931465D2DA8F3A7033ABC96D46_analysis-3.csv;user-I050648;4;-1415300262;3;true;-0.38343430357640074;0.0;Infinity;0;C
user-I050648_session-B34FE261C41F1CECA723A22B5D5BB74C4AC140931465D2DA8F3A7033ABC96D46_analysis-3.csv;user-I050648;4;-396806472;3;true;-0.29885529913785486;0.0;Infinity;0;C
user-I050648_session-B34FE261C41F1CECA723A22B5D5BB74C4AC140931465D2DA8F3A7033ABC96D46_analysis-3.csv;user-I050648;4;1337259627;3;true;-0.3257622630118454;0.0;Infinity;0;C
user-I050648_session-B34FE261C41F1CECA723A22B5D5BB74C4AC140931465D2DA8F3A7033ABC96D46_analysis-3.csv;user-I050648;4;1049760016;3;true;-0.2445898154325671;0.0;Infinity;0;C
user-I050648_session-B34FE261C41F1CECA723A22B5D5BB74C4AC140931465D2DA8F3A7033ABC96D46_analysis-3.csv;user-I050648;4;1252046348;4;true;-0.018525617372742522;0.0;Infinity;0;C
user-I050648_session-B34FE261C41F1CECA723A22B5D5BB74C4AC140931465D2DA8F3A7033ABC96D46_analysis-3.csv;user-I050648;4;-482552036;3;true;-0.2964594789291392;0.0;Infinity;0;C
user-I050648_session-B34FE261C41F1CECA723A22B5D5BB74C4AC140931465D2DA8F3A7033ABC96D46_analysis-3.csv;user-I050648;4;858729218;4;true;-0.3570288085807319;0.0;Infinity;0;C
user-I050648_session-B34FE261C41F1CECA723A22B5D5BB74C4AC140931465D2DA8F3A7033ABC96D46_analysis-3.csv;user-I050648;4;1844958072;5;true;-0.3728862995650468;0.0;Infinity;0;C
user-I050648_session-B34FE261C41F1CECA723A22B5D5BB74C4AC140931465D2DA8F3A7033ABC96D46_analysis-3.csv;user-I050648;4;-176309898;4;true;-0.1856200389216241;0.0;Infinity;0;C
user-I050648_session-B34FE261C41F1CECA723A22B5D5BB74C4AC140931465D2DA8F3A7033ABC96D46_analysis-3.csv;user-I050648;4;630629710;5;true;0.4268996294324825;0.0;Infinity;0;C
user-I050648_session-B34FE261C41F1CECA723A22B5D5BB74C4AC140931465D2DA8F3A7033ABC96D46_analysis-3.csv;user-I050648;4;299914093;5;true;0.9380469350946987;0.0;Infinity;0;C
user-I050648_session-B34FE261C41F1CECA723A22B5D5BB74C4AC140931465D2DA8F3A7033ABC96D46_analysis-3.csv;user-I050648;4;621980209;3;true;-0.3579958714253958;0.0;Infinity;0;C
user-I050648_session-B34FE261C41F1CECA723A22B5D5BB74C4AC140931465D2DA8F3A7033ABC96D46_analysis-3.csv;user-I050648;4;-110077840;4;true;-0.38247581951503634;0.0;Infinity;0;C
user-I050648_session-B34FE261C41F1CECA723A22B5D5BB74C4AC140931465D2DA8F3A7033ABC96D46_analysis-3.csv;user-I050648;4;-72230280;3;true;-0.3391248878348057;0.0;Infinity;0;C
user-I050648_session-B34FE261C41F1CECA723A22B5D5BB74C4AC140931465D2DA8F3A7033ABC96D46_analysis-3.csv;user-I050648;4;1874053090;3;true;-0.18122458231474864;0.0;Infinity;0;C
user-I050648_session-B34FE261C41F1CECA723A22B5D5BB74C4AC140931465D2DA8F3A7033ABC96D46_analysis-3.csv;user-I050648;4;-1448548824;3;true;-0.373857261856665;0.0;Infinity;0;C
user-I050648_session-B34FE261C41F1CECA723A22B5D5BB74C4AC140931465D2DA8F3A7033ABC96D46_analysis-3.csv;user-I050648;4;1331180323;4;true;-0.14310592855778406;0.0;Infinity;0;C
user-I050648_session-B34FE261C41F1CECA723A22B5D5BB74C4AC140931465D2DA8F3A7033ABC96D46_analysis-3.csv;user-I050648;4;-1173334908;5;true;-0.34013718426413936;0.0;Infinity;0;C
user-I050648_session-B34FE261C41F1CECA723A22B5D5BB74C4AC140931465D2DA8F3A7033ABC96D46_analysis-3.csv;user-I050648;5;-1716324496;4;true;1.1015541199105257;0.0;Infinity;0;C
user-I050648_session-B34FE261C41F1CECA723A22B5D5BB74C4AC140931465D2DA8F3A7033ABC96D46_analysis-3.csv;user-I050648;5;-1094907858;4;true;-0.6460397994104414;0.0;Infinity;0;C
user-I050648_session-B34FE261C41F1CECA723A22B5D5BB74C4AC140931465D2DA8F3A7033ABC96D46_analysis-3.csv;user-I050648;5;-657987788;5;true;0.5676875111116866;0.0;Infinity;0;C
user-I050648_session-B34FE261C41F1CECA723A22B5D5BB74C4AC140931465D2DA8F3A7033ABC96D46_analysis-3.csv;user-I050648;5;-1009694579;4;true;-1.0232018316117708;0.0;Infinity;0;C
