session ;user;query position;cell hashcode;cell computation time;novelty;outlierness;relevance;surprise;query label;session label
user-I051911_session-547BFC0A9BECA12855B0C21A1D028732A75106E4BFAC87C9590A6616878B5C90_analysis-2.csv;user-I051911;1;-1234309182;4;true;NaN;0.009523809523809525;Infinity;1;B
user-I051911_session-547BFC0A9BECA12855B0C21A1D028732A75106E4BFAC87C9590A6616878B5C90_analysis-2.csv;user-I051911;2;713703908;5;true;-0.40203478246059365;1.0;18.566126794301898;1;B
user-I051911_session-547BFC0A9BECA12855B0C21A1D028732A75106E4BFAC87C9590A6616878B5C90_analysis-2.csv;user-I051911;2;-1777255273;5;true;1.6286904022702946;0.0;Infinity;1;B
user-I051911_session-547BFC0A9BECA12855B0C21A1D028732A75106E4BFAC87C9590A6616878B5C90_analysis-2.csv;user-I051911;2;-12456300;5;true;-0.7277334597524805;0.0;Infinity;1;B
user-I051911_session-547BFC0A9BECA12855B0C21A1D028732A75106E4BFAC87C9590A6616878B5C90_analysis-2.csv;user-I051911;2;1994181913;3;true;-0.8082627019203055;0.0;Infinity;1;B
user-I051911_session-547BFC0A9BECA12855B0C21A1D028732A75106E4BFAC87C9590A6616878B5C90_analysis-2.csv;user-I051911;2;1785505681;5;true;-0.6090930618077488;0.0;Infinity;1;B
user-I051911_session-547BFC0A9BECA12855B0C21A1D028732A75106E4BFAC87C9590A6616878B5C90_analysis-2.csv;user-I051911;2;-2105509081;4;true;-0.7511280358941105;0.0;Infinity;1;B
user-I051911_session-547BFC0A9BECA12855B0C21A1D028732A75106E4BFAC87C9590A6616878B5C90_analysis-2.csv;user-I051911;2;-1836781814;5;true;0.1916408216261176;0.0;Infinity;1;B
user-I051911_session-547BFC0A9BECA12855B0C21A1D028732A75106E4BFAC87C9590A6616878B5C90_analysis-2.csv;user-I051911;2;694862832;3;true;-0.10328278903323286;0.0;Infinity;1;B
user-I051911_session-547BFC0A9BECA12855B0C21A1D028732A75106E4BFAC87C9590A6616878B5C90_analysis-2.csv;user-I051911;2;-184274024;4;true;-0.028767462579589016;0.0;Infinity;1;B
user-I051911_session-547BFC0A9BECA12855B0C21A1D028732A75106E4BFAC87C9590A6616878B5C90_analysis-2.csv;user-I051911;2;-994625588;3;true;-0.20802556551213333;0.0;Infinity;1;B
user-I051911_session-547BFC0A9BECA12855B0C21A1D028732A75106E4BFAC87C9590A6616878B5C90_analysis-2.csv;user-I051911;2;-385851761;7;true;-0.4342010912845977;0.0;Infinity;1;B
user-I051911_session-547BFC0A9BECA12855B0C21A1D028732A75106E4BFAC87C9590A6616878B5C90_analysis-2.csv;user-I051911;2;1321679162;4;true;0.4636138696092001;0.0;Infinity;1;B
user-I051911_session-547BFC0A9BECA12855B0C21A1D028732A75106E4BFAC87C9590A6616878B5C90_analysis-2.csv;user-I051911;2;1332352985;5;true;3.8311353279884695;0.0;Infinity;1;B
user-I051911_session-547BFC0A9BECA12855B0C21A1D028732A75106E4BFAC87C9590A6616878B5C90_analysis-2.csv;user-I051911;2;-215351757;5;true;-0.8532461994444266;0.0;Infinity;1;B
user-I051911_session-547BFC0A9BECA12855B0C21A1D028732A75106E4BFAC87C9590A6616878B5C90_analysis-2.csv;user-I051911;2;1794621623;4;true;-0.274149037470435;1.0;17.2080033101487;1;B
user-I051911_session-547BFC0A9BECA12855B0C21A1D028732A75106E4BFAC87C9590A6616878B5C90_analysis-2.csv;user-I051911;2;-704187941;5;true;0.25892859556025744;0.0;Infinity;1;B
user-I051911_session-547BFC0A9BECA12855B0C21A1D028732A75106E4BFAC87C9590A6616878B5C90_analysis-2.csv;user-I051911;2;-1280434839;4;true;-0.03819534849410924;0.0;Infinity;1;B
user-I051911_session-547BFC0A9BECA12855B0C21A1D028732A75106E4BFAC87C9590A6616878B5C90_analysis-2.csv;user-I051911;2;-1140272655;4;true;-0.4963037746398989;0.0;Infinity;1;B
user-I051911_session-547BFC0A9BECA12855B0C21A1D028732A75106E4BFAC87C9590A6616878B5C90_analysis-2.csv;user-I051911;2;1788644531;4;true;-0.4243785267342002;0.0;Infinity;1;B
user-I051911_session-547BFC0A9BECA12855B0C21A1D028732A75106E4BFAC87C9590A6616878B5C90_analysis-2.csv;user-I051911;2;-468110519;5;true;-0.3812056174521664;0.0;Infinity;1;B
user-I051911_session-547BFC0A9BECA12855B0C21A1D028732A75106E4BFAC87C9590A6616878B5C90_analysis-2.csv;user-I051911;2;-2110729901;4;true;0.5431514817043832;0.0;Infinity;1;B
user-I051911_session-547BFC0A9BECA12855B0C21A1D028732A75106E4BFAC87C9590A6616878B5C90_analysis-2.csv;user-I051911;2;1284808481;4;true;-0.1424595771270084;0.0;Infinity;1;B
user-I051911_session-547BFC0A9BECA12855B0C21A1D028732A75106E4BFAC87C9590A6616878B5C90_analysis-2.csv;user-I051911;2;636752712;3;true;-0.47559794670518335;0.0;Infinity;1;B
user-I051911_session-547BFC0A9BECA12855B0C21A1D028732A75106E4BFAC87C9590A6616878B5C90_analysis-2.csv;user-I051911;2;-1562849725;4;true;-0.1748922940302297;0.0;Infinity;1;B
user-I051911_session-547BFC0A9BECA12855B0C21A1D028732A75106E4BFAC87C9590A6616878B5C90_analysis-2.csv;user-I051911;2;-1751819259;5;true;-0.22214519371064556;0.0;Infinity;1;B
user-I051911_session-547BFC0A9BECA12855B0C21A1D028732A75106E4BFAC87C9590A6616878B5C90_analysis-2.csv;user-I051911;2;1491207772;5;true;0.5043299043828973;0.0;Infinity;1;B
user-I051911_session-547BFC0A9BECA12855B0C21A1D028732A75106E4BFAC87C9590A6616878B5C90_analysis-2.csv;user-I051911;2;-64028196;6;true;-0.6155263235725497;0.0;Infinity;1;B
user-I051911_session-547BFC0A9BECA12855B0C21A1D028732A75106E4BFAC87C9590A6616878B5C90_analysis-2.csv;user-I051911;2;-569323012;5;true;0.16533549054489216;0.0;Infinity;1;B
user-I051911_session-547BFC0A9BECA12855B0C21A1D028732A75106E4BFAC87C9590A6616878B5C90_analysis-2.csv;user-I051911;2;429723205;13;true;-0.3384619211866493;0.0;Infinity;1;B
user-I051911_session-547BFC0A9BECA12855B0C21A1D028732A75106E4BFAC87C9590A6616878B5C90_analysis-2.csv;user-I051911;2;2006979230;16;true;1.929544059433702;0.0;Infinity;1;B
user-I051911_session-547BFC0A9BECA12855B0C21A1D028732A75106E4BFAC87C9590A6616878B5C90_analysis-2.csv;user-I051911;2;22646620;5;true;-0.6093249355063268;0.0;Infinity;1;B
user-I051911_session-547BFC0A9BECA12855B0C21A1D028732A75106E4BFAC87C9590A6616878B5C90_analysis-2.csv;user-I051911;2;-1654729013;4;true;-0.53070001775661;0.0;Infinity;1;B
user-I051911_session-547BFC0A9BECA12855B0C21A1D028732A75106E4BFAC87C9590A6616878B5C90_analysis-2.csv;user-I051911;2;1778076817;4;true;0.15922290517174167;0.0;Infinity;1;B
user-I051911_session-547BFC0A9BECA12855B0C21A1D028732A75106E4BFAC87C9590A6616878B5C90_analysis-2.csv;user-I051911;2;122011993;4;true;-0.002911078446674065;0.0;Infinity;1;B
user-I051911_session-547BFC0A9BECA12855B0C21A1D028732A75106E4BFAC87C9590A6616878B5C90_analysis-2.csv;user-I051911;2;1551017098;5;true;-0.4799295447339373;0.0;Infinity;1;B
user-I051911_session-547BFC0A9BECA12855B0C21A1D028732A75106E4BFAC87C9590A6616878B5C90_analysis-2.csv;user-I051911;2;1716647775;9;true;0.3874211589530775;0.0;Infinity;1;B
user-I051911_session-547BFC0A9BECA12855B0C21A1D028732A75106E4BFAC87C9590A6616878B5C90_analysis-2.csv;user-I051911;2;-1236831017;9;true;-0.3578307752423303;0.0;Infinity;1;B
user-I051911_session-547BFC0A9BECA12855B0C21A1D028732A75106E4BFAC87C9590A6616878B5C90_analysis-2.csv;user-I051911;2;-547082044;21;true;3.1356326358454014;0.0;Infinity;1;B
user-I051911_session-547BFC0A9BECA12855B0C21A1D028732A75106E4BFAC87C9590A6616878B5C90_analysis-2.csv;user-I051911;2;-279031837;5;true;2.4826713671669642;0.0;Infinity;1;B
user-I051911_session-547BFC0A9BECA12855B0C21A1D028732A75106E4BFAC87C9590A6616878B5C90_analysis-2.csv;user-I051911;2;694984879;5;true;-0.846699467571811;0.0;Infinity;1;B
user-I051911_session-547BFC0A9BECA12855B0C21A1D028732A75106E4BFAC87C9590A6616878B5C90_analysis-2.csv;user-I051911;2;349687824;6;true;-0.49308221027455;0.0;Infinity;1;B
user-I051911_session-547BFC0A9BECA12855B0C21A1D028732A75106E4BFAC87C9590A6616878B5C90_analysis-2.csv;user-I051911;2;785637758;4;true;0.8240294664094485;0.0;Infinity;1;B
user-I051911_session-547BFC0A9BECA12855B0C21A1D028732A75106E4BFAC87C9590A6616878B5C90_analysis-2.csv;user-I051911;2;753403996;4;true;-0.5816579631313245;0.0;Infinity;1;B
user-I051911_session-547BFC0A9BECA12855B0C21A1D028732A75106E4BFAC87C9590A6616878B5C90_analysis-2.csv;user-I051911;2;-270102225;4;true;-0.5308776231427548;0.0;Infinity;1;B
user-I051911_session-547BFC0A9BECA12855B0C21A1D028732A75106E4BFAC87C9590A6616878B5C90_analysis-2.csv;user-I051911;2;2085438327;4;true;-0.621426769178916;0.0;Infinity;1;B
user-I051911_session-547BFC0A9BECA12855B0C21A1D028732A75106E4BFAC87C9590A6616878B5C90_analysis-2.csv;user-I051911;2;461925059;4;true;-0.3010562534713734;0.0;Infinity;1;B
user-I051911_session-547BFC0A9BECA12855B0C21A1D028732A75106E4BFAC87C9590A6616878B5C90_analysis-2.csv;user-I051911;2;1784024051;3;true;-0.6626904205598931;0.0;Infinity;1;B
user-I051911_session-547BFC0A9BECA12855B0C21A1D028732A75106E4BFAC87C9590A6616878B5C90_analysis-2.csv;user-I051911;2;-1768720540;4;true;-0.4284831845473246;0.0;Infinity;1;B
user-I051911_session-547BFC0A9BECA12855B0C21A1D028732A75106E4BFAC87C9590A6616878B5C90_analysis-2.csv;user-I051911;2;1143141173;5;true;-0.6466319335626334;0.0;Infinity;1;B
user-I051911_session-547BFC0A9BECA12855B0C21A1D028732A75106E4BFAC87C9590A6616878B5C90_analysis-2.csv;user-I051911;2;-1786424980;3;true;-0.6295620825609379;0.0;Infinity;1;B
user-I051911_session-547BFC0A9BECA12855B0C21A1D028732A75106E4BFAC87C9590A6616878B5C90_analysis-2.csv;user-I051911;2;-327197529;5;true;-0.5701826817931905;0.0;Infinity;1;B
user-I051911_session-547BFC0A9BECA12855B0C21A1D028732A75106E4BFAC87C9590A6616878B5C90_analysis-2.csv;user-I051911;2;-992009567;4;true;0.10566994776613363;0.0;Infinity;1;B
user-I051911_session-547BFC0A9BECA12855B0C21A1D028732A75106E4BFAC87C9590A6616878B5C90_analysis-2.csv;user-I051911;2;-91204326;5;true;-0.390066152827613;0.0;Infinity;1;B
user-I051911_session-547BFC0A9BECA12855B0C21A1D028732A75106E4BFAC87C9590A6616878B5C90_analysis-2.csv;user-I051911;2;85975697;4;true;-0.9150183394421805;0.0;Infinity;1;B
user-I051911_session-547BFC0A9BECA12855B0C21A1D028732A75106E4BFAC87C9590A6616878B5C90_analysis-2.csv;user-I051911;2;-1134541790;4;true;-0.7354938284304189;0.0;Infinity;1;B
user-I051911_session-547BFC0A9BECA12855B0C21A1D028732A75106E4BFAC87C9590A6616878B5C90_analysis-2.csv;user-I051911;2;-241332820;3;true;0.584464467914845;0.0;Infinity;1;B
user-I051911_session-547BFC0A9BECA12855B0C21A1D028732A75106E4BFAC87C9590A6616878B5C90_analysis-2.csv;user-I051911;2;-121248919;5;true;-0.7651835288142926;0.0;Infinity;1;B
user-I051911_session-547BFC0A9BECA12855B0C21A1D028732A75106E4BFAC87C9590A6616878B5C90_analysis-2.csv;user-I051911;2;318541166;3;true;-0.011825882134553729;0.0;Infinity;1;B
user-I051911_session-547BFC0A9BECA12855B0C21A1D028732A75106E4BFAC87C9590A6616878B5C90_analysis-2.csv;user-I051911;2;-107442232;4;true;0.4169233869849095;0.0;Infinity;1;B
user-I051911_session-547BFC0A9BECA12855B0C21A1D028732A75106E4BFAC87C9590A6616878B5C90_analysis-2.csv;user-I051911;2;1930677419;3;true;-0.8663347297067092;0.0;Infinity;1;B
user-I051911_session-547BFC0A9BECA12855B0C21A1D028732A75106E4BFAC87C9590A6616878B5C90_analysis-2.csv;user-I051911;2;-439370853;4;true;2.873654824315913;0.0;Infinity;1;B
user-I051911_session-547BFC0A9BECA12855B0C21A1D028732A75106E4BFAC87C9590A6616878B5C90_analysis-2.csv;user-I051911;3;713703908;4;true;-0.40203478246059365;1.0;18.566126794301898;1;B
user-I051911_session-547BFC0A9BECA12855B0C21A1D028732A75106E4BFAC87C9590A6616878B5C90_analysis-2.csv;user-I051911;3;-1777255273;5;true;1.6286904022702946;0.0;Infinity;1;B
user-I051911_session-547BFC0A9BECA12855B0C21A1D028732A75106E4BFAC87C9590A6616878B5C90_analysis-2.csv;user-I051911;3;-12456300;8;true;-0.7277334597524805;0.0;Infinity;1;B
user-I051911_session-547BFC0A9BECA12855B0C21A1D028732A75106E4BFAC87C9590A6616878B5C90_analysis-2.csv;user-I051911;3;1994181913;10;true;-0.8082627019203055;0.0;Infinity;1;B
user-I051911_session-547BFC0A9BECA12855B0C21A1D028732A75106E4BFAC87C9590A6616878B5C90_analysis-2.csv;user-I051911;3;1785505681;7;true;-0.6090930618077488;0.0;Infinity;1;B
user-I051911_session-547BFC0A9BECA12855B0C21A1D028732A75106E4BFAC87C9590A6616878B5C90_analysis-2.csv;user-I051911;3;-2105509081;6;true;-0.7511280358941105;0.0;Infinity;1;B
user-I051911_session-547BFC0A9BECA12855B0C21A1D028732A75106E4BFAC87C9590A6616878B5C90_analysis-2.csv;user-I051911;3;-1836781814;5;true;0.1916408216261176;0.0;Infinity;1;B
user-I051911_session-547BFC0A9BECA12855B0C21A1D028732A75106E4BFAC87C9590A6616878B5C90_analysis-2.csv;user-I051911;3;694862832;5;true;-0.10328278903323286;0.0;Infinity;1;B
user-I051911_session-547BFC0A9BECA12855B0C21A1D028732A75106E4BFAC87C9590A6616878B5C90_analysis-2.csv;user-I051911;3;-184274024;4;true;-0.028767462579589016;0.0;Infinity;1;B
user-I051911_session-547BFC0A9BECA12855B0C21A1D028732A75106E4BFAC87C9590A6616878B5C90_analysis-2.csv;user-I051911;3;-994625588;4;true;-0.20802556551213333;0.0;Infinity;1;B
user-I051911_session-547BFC0A9BECA12855B0C21A1D028732A75106E4BFAC87C9590A6616878B5C90_analysis-2.csv;user-I051911;3;-385851761;4;true;-0.4342010912845977;0.0;Infinity;1;B
user-I051911_session-547BFC0A9BECA12855B0C21A1D028732A75106E4BFAC87C9590A6616878B5C90_analysis-2.csv;user-I051911;3;1321679162;4;true;0.4636138696092001;0.0;Infinity;1;B
user-I051911_session-547BFC0A9BECA12855B0C21A1D028732A75106E4BFAC87C9590A6616878B5C90_analysis-2.csv;user-I051911;3;1332352985;4;true;3.8311353279884695;0.0;Infinity;1;B
user-I051911_session-547BFC0A9BECA12855B0C21A1D028732A75106E4BFAC87C9590A6616878B5C90_analysis-2.csv;user-I051911;3;-215351757;6;true;-0.8532461994444266;0.0;Infinity;1;B
user-I051911_session-547BFC0A9BECA12855B0C21A1D028732A75106E4BFAC87C9590A6616878B5C90_analysis-2.csv;user-I051911;3;1794621623;7;true;-0.274149037470435;1.0;17.2080033101487;1;B
user-I051911_session-547BFC0A9BECA12855B0C21A1D028732A75106E4BFAC87C9590A6616878B5C90_analysis-2.csv;user-I051911;3;-704187941;4;true;0.25892859556025744;0.0;Infinity;1;B
user-I051911_session-547BFC0A9BECA12855B0C21A1D028732A75106E4BFAC87C9590A6616878B5C90_analysis-2.csv;user-I051911;3;-1280434839;6;true;-0.03819534849410924;0.0;Infinity;1;B
user-I051911_session-547BFC0A9BECA12855B0C21A1D028732A75106E4BFAC87C9590A6616878B5C90_analysis-2.csv;user-I051911;3;-1140272655;7;true;-0.4963037746398989;0.0;Infinity;1;B
user-I051911_session-547BFC0A9BECA12855B0C21A1D028732A75106E4BFAC87C9590A6616878B5C90_analysis-2.csv;user-I051911;3;1788644531;4;true;-0.4243785267342002;0.0;Infinity;1;B
user-I051911_session-547BFC0A9BECA12855B0C21A1D028732A75106E4BFAC87C9590A6616878B5C90_analysis-2.csv;user-I051911;3;-468110519;5;true;-0.3812056174521664;0.0;Infinity;1;B
user-I051911_session-547BFC0A9BECA12855B0C21A1D028732A75106E4BFAC87C9590A6616878B5C90_analysis-2.csv;user-I051911;3;-2110729901;5;true;0.5431514817043832;0.0;Infinity;1;B
user-I051911_session-547BFC0A9BECA12855B0C21A1D028732A75106E4BFAC87C9590A6616878B5C90_analysis-2.csv;user-I051911;3;1284808481;5;true;-0.1424595771270084;0.0;Infinity;1;B
user-I051911_session-547BFC0A9BECA12855B0C21A1D028732A75106E4BFAC87C9590A6616878B5C90_analysis-2.csv;user-I051911;3;636752712;5;true;-0.47559794670518335;0.0;Infinity;1;B
user-I051911_session-547BFC0A9BECA12855B0C21A1D028732A75106E4BFAC87C9590A6616878B5C90_analysis-2.csv;user-I051911;3;-1562849725;6;true;-0.1748922940302297;0.0;Infinity;1;B
user-I051911_session-547BFC0A9BECA12855B0C21A1D028732A75106E4BFAC87C9590A6616878B5C90_analysis-2.csv;user-I051911;3;-1751819259;9;true;-0.22214519371064556;0.0;Infinity;1;B
user-I051911_session-547BFC0A9BECA12855B0C21A1D028732A75106E4BFAC87C9590A6616878B5C90_analysis-2.csv;user-I051911;3;1491207772;4;true;0.5043299043828973;0.0;Infinity;1;B
user-I051911_session-547BFC0A9BECA12855B0C21A1D028732A75106E4BFAC87C9590A6616878B5C90_analysis-2.csv;user-I051911;3;-64028196;6;true;-0.6155263235725497;0.0;Infinity;1;B
user-I051911_session-547BFC0A9BECA12855B0C21A1D028732A75106E4BFAC87C9590A6616878B5C90_analysis-2.csv;user-I051911;3;-569323012;5;true;0.16533549054489216;0.0;Infinity;1;B
user-I051911_session-547BFC0A9BECA12855B0C21A1D028732A75106E4BFAC87C9590A6616878B5C90_analysis-2.csv;user-I051911;3;429723205;4;true;-0.3384619211866493;0.0;Infinity;1;B
user-I051911_session-547BFC0A9BECA12855B0C21A1D028732A75106E4BFAC87C9590A6616878B5C90_analysis-2.csv;user-I051911;3;2006979230;5;true;1.929544059433702;0.0;Infinity;1;B
user-I051911_session-547BFC0A9BECA12855B0C21A1D028732A75106E4BFAC87C9590A6616878B5C90_analysis-2.csv;user-I051911;3;22646620;5;true;-0.6093249355063268;0.0;Infinity;1;B
user-I051911_session-547BFC0A9BECA12855B0C21A1D028732A75106E4BFAC87C9590A6616878B5C90_analysis-2.csv;user-I051911;3;-1654729013;5;true;-0.53070001775661;0.0;Infinity;1;B
user-I051911_session-547BFC0A9BECA12855B0C21A1D028732A75106E4BFAC87C9590A6616878B5C90_analysis-2.csv;user-I051911;3;1778076817;5;true;0.15922290517174167;0.0;Infinity;1;B
user-I051911_session-547BFC0A9BECA12855B0C21A1D028732A75106E4BFAC87C9590A6616878B5C90_analysis-2.csv;user-I051911;3;122011993;4;true;-0.002911078446674065;0.0;Infinity;1;B
user-I051911_session-547BFC0A9BECA12855B0C21A1D028732A75106E4BFAC87C9590A6616878B5C90_analysis-2.csv;user-I051911;3;1551017098;4;true;-0.4799295447339373;0.0;Infinity;1;B
user-I051911_session-547BFC0A9BECA12855B0C21A1D028732A75106E4BFAC87C9590A6616878B5C90_analysis-2.csv;user-I051911;3;1716647775;4;true;0.3874211589530775;0.0;Infinity;1;B
user-I051911_session-547BFC0A9BECA12855B0C21A1D028732A75106E4BFAC87C9590A6616878B5C90_analysis-2.csv;user-I051911;3;-1236831017;4;true;-0.3578307752423303;0.0;Infinity;1;B
user-I051911_session-547BFC0A9BECA12855B0C21A1D028732A75106E4BFAC87C9590A6616878B5C90_analysis-2.csv;user-I051911;3;-547082044;4;true;3.1356326358454014;0.0;Infinity;1;B
user-I051911_session-547BFC0A9BECA12855B0C21A1D028732A75106E4BFAC87C9590A6616878B5C90_analysis-2.csv;user-I051911;3;-279031837;5;true;2.4826713671669642;0.0;Infinity;1;B
user-I051911_session-547BFC0A9BECA12855B0C21A1D028732A75106E4BFAC87C9590A6616878B5C90_analysis-2.csv;user-I051911;3;694984879;4;true;-0.846699467571811;0.0;Infinity;1;B
user-I051911_session-547BFC0A9BECA12855B0C21A1D028732A75106E4BFAC87C9590A6616878B5C90_analysis-2.csv;user-I051911;3;349687824;4;true;-0.49308221027455;0.0;Infinity;1;B
user-I051911_session-547BFC0A9BECA12855B0C21A1D028732A75106E4BFAC87C9590A6616878B5C90_analysis-2.csv;user-I051911;3;785637758;4;true;0.8240294664094485;0.0;Infinity;1;B
user-I051911_session-547BFC0A9BECA12855B0C21A1D028732A75106E4BFAC87C9590A6616878B5C90_analysis-2.csv;user-I051911;3;753403996;4;true;-0.5816579631313245;0.0;Infinity;1;B
user-I051911_session-547BFC0A9BECA12855B0C21A1D028732A75106E4BFAC87C9590A6616878B5C90_analysis-2.csv;user-I051911;3;-270102225;4;true;-0.5308776231427548;0.0;Infinity;1;B
user-I051911_session-547BFC0A9BECA12855B0C21A1D028732A75106E4BFAC87C9590A6616878B5C90_analysis-2.csv;user-I051911;3;2085438327;4;true;-0.621426769178916;0.0;Infinity;1;B
user-I051911_session-547BFC0A9BECA12855B0C21A1D028732A75106E4BFAC87C9590A6616878B5C90_analysis-2.csv;user-I051911;3;461925059;4;true;-0.3010562534713734;0.0;Infinity;1;B
user-I051911_session-547BFC0A9BECA12855B0C21A1D028732A75106E4BFAC87C9590A6616878B5C90_analysis-2.csv;user-I051911;3;1784024051;4;true;-0.6626904205598931;0.0;Infinity;1;B
user-I051911_session-547BFC0A9BECA12855B0C21A1D028732A75106E4BFAC87C9590A6616878B5C90_analysis-2.csv;user-I051911;3;-1768720540;3;true;-0.4284831845473246;0.0;Infinity;1;B
user-I051911_session-547BFC0A9BECA12855B0C21A1D028732A75106E4BFAC87C9590A6616878B5C90_analysis-2.csv;user-I051911;3;1143141173;3;true;-0.6466319335626334;0.0;Infinity;1;B
user-I051911_session-547BFC0A9BECA12855B0C21A1D028732A75106E4BFAC87C9590A6616878B5C90_analysis-2.csv;user-I051911;3;-1786424980;7;true;-0.6295620825609379;0.0;Infinity;1;B
user-I051911_session-547BFC0A9BECA12855B0C21A1D028732A75106E4BFAC87C9590A6616878B5C90_analysis-2.csv;user-I051911;3;-327197529;6;true;-0.5701826817931905;0.0;Infinity;1;B
user-I051911_session-547BFC0A9BECA12855B0C21A1D028732A75106E4BFAC87C9590A6616878B5C90_analysis-2.csv;user-I051911;3;-992009567;5;true;0.10566994776613363;0.0;Infinity;1;B
user-I051911_session-547BFC0A9BECA12855B0C21A1D028732A75106E4BFAC87C9590A6616878B5C90_analysis-2.csv;user-I051911;3;-91204326;4;true;-0.390066152827613;0.0;Infinity;1;B
user-I051911_session-547BFC0A9BECA12855B0C21A1D028732A75106E4BFAC87C9590A6616878B5C90_analysis-2.csv;user-I051911;3;85975697;5;true;-0.9150183394421805;0.0;Infinity;1;B
user-I051911_session-547BFC0A9BECA12855B0C21A1D028732A75106E4BFAC87C9590A6616878B5C90_analysis-2.csv;user-I051911;3;-1134541790;3;true;-0.7354938284304189;0.0;Infinity;1;B
user-I051911_session-547BFC0A9BECA12855B0C21A1D028732A75106E4BFAC87C9590A6616878B5C90_analysis-2.csv;user-I051911;3;-241332820;4;true;0.584464467914845;0.0;Infinity;1;B
user-I051911_session-547BFC0A9BECA12855B0C21A1D028732A75106E4BFAC87C9590A6616878B5C90_analysis-2.csv;user-I051911;3;-121248919;7;true;-0.7651835288142926;0.0;Infinity;1;B
user-I051911_session-547BFC0A9BECA12855B0C21A1D028732A75106E4BFAC87C9590A6616878B5C90_analysis-2.csv;user-I051911;3;318541166;4;true;-0.011825882134553729;0.0;Infinity;1;B
user-I051911_session-547BFC0A9BECA12855B0C21A1D028732A75106E4BFAC87C9590A6616878B5C90_analysis-2.csv;user-I051911;3;-107442232;3;true;0.4169233869849095;0.0;Infinity;1;B
user-I051911_session-547BFC0A9BECA12855B0C21A1D028732A75106E4BFAC87C9590A6616878B5C90_analysis-2.csv;user-I051911;3;1930677419;4;true;-0.8663347297067092;0.0;Infinity;1;B
user-I051911_session-547BFC0A9BECA12855B0C21A1D028732A75106E4BFAC87C9590A6616878B5C90_analysis-2.csv;user-I051911;3;-439370853;5;true;2.873654824315913;0.0;Infinity;1;B
user-I051911_session-547BFC0A9BECA12855B0C21A1D028732A75106E4BFAC87C9590A6616878B5C90_analysis-2.csv;user-I051911;4;-535562389;5;true;-0.22853508000506326;0.0;Infinity;1;B
user-I051911_session-547BFC0A9BECA12855B0C21A1D028732A75106E4BFAC87C9590A6616878B5C90_analysis-2.csv;user-I051911;4;1559199453;4;true;-0.3852162500222756;0.0;Infinity;1;B
user-I051911_session-547BFC0A9BECA12855B0C21A1D028732A75106E4BFAC87C9590A6616878B5C90_analysis-2.csv;user-I051911;4;1486237202;5;true;1.9720080868695244;0.0;Infinity;1;B
user-I051911_session-547BFC0A9BECA12855B0C21A1D028732A75106E4BFAC87C9590A6616878B5C90_analysis-2.csv;user-I051911;4;1629544739;4;true;-0.8949452574777462;0.0;Infinity;1;B
user-I051911_session-547BFC0A9BECA12855B0C21A1D028732A75106E4BFAC87C9590A6616878B5C90_analysis-2.csv;user-I051911;4;1418109359;4;true;-0.26562983277125785;0.0;Infinity;1;B
user-I051911_session-547BFC0A9BECA12855B0C21A1D028732A75106E4BFAC87C9590A6616878B5C90_analysis-2.csv;user-I051911;4;-471481952;3;true;-0.1976816665931808;0.0;Infinity;1;B
user-I051911_session-547BFC0A9BECA12855B0C21A1D028732A75106E4BFAC87C9590A6616878B5C90_analysis-2.csv;user-I051911;5;-473035701;4;true;-0.45997388256609334;1.0;16.109391021480594;1;B
user-I051911_session-547BFC0A9BECA12855B0C21A1D028732A75106E4BFAC87C9590A6616878B5C90_analysis-2.csv;user-I051911;5;1791250190;3;true;0.04914250882116382;1.0;16.109391021480594;1;B
user-I051911_session-547BFC0A9BECA12855B0C21A1D028732A75106E4BFAC87C9590A6616878B5C90_analysis-2.csv;user-I051911;5;-402690415;4;true;-1.1281013917818306;1.0;16.109391021480594;1;B
user-I051911_session-547BFC0A9BECA12855B0C21A1D028732A75106E4BFAC87C9590A6616878B5C90_analysis-2.csv;user-I051911;5;1727169753;3;true;0.6418011652043994;1.0;15.416243840920647;1;B
user-I051911_session-547BFC0A9BECA12855B0C21A1D028732A75106E4BFAC87C9590A6616878B5C90_analysis-2.csv;user-I051911;5;-545997952;3;true;1.6102596069014778;1.0;16.109391021480594;1;B
user-I051911_session-547BFC0A9BECA12855B0C21A1D028732A75106E4BFAC87C9590A6616878B5C90_analysis-2.csv;user-I051911;5;-614125795;4;true;-0.7131280065791172;1.0;16.109391021480594;1;B
user-I051911_session-547BFC0A9BECA12855B0C21A1D028732A75106E4BFAC87C9590A6616878B5C90_analysis-2.csv;user-I051911;6;-1645642369;3;false;2.0132237368826345;1.0;15.452611485091522;1;B
user-I051911_session-547BFC0A9BECA12855B0C21A1D028732A75106E4BFAC87C9590A6616878B5C90_analysis-2.csv;user-I051911;6;1959132295;2;false;1.0040879931630609;1.0;15.452611485091522;1;B
user-I051911_session-547BFC0A9BECA12855B0C21A1D028732A75106E4BFAC87C9590A6616878B5C90_analysis-2.csv;user-I051911;6;385039036;4;false;-0.6713884937964821;1.0;15.452611485091522;1;B
user-I051911_session-547BFC0A9BECA12855B0C21A1D028732A75106E4BFAC87C9590A6616878B5C90_analysis-2.csv;user-I051911;6;-1709703921;6;false;-0.10485383338845913;1.0;16.368902216965676;1;B
user-I051911_session-547BFC0A9BECA12855B0C21A1D028732A75106E4BFAC87C9590A6616878B5C90_analysis-2.csv;user-I051911;6;1052919571;4;false;-0.9046209383535668;1.0;16.368902216965676;1;B
user-I051911_session-547BFC0A9BECA12855B0C21A1D028732A75106E4BFAC87C9590A6616878B5C90_analysis-2.csv;user-I051911;6;2102439832;4;false;-0.7903119901167142;1.0;15.452611485091522;1;B
user-I051911_session-547BFC0A9BECA12855B0C21A1D028732A75106E4BFAC87C9590A6616878B5C90_analysis-2.csv;user-I051911;6;-1709711384;4;false;-0.043150733302130345;1.0;16.368902216965676;1;B
user-I051911_session-547BFC0A9BECA12855B0C21A1D028732A75106E4BFAC87C9590A6616878B5C90_analysis-2.csv;user-I051911;6;455384322;4;false;-0.9607865807398405;1.0;15.452611485091522;1;B
user-I051911_session-547BFC0A9BECA12855B0C21A1D028732A75106E4BFAC87C9590A6616878B5C90_analysis-2.csv;user-I051911;6;312076785;4;false;1.9043204021148834;1.0;15.452611485091522;1;B
user-I051911_session-547BFC0A9BECA12855B0C21A1D028732A75106E4BFAC87C9590A6616878B5C90_analysis-2.csv;user-I051911;6;2032094546;3;false;-0.9878146480853477;1.0;15.452611485091522;1;B
user-I051911_session-547BFC0A9BECA12855B0C21A1D028732A75106E4BFAC87C9590A6616878B5C90_analysis-2.csv;user-I051911;6;1891004452;5;false;0.035164739884363874;1.0;15.452611485091522;1;B
user-I051911_session-547BFC0A9BECA12855B0C21A1D028732A75106E4BFAC87C9590A6616878B5C90_analysis-2.csv;user-I051911;6;243948942;5;false;0.2854050902344751;1.0;15.452611485091522;1;B
user-I051911_session-547BFC0A9BECA12855B0C21A1D028732A75106E4BFAC87C9590A6616878B5C90_analysis-2.csv;user-I051911;6;1413141;3;false;-0.6351313302842163;1.0;15.452611485091522;1;B
user-I051911_session-547BFC0A9BECA12855B0C21A1D028732A75106E4BFAC87C9590A6616878B5C90_analysis-2.csv;user-I051911;6;2123340856;3;false;-0.14414341421265994;1.0;16.368902216965676;1;B
