session ;user;query position;cell hashcode;cell computation time;novelty;outlierness;relevance;surprise;query label;session label
user-I051911_session-547BFC0A9BECA12855B0C21A1D028732A75106E4BFAC87C9590A6616878B5C90_analysis-10.csv;user-I051911;1;-1511595038;3;true;2.6741583300963447;0.0;Infinity;1;B
user-I051911_session-547BFC0A9BECA12855B0C21A1D028732A75106E4BFAC87C9590A6616878B5C90_analysis-10.csv;user-I051911;1;-1511595037;3;true;2.5867031472167867;0.0;Infinity;1;B
user-I051911_session-547BFC0A9BECA12855B0C21A1D028732A75106E4BFAC87C9590A6616878B5C90_analysis-10.csv;user-I051911;1;-1511595039;4;true;2.2601167777173035;0.0;Infinity;1;B
user-I051911_session-547BFC0A9BECA12855B0C21A1D028732A75106E4BFAC87C9590A6616878B5C90_analysis-10.csv;user-I051911;1;-1511616025;2;true;-1.2973512136251888;0.0;Infinity;1;B
user-I051911_session-547BFC0A9BECA12855B0C21A1D028732A75106E4BFAC87C9590A6616878B5C90_analysis-10.csv;user-I051911;1;-1511616026;4;true;-1.304921960799837;0.0;Infinity;1;B
user-I051911_session-547BFC0A9BECA12855B0C21A1D028732A75106E4BFAC87C9590A6616878B5C90_analysis-10.csv;user-I051911;1;-1511616023;3;true;-1.266023983936989;0.0;Infinity;1;B
user-I051911_session-547BFC0A9BECA12855B0C21A1D028732A75106E4BFAC87C9590A6616878B5C90_analysis-10.csv;user-I051911;1;-1511616024;5;true;-1.2892583459557372;0.0;Infinity;1;B
user-I051911_session-547BFC0A9BECA12855B0C21A1D028732A75106E4BFAC87C9590A6616878B5C90_analysis-10.csv;user-I051911;1;-1511616021;3;true;-1.2130287537144508;0.0;Infinity;1;B
user-I051911_session-547BFC0A9BECA12855B0C21A1D028732A75106E4BFAC87C9590A6616878B5C90_analysis-10.csv;user-I051911;1;-1511616022;3;true;-1.2399179591968226;0.0;Infinity;1;B
user-I051911_session-547BFC0A9BECA12855B0C21A1D028732A75106E4BFAC87C9590A6616878B5C90_analysis-10.csv;user-I051911;1;-1511616019;3;true;-1.1339274987517465;0.0;Infinity;1;B
user-I051911_session-547BFC0A9BECA12855B0C21A1D028732A75106E4BFAC87C9590A6616878B5C90_analysis-10.csv;user-I051911;1;-1511616020;2;true;-1.1602945837393146;0.0;Infinity;1;B
user-I051911_session-547BFC0A9BECA12855B0C21A1D028732A75106E4BFAC87C9590A6616878B5C90_analysis-10.csv;user-I051911;1;-1511616017;3;true;-1.1049498112901615;0.0;Infinity;1;B
user-I051911_session-547BFC0A9BECA12855B0C21A1D028732A75106E4BFAC87C9590A6616878B5C90_analysis-10.csv;user-I051911;1;-1511616018;3;true;-1.1321000770199348;0.0;Infinity;1;B
user-I051911_session-547BFC0A9BECA12855B0C21A1D028732A75106E4BFAC87C9590A6616878B5C90_analysis-10.csv;user-I051911;1;-1511615924;3;true;0.23193971565376637;0.0;Infinity;1;B
user-I051911_session-547BFC0A9BECA12855B0C21A1D028732A75106E4BFAC87C9590A6616878B5C90_analysis-10.csv;user-I051911;1;-1511615992;3;true;-0.8352745757242414;0.0;Infinity;1;B
user-I051911_session-547BFC0A9BECA12855B0C21A1D028732A75106E4BFAC87C9590A6616878B5C90_analysis-10.csv;user-I051911;1;-1511615991;2;true;-0.7081382352396303;0.0;Infinity;1;B
user-I051911_session-547BFC0A9BECA12855B0C21A1D028732A75106E4BFAC87C9590A6616878B5C90_analysis-10.csv;user-I051911;1;-1511615990;3;true;-0.5708205451063544;0.0;Infinity;1;B
user-I051911_session-547BFC0A9BECA12855B0C21A1D028732A75106E4BFAC87C9590A6616878B5C90_analysis-10.csv;user-I051911;1;-1511615989;4;true;-0.5627276774369028;0.0;Infinity;1;B
user-I051911_session-547BFC0A9BECA12855B0C21A1D028732A75106E4BFAC87C9590A6616878B5C90_analysis-10.csv;user-I051911;1;-1511615928;2;true;0.19539128101753322;0.0;Infinity;1;B
user-I051911_session-547BFC0A9BECA12855B0C21A1D028732A75106E4BFAC87C9590A6616878B5C90_analysis-10.csv;user-I051911;1;-1511615988;3;true;-0.44081254190032504;0.0;Infinity;1;B
user-I051911_session-547BFC0A9BECA12855B0C21A1D028732A75106E4BFAC87C9590A6616878B5C90_analysis-10.csv;user-I051911;1;-1511615927;3;true;0.3496778872319174;0.0;Infinity;1;B
user-I051911_session-547BFC0A9BECA12855B0C21A1D028732A75106E4BFAC87C9590A6616878B5C90_analysis-10.csv;user-I051911;1;-1511615987;2;true;-0.2841763934593259;0.0;Infinity;1;B
user-I051911_session-547BFC0A9BECA12855B0C21A1D028732A75106E4BFAC87C9590A6616878B5C90_analysis-10.csv;user-I051911;1;-1511615926;3;true;0.3180895972963159;0.0;Infinity;1;B
user-I051911_session-547BFC0A9BECA12855B0C21A1D028732A75106E4BFAC87C9590A6616878B5C90_analysis-10.csv;user-I051911;1;-1511615986;4;true;-0.09177499112429859;0.0;Infinity;1;B
user-I051911_session-547BFC0A9BECA12855B0C21A1D028732A75106E4BFAC87C9590A6616878B5C90_analysis-10.csv;user-I051911;1;-1511615925;3;true;0.26587754781598283;0.0;Infinity;1;B
user-I051911_session-547BFC0A9BECA12855B0C21A1D028732A75106E4BFAC87C9590A6616878B5C90_analysis-10.csv;user-I051911;1;-1511615932;3;true;0.3794387554357072;0.0;Infinity;1;B
user-I051911_session-547BFC0A9BECA12855B0C21A1D028732A75106E4BFAC87C9590A6616878B5C90_analysis-10.csv;user-I051911;1;-1511615931;3;true;0.21627610080966644;0.0;Infinity;1;B
user-I051911_session-547BFC0A9BECA12855B0C21A1D028732A75106E4BFAC87C9590A6616878B5C90_analysis-10.csv;user-I051911;1;-1511615930;4;true;0.20348414868698483;0.0;Infinity;1;B
user-I051911_session-547BFC0A9BECA12855B0C21A1D028732A75106E4BFAC87C9590A6616878B5C90_analysis-10.csv;user-I051911;1;-1511615929;3;true;-0.06410260489972207;0.0;Infinity;1;B
user-I051911_session-547BFC0A9BECA12855B0C21A1D028732A75106E4BFAC87C9590A6616878B5C90_analysis-10.csv;user-I051911;1;-1511615995;3;true;-1.058481087252665;0.0;Infinity;1;B
user-I051911_session-547BFC0A9BECA12855B0C21A1D028732A75106E4BFAC87C9590A6616878B5C90_analysis-10.csv;user-I051911;1;-1511615994;2;true;-1.017233568163202;0.0;Infinity;1;B
user-I051911_session-547BFC0A9BECA12855B0C21A1D028732A75106E4BFAC87C9590A6616878B5C90_analysis-10.csv;user-I051911;1;-1511615933;3;true;0.24760333049786626;0.0;Infinity;1;B
user-I051911_session-547BFC0A9BECA12855B0C21A1D028732A75106E4BFAC87C9590A6616878B5C90_analysis-10.csv;user-I051911;1;-1511615993;3;true;-0.9684153018990906;0.0;Infinity;1;B
user-I051911_session-547BFC0A9BECA12855B0C21A1D028732A75106E4BFAC87C9590A6616878B5C90_analysis-10.csv;user-I051911;1;-1511595070;3;true;0.10924139937498367;0.0;Infinity;1;B
user-I051911_session-547BFC0A9BECA12855B0C21A1D028732A75106E4BFAC87C9590A6616878B5C90_analysis-10.csv;user-I051911;1;-1511595069;3;true;0.14474559302161016;0.0;Infinity;1;B
user-I051911_session-547BFC0A9BECA12855B0C21A1D028732A75106E4BFAC87C9590A6616878B5C90_analysis-10.csv;user-I051911;1;-1511595068;4;true;0.2037452089343865;0.0;Infinity;1;B
user-I051911_session-547BFC0A9BECA12855B0C21A1D028732A75106E4BFAC87C9590A6616878B5C90_analysis-10.csv;user-I051911;1;-1511595067;3;true;0.3525495499533357;0.0;Infinity;1;B
user-I051911_session-547BFC0A9BECA12855B0C21A1D028732A75106E4BFAC87C9590A6616878B5C90_analysis-10.csv;user-I051911;1;-1511595066;6;true;0.5556544224318313;0.0;Infinity;1;B
user-I051911_session-547BFC0A9BECA12855B0C21A1D028732A75106E4BFAC87C9590A6616878B5C90_analysis-10.csv;user-I051911;1;-1511595065;4;true;0.7041977032033788;0.0;Infinity;1;B
user-I051911_session-547BFC0A9BECA12855B0C21A1D028732A75106E4BFAC87C9590A6616878B5C90_analysis-10.csv;user-I051911;1;-1511595064;4;true;0.8454312970476797;0.0;Infinity;1;B
user-I051911_session-547BFC0A9BECA12855B0C21A1D028732A75106E4BFAC87C9590A6616878B5C90_analysis-10.csv;user-I051911;1;-1511595063;3;true;1.2419818128508093;0.0;Infinity;1;B
user-I051911_session-547BFC0A9BECA12855B0C21A1D028732A75106E4BFAC87C9590A6616878B5C90_analysis-10.csv;user-I051911;1;-1511595062;3;true;2.124887569563241;0.0;Infinity;1;B
user-I051911_session-547BFC0A9BECA12855B0C21A1D028732A75106E4BFAC87C9590A6616878B5C90_analysis-10.csv;user-I051911;1;-1511595061;4;true;2.062494170434243;0.0;Infinity;1;B
user-I051911_session-547BFC0A9BECA12855B0C21A1D028732A75106E4BFAC87C9590A6616878B5C90_analysis-10.csv;user-I051911;1;-1511615958;26;true;0.018392433279204156;0.0;Infinity;1;B
user-I051911_session-547BFC0A9BECA12855B0C21A1D028732A75106E4BFAC87C9590A6616878B5C90_analysis-10.csv;user-I051911;1;-1511615957;3;true;0.12542713471388692;0.0;Infinity;1;B
user-I051911_session-547BFC0A9BECA12855B0C21A1D028732A75106E4BFAC87C9590A6616878B5C90_analysis-10.csv;user-I051911;1;-1511615960;4;true;-0.22674313903095955;0.0;Infinity;1;B
user-I051911_session-547BFC0A9BECA12855B0C21A1D028732A75106E4BFAC87C9590A6616878B5C90_analysis-10.csv;user-I051911;1;-1511615959;3;true;-0.23405282595820617;0.0;Infinity;1;B
user-I051911_session-547BFC0A9BECA12855B0C21A1D028732A75106E4BFAC87C9590A6616878B5C90_analysis-10.csv;user-I051911;1;-1511615956;3;true;0.2710987527640161;0.0;Infinity;1;B
user-I051911_session-547BFC0A9BECA12855B0C21A1D028732A75106E4BFAC87C9590A6616878B5C90_analysis-10.csv;user-I051911;1;-1511615955;4;true;0.17633388295721164;0.0;Infinity;1;B
user-I051911_session-547BFC0A9BECA12855B0C21A1D028732A75106E4BFAC87C9590A6616878B5C90_analysis-10.csv;user-I051911;1;-1511615962;3;true;0.04319315678236236;0.0;Infinity;1;B
user-I051911_session-547BFC0A9BECA12855B0C21A1D028732A75106E4BFAC87C9590A6616878B5C90_analysis-10.csv;user-I051911;1;-1511615961;4;true;-0.10717754572099684;0.0;Infinity;1;B
user-I051911_session-547BFC0A9BECA12855B0C21A1D028732A75106E4BFAC87C9590A6616878B5C90_analysis-10.csv;user-I051911;1;-1511615964;3;true;0.23507243862258634;0.0;Infinity;1;B
user-I051911_session-547BFC0A9BECA12855B0C21A1D028732A75106E4BFAC87C9590A6616878B5C90_analysis-10.csv;user-I051911;1;-1511615963;3;true;0.1685020755351617;0.0;Infinity;1;B
user-I051911_session-547BFC0A9BECA12855B0C21A1D028732A75106E4BFAC87C9590A6616878B5C90_analysis-10.csv;user-I051911;2;-1947876358;3;true;NaN;0.0;Infinity;1;B
user-I051911_session-547BFC0A9BECA12855B0C21A1D028732A75106E4BFAC87C9590A6616878B5C90_analysis-10.csv;user-I051911;3;-1947876358;4;true;NaN;0.0;Infinity;1;B
user-I051911_session-547BFC0A9BECA12855B0C21A1D028732A75106E4BFAC87C9590A6616878B5C90_analysis-10.csv;user-I051911;4;1076123306;3;true;-0.29842727919623374;0.0;Infinity;1;B
user-I051911_session-547BFC0A9BECA12855B0C21A1D028732A75106E4BFAC87C9590A6616878B5C90_analysis-10.csv;user-I051911;4;1070456875;3;true;-0.3479705082399473;0.0;Infinity;1;B
user-I051911_session-547BFC0A9BECA12855B0C21A1D028732A75106E4BFAC87C9590A6616878B5C90_analysis-10.csv;user-I051911;4;-1463507536;5;true;0.07770828408181808;0.0;Infinity;1;B
user-I051911_session-547BFC0A9BECA12855B0C21A1D028732A75106E4BFAC87C9590A6616878B5C90_analysis-10.csv;user-I051911;4;942701074;5;true;0.2101978257737886;0.0;Infinity;1;B
user-I051911_session-547BFC0A9BECA12855B0C21A1D028732A75106E4BFAC87C9590A6616878B5C90_analysis-10.csv;user-I051911;4;-996657663;3;true;-0.5968094461847181;0.0;Infinity;1;B
user-I051911_session-547BFC0A9BECA12855B0C21A1D028732A75106E4BFAC87C9590A6616878B5C90_analysis-10.csv;user-I051911;4;-1389810941;4;true;-0.7051589442633212;0.0;Infinity;1;B
user-I051911_session-547BFC0A9BECA12855B0C21A1D028732A75106E4BFAC87C9590A6616878B5C90_analysis-10.csv;user-I051911;4;1003581449;3;true;0.3536345965462397;0.0;Infinity;1;B
user-I051911_session-547BFC0A9BECA12855B0C21A1D028732A75106E4BFAC87C9590A6616878B5C90_analysis-10.csv;user-I051911;4;116399818;4;true;-0.7055799915356473;0.0;Infinity;1;B
user-I051911_session-547BFC0A9BECA12855B0C21A1D028732A75106E4BFAC87C9590A6616878B5C90_analysis-10.csv;user-I051911;4;526567908;3;true;-0.6841065806470122;0.0;Infinity;1;B
user-I051911_session-547BFC0A9BECA12855B0C21A1D028732A75106E4BFAC87C9590A6616878B5C90_analysis-10.csv;user-I051911;4;-1150039595;3;true;-0.23246320653179928;0.0;Infinity;1;B
user-I051911_session-547BFC0A9BECA12855B0C21A1D028732A75106E4BFAC87C9590A6616878B5C90_analysis-10.csv;user-I051911;4;-678874322;3;true;0.6764375053296424;0.0;Infinity;1;B
user-I051911_session-547BFC0A9BECA12855B0C21A1D028732A75106E4BFAC87C9590A6616878B5C90_analysis-10.csv;user-I051911;4;-833510251;2;true;-0.14741165752191143;0.0;Infinity;1;B
user-I051911_session-547BFC0A9BECA12855B0C21A1D028732A75106E4BFAC87C9590A6616878B5C90_analysis-10.csv;user-I051911;4;852785433;3;true;2.4571867690878224;0.0;Infinity;1;B
user-I051911_session-547BFC0A9BECA12855B0C21A1D028732A75106E4BFAC87C9590A6616878B5C90_analysis-10.csv;user-I051911;4;-1913350209;3;true;-0.2859362101172238;0.0;Infinity;1;B
user-I051911_session-547BFC0A9BECA12855B0C21A1D028732A75106E4BFAC87C9590A6616878B5C90_analysis-10.csv;user-I051911;4;1267678652;3;true;-0.5424943480546413;0.0;Infinity;1;B
user-I051911_session-547BFC0A9BECA12855B0C21A1D028732A75106E4BFAC87C9590A6616878B5C90_analysis-10.csv;user-I051911;4;1003359607;3;true;0.0233931859517412;0.0;Infinity;1;B
user-I051911_session-547BFC0A9BECA12855B0C21A1D028732A75106E4BFAC87C9590A6616878B5C90_analysis-10.csv;user-I051911;4;-69067550;3;true;-0.7820702460082363;0.0;Infinity;1;B
user-I051911_session-547BFC0A9BECA12855B0C21A1D028732A75106E4BFAC87C9590A6616878B5C90_analysis-10.csv;user-I051911;4;-2056211866;3;true;3.521313575346848;0.0;Infinity;1;B
user-I051911_session-547BFC0A9BECA12855B0C21A1D028732A75106E4BFAC87C9590A6616878B5C90_analysis-10.csv;user-I051911;4;1065039382;4;true;0.6009296944924812;0.0;Infinity;1;B
user-I051911_session-547BFC0A9BECA12855B0C21A1D028732A75106E4BFAC87C9590A6616878B5C90_analysis-10.csv;user-I051911;4;635859642;2;true;-1.298414550970905;0.0;Infinity;1;B
user-I051911_session-547BFC0A9BECA12855B0C21A1D028732A75106E4BFAC87C9590A6616878B5C90_analysis-10.csv;user-I051911;4;1454486684;3;true;0.8723648360520903;0.0;Infinity;1;B
user-I051911_session-547BFC0A9BECA12855B0C21A1D028732A75106E4BFAC87C9590A6616878B5C90_analysis-10.csv;user-I051911;4;1076233951;3;true;-0.014220370376063983;0.0;Infinity;1;B
user-I051911_session-547BFC0A9BECA12855B0C21A1D028732A75106E4BFAC87C9590A6616878B5C90_analysis-10.csv;user-I051911;4;-350138353;2;true;-0.867823540472001;0.0;Infinity;1;B
user-I051911_session-547BFC0A9BECA12855B0C21A1D028732A75106E4BFAC87C9590A6616878B5C90_analysis-10.csv;user-I051911;4;913177094;2;true;-0.22418261017605112;0.0;Infinity;1;B
user-I051911_session-547BFC0A9BECA12855B0C21A1D028732A75106E4BFAC87C9590A6616878B5C90_analysis-10.csv;user-I051911;4;-762399134;3;true;-0.08088618849437541;0.0;Infinity;1;B
user-I051911_session-547BFC0A9BECA12855B0C21A1D028732A75106E4BFAC87C9590A6616878B5C90_analysis-10.csv;user-I051911;4;1178475036;2;true;-1.1002416347960509;0.0;Infinity;1;B
user-I051911_session-547BFC0A9BECA12855B0C21A1D028732A75106E4BFAC87C9590A6616878B5C90_analysis-10.csv;user-I051911;4;-1140939035;3;true;0.07307676408623014;0.0;Infinity;1;B
user-I051911_session-547BFC0A9BECA12855B0C21A1D028732A75106E4BFAC87C9590A6616878B5C90_analysis-10.csv;user-I051911;4;50191213;2;true;0.04795427683743488;0.0;Infinity;1;B
user-I051911_session-547BFC0A9BECA12855B0C21A1D028732A75106E4BFAC87C9590A6616878B5C90_analysis-10.csv;user-I051911;5;1076123306;2;true;-0.29842727919623374;0.0;Infinity;1;B
user-I051911_session-547BFC0A9BECA12855B0C21A1D028732A75106E4BFAC87C9590A6616878B5C90_analysis-10.csv;user-I051911;5;1070456875;3;true;-0.3479705082399473;0.0;Infinity;1;B
user-I051911_session-547BFC0A9BECA12855B0C21A1D028732A75106E4BFAC87C9590A6616878B5C90_analysis-10.csv;user-I051911;5;-1463507536;3;true;0.07770828408181808;0.0;Infinity;1;B
user-I051911_session-547BFC0A9BECA12855B0C21A1D028732A75106E4BFAC87C9590A6616878B5C90_analysis-10.csv;user-I051911;5;942701074;3;true;0.2101978257737886;0.0;Infinity;1;B
user-I051911_session-547BFC0A9BECA12855B0C21A1D028732A75106E4BFAC87C9590A6616878B5C90_analysis-10.csv;user-I051911;5;-996657663;3;true;-0.5968094461847181;0.0;Infinity;1;B
user-I051911_session-547BFC0A9BECA12855B0C21A1D028732A75106E4BFAC87C9590A6616878B5C90_analysis-10.csv;user-I051911;5;-1389810941;3;true;-0.7051589442633212;0.0;Infinity;1;B
user-I051911_session-547BFC0A9BECA12855B0C21A1D028732A75106E4BFAC87C9590A6616878B5C90_analysis-10.csv;user-I051911;5;1003581449;3;true;0.3536345965462397;0.0;Infinity;1;B
user-I051911_session-547BFC0A9BECA12855B0C21A1D028732A75106E4BFAC87C9590A6616878B5C90_analysis-10.csv;user-I051911;5;116399818;4;true;-0.7055799915356473;0.0;Infinity;1;B
user-I051911_session-547BFC0A9BECA12855B0C21A1D028732A75106E4BFAC87C9590A6616878B5C90_analysis-10.csv;user-I051911;5;526567908;3;true;-0.6841065806470122;0.0;Infinity;1;B
user-I051911_session-547BFC0A9BECA12855B0C21A1D028732A75106E4BFAC87C9590A6616878B5C90_analysis-10.csv;user-I051911;5;-1150039595;3;true;-0.23246320653179928;0.0;Infinity;1;B
user-I051911_session-547BFC0A9BECA12855B0C21A1D028732A75106E4BFAC87C9590A6616878B5C90_analysis-10.csv;user-I051911;5;-678874322;3;true;0.6764375053296424;0.0;Infinity;1;B
user-I051911_session-547BFC0A9BECA12855B0C21A1D028732A75106E4BFAC87C9590A6616878B5C90_analysis-10.csv;user-I051911;5;-833510251;2;true;-0.14741165752191143;0.0;Infinity;1;B
user-I051911_session-547BFC0A9BECA12855B0C21A1D028732A75106E4BFAC87C9590A6616878B5C90_analysis-10.csv;user-I051911;5;852785433;3;true;2.4571867690878224;0.0;Infinity;1;B
user-I051911_session-547BFC0A9BECA12855B0C21A1D028732A75106E4BFAC87C9590A6616878B5C90_analysis-10.csv;user-I051911;5;-1913350209;4;true;-0.2859362101172238;0.0;Infinity;1;B
user-I051911_session-547BFC0A9BECA12855B0C21A1D028732A75106E4BFAC87C9590A6616878B5C90_analysis-10.csv;user-I051911;5;1267678652;2;true;-0.5424943480546413;0.0;Infinity;1;B
user-I051911_session-547BFC0A9BECA12855B0C21A1D028732A75106E4BFAC87C9590A6616878B5C90_analysis-10.csv;user-I051911;5;1003359607;3;true;0.0233931859517412;0.0;Infinity;1;B
user-I051911_session-547BFC0A9BECA12855B0C21A1D028732A75106E4BFAC87C9590A6616878B5C90_analysis-10.csv;user-I051911;5;-69067550;2;true;-0.7820702460082363;0.0;Infinity;1;B
user-I051911_session-547BFC0A9BECA12855B0C21A1D028732A75106E4BFAC87C9590A6616878B5C90_analysis-10.csv;user-I051911;5;-2056211866;3;true;3.521313575346848;0.0;Infinity;1;B
user-I051911_session-547BFC0A9BECA12855B0C21A1D028732A75106E4BFAC87C9590A6616878B5C90_analysis-10.csv;user-I051911;5;1065039382;4;true;0.6009296944924812;0.0;Infinity;1;B
user-I051911_session-547BFC0A9BECA12855B0C21A1D028732A75106E4BFAC87C9590A6616878B5C90_analysis-10.csv;user-I051911;5;635859642;3;true;-1.298414550970905;0.0;Infinity;1;B
user-I051911_session-547BFC0A9BECA12855B0C21A1D028732A75106E4BFAC87C9590A6616878B5C90_analysis-10.csv;user-I051911;5;1454486684;2;true;0.8723648360520903;0.0;Infinity;1;B
user-I051911_session-547BFC0A9BECA12855B0C21A1D028732A75106E4BFAC87C9590A6616878B5C90_analysis-10.csv;user-I051911;5;1076233951;3;true;-0.014220370376063983;0.0;Infinity;1;B
user-I051911_session-547BFC0A9BECA12855B0C21A1D028732A75106E4BFAC87C9590A6616878B5C90_analysis-10.csv;user-I051911;5;-350138353;4;true;-0.867823540472001;0.0;Infinity;1;B
user-I051911_session-547BFC0A9BECA12855B0C21A1D028732A75106E4BFAC87C9590A6616878B5C90_analysis-10.csv;user-I051911;5;913177094;3;true;-0.22418261017605112;0.0;Infinity;1;B
user-I051911_session-547BFC0A9BECA12855B0C21A1D028732A75106E4BFAC87C9590A6616878B5C90_analysis-10.csv;user-I051911;5;-762399134;4;true;-0.08088618849437541;0.0;Infinity;1;B
user-I051911_session-547BFC0A9BECA12855B0C21A1D028732A75106E4BFAC87C9590A6616878B5C90_analysis-10.csv;user-I051911;5;1178475036;3;true;-1.1002416347960509;0.0;Infinity;1;B
user-I051911_session-547BFC0A9BECA12855B0C21A1D028732A75106E4BFAC87C9590A6616878B5C90_analysis-10.csv;user-I051911;5;-1140939035;3;true;0.07307676408623014;0.0;Infinity;1;B
user-I051911_session-547BFC0A9BECA12855B0C21A1D028732A75106E4BFAC87C9590A6616878B5C90_analysis-10.csv;user-I051911;5;50191213;3;true;0.04795427683743488;0.0;Infinity;1;B
user-I051911_session-547BFC0A9BECA12855B0C21A1D028732A75106E4BFAC87C9590A6616878B5C90_analysis-10.csv;user-I051911;6;1743418758;2;true;-0.8826243394091287;0.0;Infinity;1;B
user-I051911_session-547BFC0A9BECA12855B0C21A1D028732A75106E4BFAC87C9590A6616878B5C90_analysis-10.csv;user-I051911;6;1743439684;3;true;0.3505062952545919;0.0;Infinity;1;B
user-I051911_session-547BFC0A9BECA12855B0C21A1D028732A75106E4BFAC87C9590A6616878B5C90_analysis-10.csv;user-I051911;6;1743418759;3;true;-0.86570518902925;0.0;Infinity;1;B
user-I051911_session-547BFC0A9BECA12855B0C21A1D028732A75106E4BFAC87C9590A6616878B5C90_analysis-10.csv;user-I051911;6;1743439685;3;true;0.5532737874041465;0.0;Infinity;1;B
user-I051911_session-547BFC0A9BECA12855B0C21A1D028732A75106E4BFAC87C9590A6616878B5C90_analysis-10.csv;user-I051911;6;1743439686;3;true;0.785944894178603;0.0;Infinity;1;B
user-I051911_session-547BFC0A9BECA12855B0C21A1D028732A75106E4BFAC87C9590A6616878B5C90_analysis-10.csv;user-I051911;6;1743418757;3;true;-0.903303300984536;0.0;Infinity;1;B
user-I051911_session-547BFC0A9BECA12855B0C21A1D028732A75106E4BFAC87C9590A6616878B5C90_analysis-10.csv;user-I051911;6;1743439687;3;true;1.0027898189439741;0.0;Infinity;1;B
user-I051911_session-547BFC0A9BECA12855B0C21A1D028732A75106E4BFAC87C9590A6616878B5C90_analysis-10.csv;user-I051911;6;1743439682;5;true;0.29109253461827356;0.0;Infinity;1;B
user-I051911_session-547BFC0A9BECA12855B0C21A1D028732A75106E4BFAC87C9590A6616878B5C90_analysis-10.csv;user-I051911;6;1743439683;3;true;0.3005357813419268;0.0;Infinity;1;B
user-I051911_session-547BFC0A9BECA12855B0C21A1D028732A75106E4BFAC87C9590A6616878B5C90_analysis-10.csv;user-I051911;6;1743418766;3;true;-0.4377424937614643;0.0;Infinity;1;B
user-I051911_session-547BFC0A9BECA12855B0C21A1D028732A75106E4BFAC87C9590A6616878B5C90_analysis-10.csv;user-I051911;6;1743418764;5;true;-0.6002450311309974;0.0;Infinity;1;B
user-I051911_session-547BFC0A9BECA12855B0C21A1D028732A75106E4BFAC87C9590A6616878B5C90_analysis-10.csv;user-I051911;6;1743418765;4;true;-0.5459463624699912;0.0;Infinity;1;B
user-I051911_session-547BFC0A9BECA12855B0C21A1D028732A75106E4BFAC87C9590A6616878B5C90_analysis-10.csv;user-I051911;6;1743418762;4;true;-0.6578663236392149;0.0;Infinity;1;B
user-I051911_session-547BFC0A9BECA12855B0C21A1D028732A75106E4BFAC87C9590A6616878B5C90_analysis-10.csv;user-I051911;6;1743439688;4;true;1.3315984236134004;0.0;Infinity;1;B
user-I051911_session-547BFC0A9BECA12855B0C21A1D028732A75106E4BFAC87C9590A6616878B5C90_analysis-10.csv;user-I051911;6;1743418763;4;true;-0.6421712978346246;0.0;Infinity;1;B
user-I051911_session-547BFC0A9BECA12855B0C21A1D028732A75106E4BFAC87C9590A6616878B5C90_analysis-10.csv;user-I051911;6;1743439689;3;true;1.7590364940632055;0.0;Infinity;1;B
user-I051911_session-547BFC0A9BECA12855B0C21A1D028732A75106E4BFAC87C9590A6616878B5C90_analysis-10.csv;user-I051911;6;1743439690;2;true;2.1747142248432754;0.0;Infinity;1;B
user-I051911_session-547BFC0A9BECA12855B0C21A1D028732A75106E4BFAC87C9590A6616878B5C90_analysis-10.csv;user-I051911;6;1743418760;5;true;-0.8025753359322346;0.0;Infinity;1;B
user-I051911_session-547BFC0A9BECA12855B0C21A1D028732A75106E4BFAC87C9590A6616878B5C90_analysis-10.csv;user-I051911;6;1743439691;3;true;1.9644708290374955;0.0;Infinity;1;B
user-I051911_session-547BFC0A9BECA12855B0C21A1D028732A75106E4BFAC87C9590A6616878B5C90_analysis-10.csv;user-I051911;6;1743418761;2;true;-0.6625879470010415;0.0;Infinity;1;B
user-I051911_session-547BFC0A9BECA12855B0C21A1D028732A75106E4BFAC87C9590A6616878B5C90_analysis-10.csv;user-I051911;6;1743418788;3;true;-0.3253853452439233;0.0;Infinity;1;B
user-I051911_session-547BFC0A9BECA12855B0C21A1D028732A75106E4BFAC87C9590A6616878B5C90_analysis-10.csv;user-I051911;6;1743418789;3;true;-0.3062365393876264;0.0;Infinity;1;B
user-I051911_session-547BFC0A9BECA12855B0C21A1D028732A75106E4BFAC87C9590A6616878B5C90_analysis-10.csv;user-I051911;6;1743418790;2;true;-0.3146742552101499;0.0;Infinity;1;B
user-I051911_session-547BFC0A9BECA12855B0C21A1D028732A75106E4BFAC87C9590A6616878B5C90_analysis-10.csv;user-I051911;6;1743418791;3;true;-0.34116780851817713;0.0;Infinity;1;B
user-I051911_session-547BFC0A9BECA12855B0C21A1D028732A75106E4BFAC87C9590A6616878B5C90_analysis-10.csv;user-I051911;6;1743439714;3;true;2.6179347585673343;0.0;Infinity;1;B
user-I051911_session-547BFC0A9BECA12855B0C21A1D028732A75106E4BFAC87C9590A6616878B5C90_analysis-10.csv;user-I051911;6;1743439715;4;true;2.884356728631885;0.0;Infinity;1;B
user-I051911_session-547BFC0A9BECA12855B0C21A1D028732A75106E4BFAC87C9590A6616878B5C90_analysis-10.csv;user-I051911;6;1743439713;3;true;2.3067010853002623;0.0;Infinity;1;B
user-I051911_session-547BFC0A9BECA12855B0C21A1D028732A75106E4BFAC87C9590A6616878B5C90_analysis-10.csv;user-I051911;6;1743418796;3;true;-0.17586727211941347;0.0;Infinity;1;B
user-I051911_session-547BFC0A9BECA12855B0C21A1D028732A75106E4BFAC87C9590A6616878B5C90_analysis-10.csv;user-I051911;6;1743418797;4;true;-0.22063525658710295;0.0;Infinity;1;B
user-I051911_session-547BFC0A9BECA12855B0C21A1D028732A75106E4BFAC87C9590A6616878B5C90_analysis-10.csv;user-I051911;6;1743418792;3;true;-0.3372768411181533;0.0;Infinity;1;B
user-I051911_session-547BFC0A9BECA12855B0C21A1D028732A75106E4BFAC87C9590A6616878B5C90_analysis-10.csv;user-I051911;6;1743418793;3;true;-0.3410366523136819;0.0;Infinity;1;B
user-I051911_session-547BFC0A9BECA12855B0C21A1D028732A75106E4BFAC87C9590A6616878B5C90_analysis-10.csv;user-I051911;6;1743418794;2;true;-0.3670492995385601;0.0;Infinity;1;B
user-I051911_session-547BFC0A9BECA12855B0C21A1D028732A75106E4BFAC87C9590A6616878B5C90_analysis-10.csv;user-I051911;6;1743418795;3;true;-0.2136839777488582;0.0;Infinity;1;B
user-I051911_session-547BFC0A9BECA12855B0C21A1D028732A75106E4BFAC87C9590A6616878B5C90_analysis-10.csv;user-I051911;6;1743418819;3;true;0.0286052506885785;0.0;Infinity;1;B
user-I051911_session-547BFC0A9BECA12855B0C21A1D028732A75106E4BFAC87C9590A6616878B5C90_analysis-10.csv;user-I051911;6;1743418822;3;true;0.024714283288554705;0.0;Infinity;1;B
user-I051911_session-547BFC0A9BECA12855B0C21A1D028732A75106E4BFAC87C9590A6616878B5C90_analysis-10.csv;user-I051911;6;1743418823;3;true;0.07971245170686855;0.0;Infinity;1;B
user-I051911_session-547BFC0A9BECA12855B0C21A1D028732A75106E4BFAC87C9590A6616878B5C90_analysis-10.csv;user-I051911;6;1743418820;3;true;0.055842022488745056;0.0;Infinity;1;B
user-I051911_session-547BFC0A9BECA12855B0C21A1D028732A75106E4BFAC87C9590A6616878B5C90_analysis-10.csv;user-I051911;6;1743418821;5;true;0.04137112125944308;0.0;Infinity;1;B
user-I051911_session-547BFC0A9BECA12855B0C21A1D028732A75106E4BFAC87C9590A6616878B5C90_analysis-10.csv;user-I051911;6;1743418826;3;true;0.2799442572361829;0.0;Infinity;1;B
user-I051911_session-547BFC0A9BECA12855B0C21A1D028732A75106E4BFAC87C9590A6616878B5C90_analysis-10.csv;user-I051911;6;1743418827;5;true;0.2290993686268832;0.0;Infinity;1;B
user-I051911_session-547BFC0A9BECA12855B0C21A1D028732A75106E4BFAC87C9590A6616878B5C90_analysis-10.csv;user-I051911;6;1743418824;4;true;0.17405748147373762;0.0;Infinity;1;B
user-I051911_session-547BFC0A9BECA12855B0C21A1D028732A75106E4BFAC87C9590A6616878B5C90_analysis-10.csv;user-I051911;6;1743418825;5;true;0.237493365714575;0.0;Infinity;1;B
user-I051911_session-547BFC0A9BECA12855B0C21A1D028732A75106E4BFAC87C9590A6616878B5C90_analysis-10.csv;user-I051911;6;1743418828;3;true;0.2195686844335665;0.0;Infinity;1;B
user-I051911_session-547BFC0A9BECA12855B0C21A1D028732A75106E4BFAC87C9590A6616878B5C90_analysis-10.csv;user-I051911;6;1743418729;3;true;-1.0043372971806594;0.0;Infinity;1;B
user-I051911_session-547BFC0A9BECA12855B0C21A1D028732A75106E4BFAC87C9590A6616878B5C90_analysis-10.csv;user-I051911;6;1743418728;3;true;-1.0083594207851785;0.0;Infinity;1;B
user-I051911_session-547BFC0A9BECA12855B0C21A1D028732A75106E4BFAC87C9590A6616878B5C90_analysis-10.csv;user-I051911;6;1743418731;3;true;-0.9633728426433303;0.0;Infinity;1;B
user-I051911_session-547BFC0A9BECA12855B0C21A1D028732A75106E4BFAC87C9590A6616878B5C90_analysis-10.csv;user-I051911;6;1743418730;3;true;-0.9919648952232805;0.0;Infinity;1;B
user-I051911_session-547BFC0A9BECA12855B0C21A1D028732A75106E4BFAC87C9590A6616878B5C90_analysis-10.csv;user-I051911;6;1743418733;2;true;-0.9426064435982595;0.0;Infinity;1;B
user-I051911_session-547BFC0A9BECA12855B0C21A1D028732A75106E4BFAC87C9590A6616878B5C90_analysis-10.csv;user-I051911;6;1743418732;3;true;-0.9579954382590278;0.0;Infinity;1;B
user-I051911_session-547BFC0A9BECA12855B0C21A1D028732A75106E4BFAC87C9590A6616878B5C90_analysis-10.csv;user-I051911;6;1743418735;3;true;-0.9189983267891264;0.0;Infinity;1;B
user-I051911_session-547BFC0A9BECA12855B0C21A1D028732A75106E4BFAC87C9590A6616878B5C90_analysis-10.csv;user-I051911;6;1743418734;2;true;-0.9368792893353032;0.0;Infinity;1;B
user-I051911_session-547BFC0A9BECA12855B0C21A1D028732A75106E4BFAC87C9590A6616878B5C90_analysis-10.csv;user-I051911;6;1743418727;3;true;-1.0096272640952986;0.0;Infinity;1;B
user-I051911_session-547BFC0A9BECA12855B0C21A1D028732A75106E4BFAC87C9590A6616878B5C90_analysis-10.csv;user-I051911;6;1743418726;3;true;-1.0154418558279183;0.0;Infinity;1;B
user-I051911_session-547BFC0A9BECA12855B0C21A1D028732A75106E4BFAC87C9590A6616878B5C90_analysis-10.csv;user-I051911;7;852800941;3;true;0.3359753721075369;0.0;Infinity;1;B
user-I051911_session-547BFC0A9BECA12855B0C21A1D028732A75106E4BFAC87C9590A6616878B5C90_analysis-10.csv;user-I051911;7;852800940;3;true;0.33246927702655993;0.0;Infinity;1;B
user-I051911_session-547BFC0A9BECA12855B0C21A1D028732A75106E4BFAC87C9590A6616878B5C90_analysis-10.csv;user-I051911;7;852800937;4;true;0.20815534056843996;0.0;Infinity;1;B
user-I051911_session-547BFC0A9BECA12855B0C21A1D028732A75106E4BFAC87C9590A6616878B5C90_analysis-10.csv;user-I051911;7;852800936;4;true;0.12372595777994368;0.0;Infinity;1;B
user-I051911_session-547BFC0A9BECA12855B0C21A1D028732A75106E4BFAC87C9590A6616878B5C90_analysis-10.csv;user-I051911;7;852800939;5;true;0.3482793703730774;0.0;Infinity;1;B
user-I051911_session-547BFC0A9BECA12855B0C21A1D028732A75106E4BFAC87C9590A6616878B5C90_analysis-10.csv;user-I051911;7;852800870;4;true;-0.9055851608378188;0.0;Infinity;1;B
user-I051911_session-547BFC0A9BECA12855B0C21A1D028732A75106E4BFAC87C9590A6616878B5C90_analysis-10.csv;user-I051911;7;852800938;5;true;0.27679640699849933;0.0;Infinity;1;B
user-I051911_session-547BFC0A9BECA12855B0C21A1D028732A75106E4BFAC87C9590A6616878B5C90_analysis-10.csv;user-I051911;7;852800871;4;true;-0.8957201852373059;0.0;Infinity;1;B
user-I051911_session-547BFC0A9BECA12855B0C21A1D028732A75106E4BFAC87C9590A6616878B5C90_analysis-10.csv;user-I051911;7;852800933;4;true;0.0092116659580949;0.0;Infinity;1;B
user-I051911_session-547BFC0A9BECA12855B0C21A1D028732A75106E4BFAC87C9590A6616878B5C90_analysis-10.csv;user-I051911;7;852800872;2;true;-0.8765564357263755;0.0;Infinity;1;B
user-I051911_session-547BFC0A9BECA12855B0C21A1D028732A75106E4BFAC87C9590A6616878B5C90_analysis-10.csv;user-I051911;7;852800932;3;true;-0.0011106263921107325;0.0;Infinity;1;B
user-I051911_session-547BFC0A9BECA12855B0C21A1D028732A75106E4BFAC87C9590A6616878B5C90_analysis-10.csv;user-I051911;7;852800873;14;true;-0.8424536723921519;0.0;Infinity;1;B
user-I051911_session-547BFC0A9BECA12855B0C21A1D028732A75106E4BFAC87C9590A6616878B5C90_analysis-10.csv;user-I051911;7;852800935;22;true;0.06161798777406506;0.0;Infinity;1;B
user-I051911_session-547BFC0A9BECA12855B0C21A1D028732A75106E4BFAC87C9590A6616878B5C90_analysis-10.csv;user-I051911;7;852800874;4;true;-0.7817176526353512;0.0;Infinity;1;B
user-I051911_session-547BFC0A9BECA12855B0C21A1D028732A75106E4BFAC87C9590A6616878B5C90_analysis-10.csv;user-I051911;7;852800934;3;true;0.04045075535971933;0.0;Infinity;1;B
user-I051911_session-547BFC0A9BECA12855B0C21A1D028732A75106E4BFAC87C9590A6616878B5C90_analysis-10.csv;user-I051911;7;852800875;3;true;-0.7371401580343577;0.0;Infinity;1;B
user-I051911_session-547BFC0A9BECA12855B0C21A1D028732A75106E4BFAC87C9590A6616878B5C90_analysis-10.csv;user-I051911;7;852800876;3;true;-0.700108389803293;0.0;Infinity;1;B
user-I051911_session-547BFC0A9BECA12855B0C21A1D028732A75106E4BFAC87C9590A6616878B5C90_analysis-10.csv;user-I051911;7;852800877;3;true;-0.6604960484846769;0.0;Infinity;1;B
user-I051911_session-547BFC0A9BECA12855B0C21A1D028732A75106E4BFAC87C9590A6616878B5C90_analysis-10.csv;user-I051911;7;852800878;4;true;-0.6269268213584279;0.0;Infinity;1;B
user-I051911_session-547BFC0A9BECA12855B0C21A1D028732A75106E4BFAC87C9590A6616878B5C90_analysis-10.csv;user-I051911;7;852800879;4;true;-0.5437822808666872;0.0;Infinity;1;B
user-I051911_session-547BFC0A9BECA12855B0C21A1D028732A75106E4BFAC87C9590A6616878B5C90_analysis-10.csv;user-I051911;7;852821802;5;true;1.814937740613582;0.0;Infinity;1;B
user-I051911_session-547BFC0A9BECA12855B0C21A1D028732A75106E4BFAC87C9590A6616878B5C90_analysis-10.csv;user-I051911;7;852821803;4;true;2.276217902136906;0.0;Infinity;1;B
user-I051911_session-547BFC0A9BECA12855B0C21A1D028732A75106E4BFAC87C9590A6616878B5C90_analysis-10.csv;user-I051911;7;852821800;5;true;1.1334813411013251;0.0;Infinity;1;B
user-I051911_session-547BFC0A9BECA12855B0C21A1D028732A75106E4BFAC87C9590A6616878B5C90_analysis-10.csv;user-I051911;7;852821801;15;true;1.4169197294644083;0.0;Infinity;1;B
user-I051911_session-547BFC0A9BECA12855B0C21A1D028732A75106E4BFAC87C9590A6616878B5C90_analysis-10.csv;user-I051911;7;852821804;4;true;1.9824136674474562;0.0;Infinity;1;B
user-I051911_session-547BFC0A9BECA12855B0C21A1D028732A75106E4BFAC87C9590A6616878B5C90_analysis-10.csv;user-I051911;7;852821795;3;true;0.4506312143519096;0.0;Infinity;1;B
user-I051911_session-547BFC0A9BECA12855B0C21A1D028732A75106E4BFAC87C9590A6616878B5C90_analysis-10.csv;user-I051911;7;852821798;3;true;0.6450888294176506;0.0;Infinity;1;B
user-I051911_session-547BFC0A9BECA12855B0C21A1D028732A75106E4BFAC87C9590A6616878B5C90_analysis-10.csv;user-I051911;7;852821799;4;true;0.8956221887909431;0.0;Infinity;1;B
user-I051911_session-547BFC0A9BECA12855B0C21A1D028732A75106E4BFAC87C9590A6616878B5C90_analysis-10.csv;user-I051911;7;852821796;2;true;0.43361249816691866;0.0;Infinity;1;B
user-I051911_session-547BFC0A9BECA12855B0C21A1D028732A75106E4BFAC87C9590A6616878B5C90_analysis-10.csv;user-I051911;7;852821797;3;true;0.4835797973178613;0.0;Infinity;1;B
user-I051911_session-547BFC0A9BECA12855B0C21A1D028732A75106E4BFAC87C9590A6616878B5C90_analysis-10.csv;user-I051911;7;852800910;2;true;-0.2268835503177582;0.0;Infinity;1;B
user-I051911_session-547BFC0A9BECA12855B0C21A1D028732A75106E4BFAC87C9590A6616878B5C90_analysis-10.csv;user-I051911;7;852800909;2;true;-0.25155687781308095;0.0;Infinity;1;B
user-I051911_session-547BFC0A9BECA12855B0C21A1D028732A75106E4BFAC87C9590A6616878B5C90_analysis-10.csv;user-I051911;7;852800908;4;true;-0.2964283617531626;0.0;Infinity;1;B
user-I051911_session-547BFC0A9BECA12855B0C21A1D028732A75106E4BFAC87C9590A6616878B5C90_analysis-10.csv;user-I051911;7;852800907;3;true;-0.37814650952562384;0.0;Infinity;1;B
user-I051911_session-547BFC0A9BECA12855B0C21A1D028732A75106E4BFAC87C9590A6616878B5C90_analysis-10.csv;user-I051911;7;852800906;4;true;-0.4143834176917466;0.0;Infinity;1;B
user-I051911_session-547BFC0A9BECA12855B0C21A1D028732A75106E4BFAC87C9590A6616878B5C90_analysis-10.csv;user-I051911;7;852800839;3;true;-0.9652105542025088;0.0;Infinity;1;B
user-I051911_session-547BFC0A9BECA12855B0C21A1D028732A75106E4BFAC87C9590A6616878B5C90_analysis-10.csv;user-I051911;7;852800905;3;true;-0.39220355533165285;0.0;Infinity;1;B
user-I051911_session-547BFC0A9BECA12855B0C21A1D028732A75106E4BFAC87C9590A6616878B5C90_analysis-10.csv;user-I051911;7;852800904;4;true;-0.4076652168688807;0.0;Infinity;1;B
user-I051911_session-547BFC0A9BECA12855B0C21A1D028732A75106E4BFAC87C9590A6616878B5C90_analysis-10.csv;user-I051911;7;852800842;3;true;-0.9585359073558041;0.0;Infinity;1;B
user-I051911_session-547BFC0A9BECA12855B0C21A1D028732A75106E4BFAC87C9590A6616878B5C90_analysis-10.csv;user-I051911;7;852800903;3;true;-0.3991177490472442;0.0;Infinity;1;B
user-I051911_session-547BFC0A9BECA12855B0C21A1D028732A75106E4BFAC87C9590A6616878B5C90_analysis-10.csv;user-I051911;7;852800843;2;true;-0.9526561205740414;0.0;Infinity;1;B
user-I051911_session-547BFC0A9BECA12855B0C21A1D028732A75106E4BFAC87C9590A6616878B5C90_analysis-10.csv;user-I051911;7;852800902;3;true;-0.37888692712036437;0.0;Infinity;1;B
user-I051911_session-547BFC0A9BECA12855B0C21A1D028732A75106E4BFAC87C9590A6616878B5C90_analysis-10.csv;user-I051911;7;852800840;2;true;-0.9642088127508011;0.0;Infinity;1;B
user-I051911_session-547BFC0A9BECA12855B0C21A1D028732A75106E4BFAC87C9590A6616878B5C90_analysis-10.csv;user-I051911;7;852800901;2;true;-0.40630415511384305;0.0;Infinity;1;B
user-I051911_session-547BFC0A9BECA12855B0C21A1D028732A75106E4BFAC87C9590A6616878B5C90_analysis-10.csv;user-I051911;7;852800841;2;true;-0.9617371246036527;0.0;Infinity;1;B
user-I051911_session-547BFC0A9BECA12855B0C21A1D028732A75106E4BFAC87C9590A6616878B5C90_analysis-10.csv;user-I051911;7;852800846;3;true;-0.9287340991674994;0.0;Infinity;1;B
user-I051911_session-547BFC0A9BECA12855B0C21A1D028732A75106E4BFAC87C9590A6616878B5C90_analysis-10.csv;user-I051911;7;852800847;3;true;-0.9268830551806482;0.0;Infinity;1;B
user-I051911_session-547BFC0A9BECA12855B0C21A1D028732A75106E4BFAC87C9590A6616878B5C90_analysis-10.csv;user-I051911;7;852800844;2;true;-0.9389257295892214;0.0;Infinity;1;B
user-I051911_session-547BFC0A9BECA12855B0C21A1D028732A75106E4BFAC87C9590A6616878B5C90_analysis-10.csv;user-I051911;7;852800845;5;true;-0.932588626057766;0.0;Infinity;1;B
user-I051911_session-547BFC0A9BECA12855B0C21A1D028732A75106E4BFAC87C9590A6616878B5C90_analysis-10.csv;user-I051911;7;852800848;3;true;-0.9187493501325431;0.0;Infinity;1;B
user-I051911_session-547BFC0A9BECA12855B0C21A1D028732A75106E4BFAC87C9590A6616878B5C90_analysis-10.csv;user-I051911;7;852821828;3;true;2.5375526475981776;0.0;Infinity;1;B
user-I051911_session-547BFC0A9BECA12855B0C21A1D028732A75106E4BFAC87C9590A6616878B5C90_analysis-10.csv;user-I051911;7;852821826;3;true;2.1842101274963603;0.0;Infinity;1;B
user-I051911_session-547BFC0A9BECA12855B0C21A1D028732A75106E4BFAC87C9590A6616878B5C90_analysis-10.csv;user-I051911;7;852821827;3;true;2.5804533141169648;0.0;Infinity;1;B
