session ;user;query position;cell hashcode;cell computation time;novelty;outlierness;relevance;surprise;query label;session label
user-I050582_session-9E660CDDDD20A34952D94F30C37A47CC7CAA6D82FDC1E2C23E4317D98C53AFFD_analysis-7.csv;user-I050582;1;-1120503911;5;true;-0.15217764656008037;0.0;Infinity;1;A
user-I050582_session-9E660CDDDD20A34952D94F30C37A47CC7CAA6D82FDC1E2C23E4317D98C53AFFD_analysis-7.csv;user-I050582;1;-943318421;4;true;0.042324851738389443;0.0;Infinity;1;A
user-I050582_session-9E660CDDDD20A34952D94F30C37A47CC7CAA6D82FDC1E2C23E4317D98C53AFFD_analysis-7.csv;user-I050582;1;-728483002;5;true;-1.4026980077230053;0.0;Infinity;1;A
user-I050582_session-9E660CDDDD20A34952D94F30C37A47CC7CAA6D82FDC1E2C23E4317D98C53AFFD_analysis-7.csv;user-I050582;1;-1666786583;4;true;1.574772831660648;0.0;Infinity;1;A
user-I050582_session-9E660CDDDD20A34952D94F30C37A47CC7CAA6D82FDC1E2C23E4317D98C53AFFD_analysis-7.csv;user-I050582;1;-1627985141;4;true;0.8076926507722815;0.0;Infinity;1;A
user-I050582_session-9E660CDDDD20A34952D94F30C37A47CC7CAA6D82FDC1E2C23E4317D98C53AFFD_analysis-7.csv;user-I050582;1;-481075126;3;true;0.07952902312349465;0.0;Infinity;1;A
user-I050582_session-9E660CDDDD20A34952D94F30C37A47CC7CAA6D82FDC1E2C23E4317D98C53AFFD_analysis-7.csv;user-I050582;1;1781502284;5;true;1.8374896664900966;0.0;Infinity;1;A
user-I050582_session-9E660CDDDD20A34952D94F30C37A47CC7CAA6D82FDC1E2C23E4317D98C53AFFD_analysis-7.csv;user-I050582;1;-1464537009;7;true;-0.8491705732641369;0.0;Infinity;1;A
user-I050582_session-9E660CDDDD20A34952D94F30C37A47CC7CAA6D82FDC1E2C23E4317D98C53AFFD_analysis-7.csv;user-I050582;1;-78583711;6;true;-1.043900497277654;0.0;Infinity;1;A
user-I050582_session-9E660CDDDD20A34952D94F30C37A47CC7CAA6D82FDC1E2C23E4317D98C53AFFD_analysis-7.csv;user-I050582;1;-1927930493;5;true;0.7705018573704144;0.0;Infinity;1;A
user-I050582_session-9E660CDDDD20A34952D94F30C37A47CC7CAA6D82FDC1E2C23E4317D98C53AFFD_analysis-7.csv;user-I050582;1;605351513;5;true;-0.4933964870305922;0.0;Infinity;1;A
user-I050582_session-9E660CDDDD20A34952D94F30C37A47CC7CAA6D82FDC1E2C23E4317D98C53AFFD_analysis-7.csv;user-I050582;1;396611947;4;true;-0.30352277093249863;0.0;Infinity;1;A
user-I050582_session-9E660CDDDD20A34952D94F30C37A47CC7CAA6D82FDC1E2C23E4317D98C53AFFD_analysis-7.csv;user-I050582;1;496368243;3;true;-0.8674448983673565;0.0;Infinity;1;A
user-I050582_session-9E660CDDDD20A34952D94F30C37A47CC7CAA6D82FDC1E2C23E4317D98C53AFFD_analysis-7.csv;user-I050582;2;-1120503911;5;true;-0.15217764656008037;0.0;Infinity;1;A
user-I050582_session-9E660CDDDD20A34952D94F30C37A47CC7CAA6D82FDC1E2C23E4317D98C53AFFD_analysis-7.csv;user-I050582;2;-943318421;4;true;0.042324851738389443;0.0;Infinity;1;A
user-I050582_session-9E660CDDDD20A34952D94F30C37A47CC7CAA6D82FDC1E2C23E4317D98C53AFFD_analysis-7.csv;user-I050582;2;-728483002;3;true;-1.4026980077230053;0.0;Infinity;1;A
user-I050582_session-9E660CDDDD20A34952D94F30C37A47CC7CAA6D82FDC1E2C23E4317D98C53AFFD_analysis-7.csv;user-I050582;2;-1666786583;3;true;1.574772831660648;0.0;Infinity;1;A
user-I050582_session-9E660CDDDD20A34952D94F30C37A47CC7CAA6D82FDC1E2C23E4317D98C53AFFD_analysis-7.csv;user-I050582;2;-1627985141;4;true;0.8076926507722815;0.0;Infinity;1;A
user-I050582_session-9E660CDDDD20A34952D94F30C37A47CC7CAA6D82FDC1E2C23E4317D98C53AFFD_analysis-7.csv;user-I050582;2;-481075126;4;true;0.07952902312349465;0.0;Infinity;1;A
user-I050582_session-9E660CDDDD20A34952D94F30C37A47CC7CAA6D82FDC1E2C23E4317D98C53AFFD_analysis-7.csv;user-I050582;2;1781502284;3;true;1.8374896664900966;0.0;Infinity;1;A
user-I050582_session-9E660CDDDD20A34952D94F30C37A47CC7CAA6D82FDC1E2C23E4317D98C53AFFD_analysis-7.csv;user-I050582;2;-1464537009;3;true;-0.8491705732641369;0.0;Infinity;1;A
user-I050582_session-9E660CDDDD20A34952D94F30C37A47CC7CAA6D82FDC1E2C23E4317D98C53AFFD_analysis-7.csv;user-I050582;2;-78583711;3;true;-1.043900497277654;0.0;Infinity;1;A
user-I050582_session-9E660CDDDD20A34952D94F30C37A47CC7CAA6D82FDC1E2C23E4317D98C53AFFD_analysis-7.csv;user-I050582;2;-1927930493;5;true;0.7705018573704144;0.0;Infinity;1;A
user-I050582_session-9E660CDDDD20A34952D94F30C37A47CC7CAA6D82FDC1E2C23E4317D98C53AFFD_analysis-7.csv;user-I050582;2;605351513;3;true;-0.4933964870305922;0.0;Infinity;1;A
user-I050582_session-9E660CDDDD20A34952D94F30C37A47CC7CAA6D82FDC1E2C23E4317D98C53AFFD_analysis-7.csv;user-I050582;2;396611947;3;true;-0.30352277093249863;0.0;Infinity;1;A
user-I050582_session-9E660CDDDD20A34952D94F30C37A47CC7CAA6D82FDC1E2C23E4317D98C53AFFD_analysis-7.csv;user-I050582;2;496368243;4;true;-0.8674448983673565;0.0;Infinity;1;A
