session ;user;query position;cell hashcode;cell computation time;novelty;outlierness;relevance;surprise;query label;session label
user-I051892_session-05F964991B84D6A73AB5C73DA9CB1A97C34CB84348A55BE18FEB6A11A66B8BC9_analysis-11.csv;user-I051892;1;-1025028747;5;true;-0.3010234846248178;0.0;Infinity;1;A
user-I051892_session-05F964991B84D6A73AB5C73DA9CB1A97C34CB84348A55BE18FEB6A11A66B8BC9_analysis-11.csv;user-I051892;1;-1345374096;6;true;-0.33643274164702736;0.0;Infinity;1;A
user-I051892_session-05F964991B84D6A73AB5C73DA9CB1A97C34CB84348A55BE18FEB6A11A66B8BC9_analysis-11.csv;user-I051892;1;-1578146949;7;true;-0.35077524479498146;0.0;Infinity;1;A
user-I051892_session-05F964991B84D6A73AB5C73DA9CB1A97C34CB84348A55BE18FEB6A11A66B8BC9_analysis-11.csv;user-I051892;1;618785809;9;true;-0.5459075236973029;0.0;Infinity;1;A
user-I051892_session-05F964991B84D6A73AB5C73DA9CB1A97C34CB84348A55BE18FEB6A11A66B8BC9_analysis-11.csv;user-I051892;1;571241305;7;true;-0.5202598598701582;0.0;Infinity;1;A
user-I051892_session-05F964991B84D6A73AB5C73DA9CB1A97C34CB84348A55BE18FEB6A11A66B8BC9_analysis-11.csv;user-I051892;1;1926240362;8;true;-0.5479603326534642;0.0;Infinity;1;A
user-I051892_session-05F964991B84D6A73AB5C73DA9CB1A97C34CB84348A55BE18FEB6A11A66B8BC9_analysis-11.csv;user-I051892;1;-1705576743;13;true;1.3943251177126916;0.0;Infinity;1;A
user-I051892_session-05F964991B84D6A73AB5C73DA9CB1A97C34CB84348A55BE18FEB6A11A66B8BC9_analysis-11.csv;user-I051892;1;1696306805;6;true;-0.43866579627746555;0.0;Infinity;1;A
user-I051892_session-05F964991B84D6A73AB5C73DA9CB1A97C34CB84348A55BE18FEB6A11A66B8BC9_analysis-11.csv;user-I051892;1;1003158696;5;true;-0.4121128142778131;0.0;Infinity;1;A
user-I051892_session-05F964991B84D6A73AB5C73DA9CB1A97C34CB84348A55BE18FEB6A11A66B8BC9_analysis-11.csv;user-I051892;1;-1463507536;5;true;-0.6013854213085781;0.0;Infinity;1;A
user-I051892_session-05F964991B84D6A73AB5C73DA9CB1A97C34CB84348A55BE18FEB6A11A66B8BC9_analysis-11.csv;user-I051892;1;-1417755117;5;true;-0.4859867771544459;0.0;Infinity;1;A
user-I051892_session-05F964991B84D6A73AB5C73DA9CB1A97C34CB84348A55BE18FEB6A11A66B8BC9_analysis-11.csv;user-I051892;1;-1994002015;5;true;-0.5318841452051578;0.0;Infinity;1;A
user-I051892_session-05F964991B84D6A73AB5C73DA9CB1A97C34CB84348A55BE18FEB6A11A66B8BC9_analysis-11.csv;user-I051892;1;350605775;6;true;-0.5661957039432017;0.0;Infinity;1;A
user-I051892_session-05F964991B84D6A73AB5C73DA9CB1A97C34CB84348A55BE18FEB6A11A66B8BC9_analysis-11.csv;user-I051892;1;1794975140;7;true;0.2861432491093992;0.0;Infinity;1;A
user-I051892_session-05F964991B84D6A73AB5C73DA9CB1A97C34CB84348A55BE18FEB6A11A66B8BC9_analysis-11.csv;user-I051892;1;-1562024468;11;true;-0.5898177183593603;0.0;Infinity;1;A
user-I051892_session-05F964991B84D6A73AB5C73DA9CB1A97C34CB84348A55BE18FEB6A11A66B8BC9_analysis-11.csv;user-I051892;1;-1950398193;28;true;-0.312930681888726;0.0;Infinity;1;A
user-I051892_session-05F964991B84D6A73AB5C73DA9CB1A97C34CB84348A55BE18FEB6A11A66B8BC9_analysis-11.csv;user-I051892;1;-996657663;8;true;-0.6122628191512588;0.0;Infinity;1;A
user-I051892_session-05F964991B84D6A73AB5C73DA9CB1A97C34CB84348A55BE18FEB6A11A66B8BC9_analysis-11.csv;user-I051892;1;1371871151;6;true;-0.10806396933651496;0.0;Infinity;1;A
user-I051892_session-05F964991B84D6A73AB5C73DA9CB1A97C34CB84348A55BE18FEB6A11A66B8BC9_analysis-11.csv;user-I051892;1;1280614737;7;true;-0.0157939411945246;0.0;Infinity;1;A
user-I051892_session-05F964991B84D6A73AB5C73DA9CB1A97C34CB84348A55BE18FEB6A11A66B8BC9_analysis-11.csv;user-I051892;1;-1848108966;6;true;3.1121256107283934;0.0;Infinity;1;A
user-I051892_session-05F964991B84D6A73AB5C73DA9CB1A97C34CB84348A55BE18FEB6A11A66B8BC9_analysis-11.csv;user-I051892;1;429573997;7;true;1.3575556201362893;0.0;Infinity;1;A
user-I051892_session-05F964991B84D6A73AB5C73DA9CB1A97C34CB84348A55BE18FEB6A11A66B8BC9_analysis-11.csv;user-I051892;1;1003080599;7;true;-0.379815588473599;0.0;Infinity;1;A
user-I051892_session-05F964991B84D6A73AB5C73DA9CB1A97C34CB84348A55BE18FEB6A11A66B8BC9_analysis-11.csv;user-I051892;1;-1307876463;10;true;-0.3979174253328915;0.0;Infinity;1;A
user-I051892_session-05F964991B84D6A73AB5C73DA9CB1A97C34CB84348A55BE18FEB6A11A66B8BC9_analysis-11.csv;user-I051892;1;734815350;9;true;-0.5436917574700901;0.0;Infinity;1;A
user-I051892_session-05F964991B84D6A73AB5C73DA9CB1A97C34CB84348A55BE18FEB6A11A66B8BC9_analysis-11.csv;user-I051892;1;92729137;7;true;-0.4433281848658805;0.0;Infinity;1;A
user-I051892_session-05F964991B84D6A73AB5C73DA9CB1A97C34CB84348A55BE18FEB6A11A66B8BC9_analysis-11.csv;user-I051892;1;1798342657;10;true;-0.5281564976298571;0.0;Infinity;1;A
user-I051892_session-05F964991B84D6A73AB5C73DA9CB1A97C34CB84348A55BE18FEB6A11A66B8BC9_analysis-11.csv;user-I051892;1;-928918933;10;true;-0.5245420148261198;0.0;Infinity;1;A
user-I051892_session-05F964991B84D6A73AB5C73DA9CB1A97C34CB84348A55BE18FEB6A11A66B8BC9_analysis-11.csv;user-I051892;1;1071938505;7;true;1.0641510536082508;0.0;Infinity;1;A
user-I051892_session-05F964991B84D6A73AB5C73DA9CB1A97C34CB84348A55BE18FEB6A11A66B8BC9_analysis-11.csv;user-I051892;1;1749358919;8;true;-0.4159762595789899;0.0;Infinity;1;A
user-I051892_session-05F964991B84D6A73AB5C73DA9CB1A97C34CB84348A55BE18FEB6A11A66B8BC9_analysis-11.csv;user-I051892;1;-591555183;12;true;-0.22032342272747654;0.0;Infinity;1;A
user-I051892_session-05F964991B84D6A73AB5C73DA9CB1A97C34CB84348A55BE18FEB6A11A66B8BC9_analysis-11.csv;user-I051892;1;-627591479;9;true;2.4565937751972533;0.0;Infinity;1;A
user-I051892_session-05F964991B84D6A73AB5C73DA9CB1A97C34CB84348A55BE18FEB6A11A66B8BC9_analysis-11.csv;user-I051892;1;1081960595;6;true;-0.48520594023065794;0.0;Infinity;1;A
user-I051892_session-05F964991B84D6A73AB5C73DA9CB1A97C34CB84348A55BE18FEB6A11A66B8BC9_analysis-11.csv;user-I051892;1;512718861;6;true;-0.13356451896062713;0.0;Infinity;1;A
user-I051892_session-05F964991B84D6A73AB5C73DA9CB1A97C34CB84348A55BE18FEB6A11A66B8BC9_analysis-11.csv;user-I051892;1;473566264;5;true;-0.3824998568550844;0.0;Infinity;1;A
user-I051892_session-05F964991B84D6A73AB5C73DA9CB1A97C34CB84348A55BE18FEB6A11A66B8BC9_analysis-11.csv;user-I051892;1;-678874322;5;true;-0.5917302029987829;0.0;Infinity;1;A
user-I051892_session-05F964991B84D6A73AB5C73DA9CB1A97C34CB84348A55BE18FEB6A11A66B8BC9_analysis-11.csv;user-I051892;1;-283843971;5;true;-0.4146861811831664;0.0;Infinity;1;A
user-I051892_session-05F964991B84D6A73AB5C73DA9CB1A97C34CB84348A55BE18FEB6A11A66B8BC9_analysis-11.csv;user-I051892;1;1214101365;6;true;-0.5123451157470091;0.0;Infinity;1;A
user-I051892_session-05F964991B84D6A73AB5C73DA9CB1A97C34CB84348A55BE18FEB6A11A66B8BC9_analysis-11.csv;user-I051892;1;-897841200;7;true;-0.2690544366581377;0.0;Infinity;1;A
user-I051892_session-05F964991B84D6A73AB5C73DA9CB1A97C34CB84348A55BE18FEB6A11A66B8BC9_analysis-11.csv;user-I051892;1;-1853839831;6;true;1.4392741649777017;0.0;Infinity;1;A
user-I051892_session-05F964991B84D6A73AB5C73DA9CB1A97C34CB84348A55BE18FEB6A11A66B8BC9_analysis-11.csv;user-I051892;1;-833510251;5;true;-0.6050157471803342;0.0;Infinity;1;A
user-I051892_session-05F964991B84D6A73AB5C73DA9CB1A97C34CB84348A55BE18FEB6A11A66B8BC9_analysis-11.csv;user-I051892;1;1450332468;4;true;0.1356771055431791;0.0;Infinity;1;A
user-I051892_session-05F964991B84D6A73AB5C73DA9CB1A97C34CB84348A55BE18FEB6A11A66B8BC9_analysis-11.csv;user-I051892;1;1293412054;5;true;-0.494288544796342;0.0;Infinity;1;A
user-I051892_session-05F964991B84D6A73AB5C73DA9CB1A97C34CB84348A55BE18FEB6A11A66B8BC9_analysis-11.csv;user-I051892;1;39836820;4;true;-0.42901736785396416;0.0;Infinity;1;A
user-I051892_session-05F964991B84D6A73AB5C73DA9CB1A97C34CB84348A55BE18FEB6A11A66B8BC9_analysis-11.csv;user-I051892;1;1744618306;5;true;-0.5260154201518763;0.0;Infinity;1;A
user-I051892_session-05F964991B84D6A73AB5C73DA9CB1A97C34CB84348A55BE18FEB6A11A66B8BC9_analysis-11.csv;user-I051892;1;1812679580;4;true;1.5183265478010788;0.0;Infinity;1;A
user-I051892_session-05F964991B84D6A73AB5C73DA9CB1A97C34CB84348A55BE18FEB6A11A66B8BC9_analysis-11.csv;user-I051892;1;-18582297;5;true;0.12248888306517239;0.0;Infinity;1;A
user-I051892_session-05F964991B84D6A73AB5C73DA9CB1A97C34CB84348A55BE18FEB6A11A66B8BC9_analysis-11.csv;user-I051892;1;-395026010;5;true;-0.586076491011472;0.0;Infinity;1;A
user-I051892_session-05F964991B84D6A73AB5C73DA9CB1A97C34CB84348A55BE18FEB6A11A66B8BC9_analysis-11.csv;user-I051892;1;-2056211866;6;true;-0.5458532046069524;0.0;Infinity;1;A
user-I051892_session-05F964991B84D6A73AB5C73DA9CB1A97C34CB84348A55BE18FEB6A11A66B8BC9_analysis-11.csv;user-I051892;1;-954899996;6;true;2.758103202664667;0.0;Infinity;1;A
user-I051892_session-05F964991B84D6A73AB5C73DA9CB1A97C34CB84348A55BE18FEB6A11A66B8BC9_analysis-11.csv;user-I051892;1;635859642;5;true;-0.6235770330121745;0.0;Infinity;1;A
user-I051892_session-05F964991B84D6A73AB5C73DA9CB1A97C34CB84348A55BE18FEB6A11A66B8BC9_analysis-11.csv;user-I051892;1;-777485605;5;true;-0.5294375228439556;0.0;Infinity;1;A
user-I051892_session-05F964991B84D6A73AB5C73DA9CB1A97C34CB84348A55BE18FEB6A11A66B8BC9_analysis-11.csv;user-I051892;1;-1567476630;5;true;-0.5348920648333148;0.0;Infinity;1;A
user-I051892_session-05F964991B84D6A73AB5C73DA9CB1A97C34CB84348A55BE18FEB6A11A66B8BC9_analysis-11.csv;user-I051892;1;1069526477;5;true;-0.1429413519323762;0.0;Infinity;1;A
user-I051892_session-05F964991B84D6A73AB5C73DA9CB1A97C34CB84348A55BE18FEB6A11A66B8BC9_analysis-11.csv;user-I051892;1;-1971730877;4;true;0.21449410564170424;0.0;Infinity;1;A
user-I051892_session-05F964991B84D6A73AB5C73DA9CB1A97C34CB84348A55BE18FEB6A11A66B8BC9_analysis-11.csv;user-I051892;1;1075077355;5;true;0.17709088534454634;0.0;Infinity;1;A
user-I051892_session-05F964991B84D6A73AB5C73DA9CB1A97C34CB84348A55BE18FEB6A11A66B8BC9_analysis-11.csv;user-I051892;1;1660820403;5;true;-0.29236185300934986;0.0;Infinity;1;A
user-I051892_session-05F964991B84D6A73AB5C73DA9CB1A97C34CB84348A55BE18FEB6A11A66B8BC9_analysis-11.csv;user-I051892;1;621690033;4;true;-0.541303980790101;0.0;Infinity;1;A
user-I051892_session-05F964991B84D6A73AB5C73DA9CB1A97C34CB84348A55BE18FEB6A11A66B8BC9_analysis-11.csv;user-I051892;1;-577512918;5;true;0.09172164497249634;0.0;Infinity;1;A
user-I051892_session-05F964991B84D6A73AB5C73DA9CB1A97C34CB84348A55BE18FEB6A11A66B8BC9_analysis-11.csv;user-I051892;1;50191213;6;true;-0.6018652399400072;0.0;Infinity;1;A
user-I051892_session-05F964991B84D6A73AB5C73DA9CB1A97C34CB84348A55BE18FEB6A11A66B8BC9_analysis-11.csv;user-I051892;1;1080619287;4;true;-0.5251214184565248;0.0;Infinity;1;A
user-I051892_session-05F964991B84D6A73AB5C73DA9CB1A97C34CB84348A55BE18FEB6A11A66B8BC9_analysis-11.csv;user-I051892;1;1076123306;5;true;-0.6074510530643801;0.0;Infinity;1;A
user-I051892_session-05F964991B84D6A73AB5C73DA9CB1A97C34CB84348A55BE18FEB6A11A66B8BC9_analysis-11.csv;user-I051892;1;-546846326;5;true;-0.35656475450816855;0.0;Infinity;1;A
user-I051892_session-05F964991B84D6A73AB5C73DA9CB1A97C34CB84348A55BE18FEB6A11A66B8BC9_analysis-11.csv;user-I051892;1;1217110243;5;true;-0.25337658920573464;0.0;Infinity;1;A
user-I051892_session-05F964991B84D6A73AB5C73DA9CB1A97C34CB84348A55BE18FEB6A11A66B8BC9_analysis-11.csv;user-I051892;1;316117431;4;true;-0.5763081079301133;0.0;Infinity;1;A
user-I051892_session-05F964991B84D6A73AB5C73DA9CB1A97C34CB84348A55BE18FEB6A11A66B8BC9_analysis-11.csv;user-I051892;1;777640596;5;true;0.7440848668998593;0.0;Infinity;1;A
user-I051892_session-05F964991B84D6A73AB5C73DA9CB1A97C34CB84348A55BE18FEB6A11A66B8BC9_analysis-11.csv;user-I051892;1;196535208;5;true;0.1522376382137772;0.0;Infinity;1;A
user-I051892_session-05F964991B84D6A73AB5C73DA9CB1A97C34CB84348A55BE18FEB6A11A66B8BC9_analysis-11.csv;user-I051892;1;-1035118267;6;true;1.1419903100804676;0.0;Infinity;1;A
user-I051892_session-05F964991B84D6A73AB5C73DA9CB1A97C34CB84348A55BE18FEB6A11A66B8BC9_analysis-11.csv;user-I051892;1;196568808;6;true;-0.12177727635457618;0.0;Infinity;1;A
user-I051892_session-05F964991B84D6A73AB5C73DA9CB1A97C34CB84348A55BE18FEB6A11A66B8BC9_analysis-11.csv;user-I051892;1;1073351554;5;true;-0.5888920305279711;0.0;Infinity;1;A
user-I051892_session-05F964991B84D6A73AB5C73DA9CB1A97C34CB84348A55BE18FEB6A11A66B8BC9_analysis-11.csv;user-I051892;1;-726023476;4;true;3.451119737128491;0.0;Infinity;1;A
user-I051892_session-05F964991B84D6A73AB5C73DA9CB1A97C34CB84348A55BE18FEB6A11A66B8BC9_analysis-11.csv;user-I051892;1;1926671107;6;true;-0.5574163809653078;0.0;Infinity;1;A
user-I051892_session-05F964991B84D6A73AB5C73DA9CB1A97C34CB84348A55BE18FEB6A11A66B8BC9_analysis-11.csv;user-I051892;1;1804144847;5;true;0.7783964256379032;0.0;Infinity;1;A
user-I051892_session-05F964991B84D6A73AB5C73DA9CB1A97C34CB84348A55BE18FEB6A11A66B8BC9_analysis-11.csv;user-I051892;1;1074382707;6;true;-0.3009850086024862;0.0;Infinity;1;A
user-I051892_session-05F964991B84D6A73AB5C73DA9CB1A97C34CB84348A55BE18FEB6A11A66B8BC9_analysis-11.csv;user-I051892;1;759540867;7;true;-0.4150845211790698;0.0;Infinity;1;A
user-I051892_session-05F964991B84D6A73AB5C73DA9CB1A97C34CB84348A55BE18FEB6A11A66B8BC9_analysis-11.csv;user-I051892;1;2044215619;7;true;-0.5835212304695688;0.0;Infinity;1;A
user-I051892_session-05F964991B84D6A73AB5C73DA9CB1A97C34CB84348A55BE18FEB6A11A66B8BC9_analysis-11.csv;user-I051892;1;-821009408;7;true;-0.4998404084892458;0.0;Infinity;1;A
user-I051892_session-05F964991B84D6A73AB5C73DA9CB1A97C34CB84348A55BE18FEB6A11A66B8BC9_analysis-11.csv;user-I051892;1;-1854009922;6;true;-0.4825737276440916;0.0;Infinity;1;A
user-I051892_session-05F964991B84D6A73AB5C73DA9CB1A97C34CB84348A55BE18FEB6A11A66B8BC9_analysis-11.csv;user-I051892;1;1143847374;5;true;-0.43362770064745987;0.0;Infinity;1;A
user-I051892_session-05F964991B84D6A73AB5C73DA9CB1A97C34CB84348A55BE18FEB6A11A66B8BC9_analysis-11.csv;user-I051892;1;1081054447;5;true;0.6802803053969441;0.0;Infinity;1;A
user-I051892_session-05F964991B84D6A73AB5C73DA9CB1A97C34CB84348A55BE18FEB6A11A66B8BC9_analysis-11.csv;user-I051892;1;116399818;5;true;-0.6140168731104926;0.0;Infinity;1;A
user-I051892_session-05F964991B84D6A73AB5C73DA9CB1A97C34CB84348A55BE18FEB6A11A66B8BC9_analysis-11.csv;user-I051892;1;-983669401;5;true;6.723270053704481;0.0;Infinity;1;A
user-I051892_session-05F964991B84D6A73AB5C73DA9CB1A97C34CB84348A55BE18FEB6A11A66B8BC9_analysis-11.csv;user-I051892;1;1078778555;4;true;2.0224665519346097;0.0;Infinity;1;A
user-I051892_session-05F964991B84D6A73AB5C73DA9CB1A97C34CB84348A55BE18FEB6A11A66B8BC9_analysis-11.csv;user-I051892;1;2056562925;8;true;-0.4524039995452707;0.0;Infinity;1;A
user-I051892_session-05F964991B84D6A73AB5C73DA9CB1A97C34CB84348A55BE18FEB6A11A66B8BC9_analysis-11.csv;user-I051892;1;1072310060;6;true;1.7089005497048237;0.0;Infinity;1;A
user-I051892_session-05F964991B84D6A73AB5C73DA9CB1A97C34CB84348A55BE18FEB6A11A66B8BC9_analysis-11.csv;user-I051892;1;-509707012;5;true;0.5122736222383861;0.0;Infinity;1;A
user-I051892_session-05F964991B84D6A73AB5C73DA9CB1A97C34CB84348A55BE18FEB6A11A66B8BC9_analysis-11.csv;user-I051892;1;448246076;5;true;0.6863414105618835;0.0;Infinity;1;A
user-I051892_session-05F964991B84D6A73AB5C73DA9CB1A97C34CB84348A55BE18FEB6A11A66B8BC9_analysis-11.csv;user-I051892;1;1003430385;4;true;0.07890233964978655;0.0;Infinity;1;A
user-I051892_session-05F964991B84D6A73AB5C73DA9CB1A97C34CB84348A55BE18FEB6A11A66B8BC9_analysis-11.csv;user-I051892;1;-68986718;5;true;0.27902971156891954;0.0;Infinity;1;A
user-I051892_session-05F964991B84D6A73AB5C73DA9CB1A97C34CB84348A55BE18FEB6A11A66B8BC9_analysis-11.csv;user-I051892;1;468752871;5;true;-0.5373545302625359;0.0;Infinity;1;A
user-I051892_session-05F964991B84D6A73AB5C73DA9CB1A97C34CB84348A55BE18FEB6A11A66B8BC9_analysis-11.csv;user-I051892;1;-1304827976;5;true;-0.5644235436205177;0.0;Infinity;1;A
user-I051892_session-05F964991B84D6A73AB5C73DA9CB1A97C34CB84348A55BE18FEB6A11A66B8BC9_analysis-11.csv;user-I051892;1;-624448390;5;true;-0.5701157316301603;0.0;Infinity;1;A
user-I051892_session-05F964991B84D6A73AB5C73DA9CB1A97C34CB84348A55BE18FEB6A11A66B8BC9_analysis-11.csv;user-I051892;1;-1708192764;5;true;-0.5575340723277338;0.0;Infinity;1;A
user-I051892_session-05F964991B84D6A73AB5C73DA9CB1A97C34CB84348A55BE18FEB6A11A66B8BC9_analysis-11.csv;user-I051892;1;1003359607;5;true;-0.6022613166404793;0.0;Infinity;1;A
user-I051892_session-05F964991B84D6A73AB5C73DA9CB1A97C34CB84348A55BE18FEB6A11A66B8BC9_analysis-11.csv;user-I051892;1;-1149575153;4;true;-0.5244763792586131;0.0;Infinity;1;A
user-I051892_session-05F964991B84D6A73AB5C73DA9CB1A97C34CB84348A55BE18FEB6A11A66B8BC9_analysis-11.csv;user-I051892;1;-1026470032;5;true;1.0494894258044878;0.0;Infinity;1;A
user-I051892_session-05F964991B84D6A73AB5C73DA9CB1A97C34CB84348A55BE18FEB6A11A66B8BC9_analysis-11.csv;user-I051892;1;2028687741;5;true;-0.4971629299940541;0.0;Infinity;1;A
user-I051892_session-05F964991B84D6A73AB5C73DA9CB1A97C34CB84348A55BE18FEB6A11A66B8BC9_analysis-11.csv;user-I051892;1;-1181677695;5;true;1.375836257334652;0.0;Infinity;1;A
user-I051892_session-05F964991B84D6A73AB5C73DA9CB1A97C34CB84348A55BE18FEB6A11A66B8BC9_analysis-11.csv;user-I051892;1;136732;5;true;1.8286107716555242;0.0;Infinity;1;A
user-I051892_session-05F964991B84D6A73AB5C73DA9CB1A97C34CB84348A55BE18FEB6A11A66B8BC9_analysis-11.csv;user-I051892;1;-1031548187;5;true;1.9830241024538782;0.0;Infinity;1;A
user-I051892_session-05F964991B84D6A73AB5C73DA9CB1A97C34CB84348A55BE18FEB6A11A66B8BC9_analysis-11.csv;user-I051892;1;-1069434870;4;true;-0.43909129581854417;0.0;Infinity;1;A
user-I051892_session-05F964991B84D6A73AB5C73DA9CB1A97C34CB84348A55BE18FEB6A11A66B8BC9_analysis-11.csv;user-I051892;1;-501800765;5;true;-0.5632896326094518;0.0;Infinity;1;A
user-I051892_session-05F964991B84D6A73AB5C73DA9CB1A97C34CB84348A55BE18FEB6A11A66B8BC9_analysis-11.csv;user-I051892;1;230372649;13;true;-0.5991221258773087;0.0;Infinity;1;A
user-I051892_session-05F964991B84D6A73AB5C73DA9CB1A97C34CB84348A55BE18FEB6A11A66B8BC9_analysis-11.csv;user-I051892;1;875178989;5;true;-0.08669619716990068;0.0;Infinity;1;A
user-I051892_session-05F964991B84D6A73AB5C73DA9CB1A97C34CB84348A55BE18FEB6A11A66B8BC9_analysis-11.csv;user-I051892;1;630073327;7;true;-0.5507917152379822;0.0;Infinity;1;A
user-I051892_session-05F964991B84D6A73AB5C73DA9CB1A97C34CB84348A55BE18FEB6A11A66B8BC9_analysis-11.csv;user-I051892;1;913177094;6;true;-0.6062537697812386;0.0;Infinity;1;A
user-I051892_session-05F964991B84D6A73AB5C73DA9CB1A97C34CB84348A55BE18FEB6A11A66B8BC9_analysis-11.csv;user-I051892;1;-1073144081;5;true;-0.3726907344559629;0.0;Infinity;1;A
user-I051892_session-05F964991B84D6A73AB5C73DA9CB1A97C34CB84348A55BE18FEB6A11A66B8BC9_analysis-11.csv;user-I051892;1;-1152938029;5;true;0.46994999767364865;0.0;Infinity;1;A
user-I051892_session-05F964991B84D6A73AB5C73DA9CB1A97C34CB84348A55BE18FEB6A11A66B8BC9_analysis-11.csv;user-I051892;1;-1175191970;5;true;-0.59489881660256;0.0;Infinity;1;A
user-I051892_session-05F964991B84D6A73AB5C73DA9CB1A97C34CB84348A55BE18FEB6A11A66B8BC9_analysis-11.csv;user-I051892;1;1709275538;5;true;0.315833158576791;0.0;Infinity;1;A
user-I051892_session-05F964991B84D6A73AB5C73DA9CB1A97C34CB84348A55BE18FEB6A11A66B8BC9_analysis-11.csv;user-I051892;1;1132170913;6;true;-0.28708837465449216;0.0;Infinity;1;A
user-I051892_session-05F964991B84D6A73AB5C73DA9CB1A97C34CB84348A55BE18FEB6A11A66B8BC9_analysis-11.csv;user-I051892;1;-389169290;5;true;-0.5078004185210202;0.0;Infinity;1;A
user-I051892_session-05F964991B84D6A73AB5C73DA9CB1A97C34CB84348A55BE18FEB6A11A66B8BC9_analysis-11.csv;user-I051892;1;1500583498;6;true;1.0246112824239746;0.0;Infinity;1;A
user-I051892_session-05F964991B84D6A73AB5C73DA9CB1A97C34CB84348A55BE18FEB6A11A66B8BC9_analysis-11.csv;user-I051892;1;-2092390746;7;true;-0.35945950936476206;0.0;Infinity;1;A
user-I051892_session-05F964991B84D6A73AB5C73DA9CB1A97C34CB84348A55BE18FEB6A11A66B8BC9_analysis-11.csv;user-I051892;1;-686904356;5;true;0.14289928126435972;0.0;Infinity;1;A
user-I051892_session-05F964991B84D6A73AB5C73DA9CB1A97C34CB84348A55BE18FEB6A11A66B8BC9_analysis-11.csv;user-I051892;1;1829580861;28;true;-0.4783051524607176;0.0;Infinity;1;A
user-I051892_session-05F964991B84D6A73AB5C73DA9CB1A97C34CB84348A55BE18FEB6A11A66B8BC9_analysis-11.csv;user-I051892;1;-193883673;5;true;0.520681764765552;0.0;Infinity;1;A
user-I051892_session-05F964991B84D6A73AB5C73DA9CB1A97C34CB84348A55BE18FEB6A11A66B8BC9_analysis-11.csv;user-I051892;1;-1389810941;6;true;-0.6140100832241987;0.0;Infinity;1;A
user-I051892_session-05F964991B84D6A73AB5C73DA9CB1A97C34CB84348A55BE18FEB6A11A66B8BC9_analysis-11.csv;user-I051892;1;1414033727;6;true;-0.6134601024344003;0.0;Infinity;1;A
user-I051892_session-05F964991B84D6A73AB5C73DA9CB1A97C34CB84348A55BE18FEB6A11A66B8BC9_analysis-11.csv;user-I051892;1;436641858;6;true;-0.41109659462917314;0.0;Infinity;1;A
user-I051892_session-05F964991B84D6A73AB5C73DA9CB1A97C34CB84348A55BE18FEB6A11A66B8BC9_analysis-11.csv;user-I051892;1;608111986;4;true;-0.5357023245977093;0.0;Infinity;1;A
user-I051892_session-05F964991B84D6A73AB5C73DA9CB1A97C34CB84348A55BE18FEB6A11A66B8BC9_analysis-11.csv;user-I051892;1;1475891039;5;true;4.062069179254487;0.0;Infinity;1;A
user-I051892_session-05F964991B84D6A73AB5C73DA9CB1A97C34CB84348A55BE18FEB6A11A66B8BC9_analysis-11.csv;user-I051892;1;1639793776;5;true;0.04004155709489117;0.0;Infinity;1;A
user-I051892_session-05F964991B84D6A73AB5C73DA9CB1A97C34CB84348A55BE18FEB6A11A66B8BC9_analysis-11.csv;user-I051892;1;1939086048;4;true;-0.5920448010637294;0.0;Infinity;1;A
user-I051892_session-05F964991B84D6A73AB5C73DA9CB1A97C34CB84348A55BE18FEB6A11A66B8BC9_analysis-11.csv;user-I051892;1;-1790637500;5;true;-0.17579987500354516;0.0;Infinity;1;A
user-I051892_session-05F964991B84D6A73AB5C73DA9CB1A97C34CB84348A55BE18FEB6A11A66B8BC9_analysis-11.csv;user-I051892;1;-2058092308;4;true;-0.48858956690040567;0.0;Infinity;1;A
user-I051892_session-05F964991B84D6A73AB5C73DA9CB1A97C34CB84348A55BE18FEB6A11A66B8BC9_analysis-11.csv;user-I051892;1;-1819978646;5;true;-0.54091016738506;0.0;Infinity;1;A
user-I051892_session-05F964991B84D6A73AB5C73DA9CB1A97C34CB84348A55BE18FEB6A11A66B8BC9_analysis-11.csv;user-I051892;1;1069734009;6;true;-0.5775529204173114;0.0;Infinity;1;A
user-I051892_session-05F964991B84D6A73AB5C73DA9CB1A97C34CB84348A55BE18FEB6A11A66B8BC9_analysis-11.csv;user-I051892;1;1081206037;7;true;-0.5747192745373622;0.0;Infinity;1;A
user-I051892_session-05F964991B84D6A73AB5C73DA9CB1A97C34CB84348A55BE18FEB6A11A66B8BC9_analysis-11.csv;user-I051892;1;526567908;6;true;-0.6136705889095083;0.0;Infinity;1;A
user-I051892_session-05F964991B84D6A73AB5C73DA9CB1A97C34CB84348A55BE18FEB6A11A66B8BC9_analysis-11.csv;user-I051892;1;-671507334;5;true;-0.5046431213943995;0.0;Infinity;1;A
user-I051892_session-05F964991B84D6A73AB5C73DA9CB1A97C34CB84348A55BE18FEB6A11A66B8BC9_analysis-11.csv;user-I051892;1;474040741;5;true;-0.33789709379105864;0.0;Infinity;1;A
user-I051892_session-05F964991B84D6A73AB5C73DA9CB1A97C34CB84348A55BE18FEB6A11A66B8BC9_analysis-11.csv;user-I051892;1;852785433;4;true;-0.5630135105668369;0.0;Infinity;1;A
user-I051892_session-05F964991B84D6A73AB5C73DA9CB1A97C34CB84348A55BE18FEB6A11A66B8BC9_analysis-11.csv;user-I051892;1;-1913350209;5;true;-0.6072496197709971;0.0;Infinity;1;A
user-I051892_session-05F964991B84D6A73AB5C73DA9CB1A97C34CB84348A55BE18FEB6A11A66B8BC9_analysis-11.csv;user-I051892;1;-992599013;5;true;-0.1989239644248245;0.0;Infinity;1;A
user-I051892_session-05F964991B84D6A73AB5C73DA9CB1A97C34CB84348A55BE18FEB6A11A66B8BC9_analysis-11.csv;user-I051892;1;-1328337552;5;true;-0.5292360895505726;0.0;Infinity;1;A
user-I051892_session-05F964991B84D6A73AB5C73DA9CB1A97C34CB84348A55BE18FEB6A11A66B8BC9_analysis-11.csv;user-I051892;1;-356107098;5;true;1.424220987064329;0.0;Infinity;1;A
user-I051892_session-05F964991B84D6A73AB5C73DA9CB1A97C34CB84348A55BE18FEB6A11A66B8BC9_analysis-11.csv;user-I051892;1;1077847349;6;true;-0.21962859103007684;0.0;Infinity;1;A
user-I051892_session-05F964991B84D6A73AB5C73DA9CB1A97C34CB84348A55BE18FEB6A11A66B8BC9_analysis-11.csv;user-I051892;1;-251642117;6;true;-0.4223836489449136;0.0;Infinity;1;A
user-I051892_session-05F964991B84D6A73AB5C73DA9CB1A97C34CB84348A55BE18FEB6A11A66B8BC9_analysis-11.csv;user-I051892;1;1076233951;6;true;-0.6028678798160596;0.0;Infinity;1;A
user-I051892_session-05F964991B84D6A73AB5C73DA9CB1A97C34CB84348A55BE18FEB6A11A66B8BC9_analysis-11.csv;user-I051892;1;2018550395;4;true;1.4953337295148132;0.0;Infinity;1;A
user-I051892_session-05F964991B84D6A73AB5C73DA9CB1A97C34CB84348A55BE18FEB6A11A66B8BC9_analysis-11.csv;user-I051892;1;-1395895594;5;true;-0.5129086763093952;0.0;Infinity;1;A
user-I051892_session-05F964991B84D6A73AB5C73DA9CB1A97C34CB84348A55BE18FEB6A11A66B8BC9_analysis-11.csv;user-I051892;1;-350138353;4;true;-0.61663324262904;0.0;Infinity;1;A
user-I051892_session-05F964991B84D6A73AB5C73DA9CB1A97C34CB84348A55BE18FEB6A11A66B8BC9_analysis-11.csv;user-I051892;1;1178475036;5;true;-0.620381259863222;0.0;Infinity;1;A
user-I051892_session-05F964991B84D6A73AB5C73DA9CB1A97C34CB84348A55BE18FEB6A11A66B8BC9_analysis-11.csv;user-I051892;1;-762399134;4;true;-0.6039429451459125;0.0;Infinity;1;A
user-I051892_session-05F964991B84D6A73AB5C73DA9CB1A97C34CB84348A55BE18FEB6A11A66B8BC9_analysis-11.csv;user-I051892;1;-1140939035;5;true;-0.60146011005781;0.0;Infinity;1;A
user-I051892_session-05F964991B84D6A73AB5C73DA9CB1A97C34CB84348A55BE18FEB6A11A66B8BC9_analysis-11.csv;user-I051892;1;72070582;5;true;1.5411926215431935;0.0;Infinity;1;A
user-I051892_session-05F964991B84D6A73AB5C73DA9CB1A97C34CB84348A55BE18FEB6A11A66B8BC9_analysis-11.csv;user-I051892;1;756721159;5;true;0.8330527470076277;0.0;Infinity;1;A
user-I051892_session-05F964991B84D6A73AB5C73DA9CB1A97C34CB84348A55BE18FEB6A11A66B8BC9_analysis-11.csv;user-I051892;1;916047800;5;true;-0.555435997462947;0.0;Infinity;1;A
user-I051892_session-05F964991B84D6A73AB5C73DA9CB1A97C34CB84348A55BE18FEB6A11A66B8BC9_analysis-11.csv;user-I051892;1;1071762525;5;true;-0.5832586881995416;0.0;Infinity;1;A
user-I051892_session-05F964991B84D6A73AB5C73DA9CB1A97C34CB84348A55BE18FEB6A11A66B8BC9_analysis-11.csv;user-I051892;1;1070456875;6;true;-0.6082499963516181;0.0;Infinity;1;A
user-I051892_session-05F964991B84D6A73AB5C73DA9CB1A97C34CB84348A55BE18FEB6A11A66B8BC9_analysis-11.csv;user-I051892;1;942701074;6;true;-0.5992488704214598;0.0;Infinity;1;A
user-I051892_session-05F964991B84D6A73AB5C73DA9CB1A97C34CB84348A55BE18FEB6A11A66B8BC9_analysis-11.csv;user-I051892;1;-584893774;5;true;-0.4792534732464195;0.0;Infinity;1;A
user-I051892_session-05F964991B84D6A73AB5C73DA9CB1A97C34CB84348A55BE18FEB6A11A66B8BC9_analysis-11.csv;user-I051892;1;1003453022;4;true;-0.4282817968388016;0.0;Infinity;1;A
user-I051892_session-05F964991B84D6A73AB5C73DA9CB1A97C34CB84348A55BE18FEB6A11A66B8BC9_analysis-11.csv;user-I051892;1;-1040764705;5;true;-0.558090843003826;0.0;Infinity;1;A
user-I051892_session-05F964991B84D6A73AB5C73DA9CB1A97C34CB84348A55BE18FEB6A11A66B8BC9_analysis-11.csv;user-I051892;1;1656215588;4;true;0.34663887269179866;0.0;Infinity;1;A
user-I051892_session-05F964991B84D6A73AB5C73DA9CB1A97C34CB84348A55BE18FEB6A11A66B8BC9_analysis-11.csv;user-I051892;1;-1512321145;5;true;-0.5738479057963235;0.0;Infinity;1;A
user-I051892_session-05F964991B84D6A73AB5C73DA9CB1A97C34CB84348A55BE18FEB6A11A66B8BC9_analysis-11.csv;user-I051892;1;-1260649220;5;true;0.46520386715427675;0.0;Infinity;1;A
user-I051892_session-05F964991B84D6A73AB5C73DA9CB1A97C34CB84348A55BE18FEB6A11A66B8BC9_analysis-11.csv;user-I051892;1;-804771502;5;true;1.8971433573143612;0.0;Infinity;1;A
user-I051892_session-05F964991B84D6A73AB5C73DA9CB1A97C34CB84348A55BE18FEB6A11A66B8BC9_analysis-11.csv;user-I051892;1;1003581449;5;true;-0.5969357824907024;0.0;Infinity;1;A
user-I051892_session-05F964991B84D6A73AB5C73DA9CB1A97C34CB84348A55BE18FEB6A11A66B8BC9_analysis-11.csv;user-I051892;1;-910710946;5;true;-0.3139242685830533;0.0;Infinity;1;A
user-I051892_session-05F964991B84D6A73AB5C73DA9CB1A97C34CB84348A55BE18FEB6A11A66B8BC9_analysis-11.csv;user-I051892;1;-690920556;4;true;1.2644323296167104;0.0;Infinity;1;A
user-I051892_session-05F964991B84D6A73AB5C73DA9CB1A97C34CB84348A55BE18FEB6A11A66B8BC9_analysis-11.csv;user-I051892;1;1066047613;5;true;-0.5276200966126463;0.0;Infinity;1;A
user-I051892_session-05F964991B84D6A73AB5C73DA9CB1A97C34CB84348A55BE18FEB6A11A66B8BC9_analysis-11.csv;user-I051892;1;642808401;4;true;-0.3425504291977485;0.0;Infinity;1;A
user-I051892_session-05F964991B84D6A73AB5C73DA9CB1A97C34CB84348A55BE18FEB6A11A66B8BC9_analysis-11.csv;user-I051892;1;-76814464;6;true;2.037938439502767;0.0;Infinity;1;A
user-I051892_session-05F964991B84D6A73AB5C73DA9CB1A97C34CB84348A55BE18FEB6A11A66B8BC9_analysis-11.csv;user-I051892;1;1003256447;5;true;-0.4511252376266035;0.0;Infinity;1;A
user-I051892_session-05F964991B84D6A73AB5C73DA9CB1A97C34CB84348A55BE18FEB6A11A66B8BC9_analysis-11.csv;user-I051892;1;-1217263895;5;true;2.1362084638330527;0.0;Infinity;1;A
user-I051892_session-05F964991B84D6A73AB5C73DA9CB1A97C34CB84348A55BE18FEB6A11A66B8BC9_analysis-11.csv;user-I051892;1;939626592;6;true;-0.21999071829907993;0.0;Infinity;1;A
user-I051892_session-05F964991B84D6A73AB5C73DA9CB1A97C34CB84348A55BE18FEB6A11A66B8BC9_analysis-11.csv;user-I051892;1;-1150039595;24;true;-0.6063873042116834;0.0;Infinity;1;A
user-I051892_session-05F964991B84D6A73AB5C73DA9CB1A97C34CB84348A55BE18FEB6A11A66B8BC9_analysis-11.csv;user-I051892;1;-1296182574;6;true;-0.274198907173413;0.0;Infinity;1;A
user-I051892_session-05F964991B84D6A73AB5C73DA9CB1A97C34CB84348A55BE18FEB6A11A66B8BC9_analysis-11.csv;user-I051892;1;-1094372698;4;true;0.5973011050003145;0.0;Infinity;1;A
user-I051892_session-05F964991B84D6A73AB5C73DA9CB1A97C34CB84348A55BE18FEB6A11A66B8BC9_analysis-11.csv;user-I051892;1;1434446760;6;true;-0.09555020889702652;0.0;Infinity;1;A
user-I051892_session-05F964991B84D6A73AB5C73DA9CB1A97C34CB84348A55BE18FEB6A11A66B8BC9_analysis-11.csv;user-I051892;1;1064509641;6;true;0.2441070630644329;0.0;Infinity;1;A
user-I051892_session-05F964991B84D6A73AB5C73DA9CB1A97C34CB84348A55BE18FEB6A11A66B8BC9_analysis-11.csv;user-I051892;1;1066047555;6;true;-0.18714124840963606;0.0;Infinity;1;A
user-I051892_session-05F964991B84D6A73AB5C73DA9CB1A97C34CB84348A55BE18FEB6A11A66B8BC9_analysis-11.csv;user-I051892;1;837449922;5;true;-0.3796435780208225;0.0;Infinity;1;A
user-I051892_session-05F964991B84D6A73AB5C73DA9CB1A97C34CB84348A55BE18FEB6A11A66B8BC9_analysis-11.csv;user-I051892;1;-363879352;6;true;-0.1521620175193677;0.0;Infinity;1;A
user-I051892_session-05F964991B84D6A73AB5C73DA9CB1A97C34CB84348A55BE18FEB6A11A66B8BC9_analysis-11.csv;user-I051892;1;1267678652;4;true;-0.6113869238193576;0.0;Infinity;1;A
user-I051892_session-05F964991B84D6A73AB5C73DA9CB1A97C34CB84348A55BE18FEB6A11A66B8BC9_analysis-11.csv;user-I051892;1;1134467597;6;true;-0.4479769936817078;0.0;Infinity;1;A
user-I051892_session-05F964991B84D6A73AB5C73DA9CB1A97C34CB84348A55BE18FEB6A11A66B8BC9_analysis-11.csv;user-I051892;1;1615186874;4;true;-0.5923842953784197;0.0;Infinity;1;A
user-I051892_session-05F964991B84D6A73AB5C73DA9CB1A97C34CB84348A55BE18FEB6A11A66B8BC9_analysis-11.csv;user-I051892;1;-69067550;5;true;-0.6152503691205343;0.0;Infinity;1;A
user-I051892_session-05F964991B84D6A73AB5C73DA9CB1A97C34CB84348A55BE18FEB6A11A66B8BC9_analysis-11.csv;user-I051892;1;1065039382;5;true;-0.5929478559408058;0.0;Infinity;1;A
user-I051892_session-05F964991B84D6A73AB5C73DA9CB1A97C34CB84348A55BE18FEB6A11A66B8BC9_analysis-11.csv;user-I051892;1;-1099418937;7;true;-0.31822905649332767;0.0;Infinity;1;A
user-I051892_session-05F964991B84D6A73AB5C73DA9CB1A97C34CB84348A55BE18FEB6A11A66B8BC9_analysis-11.csv;user-I051892;1;66049918;11;true;-0.6114367163188454;0.0;Infinity;1;A
user-I051892_session-05F964991B84D6A73AB5C73DA9CB1A97C34CB84348A55BE18FEB6A11A66B8BC9_analysis-11.csv;user-I051892;1;-1282890188;10;true;1.468792063992317;0.0;Infinity;1;A
user-I051892_session-05F964991B84D6A73AB5C73DA9CB1A97C34CB84348A55BE18FEB6A11A66B8BC9_analysis-11.csv;user-I051892;1;2105911807;7;true;-0.5518260412500724;0.0;Infinity;1;A
user-I051892_session-05F964991B84D6A73AB5C73DA9CB1A97C34CB84348A55BE18FEB6A11A66B8BC9_analysis-11.csv;user-I051892;1;-777595372;6;true;-0.2751178051185084;0.0;Infinity;1;A
user-I051892_session-05F964991B84D6A73AB5C73DA9CB1A97C34CB84348A55BE18FEB6A11A66B8BC9_analysis-11.csv;user-I051892;1;1454486684;7;true;-0.5885706425767309;0.0;Infinity;1;A
user-I051892_session-05F964991B84D6A73AB5C73DA9CB1A97C34CB84348A55BE18FEB6A11A66B8BC9_analysis-11.csv;user-I051892;1;-2062827083;7;true;-0.5945072664929505;0.0;Infinity;1;A
user-I051892_session-05F964991B84D6A73AB5C73DA9CB1A97C34CB84348A55BE18FEB6A11A66B8BC9_analysis-11.csv;user-I051892;2;-1025028747;6;true;-0.3010234846248178;0.0;Infinity;1;A
user-I051892_session-05F964991B84D6A73AB5C73DA9CB1A97C34CB84348A55BE18FEB6A11A66B8BC9_analysis-11.csv;user-I051892;2;-1345374096;6;true;-0.33643274164702736;0.0;Infinity;1;A
user-I051892_session-05F964991B84D6A73AB5C73DA9CB1A97C34CB84348A55BE18FEB6A11A66B8BC9_analysis-11.csv;user-I051892;2;-1578146949;4;true;-0.35077524479498146;0.0;Infinity;1;A
user-I051892_session-05F964991B84D6A73AB5C73DA9CB1A97C34CB84348A55BE18FEB6A11A66B8BC9_analysis-11.csv;user-I051892;2;618785809;5;true;-0.5459075236973029;0.0;Infinity;1;A
user-I051892_session-05F964991B84D6A73AB5C73DA9CB1A97C34CB84348A55BE18FEB6A11A66B8BC9_analysis-11.csv;user-I051892;2;571241305;5;true;-0.5202598598701582;0.0;Infinity;1;A
user-I051892_session-05F964991B84D6A73AB5C73DA9CB1A97C34CB84348A55BE18FEB6A11A66B8BC9_analysis-11.csv;user-I051892;2;1926240362;4;true;-0.5479603326534642;0.0;Infinity;1;A
user-I051892_session-05F964991B84D6A73AB5C73DA9CB1A97C34CB84348A55BE18FEB6A11A66B8BC9_analysis-11.csv;user-I051892;2;-1705576743;4;true;1.3943251177126916;0.0;Infinity;1;A
user-I051892_session-05F964991B84D6A73AB5C73DA9CB1A97C34CB84348A55BE18FEB6A11A66B8BC9_analysis-11.csv;user-I051892;2;1696306805;5;true;-0.43866579627746555;0.0;Infinity;1;A
user-I051892_session-05F964991B84D6A73AB5C73DA9CB1A97C34CB84348A55BE18FEB6A11A66B8BC9_analysis-11.csv;user-I051892;2;1003158696;5;true;-0.4121128142778131;0.0;Infinity;1;A
user-I051892_session-05F964991B84D6A73AB5C73DA9CB1A97C34CB84348A55BE18FEB6A11A66B8BC9_analysis-11.csv;user-I051892;2;-1463507536;6;true;-0.6013854213085781;0.0;Infinity;1;A
user-I051892_session-05F964991B84D6A73AB5C73DA9CB1A97C34CB84348A55BE18FEB6A11A66B8BC9_analysis-11.csv;user-I051892;2;-1417755117;7;true;-0.4859867771544459;0.0;Infinity;1;A
user-I051892_session-05F964991B84D6A73AB5C73DA9CB1A97C34CB84348A55BE18FEB6A11A66B8BC9_analysis-11.csv;user-I051892;2;-1994002015;6;true;-0.5318841452051578;0.0;Infinity;1;A
user-I051892_session-05F964991B84D6A73AB5C73DA9CB1A97C34CB84348A55BE18FEB6A11A66B8BC9_analysis-11.csv;user-I051892;2;350605775;5;true;-0.5661957039432017;0.0;Infinity;1;A
user-I051892_session-05F964991B84D6A73AB5C73DA9CB1A97C34CB84348A55BE18FEB6A11A66B8BC9_analysis-11.csv;user-I051892;2;1794975140;6;true;0.2861432491093992;0.0;Infinity;1;A
user-I051892_session-05F964991B84D6A73AB5C73DA9CB1A97C34CB84348A55BE18FEB6A11A66B8BC9_analysis-11.csv;user-I051892;2;-1562024468;5;true;-0.5898177183593603;0.0;Infinity;1;A
user-I051892_session-05F964991B84D6A73AB5C73DA9CB1A97C34CB84348A55BE18FEB6A11A66B8BC9_analysis-11.csv;user-I051892;2;-1950398193;5;true;-0.312930681888726;0.0;Infinity;1;A
user-I051892_session-05F964991B84D6A73AB5C73DA9CB1A97C34CB84348A55BE18FEB6A11A66B8BC9_analysis-11.csv;user-I051892;2;-996657663;5;true;-0.6122628191512588;0.0;Infinity;1;A
user-I051892_session-05F964991B84D6A73AB5C73DA9CB1A97C34CB84348A55BE18FEB6A11A66B8BC9_analysis-11.csv;user-I051892;2;1371871151;5;true;-0.10806396933651496;0.0;Infinity;1;A
user-I051892_session-05F964991B84D6A73AB5C73DA9CB1A97C34CB84348A55BE18FEB6A11A66B8BC9_analysis-11.csv;user-I051892;2;1280614737;7;true;-0.0157939411945246;0.0;Infinity;1;A
user-I051892_session-05F964991B84D6A73AB5C73DA9CB1A97C34CB84348A55BE18FEB6A11A66B8BC9_analysis-11.csv;user-I051892;2;-1848108966;9;true;3.1121256107283934;0.0;Infinity;1;A
user-I051892_session-05F964991B84D6A73AB5C73DA9CB1A97C34CB84348A55BE18FEB6A11A66B8BC9_analysis-11.csv;user-I051892;2;429573997;7;true;1.3575556201362893;0.0;Infinity;1;A
user-I051892_session-05F964991B84D6A73AB5C73DA9CB1A97C34CB84348A55BE18FEB6A11A66B8BC9_analysis-11.csv;user-I051892;2;1003080599;7;true;-0.379815588473599;0.0;Infinity;1;A
user-I051892_session-05F964991B84D6A73AB5C73DA9CB1A97C34CB84348A55BE18FEB6A11A66B8BC9_analysis-11.csv;user-I051892;2;-1307876463;5;true;-0.3979174253328915;0.0;Infinity;1;A
user-I051892_session-05F964991B84D6A73AB5C73DA9CB1A97C34CB84348A55BE18FEB6A11A66B8BC9_analysis-11.csv;user-I051892;2;734815350;5;true;-0.5436917574700901;0.0;Infinity;1;A
user-I051892_session-05F964991B84D6A73AB5C73DA9CB1A97C34CB84348A55BE18FEB6A11A66B8BC9_analysis-11.csv;user-I051892;2;92729137;5;true;-0.4433281848658805;0.0;Infinity;1;A
user-I051892_session-05F964991B84D6A73AB5C73DA9CB1A97C34CB84348A55BE18FEB6A11A66B8BC9_analysis-11.csv;user-I051892;2;1798342657;5;true;-0.5281564976298571;0.0;Infinity;1;A
user-I051892_session-05F964991B84D6A73AB5C73DA9CB1A97C34CB84348A55BE18FEB6A11A66B8BC9_analysis-11.csv;user-I051892;2;-928918933;6;true;-0.5245420148261198;0.0;Infinity;1;A
user-I051892_session-05F964991B84D6A73AB5C73DA9CB1A97C34CB84348A55BE18FEB6A11A66B8BC9_analysis-11.csv;user-I051892;2;1071938505;7;true;1.0641510536082508;0.0;Infinity;1;A
user-I051892_session-05F964991B84D6A73AB5C73DA9CB1A97C34CB84348A55BE18FEB6A11A66B8BC9_analysis-11.csv;user-I051892;2;1749358919;6;true;-0.4159762595789899;0.0;Infinity;1;A
user-I051892_session-05F964991B84D6A73AB5C73DA9CB1A97C34CB84348A55BE18FEB6A11A66B8BC9_analysis-11.csv;user-I051892;2;-591555183;5;true;-0.22032342272747654;0.0;Infinity;1;A
user-I051892_session-05F964991B84D6A73AB5C73DA9CB1A97C34CB84348A55BE18FEB6A11A66B8BC9_analysis-11.csv;user-I051892;2;-627591479;6;true;2.4565937751972533;0.0;Infinity;1;A
user-I051892_session-05F964991B84D6A73AB5C73DA9CB1A97C34CB84348A55BE18FEB6A11A66B8BC9_analysis-11.csv;user-I051892;2;1081960595;4;true;-0.48520594023065794;0.0;Infinity;1;A
user-I051892_session-05F964991B84D6A73AB5C73DA9CB1A97C34CB84348A55BE18FEB6A11A66B8BC9_analysis-11.csv;user-I051892;2;512718861;4;true;-0.13356451896062713;0.0;Infinity;1;A
user-I051892_session-05F964991B84D6A73AB5C73DA9CB1A97C34CB84348A55BE18FEB6A11A66B8BC9_analysis-11.csv;user-I051892;2;473566264;5;true;-0.3824998568550844;0.0;Infinity;1;A
user-I051892_session-05F964991B84D6A73AB5C73DA9CB1A97C34CB84348A55BE18FEB6A11A66B8BC9_analysis-11.csv;user-I051892;2;-678874322;4;true;-0.5917302029987829;0.0;Infinity;1;A
user-I051892_session-05F964991B84D6A73AB5C73DA9CB1A97C34CB84348A55BE18FEB6A11A66B8BC9_analysis-11.csv;user-I051892;2;-283843971;5;true;-0.4146861811831664;0.0;Infinity;1;A
user-I051892_session-05F964991B84D6A73AB5C73DA9CB1A97C34CB84348A55BE18FEB6A11A66B8BC9_analysis-11.csv;user-I051892;2;1214101365;6;true;-0.5123451157470091;0.0;Infinity;1;A
user-I051892_session-05F964991B84D6A73AB5C73DA9CB1A97C34CB84348A55BE18FEB6A11A66B8BC9_analysis-11.csv;user-I051892;2;-897841200;7;true;-0.2690544366581377;0.0;Infinity;1;A
user-I051892_session-05F964991B84D6A73AB5C73DA9CB1A97C34CB84348A55BE18FEB6A11A66B8BC9_analysis-11.csv;user-I051892;2;-1853839831;5;true;1.4392741649777017;0.0;Infinity;1;A
user-I051892_session-05F964991B84D6A73AB5C73DA9CB1A97C34CB84348A55BE18FEB6A11A66B8BC9_analysis-11.csv;user-I051892;2;-833510251;5;true;-0.6050157471803342;0.0;Infinity;1;A
user-I051892_session-05F964991B84D6A73AB5C73DA9CB1A97C34CB84348A55BE18FEB6A11A66B8BC9_analysis-11.csv;user-I051892;2;1450332468;5;true;0.1356771055431791;0.0;Infinity;1;A
user-I051892_session-05F964991B84D6A73AB5C73DA9CB1A97C34CB84348A55BE18FEB6A11A66B8BC9_analysis-11.csv;user-I051892;2;1293412054;5;true;-0.494288544796342;0.0;Infinity;1;A
user-I051892_session-05F964991B84D6A73AB5C73DA9CB1A97C34CB84348A55BE18FEB6A11A66B8BC9_analysis-11.csv;user-I051892;2;39836820;5;true;-0.42901736785396416;0.0;Infinity;1;A
user-I051892_session-05F964991B84D6A73AB5C73DA9CB1A97C34CB84348A55BE18FEB6A11A66B8BC9_analysis-11.csv;user-I051892;2;1744618306;5;true;-0.5260154201518763;0.0;Infinity;1;A
user-I051892_session-05F964991B84D6A73AB5C73DA9CB1A97C34CB84348A55BE18FEB6A11A66B8BC9_analysis-11.csv;user-I051892;2;1812679580;5;true;1.5183265478010788;0.0;Infinity;1;A
user-I051892_session-05F964991B84D6A73AB5C73DA9CB1A97C34CB84348A55BE18FEB6A11A66B8BC9_analysis-11.csv;user-I051892;2;-18582297;6;true;0.12248888306517239;0.0;Infinity;1;A
user-I051892_session-05F964991B84D6A73AB5C73DA9CB1A97C34CB84348A55BE18FEB6A11A66B8BC9_analysis-11.csv;user-I051892;2;-395026010;6;true;-0.586076491011472;0.0;Infinity;1;A
user-I051892_session-05F964991B84D6A73AB5C73DA9CB1A97C34CB84348A55BE18FEB6A11A66B8BC9_analysis-11.csv;user-I051892;2;-2056211866;5;true;-0.5458532046069524;0.0;Infinity;1;A
user-I051892_session-05F964991B84D6A73AB5C73DA9CB1A97C34CB84348A55BE18FEB6A11A66B8BC9_analysis-11.csv;user-I051892;2;-954899996;5;true;2.758103202664667;0.0;Infinity;1;A
user-I051892_session-05F964991B84D6A73AB5C73DA9CB1A97C34CB84348A55BE18FEB6A11A66B8BC9_analysis-11.csv;user-I051892;2;635859642;6;true;-0.6235770330121745;0.0;Infinity;1;A
user-I051892_session-05F964991B84D6A73AB5C73DA9CB1A97C34CB84348A55BE18FEB6A11A66B8BC9_analysis-11.csv;user-I051892;2;-777485605;5;true;-0.5294375228439556;0.0;Infinity;1;A
user-I051892_session-05F964991B84D6A73AB5C73DA9CB1A97C34CB84348A55BE18FEB6A11A66B8BC9_analysis-11.csv;user-I051892;2;-1567476630;6;true;-0.5348920648333148;0.0;Infinity;1;A
user-I051892_session-05F964991B84D6A73AB5C73DA9CB1A97C34CB84348A55BE18FEB6A11A66B8BC9_analysis-11.csv;user-I051892;2;1069526477;5;true;-0.1429413519323762;0.0;Infinity;1;A
user-I051892_session-05F964991B84D6A73AB5C73DA9CB1A97C34CB84348A55BE18FEB6A11A66B8BC9_analysis-11.csv;user-I051892;2;-1971730877;5;true;0.21449410564170424;0.0;Infinity;1;A
user-I051892_session-05F964991B84D6A73AB5C73DA9CB1A97C34CB84348A55BE18FEB6A11A66B8BC9_analysis-11.csv;user-I051892;2;1075077355;5;true;0.17709088534454634;0.0;Infinity;1;A
user-I051892_session-05F964991B84D6A73AB5C73DA9CB1A97C34CB84348A55BE18FEB6A11A66B8BC9_analysis-11.csv;user-I051892;2;1660820403;6;true;-0.29236185300934986;0.0;Infinity;1;A
user-I051892_session-05F964991B84D6A73AB5C73DA9CB1A97C34CB84348A55BE18FEB6A11A66B8BC9_analysis-11.csv;user-I051892;2;621690033;6;true;-0.541303980790101;0.0;Infinity;1;A
user-I051892_session-05F964991B84D6A73AB5C73DA9CB1A97C34CB84348A55BE18FEB6A11A66B8BC9_analysis-11.csv;user-I051892;2;-577512918;5;true;0.09172164497249634;0.0;Infinity;1;A
user-I051892_session-05F964991B84D6A73AB5C73DA9CB1A97C34CB84348A55BE18FEB6A11A66B8BC9_analysis-11.csv;user-I051892;2;50191213;5;true;-0.6018652399400072;0.0;Infinity;1;A
user-I051892_session-05F964991B84D6A73AB5C73DA9CB1A97C34CB84348A55BE18FEB6A11A66B8BC9_analysis-11.csv;user-I051892;2;1080619287;4;true;-0.5251214184565248;0.0;Infinity;1;A
user-I051892_session-05F964991B84D6A73AB5C73DA9CB1A97C34CB84348A55BE18FEB6A11A66B8BC9_analysis-11.csv;user-I051892;2;1076123306;4;true;-0.6074510530643801;0.0;Infinity;1;A
user-I051892_session-05F964991B84D6A73AB5C73DA9CB1A97C34CB84348A55BE18FEB6A11A66B8BC9_analysis-11.csv;user-I051892;2;-546846326;4;true;-0.35656475450816855;0.0;Infinity;1;A
user-I051892_session-05F964991B84D6A73AB5C73DA9CB1A97C34CB84348A55BE18FEB6A11A66B8BC9_analysis-11.csv;user-I051892;2;1217110243;5;true;-0.25337658920573464;0.0;Infinity;1;A
user-I051892_session-05F964991B84D6A73AB5C73DA9CB1A97C34CB84348A55BE18FEB6A11A66B8BC9_analysis-11.csv;user-I051892;2;316117431;5;true;-0.5763081079301133;0.0;Infinity;1;A
user-I051892_session-05F964991B84D6A73AB5C73DA9CB1A97C34CB84348A55BE18FEB6A11A66B8BC9_analysis-11.csv;user-I051892;2;777640596;5;true;0.7440848668998593;0.0;Infinity;1;A
user-I051892_session-05F964991B84D6A73AB5C73DA9CB1A97C34CB84348A55BE18FEB6A11A66B8BC9_analysis-11.csv;user-I051892;2;196535208;5;true;0.1522376382137772;0.0;Infinity;1;A
user-I051892_session-05F964991B84D6A73AB5C73DA9CB1A97C34CB84348A55BE18FEB6A11A66B8BC9_analysis-11.csv;user-I051892;2;-1035118267;5;true;1.1419903100804676;0.0;Infinity;1;A
user-I051892_session-05F964991B84D6A73AB5C73DA9CB1A97C34CB84348A55BE18FEB6A11A66B8BC9_analysis-11.csv;user-I051892;2;196568808;5;true;-0.12177727635457618;0.0;Infinity;1;A
user-I051892_session-05F964991B84D6A73AB5C73DA9CB1A97C34CB84348A55BE18FEB6A11A66B8BC9_analysis-11.csv;user-I051892;2;1073351554;5;true;-0.5888920305279711;0.0;Infinity;1;A
user-I051892_session-05F964991B84D6A73AB5C73DA9CB1A97C34CB84348A55BE18FEB6A11A66B8BC9_analysis-11.csv;user-I051892;2;-726023476;5;true;3.451119737128491;0.0;Infinity;1;A
user-I051892_session-05F964991B84D6A73AB5C73DA9CB1A97C34CB84348A55BE18FEB6A11A66B8BC9_analysis-11.csv;user-I051892;2;1926671107;5;true;-0.5574163809653078;0.0;Infinity;1;A
user-I051892_session-05F964991B84D6A73AB5C73DA9CB1A97C34CB84348A55BE18FEB6A11A66B8BC9_analysis-11.csv;user-I051892;2;1804144847;4;true;0.7783964256379032;0.0;Infinity;1;A
user-I051892_session-05F964991B84D6A73AB5C73DA9CB1A97C34CB84348A55BE18FEB6A11A66B8BC9_analysis-11.csv;user-I051892;2;1074382707;5;true;-0.3009850086024862;0.0;Infinity;1;A
user-I051892_session-05F964991B84D6A73AB5C73DA9CB1A97C34CB84348A55BE18FEB6A11A66B8BC9_analysis-11.csv;user-I051892;2;759540867;5;true;-0.4150845211790698;0.0;Infinity;1;A
user-I051892_session-05F964991B84D6A73AB5C73DA9CB1A97C34CB84348A55BE18FEB6A11A66B8BC9_analysis-11.csv;user-I051892;2;2044215619;4;true;-0.5835212304695688;0.0;Infinity;1;A
user-I051892_session-05F964991B84D6A73AB5C73DA9CB1A97C34CB84348A55BE18FEB6A11A66B8BC9_analysis-11.csv;user-I051892;2;-821009408;5;true;-0.4998404084892458;0.0;Infinity;1;A
user-I051892_session-05F964991B84D6A73AB5C73DA9CB1A97C34CB84348A55BE18FEB6A11A66B8BC9_analysis-11.csv;user-I051892;2;-1854009922;5;true;-0.4825737276440916;0.0;Infinity;1;A
user-I051892_session-05F964991B84D6A73AB5C73DA9CB1A97C34CB84348A55BE18FEB6A11A66B8BC9_analysis-11.csv;user-I051892;2;1143847374;5;true;-0.43362770064745987;0.0;Infinity;1;A
user-I051892_session-05F964991B84D6A73AB5C73DA9CB1A97C34CB84348A55BE18FEB6A11A66B8BC9_analysis-11.csv;user-I051892;2;1081054447;5;true;0.6802803053969441;0.0;Infinity;1;A
user-I051892_session-05F964991B84D6A73AB5C73DA9CB1A97C34CB84348A55BE18FEB6A11A66B8BC9_analysis-11.csv;user-I051892;2;116399818;5;true;-0.6140168731104926;0.0;Infinity;1;A
user-I051892_session-05F964991B84D6A73AB5C73DA9CB1A97C34CB84348A55BE18FEB6A11A66B8BC9_analysis-11.csv;user-I051892;2;-983669401;5;true;6.723270053704481;0.0;Infinity;1;A
user-I051892_session-05F964991B84D6A73AB5C73DA9CB1A97C34CB84348A55BE18FEB6A11A66B8BC9_analysis-11.csv;user-I051892;2;1078778555;5;true;2.0224665519346097;0.0;Infinity;1;A
user-I051892_session-05F964991B84D6A73AB5C73DA9CB1A97C34CB84348A55BE18FEB6A11A66B8BC9_analysis-11.csv;user-I051892;2;2056562925;5;true;-0.4524039995452707;0.0;Infinity;1;A
user-I051892_session-05F964991B84D6A73AB5C73DA9CB1A97C34CB84348A55BE18FEB6A11A66B8BC9_analysis-11.csv;user-I051892;2;1072310060;5;true;1.7089005497048237;0.0;Infinity;1;A
user-I051892_session-05F964991B84D6A73AB5C73DA9CB1A97C34CB84348A55BE18FEB6A11A66B8BC9_analysis-11.csv;user-I051892;2;-509707012;5;true;0.5122736222383861;0.0;Infinity;1;A
user-I051892_session-05F964991B84D6A73AB5C73DA9CB1A97C34CB84348A55BE18FEB6A11A66B8BC9_analysis-11.csv;user-I051892;2;448246076;6;true;0.6863414105618835;0.0;Infinity;1;A
user-I051892_session-05F964991B84D6A73AB5C73DA9CB1A97C34CB84348A55BE18FEB6A11A66B8BC9_analysis-11.csv;user-I051892;2;1003430385;6;true;0.07890233964978655;0.0;Infinity;1;A
user-I051892_session-05F964991B84D6A73AB5C73DA9CB1A97C34CB84348A55BE18FEB6A11A66B8BC9_analysis-11.csv;user-I051892;2;-68986718;4;true;0.27902971156891954;0.0;Infinity;1;A
user-I051892_session-05F964991B84D6A73AB5C73DA9CB1A97C34CB84348A55BE18FEB6A11A66B8BC9_analysis-11.csv;user-I051892;2;468752871;6;true;-0.5373545302625359;0.0;Infinity;1;A
user-I051892_session-05F964991B84D6A73AB5C73DA9CB1A97C34CB84348A55BE18FEB6A11A66B8BC9_analysis-11.csv;user-I051892;2;-1304827976;5;true;-0.5644235436205177;0.0;Infinity;1;A
user-I051892_session-05F964991B84D6A73AB5C73DA9CB1A97C34CB84348A55BE18FEB6A11A66B8BC9_analysis-11.csv;user-I051892;2;-624448390;6;true;-0.5701157316301603;0.0;Infinity;1;A
user-I051892_session-05F964991B84D6A73AB5C73DA9CB1A97C34CB84348A55BE18FEB6A11A66B8BC9_analysis-11.csv;user-I051892;2;-1708192764;4;true;-0.5575340723277338;0.0;Infinity;1;A
user-I051892_session-05F964991B84D6A73AB5C73DA9CB1A97C34CB84348A55BE18FEB6A11A66B8BC9_analysis-11.csv;user-I051892;2;1003359607;5;true;-0.6022613166404793;0.0;Infinity;1;A
user-I051892_session-05F964991B84D6A73AB5C73DA9CB1A97C34CB84348A55BE18FEB6A11A66B8BC9_analysis-11.csv;user-I051892;2;-1149575153;5;true;-0.5244763792586131;0.0;Infinity;1;A
user-I051892_session-05F964991B84D6A73AB5C73DA9CB1A97C34CB84348A55BE18FEB6A11A66B8BC9_analysis-11.csv;user-I051892;2;-1026470032;5;true;1.0494894258044878;0.0;Infinity;1;A
user-I051892_session-05F964991B84D6A73AB5C73DA9CB1A97C34CB84348A55BE18FEB6A11A66B8BC9_analysis-11.csv;user-I051892;2;2028687741;4;true;-0.4971629299940541;0.0;Infinity;1;A
user-I051892_session-05F964991B84D6A73AB5C73DA9CB1A97C34CB84348A55BE18FEB6A11A66B8BC9_analysis-11.csv;user-I051892;2;-1181677695;4;true;1.375836257334652;0.0;Infinity;1;A
user-I051892_session-05F964991B84D6A73AB5C73DA9CB1A97C34CB84348A55BE18FEB6A11A66B8BC9_analysis-11.csv;user-I051892;2;136732;5;true;1.8286107716555242;0.0;Infinity;1;A
user-I051892_session-05F964991B84D6A73AB5C73DA9CB1A97C34CB84348A55BE18FEB6A11A66B8BC9_analysis-11.csv;user-I051892;2;-1031548187;5;true;1.9830241024538782;0.0;Infinity;1;A
user-I051892_session-05F964991B84D6A73AB5C73DA9CB1A97C34CB84348A55BE18FEB6A11A66B8BC9_analysis-11.csv;user-I051892;2;-1069434870;4;true;-0.43909129581854417;0.0;Infinity;1;A
user-I051892_session-05F964991B84D6A73AB5C73DA9CB1A97C34CB84348A55BE18FEB6A11A66B8BC9_analysis-11.csv;user-I051892;2;-501800765;5;true;-0.5632896326094518;0.0;Infinity;1;A
user-I051892_session-05F964991B84D6A73AB5C73DA9CB1A97C34CB84348A55BE18FEB6A11A66B8BC9_analysis-11.csv;user-I051892;2;230372649;5;true;-0.5991221258773087;0.0;Infinity;1;A
user-I051892_session-05F964991B84D6A73AB5C73DA9CB1A97C34CB84348A55BE18FEB6A11A66B8BC9_analysis-11.csv;user-I051892;2;875178989;8;true;-0.08669619716990068;0.0;Infinity;1;A
user-I051892_session-05F964991B84D6A73AB5C73DA9CB1A97C34CB84348A55BE18FEB6A11A66B8BC9_analysis-11.csv;user-I051892;2;630073327;8;true;-0.5507917152379822;0.0;Infinity;1;A
user-I051892_session-05F964991B84D6A73AB5C73DA9CB1A97C34CB84348A55BE18FEB6A11A66B8BC9_analysis-11.csv;user-I051892;2;913177094;6;true;-0.6062537697812386;0.0;Infinity;1;A
user-I051892_session-05F964991B84D6A73AB5C73DA9CB1A97C34CB84348A55BE18FEB6A11A66B8BC9_analysis-11.csv;user-I051892;2;-1073144081;7;true;-0.3726907344559629;0.0;Infinity;1;A
user-I051892_session-05F964991B84D6A73AB5C73DA9CB1A97C34CB84348A55BE18FEB6A11A66B8BC9_analysis-11.csv;user-I051892;2;-1152938029;6;true;0.46994999767364865;0.0;Infinity;1;A
user-I051892_session-05F964991B84D6A73AB5C73DA9CB1A97C34CB84348A55BE18FEB6A11A66B8BC9_analysis-11.csv;user-I051892;2;-1175191970;6;true;-0.59489881660256;0.0;Infinity;1;A
user-I051892_session-05F964991B84D6A73AB5C73DA9CB1A97C34CB84348A55BE18FEB6A11A66B8BC9_analysis-11.csv;user-I051892;2;1709275538;6;true;0.315833158576791;0.0;Infinity;1;A
user-I051892_session-05F964991B84D6A73AB5C73DA9CB1A97C34CB84348A55BE18FEB6A11A66B8BC9_analysis-11.csv;user-I051892;2;1132170913;5;true;-0.28708837465449216;0.0;Infinity;1;A
user-I051892_session-05F964991B84D6A73AB5C73DA9CB1A97C34CB84348A55BE18FEB6A11A66B8BC9_analysis-11.csv;user-I051892;2;-389169290;6;true;-0.5078004185210202;0.0;Infinity;1;A
user-I051892_session-05F964991B84D6A73AB5C73DA9CB1A97C34CB84348A55BE18FEB6A11A66B8BC9_analysis-11.csv;user-I051892;2;1500583498;5;true;1.0246112824239746;0.0;Infinity;1;A
user-I051892_session-05F964991B84D6A73AB5C73DA9CB1A97C34CB84348A55BE18FEB6A11A66B8BC9_analysis-11.csv;user-I051892;2;-2092390746;7;true;-0.35945950936476206;0.0;Infinity;1;A
user-I051892_session-05F964991B84D6A73AB5C73DA9CB1A97C34CB84348A55BE18FEB6A11A66B8BC9_analysis-11.csv;user-I051892;2;-686904356;8;true;0.14289928126435972;0.0;Infinity;1;A
user-I051892_session-05F964991B84D6A73AB5C73DA9CB1A97C34CB84348A55BE18FEB6A11A66B8BC9_analysis-11.csv;user-I051892;2;1829580861;5;true;-0.4783051524607176;0.0;Infinity;1;A
user-I051892_session-05F964991B84D6A73AB5C73DA9CB1A97C34CB84348A55BE18FEB6A11A66B8BC9_analysis-11.csv;user-I051892;2;-193883673;6;true;0.520681764765552;0.0;Infinity;1;A
user-I051892_session-05F964991B84D6A73AB5C73DA9CB1A97C34CB84348A55BE18FEB6A11A66B8BC9_analysis-11.csv;user-I051892;2;-1389810941;5;true;-0.6140100832241987;0.0;Infinity;1;A
user-I051892_session-05F964991B84D6A73AB5C73DA9CB1A97C34CB84348A55BE18FEB6A11A66B8BC9_analysis-11.csv;user-I051892;2;1414033727;5;true;-0.6134601024344003;0.0;Infinity;1;A
user-I051892_session-05F964991B84D6A73AB5C73DA9CB1A97C34CB84348A55BE18FEB6A11A66B8BC9_analysis-11.csv;user-I051892;2;436641858;7;true;-0.41109659462917314;0.0;Infinity;1;A
user-I051892_session-05F964991B84D6A73AB5C73DA9CB1A97C34CB84348A55BE18FEB6A11A66B8BC9_analysis-11.csv;user-I051892;2;608111986;6;true;-0.5357023245977093;0.0;Infinity;1;A
user-I051892_session-05F964991B84D6A73AB5C73DA9CB1A97C34CB84348A55BE18FEB6A11A66B8BC9_analysis-11.csv;user-I051892;2;1475891039;6;true;4.062069179254487;0.0;Infinity;1;A
user-I051892_session-05F964991B84D6A73AB5C73DA9CB1A97C34CB84348A55BE18FEB6A11A66B8BC9_analysis-11.csv;user-I051892;2;1639793776;8;true;0.04004155709489117;0.0;Infinity;1;A
user-I051892_session-05F964991B84D6A73AB5C73DA9CB1A97C34CB84348A55BE18FEB6A11A66B8BC9_analysis-11.csv;user-I051892;2;1939086048;7;true;-0.5920448010637294;0.0;Infinity;1;A
user-I051892_session-05F964991B84D6A73AB5C73DA9CB1A97C34CB84348A55BE18FEB6A11A66B8BC9_analysis-11.csv;user-I051892;2;-1790637500;6;true;-0.17579987500354516;0.0;Infinity;1;A
user-I051892_session-05F964991B84D6A73AB5C73DA9CB1A97C34CB84348A55BE18FEB6A11A66B8BC9_analysis-11.csv;user-I051892;2;-2058092308;5;true;-0.48858956690040567;0.0;Infinity;1;A
user-I051892_session-05F964991B84D6A73AB5C73DA9CB1A97C34CB84348A55BE18FEB6A11A66B8BC9_analysis-11.csv;user-I051892;2;-1819978646;5;true;-0.54091016738506;0.0;Infinity;1;A
user-I051892_session-05F964991B84D6A73AB5C73DA9CB1A97C34CB84348A55BE18FEB6A11A66B8BC9_analysis-11.csv;user-I051892;2;1069734009;5;true;-0.5775529204173114;0.0;Infinity;1;A
user-I051892_session-05F964991B84D6A73AB5C73DA9CB1A97C34CB84348A55BE18FEB6A11A66B8BC9_analysis-11.csv;user-I051892;2;1081206037;4;true;-0.5747192745373622;0.0;Infinity;1;A
user-I051892_session-05F964991B84D6A73AB5C73DA9CB1A97C34CB84348A55BE18FEB6A11A66B8BC9_analysis-11.csv;user-I051892;2;526567908;5;true;-0.6136705889095083;0.0;Infinity;1;A
user-I051892_session-05F964991B84D6A73AB5C73DA9CB1A97C34CB84348A55BE18FEB6A11A66B8BC9_analysis-11.csv;user-I051892;2;-671507334;5;true;-0.5046431213943995;0.0;Infinity;1;A
user-I051892_session-05F964991B84D6A73AB5C73DA9CB1A97C34CB84348A55BE18FEB6A11A66B8BC9_analysis-11.csv;user-I051892;2;474040741;4;true;-0.33789709379105864;0.0;Infinity;1;A
user-I051892_session-05F964991B84D6A73AB5C73DA9CB1A97C34CB84348A55BE18FEB6A11A66B8BC9_analysis-11.csv;user-I051892;2;852785433;5;true;-0.5630135105668369;0.0;Infinity;1;A
user-I051892_session-05F964991B84D6A73AB5C73DA9CB1A97C34CB84348A55BE18FEB6A11A66B8BC9_analysis-11.csv;user-I051892;2;-1913350209;4;true;-0.6072496197709971;0.0;Infinity;1;A
user-I051892_session-05F964991B84D6A73AB5C73DA9CB1A97C34CB84348A55BE18FEB6A11A66B8BC9_analysis-11.csv;user-I051892;2;-992599013;5;true;-0.1989239644248245;0.0;Infinity;1;A
user-I051892_session-05F964991B84D6A73AB5C73DA9CB1A97C34CB84348A55BE18FEB6A11A66B8BC9_analysis-11.csv;user-I051892;2;-1328337552;4;true;-0.5292360895505726;0.0;Infinity;1;A
user-I051892_session-05F964991B84D6A73AB5C73DA9CB1A97C34CB84348A55BE18FEB6A11A66B8BC9_analysis-11.csv;user-I051892;2;-356107098;5;true;1.424220987064329;0.0;Infinity;1;A
user-I051892_session-05F964991B84D6A73AB5C73DA9CB1A97C34CB84348A55BE18FEB6A11A66B8BC9_analysis-11.csv;user-I051892;2;1077847349;5;true;-0.21962859103007684;0.0;Infinity;1;A
user-I051892_session-05F964991B84D6A73AB5C73DA9CB1A97C34CB84348A55BE18FEB6A11A66B8BC9_analysis-11.csv;user-I051892;2;-251642117;4;true;-0.4223836489449136;0.0;Infinity;1;A
user-I051892_session-05F964991B84D6A73AB5C73DA9CB1A97C34CB84348A55BE18FEB6A11A66B8BC9_analysis-11.csv;user-I051892;2;1076233951;5;true;-0.6028678798160596;0.0;Infinity;1;A
user-I051892_session-05F964991B84D6A73AB5C73DA9CB1A97C34CB84348A55BE18FEB6A11A66B8BC9_analysis-11.csv;user-I051892;2;2018550395;4;true;1.4953337295148132;0.0;Infinity;1;A
user-I051892_session-05F964991B84D6A73AB5C73DA9CB1A97C34CB84348A55BE18FEB6A11A66B8BC9_analysis-11.csv;user-I051892;2;-1395895594;5;true;-0.5129086763093952;0.0;Infinity;1;A
user-I051892_session-05F964991B84D6A73AB5C73DA9CB1A97C34CB84348A55BE18FEB6A11A66B8BC9_analysis-11.csv;user-I051892;2;-350138353;6;true;-0.61663324262904;0.0;Infinity;1;A
user-I051892_session-05F964991B84D6A73AB5C73DA9CB1A97C34CB84348A55BE18FEB6A11A66B8BC9_analysis-11.csv;user-I051892;2;1178475036;5;true;-0.620381259863222;0.0;Infinity;1;A
user-I051892_session-05F964991B84D6A73AB5C73DA9CB1A97C34CB84348A55BE18FEB6A11A66B8BC9_analysis-11.csv;user-I051892;2;-762399134;4;true;-0.6039429451459125;0.0;Infinity;1;A
user-I051892_session-05F964991B84D6A73AB5C73DA9CB1A97C34CB84348A55BE18FEB6A11A66B8BC9_analysis-11.csv;user-I051892;2;-1140939035;5;true;-0.60146011005781;0.0;Infinity;1;A
user-I051892_session-05F964991B84D6A73AB5C73DA9CB1A97C34CB84348A55BE18FEB6A11A66B8BC9_analysis-11.csv;user-I051892;2;72070582;7;true;1.5411926215431935;0.0;Infinity;1;A
user-I051892_session-05F964991B84D6A73AB5C73DA9CB1A97C34CB84348A55BE18FEB6A11A66B8BC9_analysis-11.csv;user-I051892;2;756721159;6;true;0.8330527470076277;0.0;Infinity;1;A
user-I051892_session-05F964991B84D6A73AB5C73DA9CB1A97C34CB84348A55BE18FEB6A11A66B8BC9_analysis-11.csv;user-I051892;2;916047800;6;true;-0.555435997462947;0.0;Infinity;1;A
user-I051892_session-05F964991B84D6A73AB5C73DA9CB1A97C34CB84348A55BE18FEB6A11A66B8BC9_analysis-11.csv;user-I051892;2;1071762525;8;true;-0.5832586881995416;0.0;Infinity;1;A
user-I051892_session-05F964991B84D6A73AB5C73DA9CB1A97C34CB84348A55BE18FEB6A11A66B8BC9_analysis-11.csv;user-I051892;2;1070456875;8;true;-0.6082499963516181;0.0;Infinity;1;A
user-I051892_session-05F964991B84D6A73AB5C73DA9CB1A97C34CB84348A55BE18FEB6A11A66B8BC9_analysis-11.csv;user-I051892;2;942701074;16;true;-0.5992488704214598;0.0;Infinity;1;A
user-I051892_session-05F964991B84D6A73AB5C73DA9CB1A97C34CB84348A55BE18FEB6A11A66B8BC9_analysis-11.csv;user-I051892;2;-584893774;14;true;-0.4792534732464195;0.0;Infinity;1;A
user-I051892_session-05F964991B84D6A73AB5C73DA9CB1A97C34CB84348A55BE18FEB6A11A66B8BC9_analysis-11.csv;user-I051892;2;1003453022;13;true;-0.4282817968388016;0.0;Infinity;1;A
user-I051892_session-05F964991B84D6A73AB5C73DA9CB1A97C34CB84348A55BE18FEB6A11A66B8BC9_analysis-11.csv;user-I051892;2;-1040764705;9;true;-0.558090843003826;0.0;Infinity;1;A
user-I051892_session-05F964991B84D6A73AB5C73DA9CB1A97C34CB84348A55BE18FEB6A11A66B8BC9_analysis-11.csv;user-I051892;2;1656215588;9;true;0.34663887269179866;0.0;Infinity;1;A
user-I051892_session-05F964991B84D6A73AB5C73DA9CB1A97C34CB84348A55BE18FEB6A11A66B8BC9_analysis-11.csv;user-I051892;2;-1512321145;8;true;-0.5738479057963235;0.0;Infinity;1;A
user-I051892_session-05F964991B84D6A73AB5C73DA9CB1A97C34CB84348A55BE18FEB6A11A66B8BC9_analysis-11.csv;user-I051892;2;-1260649220;41;true;0.46520386715427675;0.0;Infinity;1;A
user-I051892_session-05F964991B84D6A73AB5C73DA9CB1A97C34CB84348A55BE18FEB6A11A66B8BC9_analysis-11.csv;user-I051892;2;-804771502;8;true;1.8971433573143612;0.0;Infinity;1;A
user-I051892_session-05F964991B84D6A73AB5C73DA9CB1A97C34CB84348A55BE18FEB6A11A66B8BC9_analysis-11.csv;user-I051892;2;1003581449;7;true;-0.5969357824907024;0.0;Infinity;1;A
user-I051892_session-05F964991B84D6A73AB5C73DA9CB1A97C34CB84348A55BE18FEB6A11A66B8BC9_analysis-11.csv;user-I051892;2;-910710946;7;true;-0.3139242685830533;0.0;Infinity;1;A
user-I051892_session-05F964991B84D6A73AB5C73DA9CB1A97C34CB84348A55BE18FEB6A11A66B8BC9_analysis-11.csv;user-I051892;2;-690920556;8;true;1.2644323296167104;0.0;Infinity;1;A
user-I051892_session-05F964991B84D6A73AB5C73DA9CB1A97C34CB84348A55BE18FEB6A11A66B8BC9_analysis-11.csv;user-I051892;2;1066047613;7;true;-0.5276200966126463;0.0;Infinity;1;A
user-I051892_session-05F964991B84D6A73AB5C73DA9CB1A97C34CB84348A55BE18FEB6A11A66B8BC9_analysis-11.csv;user-I051892;2;642808401;8;true;-0.3425504291977485;0.0;Infinity;1;A
user-I051892_session-05F964991B84D6A73AB5C73DA9CB1A97C34CB84348A55BE18FEB6A11A66B8BC9_analysis-11.csv;user-I051892;2;-76814464;7;true;2.037938439502767;0.0;Infinity;1;A
user-I051892_session-05F964991B84D6A73AB5C73DA9CB1A97C34CB84348A55BE18FEB6A11A66B8BC9_analysis-11.csv;user-I051892;2;1003256447;27;true;-0.4511252376266035;0.0;Infinity;1;A
user-I051892_session-05F964991B84D6A73AB5C73DA9CB1A97C34CB84348A55BE18FEB6A11A66B8BC9_analysis-11.csv;user-I051892;2;-1217263895;8;true;2.1362084638330527;0.0;Infinity;1;A
user-I051892_session-05F964991B84D6A73AB5C73DA9CB1A97C34CB84348A55BE18FEB6A11A66B8BC9_analysis-11.csv;user-I051892;2;939626592;7;true;-0.21999071829907993;0.0;Infinity;1;A
user-I051892_session-05F964991B84D6A73AB5C73DA9CB1A97C34CB84348A55BE18FEB6A11A66B8BC9_analysis-11.csv;user-I051892;2;-1150039595;7;true;-0.6063873042116834;0.0;Infinity;1;A
user-I051892_session-05F964991B84D6A73AB5C73DA9CB1A97C34CB84348A55BE18FEB6A11A66B8BC9_analysis-11.csv;user-I051892;2;-1296182574;6;true;-0.274198907173413;0.0;Infinity;1;A
user-I051892_session-05F964991B84D6A73AB5C73DA9CB1A97C34CB84348A55BE18FEB6A11A66B8BC9_analysis-11.csv;user-I051892;2;-1094372698;6;true;0.5973011050003145;0.0;Infinity;1;A
user-I051892_session-05F964991B84D6A73AB5C73DA9CB1A97C34CB84348A55BE18FEB6A11A66B8BC9_analysis-11.csv;user-I051892;2;1434446760;6;true;-0.09555020889702652;0.0;Infinity;1;A
user-I051892_session-05F964991B84D6A73AB5C73DA9CB1A97C34CB84348A55BE18FEB6A11A66B8BC9_analysis-11.csv;user-I051892;2;1064509641;6;true;0.2441070630644329;0.0;Infinity;1;A
user-I051892_session-05F964991B84D6A73AB5C73DA9CB1A97C34CB84348A55BE18FEB6A11A66B8BC9_analysis-11.csv;user-I051892;2;1066047555;7;true;-0.18714124840963606;0.0;Infinity;1;A
user-I051892_session-05F964991B84D6A73AB5C73DA9CB1A97C34CB84348A55BE18FEB6A11A66B8BC9_analysis-11.csv;user-I051892;2;837449922;12;true;-0.3796435780208225;0.0;Infinity;1;A
user-I051892_session-05F964991B84D6A73AB5C73DA9CB1A97C34CB84348A55BE18FEB6A11A66B8BC9_analysis-11.csv;user-I051892;2;-363879352;7;true;-0.1521620175193677;0.0;Infinity;1;A
user-I051892_session-05F964991B84D6A73AB5C73DA9CB1A97C34CB84348A55BE18FEB6A11A66B8BC9_analysis-11.csv;user-I051892;2;1267678652;8;true;-0.6113869238193576;0.0;Infinity;1;A
user-I051892_session-05F964991B84D6A73AB5C73DA9CB1A97C34CB84348A55BE18FEB6A11A66B8BC9_analysis-11.csv;user-I051892;2;1134467597;7;true;-0.4479769936817078;0.0;Infinity;1;A
user-I051892_session-05F964991B84D6A73AB5C73DA9CB1A97C34CB84348A55BE18FEB6A11A66B8BC9_analysis-11.csv;user-I051892;2;1615186874;8;true;-0.5923842953784197;0.0;Infinity;1;A
user-I051892_session-05F964991B84D6A73AB5C73DA9CB1A97C34CB84348A55BE18FEB6A11A66B8BC9_analysis-11.csv;user-I051892;2;-69067550;7;true;-0.6152503691205343;0.0;Infinity;1;A
user-I051892_session-05F964991B84D6A73AB5C73DA9CB1A97C34CB84348A55BE18FEB6A11A66B8BC9_analysis-11.csv;user-I051892;2;1065039382;6;true;-0.5929478559408058;0.0;Infinity;1;A
user-I051892_session-05F964991B84D6A73AB5C73DA9CB1A97C34CB84348A55BE18FEB6A11A66B8BC9_analysis-11.csv;user-I051892;2;-1099418937;8;true;-0.31822905649332767;0.0;Infinity;1;A
user-I051892_session-05F964991B84D6A73AB5C73DA9CB1A97C34CB84348A55BE18FEB6A11A66B8BC9_analysis-11.csv;user-I051892;2;66049918;7;true;-0.6114367163188454;0.0;Infinity;1;A
user-I051892_session-05F964991B84D6A73AB5C73DA9CB1A97C34CB84348A55BE18FEB6A11A66B8BC9_analysis-11.csv;user-I051892;2;-1282890188;8;true;1.468792063992317;0.0;Infinity;1;A
user-I051892_session-05F964991B84D6A73AB5C73DA9CB1A97C34CB84348A55BE18FEB6A11A66B8BC9_analysis-11.csv;user-I051892;2;2105911807;8;true;-0.5518260412500724;0.0;Infinity;1;A
user-I051892_session-05F964991B84D6A73AB5C73DA9CB1A97C34CB84348A55BE18FEB6A11A66B8BC9_analysis-11.csv;user-I051892;2;-777595372;8;true;-0.2751178051185084;0.0;Infinity;1;A
user-I051892_session-05F964991B84D6A73AB5C73DA9CB1A97C34CB84348A55BE18FEB6A11A66B8BC9_analysis-11.csv;user-I051892;2;1454486684;8;true;-0.5885706425767309;0.0;Infinity;1;A
user-I051892_session-05F964991B84D6A73AB5C73DA9CB1A97C34CB84348A55BE18FEB6A11A66B8BC9_analysis-11.csv;user-I051892;2;-2062827083;8;true;-0.5945072664929505;0.0;Infinity;1;A
