session ;user;query position;cell hashcode;cell computation time;novelty;outlierness;relevance;surprise;query label;session label
user-a_session-3C604A43A349CDC4130E5F83A8625EE6C83A2283F66A05BD44300AE9E67250DE_analysis-7.csv;user-a;1;-277026724;3;true;NaN;1.0;15.929618667697087;1;A
user-a_session-3C604A43A349CDC4130E5F83A8625EE6C83A2283F66A05BD44300AE9E67250DE_analysis-7.csv;user-a;2;-1120503911;3;false;-0.15217764656008037;1.0;17.969839496223642;1;A
user-a_session-3C604A43A349CDC4130E5F83A8625EE6C83A2283F66A05BD44300AE9E67250DE_analysis-7.csv;user-a;2;-943318421;4;false;0.042324851738389443;1.0;17.969839496223642;1;A
user-a_session-3C604A43A349CDC4130E5F83A8625EE6C83A2283F66A05BD44300AE9E67250DE_analysis-7.csv;user-a;2;-728483002;6;false;-1.4026980077230053;1.0;17.969839496223642;1;A
user-a_session-3C604A43A349CDC4130E5F83A8625EE6C83A2283F66A05BD44300AE9E67250DE_analysis-7.csv;user-a;2;-1666786583;6;false;1.574772831660648;1.0;17.969839496223642;1;A
user-a_session-3C604A43A349CDC4130E5F83A8625EE6C83A2283F66A05BD44300AE9E67250DE_analysis-7.csv;user-a;2;-1627985141;3;false;0.8076926507722815;1.0;17.969839496223642;1;A
user-a_session-3C604A43A349CDC4130E5F83A8625EE6C83A2283F66A05BD44300AE9E67250DE_analysis-7.csv;user-a;2;-481075126;2;false;0.07952902312349465;1.0;17.969839496223642;1;A
user-a_session-3C604A43A349CDC4130E5F83A8625EE6C83A2283F66A05BD44300AE9E67250DE_analysis-7.csv;user-a;2;1781502284;3;false;1.8374896664900966;1.0;17.969839496223642;1;A
user-a_session-3C604A43A349CDC4130E5F83A8625EE6C83A2283F66A05BD44300AE9E67250DE_analysis-7.csv;user-a;2;-1464537009;2;false;-0.8491705732641369;1.0;17.969839496223642;1;A
user-a_session-3C604A43A349CDC4130E5F83A8625EE6C83A2283F66A05BD44300AE9E67250DE_analysis-7.csv;user-a;2;-78583711;3;false;-1.043900497277654;1.0;17.969839496223642;1;A
user-a_session-3C604A43A349CDC4130E5F83A8625EE6C83A2283F66A05BD44300AE9E67250DE_analysis-7.csv;user-a;2;-1927930493;3;false;0.7705018573704144;1.0;17.969839496223642;1;A
user-a_session-3C604A43A349CDC4130E5F83A8625EE6C83A2283F66A05BD44300AE9E67250DE_analysis-7.csv;user-a;2;605351513;2;false;-0.4933964870305922;1.0;17.969839496223642;1;A
user-a_session-3C604A43A349CDC4130E5F83A8625EE6C83A2283F66A05BD44300AE9E67250DE_analysis-7.csv;user-a;2;396611947;4;false;-0.30352277093249863;1.0;17.969839496223642;1;A
user-a_session-3C604A43A349CDC4130E5F83A8625EE6C83A2283F66A05BD44300AE9E67250DE_analysis-7.csv;user-a;2;496368243;3;false;-0.8674448983673565;1.0;17.969839496223642;1;A
