session ;user;query position;cell hashcode;cell computation time;novelty;outlierness;relevance;surprise;query label;session label
user-a_session-6FFA857E98DC952622534B7F6DC3347D7D9A5127400C1EB01E093B658AD84B49_analysis-1.csv;user-a;1;-646897018;4;true;1.7454555204950275;0.0;Infinity;0;A
user-a_session-6FFA857E98DC952622534B7F6DC3347D7D9A5127400C1EB01E093B658AD84B49_analysis-1.csv;user-a;1;2115745359;3;true;-0.9189799447472896;0.0;Infinity;0;A
user-a_session-6FFA857E98DC952622534B7F6DC3347D7D9A5127400C1EB01E093B658AD84B49_analysis-1.csv;user-a;1;-1108800652;4;true;-0.6480466464222429;0.0;Infinity;0;A
user-a_session-6FFA857E98DC952622534B7F6DC3347D7D9A5127400C1EB01E093B658AD84B49_analysis-1.csv;user-a;1;-646885596;5;true;-0.5690889423389435;0.0;Infinity;0;A
user-a_session-6FFA857E98DC952622534B7F6DC3347D7D9A5127400C1EB01E093B658AD84B49_analysis-1.csv;user-a;1;-646878133;4;true;-0.18462169043006757;0.0;Infinity;0;A
user-a_session-6FFA857E98DC952622534B7F6DC3347D7D9A5127400C1EB01E093B658AD84B49_analysis-1.csv;user-a;1;1000158492;4;true;0.5752817034435159;0.0;Infinity;0;A
