session ;user;query position;cell hashcode;cell computation time;novelty;outlierness;relevance;surprise;query label;session label
user-I050582_session-9E660CDDDD20A34952D94F30C37A47CC7CAA6D82FDC1E2C23E4317D98C53AFFD_analysis-3.csv;user-I050582;1;-1645642369;3;true;2.0132237368826345;0.0;Infinity;0;C
user-I050582_session-9E660CDDDD20A34952D94F30C37A47CC7CAA6D82FDC1E2C23E4317D98C53AFFD_analysis-3.csv;user-I050582;1;1959132295;3;true;1.0040879931630609;0.0;Infinity;0;C
user-I050582_session-9E660CDDDD20A34952D94F30C37A47CC7CAA6D82FDC1E2C23E4317D98C53AFFD_analysis-3.csv;user-I050582;1;385039036;3;true;-0.6713884937964821;0.0;Infinity;0;C
user-I050582_session-9E660CDDDD20A34952D94F30C37A47CC7CAA6D82FDC1E2C23E4317D98C53AFFD_analysis-3.csv;user-I050582;1;-1709703921;3;true;-0.10485383338845913;0.0;Infinity;0;C
user-I050582_session-9E660CDDDD20A34952D94F30C37A47CC7CAA6D82FDC1E2C23E4317D98C53AFFD_analysis-3.csv;user-I050582;1;1052919571;4;true;-0.9046209383535668;0.0;Infinity;0;C
user-I050582_session-9E660CDDDD20A34952D94F30C37A47CC7CAA6D82FDC1E2C23E4317D98C53AFFD_analysis-3.csv;user-I050582;1;2102439832;3;true;-0.7903119901167142;0.0;Infinity;0;C
user-I050582_session-9E660CDDDD20A34952D94F30C37A47CC7CAA6D82FDC1E2C23E4317D98C53AFFD_analysis-3.csv;user-I050582;1;-1709711384;3;true;-0.043150733302130345;0.0;Infinity;0;C
user-I050582_session-9E660CDDDD20A34952D94F30C37A47CC7CAA6D82FDC1E2C23E4317D98C53AFFD_analysis-3.csv;user-I050582;1;455384322;3;true;-0.9607865807398405;0.0;Infinity;0;C
user-I050582_session-9E660CDDDD20A34952D94F30C37A47CC7CAA6D82FDC1E2C23E4317D98C53AFFD_analysis-3.csv;user-I050582;1;312076785;3;true;1.9043204021148834;0.0;Infinity;0;C
user-I050582_session-9E660CDDDD20A34952D94F30C37A47CC7CAA6D82FDC1E2C23E4317D98C53AFFD_analysis-3.csv;user-I050582;1;2032094546;3;true;-0.9878146480853477;0.0;Infinity;0;C
user-I050582_session-9E660CDDDD20A34952D94F30C37A47CC7CAA6D82FDC1E2C23E4317D98C53AFFD_analysis-3.csv;user-I050582;1;1891004452;3;true;0.035164739884363874;0.0;Infinity;0;C
user-I050582_session-9E660CDDDD20A34952D94F30C37A47CC7CAA6D82FDC1E2C23E4317D98C53AFFD_analysis-3.csv;user-I050582;1;243948942;4;true;0.2854050902344751;0.0;Infinity;0;C
user-I050582_session-9E660CDDDD20A34952D94F30C37A47CC7CAA6D82FDC1E2C23E4317D98C53AFFD_analysis-3.csv;user-I050582;1;1413141;4;true;-0.6351313302842163;0.0;Infinity;0;C
user-I050582_session-9E660CDDDD20A34952D94F30C37A47CC7CAA6D82FDC1E2C23E4317D98C53AFFD_analysis-3.csv;user-I050582;1;2123340856;3;true;-0.14414341421265994;0.0;Infinity;0;C
user-I050582_session-9E660CDDDD20A34952D94F30C37A47CC7CAA6D82FDC1E2C23E4317D98C53AFFD_analysis-3.csv;user-I050582;2;785271228;4;true;0.4465868587974137;0.0;Infinity;0;C
user-I050582_session-9E660CDDDD20A34952D94F30C37A47CC7CAA6D82FDC1E2C23E4317D98C53AFFD_analysis-3.csv;user-I050582;2;785271229;4;true;0.4465868587974137;0.0;Infinity;0;C
user-I050582_session-9E660CDDDD20A34952D94F30C37A47CC7CAA6D82FDC1E2C23E4317D98C53AFFD_analysis-3.csv;user-I050582;2;785271230;3;true;0.4465868587974137;0.0;Infinity;0;C
user-I050582_session-9E660CDDDD20A34952D94F30C37A47CC7CAA6D82FDC1E2C23E4317D98C53AFFD_analysis-3.csv;user-I050582;2;785271231;3;true;0.4465868587974137;0.0;Infinity;0;C
user-I050582_session-9E660CDDDD20A34952D94F30C37A47CC7CAA6D82FDC1E2C23E4317D98C53AFFD_analysis-3.csv;user-I050582;2;-1556043200;4;true;-0.06889145722885671;0.0;Infinity;0;C
user-I050582_session-9E660CDDDD20A34952D94F30C37A47CC7CAA6D82FDC1E2C23E4317D98C53AFFD_analysis-3.csv;user-I050582;2;-1798579006;4;true;-0.8568616776865227;0.0;Infinity;0;C
user-I050582_session-9E660CDDDD20A34952D94F30C37A47CC7CAA6D82FDC1E2C23E4317D98C53AFFD_analysis-3.csv;user-I050582;2;-1798579005;3;true;-0.8568616776865227;0.0;Infinity;0;C
user-I050582_session-9E660CDDDD20A34952D94F30C37A47CC7CAA6D82FDC1E2C23E4317D98C53AFFD_analysis-3.csv;user-I050582;2;-1798579004;4;true;-0.8568616776865227;0.0;Infinity;0;C
user-I050582_session-9E660CDDDD20A34952D94F30C37A47CC7CAA6D82FDC1E2C23E4317D98C53AFFD_analysis-3.csv;user-I050582;2;-1798579003;3;true;-0.8568616776865227;0.0;Infinity;0;C
user-I050582_session-9E660CDDDD20A34952D94F30C37A47CC7CAA6D82FDC1E2C23E4317D98C53AFFD_analysis-3.csv;user-I050582;2;-1798579002;3;true;-0.8568616776865227;0.0;Infinity;0;C
user-I050582_session-9E660CDDDD20A34952D94F30C37A47CC7CAA6D82FDC1E2C23E4317D98C53AFFD_analysis-3.csv;user-I050582;2;-1798579001;5;true;-0.8568616776865227;0.0;Infinity;0;C
user-I050582_session-9E660CDDDD20A34952D94F30C37A47CC7CAA6D82FDC1E2C23E4317D98C53AFFD_analysis-3.csv;user-I050582;2;849332784;5;true;2.0867451370628194;0.0;Infinity;0;C
user-I050582_session-9E660CDDDD20A34952D94F30C37A47CC7CAA6D82FDC1E2C23E4317D98C53AFFD_analysis-3.csv;user-I050582;2;849332785;4;true;1.7743340364408375;0.0;Infinity;0;C
user-I050582_session-9E660CDDDD20A34952D94F30C37A47CC7CAA6D82FDC1E2C23E4317D98C53AFFD_analysis-3.csv;user-I050582;2;-1344607825;4;true;-1.1310891993435959;0.0;Infinity;0;C
user-I050582_session-9E660CDDDD20A34952D94F30C37A47CC7CAA6D82FDC1E2C23E4317D98C53AFFD_analysis-3.csv;user-I050582;2;-1344607824;4;true;-1.1310891993435959;0.0;Infinity;0;C
user-I050582_session-9E660CDDDD20A34952D94F30C37A47CC7CAA6D82FDC1E2C23E4317D98C53AFFD_analysis-3.csv;user-I050582;2;159140153;3;true;0.7477164474524909;0.0;Infinity;0;C
user-I050582_session-9E660CDDDD20A34952D94F30C37A47CC7CAA6D82FDC1E2C23E4317D98C53AFFD_analysis-3.csv;user-I050582;2;-1344607823;4;true;-1.1310891993435959;0.0;Infinity;0;C
user-I050582_session-9E660CDDDD20A34952D94F30C37A47CC7CAA6D82FDC1E2C23E4317D98C53AFFD_analysis-3.csv;user-I050582;2;159140152;5;true;1.0471104188818903;0.0;Infinity;0;C
user-I050582_session-9E660CDDDD20A34952D94F30C37A47CC7CAA6D82FDC1E2C23E4317D98C53AFFD_analysis-3.csv;user-I050582;2;-1344607822;3;true;-1.1310891993435959;0.0;Infinity;0;C
user-I050582_session-9E660CDDDD20A34952D94F30C37A47CC7CAA6D82FDC1E2C23E4317D98C53AFFD_analysis-3.csv;user-I050582;2;-1344607821;4;true;-1.1310891993435959;0.0;Infinity;0;C
user-I050582_session-9E660CDDDD20A34952D94F30C37A47CC7CAA6D82FDC1E2C23E4317D98C53AFFD_analysis-3.csv;user-I050582;2;-1344607820;3;true;-1.1310891993435959;0.0;Infinity;0;C
user-I050582_session-9E660CDDDD20A34952D94F30C37A47CC7CAA6D82FDC1E2C23E4317D98C53AFFD_analysis-3.csv;user-I050582;2;785263766;4;true;0.4986553755677441;0.0;Infinity;0;C
user-I050582_session-9E660CDDDD20A34952D94F30C37A47CC7CAA6D82FDC1E2C23E4317D98C53AFFD_analysis-3.csv;user-I050582;2;849332783;4;true;2.0867451370628194;0.0;Infinity;0;C
user-I050582_session-9E660CDDDD20A34952D94F30C37A47CC7CAA6D82FDC1E2C23E4317D98C53AFFD_analysis-3.csv;user-I050582;2;232102399;3;true;-1.13542824240779;0.0;Infinity;0;C
user-I050582_session-9E660CDDDD20A34952D94F30C37A47CC7CAA6D82FDC1E2C23E4317D98C53AFFD_analysis-3.csv;user-I050582;2;785263767;4;true;0.4986553755677441;0.0;Infinity;0;C
user-I050582_session-9E660CDDDD20A34952D94F30C37A47CC7CAA6D82FDC1E2C23E4317D98C53AFFD_analysis-3.csv;user-I050582;2;849332782;4;true;2.0867451370628194;0.0;Infinity;0;C
user-I050582_session-9E660CDDDD20A34952D94F30C37A47CC7CAA6D82FDC1E2C23E4317D98C53AFFD_analysis-3.csv;user-I050582;2;849332781;3;true;2.0867451370628194;0.0;Infinity;0;C
user-I050582_session-9E660CDDDD20A34952D94F30C37A47CC7CAA6D82FDC1E2C23E4317D98C53AFFD_analysis-3.csv;user-I050582;2;849332780;5;true;2.0867451370628194;0.0;Infinity;0;C
user-I050582_session-9E660CDDDD20A34952D94F30C37A47CC7CAA6D82FDC1E2C23E4317D98C53AFFD_analysis-3.csv;user-I050582;2;785263765;5;true;0.4986553755677441;0.0;Infinity;0;C
user-I050582_session-9E660CDDDD20A34952D94F30C37A47CC7CAA6D82FDC1E2C23E4317D98C53AFFD_analysis-3.csv;user-I050582;2;785263770;4;true;-0.26501620373043433;0.0;Infinity;0;C
user-I050582_session-9E660CDDDD20A34952D94F30C37A47CC7CAA6D82FDC1E2C23E4317D98C53AFFD_analysis-3.csv;user-I050582;2;-747072573;6;true;-0.8898384049743985;0.0;Infinity;0;C
user-I050582_session-9E660CDDDD20A34952D94F30C37A47CC7CAA6D82FDC1E2C23E4317D98C53AFFD_analysis-3.csv;user-I050582;2;91012309;4;true;-0.03851815577949734;0.0;Infinity;0;C
user-I050582_session-9E660CDDDD20A34952D94F30C37A47CC7CAA6D82FDC1E2C23E4317D98C53AFFD_analysis-3.csv;user-I050582;2;-747072574;4;true;-0.8898384049743985;0.0;Infinity;0;C
user-I050582_session-9E660CDDDD20A34952D94F30C37A47CC7CAA6D82FDC1E2C23E4317D98C53AFFD_analysis-3.csv;user-I050582;2;91012308;7;true;-0.03851815577949734;0.0;Infinity;0;C
user-I050582_session-9E660CDDDD20A34952D94F30C37A47CC7CAA6D82FDC1E2C23E4317D98C53AFFD_analysis-3.csv;user-I050582;2;785263768;6;true;0.4986553755677441;0.0;Infinity;0;C
user-I050582_session-9E660CDDDD20A34952D94F30C37A47CC7CAA6D82FDC1E2C23E4317D98C53AFFD_analysis-3.csv;user-I050582;2;-747072575;5;true;-0.8898384049743985;0.0;Infinity;0;C
user-I050582_session-9E660CDDDD20A34952D94F30C37A47CC7CAA6D82FDC1E2C23E4317D98C53AFFD_analysis-3.csv;user-I050582;2;785263769;5;true;0.4986553755677441;0.0;Infinity;0;C
user-I050582_session-9E660CDDDD20A34952D94F30C37A47CC7CAA6D82FDC1E2C23E4317D98C53AFFD_analysis-3.csv;user-I050582;2;-747072576;4;true;-0.8898384049743985;0.0;Infinity;0;C
user-I050582_session-9E660CDDDD20A34952D94F30C37A47CC7CAA6D82FDC1E2C23E4317D98C53AFFD_analysis-3.csv;user-I050582;2;91012310;3;true;-0.1747641079951951;0.0;Infinity;0;C
user-I050582_session-9E660CDDDD20A34952D94F30C37A47CC7CAA6D82FDC1E2C23E4317D98C53AFFD_analysis-3.csv;user-I050582;2;159140149;4;true;1.0471104188818903;0.0;Infinity;0;C
user-I050582_session-9E660CDDDD20A34952D94F30C37A47CC7CAA6D82FDC1E2C23E4317D98C53AFFD_analysis-3.csv;user-I050582;2;91012305;7;true;-0.03851815577949734;0.0;Infinity;0;C
user-I050582_session-9E660CDDDD20A34952D94F30C37A47CC7CAA6D82FDC1E2C23E4317D98C53AFFD_analysis-3.csv;user-I050582;2;159140148;3;true;1.0471104188818903;0.0;Infinity;0;C
user-I050582_session-9E660CDDDD20A34952D94F30C37A47CC7CAA6D82FDC1E2C23E4317D98C53AFFD_analysis-3.csv;user-I050582;2;-747072571;3;true;-0.8898384049743985;0.0;Infinity;0;C
user-I050582_session-9E660CDDDD20A34952D94F30C37A47CC7CAA6D82FDC1E2C23E4317D98C53AFFD_analysis-3.csv;user-I050582;2;159140151;4;true;1.0471104188818903;0.0;Infinity;0;C
user-I050582_session-9E660CDDDD20A34952D94F30C37A47CC7CAA6D82FDC1E2C23E4317D98C53AFFD_analysis-3.csv;user-I050582;2;91012307;6;true;-0.03851815577949734;0.0;Infinity;0;C
user-I050582_session-9E660CDDDD20A34952D94F30C37A47CC7CAA6D82FDC1E2C23E4317D98C53AFFD_analysis-3.csv;user-I050582;2;-747072572;4;true;-0.8898384049743985;0.0;Infinity;0;C
user-I050582_session-9E660CDDDD20A34952D94F30C37A47CC7CAA6D82FDC1E2C23E4317D98C53AFFD_analysis-3.csv;user-I050582;2;159140150;6;true;1.0471104188818903;0.0;Infinity;0;C
user-I050582_session-9E660CDDDD20A34952D94F30C37A47CC7CAA6D82FDC1E2C23E4317D98C53AFFD_analysis-3.csv;user-I050582;2;91012306;4;true;-0.03851815577949734;0.0;Infinity;0;C
user-I050582_session-9E660CDDDD20A34952D94F30C37A47CC7CAA6D82FDC1E2C23E4317D98C53AFFD_analysis-3.csv;user-I050582;2;-1414953111;4;true;-0.860332912137878;0.0;Infinity;0;C
user-I050582_session-9E660CDDDD20A34952D94F30C37A47CC7CAA6D82FDC1E2C23E4317D98C53AFFD_analysis-3.csv;user-I050582;2;-1414953110;4;true;-0.860332912137878;0.0;Infinity;0;C
user-I050582_session-9E660CDDDD20A34952D94F30C37A47CC7CAA6D82FDC1E2C23E4317D98C53AFFD_analysis-3.csv;user-I050582;2;-1414953109;3;true;-0.860332912137878;0.0;Infinity;0;C
user-I050582_session-9E660CDDDD20A34952D94F30C37A47CC7CAA6D82FDC1E2C23E4317D98C53AFFD_analysis-3.csv;user-I050582;2;-1414953108;4;true;-0.860332912137878;0.0;Infinity;0;C
user-I050582_session-9E660CDDDD20A34952D94F30C37A47CC7CAA6D82FDC1E2C23E4317D98C53AFFD_analysis-3.csv;user-I050582;2;-1414953107;4;true;-0.860332912137878;0.0;Infinity;0;C
user-I050582_session-9E660CDDDD20A34952D94F30C37A47CC7CAA6D82FDC1E2C23E4317D98C53AFFD_analysis-3.csv;user-I050582;2;-1487915360;3;true;1.7639203330867714;0.0;Infinity;0;C
user-I050582_session-9E660CDDDD20A34952D94F30C37A47CC7CAA6D82FDC1E2C23E4317D98C53AFFD_analysis-3.csv;user-I050582;2;-1487915359;4;true;1.7639203330867714;0.0;Infinity;0;C
user-I050582_session-9E660CDDDD20A34952D94F30C37A47CC7CAA6D82FDC1E2C23E4317D98C53AFFD_analysis-3.csv;user-I050582;2;-1487915358;5;true;1.7639203330867714;0.0;Infinity;0;C
user-I050582_session-9E660CDDDD20A34952D94F30C37A47CC7CAA6D82FDC1E2C23E4317D98C53AFFD_analysis-3.csv;user-I050582;2;-1487915357;4;true;0.5923787057543387;0.0;Infinity;0;C
user-I050582_session-9E660CDDDD20A34952D94F30C37A47CC7CAA6D82FDC1E2C23E4317D98C53AFFD_analysis-3.csv;user-I050582;2;302447685;4;true;-0.7249547685350191;0.0;Infinity;0;C
user-I050582_session-9E660CDDDD20A34952D94F30C37A47CC7CAA6D82FDC1E2C23E4317D98C53AFFD_analysis-3.csv;user-I050582;2;323348713;3;true;0.30773748074319945;0.0;Infinity;0;C
user-I050582_session-9E660CDDDD20A34952D94F30C37A47CC7CAA6D82FDC1E2C23E4317D98C53AFFD_analysis-3.csv;user-I050582;2;323348712;4;true;0.30773748074319945;0.0;Infinity;0;C
user-I050582_session-9E660CDDDD20A34952D94F30C37A47CC7CAA6D82FDC1E2C23E4317D98C53AFFD_analysis-3.csv;user-I050582;2;302447687;3;true;-0.7249547685350191;0.0;Infinity;0;C
user-I050582_session-9E660CDDDD20A34952D94F30C37A47CC7CAA6D82FDC1E2C23E4317D98C53AFFD_analysis-3.csv;user-I050582;2;302447686;4;true;-0.7249547685350191;0.0;Infinity;0;C
user-I050582_session-9E660CDDDD20A34952D94F30C37A47CC7CAA6D82FDC1E2C23E4317D98C53AFFD_analysis-3.csv;user-I050582;2;323348714;4;true;0.10814149979026647;0.0;Infinity;0;C
user-I050582_session-9E660CDDDD20A34952D94F30C37A47CC7CAA6D82FDC1E2C23E4317D98C53AFFD_analysis-3.csv;user-I050582;2;-1487915361;3;true;1.7639203330867714;0.0;Infinity;0;C
user-I050582_session-9E660CDDDD20A34952D94F30C37A47CC7CAA6D82FDC1E2C23E4317D98C53AFFD_analysis-3.csv;user-I050582;2;-1487915362;4;true;1.7639203330867714;0.0;Infinity;0;C
user-I050582_session-9E660CDDDD20A34952D94F30C37A47CC7CAA6D82FDC1E2C23E4317D98C53AFFD_analysis-3.csv;user-I050582;2;-1556043202;3;true;-0.016822940458526364;0.0;Infinity;0;C
user-I050582_session-9E660CDDDD20A34952D94F30C37A47CC7CAA6D82FDC1E2C23E4317D98C53AFFD_analysis-3.csv;user-I050582;2;-1556043201;4;true;-0.016822940458526364;0.0;Infinity;0;C
user-I050582_session-9E660CDDDD20A34952D94F30C37A47CC7CAA6D82FDC1E2C23E4317D98C53AFFD_analysis-3.csv;user-I050582;2;-1556043204;4;true;-0.016822940458526364;0.0;Infinity;0;C
user-I050582_session-9E660CDDDD20A34952D94F30C37A47CC7CAA6D82FDC1E2C23E4317D98C53AFFD_analysis-3.csv;user-I050582;2;-1556043203;4;true;-0.016822940458526364;0.0;Infinity;0;C
user-I050582_session-9E660CDDDD20A34952D94F30C37A47CC7CAA6D82FDC1E2C23E4317D98C53AFFD_analysis-3.csv;user-I050582;2;302447689;4;true;-0.7249547685350191;0.0;Infinity;0;C
user-I050582_session-9E660CDDDD20A34952D94F30C37A47CC7CAA6D82FDC1E2C23E4317D98C53AFFD_analysis-3.csv;user-I050582;2;323348709;4;true;0.30773748074319945;0.0;Infinity;0;C
user-I050582_session-9E660CDDDD20A34952D94F30C37A47CC7CAA6D82FDC1E2C23E4317D98C53AFFD_analysis-3.csv;user-I050582;2;302447688;3;true;-0.7249547685350191;0.0;Infinity;0;C
user-I050582_session-9E660CDDDD20A34952D94F30C37A47CC7CAA6D82FDC1E2C23E4317D98C53AFFD_analysis-3.csv;user-I050582;2;-1556043205;3;true;-0.016822940458526364;0.0;Infinity;0;C
user-I050582_session-9E660CDDDD20A34952D94F30C37A47CC7CAA6D82FDC1E2C23E4317D98C53AFFD_analysis-3.csv;user-I050582;2;323348711;4;true;0.30773748074319945;0.0;Infinity;0;C
user-I050582_session-9E660CDDDD20A34952D94F30C37A47CC7CAA6D82FDC1E2C23E4317D98C53AFFD_analysis-3.csv;user-I050582;2;302447690;3;true;-1.1805542902754096;0.0;Infinity;0;C
user-I050582_session-9E660CDDDD20A34952D94F30C37A47CC7CAA6D82FDC1E2C23E4317D98C53AFFD_analysis-3.csv;user-I050582;2;323348710;4;true;0.30773748074319945;0.0;Infinity;0;C
user-I050582_session-9E660CDDDD20A34952D94F30C37A47CC7CAA6D82FDC1E2C23E4317D98C53AFFD_analysis-3.csv;user-I050582;2;232102403;3;true;-1.13542824240779;0.0;Infinity;0;C
user-I050582_session-9E660CDDDD20A34952D94F30C37A47CC7CAA6D82FDC1E2C23E4317D98C53AFFD_analysis-3.csv;user-I050582;2;232102402;6;true;-1.13542824240779;0.0;Infinity;0;C
user-I050582_session-9E660CDDDD20A34952D94F30C37A47CC7CAA6D82FDC1E2C23E4317D98C53AFFD_analysis-3.csv;user-I050582;2;232102401;4;true;-1.13542824240779;0.0;Infinity;0;C
user-I050582_session-9E660CDDDD20A34952D94F30C37A47CC7CAA6D82FDC1E2C23E4317D98C53AFFD_analysis-3.csv;user-I050582;2;232102400;3;true;-1.13542824240779;0.0;Infinity;0;C
user-I050582_session-9E660CDDDD20A34952D94F30C37A47CC7CAA6D82FDC1E2C23E4317D98C53AFFD_analysis-3.csv;user-I050582;2;232102404;4;true;-1.13542824240779;0.0;Infinity;0;C
user-I050582_session-9E660CDDDD20A34952D94F30C37A47CC7CAA6D82FDC1E2C23E4317D98C53AFFD_analysis-3.csv;user-I050582;2;785271233;4;true;-0.004673619878782618;0.0;Infinity;0;C
user-I050582_session-9E660CDDDD20A34952D94F30C37A47CC7CAA6D82FDC1E2C23E4317D98C53AFFD_analysis-3.csv;user-I050582;2;785271232;4;true;0.4465868587974137;0.0;Infinity;0;C
user-I050582_session-9E660CDDDD20A34952D94F30C37A47CC7CAA6D82FDC1E2C23E4317D98C53AFFD_analysis-3.csv;user-I050582;3;785271228;4;true;0.4465868587974137;0.0;Infinity;0;C
user-I050582_session-9E660CDDDD20A34952D94F30C37A47CC7CAA6D82FDC1E2C23E4317D98C53AFFD_analysis-3.csv;user-I050582;3;785271229;3;true;0.4465868587974137;0.0;Infinity;0;C
user-I050582_session-9E660CDDDD20A34952D94F30C37A47CC7CAA6D82FDC1E2C23E4317D98C53AFFD_analysis-3.csv;user-I050582;3;785271230;4;true;0.4465868587974137;0.0;Infinity;0;C
user-I050582_session-9E660CDDDD20A34952D94F30C37A47CC7CAA6D82FDC1E2C23E4317D98C53AFFD_analysis-3.csv;user-I050582;3;785271231;4;true;0.4465868587974137;0.0;Infinity;0;C
user-I050582_session-9E660CDDDD20A34952D94F30C37A47CC7CAA6D82FDC1E2C23E4317D98C53AFFD_analysis-3.csv;user-I050582;3;-1556043200;6;true;-0.06889145722885671;0.0;Infinity;0;C
user-I050582_session-9E660CDDDD20A34952D94F30C37A47CC7CAA6D82FDC1E2C23E4317D98C53AFFD_analysis-3.csv;user-I050582;3;-1798579006;4;true;-0.8568616776865227;0.0;Infinity;0;C
user-I050582_session-9E660CDDDD20A34952D94F30C37A47CC7CAA6D82FDC1E2C23E4317D98C53AFFD_analysis-3.csv;user-I050582;3;-1798579005;4;true;-0.8568616776865227;0.0;Infinity;0;C
user-I050582_session-9E660CDDDD20A34952D94F30C37A47CC7CAA6D82FDC1E2C23E4317D98C53AFFD_analysis-3.csv;user-I050582;3;-1798579004;4;true;-0.8568616776865227;0.0;Infinity;0;C
user-I050582_session-9E660CDDDD20A34952D94F30C37A47CC7CAA6D82FDC1E2C23E4317D98C53AFFD_analysis-3.csv;user-I050582;3;-1798579003;4;true;-0.8568616776865227;0.0;Infinity;0;C
user-I050582_session-9E660CDDDD20A34952D94F30C37A47CC7CAA6D82FDC1E2C23E4317D98C53AFFD_analysis-3.csv;user-I050582;3;-1798579002;5;true;-0.8568616776865227;0.0;Infinity;0;C
user-I050582_session-9E660CDDDD20A34952D94F30C37A47CC7CAA6D82FDC1E2C23E4317D98C53AFFD_analysis-3.csv;user-I050582;3;-1798579001;4;true;-0.8568616776865227;0.0;Infinity;0;C
user-I050582_session-9E660CDDDD20A34952D94F30C37A47CC7CAA6D82FDC1E2C23E4317D98C53AFFD_analysis-3.csv;user-I050582;3;849332784;4;true;2.0867451370628194;0.0;Infinity;0;C
user-I050582_session-9E660CDDDD20A34952D94F30C37A47CC7CAA6D82FDC1E2C23E4317D98C53AFFD_analysis-3.csv;user-I050582;3;849332785;3;true;1.7743340364408375;0.0;Infinity;0;C
user-I050582_session-9E660CDDDD20A34952D94F30C37A47CC7CAA6D82FDC1E2C23E4317D98C53AFFD_analysis-3.csv;user-I050582;3;-1344607825;4;true;-1.1310891993435959;0.0;Infinity;0;C
user-I050582_session-9E660CDDDD20A34952D94F30C37A47CC7CAA6D82FDC1E2C23E4317D98C53AFFD_analysis-3.csv;user-I050582;3;-1344607824;4;true;-1.1310891993435959;0.0;Infinity;0;C
user-I050582_session-9E660CDDDD20A34952D94F30C37A47CC7CAA6D82FDC1E2C23E4317D98C53AFFD_analysis-3.csv;user-I050582;3;159140153;5;true;0.7477164474524909;0.0;Infinity;0;C
user-I050582_session-9E660CDDDD20A34952D94F30C37A47CC7CAA6D82FDC1E2C23E4317D98C53AFFD_analysis-3.csv;user-I050582;3;-1344607823;4;true;-1.1310891993435959;0.0;Infinity;0;C
user-I050582_session-9E660CDDDD20A34952D94F30C37A47CC7CAA6D82FDC1E2C23E4317D98C53AFFD_analysis-3.csv;user-I050582;3;159140152;3;true;1.0471104188818903;0.0;Infinity;0;C
user-I050582_session-9E660CDDDD20A34952D94F30C37A47CC7CAA6D82FDC1E2C23E4317D98C53AFFD_analysis-3.csv;user-I050582;3;-1344607822;4;true;-1.1310891993435959;0.0;Infinity;0;C
user-I050582_session-9E660CDDDD20A34952D94F30C37A47CC7CAA6D82FDC1E2C23E4317D98C53AFFD_analysis-3.csv;user-I050582;3;-1344607821;4;true;-1.1310891993435959;0.0;Infinity;0;C
user-I050582_session-9E660CDDDD20A34952D94F30C37A47CC7CAA6D82FDC1E2C23E4317D98C53AFFD_analysis-3.csv;user-I050582;3;-1344607820;4;true;-1.1310891993435959;0.0;Infinity;0;C
user-I050582_session-9E660CDDDD20A34952D94F30C37A47CC7CAA6D82FDC1E2C23E4317D98C53AFFD_analysis-3.csv;user-I050582;3;785263766;3;true;0.4986553755677441;0.0;Infinity;0;C
user-I050582_session-9E660CDDDD20A34952D94F30C37A47CC7CAA6D82FDC1E2C23E4317D98C53AFFD_analysis-3.csv;user-I050582;3;849332783;3;true;2.0867451370628194;0.0;Infinity;0;C
user-I050582_session-9E660CDDDD20A34952D94F30C37A47CC7CAA6D82FDC1E2C23E4317D98C53AFFD_analysis-3.csv;user-I050582;3;232102399;3;true;-1.13542824240779;0.0;Infinity;0;C
user-I050582_session-9E660CDDDD20A34952D94F30C37A47CC7CAA6D82FDC1E2C23E4317D98C53AFFD_analysis-3.csv;user-I050582;3;785263767;4;true;0.4986553755677441;0.0;Infinity;0;C
user-I050582_session-9E660CDDDD20A34952D94F30C37A47CC7CAA6D82FDC1E2C23E4317D98C53AFFD_analysis-3.csv;user-I050582;3;849332782;4;true;2.0867451370628194;0.0;Infinity;0;C
user-I050582_session-9E660CDDDD20A34952D94F30C37A47CC7CAA6D82FDC1E2C23E4317D98C53AFFD_analysis-3.csv;user-I050582;3;849332781;4;true;2.0867451370628194;0.0;Infinity;0;C
user-I050582_session-9E660CDDDD20A34952D94F30C37A47CC7CAA6D82FDC1E2C23E4317D98C53AFFD_analysis-3.csv;user-I050582;3;849332780;4;true;2.0867451370628194;0.0;Infinity;0;C
user-I050582_session-9E660CDDDD20A34952D94F30C37A47CC7CAA6D82FDC1E2C23E4317D98C53AFFD_analysis-3.csv;user-I050582;3;785263765;3;true;0.4986553755677441;0.0;Infinity;0;C
user-I050582_session-9E660CDDDD20A34952D94F30C37A47CC7CAA6D82FDC1E2C23E4317D98C53AFFD_analysis-3.csv;user-I050582;3;785263770;4;true;-0.26501620373043433;0.0;Infinity;0;C
user-I050582_session-9E660CDDDD20A34952D94F30C37A47CC7CAA6D82FDC1E2C23E4317D98C53AFFD_analysis-3.csv;user-I050582;3;-747072573;3;true;-0.8898384049743985;0.0;Infinity;0;C
user-I050582_session-9E660CDDDD20A34952D94F30C37A47CC7CAA6D82FDC1E2C23E4317D98C53AFFD_analysis-3.csv;user-I050582;3;91012309;3;true;-0.03851815577949734;0.0;Infinity;0;C
user-I050582_session-9E660CDDDD20A34952D94F30C37A47CC7CAA6D82FDC1E2C23E4317D98C53AFFD_analysis-3.csv;user-I050582;3;-747072574;3;true;-0.8898384049743985;0.0;Infinity;0;C
user-I050582_session-9E660CDDDD20A34952D94F30C37A47CC7CAA6D82FDC1E2C23E4317D98C53AFFD_analysis-3.csv;user-I050582;3;91012308;4;true;-0.03851815577949734;0.0;Infinity;0;C
user-I050582_session-9E660CDDDD20A34952D94F30C37A47CC7CAA6D82FDC1E2C23E4317D98C53AFFD_analysis-3.csv;user-I050582;3;785263768;3;true;0.4986553755677441;0.0;Infinity;0;C
user-I050582_session-9E660CDDDD20A34952D94F30C37A47CC7CAA6D82FDC1E2C23E4317D98C53AFFD_analysis-3.csv;user-I050582;3;-747072575;3;true;-0.8898384049743985;0.0;Infinity;0;C
user-I050582_session-9E660CDDDD20A34952D94F30C37A47CC7CAA6D82FDC1E2C23E4317D98C53AFFD_analysis-3.csv;user-I050582;3;785263769;3;true;0.4986553755677441;0.0;Infinity;0;C
user-I050582_session-9E660CDDDD20A34952D94F30C37A47CC7CAA6D82FDC1E2C23E4317D98C53AFFD_analysis-3.csv;user-I050582;3;-747072576;5;true;-0.8898384049743985;0.0;Infinity;0;C
user-I050582_session-9E660CDDDD20A34952D94F30C37A47CC7CAA6D82FDC1E2C23E4317D98C53AFFD_analysis-3.csv;user-I050582;3;91012310;3;true;-0.1747641079951951;0.0;Infinity;0;C
user-I050582_session-9E660CDDDD20A34952D94F30C37A47CC7CAA6D82FDC1E2C23E4317D98C53AFFD_analysis-3.csv;user-I050582;3;159140149;3;true;1.0471104188818903;0.0;Infinity;0;C
user-I050582_session-9E660CDDDD20A34952D94F30C37A47CC7CAA6D82FDC1E2C23E4317D98C53AFFD_analysis-3.csv;user-I050582;3;91012305;4;true;-0.03851815577949734;0.0;Infinity;0;C
user-I050582_session-9E660CDDDD20A34952D94F30C37A47CC7CAA6D82FDC1E2C23E4317D98C53AFFD_analysis-3.csv;user-I050582;3;159140148;5;true;1.0471104188818903;0.0;Infinity;0;C
user-I050582_session-9E660CDDDD20A34952D94F30C37A47CC7CAA6D82FDC1E2C23E4317D98C53AFFD_analysis-3.csv;user-I050582;3;-747072571;4;true;-0.8898384049743985;0.0;Infinity;0;C
user-I050582_session-9E660CDDDD20A34952D94F30C37A47CC7CAA6D82FDC1E2C23E4317D98C53AFFD_analysis-3.csv;user-I050582;3;159140151;3;true;1.0471104188818903;0.0;Infinity;0;C
user-I050582_session-9E660CDDDD20A34952D94F30C37A47CC7CAA6D82FDC1E2C23E4317D98C53AFFD_analysis-3.csv;user-I050582;3;91012307;4;true;-0.03851815577949734;0.0;Infinity;0;C
user-I050582_session-9E660CDDDD20A34952D94F30C37A47CC7CAA6D82FDC1E2C23E4317D98C53AFFD_analysis-3.csv;user-I050582;3;-747072572;3;true;-0.8898384049743985;0.0;Infinity;0;C
user-I050582_session-9E660CDDDD20A34952D94F30C37A47CC7CAA6D82FDC1E2C23E4317D98C53AFFD_analysis-3.csv;user-I050582;3;159140150;4;true;1.0471104188818903;0.0;Infinity;0;C
user-I050582_session-9E660CDDDD20A34952D94F30C37A47CC7CAA6D82FDC1E2C23E4317D98C53AFFD_analysis-3.csv;user-I050582;3;91012306;4;true;-0.03851815577949734;0.0;Infinity;0;C
user-I050582_session-9E660CDDDD20A34952D94F30C37A47CC7CAA6D82FDC1E2C23E4317D98C53AFFD_analysis-3.csv;user-I050582;3;-1414953111;4;true;-0.860332912137878;0.0;Infinity;0;C
user-I050582_session-9E660CDDDD20A34952D94F30C37A47CC7CAA6D82FDC1E2C23E4317D98C53AFFD_analysis-3.csv;user-I050582;3;-1414953110;4;true;-0.860332912137878;0.0;Infinity;0;C
user-I050582_session-9E660CDDDD20A34952D94F30C37A47CC7CAA6D82FDC1E2C23E4317D98C53AFFD_analysis-3.csv;user-I050582;3;-1414953109;4;true;-0.860332912137878;0.0;Infinity;0;C
user-I050582_session-9E660CDDDD20A34952D94F30C37A47CC7CAA6D82FDC1E2C23E4317D98C53AFFD_analysis-3.csv;user-I050582;3;-1414953108;4;true;-0.860332912137878;0.0;Infinity;0;C
user-I050582_session-9E660CDDDD20A34952D94F30C37A47CC7CAA6D82FDC1E2C23E4317D98C53AFFD_analysis-3.csv;user-I050582;3;-1414953107;3;true;-0.860332912137878;0.0;Infinity;0;C
user-I050582_session-9E660CDDDD20A34952D94F30C37A47CC7CAA6D82FDC1E2C23E4317D98C53AFFD_analysis-3.csv;user-I050582;3;-1487915360;4;true;1.7639203330867714;0.0;Infinity;0;C
user-I050582_session-9E660CDDDD20A34952D94F30C37A47CC7CAA6D82FDC1E2C23E4317D98C53AFFD_analysis-3.csv;user-I050582;3;-1487915359;3;true;1.7639203330867714;0.0;Infinity;0;C
user-I050582_session-9E660CDDDD20A34952D94F30C37A47CC7CAA6D82FDC1E2C23E4317D98C53AFFD_analysis-3.csv;user-I050582;3;-1487915358;3;true;1.7639203330867714;0.0;Infinity;0;C
user-I050582_session-9E660CDDDD20A34952D94F30C37A47CC7CAA6D82FDC1E2C23E4317D98C53AFFD_analysis-3.csv;user-I050582;3;-1487915357;4;true;0.5923787057543387;0.0;Infinity;0;C
user-I050582_session-9E660CDDDD20A34952D94F30C37A47CC7CAA6D82FDC1E2C23E4317D98C53AFFD_analysis-3.csv;user-I050582;3;302447685;3;true;-0.7249547685350191;0.0;Infinity;0;C
user-I050582_session-9E660CDDDD20A34952D94F30C37A47CC7CAA6D82FDC1E2C23E4317D98C53AFFD_analysis-3.csv;user-I050582;3;323348713;3;true;0.30773748074319945;0.0;Infinity;0;C
user-I050582_session-9E660CDDDD20A34952D94F30C37A47CC7CAA6D82FDC1E2C23E4317D98C53AFFD_analysis-3.csv;user-I050582;3;323348712;3;true;0.30773748074319945;0.0;Infinity;0;C
user-I050582_session-9E660CDDDD20A34952D94F30C37A47CC7CAA6D82FDC1E2C23E4317D98C53AFFD_analysis-3.csv;user-I050582;3;302447687;4;true;-0.7249547685350191;0.0;Infinity;0;C
user-I050582_session-9E660CDDDD20A34952D94F30C37A47CC7CAA6D82FDC1E2C23E4317D98C53AFFD_analysis-3.csv;user-I050582;3;302447686;3;true;-0.7249547685350191;0.0;Infinity;0;C
user-I050582_session-9E660CDDDD20A34952D94F30C37A47CC7CAA6D82FDC1E2C23E4317D98C53AFFD_analysis-3.csv;user-I050582;3;323348714;3;true;0.10814149979026647;0.0;Infinity;0;C
user-I050582_session-9E660CDDDD20A34952D94F30C37A47CC7CAA6D82FDC1E2C23E4317D98C53AFFD_analysis-3.csv;user-I050582;3;-1487915361;3;true;1.7639203330867714;0.0;Infinity;0;C
user-I050582_session-9E660CDDDD20A34952D94F30C37A47CC7CAA6D82FDC1E2C23E4317D98C53AFFD_analysis-3.csv;user-I050582;3;-1487915362;4;true;1.7639203330867714;0.0;Infinity;0;C
user-I050582_session-9E660CDDDD20A34952D94F30C37A47CC7CAA6D82FDC1E2C23E4317D98C53AFFD_analysis-3.csv;user-I050582;3;-1556043202;3;true;-0.016822940458526364;0.0;Infinity;0;C
user-I050582_session-9E660CDDDD20A34952D94F30C37A47CC7CAA6D82FDC1E2C23E4317D98C53AFFD_analysis-3.csv;user-I050582;3;-1556043201;3;true;-0.016822940458526364;0.0;Infinity;0;C
user-I050582_session-9E660CDDDD20A34952D94F30C37A47CC7CAA6D82FDC1E2C23E4317D98C53AFFD_analysis-3.csv;user-I050582;3;-1556043204;7;true;-0.016822940458526364;0.0;Infinity;0;C
user-I050582_session-9E660CDDDD20A34952D94F30C37A47CC7CAA6D82FDC1E2C23E4317D98C53AFFD_analysis-3.csv;user-I050582;3;-1556043203;4;true;-0.016822940458526364;0.0;Infinity;0;C
user-I050582_session-9E660CDDDD20A34952D94F30C37A47CC7CAA6D82FDC1E2C23E4317D98C53AFFD_analysis-3.csv;user-I050582;3;302447689;3;true;-0.7249547685350191;0.0;Infinity;0;C
user-I050582_session-9E660CDDDD20A34952D94F30C37A47CC7CAA6D82FDC1E2C23E4317D98C53AFFD_analysis-3.csv;user-I050582;3;323348709;3;true;0.30773748074319945;0.0;Infinity;0;C
user-I050582_session-9E660CDDDD20A34952D94F30C37A47CC7CAA6D82FDC1E2C23E4317D98C53AFFD_analysis-3.csv;user-I050582;3;302447688;4;true;-0.7249547685350191;0.0;Infinity;0;C
user-I050582_session-9E660CDDDD20A34952D94F30C37A47CC7CAA6D82FDC1E2C23E4317D98C53AFFD_analysis-3.csv;user-I050582;3;-1556043205;3;true;-0.016822940458526364;0.0;Infinity;0;C
user-I050582_session-9E660CDDDD20A34952D94F30C37A47CC7CAA6D82FDC1E2C23E4317D98C53AFFD_analysis-3.csv;user-I050582;3;323348711;3;true;0.30773748074319945;0.0;Infinity;0;C
user-I050582_session-9E660CDDDD20A34952D94F30C37A47CC7CAA6D82FDC1E2C23E4317D98C53AFFD_analysis-3.csv;user-I050582;3;302447690;4;true;-1.1805542902754096;0.0;Infinity;0;C
user-I050582_session-9E660CDDDD20A34952D94F30C37A47CC7CAA6D82FDC1E2C23E4317D98C53AFFD_analysis-3.csv;user-I050582;3;323348710;3;true;0.30773748074319945;0.0;Infinity;0;C
user-I050582_session-9E660CDDDD20A34952D94F30C37A47CC7CAA6D82FDC1E2C23E4317D98C53AFFD_analysis-3.csv;user-I050582;3;232102403;3;true;-1.13542824240779;0.0;Infinity;0;C
user-I050582_session-9E660CDDDD20A34952D94F30C37A47CC7CAA6D82FDC1E2C23E4317D98C53AFFD_analysis-3.csv;user-I050582;3;232102402;3;true;-1.13542824240779;0.0;Infinity;0;C
user-I050582_session-9E660CDDDD20A34952D94F30C37A47CC7CAA6D82FDC1E2C23E4317D98C53AFFD_analysis-3.csv;user-I050582;3;232102401;3;true;-1.13542824240779;0.0;Infinity;0;C
user-I050582_session-9E660CDDDD20A34952D94F30C37A47CC7CAA6D82FDC1E2C23E4317D98C53AFFD_analysis-3.csv;user-I050582;3;232102400;4;true;-1.13542824240779;0.0;Infinity;0;C
user-I050582_session-9E660CDDDD20A34952D94F30C37A47CC7CAA6D82FDC1E2C23E4317D98C53AFFD_analysis-3.csv;user-I050582;3;232102404;3;true;-1.13542824240779;0.0;Infinity;0;C
user-I050582_session-9E660CDDDD20A34952D94F30C37A47CC7CAA6D82FDC1E2C23E4317D98C53AFFD_analysis-3.csv;user-I050582;3;785271233;3;true;-0.004673619878782618;0.0;Infinity;0;C
user-I050582_session-9E660CDDDD20A34952D94F30C37A47CC7CAA6D82FDC1E2C23E4317D98C53AFFD_analysis-3.csv;user-I050582;3;785271232;3;true;0.4465868587974137;0.0;Infinity;0;C
user-I050582_session-9E660CDDDD20A34952D94F30C37A47CC7CAA6D82FDC1E2C23E4317D98C53AFFD_analysis-3.csv;user-I050582;4;785271228;3;true;0.4465868587974137;0.0;Infinity;1;C
user-I050582_session-9E660CDDDD20A34952D94F30C37A47CC7CAA6D82FDC1E2C23E4317D98C53AFFD_analysis-3.csv;user-I050582;4;785271229;4;true;0.4465868587974137;0.0;Infinity;1;C
user-I050582_session-9E660CDDDD20A34952D94F30C37A47CC7CAA6D82FDC1E2C23E4317D98C53AFFD_analysis-3.csv;user-I050582;4;785271230;3;true;0.4465868587974137;0.0;Infinity;1;C
user-I050582_session-9E660CDDDD20A34952D94F30C37A47CC7CAA6D82FDC1E2C23E4317D98C53AFFD_analysis-3.csv;user-I050582;4;785271231;3;true;0.4465868587974137;0.0;Infinity;1;C
user-I050582_session-9E660CDDDD20A34952D94F30C37A47CC7CAA6D82FDC1E2C23E4317D98C53AFFD_analysis-3.csv;user-I050582;4;-1556043200;3;true;-0.06889145722885671;0.0;Infinity;1;C
user-I050582_session-9E660CDDDD20A34952D94F30C37A47CC7CAA6D82FDC1E2C23E4317D98C53AFFD_analysis-3.csv;user-I050582;4;-1798579006;4;true;-0.8568616776865227;0.0;Infinity;1;C
user-I050582_session-9E660CDDDD20A34952D94F30C37A47CC7CAA6D82FDC1E2C23E4317D98C53AFFD_analysis-3.csv;user-I050582;4;-1798579005;3;true;-0.8568616776865227;0.0;Infinity;1;C
user-I050582_session-9E660CDDDD20A34952D94F30C37A47CC7CAA6D82FDC1E2C23E4317D98C53AFFD_analysis-3.csv;user-I050582;4;-1798579004;4;true;-0.8568616776865227;0.0;Infinity;1;C
user-I050582_session-9E660CDDDD20A34952D94F30C37A47CC7CAA6D82FDC1E2C23E4317D98C53AFFD_analysis-3.csv;user-I050582;4;-1798579003;3;true;-0.8568616776865227;0.0;Infinity;1;C
user-I050582_session-9E660CDDDD20A34952D94F30C37A47CC7CAA6D82FDC1E2C23E4317D98C53AFFD_analysis-3.csv;user-I050582;4;-1798579002;4;true;-0.8568616776865227;0.0;Infinity;1;C
user-I050582_session-9E660CDDDD20A34952D94F30C37A47CC7CAA6D82FDC1E2C23E4317D98C53AFFD_analysis-3.csv;user-I050582;4;-1798579001;3;true;-0.8568616776865227;0.0;Infinity;1;C
user-I050582_session-9E660CDDDD20A34952D94F30C37A47CC7CAA6D82FDC1E2C23E4317D98C53AFFD_analysis-3.csv;user-I050582;4;849332784;3;true;2.0867451370628194;0.0;Infinity;1;C
user-I050582_session-9E660CDDDD20A34952D94F30C37A47CC7CAA6D82FDC1E2C23E4317D98C53AFFD_analysis-3.csv;user-I050582;4;849332785;3;true;1.7743340364408375;0.0;Infinity;1;C
user-I050582_session-9E660CDDDD20A34952D94F30C37A47CC7CAA6D82FDC1E2C23E4317D98C53AFFD_analysis-3.csv;user-I050582;4;-1344607825;4;true;-1.1310891993435959;0.0;Infinity;1;C
user-I050582_session-9E660CDDDD20A34952D94F30C37A47CC7CAA6D82FDC1E2C23E4317D98C53AFFD_analysis-3.csv;user-I050582;4;-1344607824;3;true;-1.1310891993435959;0.0;Infinity;1;C
user-I050582_session-9E660CDDDD20A34952D94F30C37A47CC7CAA6D82FDC1E2C23E4317D98C53AFFD_analysis-3.csv;user-I050582;4;159140153;4;true;0.7477164474524909;0.0;Infinity;1;C
user-I050582_session-9E660CDDDD20A34952D94F30C37A47CC7CAA6D82FDC1E2C23E4317D98C53AFFD_analysis-3.csv;user-I050582;4;-1344607823;4;true;-1.1310891993435959;0.0;Infinity;1;C
user-I050582_session-9E660CDDDD20A34952D94F30C37A47CC7CAA6D82FDC1E2C23E4317D98C53AFFD_analysis-3.csv;user-I050582;4;159140152;3;true;1.0471104188818903;0.0;Infinity;1;C
user-I050582_session-9E660CDDDD20A34952D94F30C37A47CC7CAA6D82FDC1E2C23E4317D98C53AFFD_analysis-3.csv;user-I050582;4;-1344607822;4;true;-1.1310891993435959;0.0;Infinity;1;C
user-I050582_session-9E660CDDDD20A34952D94F30C37A47CC7CAA6D82FDC1E2C23E4317D98C53AFFD_analysis-3.csv;user-I050582;4;-1344607821;4;true;-1.1310891993435959;0.0;Infinity;1;C
user-I050582_session-9E660CDDDD20A34952D94F30C37A47CC7CAA6D82FDC1E2C23E4317D98C53AFFD_analysis-3.csv;user-I050582;4;-1344607820;3;true;-1.1310891993435959;0.0;Infinity;1;C
user-I050582_session-9E660CDDDD20A34952D94F30C37A47CC7CAA6D82FDC1E2C23E4317D98C53AFFD_analysis-3.csv;user-I050582;4;785263766;4;true;0.4986553755677441;0.0;Infinity;1;C
user-I050582_session-9E660CDDDD20A34952D94F30C37A47CC7CAA6D82FDC1E2C23E4317D98C53AFFD_analysis-3.csv;user-I050582;4;849332783;3;true;2.0867451370628194;0.0;Infinity;1;C
user-I050582_session-9E660CDDDD20A34952D94F30C37A47CC7CAA6D82FDC1E2C23E4317D98C53AFFD_analysis-3.csv;user-I050582;4;232102399;3;true;-1.13542824240779;0.0;Infinity;1;C
user-I050582_session-9E660CDDDD20A34952D94F30C37A47CC7CAA6D82FDC1E2C23E4317D98C53AFFD_analysis-3.csv;user-I050582;4;785263767;3;true;0.4986553755677441;0.0;Infinity;1;C
user-I050582_session-9E660CDDDD20A34952D94F30C37A47CC7CAA6D82FDC1E2C23E4317D98C53AFFD_analysis-3.csv;user-I050582;4;849332782;4;true;2.0867451370628194;0.0;Infinity;1;C
user-I050582_session-9E660CDDDD20A34952D94F30C37A47CC7CAA6D82FDC1E2C23E4317D98C53AFFD_analysis-3.csv;user-I050582;4;849332781;3;true;2.0867451370628194;0.0;Infinity;1;C
user-I050582_session-9E660CDDDD20A34952D94F30C37A47CC7CAA6D82FDC1E2C23E4317D98C53AFFD_analysis-3.csv;user-I050582;4;849332780;3;true;2.0867451370628194;0.0;Infinity;1;C
user-I050582_session-9E660CDDDD20A34952D94F30C37A47CC7CAA6D82FDC1E2C23E4317D98C53AFFD_analysis-3.csv;user-I050582;4;785263765;4;true;0.4986553755677441;0.0;Infinity;1;C
user-I050582_session-9E660CDDDD20A34952D94F30C37A47CC7CAA6D82FDC1E2C23E4317D98C53AFFD_analysis-3.csv;user-I050582;4;785263770;4;true;-0.26501620373043433;0.0;Infinity;1;C
user-I050582_session-9E660CDDDD20A34952D94F30C37A47CC7CAA6D82FDC1E2C23E4317D98C53AFFD_analysis-3.csv;user-I050582;4;-747072573;4;true;-0.8898384049743985;0.0;Infinity;1;C
user-I050582_session-9E660CDDDD20A34952D94F30C37A47CC7CAA6D82FDC1E2C23E4317D98C53AFFD_analysis-3.csv;user-I050582;4;91012309;3;true;-0.03851815577949734;0.0;Infinity;1;C
user-I050582_session-9E660CDDDD20A34952D94F30C37A47CC7CAA6D82FDC1E2C23E4317D98C53AFFD_analysis-3.csv;user-I050582;4;-747072574;4;true;-0.8898384049743985;0.0;Infinity;1;C
user-I050582_session-9E660CDDDD20A34952D94F30C37A47CC7CAA6D82FDC1E2C23E4317D98C53AFFD_analysis-3.csv;user-I050582;4;91012308;4;true;-0.03851815577949734;0.0;Infinity;1;C
user-I050582_session-9E660CDDDD20A34952D94F30C37A47CC7CAA6D82FDC1E2C23E4317D98C53AFFD_analysis-3.csv;user-I050582;4;785263768;3;true;0.4986553755677441;0.0;Infinity;1;C
user-I050582_session-9E660CDDDD20A34952D94F30C37A47CC7CAA6D82FDC1E2C23E4317D98C53AFFD_analysis-3.csv;user-I050582;4;-747072575;4;true;-0.8898384049743985;0.0;Infinity;1;C
user-I050582_session-9E660CDDDD20A34952D94F30C37A47CC7CAA6D82FDC1E2C23E4317D98C53AFFD_analysis-3.csv;user-I050582;4;785263769;3;true;0.4986553755677441;0.0;Infinity;1;C
user-I050582_session-9E660CDDDD20A34952D94F30C37A47CC7CAA6D82FDC1E2C23E4317D98C53AFFD_analysis-3.csv;user-I050582;4;-747072576;4;true;-0.8898384049743985;0.0;Infinity;1;C
user-I050582_session-9E660CDDDD20A34952D94F30C37A47CC7CAA6D82FDC1E2C23E4317D98C53AFFD_analysis-3.csv;user-I050582;4;91012310;3;true;-0.1747641079951951;0.0;Infinity;1;C
user-I050582_session-9E660CDDDD20A34952D94F30C37A47CC7CAA6D82FDC1E2C23E4317D98C53AFFD_analysis-3.csv;user-I050582;4;159140149;4;true;1.0471104188818903;0.0;Infinity;1;C
user-I050582_session-9E660CDDDD20A34952D94F30C37A47CC7CAA6D82FDC1E2C23E4317D98C53AFFD_analysis-3.csv;user-I050582;4;91012305;3;true;-0.03851815577949734;0.0;Infinity;1;C
user-I050582_session-9E660CDDDD20A34952D94F30C37A47CC7CAA6D82FDC1E2C23E4317D98C53AFFD_analysis-3.csv;user-I050582;4;159140148;3;true;1.0471104188818903;0.0;Infinity;1;C
user-I050582_session-9E660CDDDD20A34952D94F30C37A47CC7CAA6D82FDC1E2C23E4317D98C53AFFD_analysis-3.csv;user-I050582;4;-747072571;3;true;-0.8898384049743985;0.0;Infinity;1;C
user-I050582_session-9E660CDDDD20A34952D94F30C37A47CC7CAA6D82FDC1E2C23E4317D98C53AFFD_analysis-3.csv;user-I050582;4;159140151;4;true;1.0471104188818903;0.0;Infinity;1;C
user-I050582_session-9E660CDDDD20A34952D94F30C37A47CC7CAA6D82FDC1E2C23E4317D98C53AFFD_analysis-3.csv;user-I050582;4;91012307;3;true;-0.03851815577949734;0.0;Infinity;1;C
user-I050582_session-9E660CDDDD20A34952D94F30C37A47CC7CAA6D82FDC1E2C23E4317D98C53AFFD_analysis-3.csv;user-I050582;4;-747072572;3;true;-0.8898384049743985;0.0;Infinity;1;C
user-I050582_session-9E660CDDDD20A34952D94F30C37A47CC7CAA6D82FDC1E2C23E4317D98C53AFFD_analysis-3.csv;user-I050582;4;159140150;3;true;1.0471104188818903;0.0;Infinity;1;C
user-I050582_session-9E660CDDDD20A34952D94F30C37A47CC7CAA6D82FDC1E2C23E4317D98C53AFFD_analysis-3.csv;user-I050582;4;91012306;4;true;-0.03851815577949734;0.0;Infinity;1;C
user-I050582_session-9E660CDDDD20A34952D94F30C37A47CC7CAA6D82FDC1E2C23E4317D98C53AFFD_analysis-3.csv;user-I050582;4;-1414953111;4;true;-0.860332912137878;0.0;Infinity;1;C
user-I050582_session-9E660CDDDD20A34952D94F30C37A47CC7CAA6D82FDC1E2C23E4317D98C53AFFD_analysis-3.csv;user-I050582;4;-1414953110;3;true;-0.860332912137878;0.0;Infinity;1;C
user-I050582_session-9E660CDDDD20A34952D94F30C37A47CC7CAA6D82FDC1E2C23E4317D98C53AFFD_analysis-3.csv;user-I050582;4;-1414953109;4;true;-0.860332912137878;0.0;Infinity;1;C
user-I050582_session-9E660CDDDD20A34952D94F30C37A47CC7CAA6D82FDC1E2C23E4317D98C53AFFD_analysis-3.csv;user-I050582;4;-1414953108;3;true;-0.860332912137878;0.0;Infinity;1;C
user-I050582_session-9E660CDDDD20A34952D94F30C37A47CC7CAA6D82FDC1E2C23E4317D98C53AFFD_analysis-3.csv;user-I050582;4;-1414953107;3;true;-0.860332912137878;0.0;Infinity;1;C
user-I050582_session-9E660CDDDD20A34952D94F30C37A47CC7CAA6D82FDC1E2C23E4317D98C53AFFD_analysis-3.csv;user-I050582;4;-1487915360;4;true;1.7639203330867714;0.0;Infinity;1;C
user-I050582_session-9E660CDDDD20A34952D94F30C37A47CC7CAA6D82FDC1E2C23E4317D98C53AFFD_analysis-3.csv;user-I050582;4;-1487915359;3;true;1.7639203330867714;0.0;Infinity;1;C
user-I050582_session-9E660CDDDD20A34952D94F30C37A47CC7CAA6D82FDC1E2C23E4317D98C53AFFD_analysis-3.csv;user-I050582;4;-1487915358;4;true;1.7639203330867714;0.0;Infinity;1;C
user-I050582_session-9E660CDDDD20A34952D94F30C37A47CC7CAA6D82FDC1E2C23E4317D98C53AFFD_analysis-3.csv;user-I050582;4;-1487915357;3;true;0.5923787057543387;0.0;Infinity;1;C
user-I050582_session-9E660CDDDD20A34952D94F30C37A47CC7CAA6D82FDC1E2C23E4317D98C53AFFD_analysis-3.csv;user-I050582;4;302447685;3;true;-0.7249547685350191;0.0;Infinity;1;C
user-I050582_session-9E660CDDDD20A34952D94F30C37A47CC7CAA6D82FDC1E2C23E4317D98C53AFFD_analysis-3.csv;user-I050582;4;323348713;4;true;0.30773748074319945;0.0;Infinity;1;C
user-I050582_session-9E660CDDDD20A34952D94F30C37A47CC7CAA6D82FDC1E2C23E4317D98C53AFFD_analysis-3.csv;user-I050582;4;323348712;3;true;0.30773748074319945;0.0;Infinity;1;C
user-I050582_session-9E660CDDDD20A34952D94F30C37A47CC7CAA6D82FDC1E2C23E4317D98C53AFFD_analysis-3.csv;user-I050582;4;302447687;3;true;-0.7249547685350191;0.0;Infinity;1;C
user-I050582_session-9E660CDDDD20A34952D94F30C37A47CC7CAA6D82FDC1E2C23E4317D98C53AFFD_analysis-3.csv;user-I050582;4;302447686;3;true;-0.7249547685350191;0.0;Infinity;1;C
user-I050582_session-9E660CDDDD20A34952D94F30C37A47CC7CAA6D82FDC1E2C23E4317D98C53AFFD_analysis-3.csv;user-I050582;4;323348714;3;true;0.10814149979026647;0.0;Infinity;1;C
user-I050582_session-9E660CDDDD20A34952D94F30C37A47CC7CAA6D82FDC1E2C23E4317D98C53AFFD_analysis-3.csv;user-I050582;4;-1487915361;3;true;1.7639203330867714;0.0;Infinity;1;C
user-I050582_session-9E660CDDDD20A34952D94F30C37A47CC7CAA6D82FDC1E2C23E4317D98C53AFFD_analysis-3.csv;user-I050582;4;-1487915362;3;true;1.7639203330867714;0.0;Infinity;1;C
user-I050582_session-9E660CDDDD20A34952D94F30C37A47CC7CAA6D82FDC1E2C23E4317D98C53AFFD_analysis-3.csv;user-I050582;4;-1556043202;3;true;-0.016822940458526364;0.0;Infinity;1;C
user-I050582_session-9E660CDDDD20A34952D94F30C37A47CC7CAA6D82FDC1E2C23E4317D98C53AFFD_analysis-3.csv;user-I050582;4;-1556043201;3;true;-0.016822940458526364;0.0;Infinity;1;C
user-I050582_session-9E660CDDDD20A34952D94F30C37A47CC7CAA6D82FDC1E2C23E4317D98C53AFFD_analysis-3.csv;user-I050582;4;-1556043204;3;true;-0.016822940458526364;0.0;Infinity;1;C
user-I050582_session-9E660CDDDD20A34952D94F30C37A47CC7CAA6D82FDC1E2C23E4317D98C53AFFD_analysis-3.csv;user-I050582;4;-1556043203;4;true;-0.016822940458526364;0.0;Infinity;1;C
user-I050582_session-9E660CDDDD20A34952D94F30C37A47CC7CAA6D82FDC1E2C23E4317D98C53AFFD_analysis-3.csv;user-I050582;4;302447689;3;true;-0.7249547685350191;0.0;Infinity;1;C
user-I050582_session-9E660CDDDD20A34952D94F30C37A47CC7CAA6D82FDC1E2C23E4317D98C53AFFD_analysis-3.csv;user-I050582;4;323348709;4;true;0.30773748074319945;0.0;Infinity;1;C
user-I050582_session-9E660CDDDD20A34952D94F30C37A47CC7CAA6D82FDC1E2C23E4317D98C53AFFD_analysis-3.csv;user-I050582;4;302447688;3;true;-0.7249547685350191;0.0;Infinity;1;C
user-I050582_session-9E660CDDDD20A34952D94F30C37A47CC7CAA6D82FDC1E2C23E4317D98C53AFFD_analysis-3.csv;user-I050582;4;-1556043205;3;true;-0.016822940458526364;0.0;Infinity;1;C
user-I050582_session-9E660CDDDD20A34952D94F30C37A47CC7CAA6D82FDC1E2C23E4317D98C53AFFD_analysis-3.csv;user-I050582;4;323348711;4;true;0.30773748074319945;0.0;Infinity;1;C
user-I050582_session-9E660CDDDD20A34952D94F30C37A47CC7CAA6D82FDC1E2C23E4317D98C53AFFD_analysis-3.csv;user-I050582;4;302447690;3;true;-1.1805542902754096;0.0;Infinity;1;C
user-I050582_session-9E660CDDDD20A34952D94F30C37A47CC7CAA6D82FDC1E2C23E4317D98C53AFFD_analysis-3.csv;user-I050582;4;323348710;3;true;0.30773748074319945;0.0;Infinity;1;C
user-I050582_session-9E660CDDDD20A34952D94F30C37A47CC7CAA6D82FDC1E2C23E4317D98C53AFFD_analysis-3.csv;user-I050582;4;232102403;4;true;-1.13542824240779;0.0;Infinity;1;C
user-I050582_session-9E660CDDDD20A34952D94F30C37A47CC7CAA6D82FDC1E2C23E4317D98C53AFFD_analysis-3.csv;user-I050582;4;232102402;4;true;-1.13542824240779;0.0;Infinity;1;C
user-I050582_session-9E660CDDDD20A34952D94F30C37A47CC7CAA6D82FDC1E2C23E4317D98C53AFFD_analysis-3.csv;user-I050582;4;232102401;4;true;-1.13542824240779;0.0;Infinity;1;C
user-I050582_session-9E660CDDDD20A34952D94F30C37A47CC7CAA6D82FDC1E2C23E4317D98C53AFFD_analysis-3.csv;user-I050582;4;232102400;5;true;-1.13542824240779;0.0;Infinity;1;C
user-I050582_session-9E660CDDDD20A34952D94F30C37A47CC7CAA6D82FDC1E2C23E4317D98C53AFFD_analysis-3.csv;user-I050582;4;232102404;5;true;-1.13542824240779;0.0;Infinity;1;C
user-I050582_session-9E660CDDDD20A34952D94F30C37A47CC7CAA6D82FDC1E2C23E4317D98C53AFFD_analysis-3.csv;user-I050582;4;785271233;4;true;-0.004673619878782618;0.0;Infinity;1;C
user-I050582_session-9E660CDDDD20A34952D94F30C37A47CC7CAA6D82FDC1E2C23E4317D98C53AFFD_analysis-3.csv;user-I050582;4;785271232;4;true;0.4465868587974137;0.0;Infinity;1;C
user-I050582_session-9E660CDDDD20A34952D94F30C37A47CC7CAA6D82FDC1E2C23E4317D98C53AFFD_analysis-3.csv;user-I050582;5;-1704064148;4;true;0.3763731685326996;0.0;Infinity;1;C
user-I050582_session-9E660CDDDD20A34952D94F30C37A47CC7CAA6D82FDC1E2C23E4317D98C53AFFD_analysis-3.csv;user-I050582;5;-895093519;4;true;-0.8683329465063747;0.0;Infinity;1;C
user-I050582_session-9E660CDDDD20A34952D94F30C37A47CC7CAA6D82FDC1E2C23E4317D98C53AFFD_analysis-3.csv;user-I050582;5;637242822;3;true;-0.37069855453596123;0.0;Infinity;1;C
user-I050582_session-9E660CDDDD20A34952D94F30C37A47CC7CAA6D82FDC1E2C23E4317D98C53AFFD_analysis-3.csv;user-I050582;5;175327766;4;true;-0.36886699269046913;0.0;Infinity;1;C
user-I050582_session-9E660CDDDD20A34952D94F30C37A47CC7CAA6D82FDC1E2C23E4317D98C53AFFD_analysis-3.csv;user-I050582;5;-1946599949;3;true;-0.6628002199616162;0.0;Infinity;1;C
user-I050582_session-9E660CDDDD20A34952D94F30C37A47CC7CAA6D82FDC1E2C23E4317D98C53AFFD_analysis-3.csv;user-I050582;5;701311837;3;true;1.2587509220309714;0.0;Infinity;1;C
user-I050582_session-9E660CDDDD20A34952D94F30C37A47CC7CAA6D82FDC1E2C23E4317D98C53AFFD_analysis-3.csv;user-I050582;5;84081456;4;true;-0.7950524455031724;0.0;Infinity;1;C
user-I050582_session-9E660CDDDD20A34952D94F30C37A47CC7CAA6D82FDC1E2C23E4317D98C53AFFD_analysis-3.csv;user-I050582;5;-1492628768;4;true;-0.6973330927098903;0.0;Infinity;1;C
user-I050582_session-9E660CDDDD20A34952D94F30C37A47CC7CAA6D82FDC1E2C23E4317D98C53AFFD_analysis-3.csv;user-I050582;5;637250285;3;true;0.015530246913831603;0.0;Infinity;1;C
user-I050582_session-9E660CDDDD20A34952D94F30C37A47CC7CAA6D82FDC1E2C23E4317D98C53AFFD_analysis-3.csv;user-I050582;5;154426742;3;true;-0.8534172548630661;0.0;Infinity;1;C
user-I050582_session-9E660CDDDD20A34952D94F30C37A47CC7CAA6D82FDC1E2C23E4317D98C53AFFD_analysis-3.csv;user-I050582;5;11119205;4;true;0.06737402308892204;0.0;Infinity;1;C
user-I050582_session-9E660CDDDD20A34952D94F30C37A47CC7CAA6D82FDC1E2C23E4317D98C53AFFD_analysis-3.csv;user-I050582;5;-1562974054;3;true;0.36037464406603903;0.0;Infinity;1;C
user-I050582_session-9E660CDDDD20A34952D94F30C37A47CC7CAA6D82FDC1E2C23E4317D98C53AFFD_analysis-3.csv;user-I050582;5;-57008638;4;true;-0.24831320744026464;0.0;Infinity;1;C
user-I050582_session-9E660CDDDD20A34952D94F30C37A47CC7CAA6D82FDC1E2C23E4317D98C53AFFD_analysis-3.csv;user-I050582;5;-1635936305;3;true;2.7864117095783514;0.0;Infinity;1;C
user-I050582_session-9E660CDDDD20A34952D94F30C37A47CC7CAA6D82FDC1E2C23E4317D98C53AFFD_analysis-3.csv;user-I050582;6;-1645642369;4;true;2.0132237368826345;0.0;Infinity;1;C
user-I050582_session-9E660CDDDD20A34952D94F30C37A47CC7CAA6D82FDC1E2C23E4317D98C53AFFD_analysis-3.csv;user-I050582;6;1959132295;3;true;1.0040879931630609;0.0;Infinity;1;C
user-I050582_session-9E660CDDDD20A34952D94F30C37A47CC7CAA6D82FDC1E2C23E4317D98C53AFFD_analysis-3.csv;user-I050582;6;385039036;5;true;-0.6713884937964821;0.0;Infinity;1;C
user-I050582_session-9E660CDDDD20A34952D94F30C37A47CC7CAA6D82FDC1E2C23E4317D98C53AFFD_analysis-3.csv;user-I050582;6;-1709703921;3;true;-0.10485383338845913;0.0;Infinity;1;C
user-I050582_session-9E660CDDDD20A34952D94F30C37A47CC7CAA6D82FDC1E2C23E4317D98C53AFFD_analysis-3.csv;user-I050582;6;1052919571;5;true;-0.9046209383535668;0.0;Infinity;1;C
user-I050582_session-9E660CDDDD20A34952D94F30C37A47CC7CAA6D82FDC1E2C23E4317D98C53AFFD_analysis-3.csv;user-I050582;6;2102439832;5;true;-0.7903119901167142;0.0;Infinity;1;C
user-I050582_session-9E660CDDDD20A34952D94F30C37A47CC7CAA6D82FDC1E2C23E4317D98C53AFFD_analysis-3.csv;user-I050582;6;-1709711384;4;true;-0.043150733302130345;0.0;Infinity;1;C
user-I050582_session-9E660CDDDD20A34952D94F30C37A47CC7CAA6D82FDC1E2C23E4317D98C53AFFD_analysis-3.csv;user-I050582;6;455384322;3;true;-0.9607865807398405;0.0;Infinity;1;C
user-I050582_session-9E660CDDDD20A34952D94F30C37A47CC7CAA6D82FDC1E2C23E4317D98C53AFFD_analysis-3.csv;user-I050582;6;312076785;4;true;1.9043204021148834;0.0;Infinity;1;C
user-I050582_session-9E660CDDDD20A34952D94F30C37A47CC7CAA6D82FDC1E2C23E4317D98C53AFFD_analysis-3.csv;user-I050582;6;2032094546;3;true;-0.9878146480853477;0.0;Infinity;1;C
user-I050582_session-9E660CDDDD20A34952D94F30C37A47CC7CAA6D82FDC1E2C23E4317D98C53AFFD_analysis-3.csv;user-I050582;6;1891004452;3;true;0.035164739884363874;0.0;Infinity;1;C
user-I050582_session-9E660CDDDD20A34952D94F30C37A47CC7CAA6D82FDC1E2C23E4317D98C53AFFD_analysis-3.csv;user-I050582;6;243948942;3;true;0.2854050902344751;0.0;Infinity;1;C
user-I050582_session-9E660CDDDD20A34952D94F30C37A47CC7CAA6D82FDC1E2C23E4317D98C53AFFD_analysis-3.csv;user-I050582;6;1413141;3;true;-0.6351313302842163;0.0;Infinity;1;C
user-I050582_session-9E660CDDDD20A34952D94F30C37A47CC7CAA6D82FDC1E2C23E4317D98C53AFFD_analysis-3.csv;user-I050582;6;2123340856;4;true;-0.14414341421265994;0.0;Infinity;1;C
user-I050582_session-9E660CDDDD20A34952D94F30C37A47CC7CAA6D82FDC1E2C23E4317D98C53AFFD_analysis-3.csv;user-I050582;7;-1234309182;3;true;NaN;0.0;Infinity;0;C
user-I050582_session-9E660CDDDD20A34952D94F30C37A47CC7CAA6D82FDC1E2C23E4317D98C53AFFD_analysis-3.csv;user-I050582;8;-1301761052;3;true;0.15440281550592463;0.0;Infinity;0;C
user-I050582_session-9E660CDDDD20A34952D94F30C37A47CC7CAA6D82FDC1E2C23E4317D98C53AFFD_analysis-3.csv;user-I050582;8;793000790;3;true;-0.546609374453322;0.0;Infinity;0;C
user-I050582_session-9E660CDDDD20A34952D94F30C37A47CC7CAA6D82FDC1E2C23E4317D98C53AFFD_analysis-3.csv;user-I050582;8;651910696;3;true;-0.1612684485828281;0.0;Infinity;0;C
user-I050582_session-9E660CDDDD20A34952D94F30C37A47CC7CAA6D82FDC1E2C23E4317D98C53AFFD_analysis-3.csv;user-I050582;8;-1237680615;3;true;0.15912492705242504;0.0;Infinity;0;C
user-I050582_session-9E660CDDDD20A34952D94F30C37A47CC7CAA6D82FDC1E2C23E4317D98C53AFFD_analysis-3.csv;user-I050582;8;863346076;3;true;-1.3108524320604968;0.0;Infinity;0;C
user-I050582_session-9E660CDDDD20A34952D94F30C37A47CC7CAA6D82FDC1E2C23E4317D98C53AFFD_analysis-3.csv;user-I050582;8;720038539;4;true;1.7052025125382966;0.0;Infinity;0;C
