session ;user;query position;cell hashcode;cell computation time;novelty;outlierness;relevance;surprise;query label;session label
user-I051430_session-191A7605B9120D77770122570D089290ACF1EB99189D0FA92C367ECD729684C9_analysis-6.csv;user-I051430;1;690895312;2;true;NaN;0.0;Infinity;0;B
user-I051430_session-191A7605B9120D77770122570D089290ACF1EB99189D0FA92C367ECD729684C9_analysis-6.csv;user-I051430;2;605351510;2;true;NaN;0.0;Infinity;0;B
user-I051430_session-191A7605B9120D77770122570D089290ACF1EB99189D0FA92C367ECD729684C9_analysis-6.csv;user-I051430;3;-1506349521;2;true;NaN;0.0;Infinity;0;B
user-I051430_session-191A7605B9120D77770122570D089290ACF1EB99189D0FA92C367ECD729684C9_analysis-6.csv;user-I051430;4;351774160;4;true;-0.9908211619165196;0.0;Infinity;0;B
user-I051430_session-191A7605B9120D77770122570D089290ACF1EB99189D0FA92C367ECD729684C9_analysis-6.csv;user-I051430;4;351774159;3;true;-0.9908211619165196;0.0;Infinity;0;B
user-I051430_session-191A7605B9120D77770122570D089290ACF1EB99189D0FA92C367ECD729684C9_analysis-6.csv;user-I051430;4;-1607114876;5;true;-0.08825127757960895;0.0;Infinity;0;B
user-I051430_session-191A7605B9120D77770122570D089290ACF1EB99189D0FA92C367ECD729684C9_analysis-6.csv;user-I051430;4;351774158;4;true;-1.2916777900288232;0.0;Infinity;0;B
user-I051430_session-191A7605B9120D77770122570D089290ACF1EB99189D0FA92C367ECD729684C9_analysis-6.csv;user-I051430;4;1012560477;4;true;1.7168884910942124;0.0;Infinity;0;B
user-I051430_session-191A7605B9120D77770122570D089290ACF1EB99189D0FA92C367ECD729684C9_analysis-6.csv;user-I051430;4;-1607114878;3;true;-0.5395362197480643;0.0;Infinity;0;B
user-I051430_session-191A7605B9120D77770122570D089290ACF1EB99189D0FA92C367ECD729684C9_analysis-6.csv;user-I051430;4;1012560476;5;true;2.168173433262668;0.0;Infinity;0;B
user-I051430_session-191A7605B9120D77770122570D089290ACF1EB99189D0FA92C367ECD729684C9_analysis-6.csv;user-I051430;4;-1607114877;3;true;-0.9908211619165196;0.0;Infinity;0;B
user-I051430_session-191A7605B9120D77770122570D089290ACF1EB99189D0FA92C367ECD729684C9_analysis-6.csv;user-I051430;4;1012560479;3;true;0.2126053505326946;0.0;Infinity;0;B
user-I051430_session-191A7605B9120D77770122570D089290ACF1EB99189D0FA92C367ECD729684C9_analysis-6.csv;user-I051430;4;1012560478;3;true;-0.8403928478603678;0.0;Infinity;0;B
user-I051430_session-191A7605B9120D77770122570D089290ACF1EB99189D0FA92C367ECD729684C9_analysis-6.csv;user-I051430;4;1012560482;2;true;-0.6899645338042161;0.0;Infinity;0;B
user-I051430_session-191A7605B9120D77770122570D089290ACF1EB99189D0FA92C367ECD729684C9_analysis-6.csv;user-I051430;4;1012560483;3;true;-0.5395362197480643;0.0;Infinity;0;B
user-I051430_session-191A7605B9120D77770122570D089290ACF1EB99189D0FA92C367ECD729684C9_analysis-6.csv;user-I051430;4;1012560480;3;true;0.8143186067573017;0.0;Infinity;0;B
user-I051430_session-191A7605B9120D77770122570D089290ACF1EB99189D0FA92C367ECD729684C9_analysis-6.csv;user-I051430;4;1012560481;3;true;-0.3891079056919125;0.0;Infinity;0;B
user-I051430_session-191A7605B9120D77770122570D089290ACF1EB99189D0FA92C367ECD729684C9_analysis-6.csv;user-I051430;4;1012560484;3;true;-0.23867959163576072;0.0;Infinity;0;B
user-I051430_session-191A7605B9120D77770122570D089290ACF1EB99189D0FA92C367ECD729684C9_analysis-6.csv;user-I051430;4;1012561996;2;true;-0.6899645338042161;0.0;Infinity;0;B
user-I051430_session-191A7605B9120D77770122570D089290ACF1EB99189D0FA92C367ECD729684C9_analysis-6.csv;user-I051430;4;1012561994;3;true;1.265603548925757;0.0;Infinity;0;B
user-I051430_session-191A7605B9120D77770122570D089290ACF1EB99189D0FA92C367ECD729684C9_analysis-6.csv;user-I051430;4;1012561995;3;true;0.5134619786449982;0.0;Infinity;0;B
user-I051430_session-191A7605B9120D77770122570D089290ACF1EB99189D0FA92C367ECD729684C9_analysis-6.csv;user-I051430;4;-1935895846;3;true;1.8673168051503641;0.0;Infinity;0;B
user-I051430_session-191A7605B9120D77770122570D089290ACF1EB99189D0FA92C367ECD729684C9_analysis-6.csv;user-I051430;4;-1935895845;3;true;3.0707433175995784;0.0;Infinity;0;B
user-I051430_session-191A7605B9120D77770122570D089290ACF1EB99189D0FA92C367ECD729684C9_analysis-6.csv;user-I051430;4;-1935895842;2;true;2.168173433262668;0.0;Infinity;0;B
user-I051430_session-191A7605B9120D77770122570D089290ACF1EB99189D0FA92C367ECD729684C9_analysis-6.csv;user-I051430;4;-1935895841;3;true;0.66389029270115;0.0;Infinity;0;B
user-I051430_session-191A7605B9120D77770122570D089290ACF1EB99189D0FA92C367ECD729684C9_analysis-6.csv;user-I051430;4;-1935895844;3;true;1.265603548925757;0.0;Infinity;0;B
user-I051430_session-191A7605B9120D77770122570D089290ACF1EB99189D0FA92C367ECD729684C9_analysis-6.csv;user-I051430;4;-1935895843;3;true;1.265603548925757;0.0;Infinity;0;B
user-I051430_session-191A7605B9120D77770122570D089290ACF1EB99189D0FA92C367ECD729684C9_analysis-6.csv;user-I051430;4;1355533745;2;true;-0.5395362197480643;0.0;Infinity;0;B
user-I051430_session-191A7605B9120D77770122570D089290ACF1EB99189D0FA92C367ECD729684C9_analysis-6.csv;user-I051430;4;1619518787;3;true;0.3630336645888464;0.0;Infinity;0;B
user-I051430_session-191A7605B9120D77770122570D089290ACF1EB99189D0FA92C367ECD729684C9_analysis-6.csv;user-I051430;4;1619518786;3;true;0.66389029270115;0.0;Infinity;0;B
user-I051430_session-191A7605B9120D77770122570D089290ACF1EB99189D0FA92C367ECD729684C9_analysis-6.csv;user-I051430;4;1355533739;3;true;-0.6899645338042161;0.0;Infinity;0;B
user-I051430_session-191A7605B9120D77770122570D089290ACF1EB99189D0FA92C367ECD729684C9_analysis-6.csv;user-I051430;4;1355533738;2;true;-0.9908211619165196;0.0;Infinity;0;B
user-I051430_session-191A7605B9120D77770122570D089290ACF1EB99189D0FA92C367ECD729684C9_analysis-6.csv;user-I051430;4;1355533741;3;true;-0.9908211619165196;0.0;Infinity;0;B
user-I051430_session-191A7605B9120D77770122570D089290ACF1EB99189D0FA92C367ECD729684C9_analysis-6.csv;user-I051430;4;1619518791;3;true;-0.6899645338042161;0.0;Infinity;0;B
user-I051430_session-191A7605B9120D77770122570D089290ACF1EB99189D0FA92C367ECD729684C9_analysis-6.csv;user-I051430;4;1355533740;3;true;-1.2916777900288232;0.0;Infinity;0;B
user-I051430_session-191A7605B9120D77770122570D089290ACF1EB99189D0FA92C367ECD729684C9_analysis-6.csv;user-I051430;4;1619518790;3;true;-0.5395362197480643;0.0;Infinity;0;B
user-I051430_session-191A7605B9120D77770122570D089290ACF1EB99189D0FA92C367ECD729684C9_analysis-6.csv;user-I051430;4;1355533743;3;true;-1.2916777900288232;0.0;Infinity;0;B
user-I051430_session-191A7605B9120D77770122570D089290ACF1EB99189D0FA92C367ECD729684C9_analysis-6.csv;user-I051430;4;1619518789;2;true;0.2126053505326946;0.0;Infinity;0;B
user-I051430_session-191A7605B9120D77770122570D089290ACF1EB99189D0FA92C367ECD729684C9_analysis-6.csv;user-I051430;4;1619518788;3;true;0.06217703647654284;0.0;Infinity;0;B
user-I051430_session-191A7605B9120D77770122570D089290ACF1EB99189D0FA92C367ECD729684C9_analysis-6.csv;user-I051430;4;1619520304;4;true;-0.6899645338042161;0.0;Infinity;0;B
user-I051430_session-191A7605B9120D77770122570D089290ACF1EB99189D0FA92C367ECD729684C9_analysis-6.csv;user-I051430;4;1619518794;3;true;1.1151752348696053;0.0;Infinity;0;B
user-I051430_session-191A7605B9120D77770122570D089290ACF1EB99189D0FA92C367ECD729684C9_analysis-6.csv;user-I051430;4;1619520305;3;true;-0.08825127757960895;0.0;Infinity;0;B
user-I051430_session-191A7605B9120D77770122570D089290ACF1EB99189D0FA92C367ECD729684C9_analysis-6.csv;user-I051430;4;1619518793;3;true;-0.8403928478603678;0.0;Infinity;0;B
user-I051430_session-191A7605B9120D77770122570D089290ACF1EB99189D0FA92C367ECD729684C9_analysis-6.csv;user-I051430;4;1619520306;3;true;-0.3891079056919125;0.0;Infinity;0;B
user-I051430_session-191A7605B9120D77770122570D089290ACF1EB99189D0FA92C367ECD729684C9_analysis-6.csv;user-I051430;4;1619518792;3;true;0.3630336645888464;0.0;Infinity;0;B
user-I051430_session-191A7605B9120D77770122570D089290ACF1EB99189D0FA92C367ECD729684C9_analysis-6.csv;user-I051430;4;351772648;2;true;-1.1412494759726715;0.0;Infinity;0;B
user-I051430_session-191A7605B9120D77770122570D089290ACF1EB99189D0FA92C367ECD729684C9_analysis-6.csv;user-I051430;4;-1607116389;3;true;-0.3891079056919125;0.0;Infinity;0;B
user-I051430_session-191A7605B9120D77770122570D089290ACF1EB99189D0FA92C367ECD729684C9_analysis-6.csv;user-I051430;4;-1607116390;3;true;-0.23867959163576072;0.0;Infinity;0;B
user-I051430_session-191A7605B9120D77770122570D089290ACF1EB99189D0FA92C367ECD729684C9_analysis-6.csv;user-I051430;4;-1607116391;2;true;0.66389029270115;0.0;Infinity;0;B
user-I051430_session-191A7605B9120D77770122570D089290ACF1EB99189D0FA92C367ECD729684C9_analysis-6.csv;user-I051430;4;-1935894326;3;true;0.66389029270115;0.0;Infinity;0;B
user-I051430_session-191A7605B9120D77770122570D089290ACF1EB99189D0FA92C367ECD729684C9_analysis-6.csv;user-I051430;4;-1935894327;3;true;0.66389029270115;0.0;Infinity;0;B
user-I051430_session-191A7605B9120D77770122570D089290ACF1EB99189D0FA92C367ECD729684C9_analysis-6.csv;user-I051430;4;-1935894328;3;true;1.1151752348696053;0.0;Infinity;0;B
user-I051430_session-191A7605B9120D77770122570D089290ACF1EB99189D0FA92C367ECD729684C9_analysis-6.csv;user-I051430;4;285923659;3;true;0.2126053505326946;0.0;Infinity;0;B
user-I051430_session-191A7605B9120D77770122570D089290ACF1EB99189D0FA92C367ECD729684C9_analysis-6.csv;user-I051430;4;351772640;3;true;0.5134619786449982;0.0;Infinity;0;B
user-I051430_session-191A7605B9120D77770122570D089290ACF1EB99189D0FA92C367ECD729684C9_analysis-6.csv;user-I051430;4;285923658;3;true;1.4160318629819089;0.0;Infinity;0;B
user-I051430_session-191A7605B9120D77770122570D089290ACF1EB99189D0FA92C367ECD729684C9_analysis-6.csv;user-I051430;4;351772641;4;true;-0.3891079056919125;0.0;Infinity;0;B
user-I051430_session-191A7605B9120D77770122570D089290ACF1EB99189D0FA92C367ECD729684C9_analysis-6.csv;user-I051430;4;351772642;4;true;-0.3891079056919125;0.0;Infinity;0;B
user-I051430_session-191A7605B9120D77770122570D089290ACF1EB99189D0FA92C367ECD729684C9_analysis-6.csv;user-I051430;4;285923657;4;true;0.9647469208134535;0.0;Infinity;0;B
user-I051430_session-191A7605B9120D77770122570D089290ACF1EB99189D0FA92C367ECD729684C9_analysis-6.csv;user-I051430;4;351772643;4;true;-1.1412494759726715;0.0;Infinity;0;B
user-I051430_session-191A7605B9120D77770122570D089290ACF1EB99189D0FA92C367ECD729684C9_analysis-6.csv;user-I051430;4;351772644;4;true;-1.1412494759726715;0.0;Infinity;0;B
user-I051430_session-191A7605B9120D77770122570D089290ACF1EB99189D0FA92C367ECD729684C9_analysis-6.csv;user-I051430;4;285923663;4;true;-0.6899645338042161;0.0;Infinity;0;B
user-I051430_session-191A7605B9120D77770122570D089290ACF1EB99189D0FA92C367ECD729684C9_analysis-6.csv;user-I051430;4;-1607116393;4;true;-1.2916777900288232;0.0;Infinity;0;B
user-I051430_session-191A7605B9120D77770122570D089290ACF1EB99189D0FA92C367ECD729684C9_analysis-6.csv;user-I051430;4;285923662;4;true;-1.1412494759726715;0.0;Infinity;0;B
user-I051430_session-191A7605B9120D77770122570D089290ACF1EB99189D0FA92C367ECD729684C9_analysis-6.csv;user-I051430;4;-1607116394;4;true;-0.6899645338042161;0.0;Infinity;0;B
user-I051430_session-191A7605B9120D77770122570D089290ACF1EB99189D0FA92C367ECD729684C9_analysis-6.csv;user-I051430;4;351772646;4;true;-0.9908211619165196;0.0;Infinity;0;B
user-I051430_session-191A7605B9120D77770122570D089290ACF1EB99189D0FA92C367ECD729684C9_analysis-6.csv;user-I051430;4;285923661;4;true;-0.08825127757960895;0.0;Infinity;0;B
user-I051430_session-191A7605B9120D77770122570D089290ACF1EB99189D0FA92C367ECD729684C9_analysis-6.csv;user-I051430;4;-1607116395;3;true;-0.23867959163576072;0.0;Infinity;0;B
user-I051430_session-191A7605B9120D77770122570D089290ACF1EB99189D0FA92C367ECD729684C9_analysis-6.csv;user-I051430;4;351772647;3;true;-0.8403928478603678;0.0;Infinity;0;B
user-I051430_session-191A7605B9120D77770122570D089290ACF1EB99189D0FA92C367ECD729684C9_analysis-6.csv;user-I051430;4;285923660;3;true;0.2126053505326946;0.0;Infinity;0;B
user-I051430_session-191A7605B9120D77770122570D089290ACF1EB99189D0FA92C367ECD729684C9_analysis-6.csv;user-I051430;4;-1607116396;4;true;-0.9908211619165196;0.0;Infinity;0;B
user-I051430_session-191A7605B9120D77770122570D089290ACF1EB99189D0FA92C367ECD729684C9_analysis-6.csv;user-I051430;4;285925176;4;true;-0.9908211619165196;0.0;Infinity;0;B
user-I051430_session-191A7605B9120D77770122570D089290ACF1EB99189D0FA92C367ECD729684C9_analysis-6.csv;user-I051430;4;285925177;4;true;0.2126053505326946;0.0;Infinity;0;B
user-I051430_session-191A7605B9120D77770122570D089290ACF1EB99189D0FA92C367ECD729684C9_analysis-6.csv;user-I051430;4;285923664;3;true;0.3630336645888464;0.0;Infinity;0;B
user-I051430_session-191A7605B9120D77770122570D089290ACF1EB99189D0FA92C367ECD729684C9_analysis-6.csv;user-I051430;4;285923665;4;true;0.5134619786449982;0.0;Infinity;0;B
user-I051430_session-191A7605B9120D77770122570D089290ACF1EB99189D0FA92C367ECD729684C9_analysis-6.csv;user-I051430;4;-1935895839;2;true;1.7168884910942124;0.0;Infinity;0;B
user-I051430_session-191A7605B9120D77770122570D089290ACF1EB99189D0FA92C367ECD729684C9_analysis-6.csv;user-I051430;4;-1935895840;3;true;1.8673168051503641;0.0;Infinity;0;B
user-I051430_session-191A7605B9120D77770122570D089290ACF1EB99189D0FA92C367ECD729684C9_analysis-6.csv;user-I051430;4;-1935895838;3;true;-0.08825127757960895;0.0;Infinity;0;B
user-I051430_session-191A7605B9120D77770122570D089290ACF1EB99189D0FA92C367ECD729684C9_analysis-6.csv;user-I051430;4;285925175;3;true;-0.6899645338042161;0.0;Infinity;0;B
user-I051430_session-191A7605B9120D77770122570D089290ACF1EB99189D0FA92C367ECD729684C9_analysis-6.csv;user-I051430;5;351774160;2;true;-0.9908211619165196;0.0;Infinity;0;B
user-I051430_session-191A7605B9120D77770122570D089290ACF1EB99189D0FA92C367ECD729684C9_analysis-6.csv;user-I051430;5;351774159;3;true;-0.9908211619165196;0.0;Infinity;0;B
user-I051430_session-191A7605B9120D77770122570D089290ACF1EB99189D0FA92C367ECD729684C9_analysis-6.csv;user-I051430;5;-1607114876;3;true;-0.08825127757960895;0.0;Infinity;0;B
user-I051430_session-191A7605B9120D77770122570D089290ACF1EB99189D0FA92C367ECD729684C9_analysis-6.csv;user-I051430;5;351774158;3;true;-1.2916777900288232;0.0;Infinity;0;B
user-I051430_session-191A7605B9120D77770122570D089290ACF1EB99189D0FA92C367ECD729684C9_analysis-6.csv;user-I051430;5;1012560477;3;true;1.7168884910942124;0.0;Infinity;0;B
user-I051430_session-191A7605B9120D77770122570D089290ACF1EB99189D0FA92C367ECD729684C9_analysis-6.csv;user-I051430;5;-1607114878;3;true;-0.5395362197480643;0.0;Infinity;0;B
user-I051430_session-191A7605B9120D77770122570D089290ACF1EB99189D0FA92C367ECD729684C9_analysis-6.csv;user-I051430;5;1012560476;2;true;2.168173433262668;0.0;Infinity;0;B
user-I051430_session-191A7605B9120D77770122570D089290ACF1EB99189D0FA92C367ECD729684C9_analysis-6.csv;user-I051430;5;-1607114877;3;true;-0.9908211619165196;0.0;Infinity;0;B
user-I051430_session-191A7605B9120D77770122570D089290ACF1EB99189D0FA92C367ECD729684C9_analysis-6.csv;user-I051430;5;1012560479;3;true;0.2126053505326946;0.0;Infinity;0;B
user-I051430_session-191A7605B9120D77770122570D089290ACF1EB99189D0FA92C367ECD729684C9_analysis-6.csv;user-I051430;5;1012560478;3;true;-0.8403928478603678;0.0;Infinity;0;B
user-I051430_session-191A7605B9120D77770122570D089290ACF1EB99189D0FA92C367ECD729684C9_analysis-6.csv;user-I051430;5;1012560482;2;true;-0.6899645338042161;0.0;Infinity;0;B
user-I051430_session-191A7605B9120D77770122570D089290ACF1EB99189D0FA92C367ECD729684C9_analysis-6.csv;user-I051430;5;1012560483;3;true;-0.5395362197480643;0.0;Infinity;0;B
user-I051430_session-191A7605B9120D77770122570D089290ACF1EB99189D0FA92C367ECD729684C9_analysis-6.csv;user-I051430;5;1012560480;3;true;0.8143186067573017;0.0;Infinity;0;B
user-I051430_session-191A7605B9120D77770122570D089290ACF1EB99189D0FA92C367ECD729684C9_analysis-6.csv;user-I051430;5;1012560481;2;true;-0.3891079056919125;0.0;Infinity;0;B
user-I051430_session-191A7605B9120D77770122570D089290ACF1EB99189D0FA92C367ECD729684C9_analysis-6.csv;user-I051430;5;1012560484;3;true;-0.23867959163576072;0.0;Infinity;0;B
user-I051430_session-191A7605B9120D77770122570D089290ACF1EB99189D0FA92C367ECD729684C9_analysis-6.csv;user-I051430;5;1012561996;3;true;-0.6899645338042161;0.0;Infinity;0;B
user-I051430_session-191A7605B9120D77770122570D089290ACF1EB99189D0FA92C367ECD729684C9_analysis-6.csv;user-I051430;5;1012561994;2;true;1.265603548925757;0.0;Infinity;0;B
user-I051430_session-191A7605B9120D77770122570D089290ACF1EB99189D0FA92C367ECD729684C9_analysis-6.csv;user-I051430;5;1012561995;3;true;0.5134619786449982;0.0;Infinity;0;B
user-I051430_session-191A7605B9120D77770122570D089290ACF1EB99189D0FA92C367ECD729684C9_analysis-6.csv;user-I051430;5;-1935895846;3;true;1.8673168051503641;0.0;Infinity;0;B
user-I051430_session-191A7605B9120D77770122570D089290ACF1EB99189D0FA92C367ECD729684C9_analysis-6.csv;user-I051430;5;-1935895845;3;true;3.0707433175995784;0.0;Infinity;0;B
user-I051430_session-191A7605B9120D77770122570D089290ACF1EB99189D0FA92C367ECD729684C9_analysis-6.csv;user-I051430;5;-1935895842;3;true;2.168173433262668;0.0;Infinity;0;B
user-I051430_session-191A7605B9120D77770122570D089290ACF1EB99189D0FA92C367ECD729684C9_analysis-6.csv;user-I051430;5;-1935895841;3;true;0.66389029270115;0.0;Infinity;0;B
user-I051430_session-191A7605B9120D77770122570D089290ACF1EB99189D0FA92C367ECD729684C9_analysis-6.csv;user-I051430;5;-1935895844;3;true;1.265603548925757;0.0;Infinity;0;B
user-I051430_session-191A7605B9120D77770122570D089290ACF1EB99189D0FA92C367ECD729684C9_analysis-6.csv;user-I051430;5;-1935895843;3;true;1.265603548925757;0.0;Infinity;0;B
user-I051430_session-191A7605B9120D77770122570D089290ACF1EB99189D0FA92C367ECD729684C9_analysis-6.csv;user-I051430;5;1355533745;4;true;-0.5395362197480643;0.0;Infinity;0;B
user-I051430_session-191A7605B9120D77770122570D089290ACF1EB99189D0FA92C367ECD729684C9_analysis-6.csv;user-I051430;5;1619518787;3;true;0.3630336645888464;0.0;Infinity;0;B
user-I051430_session-191A7605B9120D77770122570D089290ACF1EB99189D0FA92C367ECD729684C9_analysis-6.csv;user-I051430;5;1619518786;4;true;0.66389029270115;0.0;Infinity;0;B
user-I051430_session-191A7605B9120D77770122570D089290ACF1EB99189D0FA92C367ECD729684C9_analysis-6.csv;user-I051430;5;1355533739;4;true;-0.6899645338042161;0.0;Infinity;0;B
user-I051430_session-191A7605B9120D77770122570D089290ACF1EB99189D0FA92C367ECD729684C9_analysis-6.csv;user-I051430;5;1355533738;3;true;-0.9908211619165196;0.0;Infinity;0;B
user-I051430_session-191A7605B9120D77770122570D089290ACF1EB99189D0FA92C367ECD729684C9_analysis-6.csv;user-I051430;5;1355533741;3;true;-0.9908211619165196;0.0;Infinity;0;B
user-I051430_session-191A7605B9120D77770122570D089290ACF1EB99189D0FA92C367ECD729684C9_analysis-6.csv;user-I051430;5;1619518791;3;true;-0.6899645338042161;0.0;Infinity;0;B
user-I051430_session-191A7605B9120D77770122570D089290ACF1EB99189D0FA92C367ECD729684C9_analysis-6.csv;user-I051430;5;1355533740;3;true;-1.2916777900288232;0.0;Infinity;0;B
user-I051430_session-191A7605B9120D77770122570D089290ACF1EB99189D0FA92C367ECD729684C9_analysis-6.csv;user-I051430;5;1619518790;3;true;-0.5395362197480643;0.0;Infinity;0;B
user-I051430_session-191A7605B9120D77770122570D089290ACF1EB99189D0FA92C367ECD729684C9_analysis-6.csv;user-I051430;5;1355533743;3;true;-1.2916777900288232;0.0;Infinity;0;B
user-I051430_session-191A7605B9120D77770122570D089290ACF1EB99189D0FA92C367ECD729684C9_analysis-6.csv;user-I051430;5;1619518789;3;true;0.2126053505326946;0.0;Infinity;0;B
user-I051430_session-191A7605B9120D77770122570D089290ACF1EB99189D0FA92C367ECD729684C9_analysis-6.csv;user-I051430;5;1619518788;4;true;0.06217703647654284;0.0;Infinity;0;B
user-I051430_session-191A7605B9120D77770122570D089290ACF1EB99189D0FA92C367ECD729684C9_analysis-6.csv;user-I051430;5;1619520304;3;true;-0.6899645338042161;0.0;Infinity;0;B
user-I051430_session-191A7605B9120D77770122570D089290ACF1EB99189D0FA92C367ECD729684C9_analysis-6.csv;user-I051430;5;1619518794;4;true;1.1151752348696053;0.0;Infinity;0;B
user-I051430_session-191A7605B9120D77770122570D089290ACF1EB99189D0FA92C367ECD729684C9_analysis-6.csv;user-I051430;5;1619520305;3;true;-0.08825127757960895;0.0;Infinity;0;B
user-I051430_session-191A7605B9120D77770122570D089290ACF1EB99189D0FA92C367ECD729684C9_analysis-6.csv;user-I051430;5;1619518793;4;true;-0.8403928478603678;0.0;Infinity;0;B
user-I051430_session-191A7605B9120D77770122570D089290ACF1EB99189D0FA92C367ECD729684C9_analysis-6.csv;user-I051430;5;1619520306;4;true;-0.3891079056919125;0.0;Infinity;0;B
user-I051430_session-191A7605B9120D77770122570D089290ACF1EB99189D0FA92C367ECD729684C9_analysis-6.csv;user-I051430;5;1619518792;3;true;0.3630336645888464;0.0;Infinity;0;B
user-I051430_session-191A7605B9120D77770122570D089290ACF1EB99189D0FA92C367ECD729684C9_analysis-6.csv;user-I051430;5;351772648;3;true;-1.1412494759726715;0.0;Infinity;0;B
user-I051430_session-191A7605B9120D77770122570D089290ACF1EB99189D0FA92C367ECD729684C9_analysis-6.csv;user-I051430;5;-1607116389;3;true;-0.3891079056919125;0.0;Infinity;0;B
user-I051430_session-191A7605B9120D77770122570D089290ACF1EB99189D0FA92C367ECD729684C9_analysis-6.csv;user-I051430;5;-1607116390;3;true;-0.23867959163576072;0.0;Infinity;0;B
user-I051430_session-191A7605B9120D77770122570D089290ACF1EB99189D0FA92C367ECD729684C9_analysis-6.csv;user-I051430;5;-1607116391;3;true;0.66389029270115;0.0;Infinity;0;B
user-I051430_session-191A7605B9120D77770122570D089290ACF1EB99189D0FA92C367ECD729684C9_analysis-6.csv;user-I051430;5;-1935894326;4;true;0.66389029270115;0.0;Infinity;0;B
user-I051430_session-191A7605B9120D77770122570D089290ACF1EB99189D0FA92C367ECD729684C9_analysis-6.csv;user-I051430;5;-1935894327;3;true;0.66389029270115;0.0;Infinity;0;B
user-I051430_session-191A7605B9120D77770122570D089290ACF1EB99189D0FA92C367ECD729684C9_analysis-6.csv;user-I051430;5;-1935894328;3;true;1.1151752348696053;0.0;Infinity;0;B
user-I051430_session-191A7605B9120D77770122570D089290ACF1EB99189D0FA92C367ECD729684C9_analysis-6.csv;user-I051430;5;285923659;4;true;0.2126053505326946;0.0;Infinity;0;B
user-I051430_session-191A7605B9120D77770122570D089290ACF1EB99189D0FA92C367ECD729684C9_analysis-6.csv;user-I051430;5;351772640;3;true;0.5134619786449982;0.0;Infinity;0;B
user-I051430_session-191A7605B9120D77770122570D089290ACF1EB99189D0FA92C367ECD729684C9_analysis-6.csv;user-I051430;5;285923658;3;true;1.4160318629819089;0.0;Infinity;0;B
user-I051430_session-191A7605B9120D77770122570D089290ACF1EB99189D0FA92C367ECD729684C9_analysis-6.csv;user-I051430;5;351772641;3;true;-0.3891079056919125;0.0;Infinity;0;B
user-I051430_session-191A7605B9120D77770122570D089290ACF1EB99189D0FA92C367ECD729684C9_analysis-6.csv;user-I051430;5;351772642;3;true;-0.3891079056919125;0.0;Infinity;0;B
user-I051430_session-191A7605B9120D77770122570D089290ACF1EB99189D0FA92C367ECD729684C9_analysis-6.csv;user-I051430;5;285923657;3;true;0.9647469208134535;0.0;Infinity;0;B
user-I051430_session-191A7605B9120D77770122570D089290ACF1EB99189D0FA92C367ECD729684C9_analysis-6.csv;user-I051430;5;351772643;3;true;-1.1412494759726715;0.0;Infinity;0;B
user-I051430_session-191A7605B9120D77770122570D089290ACF1EB99189D0FA92C367ECD729684C9_analysis-6.csv;user-I051430;5;351772644;4;true;-1.1412494759726715;0.0;Infinity;0;B
user-I051430_session-191A7605B9120D77770122570D089290ACF1EB99189D0FA92C367ECD729684C9_analysis-6.csv;user-I051430;5;285923663;2;true;-0.6899645338042161;0.0;Infinity;0;B
user-I051430_session-191A7605B9120D77770122570D089290ACF1EB99189D0FA92C367ECD729684C9_analysis-6.csv;user-I051430;5;-1607116393;3;true;-1.2916777900288232;0.0;Infinity;0;B
user-I051430_session-191A7605B9120D77770122570D089290ACF1EB99189D0FA92C367ECD729684C9_analysis-6.csv;user-I051430;5;285923662;3;true;-1.1412494759726715;0.0;Infinity;0;B
user-I051430_session-191A7605B9120D77770122570D089290ACF1EB99189D0FA92C367ECD729684C9_analysis-6.csv;user-I051430;5;-1607116394;2;true;-0.6899645338042161;0.0;Infinity;0;B
user-I051430_session-191A7605B9120D77770122570D089290ACF1EB99189D0FA92C367ECD729684C9_analysis-6.csv;user-I051430;5;351772646;3;true;-0.9908211619165196;0.0;Infinity;0;B
user-I051430_session-191A7605B9120D77770122570D089290ACF1EB99189D0FA92C367ECD729684C9_analysis-6.csv;user-I051430;5;285923661;3;true;-0.08825127757960895;0.0;Infinity;0;B
user-I051430_session-191A7605B9120D77770122570D089290ACF1EB99189D0FA92C367ECD729684C9_analysis-6.csv;user-I051430;5;-1607116395;3;true;-0.23867959163576072;0.0;Infinity;0;B
user-I051430_session-191A7605B9120D77770122570D089290ACF1EB99189D0FA92C367ECD729684C9_analysis-6.csv;user-I051430;5;351772647;3;true;-0.8403928478603678;0.0;Infinity;0;B
user-I051430_session-191A7605B9120D77770122570D089290ACF1EB99189D0FA92C367ECD729684C9_analysis-6.csv;user-I051430;5;285923660;3;true;0.2126053505326946;0.0;Infinity;0;B
user-I051430_session-191A7605B9120D77770122570D089290ACF1EB99189D0FA92C367ECD729684C9_analysis-6.csv;user-I051430;5;-1607116396;3;true;-0.9908211619165196;0.0;Infinity;0;B
user-I051430_session-191A7605B9120D77770122570D089290ACF1EB99189D0FA92C367ECD729684C9_analysis-6.csv;user-I051430;5;285925176;5;true;-0.9908211619165196;0.0;Infinity;0;B
user-I051430_session-191A7605B9120D77770122570D089290ACF1EB99189D0FA92C367ECD729684C9_analysis-6.csv;user-I051430;5;285925177;4;true;0.2126053505326946;0.0;Infinity;0;B
user-I051430_session-191A7605B9120D77770122570D089290ACF1EB99189D0FA92C367ECD729684C9_analysis-6.csv;user-I051430;5;285923664;4;true;0.3630336645888464;0.0;Infinity;0;B
user-I051430_session-191A7605B9120D77770122570D089290ACF1EB99189D0FA92C367ECD729684C9_analysis-6.csv;user-I051430;5;285923665;4;true;0.5134619786449982;0.0;Infinity;0;B
user-I051430_session-191A7605B9120D77770122570D089290ACF1EB99189D0FA92C367ECD729684C9_analysis-6.csv;user-I051430;5;-1935895839;4;true;1.7168884910942124;0.0;Infinity;0;B
user-I051430_session-191A7605B9120D77770122570D089290ACF1EB99189D0FA92C367ECD729684C9_analysis-6.csv;user-I051430;5;-1935895840;4;true;1.8673168051503641;0.0;Infinity;0;B
user-I051430_session-191A7605B9120D77770122570D089290ACF1EB99189D0FA92C367ECD729684C9_analysis-6.csv;user-I051430;5;-1935895838;3;true;-0.08825127757960895;0.0;Infinity;0;B
user-I051430_session-191A7605B9120D77770122570D089290ACF1EB99189D0FA92C367ECD729684C9_analysis-6.csv;user-I051430;5;285925175;3;true;-0.6899645338042161;0.0;Infinity;0;B
