session ;user;query position;cell hashcode;cell computation time;novelty;outlierness;relevance;surprise;query label;session label
user-I051881_session-9A785E6798E260C46352A7B90FAD29CFA536F5C7109F2A80E5CD5DA05E495CB8_analysis-1.csv;user-I051881;1;-1544075749;3;true;-0.053835217547557566;0.0;Infinity;0;A
user-I051881_session-9A785E6798E260C46352A7B90FAD29CFA536F5C7109F2A80E5CD5DA05E495CB8_analysis-1.csv;user-I051881;1;-1054126583;3;true;-0.511041869491569;0.0;Infinity;0;A
user-I051881_session-9A785E6798E260C46352A7B90FAD29CFA536F5C7109F2A80E5CD5DA05E495CB8_analysis-1.csv;user-I051881;1;-482522129;3;true;2.3632875108957303;0.0;Infinity;0;A
user-I051881_session-9A785E6798E260C46352A7B90FAD29CFA536F5C7109F2A80E5CD5DA05E495CB8_analysis-1.csv;user-I051881;1;-71604936;3;true;-0.8294479074933367;0.0;Infinity;0;A
user-I051881_session-9A785E6798E260C46352A7B90FAD29CFA536F5C7109F2A80E5CD5DA05E495CB8_analysis-1.csv;user-I051881;1;1454890983;3;true;2.405377511882846;0.0;Infinity;0;A
user-I051881_session-9A785E6798E260C46352A7B90FAD29CFA536F5C7109F2A80E5CD5DA05E495CB8_analysis-1.csv;user-I051881;1;-919442199;2;true;-0.27424545172436143;0.0;Infinity;0;A
user-I051881_session-9A785E6798E260C46352A7B90FAD29CFA536F5C7109F2A80E5CD5DA05E495CB8_analysis-1.csv;user-I051881;1;-1839789209;3;true;0.6061102941130184;0.0;Infinity;0;A
user-I051881_session-9A785E6798E260C46352A7B90FAD29CFA536F5C7109F2A80E5CD5DA05E495CB8_analysis-1.csv;user-I051881;1;148467574;2;true;-0.6215682842974299;0.0;Infinity;0;A
user-I051881_session-9A785E6798E260C46352A7B90FAD29CFA536F5C7109F2A80E5CD5DA05E495CB8_analysis-1.csv;user-I051881;1;855880948;3;true;-0.14379857843604893;0.0;Infinity;0;A
user-I051881_session-9A785E6798E260C46352A7B90FAD29CFA536F5C7109F2A80E5CD5DA05E495CB8_analysis-1.csv;user-I051881;1;-1834871805;3;true;0.4499596034279941;0.0;Infinity;0;A
user-I051881_session-9A785E6798E260C46352A7B90FAD29CFA536F5C7109F2A80E5CD5DA05E495CB8_analysis-1.csv;user-I051881;1;-1519656342;2;true;0.35774715851729044;0.0;Infinity;0;A
user-I051881_session-9A785E6798E260C46352A7B90FAD29CFA536F5C7109F2A80E5CD5DA05E495CB8_analysis-1.csv;user-I051881;1;-808769660;4;true;1.0482159533364617;0.0;Infinity;0;A
user-I051881_session-9A785E6798E260C46352A7B90FAD29CFA536F5C7109F2A80E5CD5DA05E495CB8_analysis-1.csv;user-I051881;1;365315134;3;true;-0.8448701979313639;0.0;Infinity;0;A
user-I051881_session-9A785E6798E260C46352A7B90FAD29CFA536F5C7109F2A80E5CD5DA05E495CB8_analysis-1.csv;user-I051881;1;-799263290;3;true;0.9196968663529027;0.0;Infinity;0;A
user-I051881_session-9A785E6798E260C46352A7B90FAD29CFA536F5C7109F2A80E5CD5DA05E495CB8_analysis-1.csv;user-I051881;1;532471449;3;true;-0.44517583741249506;0.0;Infinity;0;A
user-I051881_session-9A785E6798E260C46352A7B90FAD29CFA536F5C7109F2A80E5CD5DA05E495CB8_analysis-1.csv;user-I051881;1;-2113216204;6;true;-0.8680036335884045;0.0;Infinity;0;A
user-I051881_session-9A785E6798E260C46352A7B90FAD29CFA536F5C7109F2A80E5CD5DA05E495CB8_analysis-1.csv;user-I051881;1;-1543829505;4;true;-0.42621927208242005;0.0;Infinity;0;A
user-I051881_session-9A785E6798E260C46352A7B90FAD29CFA536F5C7109F2A80E5CD5DA05E495CB8_analysis-1.csv;user-I051881;1;-128868269;3;true;-0.8750721833725003;0.0;Infinity;0;A
user-I051881_session-9A785E6798E260C46352A7B90FAD29CFA536F5C7109F2A80E5CD5DA05E495CB8_analysis-1.csv;user-I051881;1;308051801;3;true;-0.753621646173037;0.0;Infinity;0;A
user-I051881_session-9A785E6798E260C46352A7B90FAD29CFA536F5C7109F2A80E5CD5DA05E495CB8_analysis-1.csv;user-I051881;1;1981105533;3;true;-0.6006839326626016;0.0;Infinity;0;A
user-I051881_session-9A785E6798E260C46352A7B90FAD29CFA536F5C7109F2A80E5CD5DA05E495CB8_analysis-1.csv;user-I051881;1;162824906;3;true;0.3519637996030303;0.0;Infinity;0;A
user-I051881_session-9A785E6798E260C46352A7B90FAD29CFA536F5C7109F2A80E5CD5DA05E495CB8_analysis-1.csv;user-I051881;1;-1980995819;3;true;-0.7883217996585978;0.0;Infinity;0;A
user-I051881_session-9A785E6798E260C46352A7B90FAD29CFA536F5C7109F2A80E5CD5DA05E495CB8_analysis-1.csv;user-I051881;1;-1368530733;3;true;0.714066327179208;0.0;Infinity;0;A
user-I051881_session-9A785E6798E260C46352A7B90FAD29CFA536F5C7109F2A80E5CD5DA05E495CB8_analysis-1.csv;user-I051881;1;-617206513;2;true;-0.8368377549948914;0.0;Infinity;0;A
user-I051881_session-9A785E6798E260C46352A7B90FAD29CFA536F5C7109F2A80E5CD5DA05E495CB8_analysis-1.csv;user-I051881;1;-1589402573;3;true;-0.6768314917003604;0.0;Infinity;0;A
user-I051881_session-9A785E6798E260C46352A7B90FAD29CFA536F5C7109F2A80E5CD5DA05E495CB8_analysis-1.csv;user-I051881;1;-1805450803;2;true;-0.3378623997812232;0.0;Infinity;0;A
user-I051881_session-9A785E6798E260C46352A7B90FAD29CFA536F5C7109F2A80E5CD5DA05E495CB8_analysis-1.csv;user-I051881;1;-973441772;3;true;-0.74398271464927;0.0;Infinity;0;A
user-I051881_session-9A785E6798E260C46352A7B90FAD29CFA536F5C7109F2A80E5CD5DA05E495CB8_analysis-1.csv;user-I051881;1;-363344234;3;true;-0.6103228641863685;0.0;Infinity;0;A
user-I051881_session-9A785E6798E260C46352A7B90FAD29CFA536F5C7109F2A80E5CD5DA05E495CB8_analysis-1.csv;user-I051881;1;-919454692;3;true;-0.5913662988562935;0.0;Infinity;0;A
user-I051881_session-9A785E6798E260C46352A7B90FAD29CFA536F5C7109F2A80E5CD5DA05E495CB8_analysis-1.csv;user-I051881;1;95551379;2;true;-0.6604453081099565;0.0;Infinity;0;A
user-I051881_session-9A785E6798E260C46352A7B90FAD29CFA536F5C7109F2A80E5CD5DA05E495CB8_analysis-1.csv;user-I051881;1;1144446559;2;true;-0.5229298850375483;0.0;Infinity;0;A
user-I051881_session-9A785E6798E260C46352A7B90FAD29CFA536F5C7109F2A80E5CD5DA05E495CB8_analysis-1.csv;user-I051881;1;1672208418;3;true;0.30601822600640793;0.0;Infinity;0;A
user-I051881_session-9A785E6798E260C46352A7B90FAD29CFA536F5C7109F2A80E5CD5DA05E495CB8_analysis-1.csv;user-I051881;1;-1955716127;3;true;-0.7684013411761462;0.0;Infinity;0;A
user-I051881_session-9A785E6798E260C46352A7B90FAD29CFA536F5C7109F2A80E5CD5DA05E495CB8_analysis-1.csv;user-I051881;1;-1152482503;4;true;2.1865737662933364;0.0;Infinity;0;A
user-I051881_session-9A785E6798E260C46352A7B90FAD29CFA536F5C7109F2A80E5CD5DA05E495CB8_analysis-1.csv;user-I051881;1;-1029588567;4;true;1.908972538408849;0.0;Infinity;0;A
user-I051881_session-9A785E6798E260C46352A7B90FAD29CFA536F5C7109F2A80E5CD5DA05E495CB8_analysis-1.csv;user-I051881;1;-962194463;5;true;0.3387905931872155;0.0;Infinity;0;A
user-I051881_session-9A785E6798E260C46352A7B90FAD29CFA536F5C7109F2A80E5CD5DA05E495CB8_analysis-1.csv;user-I051881;1;-536521702;10;true;0.224087308054389;0.0;Infinity;0;A
user-I051881_session-9A785E6798E260C46352A7B90FAD29CFA536F5C7109F2A80E5CD5DA05E495CB8_analysis-1.csv;user-I051881;1;624583850;5;true;0.308909905463538;0.0;Infinity;0;A
user-I051881_session-9A785E6798E260C46352A7B90FAD29CFA536F5C7109F2A80E5CD5DA05E495CB8_analysis-1.csv;user-I051881;1;-1466508637;3;true;-0.22733598497536237;0.0;Infinity;0;A
user-I051881_session-9A785E6798E260C46352A7B90FAD29CFA536F5C7109F2A80E5CD5DA05E495CB8_analysis-1.csv;user-I051881;1;-482534622;5;true;0.8290909100294935;0.0;Infinity;0;A
user-I051881_session-9A785E6798E260C46352A7B90FAD29CFA536F5C7109F2A80E5CD5DA05E495CB8_analysis-1.csv;user-I051881;1;418960878;3;true;-0.7986033266172826;0.0;Infinity;0;A
user-I051881_session-9A785E6798E260C46352A7B90FAD29CFA536F5C7109F2A80E5CD5DA05E495CB8_analysis-1.csv;user-I051881;1;1544185463;4;true;-0.5833338559198211;0.0;Infinity;0;A
user-I051881_session-9A785E6798E260C46352A7B90FAD29CFA536F5C7109F2A80E5CD5DA05E495CB8_analysis-1.csv;user-I051881;1;258311310;2;true;-0.5756227107008075;0.0;Infinity;0;A
user-I051881_session-9A785E6798E260C46352A7B90FAD29CFA536F5C7109F2A80E5CD5DA05E495CB8_analysis-1.csv;user-I051881;1;-781881470;3;true;-0.7757911886777008;0.0;Infinity;0;A
user-I051881_session-9A785E6798E260C46352A7B90FAD29CFA536F5C7109F2A80E5CD5DA05E495CB8_analysis-1.csv;user-I051881;1;-1106909435;3;true;1.4877512308202339;0.0;Infinity;0;A
user-I051881_session-9A785E6798E260C46352A7B90FAD29CFA536F5C7109F2A80E5CD5DA05E495CB8_analysis-1.csv;user-I051881;1;1366847511;3;true;-0.7780402726999132;0.0;Infinity;0;A
user-I051881_session-9A785E6798E260C46352A7B90FAD29CFA536F5C7109F2A80E5CD5DA05E495CB8_analysis-1.csv;user-I051881;1;1581366629;2;true;0.2983070807873944;0.0;Infinity;0;A
user-I051881_session-9A785E6798E260C46352A7B90FAD29CFA536F5C7109F2A80E5CD5DA05E495CB8_analysis-1.csv;user-I051881;1;1803767581;3;true;0.21541226968299876;0.0;Infinity;0;A
user-I051881_session-9A785E6798E260C46352A7B90FAD29CFA536F5C7109F2A80E5CD5DA05E495CB8_analysis-1.csv;user-I051881;1;-1518796057;3;true;-0.7491234781286124;0.0;Infinity;0;A
user-I051881_session-9A785E6798E260C46352A7B90FAD29CFA536F5C7109F2A80E5CD5DA05E495CB8_analysis-1.csv;user-I051881;1;1744831022;3;true;-0.7825384407443376;0.0;Infinity;0;A
user-I051881_session-9A785E6798E260C46352A7B90FAD29CFA536F5C7109F2A80E5CD5DA05E495CB8_analysis-1.csv;user-I051881;1;585387644;3;true;3.493934178633592;0.0;Infinity;0;A
user-I051881_session-9A785E6798E260C46352A7B90FAD29CFA536F5C7109F2A80E5CD5DA05E495CB8_analysis-1.csv;user-I051881;1;-522716846;3;true;-0.3150502618416415;0.0;Infinity;0;A
user-I051881_session-9A785E6798E260C46352A7B90FAD29CFA536F5C7109F2A80E5CD5DA05E495CB8_analysis-1.csv;user-I051881;1;-1462947188;2;true;-0.737556760300092;0.0;Infinity;0;A
user-I051881_session-9A785E6798E260C46352A7B90FAD29CFA536F5C7109F2A80E5CD5DA05E495CB8_analysis-1.csv;user-I051881;1;1011140631;3;true;-0.7063908817065789;0.0;Infinity;0;A
