session ;user;query position;cell hashcode;cell computation time;novelty;outlierness;relevance;surprise;query label;session label
user-I051430_session-191A7605B9120D77770122570D089290ACF1EB99189D0FA92C367ECD729684C9_analysis-10.csv;user-I051430;1;-1947876358;2;true;NaN;0.0;Infinity;1;C
user-I051430_session-191A7605B9120D77770122570D089290ACF1EB99189D0FA92C367ECD729684C9_analysis-10.csv;user-I051430;2;-1947876358;3;true;NaN;1.0;Infinity;1;C
user-I051430_session-191A7605B9120D77770122570D089290ACF1EB99189D0FA92C367ECD729684C9_analysis-10.csv;user-I051430;3;-1426051237;3;false;NaN;1.0;8.55333223803211;1;C
user-I051430_session-191A7605B9120D77770122570D089290ACF1EB99189D0FA92C367ECD729684C9_analysis-10.csv;user-I051430;4;1076123306;3;false;-0.29842727919623374;1.0;8.558527054909215;0;C
user-I051430_session-191A7605B9120D77770122570D089290ACF1EB99189D0FA92C367ECD729684C9_analysis-10.csv;user-I051430;4;1070456875;3;false;-0.3479705082399473;1.0;8.558527054909215;0;C
user-I051430_session-191A7605B9120D77770122570D089290ACF1EB99189D0FA92C367ECD729684C9_analysis-10.csv;user-I051430;4;-1463507536;4;false;0.07770828408181808;1.0;8.558527054909215;0;C
user-I051430_session-191A7605B9120D77770122570D089290ACF1EB99189D0FA92C367ECD729684C9_analysis-10.csv;user-I051430;4;942701074;4;false;0.2101978257737886;1.0;8.558527054909215;0;C
user-I051430_session-191A7605B9120D77770122570D089290ACF1EB99189D0FA92C367ECD729684C9_analysis-10.csv;user-I051430;4;-996657663;7;false;-0.5968094461847181;1.0;8.558527054909215;0;C
user-I051430_session-191A7605B9120D77770122570D089290ACF1EB99189D0FA92C367ECD729684C9_analysis-10.csv;user-I051430;4;-1389810941;4;false;-0.7051589442633212;1.0;8.558527054909215;0;C
user-I051430_session-191A7605B9120D77770122570D089290ACF1EB99189D0FA92C367ECD729684C9_analysis-10.csv;user-I051430;4;1003581449;4;false;0.3536345965462397;1.0;8.558527054909215;0;C
user-I051430_session-191A7605B9120D77770122570D089290ACF1EB99189D0FA92C367ECD729684C9_analysis-10.csv;user-I051430;4;116399818;3;false;-0.7055799915356473;1.0;8.558527054909215;0;C
user-I051430_session-191A7605B9120D77770122570D089290ACF1EB99189D0FA92C367ECD729684C9_analysis-10.csv;user-I051430;4;526567908;4;false;-0.6841065806470122;1.0;8.558527054909215;0;C
user-I051430_session-191A7605B9120D77770122570D089290ACF1EB99189D0FA92C367ECD729684C9_analysis-10.csv;user-I051430;4;-1150039595;3;false;-0.23246320653179928;1.0;8.558527054909215;0;C
user-I051430_session-191A7605B9120D77770122570D089290ACF1EB99189D0FA92C367ECD729684C9_analysis-10.csv;user-I051430;4;-678874322;3;false;0.6764375053296424;1.0;8.558527054909215;0;C
user-I051430_session-191A7605B9120D77770122570D089290ACF1EB99189D0FA92C367ECD729684C9_analysis-10.csv;user-I051430;4;-833510251;3;false;-0.14741165752191143;1.0;8.558527054909215;0;C
user-I051430_session-191A7605B9120D77770122570D089290ACF1EB99189D0FA92C367ECD729684C9_analysis-10.csv;user-I051430;4;852785433;3;false;2.4571867690878224;1.0;8.558527054909215;0;C
user-I051430_session-191A7605B9120D77770122570D089290ACF1EB99189D0FA92C367ECD729684C9_analysis-10.csv;user-I051430;4;-1913350209;3;false;-0.2859362101172238;1.0;8.558527054909215;0;C
user-I051430_session-191A7605B9120D77770122570D089290ACF1EB99189D0FA92C367ECD729684C9_analysis-10.csv;user-I051430;4;1267678652;6;false;-0.5424943480546413;1.0;8.558527054909215;0;C
user-I051430_session-191A7605B9120D77770122570D089290ACF1EB99189D0FA92C367ECD729684C9_analysis-10.csv;user-I051430;4;1003359607;3;false;0.0233931859517412;1.0;8.558527054909215;0;C
user-I051430_session-191A7605B9120D77770122570D089290ACF1EB99189D0FA92C367ECD729684C9_analysis-10.csv;user-I051430;4;-69067550;4;false;-0.7820702460082363;1.0;8.558527054909215;0;C
user-I051430_session-191A7605B9120D77770122570D089290ACF1EB99189D0FA92C367ECD729684C9_analysis-10.csv;user-I051430;4;-2056211866;2;false;3.521313575346848;1.0;8.558527054909215;0;C
user-I051430_session-191A7605B9120D77770122570D089290ACF1EB99189D0FA92C367ECD729684C9_analysis-10.csv;user-I051430;4;1065039382;4;false;0.6009296944924812;1.0;8.558527054909215;0;C
user-I051430_session-191A7605B9120D77770122570D089290ACF1EB99189D0FA92C367ECD729684C9_analysis-10.csv;user-I051430;4;635859642;5;false;-1.298414550970905;1.0;8.558527054909215;0;C
user-I051430_session-191A7605B9120D77770122570D089290ACF1EB99189D0FA92C367ECD729684C9_analysis-10.csv;user-I051430;4;1454486684;4;false;0.8723648360520903;1.0;8.558527054909215;0;C
user-I051430_session-191A7605B9120D77770122570D089290ACF1EB99189D0FA92C367ECD729684C9_analysis-10.csv;user-I051430;4;1076233951;4;false;-0.014220370376063983;1.0;8.558527054909215;0;C
user-I051430_session-191A7605B9120D77770122570D089290ACF1EB99189D0FA92C367ECD729684C9_analysis-10.csv;user-I051430;4;-350138353;5;false;-0.867823540472001;1.0;8.558527054909215;0;C
user-I051430_session-191A7605B9120D77770122570D089290ACF1EB99189D0FA92C367ECD729684C9_analysis-10.csv;user-I051430;4;913177094;3;false;-0.22418261017605112;1.0;8.558527054909215;0;C
user-I051430_session-191A7605B9120D77770122570D089290ACF1EB99189D0FA92C367ECD729684C9_analysis-10.csv;user-I051430;4;-762399134;3;false;-0.08088618849437541;1.0;8.558527054909215;0;C
user-I051430_session-191A7605B9120D77770122570D089290ACF1EB99189D0FA92C367ECD729684C9_analysis-10.csv;user-I051430;4;1178475036;3;false;-1.1002416347960509;1.0;8.558527054909215;0;C
user-I051430_session-191A7605B9120D77770122570D089290ACF1EB99189D0FA92C367ECD729684C9_analysis-10.csv;user-I051430;4;-1140939035;3;false;0.07307676408623014;1.0;8.558527054909215;0;C
user-I051430_session-191A7605B9120D77770122570D089290ACF1EB99189D0FA92C367ECD729684C9_analysis-10.csv;user-I051430;4;50191213;3;false;0.04795427683743488;1.0;8.558527054909215;0;C
user-I051430_session-191A7605B9120D77770122570D089290ACF1EB99189D0FA92C367ECD729684C9_analysis-10.csv;user-I051430;5;635859642;2;false;NaN;1.0;8.563695025067657;0;C
user-I051430_session-191A7605B9120D77770122570D089290ACF1EB99189D0FA92C367ECD729684C9_analysis-10.csv;user-I051430;6;635859642;4;false;NaN;1.0;8.568836424568076;0;C
user-I051430_session-191A7605B9120D77770122570D089290ACF1EB99189D0FA92C367ECD729684C9_analysis-10.csv;user-I051430;7;550294862;5;true;-0.7343215647098531;1.0;Infinity;1;C
user-I051430_session-191A7605B9120D77770122570D089290ACF1EB99189D0FA92C367ECD729684C9_analysis-10.csv;user-I051430;7;550294915;4;true;-0.4308019846297805;1.0;Infinity;1;C
user-I051430_session-191A7605B9120D77770122570D089290ACF1EB99189D0FA92C367ECD729684C9_analysis-10.csv;user-I051430;7;550294860;4;true;-0.8446923211026068;1.0;Infinity;1;C
user-I051430_session-191A7605B9120D77770122570D089290ACF1EB99189D0FA92C367ECD729684C9_analysis-10.csv;user-I051430;7;550294861;4;true;-0.7895069429062299;1.0;Infinity;1;C
user-I051430_session-191A7605B9120D77770122570D089290ACF1EB99189D0FA92C367ECD729684C9_analysis-10.csv;user-I051430;7;550294919;4;true;0.36938599921768384;1.0;Infinity;1;C
user-I051430_session-191A7605B9120D77770122570D089290ACF1EB99189D0FA92C367ECD729684C9_analysis-10.csv;user-I051430;7;550294858;6;true;-0.9826557665935489;1.0;Infinity;1;C
user-I051430_session-191A7605B9120D77770122570D089290ACF1EB99189D0FA92C367ECD729684C9_analysis-10.csv;user-I051430;7;550294859;4;true;-0.9274703883971721;1.0;Infinity;1;C
user-I051430_session-191A7605B9120D77770122570D089290ACF1EB99189D0FA92C367ECD729684C9_analysis-10.csv;user-I051430;7;550294918;3;true;0.09345910823579959;1.0;Infinity;1;C
user-I051430_session-191A7605B9120D77770122570D089290ACF1EB99189D0FA92C367ECD729684C9_analysis-10.csv;user-I051430;7;550294856;3;true;-1.1482119011826795;1.0;Infinity;1;C
user-I051430_session-191A7605B9120D77770122570D089290ACF1EB99189D0FA92C367ECD729684C9_analysis-10.csv;user-I051430;7;550294917;3;true;0.2314225537267417;1.0;Infinity;1;C
user-I051430_session-191A7605B9120D77770122570D089290ACF1EB99189D0FA92C367ECD729684C9_analysis-10.csv;user-I051430;7;550294857;4;true;-1.0654338338881142;1.0;Infinity;1;C
user-I051430_session-191A7605B9120D77770122570D089290ACF1EB99189D0FA92C367ECD729684C9_analysis-10.csv;user-I051430;7;550294916;4;true;-0.09968971545151938;1.0;Infinity;1;C
user-I051430_session-191A7605B9120D77770122570D089290ACF1EB99189D0FA92C367ECD729684C9_analysis-10.csv;user-I051430;7;550294923;4;true;1.417908184948844;1.0;Infinity;1;C
user-I051430_session-191A7605B9120D77770122570D089290ACF1EB99189D0FA92C367ECD729684C9_analysis-10.csv;user-I051430;7;550294854;4;true;-1.2861753466736217;1.0;Infinity;1;C
user-I051430_session-191A7605B9120D77770122570D089290ACF1EB99189D0FA92C367ECD729684C9_analysis-10.csv;user-I051430;7;550294922;3;true;1.362722806752467;1.0;Infinity;1;C
user-I051430_session-191A7605B9120D77770122570D089290ACF1EB99189D0FA92C367ECD729684C9_analysis-10.csv;user-I051430;7;550294855;2;true;-1.2309899684772447;1.0;Infinity;1;C
user-I051430_session-191A7605B9120D77770122570D089290ACF1EB99189D0FA92C367ECD729684C9_analysis-10.csv;user-I051430;7;550294921;3;true;1.031610537574206;1.0;Infinity;1;C
user-I051430_session-191A7605B9120D77770122570D089290ACF1EB99189D0FA92C367ECD729684C9_analysis-10.csv;user-I051430;7;550294920;3;true;0.8108690247886986;1.0;Infinity;1;C
user-I051430_session-191A7605B9120D77770122570D089290ACF1EB99189D0FA92C367ECD729684C9_analysis-10.csv;user-I051430;7;550294853;2;true;-1.368953413968187;1.0;Infinity;1;C
user-I051430_session-191A7605B9120D77770122570D089290ACF1EB99189D0FA92C367ECD729684C9_analysis-10.csv;user-I051430;7;550294924;4;true;1.6110570086361629;1.0;Infinity;1;C
user-I051430_session-191A7605B9120D77770122570D089290ACF1EB99189D0FA92C367ECD729684C9_analysis-10.csv;user-I051430;7;550294892;3;true;-0.2376531609424615;1.0;Infinity;1;C
user-I051430_session-191A7605B9120D77770122570D089290ACF1EB99189D0FA92C367ECD729684C9_analysis-10.csv;user-I051430;7;550294893;3;true;-0.3480239173352152;1.0;Infinity;1;C
user-I051430_session-191A7605B9120D77770122570D089290ACF1EB99189D0FA92C367ECD729684C9_analysis-10.csv;user-I051430;7;550294946;2;true;0.8384617138868871;1.0;Infinity;1;C
user-I051430_session-191A7605B9120D77770122570D089290ACF1EB99189D0FA92C367ECD729684C9_analysis-10.csv;user-I051430;7;550294888;3;true;0.36938599921768384;1.0;Infinity;1;C
user-I051430_session-191A7605B9120D77770122570D089290ACF1EB99189D0FA92C367ECD729684C9_analysis-10.csv;user-I051430;7;550294889;3;true;1.886983899618047;1.0;Infinity;1;C
user-I051430_session-191A7605B9120D77770122570D089290ACF1EB99189D0FA92C367ECD729684C9_analysis-10.csv;user-I051430;7;550294890;3;true;2.0525400342071776;1.0;Infinity;1;C
user-I051430_session-191A7605B9120D77770122570D089290ACF1EB99189D0FA92C367ECD729684C9_analysis-10.csv;user-I051430;7;550294891;3;true;-0.29283853913883834;1.0;Infinity;1;C
user-I051430_session-191A7605B9120D77770122570D089290ACF1EB99189D0FA92C367ECD729684C9_analysis-10.csv;user-I051430;7;550294884;3;true;-0.6515434974152878;1.0;Infinity;1;C
user-I051430_session-191A7605B9120D77770122570D089290ACF1EB99189D0FA92C367ECD729684C9_analysis-10.csv;user-I051430;7;550294885;3;true;-0.5411727410225342;1.0;Infinity;1;C
user-I051430_session-191A7605B9120D77770122570D089290ACF1EB99189D0FA92C367ECD729684C9_analysis-10.csv;user-I051430;7;550294886;3;true;0.121051797333988;1.0;Infinity;1;C
user-I051430_session-191A7605B9120D77770122570D089290ACF1EB99189D0FA92C367ECD729684C9_analysis-10.csv;user-I051430;7;550294887;4;true;0.7832763356905101;1.0;Infinity;1;C
