session ;user;query position;cell hashcode;cell computation time;novelty;outlierness;relevance;surprise;query label;session label
user-I051911_session-547BFC0A9BECA12855B0C21A1D028732A75106E4BFAC87C9590A6616878B5C90_analysis-1.csv;user-I051911;1;-628786206;3;false;0.8410073954686227;1.0;15.010778732812483;1;B
user-I051911_session-547BFC0A9BECA12855B0C21A1D028732A75106E4BFAC87C9590A6616878B5C90_analysis-1.csv;user-I051911;1;1392994500;4;false;2.5815583452997806;1.0;14.094488000938327;1;B
user-I051911_session-547BFC0A9BECA12855B0C21A1D028732A75106E4BFAC87C9590A6616878B5C90_analysis-1.csv;user-I051911;1;1324866657;6;false;-0.2211660302100319;1.0;14.094488000938327;1;B
user-I051911_session-547BFC0A9BECA12855B0C21A1D028732A75106E4BFAC87C9590A6616878B5C90_analysis-1.csv;user-I051911;1;-628793669;3;false;-0.3800721480058836;1.0;15.010778732812483;1;B
user-I051911_session-547BFC0A9BECA12855B0C21A1D028732A75106E4BFAC87C9590A6616878B5C90_analysis-1.csv;user-I051911;1;2133837286;4;false;-1.123233635075845;1.0;15.010778732812483;1;B
user-I051911_session-547BFC0A9BECA12855B0C21A1D028732A75106E4BFAC87C9590A6616878B5C90_analysis-1.csv;user-I051911;1;1465956751;4;false;0.5519880322846783;1.0;14.094488000938327;1;B
user-I051911_session-547BFC0A9BECA12855B0C21A1D028732A75106E4BFAC87C9590A6616878B5C90_analysis-1.csv;user-I051911;1;-1323045129;3;false;-0.4986246188666186;1.0;14.094488000938327;1;B
user-I051911_session-547BFC0A9BECA12855B0C21A1D028732A75106E4BFAC87C9590A6616878B5C90_analysis-1.csv;user-I051911;1;-1111609749;3;false;-0.7516528915408642;1.0;14.094488000938327;1;B
user-I051911_session-547BFC0A9BECA12855B0C21A1D028732A75106E4BFAC87C9590A6616878B5C90_analysis-1.csv;user-I051911;1;-1254917286;3;false;0.3081211281038105;1.0;14.094488000938327;1;B
user-I051911_session-547BFC0A9BECA12855B0C21A1D028732A75106E4BFAC87C9590A6616878B5C90_analysis-1.csv;user-I051911;1;1536302037;3;false;-0.6128145333019355;1.0;14.094488000938327;1;B
user-I051911_session-547BFC0A9BECA12855B0C21A1D028732A75106E4BFAC87C9590A6616878B5C90_analysis-1.csv;user-I051911;1;1082330856;3;false;-0.6694187029217344;1.0;14.094488000938327;1;B
user-I051911_session-547BFC0A9BECA12855B0C21A1D028732A75106E4BFAC87C9590A6616878B5C90_analysis-1.csv;user-I051911;1;-1181955035;2;false;-0.8784942196098934;1.0;14.094488000938327;1;B
user-I051911_session-547BFC0A9BECA12855B0C21A1D028732A75106E4BFAC87C9590A6616878B5C90_analysis-1.csv;user-I051911;1;-1090708725;3;false;-0.2810421171488943;1.0;15.010778732812483;1;B
user-I051911_session-547BFC0A9BECA12855B0C21A1D028732A75106E4BFAC87C9590A6616878B5C90_analysis-1.csv;user-I051911;1;-564724654;4;false;1.1338439955248079;1.0;14.094488000938327;1;B
user-I051911_session-547BFC0A9BECA12855B0C21A1D028732A75106E4BFAC87C9590A6616878B5C90_analysis-1.csv;user-I051911;2;-628786206;3;false;0.8410073954686227;1.0;15.010778732812483;1;B
user-I051911_session-547BFC0A9BECA12855B0C21A1D028732A75106E4BFAC87C9590A6616878B5C90_analysis-1.csv;user-I051911;2;1392994500;4;false;2.5815583452997806;1.0;14.094488000938327;1;B
user-I051911_session-547BFC0A9BECA12855B0C21A1D028732A75106E4BFAC87C9590A6616878B5C90_analysis-1.csv;user-I051911;2;1324866657;3;false;-0.2211660302100319;1.0;14.094488000938327;1;B
user-I051911_session-547BFC0A9BECA12855B0C21A1D028732A75106E4BFAC87C9590A6616878B5C90_analysis-1.csv;user-I051911;2;-628793669;3;false;-0.3800721480058836;1.0;15.010778732812483;1;B
user-I051911_session-547BFC0A9BECA12855B0C21A1D028732A75106E4BFAC87C9590A6616878B5C90_analysis-1.csv;user-I051911;2;2133837286;3;false;-1.123233635075845;1.0;15.010778732812483;1;B
user-I051911_session-547BFC0A9BECA12855B0C21A1D028732A75106E4BFAC87C9590A6616878B5C90_analysis-1.csv;user-I051911;2;1465956751;4;false;0.5519880322846783;1.0;14.094488000938327;1;B
user-I051911_session-547BFC0A9BECA12855B0C21A1D028732A75106E4BFAC87C9590A6616878B5C90_analysis-1.csv;user-I051911;2;-1323045129;3;false;-0.4986246188666186;1.0;14.094488000938327;1;B
user-I051911_session-547BFC0A9BECA12855B0C21A1D028732A75106E4BFAC87C9590A6616878B5C90_analysis-1.csv;user-I051911;2;-1111609749;5;false;-0.7516528915408642;1.0;14.094488000938327;1;B
user-I051911_session-547BFC0A9BECA12855B0C21A1D028732A75106E4BFAC87C9590A6616878B5C90_analysis-1.csv;user-I051911;2;-1254917286;3;false;0.3081211281038105;1.0;14.094488000938327;1;B
user-I051911_session-547BFC0A9BECA12855B0C21A1D028732A75106E4BFAC87C9590A6616878B5C90_analysis-1.csv;user-I051911;2;1536302037;5;false;-0.6128145333019355;1.0;14.094488000938327;1;B
user-I051911_session-547BFC0A9BECA12855B0C21A1D028732A75106E4BFAC87C9590A6616878B5C90_analysis-1.csv;user-I051911;2;1082330856;4;false;-0.6694187029217344;1.0;14.094488000938327;1;B
user-I051911_session-547BFC0A9BECA12855B0C21A1D028732A75106E4BFAC87C9590A6616878B5C90_analysis-1.csv;user-I051911;2;-1181955035;4;false;-0.8784942196098934;1.0;14.094488000938327;1;B
user-I051911_session-547BFC0A9BECA12855B0C21A1D028732A75106E4BFAC87C9590A6616878B5C90_analysis-1.csv;user-I051911;2;-1090708725;4;false;-0.2810421171488943;1.0;15.010778732812483;1;B
user-I051911_session-547BFC0A9BECA12855B0C21A1D028732A75106E4BFAC87C9590A6616878B5C90_analysis-1.csv;user-I051911;2;-564724654;3;false;1.1338439955248079;1.0;14.094488000938327;1;B
user-I051911_session-547BFC0A9BECA12855B0C21A1D028732A75106E4BFAC87C9590A6616878B5C90_analysis-1.csv;user-I051911;3;-628786206;5;false;0.8410073954686227;1.0;15.010778732812483;1;B
user-I051911_session-547BFC0A9BECA12855B0C21A1D028732A75106E4BFAC87C9590A6616878B5C90_analysis-1.csv;user-I051911;3;1392994500;4;false;2.5815583452997806;1.0;14.094488000938327;1;B
user-I051911_session-547BFC0A9BECA12855B0C21A1D028732A75106E4BFAC87C9590A6616878B5C90_analysis-1.csv;user-I051911;3;1324866657;4;false;-0.2211660302100319;1.0;14.094488000938327;1;B
user-I051911_session-547BFC0A9BECA12855B0C21A1D028732A75106E4BFAC87C9590A6616878B5C90_analysis-1.csv;user-I051911;3;-628793669;5;false;-0.3800721480058836;1.0;15.010778732812483;1;B
user-I051911_session-547BFC0A9BECA12855B0C21A1D028732A75106E4BFAC87C9590A6616878B5C90_analysis-1.csv;user-I051911;3;2133837286;55;false;-1.123233635075845;1.0;15.010778732812483;1;B
user-I051911_session-547BFC0A9BECA12855B0C21A1D028732A75106E4BFAC87C9590A6616878B5C90_analysis-1.csv;user-I051911;3;1465956751;4;false;0.5519880322846783;1.0;14.094488000938327;1;B
user-I051911_session-547BFC0A9BECA12855B0C21A1D028732A75106E4BFAC87C9590A6616878B5C90_analysis-1.csv;user-I051911;3;-1323045129;3;false;-0.4986246188666186;1.0;14.094488000938327;1;B
user-I051911_session-547BFC0A9BECA12855B0C21A1D028732A75106E4BFAC87C9590A6616878B5C90_analysis-1.csv;user-I051911;3;-1111609749;4;false;-0.7516528915408642;1.0;14.094488000938327;1;B
user-I051911_session-547BFC0A9BECA12855B0C21A1D028732A75106E4BFAC87C9590A6616878B5C90_analysis-1.csv;user-I051911;3;-1254917286;3;false;0.3081211281038105;1.0;14.094488000938327;1;B
user-I051911_session-547BFC0A9BECA12855B0C21A1D028732A75106E4BFAC87C9590A6616878B5C90_analysis-1.csv;user-I051911;3;1536302037;3;false;-0.6128145333019355;1.0;14.094488000938327;1;B
user-I051911_session-547BFC0A9BECA12855B0C21A1D028732A75106E4BFAC87C9590A6616878B5C90_analysis-1.csv;user-I051911;3;1082330856;4;false;-0.6694187029217344;1.0;14.094488000938327;1;B
user-I051911_session-547BFC0A9BECA12855B0C21A1D028732A75106E4BFAC87C9590A6616878B5C90_analysis-1.csv;user-I051911;3;-1181955035;3;false;-0.8784942196098934;1.0;14.094488000938327;1;B
user-I051911_session-547BFC0A9BECA12855B0C21A1D028732A75106E4BFAC87C9590A6616878B5C90_analysis-1.csv;user-I051911;3;-1090708725;4;false;-0.2810421171488943;1.0;15.010778732812483;1;B
user-I051911_session-547BFC0A9BECA12855B0C21A1D028732A75106E4BFAC87C9590A6616878B5C90_analysis-1.csv;user-I051911;3;-564724654;3;false;1.1338439955248079;1.0;14.094488000938327;1;B
user-I051911_session-547BFC0A9BECA12855B0C21A1D028732A75106E4BFAC87C9590A6616878B5C90_analysis-1.csv;user-I051911;4;-628786206;3;false;0.7983280405487506;1.0;15.010778732812483;1;B
user-I051911_session-547BFC0A9BECA12855B0C21A1D028732A75106E4BFAC87C9590A6616878B5C90_analysis-1.csv;user-I051911;4;-628793669;3;false;-0.40724571156741396;1.0;15.010778732812483;1;B
user-I051911_session-547BFC0A9BECA12855B0C21A1D028732A75106E4BFAC87C9590A6616878B5C90_analysis-1.csv;user-I051911;4;2133837286;4;false;-1.1409702155795205;1.0;15.010778732812483;1;B
user-I051911_session-547BFC0A9BECA12855B0C21A1D028732A75106E4BFAC87C9590A6616878B5C90_analysis-1.csv;user-I051911;4;1465956751;3;false;0.5129787691028918;1.0;14.094488000938327;1;B
user-I051911_session-547BFC0A9BECA12855B0C21A1D028732A75106E4BFAC87C9590A6616878B5C90_analysis-1.csv;user-I051911;4;-1323045129;3;false;-0.5242927523453945;1.0;14.094488000938327;1;B
user-I051911_session-547BFC0A9BECA12855B0C21A1D028732A75106E4BFAC87C9590A6616878B5C90_analysis-1.csv;user-I051911;4;-1254917286;3;false;0.27220859138480097;1.0;14.094488000938327;1;B
user-I051911_session-547BFC0A9BECA12855B0C21A1D028732A75106E4BFAC87C9590A6616878B5C90_analysis-1.csv;user-I051911;4;-1111609749;3;false;-0.7741079635734672;1.0;14.094488000938327;1;B
user-I051911_session-547BFC0A9BECA12855B0C21A1D028732A75106E4BFAC87C9590A6616878B5C90_analysis-1.csv;user-I051911;4;-178146308;3;false;-0.8364540874101285;1.0;14.094488000938327;1;B
user-I051911_session-547BFC0A9BECA12855B0C21A1D028732A75106E4BFAC87C9590A6616878B5C90_analysis-1.csv;user-I051911;4;1951725282;4;false;0.225906634131322;1.0;15.010778732812483;1;B
user-I051911_session-547BFC0A9BECA12855B0C21A1D028732A75106E4BFAC87C9590A6616878B5C90_analysis-1.csv;user-I051911;4;419388941;4;false;-1.1491538173266471;1.0;15.010778732812483;1;B
user-I051911_session-547BFC0A9BECA12855B0C21A1D028732A75106E4BFAC87C9590A6616878B5C90_analysis-1.csv;user-I051911;4;1951732745;4;false;1.6558833604713243;1.0;15.010778732812483;1;B
user-I051911_session-547BFC0A9BECA12855B0C21A1D028732A75106E4BFAC87C9590A6616878B5C90_analysis-1.csv;user-I051911;4;1257473822;6;false;-0.5915921088184745;1.0;14.094488000938327;1;B
user-I051911_session-547BFC0A9BECA12855B0C21A1D028732A75106E4BFAC87C9590A6616878B5C90_analysis-1.csv;user-I051911;4;1398563916;5;false;-0.8246094006708664;1.0;14.094488000938327;1;B
user-I051911_session-547BFC0A9BECA12855B0C21A1D028732A75106E4BFAC87C9590A6616878B5C90_analysis-1.csv;user-I051911;4;1392994500;5;false;2.5167767284749627;1.0;14.094488000938327;1;B
user-I051911_session-547BFC0A9BECA12855B0C21A1D028732A75106E4BFAC87C9590A6616878B5C90_analysis-1.csv;user-I051911;4;-248491594;5;false;-0.019170702401045854;1.0;14.094488000938327;1;B
user-I051911_session-547BFC0A9BECA12855B0C21A1D028732A75106E4BFAC87C9590A6616878B5C90_analysis-1.csv;user-I051911;4;1324866657;7;false;-0.25035745175737;1.0;14.094488000938327;1;B
user-I051911_session-547BFC0A9BECA12855B0C21A1D028732A75106E4BFAC87C9590A6616878B5C90_analysis-1.csv;user-I051911;4;-321453845;4;false;2.2453180442051477;1.0;14.094488000938327;1;B
user-I051911_session-547BFC0A9BECA12855B0C21A1D028732A75106E4BFAC87C9590A6616878B5C90_analysis-1.csv;user-I051911;4;1489810226;3;false;0.09346150059230071;1.0;15.010778732812483;1;B
user-I051911_session-547BFC0A9BECA12855B0C21A1D028732A75106E4BFAC87C9590A6616878B5C90_analysis-1.csv;user-I051911;4;-632117489;4;false;-0.7889676614827232;1.0;14.094488000938327;1;B
user-I051911_session-547BFC0A9BECA12855B0C21A1D028732A75106E4BFAC87C9590A6616878B5C90_analysis-1.csv;user-I051911;4;2015794297;3;false;1.4603383503031433;1.0;14.094488000938327;1;B
user-I051911_session-547BFC0A9BECA12855B0C21A1D028732A75106E4BFAC87C9590A6616878B5C90_analysis-1.csv;user-I051911;4;1468909202;4;false;-0.6627679082244038;1.0;14.094488000938327;1;B
user-I051911_session-547BFC0A9BECA12855B0C21A1D028732A75106E4BFAC87C9590A6616878B5C90_analysis-1.csv;user-I051911;4;1536302037;3;false;-0.6370326343090981;1.0;14.094488000938327;1;B
user-I051911_session-547BFC0A9BECA12855B0C21A1D028732A75106E4BFAC87C9590A6616878B5C90_analysis-1.csv;user-I051911;4;-1090708725;5;false;-0.30947320648332344;1.0;15.010778732812483;1;B
user-I051911_session-547BFC0A9BECA12855B0C21A1D028732A75106E4BFAC87C9590A6616878B5C90_analysis-1.csv;user-I051911;4;-1181955035;5;false;-0.8993386060985743;1.0;14.094488000938327;1;B
user-I051911_session-547BFC0A9BECA12855B0C21A1D028732A75106E4BFAC87C9590A6616878B5C90_analysis-1.csv;user-I051911;4;1082330856;4;false;-0.6929180199243437;1.0;14.094488000938327;1;B
user-I051911_session-547BFC0A9BECA12855B0C21A1D028732A75106E4BFAC87C9590A6616878B5C90_analysis-1.csv;user-I051911;4;-389581688;4;false;-0.46366949203444413;1.0;14.094488000938327;1;B
user-I051911_session-547BFC0A9BECA12855B0C21A1D028732A75106E4BFAC87C9590A6616878B5C90_analysis-1.csv;user-I051911;4;1325601665;4;false;0.103475644835495;1.0;14.094488000938327;1;B
user-I051911_session-547BFC0A9BECA12855B0C21A1D028732A75106E4BFAC87C9590A6616878B5C90_analysis-1.csv;user-I051911;4;-564724654;5;false;1.087446075957102;1.0;14.094488000938327;1;B
