session ;user;query position;cell hashcode;cell computation time;novelty;outlierness;relevance;surprise;query label;session label
user-I301280_session-97AFC965ABF526B36B105A3821C9BD1C9F1390DB3D7B2B07D7C6A16AF3061CF2_analysis-11.csv;user-I301280;1;-1932430166;2;true;1.1976118304584173;0.0;Infinity;1;A
user-I301280_session-97AFC965ABF526B36B105A3821C9BD1C9F1390DB3D7B2B07D7C6A16AF3061CF2_analysis-11.csv;user-I301280;1;1828983515;3;true;-0.7938479174489351;0.0;Infinity;1;A
user-I301280_session-97AFC965ABF526B36B105A3821C9BD1C9F1390DB3D7B2B07D7C6A16AF3061CF2_analysis-11.csv;user-I301280;1;938365628;2;true;-0.477128258783422;0.0;Infinity;1;A
user-I301280_session-97AFC965ABF526B36B105A3821C9BD1C9F1390DB3D7B2B07D7C6A16AF3061CF2_analysis-11.csv;user-I301280;1;-1426051237;3;true;-0.8866782249433975;0.0;Infinity;1;A
user-I301280_session-97AFC965ABF526B36B105A3821C9BD1C9F1390DB3D7B2B07D7C6A16AF3061CF2_analysis-11.csv;user-I301280;1;495467645;2;true;0.9600425707173373;0.0;Infinity;1;A
