session ;user;query position;cell hashcode;cell computation time;novelty;outlierness;relevance;surprise;query label;session label
user-a_session-29AF06B372FD52129AAB65DA477E308EC73CF0D44087D05DA8D39C7BE425D30E_analysis-9.csv;user-a;1;478849303;4;true;0.12446981236486233;0.0;Infinity;1;B
user-a_session-29AF06B372FD52129AAB65DA477E308EC73CF0D44087D05DA8D39C7BE425D30E_analysis-9.csv;user-a;1;-260703361;4;true;0.014142776485180985;0.0;Infinity;1;B
user-a_session-29AF06B372FD52129AAB65DA477E308EC73CF0D44087D05DA8D39C7BE425D30E_analysis-9.csv;user-a;1;-1594298490;5;true;-0.33907224612415177;0.0;Infinity;1;B
user-a_session-29AF06B372FD52129AAB65DA477E308EC73CF0D44087D05DA8D39C7BE425D30E_analysis-9.csv;user-a;1;807628753;3;true;-0.62115663838383;0.0;Infinity;1;B
user-a_session-29AF06B372FD52129AAB65DA477E308EC73CF0D44087D05DA8D39C7BE425D30E_analysis-9.csv;user-a;1;-867661671;4;true;-0.6604229500476297;0.0;Infinity;1;B
user-a_session-29AF06B372FD52129AAB65DA477E308EC73CF0D44087D05DA8D39C7BE425D30E_analysis-9.csv;user-a;1;-524688409;4;true;-0.6641712991090305;0.0;Infinity;1;B
user-a_session-29AF06B372FD52129AAB65DA477E308EC73CF0D44087D05DA8D39C7BE425D30E_analysis-9.csv;user-a;1;-1528449507;4;true;2.1462105448145987;0.0;Infinity;1;B
user-a_session-29AF06B372FD52129AAB65DA477E308EC73CF0D44087D05DA8D39C7BE425D30E_analysis-9.csv;user-a;2;1839371490;7;true;1.2663470969140205;0.0;Infinity;1;B
user-a_session-29AF06B372FD52129AAB65DA477E308EC73CF0D44087D05DA8D39C7BE425D30E_analysis-9.csv;user-a;2;-1792183939;6;true;-0.5041387276338197;0.0;Infinity;1;B
user-a_session-29AF06B372FD52129AAB65DA477E308EC73CF0D44087D05DA8D39C7BE425D30E_analysis-9.csv;user-a;2;2031358378;13;true;-0.47073333471782275;0.0;Infinity;1;B
user-a_session-29AF06B372FD52129AAB65DA477E308EC73CF0D44087D05DA8D39C7BE425D30E_analysis-9.csv;user-a;2;745338717;10;true;-0.47073333471782275;0.0;Infinity;1;B
user-a_session-29AF06B372FD52129AAB65DA477E308EC73CF0D44087D05DA8D39C7BE425D30E_analysis-9.csv;user-a;2;-713157430;6;true;1.7340225977379782;0.0;Infinity;1;B
user-a_session-29AF06B372FD52129AAB65DA477E308EC73CF0D44087D05DA8D39C7BE425D30E_analysis-9.csv;user-a;2;-1126540036;5;true;-0.5041387276338197;0.0;Infinity;1;B
user-a_session-29AF06B372FD52129AAB65DA477E308EC73CF0D44087D05DA8D39C7BE425D30E_analysis-9.csv;user-a;2;-1653098493;5;true;-0.5041387276338197;0.0;Infinity;1;B
user-a_session-29AF06B372FD52129AAB65DA477E308EC73CF0D44087D05DA8D39C7BE425D30E_analysis-9.csv;user-a;2;1812993890;5;true;-0.33711176305383483;0.0;Infinity;1;B
user-a_session-29AF06B372FD52129AAB65DA477E308EC73CF0D44087D05DA8D39C7BE425D30E_analysis-9.csv;user-a;2;-1497038157;7;true;-0.3705171559698318;0.0;Infinity;1;B
user-a_session-29AF06B372FD52129AAB65DA477E308EC73CF0D44087D05DA8D39C7BE425D30E_analysis-9.csv;user-a;2;-1244043882;6;true;-0.5041387276338197;0.0;Infinity;1;B
user-a_session-29AF06B372FD52129AAB65DA477E308EC73CF0D44087D05DA8D39C7BE425D30E_analysis-9.csv;user-a;2;1143378652;8;true;-0.47073333471782275;0.0;Infinity;1;B
user-a_session-29AF06B372FD52129AAB65DA477E308EC73CF0D44087D05DA8D39C7BE425D30E_analysis-9.csv;user-a;2;1825276956;6;true;-0.2703009772218409;0.0;Infinity;1;B
user-a_session-29AF06B372FD52129AAB65DA477E308EC73CF0D44087D05DA8D39C7BE425D30E_analysis-9.csv;user-a;2;-751206855;5;true;-0.06986861972585895;0.0;Infinity;1;B
user-a_session-29AF06B372FD52129AAB65DA477E308EC73CF0D44087D05DA8D39C7BE425D30E_analysis-9.csv;user-a;2;-1156381695;7;true;0.43121227401409584;0.0;Infinity;1;B
user-a_session-29AF06B372FD52129AAB65DA477E308EC73CF0D44087D05DA8D39C7BE425D30E_analysis-9.csv;user-a;2;-2083061661;7;true;-0.47073333471782275;0.0;Infinity;1;B
user-a_session-29AF06B372FD52129AAB65DA477E308EC73CF0D44087D05DA8D39C7BE425D30E_analysis-9.csv;user-a;2;563104434;7;true;-0.5041387276338197;0.0;Infinity;1;B
user-a_session-29AF06B372FD52129AAB65DA477E308EC73CF0D44087D05DA8D39C7BE425D30E_analysis-9.csv;user-a;2;-1434024711;7;true;-0.23689558430584387;0.0;Infinity;1;B
user-a_session-29AF06B372FD52129AAB65DA477E308EC73CF0D44087D05DA8D39C7BE425D30E_analysis-9.csv;user-a;2;2103587953;7;true;-0.30370637013783786;0.0;Infinity;1;B
user-a_session-29AF06B372FD52129AAB65DA477E308EC73CF0D44087D05DA8D39C7BE425D30E_analysis-9.csv;user-a;2;539152537;8;true;-0.47073333471782275;0.0;Infinity;1;B
user-a_session-29AF06B372FD52129AAB65DA477E308EC73CF0D44087D05DA8D39C7BE425D30E_analysis-9.csv;user-a;2;1943139132;7;true;-0.5041387276338197;0.0;Infinity;1;B
user-a_session-29AF06B372FD52129AAB65DA477E308EC73CF0D44087D05DA8D39C7BE425D30E_analysis-9.csv;user-a;2;-2000656530;6;true;0.030347559022132004;0.0;Infinity;1;B
user-a_session-29AF06B372FD52129AAB65DA477E308EC73CF0D44087D05DA8D39C7BE425D30E_analysis-9.csv;user-a;2;-132788662;6;true;-0.4039225488858288;0.0;Infinity;1;B
user-a_session-29AF06B372FD52129AAB65DA477E308EC73CF0D44087D05DA8D39C7BE425D30E_analysis-9.csv;user-a;2;-1602579190;6;true;0.063752951938129;0.0;Infinity;1;B
user-a_session-29AF06B372FD52129AAB65DA477E308EC73CF0D44087D05DA8D39C7BE425D30E_analysis-9.csv;user-a;2;-710910525;5;true;-0.47073333471782275;0.0;Infinity;1;B
user-a_session-29AF06B372FD52129AAB65DA477E308EC73CF0D44087D05DA8D39C7BE425D30E_analysis-9.csv;user-a;2;-1865454618;8;true;-0.2034901913898469;0.0;Infinity;1;B
user-a_session-29AF06B372FD52129AAB65DA477E308EC73CF0D44087D05DA8D39C7BE425D30E_analysis-9.csv;user-a;2;-1382758709;7;true;0.7986715960900627;0.0;Infinity;1;B
user-a_session-29AF06B372FD52129AAB65DA477E308EC73CF0D44087D05DA8D39C7BE425D30E_analysis-9.csv;user-a;2;356008419;8;true;-0.5041387276338197;0.0;Infinity;1;B
user-a_session-29AF06B372FD52129AAB65DA477E308EC73CF0D44087D05DA8D39C7BE425D30E_analysis-9.csv;user-a;2;-1005830028;5;true;-0.33711176305383483;0.0;Infinity;1;B
user-a_session-29AF06B372FD52129AAB65DA477E308EC73CF0D44087D05DA8D39C7BE425D30E_analysis-9.csv;user-a;2;-1876601314;5;true;-0.47073333471782275;0.0;Infinity;1;B
user-a_session-29AF06B372FD52129AAB65DA477E308EC73CF0D44087D05DA8D39C7BE425D30E_analysis-9.csv;user-a;2;1689119143;6;true;-0.5041387276338197;0.0;Infinity;1;B
user-a_session-29AF06B372FD52129AAB65DA477E308EC73CF0D44087D05DA8D39C7BE425D30E_analysis-9.csv;user-a;2;309825661;6;true;-0.5041387276338197;0.0;Infinity;1;B
user-a_session-29AF06B372FD52129AAB65DA477E308EC73CF0D44087D05DA8D39C7BE425D30E_analysis-9.csv;user-a;2;2136984046;5;true;-0.5041387276338197;0.0;Infinity;1;B
user-a_session-29AF06B372FD52129AAB65DA477E308EC73CF0D44087D05DA8D39C7BE425D30E_analysis-9.csv;user-a;2;-2079667762;6;true;-0.5041387276338197;0.0;Infinity;1;B
user-a_session-29AF06B372FD52129AAB65DA477E308EC73CF0D44087D05DA8D39C7BE425D30E_analysis-9.csv;user-a;2;-1864096909;6;true;-0.5041387276338197;0.0;Infinity;1;B
user-a_session-29AF06B372FD52129AAB65DA477E308EC73CF0D44087D05DA8D39C7BE425D30E_analysis-9.csv;user-a;2;-1195226890;5;true;-0.5041387276338197;0.0;Infinity;1;B
user-a_session-29AF06B372FD52129AAB65DA477E308EC73CF0D44087D05DA8D39C7BE425D30E_analysis-9.csv;user-a;2;128449865;7;true;-0.33711176305383483;0.0;Infinity;1;B
user-a_session-29AF06B372FD52129AAB65DA477E308EC73CF0D44087D05DA8D39C7BE425D30E_analysis-9.csv;user-a;2;1373725757;7;true;1.6338064189899872;0.0;Infinity;1;B
user-a_session-29AF06B372FD52129AAB65DA477E308EC73CF0D44087D05DA8D39C7BE425D30E_analysis-9.csv;user-a;2;-35038982;5;true;-0.23689558430584387;0.0;Infinity;1;B
user-a_session-29AF06B372FD52129AAB65DA477E308EC73CF0D44087D05DA8D39C7BE425D30E_analysis-9.csv;user-a;2;1169729902;6;true;-0.33711176305383483;0.0;Infinity;1;B
user-a_session-29AF06B372FD52129AAB65DA477E308EC73CF0D44087D05DA8D39C7BE425D30E_analysis-9.csv;user-a;2;1952899142;5;true;-0.47073333471782275;0.0;Infinity;1;B
user-a_session-29AF06B372FD52129AAB65DA477E308EC73CF0D44087D05DA8D39C7BE425D30E_analysis-9.csv;user-a;2;-1503611877;5;true;-0.5041387276338197;0.0;Infinity;1;B
user-a_session-29AF06B372FD52129AAB65DA477E308EC73CF0D44087D05DA8D39C7BE425D30E_analysis-9.csv;user-a;2;-1701220141;6;true;-0.3705171559698318;0.0;Infinity;1;B
user-a_session-29AF06B372FD52129AAB65DA477E308EC73CF0D44087D05DA8D39C7BE425D30E_analysis-9.csv;user-a;2;1513154710;6;true;1.4667794544100023;0.0;Infinity;1;B
user-a_session-29AF06B372FD52129AAB65DA477E308EC73CF0D44087D05DA8D39C7BE425D30E_analysis-9.csv;user-a;2;-738776152;6;true;-0.5041387276338197;0.0;Infinity;1;B
user-a_session-29AF06B372FD52129AAB65DA477E308EC73CF0D44087D05DA8D39C7BE425D30E_analysis-9.csv;user-a;2;1625645123;5;true;-0.5041387276338197;0.0;Infinity;1;B
user-a_session-29AF06B372FD52129AAB65DA477E308EC73CF0D44087D05DA8D39C7BE425D30E_analysis-9.csv;user-a;2;-387053139;6;true;0.030347559022132004;0.0;Infinity;1;B
user-a_session-29AF06B372FD52129AAB65DA477E308EC73CF0D44087D05DA8D39C7BE425D30E_analysis-9.csv;user-a;2;-1324964915;6;true;4.640291781429715;0.0;Infinity;1;B
user-a_session-29AF06B372FD52129AAB65DA477E308EC73CF0D44087D05DA8D39C7BE425D30E_analysis-9.csv;user-a;2;2136710202;5;true;-0.5041387276338197;0.0;Infinity;1;B
user-a_session-29AF06B372FD52129AAB65DA477E308EC73CF0D44087D05DA8D39C7BE425D30E_analysis-9.csv;user-a;2;-2079676526;6;true;-0.2034901913898469;0.0;Infinity;1;B
user-a_session-29AF06B372FD52129AAB65DA477E308EC73CF0D44087D05DA8D39C7BE425D30E_analysis-9.csv;user-a;2;-2096395021;6;true;-0.47073333471782275;0.0;Infinity;1;B
user-a_session-29AF06B372FD52129AAB65DA477E308EC73CF0D44087D05DA8D39C7BE425D30E_analysis-9.csv;user-a;2;84023347;5;true;-0.43732794180182577;0.0;Infinity;1;B
user-a_session-29AF06B372FD52129AAB65DA477E308EC73CF0D44087D05DA8D39C7BE425D30E_analysis-9.csv;user-a;2;9080902;6;true;-0.5041387276338197;0.0;Infinity;1;B
user-a_session-29AF06B372FD52129AAB65DA477E308EC73CF0D44087D05DA8D39C7BE425D30E_analysis-9.csv;user-a;2;-297418184;7;true;-0.5041387276338197;0.0;Infinity;1;B
user-a_session-29AF06B372FD52129AAB65DA477E308EC73CF0D44087D05DA8D39C7BE425D30E_analysis-9.csv;user-a;2;-1110626075;6;true;-0.43732794180182577;0.0;Infinity;1;B
user-a_session-29AF06B372FD52129AAB65DA477E308EC73CF0D44087D05DA8D39C7BE425D30E_analysis-9.csv;user-a;2;-1233265939;6;true;-0.30370637013783786;0.0;Infinity;1;B
user-a_session-29AF06B372FD52129AAB65DA477E308EC73CF0D44087D05DA8D39C7BE425D30E_analysis-9.csv;user-a;2;1678025188;5;true;-0.2703009772218409;0.0;Infinity;1;B
user-a_session-29AF06B372FD52129AAB65DA477E308EC73CF0D44087D05DA8D39C7BE425D30E_analysis-9.csv;user-a;2;340099247;6;true;-0.10327401264185594;0.0;Infinity;1;B
user-a_session-29AF06B372FD52129AAB65DA477E308EC73CF0D44087D05DA8D39C7BE425D30E_analysis-9.csv;user-a;2;-1348551827;7;true;-0.5041387276338197;0.0;Infinity;1;B
user-a_session-29AF06B372FD52129AAB65DA477E308EC73CF0D44087D05DA8D39C7BE425D30E_analysis-9.csv;user-a;2;-916315058;8;true;-0.30370637013783786;0.0;Infinity;1;B
user-a_session-29AF06B372FD52129AAB65DA477E308EC73CF0D44087D05DA8D39C7BE425D30E_analysis-9.csv;user-a;2;363324893;7;true;2.702778992301891;0.0;Infinity;1;B
user-a_session-29AF06B372FD52129AAB65DA477E308EC73CF0D44087D05DA8D39C7BE425D30E_analysis-9.csv;user-a;2;-1690991359;6;true;-0.33711176305383483;0.0;Infinity;1;B
user-a_session-29AF06B372FD52129AAB65DA477E308EC73CF0D44087D05DA8D39C7BE425D30E_analysis-9.csv;user-a;2;-965558335;7;true;0.4646176669300928;0.0;Infinity;1;B
user-a_session-29AF06B372FD52129AAB65DA477E308EC73CF0D44087D05DA8D39C7BE425D30E_analysis-9.csv;user-a;2;22420871;8;true;-0.5041387276338197;0.0;Infinity;1;B
user-a_session-29AF06B372FD52129AAB65DA477E308EC73CF0D44087D05DA8D39C7BE425D30E_analysis-9.csv;user-a;2;1307859682;7;true;-0.2703009772218409;0.0;Infinity;1;B
user-a_session-29AF06B372FD52129AAB65DA477E308EC73CF0D44087D05DA8D39C7BE425D30E_analysis-9.csv;user-a;2;1387319186;6;true;-0.036463226809861964;0.0;Infinity;1;B
user-a_session-29AF06B372FD52129AAB65DA477E308EC73CF0D44087D05DA8D39C7BE425D30E_analysis-9.csv;user-a;2;372637347;6;true;-0.43732794180182577;0.0;Infinity;1;B
user-a_session-29AF06B372FD52129AAB65DA477E308EC73CF0D44087D05DA8D39C7BE425D30E_analysis-9.csv;user-a;2;-119753915;6;true;-0.33711176305383483;0.0;Infinity;1;B
user-a_session-29AF06B372FD52129AAB65DA477E308EC73CF0D44087D05DA8D39C7BE425D30E_analysis-9.csv;user-a;2;2121478154;7;true;-0.5041387276338197;0.0;Infinity;1;B
user-a_session-29AF06B372FD52129AAB65DA477E308EC73CF0D44087D05DA8D39C7BE425D30E_analysis-9.csv;user-a;2;1699474989;7;true;-0.43732794180182577;0.0;Infinity;1;B
user-a_session-29AF06B372FD52129AAB65DA477E308EC73CF0D44087D05DA8D39C7BE425D30E_analysis-9.csv;user-a;2;1127596990;5;true;-0.43732794180182577;0.0;Infinity;1;B
user-a_session-29AF06B372FD52129AAB65DA477E308EC73CF0D44087D05DA8D39C7BE425D30E_analysis-9.csv;user-a;2;-1141665062;6;true;-0.5041387276338197;0.0;Infinity;1;B
user-a_session-29AF06B372FD52129AAB65DA477E308EC73CF0D44087D05DA8D39C7BE425D30E_analysis-9.csv;user-a;2;1993220553;5;true;-0.4039225488858288;0.0;Infinity;1;B
user-a_session-29AF06B372FD52129AAB65DA477E308EC73CF0D44087D05DA8D39C7BE425D30E_analysis-9.csv;user-a;2;1018451491;5;true;-0.5041387276338197;0.0;Infinity;1;B
user-a_session-29AF06B372FD52129AAB65DA477E308EC73CF0D44087D05DA8D39C7BE425D30E_analysis-9.csv;user-a;2;-804229968;6;true;0.19737452360211694;0.0;Infinity;1;B
user-a_session-29AF06B372FD52129AAB65DA477E308EC73CF0D44087D05DA8D39C7BE425D30E_analysis-9.csv;user-a;2;-7236494;5;true;0.33099609526610485;0.0;Infinity;1;B
user-a_session-29AF06B372FD52129AAB65DA477E308EC73CF0D44087D05DA8D39C7BE425D30E_analysis-9.csv;user-a;2;-1367120417;6;true;-0.13667940555785293;0.0;Infinity;1;B
user-a_session-29AF06B372FD52129AAB65DA477E308EC73CF0D44087D05DA8D39C7BE425D30E_analysis-9.csv;user-a;2;989758482;6;true;1.3665632756620114;0.0;Infinity;1;B
user-a_session-29AF06B372FD52129AAB65DA477E308EC73CF0D44087D05DA8D39C7BE425D30E_analysis-9.csv;user-a;2;2055628983;5;true;2.134887312729942;0.0;Infinity;1;B
user-a_session-29AF06B372FD52129AAB65DA477E308EC73CF0D44087D05DA8D39C7BE425D30E_analysis-9.csv;user-a;2;-696284692;7;true;-0.43732794180182577;0.0;Infinity;1;B
user-a_session-29AF06B372FD52129AAB65DA477E308EC73CF0D44087D05DA8D39C7BE425D30E_analysis-9.csv;user-a;2;-845009883;7;true;-0.3705171559698318;0.0;Infinity;1;B
user-a_session-29AF06B372FD52129AAB65DA477E308EC73CF0D44087D05DA8D39C7BE425D30E_analysis-9.csv;user-a;2;-747024289;5;true;-0.3705171559698318;0.0;Infinity;1;B
user-a_session-29AF06B372FD52129AAB65DA477E308EC73CF0D44087D05DA8D39C7BE425D30E_analysis-9.csv;user-a;2;69453190;6;true;0.23077991651811391;0.0;Infinity;1;B
user-a_session-29AF06B372FD52129AAB65DA477E308EC73CF0D44087D05DA8D39C7BE425D30E_analysis-9.csv;user-a;2;1057436315;6;true;-0.5041387276338197;0.0;Infinity;1;B
user-a_session-29AF06B372FD52129AAB65DA477E308EC73CF0D44087D05DA8D39C7BE425D30E_analysis-9.csv;user-a;2;-1927518460;6;true;-0.33711176305383483;0.0;Infinity;1;B
user-a_session-29AF06B372FD52129AAB65DA477E308EC73CF0D44087D05DA8D39C7BE425D30E_analysis-9.csv;user-a;2;-1837316310;8;true;0.5648338456780838;0.0;Infinity;1;B
user-a_session-29AF06B372FD52129AAB65DA477E308EC73CF0D44087D05DA8D39C7BE425D30E_analysis-9.csv;user-a;2;350697516;7;true;-0.47073333471782275;0.0;Infinity;1;B
user-a_session-29AF06B372FD52129AAB65DA477E308EC73CF0D44087D05DA8D39C7BE425D30E_analysis-9.csv;user-a;2;1451642922;7;true;-0.43732794180182577;0.0;Infinity;1;B
user-a_session-29AF06B372FD52129AAB65DA477E308EC73CF0D44087D05DA8D39C7BE425D30E_analysis-9.csv;user-a;2;-992442303;5;true;0.5648338456780838;0.0;Infinity;1;B
user-a_session-29AF06B372FD52129AAB65DA477E308EC73CF0D44087D05DA8D39C7BE425D30E_analysis-9.csv;user-a;2;-1051991029;5;true;-0.47073333471782275;0.0;Infinity;1;B
user-a_session-29AF06B372FD52129AAB65DA477E308EC73CF0D44087D05DA8D39C7BE425D30E_analysis-9.csv;user-a;2;870034039;5;true;-0.47073333471782275;0.0;Infinity;1;B
user-a_session-29AF06B372FD52129AAB65DA477E308EC73CF0D44087D05DA8D39C7BE425D30E_analysis-9.csv;user-a;2;-750957149;6;true;-0.5041387276338197;0.0;Infinity;1;B
user-a_session-29AF06B372FD52129AAB65DA477E308EC73CF0D44087D05DA8D39C7BE425D30E_analysis-9.csv;user-a;2;187193798;7;true;-0.10327401264185594;0.0;Infinity;1;B
user-a_session-29AF06B372FD52129AAB65DA477E308EC73CF0D44087D05DA8D39C7BE425D30E_analysis-9.csv;user-a;2;-270649767;9;true;-0.5041387276338197;0.0;Infinity;1;B
user-a_session-29AF06B372FD52129AAB65DA477E308EC73CF0D44087D05DA8D39C7BE425D30E_analysis-9.csv;user-a;2;1804036250;6;true;-0.47073333471782275;0.0;Infinity;1;B
user-a_session-29AF06B372FD52129AAB65DA477E308EC73CF0D44087D05DA8D39C7BE425D30E_analysis-9.csv;user-a;2;2138779977;5;true;-0.47073333471782275;0.0;Infinity;1;B
user-a_session-29AF06B372FD52129AAB65DA477E308EC73CF0D44087D05DA8D39C7BE425D30E_analysis-9.csv;user-a;2;-141945870;10;true;3.1370491002098517;0.0;Infinity;1;B
user-a_session-29AF06B372FD52129AAB65DA477E308EC73CF0D44087D05DA8D39C7BE425D30E_analysis-9.csv;user-a;2;-1214379170;7;true;3.5379138152018155;0.0;Infinity;1;B
user-a_session-29AF06B372FD52129AAB65DA477E308EC73CF0D44087D05DA8D39C7BE425D30E_analysis-9.csv;user-a;2;386500558;5;true;-0.43732794180182577;0.0;Infinity;1;B
user-a_session-29AF06B372FD52129AAB65DA477E308EC73CF0D44087D05DA8D39C7BE425D30E_analysis-9.csv;user-a;2;1751139829;7;true;-0.5041387276338197;0.0;Infinity;1;B
user-a_session-29AF06B372FD52129AAB65DA477E308EC73CF0D44087D05DA8D39C7BE425D30E_analysis-9.csv;user-a;2;-1936344038;6;true;-0.3705171559698318;0.0;Infinity;1;B
user-a_session-29AF06B372FD52129AAB65DA477E308EC73CF0D44087D05DA8D39C7BE425D30E_analysis-9.csv;user-a;2;886134609;6;true;-0.30370637013783786;0.0;Infinity;1;B
user-a_session-29AF06B372FD52129AAB65DA477E308EC73CF0D44087D05DA8D39C7BE425D30E_analysis-9.csv;user-a;2;2038731140;6;true;-0.5041387276338197;0.0;Infinity;1;B
user-a_session-29AF06B372FD52129AAB65DA477E308EC73CF0D44087D05DA8D39C7BE425D30E_analysis-9.csv;user-a;2;-1808152641;5;true;-0.06986861972585895;0.0;Infinity;1;B
user-a_session-29AF06B372FD52129AAB65DA477E308EC73CF0D44087D05DA8D39C7BE425D30E_analysis-9.csv;user-a;2;336629637;6;true;0.7652662031740657;0.0;Infinity;1;B
user-a_session-29AF06B372FD52129AAB65DA477E308EC73CF0D44087D05DA8D39C7BE425D30E_analysis-9.csv;user-a;2;1199129133;5;true;-0.5041387276338197;0.0;Infinity;1;B
user-a_session-29AF06B372FD52129AAB65DA477E308EC73CF0D44087D05DA8D39C7BE425D30E_analysis-9.csv;user-a;2;-1368128969;6;true;0.09715834485412597;0.0;Infinity;1;B
user-a_session-29AF06B372FD52129AAB65DA477E308EC73CF0D44087D05DA8D39C7BE425D30E_analysis-9.csv;user-a;2;-265220946;6;true;-0.5041387276338197;0.0;Infinity;1;B
user-a_session-29AF06B372FD52129AAB65DA477E308EC73CF0D44087D05DA8D39C7BE425D30E_analysis-9.csv;user-a;2;1581214560;7;true;-0.5041387276338197;0.0;Infinity;1;B
user-a_session-29AF06B372FD52129AAB65DA477E308EC73CF0D44087D05DA8D39C7BE425D30E_analysis-9.csv;user-a;2;2106778597;6;true;-0.5041387276338197;0.0;Infinity;1;B
user-a_session-29AF06B372FD52129AAB65DA477E308EC73CF0D44087D05DA8D39C7BE425D30E_analysis-9.csv;user-a;2;1510630924;5;true;-0.4039225488858288;0.0;Infinity;1;B
user-a_session-29AF06B372FD52129AAB65DA477E308EC73CF0D44087D05DA8D39C7BE425D30E_analysis-9.csv;user-a;2;-60964297;6;true;-0.43732794180182577;0.0;Infinity;1;B
user-a_session-29AF06B372FD52129AAB65DA477E308EC73CF0D44087D05DA8D39C7BE425D30E_analysis-9.csv;user-a;2;-1518505564;6;true;-0.13667940555785293;0.0;Infinity;1;B
user-a_session-29AF06B372FD52129AAB65DA477E308EC73CF0D44087D05DA8D39C7BE425D30E_analysis-9.csv;user-a;2;1008522648;5;true;-0.23689558430584387;0.0;Infinity;1;B
user-a_session-29AF06B372FD52129AAB65DA477E308EC73CF0D44087D05DA8D39C7BE425D30E_analysis-9.csv;user-a;2;92416872;6;true;-0.5041387276338197;0.0;Infinity;1;B
user-a_session-29AF06B372FD52129AAB65DA477E308EC73CF0D44087D05DA8D39C7BE425D30E_analysis-9.csv;user-a;2;-1390013131;5;true;-0.00305783389386498;0.0;Infinity;1;B
user-a_session-29AF06B372FD52129AAB65DA477E308EC73CF0D44087D05DA8D39C7BE425D30E_analysis-9.csv;user-a;2;235378998;6;true;-0.5041387276338197;0.0;Infinity;1;B
user-a_session-29AF06B372FD52129AAB65DA477E308EC73CF0D44087D05DA8D39C7BE425D30E_analysis-9.csv;user-a;2;1041839710;8;true;-0.4039225488858288;0.0;Infinity;1;B
user-a_session-29AF06B372FD52129AAB65DA477E308EC73CF0D44087D05DA8D39C7BE425D30E_analysis-9.csv;user-a;2;-1106090526;9;true;-0.5041387276338197;0.0;Infinity;1;B
user-a_session-29AF06B372FD52129AAB65DA477E308EC73CF0D44087D05DA8D39C7BE425D30E_analysis-9.csv;user-a;2;1399374740;8;true;-0.43732794180182577;0.0;Infinity;1;B
user-a_session-29AF06B372FD52129AAB65DA477E308EC73CF0D44087D05DA8D39C7BE425D30E_analysis-9.csv;user-a;2;-465480368;6;true;-0.30370637013783786;0.0;Infinity;1;B
user-a_session-29AF06B372FD52129AAB65DA477E308EC73CF0D44087D05DA8D39C7BE425D30E_analysis-9.csv;user-a;2;-1458955296;6;true;-0.43732794180182577;0.0;Infinity;1;B
user-a_session-29AF06B372FD52129AAB65DA477E308EC73CF0D44087D05DA8D39C7BE425D30E_analysis-9.csv;user-a;2;-1207532091;6;true;1.9678603481499573;0.0;Infinity;1;B
user-a_session-29AF06B372FD52129AAB65DA477E308EC73CF0D44087D05DA8D39C7BE425D30E_analysis-9.csv;user-a;2;1191507444;8;true;-0.5041387276338197;0.0;Infinity;1;B
user-a_session-29AF06B372FD52129AAB65DA477E308EC73CF0D44087D05DA8D39C7BE425D30E_analysis-9.csv;user-a;2;1468623878;8;true;-0.43732794180182577;0.0;Infinity;1;B
user-a_session-29AF06B372FD52129AAB65DA477E308EC73CF0D44087D05DA8D39C7BE425D30E_analysis-9.csv;user-a;2;-210281869;9;true;-0.47073333471782275;0.0;Infinity;1;B
user-a_session-29AF06B372FD52129AAB65DA477E308EC73CF0D44087D05DA8D39C7BE425D30E_analysis-9.csv;user-a;2;-751165946;6;true;3.0368329214618606;0.0;Infinity;1;B
user-a_session-29AF06B372FD52129AAB65DA477E308EC73CF0D44087D05DA8D39C7BE425D30E_analysis-9.csv;user-a;2;1558397600;5;true;0.7652662031740657;0.0;Infinity;1;B
user-a_session-29AF06B372FD52129AAB65DA477E308EC73CF0D44087D05DA8D39C7BE425D30E_analysis-9.csv;user-a;2;-2080297983;5;true;-0.43732794180182577;0.0;Infinity;1;B
user-a_session-29AF06B372FD52129AAB65DA477E308EC73CF0D44087D05DA8D39C7BE425D30E_analysis-9.csv;user-a;2;1963436504;6;true;-0.23689558430584387;0.0;Infinity;1;B
user-a_session-29AF06B372FD52129AAB65DA477E308EC73CF0D44087D05DA8D39C7BE425D30E_analysis-9.csv;user-a;2;1454452253;5;true;-0.5041387276338197;0.0;Infinity;1;B
user-a_session-29AF06B372FD52129AAB65DA477E308EC73CF0D44087D05DA8D39C7BE425D30E_analysis-9.csv;user-a;2;2026994933;7;true;-0.5041387276338197;0.0;Infinity;1;B
user-a_session-29AF06B372FD52129AAB65DA477E308EC73CF0D44087D05DA8D39C7BE425D30E_analysis-9.csv;user-a;2;941025875;8;true;-0.3705171559698318;0.0;Infinity;1;B
user-a_session-29AF06B372FD52129AAB65DA477E308EC73CF0D44087D05DA8D39C7BE425D30E_analysis-9.csv;user-a;2;-909105292;7;true;-0.33711176305383483;0.0;Infinity;1;B
user-a_session-29AF06B372FD52129AAB65DA477E308EC73CF0D44087D05DA8D39C7BE425D30E_analysis-9.csv;user-a;2;-1067589509;7;true;-0.2034901913898469;0.0;Infinity;1;B
user-a_session-29AF06B372FD52129AAB65DA477E308EC73CF0D44087D05DA8D39C7BE425D30E_analysis-9.csv;user-a;2;198602131;6;true;0.16396913068611996;0.0;Infinity;1;B
user-a_session-29AF06B372FD52129AAB65DA477E308EC73CF0D44087D05DA8D39C7BE425D30E_analysis-9.csv;user-a;2;1505366331;7;true;0.6316446315100778;0.0;Infinity;1;B
user-a_session-29AF06B372FD52129AAB65DA477E308EC73CF0D44087D05DA8D39C7BE425D30E_analysis-9.csv;user-a;2;-1837314101;5;true;-0.2703009772218409;0.0;Infinity;1;B
user-a_session-29AF06B372FD52129AAB65DA477E308EC73CF0D44087D05DA8D39C7BE425D30E_analysis-9.csv;user-a;2;1521787119;6;true;-0.00305783389386498;0.0;Infinity;1;B
user-a_session-29AF06B372FD52129AAB65DA477E308EC73CF0D44087D05DA8D39C7BE425D30E_analysis-9.csv;user-a;2;2046478213;8;true;1.3665632756620114;0.0;Infinity;1;B
user-a_session-29AF06B372FD52129AAB65DA477E308EC73CF0D44087D05DA8D39C7BE425D30E_analysis-9.csv;user-a;2;-875358021;7;true;-0.5041387276338197;0.0;Infinity;1;B
user-a_session-29AF06B372FD52129AAB65DA477E308EC73CF0D44087D05DA8D39C7BE425D30E_analysis-9.csv;user-a;2;1381541665;6;true;4.974345710589685;0.0;Infinity;1;B
user-a_session-29AF06B372FD52129AAB65DA477E308EC73CF0D44087D05DA8D39C7BE425D30E_analysis-9.csv;user-a;2;396866294;6;true;-0.5041387276338197;0.0;Infinity;1;B
user-a_session-29AF06B372FD52129AAB65DA477E308EC73CF0D44087D05DA8D39C7BE425D30E_analysis-9.csv;user-a;2;21972876;6;true;-0.5041387276338197;0.0;Infinity;1;B
user-a_session-29AF06B372FD52129AAB65DA477E308EC73CF0D44087D05DA8D39C7BE425D30E_analysis-9.csv;user-a;2;1179645474;6;true;-0.5041387276338197;0.0;Infinity;1;B
user-a_session-29AF06B372FD52129AAB65DA477E308EC73CF0D44087D05DA8D39C7BE425D30E_analysis-9.csv;user-a;2;-873154743;5;true;0.4646176669300928;0.0;Infinity;1;B
user-a_session-29AF06B372FD52129AAB65DA477E308EC73CF0D44087D05DA8D39C7BE425D30E_analysis-9.csv;user-a;2;1960998364;8;true;-0.5041387276338197;0.0;Infinity;1;B
user-a_session-29AF06B372FD52129AAB65DA477E308EC73CF0D44087D05DA8D39C7BE425D30E_analysis-9.csv;user-a;2;2137061980;8;true;-0.47073333471782275;0.0;Infinity;1;B
user-a_session-29AF06B372FD52129AAB65DA477E308EC73CF0D44087D05DA8D39C7BE425D30E_analysis-9.csv;user-a;2;-517837065;7;true;0.16396913068611996;0.0;Infinity;1;B
user-a_session-29AF06B372FD52129AAB65DA477E308EC73CF0D44087D05DA8D39C7BE425D30E_analysis-9.csv;user-a;2;826662;6;true;0.19737452360211694;0.0;Infinity;1;B
user-a_session-29AF06B372FD52129AAB65DA477E308EC73CF0D44087D05DA8D39C7BE425D30E_analysis-9.csv;user-a;2;1653116104;5;true;-0.06986861972585895;0.0;Infinity;1;B
user-a_session-29AF06B372FD52129AAB65DA477E308EC73CF0D44087D05DA8D39C7BE425D30E_analysis-9.csv;user-a;2;984124469;5;true;-0.5041387276338197;0.0;Infinity;1;B
user-a_session-29AF06B372FD52129AAB65DA477E308EC73CF0D44087D05DA8D39C7BE425D30E_analysis-9.csv;user-a;2;261098029;5;true;-0.5041387276338197;0.0;Infinity;1;B
user-a_session-29AF06B372FD52129AAB65DA477E308EC73CF0D44087D05DA8D39C7BE425D30E_analysis-9.csv;user-a;2;223243194;5;true;-0.47073333471782275;0.0;Infinity;1;B
user-a_session-29AF06B372FD52129AAB65DA477E308EC73CF0D44087D05DA8D39C7BE425D30E_analysis-9.csv;user-a;2;-1025323988;5;true;-0.47073333471782275;0.0;Infinity;1;B
user-a_session-29AF06B372FD52129AAB65DA477E308EC73CF0D44087D05DA8D39C7BE425D30E_analysis-9.csv;user-a;2;323458879;6;true;0.030347559022132004;0.0;Infinity;1;B
user-a_session-29AF06B372FD52129AAB65DA477E308EC73CF0D44087D05DA8D39C7BE425D30E_analysis-9.csv;user-a;2;45708784;7;true;-0.3705171559698318;0.0;Infinity;1;B
user-a_session-29AF06B372FD52129AAB65DA477E308EC73CF0D44087D05DA8D39C7BE425D30E_analysis-9.csv;user-a;2;-919898523;7;true;-0.4039225488858288;0.0;Infinity;1;B
user-a_session-29AF06B372FD52129AAB65DA477E308EC73CF0D44087D05DA8D39C7BE425D30E_analysis-9.csv;user-a;2;706485502;6;true;-0.47073333471782275;0.0;Infinity;1;B
user-a_session-29AF06B372FD52129AAB65DA477E308EC73CF0D44087D05DA8D39C7BE425D30E_analysis-9.csv;user-a;2;986112179;6;true;-0.5041387276338197;0.0;Infinity;1;B
user-a_session-29AF06B372FD52129AAB65DA477E308EC73CF0D44087D05DA8D39C7BE425D30E_analysis-9.csv;user-a;2;-2031631870;5;true;0.6650500244260747;0.0;Infinity;1;B
user-a_session-29AF06B372FD52129AAB65DA477E308EC73CF0D44087D05DA8D39C7BE425D30E_analysis-9.csv;user-a;2;-1854863707;5;true;-0.5041387276338197;0.0;Infinity;1;B
user-a_session-29AF06B372FD52129AAB65DA477E308EC73CF0D44087D05DA8D39C7BE425D30E_analysis-9.csv;user-a;2;136708856;6;true;-0.5041387276338197;0.0;Infinity;1;B
user-a_session-29AF06B372FD52129AAB65DA477E308EC73CF0D44087D05DA8D39C7BE425D30E_analysis-9.csv;user-a;2;1976502257;6;true;3.8719677443617853;0.0;Infinity;1;B
user-a_session-29AF06B372FD52129AAB65DA477E308EC73CF0D44087D05DA8D39C7BE425D30E_analysis-9.csv;user-a;2;-884554011;6;true;-0.5041387276338197;0.0;Infinity;1;B
user-a_session-29AF06B372FD52129AAB65DA477E308EC73CF0D44087D05DA8D39C7BE425D30E_analysis-9.csv;user-a;2;928791987;7;true;-0.47073333471782275;0.0;Infinity;1;B
user-a_session-29AF06B372FD52129AAB65DA477E308EC73CF0D44087D05DA8D39C7BE425D30E_analysis-9.csv;user-a;2;2137024129;5;true;-0.23689558430584387;0.0;Infinity;1;B
user-a_session-29AF06B372FD52129AAB65DA477E308EC73CF0D44087D05DA8D39C7BE425D30E_analysis-9.csv;user-a;2;-102502507;5;true;0.030347559022132004;0.0;Infinity;1;B
user-a_session-29AF06B372FD52129AAB65DA477E308EC73CF0D44087D05DA8D39C7BE425D30E_analysis-9.csv;user-a;2;1448045693;6;true;-0.5041387276338197;0.0;Infinity;1;B
user-a_session-29AF06B372FD52129AAB65DA477E308EC73CF0D44087D05DA8D39C7BE425D30E_analysis-9.csv;user-a;2;-1616919008;7;true;-0.47073333471782275;0.0;Infinity;1;B
user-a_session-29AF06B372FD52129AAB65DA477E308EC73CF0D44087D05DA8D39C7BE425D30E_analysis-9.csv;user-a;2;-778919645;5;true;-0.47073333471782275;0.0;Infinity;1;B
user-a_session-29AF06B372FD52129AAB65DA477E308EC73CF0D44087D05DA8D39C7BE425D30E_analysis-9.csv;user-a;2;2137038041;7;true;-0.4039225488858288;0.0;Infinity;1;B
user-a_session-29AF06B372FD52129AAB65DA477E308EC73CF0D44087D05DA8D39C7BE425D30E_analysis-9.csv;user-a;2;499420970;7;true;-0.5041387276338197;0.0;Infinity;1;B
user-a_session-29AF06B372FD52129AAB65DA477E308EC73CF0D44087D05DA8D39C7BE425D30E_analysis-9.csv;user-a;2;1527640203;7;true;1.2663470969140205;0.0;Infinity;1;B
user-a_session-29AF06B372FD52129AAB65DA477E308EC73CF0D44087D05DA8D39C7BE425D30E_analysis-9.csv;user-a;2;1390864861;6;true;-0.1700847984738499;0.0;Infinity;1;B
user-a_session-29AF06B372FD52129AAB65DA477E308EC73CF0D44087D05DA8D39C7BE425D30E_analysis-9.csv;user-a;2;-1792324620;7;true;-0.43732794180182577;0.0;Infinity;1;B
user-a_session-29AF06B372FD52129AAB65DA477E308EC73CF0D44087D05DA8D39C7BE425D30E_analysis-9.csv;user-a;2;-1215260144;5;true;-0.036463226809861964;0.0;Infinity;1;B
user-a_session-29AF06B372FD52129AAB65DA477E308EC73CF0D44087D05DA8D39C7BE425D30E_analysis-9.csv;user-a;2;-1121434899;6;true;-0.3705171559698318;0.0;Infinity;1;B
user-a_session-29AF06B372FD52129AAB65DA477E308EC73CF0D44087D05DA8D39C7BE425D30E_analysis-9.csv;user-a;2;-2053921558;6;true;-0.1700847984738499;0.0;Infinity;1;B
user-a_session-29AF06B372FD52129AAB65DA477E308EC73CF0D44087D05DA8D39C7BE425D30E_analysis-9.csv;user-a;2;-621342288;7;true;-0.47073333471782275;0.0;Infinity;1;B
user-a_session-29AF06B372FD52129AAB65DA477E308EC73CF0D44087D05DA8D39C7BE425D30E_analysis-9.csv;user-a;2;-580775428;9;true;1.6672118119059842;0.0;Infinity;1;B
user-a_session-29AF06B372FD52129AAB65DA477E308EC73CF0D44087D05DA8D39C7BE425D30E_analysis-9.csv;user-a;2;1098855159;7;true;1.7340225977379782;0.0;Infinity;1;B
user-a_session-29AF06B372FD52129AAB65DA477E308EC73CF0D44087D05DA8D39C7BE425D30E_analysis-9.csv;user-a;2;-1063699168;5;true;-0.4039225488858288;0.0;Infinity;1;B
user-a_session-29AF06B372FD52129AAB65DA477E308EC73CF0D44087D05DA8D39C7BE425D30E_analysis-9.csv;user-a;2;-573847140;6;true;-0.47073333471782275;0.0;Infinity;1;B
user-a_session-29AF06B372FD52129AAB65DA477E308EC73CF0D44087D05DA8D39C7BE425D30E_analysis-9.csv;user-a;2;255824530;6;true;-0.2703009772218409;0.0;Infinity;1;B
user-a_session-29AF06B372FD52129AAB65DA477E308EC73CF0D44087D05DA8D39C7BE425D30E_analysis-9.csv;user-a;2;-665927154;5;true;-0.47073333471782275;0.0;Infinity;1;B
user-a_session-29AF06B372FD52129AAB65DA477E308EC73CF0D44087D05DA8D39C7BE425D30E_analysis-9.csv;user-a;2;-1600689542;7;true;1.5669956331579933;0.0;Infinity;1;B
user-a_session-29AF06B372FD52129AAB65DA477E308EC73CF0D44087D05DA8D39C7BE425D30E_analysis-9.csv;user-a;2;1126514049;8;true;-0.43732794180182577;0.0;Infinity;1;B
user-a_session-29AF06B372FD52129AAB65DA477E308EC73CF0D44087D05DA8D39C7BE425D30E_analysis-9.csv;user-a;2;584612610;14;true;-0.47073333471782275;0.0;Infinity;1;B
user-a_session-29AF06B372FD52129AAB65DA477E308EC73CF0D44087D05DA8D39C7BE425D30E_analysis-9.csv;user-a;2;1530904706;5;true;-0.4039225488858288;0.0;Infinity;1;B
user-a_session-29AF06B372FD52129AAB65DA477E308EC73CF0D44087D05DA8D39C7BE425D30E_analysis-9.csv;user-a;2;1664689059;6;true;-0.5041387276338197;0.0;Infinity;1;B
user-a_session-29AF06B372FD52129AAB65DA477E308EC73CF0D44087D05DA8D39C7BE425D30E_analysis-9.csv;user-a;2;515611804;6;true;-0.10327401264185594;0.0;Infinity;1;B
user-a_session-29AF06B372FD52129AAB65DA477E308EC73CF0D44087D05DA8D39C7BE425D30E_analysis-9.csv;user-a;2;1033196127;6;true;-0.23689558430584387;0.0;Infinity;1;B
user-a_session-29AF06B372FD52129AAB65DA477E308EC73CF0D44087D05DA8D39C7BE425D30E_analysis-9.csv;user-a;2;1526169465;6;true;-0.43732794180182577;0.0;Infinity;1;B
user-a_session-29AF06B372FD52129AAB65DA477E308EC73CF0D44087D05DA8D39C7BE425D30E_analysis-9.csv;user-a;2;540516076;7;true;0.29759070235010787;0.0;Infinity;1;B
user-a_session-29AF06B372FD52129AAB65DA477E308EC73CF0D44087D05DA8D39C7BE425D30E_analysis-9.csv;user-a;2;1635905455;7;true;0.33099609526610485;0.0;Infinity;1;B
user-a_session-29AF06B372FD52129AAB65DA477E308EC73CF0D44087D05DA8D39C7BE425D30E_analysis-9.csv;user-a;2;1994846014;7;true;-0.33711176305383483;0.0;Infinity;1;B
user-a_session-29AF06B372FD52129AAB65DA477E308EC73CF0D44087D05DA8D39C7BE425D30E_analysis-9.csv;user-a;2;-1147037158;6;true;0.23077991651811391;0.0;Infinity;1;B
user-a_session-29AF06B372FD52129AAB65DA477E308EC73CF0D44087D05DA8D39C7BE425D30E_analysis-9.csv;user-a;2;-324841968;6;true;-0.06986861972585895;0.0;Infinity;1;B
user-a_session-29AF06B372FD52129AAB65DA477E308EC73CF0D44087D05DA8D39C7BE425D30E_analysis-9.csv;user-a;2;-1982675638;6;true;-0.43732794180182577;0.0;Infinity;1;B
user-a_session-29AF06B372FD52129AAB65DA477E308EC73CF0D44087D05DA8D39C7BE425D30E_analysis-9.csv;user-a;2;-2091907138;6;true;0.23077991651811391;0.0;Infinity;1;B
user-a_session-29AF06B372FD52129AAB65DA477E308EC73CF0D44087D05DA8D39C7BE425D30E_analysis-9.csv;user-a;2;-161562105;6;true;2.93661674271387;0.0;Infinity;1;B
user-a_session-29AF06B372FD52129AAB65DA477E308EC73CF0D44087D05DA8D39C7BE425D30E_analysis-9.csv;user-a;2;895222858;9;true;-0.43732794180182577;0.0;Infinity;1;B
user-a_session-29AF06B372FD52129AAB65DA477E308EC73CF0D44087D05DA8D39C7BE425D30E_analysis-9.csv;user-a;2;-829358845;6;true;0.39780688109809886;0.0;Infinity;1;B
user-a_session-29AF06B372FD52129AAB65DA477E308EC73CF0D44087D05DA8D39C7BE425D30E_analysis-9.csv;user-a;2;-1993762458;6;true;0.9991039535860445;0.0;Infinity;1;B
user-a_session-29AF06B372FD52129AAB65DA477E308EC73CF0D44087D05DA8D39C7BE425D30E_analysis-9.csv;user-a;2;-1202615398;6;true;-0.43732794180182577;0.0;Infinity;1;B
user-a_session-29AF06B372FD52129AAB65DA477E308EC73CF0D44087D05DA8D39C7BE425D30E_analysis-9.csv;user-a;2;1536963305;6;true;-0.43732794180182577;0.0;Infinity;1;B
user-a_session-29AF06B372FD52129AAB65DA477E308EC73CF0D44087D05DA8D39C7BE425D30E_analysis-9.csv;user-a;2;115795702;7;true;0.19737452360211694;0.0;Infinity;1;B
user-a_session-29AF06B372FD52129AAB65DA477E308EC73CF0D44087D05DA8D39C7BE425D30E_analysis-9.csv;user-a;2;1963620042;6;true;0.13056373777012295;0.0;Infinity;1;B
user-a_session-29AF06B372FD52129AAB65DA477E308EC73CF0D44087D05DA8D39C7BE425D30E_analysis-9.csv;user-a;2;2115891167;5;true;-0.5041387276338197;0.0;Infinity;1;B
user-a_session-29AF06B372FD52129AAB65DA477E308EC73CF0D44087D05DA8D39C7BE425D30E_analysis-9.csv;user-a;2;-605844123;8;true;0.19737452360211694;0.0;Infinity;1;B
user-a_session-29AF06B372FD52129AAB65DA477E308EC73CF0D44087D05DA8D39C7BE425D30E_analysis-9.csv;user-a;2;329965796;7;true;-0.4039225488858288;0.0;Infinity;1;B
user-a_session-29AF06B372FD52129AAB65DA477E308EC73CF0D44087D05DA8D39C7BE425D30E_analysis-9.csv;user-a;2;-311542035;7;true;-0.43732794180182577;0.0;Infinity;1;B
user-a_session-29AF06B372FD52129AAB65DA477E308EC73CF0D44087D05DA8D39C7BE425D30E_analysis-9.csv;user-a;2;564317631;7;true;-0.5041387276338197;0.0;Infinity;1;B
user-a_session-29AF06B372FD52129AAB65DA477E308EC73CF0D44087D05DA8D39C7BE425D30E_analysis-9.csv;user-a;2;778059193;6;true;1.6004010260739903;0.0;Infinity;1;B
user-a_session-29AF06B372FD52129AAB65DA477E308EC73CF0D44087D05DA8D39C7BE425D30E_analysis-9.csv;user-a;2;-122275534;5;true;-0.3705171559698318;0.0;Infinity;1;B
user-a_session-29AF06B372FD52129AAB65DA477E308EC73CF0D44087D05DA8D39C7BE425D30E_analysis-9.csv;user-a;2;-1246168003;6;true;5.709264354741619;0.0;Infinity;1;B
user-a_session-29AF06B372FD52129AAB65DA477E308EC73CF0D44087D05DA8D39C7BE425D30E_analysis-9.csv;user-a;2;1455276153;5;true;0.6984554173420717;0.0;Infinity;1;B
user-a_session-29AF06B372FD52129AAB65DA477E308EC73CF0D44087D05DA8D39C7BE425D30E_analysis-9.csv;user-a;2;541840735;6;true;-0.3705171559698318;0.0;Infinity;1;B
user-a_session-29AF06B372FD52129AAB65DA477E308EC73CF0D44087D05DA8D39C7BE425D30E_analysis-9.csv;user-a;2;-117896125;6;true;2.4021304560579178;0.0;Infinity;1;B
user-a_session-29AF06B372FD52129AAB65DA477E308EC73CF0D44087D05DA8D39C7BE425D30E_analysis-9.csv;user-a;2;1193133141;6;true;0.9322931677540506;0.0;Infinity;1;B
user-a_session-29AF06B372FD52129AAB65DA477E308EC73CF0D44087D05DA8D39C7BE425D30E_analysis-9.csv;user-a;2;-29997865;6;true;-0.23689558430584387;0.0;Infinity;1;B
user-a_session-29AF06B372FD52129AAB65DA477E308EC73CF0D44087D05DA8D39C7BE425D30E_analysis-9.csv;user-a;2;-1334556700;6;true;-0.13667940555785293;0.0;Infinity;1;B
user-a_session-29AF06B372FD52129AAB65DA477E308EC73CF0D44087D05DA8D39C7BE425D30E_analysis-9.csv;user-a;2;438234089;5;true;-0.5041387276338197;0.0;Infinity;1;B
user-a_session-29AF06B372FD52129AAB65DA477E308EC73CF0D44087D05DA8D39C7BE425D30E_analysis-9.csv;user-a;2;79795096;7;true;0.19737452360211694;0.0;Infinity;1;B
user-a_session-29AF06B372FD52129AAB65DA477E308EC73CF0D44087D05DA8D39C7BE425D30E_analysis-9.csv;user-a;2;661616434;5;true;-0.43732794180182577;0.0;Infinity;1;B
user-a_session-29AF06B372FD52129AAB65DA477E308EC73CF0D44087D05DA8D39C7BE425D30E_analysis-9.csv;user-a;2;-1483601520;6;true;-0.47073333471782275;0.0;Infinity;1;B
user-a_session-29AF06B372FD52129AAB65DA477E308EC73CF0D44087D05DA8D39C7BE425D30E_analysis-9.csv;user-a;2;-229500166;6;true;-0.33711176305383483;0.0;Infinity;1;B
user-a_session-29AF06B372FD52129AAB65DA477E308EC73CF0D44087D05DA8D39C7BE425D30E_analysis-9.csv;user-a;2;1087468020;7;true;-0.43732794180182577;0.0;Infinity;1;B
user-a_session-29AF06B372FD52129AAB65DA477E308EC73CF0D44087D05DA8D39C7BE425D30E_analysis-9.csv;user-a;2;-817157308;5;true;-0.47073333471782275;0.0;Infinity;1;B
user-a_session-29AF06B372FD52129AAB65DA477E308EC73CF0D44087D05DA8D39C7BE425D30E_analysis-9.csv;user-a;2;-229652061;6;true;4.840724138925697;0.0;Infinity;1;B
user-a_session-29AF06B372FD52129AAB65DA477E308EC73CF0D44087D05DA8D39C7BE425D30E_analysis-9.csv;user-a;2;1522711315;6;true;-0.43732794180182577;0.0;Infinity;1;B
user-a_session-29AF06B372FD52129AAB65DA477E308EC73CF0D44087D05DA8D39C7BE425D30E_analysis-9.csv;user-a;2;1684075402;5;true;4.139210887689761;0.0;Infinity;1;B
user-a_session-29AF06B372FD52129AAB65DA477E308EC73CF0D44087D05DA8D39C7BE425D30E_analysis-9.csv;user-a;2;-2095072385;6;true;-0.5041387276338197;0.0;Infinity;1;B
user-a_session-29AF06B372FD52129AAB65DA477E308EC73CF0D44087D05DA8D39C7BE425D30E_analysis-9.csv;user-a;2;235846878;5;true;-0.43732794180182577;0.0;Infinity;1;B
user-a_session-29AF06B372FD52129AAB65DA477E308EC73CF0D44087D05DA8D39C7BE425D30E_analysis-9.csv;user-a;2;658961149;8;true;-0.5041387276338197;0.0;Infinity;1;B
user-a_session-29AF06B372FD52129AAB65DA477E308EC73CF0D44087D05DA8D39C7BE425D30E_analysis-9.csv;user-a;2;-1440397166;5;true;-0.3705171559698318;0.0;Infinity;1;B
user-a_session-29AF06B372FD52129AAB65DA477E308EC73CF0D44087D05DA8D39C7BE425D30E_analysis-9.csv;user-a;2;-120608714;7;true;-0.30370637013783786;0.0;Infinity;1;B
user-a_session-29AF06B372FD52129AAB65DA477E308EC73CF0D44087D05DA8D39C7BE425D30E_analysis-9.csv;user-a;2;1698791272;5;true;-0.47073333471782275;0.0;Infinity;1;B
user-a_session-29AF06B372FD52129AAB65DA477E308EC73CF0D44087D05DA8D39C7BE425D30E_analysis-9.csv;user-a;2;-42946251;8;true;-0.43732794180182577;0.0;Infinity;1;B
user-a_session-29AF06B372FD52129AAB65DA477E308EC73CF0D44087D05DA8D39C7BE425D30E_analysis-9.csv;user-a;2;1227056058;5;true;-0.43732794180182577;0.0;Infinity;1;B
user-a_session-29AF06B372FD52129AAB65DA477E308EC73CF0D44087D05DA8D39C7BE425D30E_analysis-9.csv;user-a;2;-1670502435;6;true;-0.3705171559698318;0.0;Infinity;1;B
user-a_session-29AF06B372FD52129AAB65DA477E308EC73CF0D44087D05DA8D39C7BE425D30E_analysis-9.csv;user-a;2;-1746132518;5;true;-0.5041387276338197;0.0;Infinity;1;B
user-a_session-29AF06B372FD52129AAB65DA477E308EC73CF0D44087D05DA8D39C7BE425D30E_analysis-9.csv;user-a;2;220352425;5;true;-0.2034901913898469;0.0;Infinity;1;B
user-a_session-29AF06B372FD52129AAB65DA477E308EC73CF0D44087D05DA8D39C7BE425D30E_analysis-9.csv;user-a;2;-1488446025;6;true;0.33099609526610485;0.0;Infinity;1;B
user-a_session-29AF06B372FD52129AAB65DA477E308EC73CF0D44087D05DA8D39C7BE425D30E_analysis-9.csv;user-a;2;1595830051;6;true;2.7695897781338847;0.0;Infinity;1;B
user-a_session-29AF06B372FD52129AAB65DA477E308EC73CF0D44087D05DA8D39C7BE425D30E_analysis-9.csv;user-a;2;-1611039159;7;true;0.4646176669300928;0.0;Infinity;1;B
user-a_session-29AF06B372FD52129AAB65DA477E308EC73CF0D44087D05DA8D39C7BE425D30E_analysis-9.csv;user-a;2;-724442488;6;true;-0.47073333471782275;0.0;Infinity;1;B
user-a_session-29AF06B372FD52129AAB65DA477E308EC73CF0D44087D05DA8D39C7BE425D30E_analysis-9.csv;user-a;2;1961798103;5;true;2.93661674271387;0.0;Infinity;1;B
user-a_session-29AF06B372FD52129AAB65DA477E308EC73CF0D44087D05DA8D39C7BE425D30E_analysis-9.csv;user-a;2;1333104427;6;true;-0.3705171559698318;0.0;Infinity;1;B
user-a_session-29AF06B372FD52129AAB65DA477E308EC73CF0D44087D05DA8D39C7BE425D30E_analysis-9.csv;user-a;2;-1820023148;9;true;-0.47073333471782275;0.0;Infinity;1;B
user-a_session-29AF06B372FD52129AAB65DA477E308EC73CF0D44087D05DA8D39C7BE425D30E_analysis-9.csv;user-a;2;285170350;7;true;-0.30370637013783786;0.0;Infinity;1;B
user-a_session-29AF06B372FD52129AAB65DA477E308EC73CF0D44087D05DA8D39C7BE425D30E_analysis-9.csv;user-a;2;1922371006;7;true;0.5982392385940808;0.0;Infinity;1;B
user-a_session-29AF06B372FD52129AAB65DA477E308EC73CF0D44087D05DA8D39C7BE425D30E_analysis-9.csv;user-a;2;1872303036;8;true;-0.47073333471782275;0.0;Infinity;1;B
user-a_session-29AF06B372FD52129AAB65DA477E308EC73CF0D44087D05DA8D39C7BE425D30E_analysis-9.csv;user-a;2;-1569719358;6;true;-0.3705171559698318;0.0;Infinity;1;B
user-a_session-29AF06B372FD52129AAB65DA477E308EC73CF0D44087D05DA8D39C7BE425D30E_analysis-9.csv;user-a;2;1151113407;5;true;-0.5041387276338197;0.0;Infinity;1;B
user-a_session-29AF06B372FD52129AAB65DA477E308EC73CF0D44087D05DA8D39C7BE425D30E_analysis-9.csv;user-a;2;-2143993935;6;true;0.09715834485412597;0.0;Infinity;1;B
user-a_session-29AF06B372FD52129AAB65DA477E308EC73CF0D44087D05DA8D39C7BE425D30E_analysis-9.csv;user-a;2;1534385972;5;true;0.8988877748380536;0.0;Infinity;1;B
user-a_session-29AF06B372FD52129AAB65DA477E308EC73CF0D44087D05DA8D39C7BE425D30E_analysis-9.csv;user-a;2;-2009236887;38;true;-0.1700847984738499;0.0;Infinity;1;B
user-a_session-29AF06B372FD52129AAB65DA477E308EC73CF0D44087D05DA8D39C7BE425D30E_analysis-9.csv;user-a;2;-1995167166;6;true;-0.4039225488858288;0.0;Infinity;1;B
user-a_session-29AF06B372FD52129AAB65DA477E308EC73CF0D44087D05DA8D39C7BE425D30E_analysis-9.csv;user-a;2;-2071930576;5;true;-0.43732794180182577;0.0;Infinity;1;B
user-a_session-29AF06B372FD52129AAB65DA477E308EC73CF0D44087D05DA8D39C7BE425D30E_analysis-9.csv;user-a;2;-2009787186;6;true;-0.47073333471782275;0.0;Infinity;1;B
user-a_session-29AF06B372FD52129AAB65DA477E308EC73CF0D44087D05DA8D39C7BE425D30E_analysis-9.csv;user-a;2;-2023973950;7;true;0.3644014881821019;0.0;Infinity;1;B
user-a_session-29AF06B372FD52129AAB65DA477E308EC73CF0D44087D05DA8D39C7BE425D30E_analysis-9.csv;user-a;2;203263659;6;true;-0.2034901913898469;0.0;Infinity;1;B
user-a_session-29AF06B372FD52129AAB65DA477E308EC73CF0D44087D05DA8D39C7BE425D30E_analysis-9.csv;user-a;2;1123835317;7;true;-0.3705171559698318;0.0;Infinity;1;B
user-a_session-29AF06B372FD52129AAB65DA477E308EC73CF0D44087D05DA8D39C7BE425D30E_analysis-9.csv;user-a;2;-1377601374;6;true;0.29759070235010787;0.0;Infinity;1;B
user-a_session-29AF06B372FD52129AAB65DA477E308EC73CF0D44087D05DA8D39C7BE425D30E_analysis-9.csv;user-a;2;1246501753;6;true;-0.5041387276338197;0.0;Infinity;1;B
user-a_session-29AF06B372FD52129AAB65DA477E308EC73CF0D44087D05DA8D39C7BE425D30E_analysis-9.csv;user-a;2;-954902290;5;true;-0.33711176305383483;0.0;Infinity;1;B
user-a_session-29AF06B372FD52129AAB65DA477E308EC73CF0D44087D05DA8D39C7BE425D30E_analysis-9.csv;user-a;2;-140242824;5;true;-0.2034901913898469;0.0;Infinity;1;B
user-a_session-29AF06B372FD52129AAB65DA477E308EC73CF0D44087D05DA8D39C7BE425D30E_analysis-9.csv;user-a;2;1251515391;5;true;0.5648338456780838;0.0;Infinity;1;B
user-a_session-29AF06B372FD52129AAB65DA477E308EC73CF0D44087D05DA8D39C7BE425D30E_analysis-9.csv;user-a;2;-873779936;6;true;-0.5041387276338197;0.0;Infinity;1;B
user-a_session-29AF06B372FD52129AAB65DA477E308EC73CF0D44087D05DA8D39C7BE425D30E_analysis-9.csv;user-a;2;1269952545;7;true;-0.4039225488858288;0.0;Infinity;1;B
user-a_session-29AF06B372FD52129AAB65DA477E308EC73CF0D44087D05DA8D39C7BE425D30E_analysis-9.csv;user-a;2;1693232840;6;true;-0.5041387276338197;0.0;Infinity;1;B
user-a_session-29AF06B372FD52129AAB65DA477E308EC73CF0D44087D05DA8D39C7BE425D30E_analysis-9.csv;user-a;2;-1690906988;6;true;0.7318608102580687;0.0;Infinity;1;B
user-a_session-29AF06B372FD52129AAB65DA477E308EC73CF0D44087D05DA8D39C7BE425D30E_analysis-9.csv;user-a;2;-174235680;7;true;-0.5041387276338197;0.0;Infinity;1;B
user-a_session-29AF06B372FD52129AAB65DA477E308EC73CF0D44087D05DA8D39C7BE425D30E_analysis-9.csv;user-a;2;-1797038298;9;true;-0.4039225488858288;0.0;Infinity;1;B
user-a_session-29AF06B372FD52129AAB65DA477E308EC73CF0D44087D05DA8D39C7BE425D30E_analysis-9.csv;user-a;2;189623246;5;true;-0.5041387276338197;0.0;Infinity;1;B
user-a_session-29AF06B372FD52129AAB65DA477E308EC73CF0D44087D05DA8D39C7BE425D30E_analysis-9.csv;user-a;2;-952087852;6;true;-0.30370637013783786;0.0;Infinity;1;B
user-a_session-29AF06B372FD52129AAB65DA477E308EC73CF0D44087D05DA8D39C7BE425D30E_analysis-9.csv;user-a;2;-2013517021;8;true;-0.5041387276338197;0.0;Infinity;1;B
user-a_session-29AF06B372FD52129AAB65DA477E308EC73CF0D44087D05DA8D39C7BE425D30E_analysis-9.csv;user-a;2;665005687;8;true;-0.33711176305383483;0.0;Infinity;1;B
user-a_session-29AF06B372FD52129AAB65DA477E308EC73CF0D44087D05DA8D39C7BE425D30E_analysis-9.csv;user-a;2;-605528103;7;true;-0.5041387276338197;0.0;Infinity;1;B
user-a_session-29AF06B372FD52129AAB65DA477E308EC73CF0D44087D05DA8D39C7BE425D30E_analysis-9.csv;user-a;2;-240190120;7;true;2.335319670225924;0.0;Infinity;1;B
user-a_session-29AF06B372FD52129AAB65DA477E308EC73CF0D44087D05DA8D39C7BE425D30E_analysis-9.csv;user-a;2;-1370400197;5;true;0.9656985606700476;0.0;Infinity;1;B
user-a_session-29AF06B372FD52129AAB65DA477E308EC73CF0D44087D05DA8D39C7BE425D30E_analysis-9.csv;user-a;2;-702112251;5;true;0.030347559022132004;0.0;Infinity;1;B
user-a_session-29AF06B372FD52129AAB65DA477E308EC73CF0D44087D05DA8D39C7BE425D30E_analysis-9.csv;user-a;2;741017187;5;true;-0.3705171559698318;0.0;Infinity;1;B
user-a_session-29AF06B372FD52129AAB65DA477E308EC73CF0D44087D05DA8D39C7BE425D30E_analysis-9.csv;user-a;2;-1893980037;6;true;0.5314284527620868;0.0;Infinity;1;B
user-a_session-29AF06B372FD52129AAB65DA477E308EC73CF0D44087D05DA8D39C7BE425D30E_analysis-9.csv;user-a;2;1781880879;7;true;-0.5041387276338197;0.0;Infinity;1;B
user-a_session-29AF06B372FD52129AAB65DA477E308EC73CF0D44087D05DA8D39C7BE425D30E_analysis-9.csv;user-a;2;1362536;8;true;-0.036463226809861964;0.0;Infinity;1;B
user-a_session-29AF06B372FD52129AAB65DA477E308EC73CF0D44087D05DA8D39C7BE425D30E_analysis-9.csv;user-a;2;-1481829815;6;true;0.4980230598460898;0.0;Infinity;1;B
user-a_session-29AF06B372FD52129AAB65DA477E308EC73CF0D44087D05DA8D39C7BE425D30E_analysis-9.csv;user-a;2;1872945946;7;true;-0.30370637013783786;0.0;Infinity;1;B
user-a_session-29AF06B372FD52129AAB65DA477E308EC73CF0D44087D05DA8D39C7BE425D30E_analysis-9.csv;user-a;2;-186796488;6;true;-0.5041387276338197;0.0;Infinity;1;B
user-a_session-29AF06B372FD52129AAB65DA477E308EC73CF0D44087D05DA8D39C7BE425D30E_analysis-9.csv;user-a;2;-1277473876;7;true;-0.43732794180182577;0.0;Infinity;1;B
user-a_session-29AF06B372FD52129AAB65DA477E308EC73CF0D44087D05DA8D39C7BE425D30E_analysis-9.csv;user-a;2;-875334573;6;true;-0.1700847984738499;0.0;Infinity;1;B
user-a_session-29AF06B372FD52129AAB65DA477E308EC73CF0D44087D05DA8D39C7BE425D30E_analysis-9.csv;user-a;2;-173268479;7;true;-0.5041387276338197;0.0;Infinity;1;B
user-a_session-29AF06B372FD52129AAB65DA477E308EC73CF0D44087D05DA8D39C7BE425D30E_analysis-9.csv;user-a;2;-905204728;8;true;-0.30370637013783786;0.0;Infinity;1;B
user-a_session-29AF06B372FD52129AAB65DA477E308EC73CF0D44087D05DA8D39C7BE425D30E_analysis-9.csv;user-a;2;251669237;6;true;0.2641853094341109;0.0;Infinity;1;B
user-a_session-29AF06B372FD52129AAB65DA477E308EC73CF0D44087D05DA8D39C7BE425D30E_analysis-9.csv;user-a;2;-1705889690;8;true;-0.4039225488858288;0.0;Infinity;1;B
user-a_session-29AF06B372FD52129AAB65DA477E308EC73CF0D44087D05DA8D39C7BE425D30E_analysis-9.csv;user-a;2;102414109;8;true;0.030347559022132004;0.0;Infinity;1;B
user-a_session-29AF06B372FD52129AAB65DA477E308EC73CF0D44087D05DA8D39C7BE425D30E_analysis-9.csv;user-a;2;2088176523;5;true;-0.5041387276338197;0.0;Infinity;1;B
user-a_session-29AF06B372FD52129AAB65DA477E308EC73CF0D44087D05DA8D39C7BE425D30E_analysis-9.csv;user-a;2;-139829063;5;true;-0.5041387276338197;0.0;Infinity;1;B
user-a_session-29AF06B372FD52129AAB65DA477E308EC73CF0D44087D05DA8D39C7BE425D30E_analysis-9.csv;user-a;2;1263292855;7;true;-0.47073333471782275;0.0;Infinity;1;B
user-a_session-29AF06B372FD52129AAB65DA477E308EC73CF0D44087D05DA8D39C7BE425D30E_analysis-9.csv;user-a;2;-733604782;9;true;0.39780688109809886;0.0;Infinity;1;B
user-a_session-29AF06B372FD52129AAB65DA477E308EC73CF0D44087D05DA8D39C7BE425D30E_analysis-9.csv;user-a;2;2137037742;10;true;-0.3705171559698318;0.0;Infinity;1;B
user-a_session-29AF06B372FD52129AAB65DA477E308EC73CF0D44087D05DA8D39C7BE425D30E_analysis-9.csv;user-a;2;217402085;11;true;-0.3705171559698318;0.0;Infinity;1;B
user-a_session-29AF06B372FD52129AAB65DA477E308EC73CF0D44087D05DA8D39C7BE425D30E_analysis-9.csv;user-a;2;144909628;6;true;-0.23689558430584387;0.0;Infinity;1;B
user-a_session-29AF06B372FD52129AAB65DA477E308EC73CF0D44087D05DA8D39C7BE425D30E_analysis-9.csv;user-a;2;-1851486336;5;true;-0.5041387276338197;0.0;Infinity;1;B
user-a_session-29AF06B372FD52129AAB65DA477E308EC73CF0D44087D05DA8D39C7BE425D30E_analysis-9.csv;user-a;2;-163050135;5;true;0.43121227401409584;0.0;Infinity;1;B
user-a_session-29AF06B372FD52129AAB65DA477E308EC73CF0D44087D05DA8D39C7BE425D30E_analysis-9.csv;user-a;2;-529955467;8;true;-0.4039225488858288;0.0;Infinity;1;B
user-a_session-29AF06B372FD52129AAB65DA477E308EC73CF0D44087D05DA8D39C7BE425D30E_analysis-9.csv;user-a;2;-1657668955;5;true;0.030347559022132004;0.0;Infinity;1;B
user-a_session-29AF06B372FD52129AAB65DA477E308EC73CF0D44087D05DA8D39C7BE425D30E_analysis-9.csv;user-a;2;-1934192632;6;true;-0.5041387276338197;0.0;Infinity;1;B
user-a_session-29AF06B372FD52129AAB65DA477E308EC73CF0D44087D05DA8D39C7BE425D30E_analysis-9.csv;user-a;2;1247983929;6;true;0.39780688109809886;0.0;Infinity;1;B
user-a_session-29AF06B372FD52129AAB65DA477E308EC73CF0D44087D05DA8D39C7BE425D30E_analysis-9.csv;user-a;2;331103881;8;true;-0.47073333471782275;0.0;Infinity;1;B
user-a_session-29AF06B372FD52129AAB65DA477E308EC73CF0D44087D05DA8D39C7BE425D30E_analysis-9.csv;user-a;2;-1335587744;7;true;-0.5041387276338197;0.0;Infinity;1;B
user-a_session-29AF06B372FD52129AAB65DA477E308EC73CF0D44087D05DA8D39C7BE425D30E_analysis-9.csv;user-a;2;-740882020;5;true;-0.4039225488858288;0.0;Infinity;1;B
user-a_session-29AF06B372FD52129AAB65DA477E308EC73CF0D44087D05DA8D39C7BE425D30E_analysis-9.csv;user-a;2;-521704885;5;true;-0.4039225488858288;0.0;Infinity;1;B
user-a_session-29AF06B372FD52129AAB65DA477E308EC73CF0D44087D05DA8D39C7BE425D30E_analysis-9.csv;user-a;2;379635798;7;true;0.2641853094341109;0.0;Infinity;1;B
user-a_session-29AF06B372FD52129AAB65DA477E308EC73CF0D44087D05DA8D39C7BE425D30E_analysis-9.csv;user-a;2;-1430262453;8;true;0.063752951938129;0.0;Infinity;1;B
user-a_session-29AF06B372FD52129AAB65DA477E308EC73CF0D44087D05DA8D39C7BE425D30E_analysis-9.csv;user-a;2;290549966;8;true;-0.43732794180182577;0.0;Infinity;1;B
user-a_session-29AF06B372FD52129AAB65DA477E308EC73CF0D44087D05DA8D39C7BE425D30E_analysis-9.csv;user-a;2;1932251218;5;true;-0.47073333471782275;0.0;Infinity;1;B
user-a_session-29AF06B372FD52129AAB65DA477E308EC73CF0D44087D05DA8D39C7BE425D30E_analysis-9.csv;user-a;2;1887930435;6;true;-0.5041387276338197;0.0;Infinity;1;B
user-a_session-29AF06B372FD52129AAB65DA477E308EC73CF0D44087D05DA8D39C7BE425D30E_analysis-9.csv;user-a;2;-493727981;5;true;5.47542660432964;0.0;Infinity;1;B
user-a_session-29AF06B372FD52129AAB65DA477E308EC73CF0D44087D05DA8D39C7BE425D30E_analysis-9.csv;user-a;2;140730703;5;true;-0.5041387276338197;0.0;Infinity;1;B
user-a_session-29AF06B372FD52129AAB65DA477E308EC73CF0D44087D05DA8D39C7BE425D30E_analysis-9.csv;user-a;2;-1018991197;7;true;-0.3705171559698318;0.0;Infinity;1;B
user-a_session-29AF06B372FD52129AAB65DA477E308EC73CF0D44087D05DA8D39C7BE425D30E_analysis-9.csv;user-a;2;1506958651;9;true;2.301914277309927;0.0;Infinity;1;B
user-a_session-29AF06B372FD52129AAB65DA477E308EC73CF0D44087D05DA8D39C7BE425D30E_analysis-9.csv;user-a;2;-1007592127;9;true;-0.33711176305383483;0.0;Infinity;1;B
user-a_session-29AF06B372FD52129AAB65DA477E308EC73CF0D44087D05DA8D39C7BE425D30E_analysis-9.csv;user-a;2;-699010315;6;true;3.6715353868658034;0.0;Infinity;1;B
user-a_session-29AF06B372FD52129AAB65DA477E308EC73CF0D44087D05DA8D39C7BE425D30E_analysis-9.csv;user-a;2;-92127379;5;true;0.19737452360211694;0.0;Infinity;1;B
user-a_session-29AF06B372FD52129AAB65DA477E308EC73CF0D44087D05DA8D39C7BE425D30E_analysis-9.csv;user-a;2;-429692914;5;true;-0.5041387276338197;0.0;Infinity;1;B
user-a_session-29AF06B372FD52129AAB65DA477E308EC73CF0D44087D05DA8D39C7BE425D30E_analysis-9.csv;user-a;2;1662249774;5;true;-0.13667940555785293;0.0;Infinity;1;B
user-a_session-29AF06B372FD52129AAB65DA477E308EC73CF0D44087D05DA8D39C7BE425D30E_analysis-9.csv;user-a;2;1527491217;6;true;-0.3705171559698318;0.0;Infinity;1;B
user-a_session-29AF06B372FD52129AAB65DA477E308EC73CF0D44087D05DA8D39C7BE425D30E_analysis-9.csv;user-a;2;216588936;5;true;0.19737452360211694;0.0;Infinity;1;B
user-a_session-29AF06B372FD52129AAB65DA477E308EC73CF0D44087D05DA8D39C7BE425D30E_analysis-9.csv;user-a;2;134399508;8;true;-0.33711176305383483;0.0;Infinity;1;B
user-a_session-29AF06B372FD52129AAB65DA477E308EC73CF0D44087D05DA8D39C7BE425D30E_analysis-9.csv;user-a;2;-1174690549;6;true;-0.4039225488858288;0.0;Infinity;1;B
user-a_session-29AF06B372FD52129AAB65DA477E308EC73CF0D44087D05DA8D39C7BE425D30E_analysis-9.csv;user-a;2;-880642183;8;true;-0.33711176305383483;0.0;Infinity;1;B
user-a_session-29AF06B372FD52129AAB65DA477E308EC73CF0D44087D05DA8D39C7BE425D30E_analysis-9.csv;user-a;2;736021122;6;true;-0.5041387276338197;0.0;Infinity;1;B
user-a_session-29AF06B372FD52129AAB65DA477E308EC73CF0D44087D05DA8D39C7BE425D30E_analysis-9.csv;user-a;2;533853756;5;true;-0.30370637013783786;0.0;Infinity;1;B
user-a_session-29AF06B372FD52129AAB65DA477E308EC73CF0D44087D05DA8D39C7BE425D30E_analysis-9.csv;user-a;2;6462685;5;true;-0.43732794180182577;0.0;Infinity;1;B
user-a_session-29AF06B372FD52129AAB65DA477E308EC73CF0D44087D05DA8D39C7BE425D30E_analysis-9.csv;user-a;2;2137173212;6;true;-0.5041387276338197;0.0;Infinity;1;B
user-a_session-29AF06B372FD52129AAB65DA477E308EC73CF0D44087D05DA8D39C7BE425D30E_analysis-9.csv;user-a;2;-1300576384;5;true;-0.5041387276338197;0.0;Infinity;1;B
user-a_session-29AF06B372FD52129AAB65DA477E308EC73CF0D44087D05DA8D39C7BE425D30E_analysis-9.csv;user-a;2;-103766559;7;true;-0.47073333471782275;0.0;Infinity;1;B
user-a_session-29AF06B372FD52129AAB65DA477E308EC73CF0D44087D05DA8D39C7BE425D30E_analysis-9.csv;user-a;2;196119217;8;true;-0.3705171559698318;0.0;Infinity;1;B
user-a_session-29AF06B372FD52129AAB65DA477E308EC73CF0D44087D05DA8D39C7BE425D30E_analysis-9.csv;user-a;2;-1248831898;7;true;-0.30370637013783786;0.0;Infinity;1;B
user-a_session-29AF06B372FD52129AAB65DA477E308EC73CF0D44087D05DA8D39C7BE425D30E_analysis-9.csv;user-a;2;-1630935264;5;true;-0.5041387276338197;0.0;Infinity;1;B
user-a_session-29AF06B372FD52129AAB65DA477E308EC73CF0D44087D05DA8D39C7BE425D30E_analysis-9.csv;user-a;2;1513175060;6;true;-0.47073333471782275;0.0;Infinity;1;B
user-a_session-29AF06B372FD52129AAB65DA477E308EC73CF0D44087D05DA8D39C7BE425D30E_analysis-9.csv;user-a;2;-1791801084;7;true;-0.47073333471782275;0.0;Infinity;1;B
user-a_session-29AF06B372FD52129AAB65DA477E308EC73CF0D44087D05DA8D39C7BE425D30E_analysis-9.csv;user-a;2;-1417338183;5;true;2.001265741065954;0.0;Infinity;1;B
user-a_session-29AF06B372FD52129AAB65DA477E308EC73CF0D44087D05DA8D39C7BE425D30E_analysis-9.csv;user-a;2;-177936397;6;true;-0.43732794180182577;0.0;Infinity;1;B
user-a_session-29AF06B372FD52129AAB65DA477E308EC73CF0D44087D05DA8D39C7BE425D30E_analysis-9.csv;user-a;2;106295594;6;true;1.2663470969140205;0.0;Infinity;1;B
user-a_session-29AF06B372FD52129AAB65DA477E308EC73CF0D44087D05DA8D39C7BE425D30E_analysis-9.csv;user-a;2;-884815590;6;true;-0.47073333471782275;0.0;Infinity;1;B
user-a_session-29AF06B372FD52129AAB65DA477E308EC73CF0D44087D05DA8D39C7BE425D30E_analysis-9.csv;user-a;2;1335175474;5;true;-0.43732794180182577;0.0;Infinity;1;B
user-a_session-29AF06B372FD52129AAB65DA477E308EC73CF0D44087D05DA8D39C7BE425D30E_analysis-9.csv;user-a;2;-532872836;6;true;0.19737452360211694;0.0;Infinity;1;B
user-a_session-29AF06B372FD52129AAB65DA477E308EC73CF0D44087D05DA8D39C7BE425D30E_analysis-9.csv;user-a;2;-747624534;5;true;-0.33711176305383483;0.0;Infinity;1;B
user-a_session-29AF06B372FD52129AAB65DA477E308EC73CF0D44087D05DA8D39C7BE425D30E_analysis-9.csv;user-a;2;-23931617;5;true;-0.43732794180182577;0.0;Infinity;1;B
user-a_session-29AF06B372FD52129AAB65DA477E308EC73CF0D44087D05DA8D39C7BE425D30E_analysis-9.csv;user-a;2;-1322354878;5;true;-0.33711176305383483;0.0;Infinity;1;B
user-a_session-29AF06B372FD52129AAB65DA477E308EC73CF0D44087D05DA8D39C7BE425D30E_analysis-9.csv;user-a;2;58233390;8;true;-0.3705171559698318;0.0;Infinity;1;B
user-a_session-29AF06B372FD52129AAB65DA477E308EC73CF0D44087D05DA8D39C7BE425D30E_analysis-9.csv;user-a;2;827412585;7;true;-0.47073333471782275;0.0;Infinity;1;B
user-a_session-29AF06B372FD52129AAB65DA477E308EC73CF0D44087D05DA8D39C7BE425D30E_analysis-9.csv;user-a;2;-800992383;6;true;8.849371288845335;0.0;Infinity;1;B
user-a_session-29AF06B372FD52129AAB65DA477E308EC73CF0D44087D05DA8D39C7BE425D30E_analysis-9.csv;user-a;2;425390071;5;true;-0.43732794180182577;0.0;Infinity;1;B
user-a_session-29AF06B372FD52129AAB65DA477E308EC73CF0D44087D05DA8D39C7BE425D30E_analysis-9.csv;user-a;2;-587970732;6;true;-0.47073333471782275;0.0;Infinity;1;B
user-a_session-29AF06B372FD52129AAB65DA477E308EC73CF0D44087D05DA8D39C7BE425D30E_analysis-9.csv;user-a;2;1092427227;6;true;-0.30370637013783786;0.0;Infinity;1;B
user-a_session-29AF06B372FD52129AAB65DA477E308EC73CF0D44087D05DA8D39C7BE425D30E_analysis-9.csv;user-a;2;669276342;5;true;-0.43732794180182577;0.0;Infinity;1;B
user-a_session-29AF06B372FD52129AAB65DA477E308EC73CF0D44087D05DA8D39C7BE425D30E_analysis-9.csv;user-a;2;-1022721873;5;true;-0.036463226809861964;0.0;Infinity;1;B
user-a_session-29AF06B372FD52129AAB65DA477E308EC73CF0D44087D05DA8D39C7BE425D30E_analysis-9.csv;user-a;2;-193600228;6;true;-0.47073333471782275;0.0;Infinity;1;B
user-a_session-29AF06B372FD52129AAB65DA477E308EC73CF0D44087D05DA8D39C7BE425D30E_analysis-9.csv;user-a;2;-930000387;5;true;-0.4039225488858288;0.0;Infinity;1;B
user-a_session-29AF06B372FD52129AAB65DA477E308EC73CF0D44087D05DA8D39C7BE425D30E_analysis-9.csv;user-a;2;-1758097904;7;true;1.3665632756620114;0.0;Infinity;1;B
user-a_session-29AF06B372FD52129AAB65DA477E308EC73CF0D44087D05DA8D39C7BE425D30E_analysis-9.csv;user-a;2;155139166;6;true;-0.5041387276338197;0.0;Infinity;1;B
user-a_session-29AF06B372FD52129AAB65DA477E308EC73CF0D44087D05DA8D39C7BE425D30E_analysis-9.csv;user-a;2;312507973;11;true;-0.4039225488858288;0.0;Infinity;1;B
user-a_session-29AF06B372FD52129AAB65DA477E308EC73CF0D44087D05DA8D39C7BE425D30E_analysis-9.csv;user-a;2;-654215031;6;true;0.063752951938129;0.0;Infinity;1;B
user-a_session-29AF06B372FD52129AAB65DA477E308EC73CF0D44087D05DA8D39C7BE425D30E_analysis-9.csv;user-a;2;-2088089242;5;true;-0.5041387276338197;0.0;Infinity;1;B
user-a_session-29AF06B372FD52129AAB65DA477E308EC73CF0D44087D05DA8D39C7BE425D30E_analysis-9.csv;user-a;2;1389024078;6;true;-0.3705171559698318;0.0;Infinity;1;B
user-a_session-29AF06B372FD52129AAB65DA477E308EC73CF0D44087D05DA8D39C7BE425D30E_analysis-9.csv;user-a;2;1053268667;6;true;-0.5041387276338197;0.0;Infinity;1;B
user-a_session-29AF06B372FD52129AAB65DA477E308EC73CF0D44087D05DA8D39C7BE425D30E_analysis-9.csv;user-a;2;970112071;6;true;0.2641853094341109;0.0;Infinity;1;B
user-a_session-29AF06B372FD52129AAB65DA477E308EC73CF0D44087D05DA8D39C7BE425D30E_analysis-9.csv;user-a;2;-1181328531;7;true;-0.4039225488858288;0.0;Infinity;1;B
user-a_session-29AF06B372FD52129AAB65DA477E308EC73CF0D44087D05DA8D39C7BE425D30E_analysis-9.csv;user-a;2;2026510158;7;true;-0.06986861972585895;0.0;Infinity;1;B
user-a_session-29AF06B372FD52129AAB65DA477E308EC73CF0D44087D05DA8D39C7BE425D30E_analysis-9.csv;user-a;2;2071504342;6;true;-0.3705171559698318;0.0;Infinity;1;B
user-a_session-29AF06B372FD52129AAB65DA477E308EC73CF0D44087D05DA8D39C7BE425D30E_analysis-9.csv;user-a;2;-355511180;6;true;-0.5041387276338197;0.0;Infinity;1;B
user-a_session-29AF06B372FD52129AAB65DA477E308EC73CF0D44087D05DA8D39C7BE425D30E_analysis-9.csv;user-a;2;-910174393;6;true;-0.5041387276338197;0.0;Infinity;1;B
user-a_session-29AF06B372FD52129AAB65DA477E308EC73CF0D44087D05DA8D39C7BE425D30E_analysis-9.csv;user-a;2;1420662056;7;true;-0.06986861972585895;0.0;Infinity;1;B
user-a_session-29AF06B372FD52129AAB65DA477E308EC73CF0D44087D05DA8D39C7BE425D30E_analysis-9.csv;user-a;2;-224319565;6;true;0.16396913068611996;0.0;Infinity;1;B
user-a_session-29AF06B372FD52129AAB65DA477E308EC73CF0D44087D05DA8D39C7BE425D30E_analysis-9.csv;user-a;2;1221296128;5;true;-0.06986861972585895;0.0;Infinity;1;B
user-a_session-29AF06B372FD52129AAB65DA477E308EC73CF0D44087D05DA8D39C7BE425D30E_analysis-9.csv;user-a;2;299033230;8;true;-0.23689558430584387;0.0;Infinity;1;B
user-a_session-29AF06B372FD52129AAB65DA477E308EC73CF0D44087D05DA8D39C7BE425D30E_analysis-9.csv;user-a;2;-760075651;8;true;1.0659147394180386;0.0;Infinity;1;B
user-a_session-29AF06B372FD52129AAB65DA477E308EC73CF0D44087D05DA8D39C7BE425D30E_analysis-9.csv;user-a;2;83485855;6;true;-0.5041387276338197;0.0;Infinity;1;B
user-a_session-29AF06B372FD52129AAB65DA477E308EC73CF0D44087D05DA8D39C7BE425D30E_analysis-9.csv;user-a;2;-493431999;6;true;-0.47073333471782275;0.0;Infinity;1;B
user-a_session-29AF06B372FD52129AAB65DA477E308EC73CF0D44087D05DA8D39C7BE425D30E_analysis-9.csv;user-a;2;1557793107;5;true;-0.4039225488858288;0.0;Infinity;1;B
user-a_session-29AF06B372FD52129AAB65DA477E308EC73CF0D44087D05DA8D39C7BE425D30E_analysis-9.csv;user-a;2;-1155963706;6;true;-0.06986861972585895;0.0;Infinity;1;B
user-a_session-29AF06B372FD52129AAB65DA477E308EC73CF0D44087D05DA8D39C7BE425D30E_analysis-9.csv;user-a;2;-767966452;5;true;-0.43732794180182577;0.0;Infinity;1;B
user-a_session-29AF06B372FD52129AAB65DA477E308EC73CF0D44087D05DA8D39C7BE425D30E_analysis-9.csv;user-a;2;917750058;6;true;0.7652662031740657;0.0;Infinity;1;B
user-a_session-29AF06B372FD52129AAB65DA477E308EC73CF0D44087D05DA8D39C7BE425D30E_analysis-9.csv;user-a;2;1315242495;7;true;-0.00305783389386498;0.0;Infinity;1;B
user-a_session-29AF06B372FD52129AAB65DA477E308EC73CF0D44087D05DA8D39C7BE425D30E_analysis-9.csv;user-a;2;-2077094601;8;true;-0.23689558430584387;0.0;Infinity;1;B
user-a_session-29AF06B372FD52129AAB65DA477E308EC73CF0D44087D05DA8D39C7BE425D30E_analysis-9.csv;user-a;2;151927153;6;true;0.6650500244260747;0.0;Infinity;1;B
user-a_session-29AF06B372FD52129AAB65DA477E308EC73CF0D44087D05DA8D39C7BE425D30E_analysis-9.csv;user-a;2;112472293;6;true;-0.5041387276338197;0.0;Infinity;1;B
user-a_session-29AF06B372FD52129AAB65DA477E308EC73CF0D44087D05DA8D39C7BE425D30E_analysis-9.csv;user-a;2;-2056494092;5;true;-0.47073333471782275;0.0;Infinity;1;B
user-a_session-29AF06B372FD52129AAB65DA477E308EC73CF0D44087D05DA8D39C7BE425D30E_analysis-9.csv;user-a;2;-491759421;5;true;-0.33711176305383483;0.0;Infinity;1;B
user-a_session-29AF06B372FD52129AAB65DA477E308EC73CF0D44087D05DA8D39C7BE425D30E_analysis-9.csv;user-a;2;-2097042303;6;true;-0.43732794180182577;0.0;Infinity;1;B
user-a_session-29AF06B372FD52129AAB65DA477E308EC73CF0D44087D05DA8D39C7BE425D30E_analysis-9.csv;user-a;2;1240504692;6;true;-0.43732794180182577;0.0;Infinity;1;B
user-a_session-29AF06B372FD52129AAB65DA477E308EC73CF0D44087D05DA8D39C7BE425D30E_analysis-9.csv;user-a;2;1954861876;7;true;-0.2703009772218409;0.0;Infinity;1;B
user-a_session-29AF06B372FD52129AAB65DA477E308EC73CF0D44087D05DA8D39C7BE425D30E_analysis-9.csv;user-a;2;-1298640458;7;true;-0.5041387276338197;0.0;Infinity;1;B
user-a_session-29AF06B372FD52129AAB65DA477E308EC73CF0D44087D05DA8D39C7BE425D30E_analysis-9.csv;user-a;2;-1905414538;6;true;-0.4039225488858288;0.0;Infinity;1;B
user-a_session-29AF06B372FD52129AAB65DA477E308EC73CF0D44087D05DA8D39C7BE425D30E_analysis-9.csv;user-a;2;-1331870495;7;true;-0.4039225488858288;0.0;Infinity;1;B
user-a_session-29AF06B372FD52129AAB65DA477E308EC73CF0D44087D05DA8D39C7BE425D30E_analysis-9.csv;user-a;2;298331668;6;true;-0.47073333471782275;0.0;Infinity;1;B
user-a_session-29AF06B372FD52129AAB65DA477E308EC73CF0D44087D05DA8D39C7BE425D30E_analysis-9.csv;user-a;2;-1932679641;5;true;-0.43732794180182577;0.0;Infinity;1;B
user-a_session-29AF06B372FD52129AAB65DA477E308EC73CF0D44087D05DA8D39C7BE425D30E_analysis-9.csv;user-a;2;2125346272;5;true;-0.43732794180182577;0.0;Infinity;1;B
user-a_session-29AF06B372FD52129AAB65DA477E308EC73CF0D44087D05DA8D39C7BE425D30E_analysis-9.csv;user-a;2;-1046120279;5;true;-0.2703009772218409;0.0;Infinity;1;B
user-a_session-29AF06B372FD52129AAB65DA477E308EC73CF0D44087D05DA8D39C7BE425D30E_analysis-9.csv;user-a;2;-1171386716;7;true;-0.47073333471782275;0.0;Infinity;1;B
user-a_session-29AF06B372FD52129AAB65DA477E308EC73CF0D44087D05DA8D39C7BE425D30E_analysis-9.csv;user-a;2;-1376009082;7;true;1.4333740614940054;0.0;Infinity;1;B
user-a_session-29AF06B372FD52129AAB65DA477E308EC73CF0D44087D05DA8D39C7BE425D30E_analysis-9.csv;user-a;2;774580614;10;true;-0.47073333471782275;0.0;Infinity;1;B
user-a_session-29AF06B372FD52129AAB65DA477E308EC73CF0D44087D05DA8D39C7BE425D30E_analysis-9.csv;user-a;2;1477050538;6;true;-0.43732794180182577;0.0;Infinity;1;B
user-a_session-29AF06B372FD52129AAB65DA477E308EC73CF0D44087D05DA8D39C7BE425D30E_analysis-9.csv;user-a;2;1215234992;5;true;-0.3705171559698318;0.0;Infinity;1;B
user-a_session-29AF06B372FD52129AAB65DA477E308EC73CF0D44087D05DA8D39C7BE425D30E_analysis-9.csv;user-a;2;-1434757227;6;true;0.39780688109809886;0.0;Infinity;1;B
user-a_session-29AF06B372FD52129AAB65DA477E308EC73CF0D44087D05DA8D39C7BE425D30E_analysis-9.csv;user-a;2;1404844642;5;true;3.8385623514457885;0.0;Infinity;1;B
user-a_session-29AF06B372FD52129AAB65DA477E308EC73CF0D44087D05DA8D39C7BE425D30E_analysis-9.csv;user-a;2;-1927406057;6;true;-0.5041387276338197;0.0;Infinity;1;B
user-a_session-29AF06B372FD52129AAB65DA477E308EC73CF0D44087D05DA8D39C7BE425D30E_analysis-9.csv;user-a;2;-34605576;8;true;-0.5041387276338197;0.0;Infinity;1;B
user-a_session-29AF06B372FD52129AAB65DA477E308EC73CF0D44087D05DA8D39C7BE425D30E_analysis-9.csv;user-a;2;-2003819455;7;true;-0.5041387276338197;0.0;Infinity;1;B
user-a_session-29AF06B372FD52129AAB65DA477E308EC73CF0D44087D05DA8D39C7BE425D30E_analysis-9.csv;user-a;2;-1910241414;6;true;-0.13667940555785293;0.0;Infinity;1;B
user-a_session-29AF06B372FD52129AAB65DA477E308EC73CF0D44087D05DA8D39C7BE425D30E_analysis-9.csv;user-a;2;1898637222;5;true;-0.43732794180182577;0.0;Infinity;1;B
user-a_session-29AF06B372FD52129AAB65DA477E308EC73CF0D44087D05DA8D39C7BE425D30E_analysis-9.csv;user-a;2;1624237361;5;true;6.176939855565577;0.0;Infinity;1;B
user-a_session-29AF06B372FD52129AAB65DA477E308EC73CF0D44087D05DA8D39C7BE425D30E_analysis-9.csv;user-a;2;1539831639;5;true;-0.47073333471782275;0.0;Infinity;1;B
user-a_session-29AF06B372FD52129AAB65DA477E308EC73CF0D44087D05DA8D39C7BE425D30E_analysis-9.csv;user-a;2;-1259373380;6;true;-0.47073333471782275;0.0;Infinity;1;B
user-a_session-29AF06B372FD52129AAB65DA477E308EC73CF0D44087D05DA8D39C7BE425D30E_analysis-9.csv;user-a;2;-1256109383;6;true;-0.47073333471782275;0.0;Infinity;1;B
user-a_session-29AF06B372FD52129AAB65DA477E308EC73CF0D44087D05DA8D39C7BE425D30E_analysis-9.csv;user-a;2;-1067063917;6;true;-0.2703009772218409;0.0;Infinity;1;B
user-a_session-29AF06B372FD52129AAB65DA477E308EC73CF0D44087D05DA8D39C7BE425D30E_analysis-9.csv;user-a;2;-1188081853;6;true;-0.4039225488858288;0.0;Infinity;1;B
user-a_session-29AF06B372FD52129AAB65DA477E308EC73CF0D44087D05DA8D39C7BE425D30E_analysis-9.csv;user-a;2;-1947819667;8;true;-0.2703009772218409;0.0;Infinity;1;B
user-a_session-29AF06B372FD52129AAB65DA477E308EC73CF0D44087D05DA8D39C7BE425D30E_analysis-9.csv;user-a;2;1170405828;5;true;0.4646176669300928;0.0;Infinity;1;B
user-a_session-29AF06B372FD52129AAB65DA477E308EC73CF0D44087D05DA8D39C7BE425D30E_analysis-9.csv;user-a;2;814129259;6;true;0.6984554173420717;0.0;Infinity;1;B
user-a_session-29AF06B372FD52129AAB65DA477E308EC73CF0D44087D05DA8D39C7BE425D30E_analysis-9.csv;user-a;2;-833556639;5;true;-0.47073333471782275;0.0;Infinity;1;B
user-a_session-29AF06B372FD52129AAB65DA477E308EC73CF0D44087D05DA8D39C7BE425D30E_analysis-9.csv;user-a;2;92863793;6;true;-0.5041387276338197;0.0;Infinity;1;B
user-a_session-29AF06B372FD52129AAB65DA477E308EC73CF0D44087D05DA8D39C7BE425D30E_analysis-9.csv;user-a;2;-1733421064;5;true;0.09715834485412597;0.0;Infinity;1;B
user-a_session-29AF06B372FD52129AAB65DA477E308EC73CF0D44087D05DA8D39C7BE425D30E_analysis-9.csv;user-a;2;-2084309662;6;true;-0.4039225488858288;0.0;Infinity;1;B
user-a_session-29AF06B372FD52129AAB65DA477E308EC73CF0D44087D05DA8D39C7BE425D30E_analysis-9.csv;user-a;2;853786851;7;true;-0.43732794180182577;0.0;Infinity;1;B
user-a_session-29AF06B372FD52129AAB65DA477E308EC73CF0D44087D05DA8D39C7BE425D30E_analysis-9.csv;user-a;2;-1388687415;6;true;0.16396913068611996;0.0;Infinity;1;B
user-a_session-29AF06B372FD52129AAB65DA477E308EC73CF0D44087D05DA8D39C7BE425D30E_analysis-9.csv;user-a;2;1293804260;7;true;-0.3705171559698318;0.0;Infinity;1;B
user-a_session-29AF06B372FD52129AAB65DA477E308EC73CF0D44087D05DA8D39C7BE425D30E_analysis-9.csv;user-a;2;1944133075;6;true;-0.47073333471782275;0.0;Infinity;1;B
user-a_session-29AF06B372FD52129AAB65DA477E308EC73CF0D44087D05DA8D39C7BE425D30E_analysis-9.csv;user-a;2;-1294623105;6;true;-0.47073333471782275;0.0;Infinity;1;B
user-a_session-29AF06B372FD52129AAB65DA477E308EC73CF0D44087D05DA8D39C7BE425D30E_analysis-9.csv;user-a;2;527812396;7;true;0.8320769890060596;0.0;Infinity;1;B
user-a_session-29AF06B372FD52129AAB65DA477E308EC73CF0D44087D05DA8D39C7BE425D30E_analysis-9.csv;user-a;2;-1809389234;5;true;-0.47073333471782275;0.0;Infinity;1;B
user-a_session-29AF06B372FD52129AAB65DA477E308EC73CF0D44087D05DA8D39C7BE425D30E_analysis-9.csv;user-a;2;-2012397497;7;true;0.16396913068611996;0.0;Infinity;1;B
user-a_session-29AF06B372FD52129AAB65DA477E308EC73CF0D44087D05DA8D39C7BE425D30E_analysis-9.csv;user-a;2;2136666955;7;true;-0.5041387276338197;0.0;Infinity;1;B
user-a_session-29AF06B372FD52129AAB65DA477E308EC73CF0D44087D05DA8D39C7BE425D30E_analysis-9.csv;user-a;2;-1854347810;9;true;-0.33711176305383483;0.0;Infinity;1;B
user-a_session-29AF06B372FD52129AAB65DA477E308EC73CF0D44087D05DA8D39C7BE425D30E_analysis-9.csv;user-a;2;-428329032;6;true;-0.5041387276338197;0.0;Infinity;1;B
user-a_session-29AF06B372FD52129AAB65DA477E308EC73CF0D44087D05DA8D39C7BE425D30E_analysis-9.csv;user-a;2;2136845425;5;true;-0.5041387276338197;0.0;Infinity;1;B
user-a_session-29AF06B372FD52129AAB65DA477E308EC73CF0D44087D05DA8D39C7BE425D30E_analysis-9.csv;user-a;2;350313812;6;true;-0.2703009772218409;0.0;Infinity;1;B
user-a_session-29AF06B372FD52129AAB65DA477E308EC73CF0D44087D05DA8D39C7BE425D30E_analysis-9.csv;user-a;2;299504956;6;true;-0.5041387276338197;0.0;Infinity;1;B
user-a_session-29AF06B372FD52129AAB65DA477E308EC73CF0D44087D05DA8D39C7BE425D30E_analysis-9.csv;user-a;2;-1563721559;5;true;1.6004010260739903;0.0;Infinity;1;B
user-a_session-29AF06B372FD52129AAB65DA477E308EC73CF0D44087D05DA8D39C7BE425D30E_analysis-9.csv;user-a;2;-1256878642;8;true;1.0325093465020416;0.0;Infinity;1;B
user-a_session-29AF06B372FD52129AAB65DA477E308EC73CF0D44087D05DA8D39C7BE425D30E_analysis-9.csv;user-a;2;325565925;6;true;-0.5041387276338197;0.0;Infinity;1;B
user-a_session-29AF06B372FD52129AAB65DA477E308EC73CF0D44087D05DA8D39C7BE425D30E_analysis-9.csv;user-a;2;-1188031395;7;true;-0.1700847984738499;0.0;Infinity;1;B
user-a_session-29AF06B372FD52129AAB65DA477E308EC73CF0D44087D05DA8D39C7BE425D30E_analysis-9.csv;user-a;2;565336733;5;true;-0.30370637013783786;0.0;Infinity;1;B
user-a_session-29AF06B372FD52129AAB65DA477E308EC73CF0D44087D05DA8D39C7BE425D30E_analysis-9.csv;user-a;2;1124321225;5;true;-0.5041387276338197;0.0;Infinity;1;B
user-a_session-29AF06B372FD52129AAB65DA477E308EC73CF0D44087D05DA8D39C7BE425D30E_analysis-9.csv;user-a;2;884740250;6;true;0.09715834485412597;0.0;Infinity;1;B
user-a_session-29AF06B372FD52129AAB65DA477E308EC73CF0D44087D05DA8D39C7BE425D30E_analysis-9.csv;user-a;2;50981294;6;true;-0.4039225488858288;0.0;Infinity;1;B
user-a_session-29AF06B372FD52129AAB65DA477E308EC73CF0D44087D05DA8D39C7BE425D30E_analysis-9.csv;user-a;2;43641113;5;true;3.8385623514457885;0.0;Infinity;1;B
user-a_session-29AF06B372FD52129AAB65DA477E308EC73CF0D44087D05DA8D39C7BE425D30E_analysis-9.csv;user-a;2;165810281;7;true;0.6984554173420717;0.0;Infinity;1;B
user-a_session-29AF06B372FD52129AAB65DA477E308EC73CF0D44087D05DA8D39C7BE425D30E_analysis-9.csv;user-a;2;-1272707994;7;true;-0.5041387276338197;0.0;Infinity;1;B
user-a_session-29AF06B372FD52129AAB65DA477E308EC73CF0D44087D05DA8D39C7BE425D30E_analysis-9.csv;user-a;2;-324689141;5;true;-0.47073333471782275;0.0;Infinity;1;B
user-a_session-29AF06B372FD52129AAB65DA477E308EC73CF0D44087D05DA8D39C7BE425D30E_analysis-9.csv;user-a;2;455481627;6;true;0.8654823819220566;0.0;Infinity;1;B
user-a_session-29AF06B372FD52129AAB65DA477E308EC73CF0D44087D05DA8D39C7BE425D30E_analysis-9.csv;user-a;2;928448180;7;true;-0.5041387276338197;0.0;Infinity;1;B
user-a_session-29AF06B372FD52129AAB65DA477E308EC73CF0D44087D05DA8D39C7BE425D30E_analysis-9.csv;user-a;2;-2097888297;9;true;-0.06986861972585895;0.0;Infinity;1;B
user-a_session-29AF06B372FD52129AAB65DA477E308EC73CF0D44087D05DA8D39C7BE425D30E_analysis-9.csv;user-a;2;1491814817;5;true;-0.30370637013783786;0.0;Infinity;1;B
user-a_session-29AF06B372FD52129AAB65DA477E308EC73CF0D44087D05DA8D39C7BE425D30E_analysis-9.csv;user-a;2;641697543;8;true;-0.47073333471782275;0.0;Infinity;1;B
user-a_session-29AF06B372FD52129AAB65DA477E308EC73CF0D44087D05DA8D39C7BE425D30E_analysis-9.csv;user-a;2;-582760702;7;true;0.6984554173420717;0.0;Infinity;1;B
user-a_session-29AF06B372FD52129AAB65DA477E308EC73CF0D44087D05DA8D39C7BE425D30E_analysis-9.csv;user-a;2;563764339;6;true;0.5982392385940808;0.0;Infinity;1;B
user-a_session-29AF06B372FD52129AAB65DA477E308EC73CF0D44087D05DA8D39C7BE425D30E_analysis-9.csv;user-a;2;325650431;8;true;-0.5041387276338197;0.0;Infinity;1;B
user-a_session-29AF06B372FD52129AAB65DA477E308EC73CF0D44087D05DA8D39C7BE425D30E_analysis-9.csv;user-a;2;-1290636501;7;true;-0.06986861972585895;0.0;Infinity;1;B
user-a_session-29AF06B372FD52129AAB65DA477E308EC73CF0D44087D05DA8D39C7BE425D30E_analysis-9.csv;user-a;2;331032752;9;true;-0.5041387276338197;0.0;Infinity;1;B
user-a_session-29AF06B372FD52129AAB65DA477E308EC73CF0D44087D05DA8D39C7BE425D30E_analysis-9.csv;user-a;2;1216725415;7;true;-0.10327401264185594;0.0;Infinity;1;B
user-a_session-29AF06B372FD52129AAB65DA477E308EC73CF0D44087D05DA8D39C7BE425D30E_analysis-9.csv;user-a;2;-1763146448;5;true;-0.5041387276338197;0.0;Infinity;1;B
user-a_session-29AF06B372FD52129AAB65DA477E308EC73CF0D44087D05DA8D39C7BE425D30E_analysis-9.csv;user-a;2;1211643465;7;true;-0.43732794180182577;0.0;Infinity;1;B
user-a_session-29AF06B372FD52129AAB65DA477E308EC73CF0D44087D05DA8D39C7BE425D30E_analysis-9.csv;user-a;2;-225612642;8;true;-0.47073333471782275;0.0;Infinity;1;B
user-a_session-29AF06B372FD52129AAB65DA477E308EC73CF0D44087D05DA8D39C7BE425D30E_analysis-9.csv;user-a;2;1571008331;6;true;1.0325093465020416;0.0;Infinity;1;B
user-a_session-29AF06B372FD52129AAB65DA477E308EC73CF0D44087D05DA8D39C7BE425D30E_analysis-9.csv;user-a;2;2137316957;6;true;-0.43732794180182577;0.0;Infinity;1;B
user-a_session-29AF06B372FD52129AAB65DA477E308EC73CF0D44087D05DA8D39C7BE425D30E_analysis-9.csv;user-a;2;-370014553;6;true;-0.5041387276338197;0.0;Infinity;1;B
user-a_session-29AF06B372FD52129AAB65DA477E308EC73CF0D44087D05DA8D39C7BE425D30E_analysis-9.csv;user-a;2;1379735256;6;true;-0.43732794180182577;0.0;Infinity;1;B
user-a_session-29AF06B372FD52129AAB65DA477E308EC73CF0D44087D05DA8D39C7BE425D30E_analysis-9.csv;user-a;2;-231271200;5;true;0.6316446315100778;0.0;Infinity;1;B
user-a_session-29AF06B372FD52129AAB65DA477E308EC73CF0D44087D05DA8D39C7BE425D30E_analysis-9.csv;user-a;2;-2125793164;7;true;-0.43732794180182577;0.0;Infinity;1;B
user-a_session-29AF06B372FD52129AAB65DA477E308EC73CF0D44087D05DA8D39C7BE425D30E_analysis-9.csv;user-a;2;-71005852;8;true;-0.5041387276338197;0.0;Infinity;1;B
user-a_session-29AF06B372FD52129AAB65DA477E308EC73CF0D44087D05DA8D39C7BE425D30E_analysis-9.csv;user-a;2;1202414195;6;true;-0.2703009772218409;0.0;Infinity;1;B
user-a_session-29AF06B372FD52129AAB65DA477E308EC73CF0D44087D05DA8D39C7BE425D30E_analysis-9.csv;user-a;2;136738591;5;true;-0.5041387276338197;0.0;Infinity;1;B
user-a_session-29AF06B372FD52129AAB65DA477E308EC73CF0D44087D05DA8D39C7BE425D30E_analysis-9.csv;user-a;2;-1279467873;5;true;-0.47073333471782275;0.0;Infinity;1;B
user-a_session-29AF06B372FD52129AAB65DA477E308EC73CF0D44087D05DA8D39C7BE425D30E_analysis-9.csv;user-a;2;-1360164961;5;true;-0.43732794180182577;0.0;Infinity;1;B
user-a_session-29AF06B372FD52129AAB65DA477E308EC73CF0D44087D05DA8D39C7BE425D30E_analysis-9.csv;user-a;2;-1956573787;7;true;-0.5041387276338197;0.0;Infinity;1;B
user-a_session-29AF06B372FD52129AAB65DA477E308EC73CF0D44087D05DA8D39C7BE425D30E_analysis-9.csv;user-a;2;-721863943;5;true;-0.3705171559698318;0.0;Infinity;1;B
user-a_session-29AF06B372FD52129AAB65DA477E308EC73CF0D44087D05DA8D39C7BE425D30E_analysis-9.csv;user-a;2;123684765;6;true;-0.23689558430584387;0.0;Infinity;1;B
user-a_session-29AF06B372FD52129AAB65DA477E308EC73CF0D44087D05DA8D39C7BE425D30E_analysis-9.csv;user-a;2;-306393134;6;true;0.6316446315100778;0.0;Infinity;1;B
user-a_session-29AF06B372FD52129AAB65DA477E308EC73CF0D44087D05DA8D39C7BE425D30E_analysis-9.csv;user-a;2;1464524979;6;true;-0.5041387276338197;0.0;Infinity;1;B
user-a_session-29AF06B372FD52129AAB65DA477E308EC73CF0D44087D05DA8D39C7BE425D30E_analysis-9.csv;user-a;2;-1235704166;5;true;0.030347559022132004;0.0;Infinity;1;B
user-a_session-29AF06B372FD52129AAB65DA477E308EC73CF0D44087D05DA8D39C7BE425D30E_analysis-9.csv;user-a;2;-2124656840;7;true;-0.43732794180182577;0.0;Infinity;1;B
user-a_session-29AF06B372FD52129AAB65DA477E308EC73CF0D44087D05DA8D39C7BE425D30E_analysis-9.csv;user-a;2;-611056766;5;true;0.23077991651811391;0.0;Infinity;1;B
user-a_session-29AF06B372FD52129AAB65DA477E308EC73CF0D44087D05DA8D39C7BE425D30E_analysis-9.csv;user-a;2;-1486186436;8;true;1.6004010260739903;0.0;Infinity;1;B
user-a_session-29AF06B372FD52129AAB65DA477E308EC73CF0D44087D05DA8D39C7BE425D30E_analysis-9.csv;user-a;2;-976832499;5;true;-0.5041387276338197;0.0;Infinity;1;B
user-a_session-29AF06B372FD52129AAB65DA477E308EC73CF0D44087D05DA8D39C7BE425D30E_analysis-9.csv;user-a;2;297580765;6;true;-0.47073333471782275;0.0;Infinity;1;B
user-a_session-29AF06B372FD52129AAB65DA477E308EC73CF0D44087D05DA8D39C7BE425D30E_analysis-9.csv;user-a;2;1815650096;6;true;-0.43732794180182577;0.0;Infinity;1;B
user-a_session-29AF06B372FD52129AAB65DA477E308EC73CF0D44087D05DA8D39C7BE425D30E_analysis-9.csv;user-a;2;1543325483;6;true;-0.47073333471782275;0.0;Infinity;1;B
user-a_session-29AF06B372FD52129AAB65DA477E308EC73CF0D44087D05DA8D39C7BE425D30E_analysis-9.csv;user-a;2;-999534488;6;true;-0.43732794180182577;0.0;Infinity;1;B
user-a_session-29AF06B372FD52129AAB65DA477E308EC73CF0D44087D05DA8D39C7BE425D30E_analysis-9.csv;user-a;2;1479225247;6;true;-0.43732794180182577;0.0;Infinity;1;B
user-a_session-29AF06B372FD52129AAB65DA477E308EC73CF0D44087D05DA8D39C7BE425D30E_analysis-9.csv;user-a;2;-390715130;5;true;0.19737452360211694;0.0;Infinity;1;B
user-a_session-29AF06B372FD52129AAB65DA477E308EC73CF0D44087D05DA8D39C7BE425D30E_analysis-9.csv;user-a;2;-749595774;6;true;-0.3705171559698318;0.0;Infinity;1;B
user-a_session-29AF06B372FD52129AAB65DA477E308EC73CF0D44087D05DA8D39C7BE425D30E_analysis-9.csv;user-a;2;-2008251434;7;true;0.8988877748380536;0.0;Infinity;1;B
user-a_session-29AF06B372FD52129AAB65DA477E308EC73CF0D44087D05DA8D39C7BE425D30E_analysis-9.csv;user-a;2;1683036957;5;true;-0.5041387276338197;0.0;Infinity;1;B
user-a_session-29AF06B372FD52129AAB65DA477E308EC73CF0D44087D05DA8D39C7BE425D30E_analysis-9.csv;user-a;2;-1878551924;6;true;2.101481919813945;0.0;Infinity;1;B
user-a_session-29AF06B372FD52129AAB65DA477E308EC73CF0D44087D05DA8D39C7BE425D30E_analysis-9.csv;user-a;2;-1139766486;6;true;0.9656985606700476;0.0;Infinity;1;B
user-a_session-29AF06B372FD52129AAB65DA477E308EC73CF0D44087D05DA8D39C7BE425D30E_analysis-9.csv;user-a;2;1197461111;7;true;1.0993201323340356;0.0;Infinity;1;B
user-a_session-29AF06B372FD52129AAB65DA477E308EC73CF0D44087D05DA8D39C7BE425D30E_analysis-9.csv;user-a;2;1022029464;7;true;-0.10327401264185594;0.0;Infinity;1;B
user-a_session-29AF06B372FD52129AAB65DA477E308EC73CF0D44087D05DA8D39C7BE425D30E_analysis-9.csv;user-a;2;671591892;6;true;-0.5041387276338197;0.0;Infinity;1;B
user-a_session-29AF06B372FD52129AAB65DA477E308EC73CF0D44087D05DA8D39C7BE425D30E_analysis-9.csv;user-a;2;662700677;5;true;-0.06986861972585895;0.0;Infinity;1;B
user-a_session-29AF06B372FD52129AAB65DA477E308EC73CF0D44087D05DA8D39C7BE425D30E_analysis-9.csv;user-a;2;-2080302985;6;true;-0.5041387276338197;0.0;Infinity;1;B
user-a_session-29AF06B372FD52129AAB65DA477E308EC73CF0D44087D05DA8D39C7BE425D30E_analysis-9.csv;user-a;2;-2055621326;6;true;-0.5041387276338197;0.0;Infinity;1;B
user-a_session-29AF06B372FD52129AAB65DA477E308EC73CF0D44087D05DA8D39C7BE425D30E_analysis-9.csv;user-a;2;2089330803;6;true;-0.5041387276338197;0.0;Infinity;1;B
user-a_session-29AF06B372FD52129AAB65DA477E308EC73CF0D44087D05DA8D39C7BE425D30E_analysis-9.csv;user-a;2;2093567413;7;true;-0.10327401264185594;0.0;Infinity;1;B
user-a_session-29AF06B372FD52129AAB65DA477E308EC73CF0D44087D05DA8D39C7BE425D30E_analysis-9.csv;user-a;2;-940933697;7;true;-0.10327401264185594;0.0;Infinity;1;B
user-a_session-29AF06B372FD52129AAB65DA477E308EC73CF0D44087D05DA8D39C7BE425D30E_analysis-9.csv;user-a;2;1761050344;6;true;-0.5041387276338197;0.0;Infinity;1;B
user-a_session-29AF06B372FD52129AAB65DA477E308EC73CF0D44087D05DA8D39C7BE425D30E_analysis-9.csv;user-a;2;-1933865307;5;true;-0.33711176305383483;0.0;Infinity;1;B
user-a_session-29AF06B372FD52129AAB65DA477E308EC73CF0D44087D05DA8D39C7BE425D30E_analysis-9.csv;user-a;2;-355825788;5;true;-0.33711176305383483;0.0;Infinity;1;B
user-a_session-29AF06B372FD52129AAB65DA477E308EC73CF0D44087D05DA8D39C7BE425D30E_analysis-9.csv;user-a;2;-1624306132;6;true;2.569157420637903;0.0;Infinity;1;B
user-a_session-29AF06B372FD52129AAB65DA477E308EC73CF0D44087D05DA8D39C7BE425D30E_analysis-9.csv;user-a;2;-318852780;6;true;-0.47073333471782275;0.0;Infinity;1;B
user-a_session-29AF06B372FD52129AAB65DA477E308EC73CF0D44087D05DA8D39C7BE425D30E_analysis-9.csv;user-a;2;1546296196;6;true;-0.4039225488858288;0.0;Infinity;1;B
user-a_session-29AF06B372FD52129AAB65DA477E308EC73CF0D44087D05DA8D39C7BE425D30E_analysis-9.csv;user-a;2;-1044299725;6;true;0.13056373777012295;0.0;Infinity;1;B
user-a_session-29AF06B372FD52129AAB65DA477E308EC73CF0D44087D05DA8D39C7BE425D30E_analysis-9.csv;user-a;2;1354863114;35;true;0.2641853094341109;0.0;Infinity;1;B
user-a_session-29AF06B372FD52129AAB65DA477E308EC73CF0D44087D05DA8D39C7BE425D30E_analysis-9.csv;user-a;2;-1850304849;6;true;-0.4039225488858288;0.0;Infinity;1;B
user-a_session-29AF06B372FD52129AAB65DA477E308EC73CF0D44087D05DA8D39C7BE425D30E_analysis-9.csv;user-a;2;600895963;7;true;-0.30370637013783786;0.0;Infinity;1;B
user-a_session-29AF06B372FD52129AAB65DA477E308EC73CF0D44087D05DA8D39C7BE425D30E_analysis-9.csv;user-a;2;136976696;6;true;-0.1700847984738499;0.0;Infinity;1;B
user-a_session-29AF06B372FD52129AAB65DA477E308EC73CF0D44087D05DA8D39C7BE425D30E_analysis-9.csv;user-a;2;-1548415126;7;true;-0.5041387276338197;0.0;Infinity;1;B
user-a_session-29AF06B372FD52129AAB65DA477E308EC73CF0D44087D05DA8D39C7BE425D30E_analysis-9.csv;user-a;2;115945459;7;true;-0.1700847984738499;0.0;Infinity;1;B
user-a_session-29AF06B372FD52129AAB65DA477E308EC73CF0D44087D05DA8D39C7BE425D30E_analysis-9.csv;user-a;2;229191030;6;true;0.5314284527620868;0.0;Infinity;1;B
user-a_session-29AF06B372FD52129AAB65DA477E308EC73CF0D44087D05DA8D39C7BE425D30E_analysis-9.csv;user-a;2;1382697984;5;true;0.09715834485412597;0.0;Infinity;1;B
user-a_session-29AF06B372FD52129AAB65DA477E308EC73CF0D44087D05DA8D39C7BE425D30E_analysis-9.csv;user-a;2;-1797106773;8;true;-0.33711176305383483;0.0;Infinity;1;B
user-a_session-29AF06B372FD52129AAB65DA477E308EC73CF0D44087D05DA8D39C7BE425D30E_analysis-9.csv;user-a;2;-1465545287;5;true;-0.47073333471782275;0.0;Infinity;1;B
user-a_session-29AF06B372FD52129AAB65DA477E308EC73CF0D44087D05DA8D39C7BE425D30E_analysis-9.csv;user-a;2;-154298714;5;true;-0.1700847984738499;0.0;Infinity;1;B
user-a_session-29AF06B372FD52129AAB65DA477E308EC73CF0D44087D05DA8D39C7BE425D30E_analysis-9.csv;user-a;2;-543877949;6;true;-0.5041387276338197;0.0;Infinity;1;B
user-a_session-29AF06B372FD52129AAB65DA477E308EC73CF0D44087D05DA8D39C7BE425D30E_analysis-9.csv;user-a;2;-449261971;7;true;-0.06986861972585895;0.0;Infinity;1;B
user-a_session-29AF06B372FD52129AAB65DA477E308EC73CF0D44087D05DA8D39C7BE425D30E_analysis-9.csv;user-a;2;1433765221;7;true;-0.13667940555785293;0.0;Infinity;1;B
user-a_session-29AF06B372FD52129AAB65DA477E308EC73CF0D44087D05DA8D39C7BE425D30E_analysis-9.csv;user-a;2;-1309135108;5;true;-0.30370637013783786;0.0;Infinity;1;B
user-a_session-29AF06B372FD52129AAB65DA477E308EC73CF0D44087D05DA8D39C7BE425D30E_analysis-9.csv;user-a;2;2137091740;6;true;-0.47073333471782275;0.0;Infinity;1;B
user-a_session-29AF06B372FD52129AAB65DA477E308EC73CF0D44087D05DA8D39C7BE425D30E_analysis-9.csv;user-a;2;991342237;6;true;2.235103491477933;0.0;Infinity;1;B
user-a_session-29AF06B372FD52129AAB65DA477E308EC73CF0D44087D05DA8D39C7BE425D30E_analysis-9.csv;user-a;2;-879027442;6;true;0.030347559022132004;0.0;Infinity;1;B
user-a_session-29AF06B372FD52129AAB65DA477E308EC73CF0D44087D05DA8D39C7BE425D30E_analysis-9.csv;user-a;2;-700387946;7;true;-0.47073333471782275;0.0;Infinity;1;B
user-a_session-29AF06B372FD52129AAB65DA477E308EC73CF0D44087D05DA8D39C7BE425D30E_analysis-9.csv;user-a;2;-511898343;7;true;0.5648338456780838;0.0;Infinity;1;B
user-a_session-29AF06B372FD52129AAB65DA477E308EC73CF0D44087D05DA8D39C7BE425D30E_analysis-9.csv;user-a;2;210776089;6;true;-0.1700847984738499;0.0;Infinity;1;B
user-a_session-29AF06B372FD52129AAB65DA477E308EC73CF0D44087D05DA8D39C7BE425D30E_analysis-9.csv;user-a;2;-2043386765;8;true;0.39780688109809886;0.0;Infinity;1;B
user-a_session-29AF06B372FD52129AAB65DA477E308EC73CF0D44087D05DA8D39C7BE425D30E_analysis-9.csv;user-a;2;241109918;5;true;0.030347559022132004;0.0;Infinity;1;B
user-a_session-29AF06B372FD52129AAB65DA477E308EC73CF0D44087D05DA8D39C7BE425D30E_analysis-9.csv;user-a;2;1180244842;6;true;-0.43732794180182577;0.0;Infinity;1;B
user-a_session-29AF06B372FD52129AAB65DA477E308EC73CF0D44087D05DA8D39C7BE425D30E_analysis-9.csv;user-a;2;466110131;7;true;-0.43732794180182577;0.0;Infinity;1;B
user-a_session-29AF06B372FD52129AAB65DA477E308EC73CF0D44087D05DA8D39C7BE425D30E_analysis-9.csv;user-a;2;-1960544109;7;true;-0.33711176305383483;0.0;Infinity;1;B
user-a_session-29AF06B372FD52129AAB65DA477E308EC73CF0D44087D05DA8D39C7BE425D30E_analysis-9.csv;user-a;2;1342649821;7;true;-0.47073333471782275;0.0;Infinity;1;B
user-a_session-29AF06B372FD52129AAB65DA477E308EC73CF0D44087D05DA8D39C7BE425D30E_analysis-9.csv;user-a;2;-350428692;7;true;-0.43732794180182577;0.0;Infinity;1;B
user-a_session-29AF06B372FD52129AAB65DA477E308EC73CF0D44087D05DA8D39C7BE425D30E_analysis-9.csv;user-a;2;46974064;11;true;-0.33711176305383483;0.0;Infinity;1;B
user-a_session-29AF06B372FD52129AAB65DA477E308EC73CF0D44087D05DA8D39C7BE425D30E_analysis-9.csv;user-a;2;-1061881175;6;true;-0.4039225488858288;0.0;Infinity;1;B
user-a_session-29AF06B372FD52129AAB65DA477E308EC73CF0D44087D05DA8D39C7BE425D30E_analysis-9.csv;user-a;2;-1063574974;6;true;-0.33711176305383483;0.0;Infinity;1;B
user-a_session-29AF06B372FD52129AAB65DA477E308EC73CF0D44087D05DA8D39C7BE425D30E_analysis-9.csv;user-a;2;389578741;5;true;0.2641853094341109;0.0;Infinity;1;B
user-a_session-29AF06B372FD52129AAB65DA477E308EC73CF0D44087D05DA8D39C7BE425D30E_analysis-9.csv;user-a;2;1137997522;6;true;-0.5041387276338197;0.0;Infinity;1;B
user-a_session-29AF06B372FD52129AAB65DA477E308EC73CF0D44087D05DA8D39C7BE425D30E_analysis-9.csv;user-a;2;-234349277;6;true;-0.5041387276338197;0.0;Infinity;1;B
user-a_session-29AF06B372FD52129AAB65DA477E308EC73CF0D44087D05DA8D39C7BE425D30E_analysis-9.csv;user-a;2;-235423646;7;true;-0.5041387276338197;0.0;Infinity;1;B
user-a_session-29AF06B372FD52129AAB65DA477E308EC73CF0D44087D05DA8D39C7BE425D30E_analysis-9.csv;user-a;2;153918816;8;true;-0.43732794180182577;0.0;Infinity;1;B
user-a_session-29AF06B372FD52129AAB65DA477E308EC73CF0D44087D05DA8D39C7BE425D30E_analysis-9.csv;user-a;2;174170937;7;true;-0.1700847984738499;0.0;Infinity;1;B
user-a_session-29AF06B372FD52129AAB65DA477E308EC73CF0D44087D05DA8D39C7BE425D30E_analysis-9.csv;user-a;2;-599225279;5;true;1.5335902402419963;0.0;Infinity;1;B
user-a_session-29AF06B372FD52129AAB65DA477E308EC73CF0D44087D05DA8D39C7BE425D30E_analysis-9.csv;user-a;2;-1415956097;6;true;-0.43732794180182577;0.0;Infinity;1;B
user-a_session-29AF06B372FD52129AAB65DA477E308EC73CF0D44087D05DA8D39C7BE425D30E_analysis-9.csv;user-a;2;2142803910;6;true;-0.5041387276338197;0.0;Infinity;1;B
user-a_session-29AF06B372FD52129AAB65DA477E308EC73CF0D44087D05DA8D39C7BE425D30E_analysis-9.csv;user-a;2;276825113;5;true;-0.47073333471782275;0.0;Infinity;1;B
user-a_session-29AF06B372FD52129AAB65DA477E308EC73CF0D44087D05DA8D39C7BE425D30E_analysis-9.csv;user-a;2;517660370;6;true;-0.33711176305383483;0.0;Infinity;1;B
user-a_session-29AF06B372FD52129AAB65DA477E308EC73CF0D44087D05DA8D39C7BE425D30E_analysis-9.csv;user-a;2;-2086944080;7;true;-0.5041387276338197;0.0;Infinity;1;B
user-a_session-29AF06B372FD52129AAB65DA477E308EC73CF0D44087D05DA8D39C7BE425D30E_analysis-9.csv;user-a;2;1148092158;9;true;-0.43732794180182577;0.0;Infinity;1;B
user-a_session-29AF06B372FD52129AAB65DA477E308EC73CF0D44087D05DA8D39C7BE425D30E_analysis-9.csv;user-a;2;577285887;7;true;0.09715834485412597;0.0;Infinity;1;B
user-a_session-29AF06B372FD52129AAB65DA477E308EC73CF0D44087D05DA8D39C7BE425D30E_analysis-9.csv;user-a;2;-562749336;11;true;1.0325093465020416;0.0;Infinity;1;B
user-a_session-29AF06B372FD52129AAB65DA477E308EC73CF0D44087D05DA8D39C7BE425D30E_analysis-9.csv;user-a;2;349277726;6;true;-0.4039225488858288;0.0;Infinity;1;B
user-a_session-29AF06B372FD52129AAB65DA477E308EC73CF0D44087D05DA8D39C7BE425D30E_analysis-9.csv;user-a;2;602423146;5;true;-0.5041387276338197;0.0;Infinity;1;B
user-a_session-29AF06B372FD52129AAB65DA477E308EC73CF0D44087D05DA8D39C7BE425D30E_analysis-9.csv;user-a;2;345697847;6;true;-0.5041387276338197;0.0;Infinity;1;B
user-a_session-29AF06B372FD52129AAB65DA477E308EC73CF0D44087D05DA8D39C7BE425D30E_analysis-9.csv;user-a;2;-1602664263;7;true;-0.3705171559698318;0.0;Infinity;1;B
user-a_session-29AF06B372FD52129AAB65DA477E308EC73CF0D44087D05DA8D39C7BE425D30E_analysis-9.csv;user-a;2;1580154090;6;true;0.29759070235010787;0.0;Infinity;1;B
user-a_session-29AF06B372FD52129AAB65DA477E308EC73CF0D44087D05DA8D39C7BE425D30E_analysis-9.csv;user-a;2;-997142778;7;true;-0.5041387276338197;0.0;Infinity;1;B
user-a_session-29AF06B372FD52129AAB65DA477E308EC73CF0D44087D05DA8D39C7BE425D30E_analysis-9.csv;user-a;2;-1949599571;5;true;1.901049562317963;0.0;Infinity;1;B
user-a_session-29AF06B372FD52129AAB65DA477E308EC73CF0D44087D05DA8D39C7BE425D30E_analysis-9.csv;user-a;2;-1888421767;6;true;0.4646176669300928;0.0;Infinity;1;B
user-a_session-29AF06B372FD52129AAB65DA477E308EC73CF0D44087D05DA8D39C7BE425D30E_analysis-9.csv;user-a;2;1821090214;6;true;0.030347559022132004;0.0;Infinity;1;B
user-a_session-29AF06B372FD52129AAB65DA477E308EC73CF0D44087D05DA8D39C7BE425D30E_analysis-9.csv;user-a;2;2136786125;5;true;-0.47073333471782275;0.0;Infinity;1;B
user-a_session-29AF06B372FD52129AAB65DA477E308EC73CF0D44087D05DA8D39C7BE425D30E_analysis-9.csv;user-a;2;-27217625;5;true;-0.5041387276338197;0.0;Infinity;1;B
user-a_session-29AF06B372FD52129AAB65DA477E308EC73CF0D44087D05DA8D39C7BE425D30E_analysis-9.csv;user-a;2;1988407122;6;true;-0.4039225488858288;0.0;Infinity;1;B
user-a_session-29AF06B372FD52129AAB65DA477E308EC73CF0D44087D05DA8D39C7BE425D30E_analysis-9.csv;user-a;2;-65315435;5;true;-0.43732794180182577;0.0;Infinity;1;B
user-a_session-29AF06B372FD52129AAB65DA477E308EC73CF0D44087D05DA8D39C7BE425D30E_analysis-9.csv;user-a;2;1074587680;6;true;0.6650500244260747;0.0;Infinity;1;B
user-a_session-29AF06B372FD52129AAB65DA477E308EC73CF0D44087D05DA8D39C7BE425D30E_analysis-9.csv;user-a;2;-1468875463;7;true;0.030347559022132004;0.0;Infinity;1;B
user-a_session-29AF06B372FD52129AAB65DA477E308EC73CF0D44087D05DA8D39C7BE425D30E_analysis-9.csv;user-a;2;-1002487165;5;true;1.1995363110820265;0.0;Infinity;1;B
user-a_session-29AF06B372FD52129AAB65DA477E308EC73CF0D44087D05DA8D39C7BE425D30E_analysis-9.csv;user-a;2;1091664603;6;true;-0.5041387276338197;0.0;Infinity;1;B
user-a_session-29AF06B372FD52129AAB65DA477E308EC73CF0D44087D05DA8D39C7BE425D30E_analysis-9.csv;user-a;3;232554660;2;true;-0.5881482344520612;0.0;Infinity;1;B
user-a_session-29AF06B372FD52129AAB65DA477E308EC73CF0D44087D05DA8D39C7BE425D30E_analysis-9.csv;user-a;3;575527922;2;true;-0.5968581459521307;0.0;Infinity;1;B
user-a_session-29AF06B372FD52129AAB65DA477E308EC73CF0D44087D05DA8D39C7BE425D30E_analysis-9.csv;user-a;3;1579065634;3;true;-0.16319623652761792;0.0;Infinity;1;B
user-a_session-29AF06B372FD52129AAB65DA477E308EC73CF0D44087D05DA8D39C7BE425D30E_analysis-9.csv;user-a;3;-494082159;2;true;-0.4336619094245128;0.0;Infinity;1;B
user-a_session-29AF06B372FD52129AAB65DA477E308EC73CF0D44087D05DA8D39C7BE425D30E_analysis-9.csv;user-a;3;839512970;4;true;0.17878239394879492;0.0;Infinity;1;B
user-a_session-29AF06B372FD52129AAB65DA477E308EC73CF0D44087D05DA8D39C7BE425D30E_analysis-9.csv;user-a;3;-428233176;5;true;2.17381054385945;0.0;Infinity;1;B
user-a_session-29AF06B372FD52129AAB65DA477E308EC73CF0D44087D05DA8D39C7BE425D30E_analysis-9.csv;user-a;3;1907845084;4;true;-0.5707284114519222;0.0;Infinity;1;B
user-a_session-29AF06B372FD52129AAB65DA477E308EC73CF0D44087D05DA8D39C7BE425D30E_analysis-9.csv;user-a;4;-1310832208;4;true;-0.5955864700725301;0.0;Infinity;1;B
user-a_session-29AF06B372FD52129AAB65DA477E308EC73CF0D44087D05DA8D39C7BE425D30E_analysis-9.csv;user-a;4;-1971620044;5;true;2.230667802807119;0.0;Infinity;1;B
user-a_session-29AF06B372FD52129AAB65DA477E308EC73CF0D44087D05DA8D39C7BE425D30E_analysis-9.csv;user-a;4;364458216;2;true;-0.6159277837754716;0.0;Infinity;1;B
user-a_session-29AF06B372FD52129AAB65DA477E308EC73CF0D44087D05DA8D39C7BE425D30E_analysis-9.csv;user-a;4;35678766;3;true;-0.4041292277934353;0.0;Infinity;1;B
user-a_session-29AF06B372FD52129AAB65DA477E308EC73CF0D44087D05DA8D39C7BE425D30E_analysis-9.csv;user-a;4;-703873898;3;true;-0.1885237094016436;0.0;Infinity;1;B
user-a_session-29AF06B372FD52129AAB65DA477E308EC73CF0D44087D05DA8D39C7BE425D30E_analysis-9.csv;user-a;4;-967858946;2;true;-0.20281316837657049;0.0;Infinity;1;B
user-a_session-29AF06B372FD52129AAB65DA477E308EC73CF0D44087D05DA8D39C7BE425D30E_analysis-9.csv;user-a;4;-2037469027;3;true;-0.2236874433874682;0.0;Infinity;1;B
