session ;user;query position;cell hashcode;cell computation time;novelty;outlierness;relevance;surprise;query label;session label
user-I051911_session-547BFC0A9BECA12855B0C21A1D028732A75106E4BFAC87C9590A6616878B5C90_analysis-8.csv;user-I051911;1;947275131;4;true;-0.09520908970129287;0.0;Infinity;1;A
user-I051911_session-547BFC0A9BECA12855B0C21A1D028732A75106E4BFAC87C9590A6616878B5C90_analysis-8.csv;user-I051911;1;-696588531;5;true;-0.24812065800942995;0.0;Infinity;1;A
user-I051911_session-547BFC0A9BECA12855B0C21A1D028732A75106E4BFAC87C9590A6616878B5C90_analysis-8.csv;user-I051911;1;-1819078776;3;true;-0.4647453797792908;0.0;Infinity;1;A
user-I051911_session-547BFC0A9BECA12855B0C21A1D028732A75106E4BFAC87C9590A6616878B5C90_analysis-8.csv;user-I051911;1;-1931293060;4;true;-0.5125302448755836;0.0;Infinity;1;A
user-I051911_session-547BFC0A9BECA12855B0C21A1D028732A75106E4BFAC87C9590A6616878B5C90_analysis-8.csv;user-I051911;1;-1547221344;4;true;-0.6208426057605141;0.0;Infinity;1;A
user-I051911_session-547BFC0A9BECA12855B0C21A1D028732A75106E4BFAC87C9590A6616878B5C90_analysis-8.csv;user-I051911;1;265846614;4;true;-0.0888377743551205;0.0;Infinity;1;A
user-I051911_session-547BFC0A9BECA12855B0C21A1D028732A75106E4BFAC87C9590A6616878B5C90_analysis-8.csv;user-I051911;1;2056954351;4;true;-0.21307842360548188;0.0;Infinity;1;A
user-I051911_session-547BFC0A9BECA12855B0C21A1D028732A75106E4BFAC87C9590A6616878B5C90_analysis-8.csv;user-I051911;1;-674317393;4;true;0.5355511295697726;0.0;Infinity;1;A
user-I051911_session-547BFC0A9BECA12855B0C21A1D028732A75106E4BFAC87C9590A6616878B5C90_analysis-8.csv;user-I051911;1;-556596438;3;true;-0.1525509278168443;0.0;Infinity;1;A
user-I051911_session-547BFC0A9BECA12855B0C21A1D028732A75106E4BFAC87C9590A6616878B5C90_analysis-8.csv;user-I051911;1;80149589;6;true;-0.3182051268173261;0.0;Infinity;1;A
user-I051911_session-547BFC0A9BECA12855B0C21A1D028732A75106E4BFAC87C9590A6616878B5C90_analysis-8.csv;user-I051911;1;147373889;4;true;-0.5380155062602732;0.0;Infinity;1;A
user-I051911_session-547BFC0A9BECA12855B0C21A1D028732A75106E4BFAC87C9590A6616878B5C90_analysis-8.csv;user-I051911;1;-1923901124;5;true;-0.34050473052892943;0.0;Infinity;1;A
user-I051911_session-547BFC0A9BECA12855B0C21A1D028732A75106E4BFAC87C9590A6616878B5C90_analysis-8.csv;user-I051911;1;265865297;6;true;9.586004578807636;0.0;Infinity;1;A
user-I051911_session-547BFC0A9BECA12855B0C21A1D028732A75106E4BFAC87C9590A6616878B5C90_analysis-8.csv;user-I051911;1;1369484066;7;true;0.7872180857435815;0.0;Infinity;1;A
user-I051911_session-547BFC0A9BECA12855B0C21A1D028732A75106E4BFAC87C9590A6616878B5C90_analysis-8.csv;user-I051911;1;1278709140;4;true;0.048145505587585645;0.0;Infinity;1;A
user-I051911_session-547BFC0A9BECA12855B0C21A1D028732A75106E4BFAC87C9590A6616878B5C90_analysis-8.csv;user-I051911;1;-1994395116;5;true;-0.5985430020489108;0.0;Infinity;1;A
user-I051911_session-547BFC0A9BECA12855B0C21A1D028732A75106E4BFAC87C9590A6616878B5C90_analysis-8.csv;user-I051911;1;-953338193;4;true;0.20424273156880893;0.0;Infinity;1;A
user-I051911_session-547BFC0A9BECA12855B0C21A1D028732A75106E4BFAC87C9590A6616878B5C90_analysis-8.csv;user-I051911;1;1919103517;3;true;-0.10476606272055144;0.0;Infinity;1;A
user-I051911_session-547BFC0A9BECA12855B0C21A1D028732A75106E4BFAC87C9590A6616878B5C90_analysis-8.csv;user-I051911;1;-1573481821;3;true;-0.2863485500864642;0.0;Infinity;1;A
user-I051911_session-547BFC0A9BECA12855B0C21A1D028732A75106E4BFAC87C9590A6616878B5C90_analysis-8.csv;user-I051911;1;313744083;4;true;0.11822997439548182;0.0;Infinity;1;A
user-I051911_session-547BFC0A9BECA12855B0C21A1D028732A75106E4BFAC87C9590A6616878B5C90_analysis-8.csv;user-I051911;1;-1927819803;5;true;-0.4520027490869461;0.0;Infinity;1;A
user-I051911_session-547BFC0A9BECA12855B0C21A1D028732A75106E4BFAC87C9590A6616878B5C90_analysis-8.csv;user-I051911;1;-120341633;3;true;-0.19715013524005093;0.0;Infinity;1;A
user-I051911_session-547BFC0A9BECA12855B0C21A1D028732A75106E4BFAC87C9590A6616878B5C90_analysis-8.csv;user-I051911;1;669822005;4;true;-0.35961867656744656;0.0;Infinity;1;A
user-I051911_session-547BFC0A9BECA12855B0C21A1D028732A75106E4BFAC87C9590A6616878B5C90_analysis-8.csv;user-I051911;1;147838331;4;true;0.31574075012682556;0.0;Infinity;1;A
user-I051911_session-547BFC0A9BECA12855B0C21A1D028732A75106E4BFAC87C9590A6616878B5C90_analysis-8.csv;user-I051911;1;-1526883593;5;true;0.37626824591546315;0.0;Infinity;1;A
user-I051911_session-547BFC0A9BECA12855B0C21A1D028732A75106E4BFAC87C9590A6616878B5C90_analysis-8.csv;user-I051911;1;1823981392;3;true;-0.06335251297043097;0.0;Infinity;1;A
user-I051911_session-547BFC0A9BECA12855B0C21A1D028732A75106E4BFAC87C9590A6616878B5C90_analysis-8.csv;user-I051911;1;476404076;4;true;-0.39466091097139466;0.0;Infinity;1;A
user-I051911_session-547BFC0A9BECA12855B0C21A1D028732A75106E4BFAC87C9590A6616878B5C90_analysis-8.csv;user-I051911;1;-615936725;5;true;0.0927447130107923;0.0;Infinity;1;A
user-I051911_session-547BFC0A9BECA12855B0C21A1D028732A75106E4BFAC87C9590A6616878B5C90_analysis-8.csv;user-I051911;1;-550695482;6;true;-0.16210790083610285;0.0;Infinity;1;A
user-I051911_session-547BFC0A9BECA12855B0C21A1D028732A75106E4BFAC87C9590A6616878B5C90_analysis-8.csv;user-I051911;1;197994547;4;true;1.7970715681119036;0.0;Infinity;1;A
user-I051911_session-547BFC0A9BECA12855B0C21A1D028732A75106E4BFAC87C9590A6616878B5C90_analysis-8.csv;user-I051911;1;519927879;4;true;-0.4328888030484289;0.0;Infinity;1;A
user-I051911_session-547BFC0A9BECA12855B0C21A1D028732A75106E4BFAC87C9590A6616878B5C90_analysis-8.csv;user-I051911;1;-1915956658;5;true;-0.4105891993368256;0.0;Infinity;1;A
user-I051911_session-547BFC0A9BECA12855B0C21A1D028732A75106E4BFAC87C9590A6616878B5C90_analysis-8.csv;user-I051911;1;-1248194893;3;true;0.9082730773208568;0.0;Infinity;1;A
user-I051911_session-547BFC0A9BECA12855B0C21A1D028732A75106E4BFAC87C9590A6616878B5C90_analysis-8.csv;user-I051911;1;-493224016;4;true;-0.48385932581780794;0.0;Infinity;1;A
user-I051911_session-547BFC0A9BECA12855B0C21A1D028732A75106E4BFAC87C9590A6616878B5C90_analysis-8.csv;user-I051911;1;-280733465;3;true;-0.19715013524005093;0.0;Infinity;1;A
user-I051911_session-547BFC0A9BECA12855B0C21A1D028732A75106E4BFAC87C9590A6616878B5C90_analysis-8.csv;user-I051911;1;-408163259;5;true;0.10230168603005087;0.0;Infinity;1;A
user-I051911_session-547BFC0A9BECA12855B0C21A1D028732A75106E4BFAC87C9590A6616878B5C90_analysis-8.csv;user-I051911;1;1297550216;7;true;0.7394332206472888;0.0;Infinity;1;A
user-I051911_session-547BFC0A9BECA12855B0C21A1D028732A75106E4BFAC87C9590A6616878B5C90_analysis-8.csv;user-I051911;1;2032228834;4;true;-0.34369038820201564;0.0;Infinity;1;A
user-I051911_session-547BFC0A9BECA12855B0C21A1D028732A75106E4BFAC87C9590A6616878B5C90_analysis-8.csv;user-I051911;1;-968866071;5;true;-0.07290948598968955;0.0;Infinity;1;A
user-I051911_session-547BFC0A9BECA12855B0C21A1D028732A75106E4BFAC87C9590A6616878B5C90_analysis-8.csv;user-I051911;1;-1923171105;4;true;-0.299091180778809;0.0;Infinity;1;A
user-I051911_session-547BFC0A9BECA12855B0C21A1D028732A75106E4BFAC87C9590A6616878B5C90_analysis-8.csv;user-I051911;1;26297124;4;true;0.03540287489524089;0.0;Infinity;1;A
user-I051911_session-547BFC0A9BECA12855B0C21A1D028732A75106E4BFAC87C9590A6616878B5C90_analysis-8.csv;user-I051911;1;14523296;3;true;-0.46155972210620466;0.0;Infinity;1;A
user-I051911_session-547BFC0A9BECA12855B0C21A1D028732A75106E4BFAC87C9590A6616878B5C90_analysis-8.csv;user-I051911;1;262295217;4;true;-0.34369038820201564;0.0;Infinity;1;A
user-I051911_session-547BFC0A9BECA12855B0C21A1D028732A75106E4BFAC87C9590A6616878B5C90_analysis-8.csv;user-I051911;1;-760678824;4;true;0.07363076697227516;0.0;Infinity;1;A
user-I051911_session-547BFC0A9BECA12855B0C21A1D028732A75106E4BFAC87C9590A6616878B5C90_analysis-8.csv;user-I051911;1;941306386;3;true;0.7298762476280302;0.0;Infinity;1;A
user-I051911_session-547BFC0A9BECA12855B0C21A1D028732A75106E4BFAC87C9590A6616878B5C90_analysis-8.csv;user-I051911;1;712519710;3;true;-0.31183381147115374;0.0;Infinity;1;A
user-I051911_session-547BFC0A9BECA12855B0C21A1D028732A75106E4BFAC87C9590A6616878B5C90_analysis-8.csv;user-I051911;1;902387474;3;true;-0.32776209983658466;0.0;Infinity;1;A
user-I051911_session-547BFC0A9BECA12855B0C21A1D028732A75106E4BFAC87C9590A6616878B5C90_analysis-8.csv;user-I051911;1;368494551;5;true;-0.39466091097139466;0.0;Infinity;1;A
user-I051911_session-547BFC0A9BECA12855B0C21A1D028732A75106E4BFAC87C9590A6616878B5C90_analysis-8.csv;user-I051911;1;122221514;5;true;-0.5762433983373074;0.0;Infinity;1;A
user-I051911_session-547BFC0A9BECA12855B0C21A1D028732A75106E4BFAC87C9590A6616878B5C90_analysis-8.csv;user-I051911;1;-522565162;3;true;-0.37236130725979133;0.0;Infinity;1;A
user-I051911_session-547BFC0A9BECA12855B0C21A1D028732A75106E4BFAC87C9590A6616878B5C90_analysis-8.csv;user-I051911;1;933534132;5;true;-0.3182051268173261;0.0;Infinity;1;A
user-I051911_session-547BFC0A9BECA12855B0C21A1D028732A75106E4BFAC87C9590A6616878B5C90_analysis-8.csv;user-I051911;1;-1925243752;5;true;-0.2576776310286885;0.0;Infinity;1;A
user-I051911_session-547BFC0A9BECA12855B0C21A1D028732A75106E4BFAC87C9590A6616878B5C90_analysis-8.csv;user-I051911;1;-166094052;5;true;-0.1525509278168443;0.0;Infinity;1;A
user-I051911_session-547BFC0A9BECA12855B0C21A1D028732A75106E4BFAC87C9590A6616878B5C90_analysis-8.csv;user-I051911;1;-1382366938;4;true;-0.31501946914423995;0.0;Infinity;1;A
user-I051911_session-547BFC0A9BECA12855B0C21A1D028732A75106E4BFAC87C9590A6616878B5C90_analysis-8.csv;user-I051911;1;-1193408965;4;true;-0.09520908970129287;0.0;Infinity;1;A
user-I051911_session-547BFC0A9BECA12855B0C21A1D028732A75106E4BFAC87C9590A6616878B5C90_analysis-8.csv;user-I051911;1;2075054080;7;true;0.21698536226115367;0.0;Infinity;1;A
user-I051911_session-547BFC0A9BECA12855B0C21A1D028732A75106E4BFAC87C9590A6616878B5C90_analysis-8.csv;user-I051911;1;399572284;3;true;0.34759732685768746;0.0;Infinity;1;A
user-I051911_session-547BFC0A9BECA12855B0C21A1D028732A75106E4BFAC87C9590A6616878B5C90_analysis-8.csv;user-I051911;1;1940221885;4;true;0.19787141622263654;0.0;Infinity;1;A
user-I051911_session-547BFC0A9BECA12855B0C21A1D028732A75106E4BFAC87C9590A6616878B5C90_analysis-8.csv;user-I051911;1;-2081506012;5;true;0.34122601151151505;0.0;Infinity;1;A
user-I051911_session-547BFC0A9BECA12855B0C21A1D028732A75106E4BFAC87C9590A6616878B5C90_analysis-8.csv;user-I051911;1;1045771367;4;true;0.2074283892418951;0.0;Infinity;1;A
user-I051911_session-547BFC0A9BECA12855B0C21A1D028732A75106E4BFAC87C9590A6616878B5C90_analysis-8.csv;user-I051911;1;1648019259;3;true;0.07363076697227516;0.0;Infinity;1;A
user-I051911_session-547BFC0A9BECA12855B0C21A1D028732A75106E4BFAC87C9590A6616878B5C90_analysis-8.csv;user-I051911;1;908244194;3;true;-0.21944973895165426;0.0;Infinity;1;A
user-I051911_session-547BFC0A9BECA12855B0C21A1D028732A75106E4BFAC87C9590A6616878B5C90_analysis-8.csv;user-I051911;1;-10462979;4;true;1.0866699070136834;0.0;Infinity;1;A
user-I051911_session-547BFC0A9BECA12855B0C21A1D028732A75106E4BFAC87C9590A6616878B5C90_analysis-8.csv;user-I051911;1;1347604697;5;true;-0.4806736681447218;0.0;Infinity;1;A
user-I051911_session-547BFC0A9BECA12855B0C21A1D028732A75106E4BFAC87C9590A6616878B5C90_analysis-8.csv;user-I051911;1;227978614;4;true;-0.18122184687461998;0.0;Infinity;1;A
user-I051911_session-547BFC0A9BECA12855B0C21A1D028732A75106E4BFAC87C9590A6616878B5C90_analysis-8.csv;user-I051911;1;-98482110;4;true;-0.22263539662474044;0.0;Infinity;1;A
user-I051911_session-547BFC0A9BECA12855B0C21A1D028732A75106E4BFAC87C9590A6616878B5C90_analysis-8.csv;user-I051911;1;-2084376718;4;true;-0.4711166951254632;0.0;Infinity;1;A
user-I051911_session-547BFC0A9BECA12855B0C21A1D028732A75106E4BFAC87C9590A6616878B5C90_analysis-8.csv;user-I051911;1;-798139290;5;true;-0.2640489463748609;0.0;Infinity;1;A
user-I051911_session-547BFC0A9BECA12855B0C21A1D028732A75106E4BFAC87C9590A6616878B5C90_analysis-8.csv;user-I051911;1;36764264;4;true;-0.5921716867027385;0.0;Infinity;1;A
user-I051911_session-547BFC0A9BECA12855B0C21A1D028732A75106E4BFAC87C9590A6616878B5C90_analysis-8.csv;user-I051911;1;1493948692;4;true;-0.14936527014375808;0.0;Infinity;1;A
user-I051911_session-547BFC0A9BECA12855B0C21A1D028732A75106E4BFAC87C9590A6616878B5C90_analysis-8.csv;user-I051911;1;-1919706463;6;true;0.12141563206856801;0.0;Infinity;1;A
user-I051911_session-547BFC0A9BECA12855B0C21A1D028732A75106E4BFAC87C9590A6616878B5C90_analysis-8.csv;user-I051911;1;-556426347;5;true;-0.060166855297344786;0.0;Infinity;1;A
user-I051911_session-547BFC0A9BECA12855B0C21A1D028732A75106E4BFAC87C9590A6616878B5C90_analysis-8.csv;user-I051911;1;750567158;3;true;0.1500865511263437;0.0;Infinity;1;A
user-I051911_session-547BFC0A9BECA12855B0C21A1D028732A75106E4BFAC87C9590A6616878B5C90_analysis-8.csv;user-I051911;1;-1996508628;3;true;-0.3691756495867051;0.0;Infinity;1;A
user-I051911_session-547BFC0A9BECA12855B0C21A1D028732A75106E4BFAC87C9590A6616878B5C90_analysis-8.csv;user-I051911;1;1927486811;4;true;-0.4806736681447218;0.0;Infinity;1;A
user-I051911_session-547BFC0A9BECA12855B0C21A1D028732A75106E4BFAC87C9590A6616878B5C90_analysis-8.csv;user-I051911;1;-1994354068;4;true;1.214096213937131;0.0;Infinity;1;A
user-I051911_session-547BFC0A9BECA12855B0C21A1D028732A75106E4BFAC87C9590A6616878B5C90_analysis-8.csv;user-I051911;1;571390008;5;true;0.07044510929918897;0.0;Infinity;1;A
user-I051911_session-547BFC0A9BECA12855B0C21A1D028732A75106E4BFAC87C9590A6616878B5C90_analysis-8.csv;user-I051911;1;-1288278274;4;true;-0.6463278671452036;0.0;Infinity;1;A
user-I051911_session-547BFC0A9BECA12855B0C21A1D028732A75106E4BFAC87C9590A6616878B5C90_analysis-8.csv;user-I051911;1;156474449;3;true;-0.044238566931913845;0.0;Infinity;1;A
user-I051911_session-547BFC0A9BECA12855B0C21A1D028732A75106E4BFAC87C9590A6616878B5C90_analysis-8.csv;user-I051911;1;1810132345;4;true;-0.31501946914423995;0.0;Infinity;1;A
user-I051911_session-547BFC0A9BECA12855B0C21A1D028732A75106E4BFAC87C9590A6616878B5C90_analysis-8.csv;user-I051911;1;787706472;4;true;-0.4488170914138599;0.0;Infinity;1;A
user-I051911_session-547BFC0A9BECA12855B0C21A1D028732A75106E4BFAC87C9590A6616878B5C90_analysis-8.csv;user-I051911;1;-1932514430;3;true;0.32529772314608413;0.0;Infinity;1;A
user-I051911_session-547BFC0A9BECA12855B0C21A1D028732A75106E4BFAC87C9590A6616878B5C90_analysis-8.csv;user-I051911;1;1905525470;4;true;-0.4806736681447218;0.0;Infinity;1;A
user-I051911_session-547BFC0A9BECA12855B0C21A1D028732A75106E4BFAC87C9590A6616878B5C90_analysis-8.csv;user-I051911;1;1766166355;4;true;0.2106140469149813;0.0;Infinity;1;A
user-I051911_session-547BFC0A9BECA12855B0C21A1D028732A75106E4BFAC87C9590A6616878B5C90_analysis-8.csv;user-I051911;1;-270063146;3;true;-0.16529355850918903;0.0;Infinity;1;A
user-I051911_session-547BFC0A9BECA12855B0C21A1D028732A75106E4BFAC87C9590A6616878B5C90_analysis-8.csv;user-I051911;1;386702538;4;true;-0.19715013524005093;0.0;Infinity;1;A
user-I051911_session-547BFC0A9BECA12855B0C21A1D028732A75106E4BFAC87C9590A6616878B5C90_analysis-8.csv;user-I051911;1;-794977262;3;true;-0.25130631568251616;0.0;Infinity;1;A
user-I051911_session-547BFC0A9BECA12855B0C21A1D028732A75106E4BFAC87C9590A6616878B5C90_analysis-8.csv;user-I051911;1;-1927096937;5;true;0.07044510929918897;0.0;Infinity;1;A
user-I051911_session-547BFC0A9BECA12855B0C21A1D028732A75106E4BFAC87C9590A6616878B5C90_analysis-8.csv;user-I051911;1;-1925615307;5;true;-0.1525509278168443;0.0;Infinity;1;A
user-I051911_session-547BFC0A9BECA12855B0C21A1D028732A75106E4BFAC87C9590A6616878B5C90_analysis-8.csv;user-I051911;1;-1931506257;4;true;-0.2672346040479471;0.0;Infinity;1;A
user-I051911_session-547BFC0A9BECA12855B0C21A1D028732A75106E4BFAC87C9590A6616878B5C90_analysis-8.csv;user-I051911;1;1220599020;7;true;-0.2098927659323957;0.0;Infinity;1;A
user-I051911_session-547BFC0A9BECA12855B0C21A1D028732A75106E4BFAC87C9590A6616878B5C90_analysis-8.csv;user-I051911;1;-1783452447;6;true;-0.22263539662474044;0.0;Infinity;1;A
user-I051911_session-547BFC0A9BECA12855B0C21A1D028732A75106E4BFAC87C9590A6616878B5C90_analysis-8.csv;user-I051911;1;492641982;4;true;-0.4647453797792908;0.0;Infinity;1;A
user-I051911_session-547BFC0A9BECA12855B0C21A1D028732A75106E4BFAC87C9590A6616878B5C90_analysis-8.csv;user-I051911;1;-1922476457;3;true;-0.4647453797792908;0.0;Infinity;1;A
user-I051911_session-547BFC0A9BECA12855B0C21A1D028732A75106E4BFAC87C9590A6616878B5C90_analysis-8.csv;user-I051911;1;-1993972363;4;true;0.20424273156880893;0.0;Infinity;1;A
user-I051911_session-547BFC0A9BECA12855B0C21A1D028732A75106E4BFAC87C9590A6616878B5C90_analysis-8.csv;user-I051911;1;606492928;3;true;1.2109105562640448;0.0;Infinity;1;A
user-I051911_session-547BFC0A9BECA12855B0C21A1D028732A75106E4BFAC87C9590A6616878B5C90_analysis-8.csv;user-I051911;1;618539162;4;true;-0.3213907844904123;0.0;Infinity;1;A
user-I051911_session-547BFC0A9BECA12855B0C21A1D028732A75106E4BFAC87C9590A6616878B5C90_analysis-8.csv;user-I051911;1;-1780443569;4;true;0.15645786647251608;0.0;Infinity;1;A
user-I051911_session-547BFC0A9BECA12855B0C21A1D028732A75106E4BFAC87C9590A6616878B5C90_analysis-8.csv;user-I051911;1;463903233;4;true;-0.27997723474029185;0.0;Infinity;1;A
user-I051911_session-547BFC0A9BECA12855B0C21A1D028732A75106E4BFAC87C9590A6616878B5C90_analysis-8.csv;user-I051911;1;1278831187;4;true;-0.6335852364528589;0.0;Infinity;1;A
user-I051911_session-547BFC0A9BECA12855B0C21A1D028732A75106E4BFAC87C9590A6616878B5C90_analysis-8.csv;user-I051911;1;-1853706438;4;true;0.04495984791449946;0.0;Infinity;1;A
user-I051911_session-547BFC0A9BECA12855B0C21A1D028732A75106E4BFAC87C9590A6616878B5C90_analysis-8.csv;user-I051911;1;1868654789;5;true;-0.09202343202820668;0.0;Infinity;1;A
user-I051911_session-547BFC0A9BECA12855B0C21A1D028732A75106E4BFAC87C9590A6616878B5C90_analysis-8.csv;user-I051911;1;-2144768379;6;true;0.08955905533770611;0.0;Infinity;1;A
user-I051911_session-547BFC0A9BECA12855B0C21A1D028732A75106E4BFAC87C9590A6616878B5C90_analysis-8.csv;user-I051911;1;342513488;4;true;-0.07609514366277574;0.0;Infinity;1;A
user-I051911_session-547BFC0A9BECA12855B0C21A1D028732A75106E4BFAC87C9590A6616878B5C90_analysis-8.csv;user-I051911;1;-2104258077;3;true;-0.10795172039363762;0.0;Infinity;1;A
user-I051911_session-547BFC0A9BECA12855B0C21A1D028732A75106E4BFAC87C9590A6616878B5C90_analysis-8.csv;user-I051911;1;-1916499365;4;true;-0.5157159025486698;0.0;Infinity;1;A
user-I051911_session-547BFC0A9BECA12855B0C21A1D028732A75106E4BFAC87C9590A6616878B5C90_analysis-8.csv;user-I051911;1;625906150;3;true;-0.518901560221756;0.0;Infinity;1;A
user-I051911_session-547BFC0A9BECA12855B0C21A1D028732A75106E4BFAC87C9590A6616878B5C90_analysis-8.csv;user-I051911;1;1726987481;4;true;-0.3882895956252223;0.0;Infinity;1;A
user-I051911_session-547BFC0A9BECA12855B0C21A1D028732A75106E4BFAC87C9590A6616878B5C90_analysis-8.csv;user-I051911;1;272384737;4;true;-0.40740354166373943;0.0;Infinity;1;A
user-I051911_session-547BFC0A9BECA12855B0C21A1D028732A75106E4BFAC87C9590A6616878B5C90_analysis-8.csv;user-I051911;1;-1994100790;3;true;0.048145505587585645;0.0;Infinity;1;A
user-I051911_session-547BFC0A9BECA12855B0C21A1D028732A75106E4BFAC87C9590A6616878B5C90_analysis-8.csv;user-I051911;1;-47960612;3;true;-0.5220872178948422;0.0;Infinity;1;A
user-I051911_session-547BFC0A9BECA12855B0C21A1D028732A75106E4BFAC87C9590A6616878B5C90_analysis-8.csv;user-I051911;1;-1357760036;5;true;-0.07928080133586192;0.0;Infinity;1;A
user-I051911_session-547BFC0A9BECA12855B0C21A1D028732A75106E4BFAC87C9590A6616878B5C90_analysis-8.csv;user-I051911;1;-1039704277;4;true;-0.13025132410524096;0.0;Infinity;1;A
user-I051911_session-547BFC0A9BECA12855B0C21A1D028732A75106E4BFAC87C9590A6616878B5C90_analysis-8.csv;user-I051911;1;-1341338224;6;true;-0.5316441909141008;0.0;Infinity;1;A
user-I051911_session-547BFC0A9BECA12855B0C21A1D028732A75106E4BFAC87C9590A6616878B5C90_analysis-8.csv;user-I051911;1;-1916934525;4;true;0.0927447130107923;0.0;Infinity;1;A
user-I051911_session-547BFC0A9BECA12855B0C21A1D028732A75106E4BFAC87C9590A6616878B5C90_analysis-8.csv;user-I051911;1;-92397457;3;true;-0.2672346040479471;0.0;Infinity;1;A
user-I051911_session-547BFC0A9BECA12855B0C21A1D028732A75106E4BFAC87C9590A6616878B5C90_analysis-8.csv;user-I051911;1;-1496970314;4;true;-0.37236130725979133;0.0;Infinity;1;A
user-I051911_session-547BFC0A9BECA12855B0C21A1D028732A75106E4BFAC87C9590A6616878B5C90_analysis-8.csv;user-I051911;1;1178815607;4;true;-0.4137748570099118;0.0;Infinity;1;A
user-I051911_session-547BFC0A9BECA12855B0C21A1D028732A75106E4BFAC87C9590A6616878B5C90_analysis-8.csv;user-I051911;1;2134863406;5;true;-0.4360744607215151;0.0;Infinity;1;A
user-I051911_session-547BFC0A9BECA12855B0C21A1D028732A75106E4BFAC87C9590A6616878B5C90_analysis-8.csv;user-I051911;1;-1167972951;4;true;-0.21307842360548188;0.0;Infinity;1;A
user-I051911_session-547BFC0A9BECA12855B0C21A1D028732A75106E4BFAC87C9590A6616878B5C90_analysis-8.csv;user-I051911;1;-1931506199;4;true;0.1500865511263437;0.0;Infinity;1;A
user-I051911_session-547BFC0A9BECA12855B0C21A1D028732A75106E4BFAC87C9590A6616878B5C90_analysis-8.csv;user-I051911;1;304814471;4;true;-0.28316289241337805;0.0;Infinity;1;A
user-I051911_session-547BFC0A9BECA12855B0C21A1D028732A75106E4BFAC87C9590A6616878B5C90_analysis-8.csv;user-I051911;1;-758798382;3;true;0.40493916497323884;0.0;Infinity;1;A
user-I051911_session-547BFC0A9BECA12855B0C21A1D028732A75106E4BFAC87C9590A6616878B5C90_analysis-8.csv;user-I051911;1;519818112;4;true;-0.3819182802790499;0.0;Infinity;1;A
user-I051911_session-547BFC0A9BECA12855B0C21A1D028732A75106E4BFAC87C9590A6616878B5C90_analysis-8.csv;user-I051911;1;-652984709;6;true;-0.5316441909141008;0.0;Infinity;1;A
user-I051911_session-547BFC0A9BECA12855B0C21A1D028732A75106E4BFAC87C9590A6616878B5C90_analysis-8.csv;user-I051911;1;-1863086215;4;true;-0.35961867656744656;0.0;Infinity;1;A
user-I051911_session-547BFC0A9BECA12855B0C21A1D028732A75106E4BFAC87C9590A6616878B5C90_analysis-8.csv;user-I051911;1;1734055342;4;true;-0.6495135248182898;0.0;Infinity;1;A
user-I051911_session-547BFC0A9BECA12855B0C21A1D028732A75106E4BFAC87C9590A6616878B5C90_analysis-8.csv;user-I051911;1;-1918775257;4;true;0.41131048031941125;0.0;Infinity;1;A
user-I051911_session-547BFC0A9BECA12855B0C21A1D028732A75106E4BFAC87C9590A6616878B5C90_analysis-8.csv;user-I051911;1;-1916347775;4;true;-0.028310278566482897;0.0;Infinity;1;A
user-I051911_session-547BFC0A9BECA12855B0C21A1D028732A75106E4BFAC87C9590A6616878B5C90_analysis-8.csv;user-I051911;1;-2057927220;3;true;-0.11113737806672382;0.0;Infinity;1;A
user-I051911_session-547BFC0A9BECA12855B0C21A1D028732A75106E4BFAC87C9590A6616878B5C90_analysis-8.csv;user-I051911;1;1933273126;4;true;-0.43926011839460133;0.0;Infinity;1;A
user-I051911_session-547BFC0A9BECA12855B0C21A1D028732A75106E4BFAC87C9590A6616878B5C90_analysis-8.csv;user-I051911;1;1613530915;3;true;-0.3819182802790499;0.0;Infinity;1;A
user-I051911_session-547BFC0A9BECA12855B0C21A1D028732A75106E4BFAC87C9590A6616878B5C90_analysis-8.csv;user-I051911;1;-1994297368;3;true;-0.16847921618227524;0.0;Infinity;1;A
user-I051911_session-547BFC0A9BECA12855B0C21A1D028732A75106E4BFAC87C9590A6616878B5C90_analysis-8.csv;user-I051911;1;-410779280;4;true;-0.28316289241337805;0.0;Infinity;1;A
user-I051911_session-547BFC0A9BECA12855B0C21A1D028732A75106E4BFAC87C9590A6616878B5C90_analysis-8.csv;user-I051911;1;1363463402;3;true;-0.2704202617210333;0.0;Infinity;1;A
user-I051911_session-547BFC0A9BECA12855B0C21A1D028732A75106E4BFAC87C9590A6616878B5C90_analysis-8.csv;user-I051911;1;-1994297365;4;true;0.4272387686848422;0.0;Infinity;1;A
user-I051911_session-547BFC0A9BECA12855B0C21A1D028732A75106E4BFAC87C9590A6616878B5C90_analysis-8.csv;user-I051911;1;115735789;3;true;6.1423086342014654;0.0;Infinity;1;A
user-I051911_session-547BFC0A9BECA12855B0C21A1D028732A75106E4BFAC87C9590A6616878B5C90_analysis-8.csv;user-I051911;1;-30924068;5;true;0.3985678496270665;0.0;Infinity;1;A
user-I051911_session-547BFC0A9BECA12855B0C21A1D028732A75106E4BFAC87C9590A6616878B5C90_analysis-8.csv;user-I051911;1;-1583520085;4;true;-0.5029732718563251;0.0;Infinity;1;A
user-I051911_session-547BFC0A9BECA12855B0C21A1D028732A75106E4BFAC87C9590A6616878B5C90_analysis-8.csv;user-I051911;1;1413813302;6;true;-0.19396447756696475;0.0;Infinity;1;A
user-I051911_session-547BFC0A9BECA12855B0C21A1D028732A75106E4BFAC87C9590A6616878B5C90_analysis-8.csv;user-I051911;1;-1058467764;4;true;-0.3691756495867051;0.0;Infinity;1;A
user-I051911_session-547BFC0A9BECA12855B0C21A1D028732A75106E4BFAC87C9590A6616878B5C90_analysis-8.csv;user-I051911;1;-1521662773;4;true;-0.416960514682998;0.0;Infinity;1;A
user-I051911_session-547BFC0A9BECA12855B0C21A1D028732A75106E4BFAC87C9590A6616878B5C90_analysis-8.csv;user-I051911;1;-1543067128;3;true;0.05133116326067184;0.0;Infinity;1;A
user-I051911_session-547BFC0A9BECA12855B0C21A1D028732A75106E4BFAC87C9590A6616878B5C90_analysis-8.csv;user-I051911;1;535014350;4;true;0.4431670570502731;0.0;Infinity;1;A
user-I051911_session-547BFC0A9BECA12855B0C21A1D028732A75106E4BFAC87C9590A6616878B5C90_analysis-8.csv;user-I051911;1;794499746;3;true;-0.3851039379521361;0.0;Infinity;1;A
user-I051911_session-547BFC0A9BECA12855B0C21A1D028732A75106E4BFAC87C9590A6616878B5C90_analysis-8.csv;user-I051911;1;-1925791287;4;true;-0.28316289241337805;0.0;Infinity;1;A
user-I051911_session-547BFC0A9BECA12855B0C21A1D028732A75106E4BFAC87C9590A6616878B5C90_analysis-8.csv;user-I051911;1;-1184874232;5;true;0.48458060680039355;0.0;Infinity;1;A
user-I051911_session-547BFC0A9BECA12855B0C21A1D028732A75106E4BFAC87C9590A6616878B5C90_analysis-8.csv;user-I051911;1;462597389;3;true;-0.4966019565101527;0.0;Infinity;1;A
user-I051911_session-547BFC0A9BECA12855B0C21A1D028732A75106E4BFAC87C9590A6616878B5C90_analysis-8.csv;user-I051911;1;-765413599;4;true;0.10867300137622324;0.0;Infinity;1;A
user-I051911_session-547BFC0A9BECA12855B0C21A1D028732A75106E4BFAC87C9590A6616878B5C90_analysis-8.csv;user-I051911;1;-1994194205;3;true;-0.24493500033634377;0.0;Infinity;1;A
user-I051911_session-547BFC0A9BECA12855B0C21A1D028732A75106E4BFAC87C9590A6616878B5C90_analysis-8.csv;user-I051911;1;1527786133;4;true;0.10230168603005087;0.0;Infinity;1;A
user-I051911_session-547BFC0A9BECA12855B0C21A1D028732A75106E4BFAC87C9590A6616878B5C90_analysis-8.csv;user-I051911;1;2054134643;3;true;1.3670077822452682;0.0;Infinity;1;A
user-I051911_session-547BFC0A9BECA12855B0C21A1D028732A75106E4BFAC87C9590A6616878B5C90_analysis-8.csv;user-I051911;1;224269403;4;true;0.3029981194344808;0.0;Infinity;1;A
user-I051911_session-547BFC0A9BECA12855B0C21A1D028732A75106E4BFAC87C9590A6616878B5C90_analysis-8.csv;user-I051911;1;-1933044171;3;true;-0.2863485500864642;0.0;Infinity;1;A
user-I051911_session-547BFC0A9BECA12855B0C21A1D028732A75106E4BFAC87C9590A6616878B5C90_analysis-8.csv;user-I051911;1;1228345934;3;true;-0.09520908970129287;0.0;Infinity;1;A
user-I051911_session-547BFC0A9BECA12855B0C21A1D028732A75106E4BFAC87C9590A6616878B5C90_analysis-8.csv;user-I051911;1;-1928027335;4;true;-0.24493500033634377;0.0;Infinity;1;A
user-I051911_session-547BFC0A9BECA12855B0C21A1D028732A75106E4BFAC87C9590A6616878B5C90_analysis-8.csv;user-I051911;1;-1301247007;4;true;-0.585800371356566;0.0;Infinity;1;A
user-I051911_session-547BFC0A9BECA12855B0C21A1D028732A75106E4BFAC87C9590A6616878B5C90_analysis-8.csv;user-I051911;1;-1704141758;50;true;0.47183797610804884;0.0;Infinity;1;A
user-I051911_session-547BFC0A9BECA12855B0C21A1D028732A75106E4BFAC87C9590A6616878B5C90_analysis-8.csv;user-I051911;1;795612719;3;true;0.3029981194344808;0.0;Infinity;1;A
