session ;user;query position;cell hashcode;cell computation time;novelty;outlierness;relevance;surprise;query label;session label
user-I050648_session-B34FE261C41F1CECA723A22B5D5BB74C4AC140931465D2DA8F3A7033ABC96D46_analysis-7.csv;user-I050648;1;-1378993210;3;true;NaN;0.0;Infinity;0;C
user-I050648_session-B34FE261C41F1CECA723A22B5D5BB74C4AC140931465D2DA8F3A7033ABC96D46_analysis-7.csv;user-I050648;2;-1120503911;3;true;-0.15217764656008037;0.0;Infinity;0;C
user-I050648_session-B34FE261C41F1CECA723A22B5D5BB74C4AC140931465D2DA8F3A7033ABC96D46_analysis-7.csv;user-I050648;2;-943318421;5;true;0.042324851738389443;0.0;Infinity;0;C
user-I050648_session-B34FE261C41F1CECA723A22B5D5BB74C4AC140931465D2DA8F3A7033ABC96D46_analysis-7.csv;user-I050648;2;-728483002;4;true;-1.4026980077230053;0.0;Infinity;0;C
user-I050648_session-B34FE261C41F1CECA723A22B5D5BB74C4AC140931465D2DA8F3A7033ABC96D46_analysis-7.csv;user-I050648;2;-1666786583;4;true;1.574772831660648;0.0;Infinity;0;C
user-I050648_session-B34FE261C41F1CECA723A22B5D5BB74C4AC140931465D2DA8F3A7033ABC96D46_analysis-7.csv;user-I050648;2;-1627985141;5;true;0.8076926507722815;0.0;Infinity;0;C
user-I050648_session-B34FE261C41F1CECA723A22B5D5BB74C4AC140931465D2DA8F3A7033ABC96D46_analysis-7.csv;user-I050648;2;-481075126;4;true;0.07952902312349465;0.0;Infinity;0;C
user-I050648_session-B34FE261C41F1CECA723A22B5D5BB74C4AC140931465D2DA8F3A7033ABC96D46_analysis-7.csv;user-I050648;2;1781502284;4;true;1.8374896664900966;0.0;Infinity;0;C
user-I050648_session-B34FE261C41F1CECA723A22B5D5BB74C4AC140931465D2DA8F3A7033ABC96D46_analysis-7.csv;user-I050648;2;-1464537009;4;true;-0.8491705732641369;0.0;Infinity;0;C
user-I050648_session-B34FE261C41F1CECA723A22B5D5BB74C4AC140931465D2DA8F3A7033ABC96D46_analysis-7.csv;user-I050648;2;-78583711;3;true;-1.043900497277654;0.0;Infinity;0;C
user-I050648_session-B34FE261C41F1CECA723A22B5D5BB74C4AC140931465D2DA8F3A7033ABC96D46_analysis-7.csv;user-I050648;2;-1927930493;4;true;0.7705018573704144;0.0;Infinity;0;C
user-I050648_session-B34FE261C41F1CECA723A22B5D5BB74C4AC140931465D2DA8F3A7033ABC96D46_analysis-7.csv;user-I050648;2;605351513;4;true;-0.4933964870305922;0.0;Infinity;0;C
user-I050648_session-B34FE261C41F1CECA723A22B5D5BB74C4AC140931465D2DA8F3A7033ABC96D46_analysis-7.csv;user-I050648;2;396611947;6;true;-0.30352277093249863;0.0;Infinity;0;C
user-I050648_session-B34FE261C41F1CECA723A22B5D5BB74C4AC140931465D2DA8F3A7033ABC96D46_analysis-7.csv;user-I050648;2;496368243;7;true;-0.8674448983673565;0.0;Infinity;0;C
user-I050648_session-B34FE261C41F1CECA723A22B5D5BB74C4AC140931465D2DA8F3A7033ABC96D46_analysis-7.csv;user-I050648;3;-1464537009;4;true;0.03581627878115527;0.0;Infinity;0;C
user-I050648_session-B34FE261C41F1CECA723A22B5D5BB74C4AC140931465D2DA8F3A7033ABC96D46_analysis-7.csv;user-I050648;3;-1464537010;3;true;-0.13787646684646226;0.0;Infinity;0;C
user-I050648_session-B34FE261C41F1CECA723A22B5D5BB74C4AC140931465D2DA8F3A7033ABC96D46_analysis-7.csv;user-I050648;3;-1464537011;4;true;-0.6186006158718138;0.0;Infinity;0;C
user-I050648_session-B34FE261C41F1CECA723A22B5D5BB74C4AC140931465D2DA8F3A7033ABC96D46_analysis-7.csv;user-I050648;3;-1464537012;3;true;-1.4093948797299523;0.0;Infinity;0;C
user-I050648_session-B34FE261C41F1CECA723A22B5D5BB74C4AC140931465D2DA8F3A7033ABC96D46_analysis-7.csv;user-I050648;3;-1464537008;3;true;0.6514592155228508;0.0;Infinity;0;C
user-I050648_session-B34FE261C41F1CECA723A22B5D5BB74C4AC140931465D2DA8F3A7033ABC96D46_analysis-7.csv;user-I050648;3;-1464537007;3;true;1.4785964681442205;0.0;Infinity;0;C
user-I050648_session-B34FE261C41F1CECA723A22B5D5BB74C4AC140931465D2DA8F3A7033ABC96D46_analysis-7.csv;user-I050648;4;834748235;4;true;2.221503985802983;0.0;Infinity;0;C
user-I050648_session-B34FE261C41F1CECA723A22B5D5BB74C4AC140931465D2DA8F3A7033ABC96D46_analysis-7.csv;user-I050648;4;834748234;3;true;1.976081250865163;0.0;Infinity;0;C
user-I050648_session-B34FE261C41F1CECA723A22B5D5BB74C4AC140931465D2DA8F3A7033ABC96D46_analysis-7.csv;user-I050648;4;820265504;3;true;-1.04658008644792;0.0;Infinity;0;C
user-I050648_session-B34FE261C41F1CECA723A22B5D5BB74C4AC140931465D2DA8F3A7033ABC96D46_analysis-7.csv;user-I050648;4;834748233;7;true;1.2355096045932796;0.0;Infinity;0;C
user-I050648_session-B34FE261C41F1CECA723A22B5D5BB74C4AC140931465D2DA8F3A7033ABC96D46_analysis-7.csv;user-I050648;4;834748232;5;true;1.1905766128950197;0.0;Infinity;0;C
user-I050648_session-B34FE261C41F1CECA723A22B5D5BB74C4AC140931465D2DA8F3A7033ABC96D46_analysis-7.csv;user-I050648;4;820265508;5;true;-1.042782932219898;0.0;Infinity;0;C
user-I050648_session-B34FE261C41F1CECA723A22B5D5BB74C4AC140931465D2DA8F3A7033ABC96D46_analysis-7.csv;user-I050648;4;820265509;6;true;-1.033922905687847;0.0;Infinity;0;C
user-I050648_session-B34FE261C41F1CECA723A22B5D5BB74C4AC140931465D2DA8F3A7033ABC96D46_analysis-7.csv;user-I050648;4;-1067244949;4;true;-0.1909546670669711;0.0;Infinity;0;C
user-I050648_session-B34FE261C41F1CECA723A22B5D5BB74C4AC140931465D2DA8F3A7033ABC96D46_analysis-7.csv;user-I050648;4;-1067244950;4;true;-0.35853574033034036;0.0;Infinity;0;C
user-I050648_session-B34FE261C41F1CECA723A22B5D5BB74C4AC140931465D2DA8F3A7033ABC96D46_analysis-7.csv;user-I050648;4;834748231;3;true;1.250951365120569;0.0;Infinity;0;C
user-I050648_session-B34FE261C41F1CECA723A22B5D5BB74C4AC140931465D2DA8F3A7033ABC96D46_analysis-7.csv;user-I050648;4;751281072;3;true;-0.7767289926431592;0.0;Infinity;0;C
user-I050648_session-B34FE261C41F1CECA723A22B5D5BB74C4AC140931465D2DA8F3A7033ABC96D46_analysis-7.csv;user-I050648;4;-1067244947;4;true;-0.1042529788604696;0.0;Infinity;0;C
user-I050648_session-B34FE261C41F1CECA723A22B5D5BB74C4AC140931465D2DA8F3A7033ABC96D46_analysis-7.csv;user-I050648;4;834748230;3;true;0.7064394488222195;0.0;Infinity;0;C
user-I050648_session-B34FE261C41F1CECA723A22B5D5BB74C4AC140931465D2DA8F3A7033ABC96D46_analysis-7.csv;user-I050648;4;-1067244948;3;true;-0.23652051780323463;0.0;Infinity;0;C
user-I050648_session-B34FE261C41F1CECA723A22B5D5BB74C4AC140931465D2DA8F3A7033ABC96D46_analysis-7.csv;user-I050648;4;751281073;3;true;-0.9326654596072612;0.0;Infinity;0;C
user-I050648_session-B34FE261C41F1CECA723A22B5D5BB74C4AC140931465D2DA8F3A7033ABC96D46_analysis-7.csv;user-I050648;4;-1067244945;4;true;0.07611184697057365;0.0;Infinity;0;C
user-I050648_session-B34FE261C41F1CECA723A22B5D5BB74C4AC140931465D2DA8F3A7033ABC96D46_analysis-7.csv;user-I050648;4;751281074;3;true;-0.9149454065431587;0.0;Infinity;0;C
user-I050648_session-B34FE261C41F1CECA723A22B5D5BB74C4AC140931465D2DA8F3A7033ABC96D46_analysis-7.csv;user-I050648;4;751281075;3;true;-0.9048196619351001;0.0;Infinity;0;C
user-I050648_session-B34FE261C41F1CECA723A22B5D5BB74C4AC140931465D2DA8F3A7033ABC96D46_analysis-7.csv;user-I050648;4;-1067244946;4;true;0.012825943170207596;0.0;Infinity;0;C
user-I050648_session-B34FE261C41F1CECA723A22B5D5BB74C4AC140931465D2DA8F3A7033ABC96D46_analysis-7.csv;user-I050648;4;815465249;3;true;1.8253342280126912;0.0;Infinity;0;C
user-I050648_session-B34FE261C41F1CECA723A22B5D5BB74C4AC140931465D2DA8F3A7033ABC96D46_analysis-7.csv;user-I050648;4;751281071;5;true;-0.9870913368755759;0.0;Infinity;0;C
user-I050648_session-B34FE261C41F1CECA723A22B5D5BB74C4AC140931465D2DA8F3A7033ABC96D46_analysis-7.csv;user-I050648;4;815465248;3;true;1.2968969312796348;0.0;Infinity;0;C
user-I050648_session-B34FE261C41F1CECA723A22B5D5BB74C4AC140931465D2DA8F3A7033ABC96D46_analysis-7.csv;user-I050648;4;751281070;4;true;-0.9681055657354661;0.0;Infinity;0;C
user-I050648_session-B34FE261C41F1CECA723A22B5D5BB74C4AC140931465D2DA8F3A7033ABC96D46_analysis-7.csv;user-I050648;4;-899173418;3;true;-0.8529252208188;0.0;Infinity;0;C
user-I050648_session-B34FE261C41F1CECA723A22B5D5BB74C4AC140931465D2DA8F3A7033ABC96D46_analysis-7.csv;user-I050648;4;-899173419;4;true;-0.9706370018874808;0.0;Infinity;0;C
user-I050648_session-B34FE261C41F1CECA723A22B5D5BB74C4AC140931465D2DA8F3A7033ABC96D46_analysis-7.csv;user-I050648;4;-899173420;4;true;-0.9041868028970964;0.0;Infinity;0;C
user-I050648_session-B34FE261C41F1CECA723A22B5D5BB74C4AC140931465D2DA8F3A7033ABC96D46_analysis-7.csv;user-I050648;4;815465244;4;true;0.7779525201166331;0.0;Infinity;0;C
user-I050648_session-B34FE261C41F1CECA723A22B5D5BB74C4AC140931465D2DA8F3A7033ABC96D46_analysis-7.csv;user-I050648;4;-899173421;4;true;-1.0200000068517663;0.0;Infinity;0;C
user-I050648_session-B34FE261C41F1CECA723A22B5D5BB74C4AC140931465D2DA8F3A7033ABC96D46_analysis-7.csv;user-I050648;4;815465245;4;true;1.0184389545580241;0.0;Infinity;0;C
user-I050648_session-B34FE261C41F1CECA723A22B5D5BB74C4AC140931465D2DA8F3A7033ABC96D46_analysis-7.csv;user-I050648;4;-899173422;4;true;-0.8174851146905949;0.0;Infinity;0;C
user-I050648_session-B34FE261C41F1CECA723A22B5D5BB74C4AC140931465D2DA8F3A7033ABC96D46_analysis-7.csv;user-I050648;4;-899173423;4;true;-0.8908967630990196;0.0;Infinity;0;C
user-I050648_session-B34FE261C41F1CECA723A22B5D5BB74C4AC140931465D2DA8F3A7033ABC96D46_analysis-7.csv;user-I050648;4;815465246;4;true;1.3234770108757885;0.0;Infinity;0;C
user-I050648_session-B34FE261C41F1CECA723A22B5D5BB74C4AC140931465D2DA8F3A7033ABC96D46_analysis-7.csv;user-I050648;4;815465247;3;true;1.3641065611156236;0.0;Infinity;0;C
user-I050648_session-B34FE261C41F1CECA723A22B5D5BB74C4AC140931465D2DA8F3A7033ABC96D46_analysis-7.csv;user-I050648;4;753272761;6;true;-0.09033008002438907;0.0;Infinity;0;C
user-I050648_session-B34FE261C41F1CECA723A22B5D5BB74C4AC140931465D2DA8F3A7033ABC96D46_analysis-7.csv;user-I050648;4;753272760;4;true;-0.3839766736580875;0.0;Infinity;0;C
user-I050648_session-B34FE261C41F1CECA723A22B5D5BB74C4AC140931465D2DA8F3A7033ABC96D46_analysis-7.csv;user-I050648;4;753272763;4;true;-0.2131047333970992;0.0;Infinity;0;C
user-I050648_session-B34FE261C41F1CECA723A22B5D5BB74C4AC140931465D2DA8F3A7033ABC96D46_analysis-7.csv;user-I050648;4;753272762;7;true;-0.08716578483437076;0.0;Infinity;0;C
user-I050648_session-B34FE261C41F1CECA723A22B5D5BB74C4AC140931465D2DA8F3A7033ABC96D46_analysis-7.csv;user-I050648;4;753272764;5;true;-0.32562707035415006;0.0;Infinity;0;C
user-I050648_session-B34FE261C41F1CECA723A22B5D5BB74C4AC140931465D2DA8F3A7033ABC96D46_analysis-7.csv;user-I050648;4;753272759;4;true;-0.22196475992915043;0.0;Infinity;0;C
