session ;user;query position;cell hashcode;cell computation time;novelty;outlierness;relevance;surprise;query label;session label
user-a_session-3C604A43A349CDC4130E5F83A8625EE6C83A2283F66A05BD44300AE9E67250DE_analysis-1.csv;user-a;1;1085702289;3;true;0.1806265070624099;0.0;Infinity;0;B
user-a_session-3C604A43A349CDC4130E5F83A8625EE6C83A2283F66A05BD44300AE9E67250DE_analysis-1.csv;user-a;1;-1023256855;3;true;-0.5388343538099575;0.0;Infinity;0;B
user-a_session-3C604A43A349CDC4130E5F83A8625EE6C83A2283F66A05BD44300AE9E67250DE_analysis-1.csv;user-a;1;-2093678140;3;true;-0.7863583799920212;0.0;Infinity;0;B
user-a_session-3C604A43A349CDC4130E5F83A8625EE6C83A2283F66A05BD44300AE9E67250DE_analysis-1.csv;user-a;1;-561341799;4;true;-0.5679397430579909;0.0;Infinity;0;B
user-a_session-3C604A43A349CDC4130E5F83A8625EE6C83A2283F66A05BD44300AE9E67250DE_analysis-1.csv;user-a;1;-561334336;5;true;-0.2090587540480989;0.0;Infinity;0;B
user-a_session-3C604A43A349CDC4130E5F83A8625EE6C83A2283F66A05BD44300AE9E67250DE_analysis-1.csv;user-a;1;-561353221;5;true;1.9215647238456586;0.0;Infinity;0;B
user-a_session-3C604A43A349CDC4130E5F83A8625EE6C83A2283F66A05BD44300AE9E67250DE_analysis-1.csv;user-a;2;1085702289;4;true;0.1806265070624099;0.0;Infinity;0;B
user-a_session-3C604A43A349CDC4130E5F83A8625EE6C83A2283F66A05BD44300AE9E67250DE_analysis-1.csv;user-a;2;-1023256855;5;true;-0.5388343538099575;0.0;Infinity;0;B
user-a_session-3C604A43A349CDC4130E5F83A8625EE6C83A2283F66A05BD44300AE9E67250DE_analysis-1.csv;user-a;2;-2093678140;4;true;-0.7863583799920212;0.0;Infinity;0;B
user-a_session-3C604A43A349CDC4130E5F83A8625EE6C83A2283F66A05BD44300AE9E67250DE_analysis-1.csv;user-a;2;-561341799;4;true;-0.5679397430579909;0.0;Infinity;0;B
user-a_session-3C604A43A349CDC4130E5F83A8625EE6C83A2283F66A05BD44300AE9E67250DE_analysis-1.csv;user-a;2;-561334336;5;true;-0.2090587540480989;0.0;Infinity;0;B
user-a_session-3C604A43A349CDC4130E5F83A8625EE6C83A2283F66A05BD44300AE9E67250DE_analysis-1.csv;user-a;2;-561353221;3;true;1.9215647238456586;0.0;Infinity;0;B
user-a_session-3C604A43A349CDC4130E5F83A8625EE6C83A2283F66A05BD44300AE9E67250DE_analysis-1.csv;user-a;3;-473035701;4;true;-0.45997388256609334;0.0;Infinity;0;B
user-a_session-3C604A43A349CDC4130E5F83A8625EE6C83A2283F66A05BD44300AE9E67250DE_analysis-1.csv;user-a;3;1791250190;3;true;0.04914250882116382;0.0;Infinity;0;B
user-a_session-3C604A43A349CDC4130E5F83A8625EE6C83A2283F66A05BD44300AE9E67250DE_analysis-1.csv;user-a;3;-402690415;3;true;-1.1281013917818306;0.0;Infinity;0;B
user-a_session-3C604A43A349CDC4130E5F83A8625EE6C83A2283F66A05BD44300AE9E67250DE_analysis-1.csv;user-a;3;1727169753;4;true;0.6418011652043994;0.0;Infinity;0;B
user-a_session-3C604A43A349CDC4130E5F83A8625EE6C83A2283F66A05BD44300AE9E67250DE_analysis-1.csv;user-a;3;-545997952;3;true;1.6102596069014778;0.0;Infinity;0;B
user-a_session-3C604A43A349CDC4130E5F83A8625EE6C83A2283F66A05BD44300AE9E67250DE_analysis-1.csv;user-a;3;-614125795;3;true;-0.7131280065791172;0.0;Infinity;0;B
user-a_session-3C604A43A349CDC4130E5F83A8625EE6C83A2283F66A05BD44300AE9E67250DE_analysis-1.csv;user-a;4;-473035701;3;true;-0.45997388256609334;0.0;Infinity;0;B
user-a_session-3C604A43A349CDC4130E5F83A8625EE6C83A2283F66A05BD44300AE9E67250DE_analysis-1.csv;user-a;4;1791250190;3;true;0.04914250882116382;0.0;Infinity;0;B
user-a_session-3C604A43A349CDC4130E5F83A8625EE6C83A2283F66A05BD44300AE9E67250DE_analysis-1.csv;user-a;4;-402690415;3;true;-1.1281013917818306;0.0;Infinity;0;B
user-a_session-3C604A43A349CDC4130E5F83A8625EE6C83A2283F66A05BD44300AE9E67250DE_analysis-1.csv;user-a;4;1727169753;2;true;0.6418011652043994;0.0;Infinity;0;B
user-a_session-3C604A43A349CDC4130E5F83A8625EE6C83A2283F66A05BD44300AE9E67250DE_analysis-1.csv;user-a;4;-545997952;3;true;1.6102596069014778;0.0;Infinity;0;B
user-a_session-3C604A43A349CDC4130E5F83A8625EE6C83A2283F66A05BD44300AE9E67250DE_analysis-1.csv;user-a;4;-614125795;3;true;-0.7131280065791172;0.0;Infinity;0;B
user-a_session-3C604A43A349CDC4130E5F83A8625EE6C83A2283F66A05BD44300AE9E67250DE_analysis-1.csv;user-a;5;1085702289;3;true;0.1806265070624099;0.0;Infinity;0;B
user-a_session-3C604A43A349CDC4130E5F83A8625EE6C83A2283F66A05BD44300AE9E67250DE_analysis-1.csv;user-a;5;-1023256855;4;true;-0.5388343538099575;0.0;Infinity;0;B
user-a_session-3C604A43A349CDC4130E5F83A8625EE6C83A2283F66A05BD44300AE9E67250DE_analysis-1.csv;user-a;5;-2093678140;9;true;-0.7863583799920212;0.0;Infinity;0;B
user-a_session-3C604A43A349CDC4130E5F83A8625EE6C83A2283F66A05BD44300AE9E67250DE_analysis-1.csv;user-a;5;-561341799;5;true;-0.5679397430579909;0.0;Infinity;0;B
user-a_session-3C604A43A349CDC4130E5F83A8625EE6C83A2283F66A05BD44300AE9E67250DE_analysis-1.csv;user-a;5;-561334336;4;true;-0.2090587540480989;0.0;Infinity;0;B
user-a_session-3C604A43A349CDC4130E5F83A8625EE6C83A2283F66A05BD44300AE9E67250DE_analysis-1.csv;user-a;5;-561353221;5;true;1.9215647238456586;0.0;Infinity;0;B
user-a_session-3C604A43A349CDC4130E5F83A8625EE6C83A2283F66A05BD44300AE9E67250DE_analysis-1.csv;user-a;6;-1301761052;4;true;0.15440281550592463;0.0;Infinity;0;B
user-a_session-3C604A43A349CDC4130E5F83A8625EE6C83A2283F66A05BD44300AE9E67250DE_analysis-1.csv;user-a;6;793000790;3;true;-0.546609374453322;0.0;Infinity;0;B
user-a_session-3C604A43A349CDC4130E5F83A8625EE6C83A2283F66A05BD44300AE9E67250DE_analysis-1.csv;user-a;6;651910696;3;true;-0.1612684485828281;0.0;Infinity;0;B
user-a_session-3C604A43A349CDC4130E5F83A8625EE6C83A2283F66A05BD44300AE9E67250DE_analysis-1.csv;user-a;6;-1237680615;3;true;0.15912492705242504;0.0;Infinity;0;B
user-a_session-3C604A43A349CDC4130E5F83A8625EE6C83A2283F66A05BD44300AE9E67250DE_analysis-1.csv;user-a;6;863346076;3;true;-1.3108524320604968;0.0;Infinity;0;B
user-a_session-3C604A43A349CDC4130E5F83A8625EE6C83A2283F66A05BD44300AE9E67250DE_analysis-1.csv;user-a;6;720038539;3;true;1.7052025125382966;0.0;Infinity;0;B
user-a_session-3C604A43A349CDC4130E5F83A8625EE6C83A2283F66A05BD44300AE9E67250DE_analysis-1.csv;user-a;7;-473035701;3;true;-0.45997388256609334;0.0;Infinity;0;B
user-a_session-3C604A43A349CDC4130E5F83A8625EE6C83A2283F66A05BD44300AE9E67250DE_analysis-1.csv;user-a;7;1791250190;3;true;0.04914250882116382;0.0;Infinity;0;B
user-a_session-3C604A43A349CDC4130E5F83A8625EE6C83A2283F66A05BD44300AE9E67250DE_analysis-1.csv;user-a;7;-402690415;3;true;-1.1281013917818306;0.0;Infinity;0;B
user-a_session-3C604A43A349CDC4130E5F83A8625EE6C83A2283F66A05BD44300AE9E67250DE_analysis-1.csv;user-a;7;1727169753;3;true;0.6418011652043994;0.0;Infinity;0;B
user-a_session-3C604A43A349CDC4130E5F83A8625EE6C83A2283F66A05BD44300AE9E67250DE_analysis-1.csv;user-a;7;-545997952;3;true;1.6102596069014778;0.0;Infinity;0;B
user-a_session-3C604A43A349CDC4130E5F83A8625EE6C83A2283F66A05BD44300AE9E67250DE_analysis-1.csv;user-a;7;-614125795;3;true;-0.7131280065791172;0.0;Infinity;0;B
user-a_session-3C604A43A349CDC4130E5F83A8625EE6C83A2283F66A05BD44300AE9E67250DE_analysis-1.csv;user-a;8;-1234309182;4;true;NaN;0.0;Infinity;0;B
