session ;user;query position;cell hashcode;cell computation time;novelty;outlierness;relevance;surprise;query label;session label
user-I051430_session-191A7605B9120D77770122570D089290ACF1EB99189D0FA92C367ECD729684C9_analysis-7.csv;user-I051430;1;6960088;2;true;-1.0470094711600817;0.0;Infinity;1;B
user-I051430_session-191A7605B9120D77770122570D089290ACF1EB99189D0FA92C367ECD729684C9_analysis-7.csv;user-I051430;1;-395531327;3;true;0.06725925471007439;0.0;Infinity;1;B
user-I051430_session-191A7605B9120D77770122570D089290ACF1EB99189D0FA92C367ECD729684C9_analysis-7.csv;user-I051430;1;-1034960112;2;true;-0.1429744952743788;0.0;Infinity;1;B
user-I051430_session-191A7605B9120D77770122570D089290ACF1EB99189D0FA92C367ECD729684C9_analysis-7.csv;user-I051430;1;-642939203;3;true;-1.394200738122418;0.0;Infinity;1;B
user-I051430_session-191A7605B9120D77770122570D089290ACF1EB99189D0FA92C367ECD729684C9_analysis-7.csv;user-I051430;1;-1542441342;3;true;0.7729784173077493;0.0;Infinity;1;B
user-I051430_session-191A7605B9120D77770122570D089290ACF1EB99189D0FA92C367ECD729684C9_analysis-7.csv;user-I051430;1;690895312;2;true;-0.4591477047706895;0.0;Infinity;1;B
user-I051430_session-191A7605B9120D77770122570D089290ACF1EB99189D0FA92C367ECD729684C9_analysis-7.csv;user-I051430;1;-1581242784;3;true;1.6037124714291304;0.0;Infinity;1;B
user-I051430_session-191A7605B9120D77770122570D089290ACF1EB99189D0FA92C367ECD729684C9_analysis-7.csv;user-I051430;1;482155746;2;true;-0.3173377246783675;0.0;Infinity;1;B
user-I051430_session-191A7605B9120D77770122570D089290ACF1EB99189D0FA92C367ECD729684C9_analysis-7.csv;user-I051430;1;-1842386694;3;true;0.7454459635497366;0.0;Infinity;1;B
user-I051430_session-191A7605B9120D77770122570D089290ACF1EB99189D0FA92C367ECD729684C9_analysis-7.csv;user-I051430;1;1867046083;3;true;1.847487021035312;0.0;Infinity;1;B
user-I051430_session-191A7605B9120D77770122570D089290ACF1EB99189D0FA92C367ECD729684C9_analysis-7.csv;user-I051430;1;-857774622;2;true;0.04561394745954256;0.0;Infinity;1;B
user-I051430_session-191A7605B9120D77770122570D089290ACF1EB99189D0FA92C367ECD729684C9_analysis-7.csv;user-I051430;1;581912042;3;true;-0.8806386659700234;0.0;Infinity;1;B
user-I051430_session-191A7605B9120D77770122570D089290ACF1EB99189D0FA92C367ECD729684C9_analysis-7.csv;user-I051430;1;-1378993210;4;true;-0.8411882755155856;0.0;Infinity;1;B
user-I051430_session-191A7605B9120D77770122570D089290ACF1EB99189D0FA92C367ECD729684C9_analysis-7.csv;user-I051430;2;-1120503911;3;true;-0.15217764656008037;0.0;Infinity;1;B
user-I051430_session-191A7605B9120D77770122570D089290ACF1EB99189D0FA92C367ECD729684C9_analysis-7.csv;user-I051430;2;-943318421;4;true;0.042324851738389443;0.0;Infinity;1;B
user-I051430_session-191A7605B9120D77770122570D089290ACF1EB99189D0FA92C367ECD729684C9_analysis-7.csv;user-I051430;2;-728483002;4;true;-1.4026980077230053;0.0;Infinity;1;B
user-I051430_session-191A7605B9120D77770122570D089290ACF1EB99189D0FA92C367ECD729684C9_analysis-7.csv;user-I051430;2;-1666786583;5;true;1.574772831660648;0.0;Infinity;1;B
user-I051430_session-191A7605B9120D77770122570D089290ACF1EB99189D0FA92C367ECD729684C9_analysis-7.csv;user-I051430;2;-1627985141;4;true;0.8076926507722815;0.0;Infinity;1;B
user-I051430_session-191A7605B9120D77770122570D089290ACF1EB99189D0FA92C367ECD729684C9_analysis-7.csv;user-I051430;2;-481075126;4;true;0.07952902312349465;0.0;Infinity;1;B
user-I051430_session-191A7605B9120D77770122570D089290ACF1EB99189D0FA92C367ECD729684C9_analysis-7.csv;user-I051430;2;1781502284;7;true;1.8374896664900966;0.0;Infinity;1;B
user-I051430_session-191A7605B9120D77770122570D089290ACF1EB99189D0FA92C367ECD729684C9_analysis-7.csv;user-I051430;2;-1464537009;3;true;-0.8491705732641369;0.0;Infinity;1;B
user-I051430_session-191A7605B9120D77770122570D089290ACF1EB99189D0FA92C367ECD729684C9_analysis-7.csv;user-I051430;2;-78583711;2;true;-1.043900497277654;0.0;Infinity;1;B
user-I051430_session-191A7605B9120D77770122570D089290ACF1EB99189D0FA92C367ECD729684C9_analysis-7.csv;user-I051430;2;-1927930493;3;true;0.7705018573704144;0.0;Infinity;1;B
user-I051430_session-191A7605B9120D77770122570D089290ACF1EB99189D0FA92C367ECD729684C9_analysis-7.csv;user-I051430;2;605351513;3;true;-0.4933964870305922;0.0;Infinity;1;B
user-I051430_session-191A7605B9120D77770122570D089290ACF1EB99189D0FA92C367ECD729684C9_analysis-7.csv;user-I051430;2;396611947;2;true;-0.30352277093249863;0.0;Infinity;1;B
user-I051430_session-191A7605B9120D77770122570D089290ACF1EB99189D0FA92C367ECD729684C9_analysis-7.csv;user-I051430;2;496368243;3;true;-0.8674448983673565;0.0;Infinity;1;B
user-I051430_session-191A7605B9120D77770122570D089290ACF1EB99189D0FA92C367ECD729684C9_analysis-7.csv;user-I051430;3;-78583709;2;true;-1.0241647680998178;0.0;Infinity;1;B
user-I051430_session-191A7605B9120D77770122570D089290ACF1EB99189D0FA92C367ECD729684C9_analysis-7.csv;user-I051430;3;-1120503909;3;true;-0.1740921805162437;0.0;Infinity;1;B
user-I051430_session-191A7605B9120D77770122570D089290ACF1EB99189D0FA92C367ECD729684C9_analysis-7.csv;user-I051430;3;-943318419;2;true;0.02817449602883579;0.0;Infinity;1;B
user-I051430_session-191A7605B9120D77770122570D089290ACF1EB99189D0FA92C367ECD729684C9_analysis-7.csv;user-I051430;3;-728483000;3;true;-1.3806005064511975;0.0;Infinity;1;B
user-I051430_session-191A7605B9120D77770122570D089290ACF1EB99189D0FA92C367ECD729684C9_analysis-7.csv;user-I051430;3;496368245;3;true;-0.8782730208155012;0.0;Infinity;1;B
user-I051430_session-191A7605B9120D77770122570D089290ACF1EB99189D0FA92C367ECD729684C9_analysis-7.csv;user-I051430;3;-1666786581;3;true;1.638280762374723;0.0;Infinity;1;B
user-I051430_session-191A7605B9120D77770122570D089290ACF1EB99189D0FA92C367ECD729684C9_analysis-7.csv;user-I051430;3;605351515;2;true;-0.44785266567235826;0.0;Infinity;1;B
user-I051430_session-191A7605B9120D77770122570D089290ACF1EB99189D0FA92C367ECD729684C9_analysis-7.csv;user-I051430;3;396611949;3;true;-0.3117827515199091;0.0;Infinity;1;B
user-I051430_session-191A7605B9120D77770122570D089290ACF1EB99189D0FA92C367ECD729684C9_analysis-7.csv;user-I051430;3;-481075124;3;true;0.028740094393018636;0.0;Infinity;1;B
user-I051430_session-191A7605B9120D77770122570D089290ACF1EB99189D0FA92C367ECD729684C9_analysis-7.csv;user-I051430;3;1781502286;5;true;1.8572217137715774;0.0;Infinity;1;B
user-I051430_session-191A7605B9120D77770122570D089290ACF1EB99189D0FA92C367ECD729684C9_analysis-7.csv;user-I051430;3;-1927930491;4;true;0.7680532946213258;0.0;Infinity;1;B
user-I051430_session-191A7605B9120D77770122570D089290ACF1EB99189D0FA92C367ECD729684C9_analysis-7.csv;user-I051430;3;-1627985139;4;true;0.7277109036068227;0.0;Infinity;1;B
user-I051430_session-191A7605B9120D77770122570D089290ACF1EB99189D0FA92C367ECD729684C9_analysis-7.csv;user-I051430;3;-1464537007;5;true;-0.8314153717212764;0.0;Infinity;1;B
user-I051430_session-191A7605B9120D77770122570D089290ACF1EB99189D0FA92C367ECD729684C9_analysis-7.csv;user-I051430;4;6960088;4;true;-1.0470094711600817;0.0;Infinity;1;B
user-I051430_session-191A7605B9120D77770122570D089290ACF1EB99189D0FA92C367ECD729684C9_analysis-7.csv;user-I051430;4;-395531327;3;true;0.06725925471007439;0.0;Infinity;1;B
user-I051430_session-191A7605B9120D77770122570D089290ACF1EB99189D0FA92C367ECD729684C9_analysis-7.csv;user-I051430;4;-1034960112;3;true;-0.1429744952743788;0.0;Infinity;1;B
user-I051430_session-191A7605B9120D77770122570D089290ACF1EB99189D0FA92C367ECD729684C9_analysis-7.csv;user-I051430;4;-642939203;3;true;-1.394200738122418;0.0;Infinity;1;B
user-I051430_session-191A7605B9120D77770122570D089290ACF1EB99189D0FA92C367ECD729684C9_analysis-7.csv;user-I051430;4;-1542441342;3;true;0.7729784173077493;0.0;Infinity;1;B
user-I051430_session-191A7605B9120D77770122570D089290ACF1EB99189D0FA92C367ECD729684C9_analysis-7.csv;user-I051430;4;690895312;4;true;-0.4591477047706895;0.0;Infinity;1;B
user-I051430_session-191A7605B9120D77770122570D089290ACF1EB99189D0FA92C367ECD729684C9_analysis-7.csv;user-I051430;4;-1581242784;2;true;1.6037124714291304;0.0;Infinity;1;B
user-I051430_session-191A7605B9120D77770122570D089290ACF1EB99189D0FA92C367ECD729684C9_analysis-7.csv;user-I051430;4;482155746;3;true;-0.3173377246783675;0.0;Infinity;1;B
user-I051430_session-191A7605B9120D77770122570D089290ACF1EB99189D0FA92C367ECD729684C9_analysis-7.csv;user-I051430;4;-1842386694;2;true;0.7454459635497366;0.0;Infinity;1;B
user-I051430_session-191A7605B9120D77770122570D089290ACF1EB99189D0FA92C367ECD729684C9_analysis-7.csv;user-I051430;4;1867046083;2;true;1.847487021035312;0.0;Infinity;1;B
user-I051430_session-191A7605B9120D77770122570D089290ACF1EB99189D0FA92C367ECD729684C9_analysis-7.csv;user-I051430;4;-857774622;3;true;0.04561394745954256;0.0;Infinity;1;B
user-I051430_session-191A7605B9120D77770122570D089290ACF1EB99189D0FA92C367ECD729684C9_analysis-7.csv;user-I051430;4;581912042;2;true;-0.8806386659700234;0.0;Infinity;1;B
user-I051430_session-191A7605B9120D77770122570D089290ACF1EB99189D0FA92C367ECD729684C9_analysis-7.csv;user-I051430;4;-1378993210;3;true;-0.8411882755155856;0.0;Infinity;1;B
user-I051430_session-191A7605B9120D77770122570D089290ACF1EB99189D0FA92C367ECD729684C9_analysis-7.csv;user-I051430;5;6960088;3;true;-1.0470094711600817;0.0;Infinity;1;B
user-I051430_session-191A7605B9120D77770122570D089290ACF1EB99189D0FA92C367ECD729684C9_analysis-7.csv;user-I051430;5;-395531327;2;true;0.06725925471007439;0.0;Infinity;1;B
user-I051430_session-191A7605B9120D77770122570D089290ACF1EB99189D0FA92C367ECD729684C9_analysis-7.csv;user-I051430;5;-1034960112;3;true;-0.1429744952743788;0.0;Infinity;1;B
user-I051430_session-191A7605B9120D77770122570D089290ACF1EB99189D0FA92C367ECD729684C9_analysis-7.csv;user-I051430;5;-642939203;2;true;-1.394200738122418;0.0;Infinity;1;B
user-I051430_session-191A7605B9120D77770122570D089290ACF1EB99189D0FA92C367ECD729684C9_analysis-7.csv;user-I051430;5;-1542441342;2;true;0.7729784173077493;0.0;Infinity;1;B
user-I051430_session-191A7605B9120D77770122570D089290ACF1EB99189D0FA92C367ECD729684C9_analysis-7.csv;user-I051430;5;690895312;3;true;-0.4591477047706895;0.0;Infinity;1;B
user-I051430_session-191A7605B9120D77770122570D089290ACF1EB99189D0FA92C367ECD729684C9_analysis-7.csv;user-I051430;5;-1581242784;2;true;1.6037124714291304;0.0;Infinity;1;B
user-I051430_session-191A7605B9120D77770122570D089290ACF1EB99189D0FA92C367ECD729684C9_analysis-7.csv;user-I051430;5;482155746;2;true;-0.3173377246783675;0.0;Infinity;1;B
user-I051430_session-191A7605B9120D77770122570D089290ACF1EB99189D0FA92C367ECD729684C9_analysis-7.csv;user-I051430;5;-1842386694;3;true;0.7454459635497366;0.0;Infinity;1;B
user-I051430_session-191A7605B9120D77770122570D089290ACF1EB99189D0FA92C367ECD729684C9_analysis-7.csv;user-I051430;5;1867046083;3;true;1.847487021035312;0.0;Infinity;1;B
user-I051430_session-191A7605B9120D77770122570D089290ACF1EB99189D0FA92C367ECD729684C9_analysis-7.csv;user-I051430;5;-857774622;2;true;0.04561394745954256;0.0;Infinity;1;B
user-I051430_session-191A7605B9120D77770122570D089290ACF1EB99189D0FA92C367ECD729684C9_analysis-7.csv;user-I051430;5;581912042;5;true;-0.8806386659700234;0.0;Infinity;1;B
user-I051430_session-191A7605B9120D77770122570D089290ACF1EB99189D0FA92C367ECD729684C9_analysis-7.csv;user-I051430;5;-1378993210;3;true;-0.8411882755155856;0.0;Infinity;1;B
user-I051430_session-191A7605B9120D77770122570D089290ACF1EB99189D0FA92C367ECD729684C9_analysis-7.csv;user-I051430;6;6960088;2;true;-1.0470094711600817;0.0;Infinity;1;B
user-I051430_session-191A7605B9120D77770122570D089290ACF1EB99189D0FA92C367ECD729684C9_analysis-7.csv;user-I051430;6;-395531327;4;true;0.06725925471007439;0.0;Infinity;1;B
user-I051430_session-191A7605B9120D77770122570D089290ACF1EB99189D0FA92C367ECD729684C9_analysis-7.csv;user-I051430;6;-1034960112;3;true;-0.1429744952743788;0.0;Infinity;1;B
user-I051430_session-191A7605B9120D77770122570D089290ACF1EB99189D0FA92C367ECD729684C9_analysis-7.csv;user-I051430;6;-642939203;4;true;-1.394200738122418;0.0;Infinity;1;B
user-I051430_session-191A7605B9120D77770122570D089290ACF1EB99189D0FA92C367ECD729684C9_analysis-7.csv;user-I051430;6;-1542441342;2;true;0.7729784173077493;0.0;Infinity;1;B
user-I051430_session-191A7605B9120D77770122570D089290ACF1EB99189D0FA92C367ECD729684C9_analysis-7.csv;user-I051430;6;690895312;3;true;-0.4591477047706895;0.0;Infinity;1;B
user-I051430_session-191A7605B9120D77770122570D089290ACF1EB99189D0FA92C367ECD729684C9_analysis-7.csv;user-I051430;6;-1581242784;3;true;1.6037124714291304;0.0;Infinity;1;B
user-I051430_session-191A7605B9120D77770122570D089290ACF1EB99189D0FA92C367ECD729684C9_analysis-7.csv;user-I051430;6;482155746;3;true;-0.3173377246783675;0.0;Infinity;1;B
user-I051430_session-191A7605B9120D77770122570D089290ACF1EB99189D0FA92C367ECD729684C9_analysis-7.csv;user-I051430;6;-1842386694;3;true;0.7454459635497366;0.0;Infinity;1;B
user-I051430_session-191A7605B9120D77770122570D089290ACF1EB99189D0FA92C367ECD729684C9_analysis-7.csv;user-I051430;6;1867046083;3;true;1.847487021035312;0.0;Infinity;1;B
user-I051430_session-191A7605B9120D77770122570D089290ACF1EB99189D0FA92C367ECD729684C9_analysis-7.csv;user-I051430;6;-857774622;3;true;0.04561394745954256;0.0;Infinity;1;B
user-I051430_session-191A7605B9120D77770122570D089290ACF1EB99189D0FA92C367ECD729684C9_analysis-7.csv;user-I051430;6;581912042;3;true;-0.8806386659700234;0.0;Infinity;1;B
user-I051430_session-191A7605B9120D77770122570D089290ACF1EB99189D0FA92C367ECD729684C9_analysis-7.csv;user-I051430;6;-1378993210;2;true;-0.8411882755155856;0.0;Infinity;1;B
user-I051430_session-191A7605B9120D77770122570D089290ACF1EB99189D0FA92C367ECD729684C9_analysis-7.csv;user-I051430;7;1938791358;6;true;-0.8221041513707293;0.0;Infinity;1;B
user-I051430_session-191A7605B9120D77770122570D089290ACF1EB99189D0FA92C367ECD729684C9_analysis-7.csv;user-I051430;7;120265338;2;true;-0.08257751723308213;0.0;Infinity;1;B
user-I051430_session-191A7605B9120D77770122570D089290ACF1EB99189D0FA92C367ECD729684C9_analysis-7.csv;user-I051430;7;1940783047;4;true;-0.09125232277455445;0.0;Infinity;1;B
user-I051430_session-191A7605B9120D77770122570D089290ACF1EB99189D0FA92C367ECD729684C9_analysis-7.csv;user-I051430;7;2002975532;2;true;1.3881978320287813;0.0;Infinity;1;B
user-I051430_session-191A7605B9120D77770122570D089290ACF1EB99189D0FA92C367ECD729684C9_analysis-7.csv;user-I051430;7;288336865;3;true;-0.8175783530961762;0.0;Infinity;1;B
user-I051430_session-191A7605B9120D77770122570D089290ACF1EB99189D0FA92C367ECD729684C9_analysis-7.csv;user-I051430;7;2022258518;3;true;1.3578701032486045;0.0;Infinity;1;B
user-I051430_session-191A7605B9120D77770122570D089290ACF1EB99189D0FA92C367ECD729684C9_analysis-7.csv;user-I051430;7;2007775792;2;true;-0.9325555908028437;0.0;Infinity;1;B
user-I051430_session-191A7605B9120D77770122570D089290ACF1EB99189D0FA92C367ECD729684C9_analysis-7.csv;user-I051430;8;1938791358;2;true;-0.8221041513707293;0.0;Infinity;0;B
user-I051430_session-191A7605B9120D77770122570D089290ACF1EB99189D0FA92C367ECD729684C9_analysis-7.csv;user-I051430;8;120265338;2;true;-0.08257751723308213;0.0;Infinity;0;B
user-I051430_session-191A7605B9120D77770122570D089290ACF1EB99189D0FA92C367ECD729684C9_analysis-7.csv;user-I051430;8;1940783047;5;true;-0.09125232277455445;0.0;Infinity;0;B
user-I051430_session-191A7605B9120D77770122570D089290ACF1EB99189D0FA92C367ECD729684C9_analysis-7.csv;user-I051430;8;2002975532;3;true;1.3881978320287813;0.0;Infinity;0;B
user-I051430_session-191A7605B9120D77770122570D089290ACF1EB99189D0FA92C367ECD729684C9_analysis-7.csv;user-I051430;8;288336865;4;true;-0.8175783530961762;0.0;Infinity;0;B
user-I051430_session-191A7605B9120D77770122570D089290ACF1EB99189D0FA92C367ECD729684C9_analysis-7.csv;user-I051430;8;2022258518;4;true;1.3578701032486045;0.0;Infinity;0;B
user-I051430_session-191A7605B9120D77770122570D089290ACF1EB99189D0FA92C367ECD729684C9_analysis-7.csv;user-I051430;8;2007775792;5;true;-0.9325555908028437;0.0;Infinity;0;B
user-I051430_session-191A7605B9120D77770122570D089290ACF1EB99189D0FA92C367ECD729684C9_analysis-7.csv;user-I051430;9;1938791358;8;true;-0.8221041513707293;0.0;Infinity;0;B
user-I051430_session-191A7605B9120D77770122570D089290ACF1EB99189D0FA92C367ECD729684C9_analysis-7.csv;user-I051430;9;120265338;3;true;-0.08257751723308213;0.0;Infinity;0;B
user-I051430_session-191A7605B9120D77770122570D089290ACF1EB99189D0FA92C367ECD729684C9_analysis-7.csv;user-I051430;9;1940783047;3;true;-0.09125232277455445;0.0;Infinity;0;B
user-I051430_session-191A7605B9120D77770122570D089290ACF1EB99189D0FA92C367ECD729684C9_analysis-7.csv;user-I051430;9;2002975532;3;true;1.3881978320287813;0.0;Infinity;0;B
user-I051430_session-191A7605B9120D77770122570D089290ACF1EB99189D0FA92C367ECD729684C9_analysis-7.csv;user-I051430;9;288336865;2;true;-0.8175783530961762;0.0;Infinity;0;B
user-I051430_session-191A7605B9120D77770122570D089290ACF1EB99189D0FA92C367ECD729684C9_analysis-7.csv;user-I051430;9;2022258518;3;true;1.3578701032486045;0.0;Infinity;0;B
user-I051430_session-191A7605B9120D77770122570D089290ACF1EB99189D0FA92C367ECD729684C9_analysis-7.csv;user-I051430;9;2007775792;3;true;-0.9325555908028437;0.0;Infinity;0;B
