session ;user;query position;cell hashcode;cell computation time;novelty;outlierness;relevance;surprise;query label;session label
user-I316785_session-04783A9FA13A5107A707975156C09CDD483F122F3A844AA3AC925CB6EC0BD0B7_analysis-12.csv;user-I316785;1;356972970;7;true;-0.15800894962498047;1.0;Infinity;1;A
user-I316785_session-04783A9FA13A5107A707975156C09CDD483F122F3A844AA3AC925CB6EC0BD0B7_analysis-12.csv;user-I316785;1;1189605193;6;true;-0.13241169473816994;1.0;Infinity;1;A
user-I316785_session-04783A9FA13A5107A707975156C09CDD483F122F3A844AA3AC925CB6EC0BD0B7_analysis-12.csv;user-I316785;1;1785891704;7;true;-0.17966816529843554;1.0;Infinity;1;A
user-I316785_session-04783A9FA13A5107A707975156C09CDD483F122F3A844AA3AC925CB6EC0BD0B7_analysis-12.csv;user-I316785;1;135958548;7;true;-0.1658850280516914;1.0;Infinity;1;A
user-I316785_session-04783A9FA13A5107A707975156C09CDD483F122F3A844AA3AC925CB6EC0BD0B7_analysis-12.csv;user-I316785;1;951224971;9;true;-0.17966816529843554;1.0;Infinity;1;A
user-I316785_session-04783A9FA13A5107A707975156C09CDD483F122F3A844AA3AC925CB6EC0BD0B7_analysis-12.csv;user-I316785;1;-176988878;7;true;-0.14816385159159182;1.0;Infinity;1;A
user-I316785_session-04783A9FA13A5107A707975156C09CDD483F122F3A844AA3AC925CB6EC0BD0B7_analysis-12.csv;user-I316785;1;-234047674;7;true;-0.15603993001830274;1.0;Infinity;1;A
user-I316785_session-04783A9FA13A5107A707975156C09CDD483F122F3A844AA3AC925CB6EC0BD0B7_analysis-12.csv;user-I316785;1;-1616265439;8;true;-0.08121718496454887;1.0;Infinity;1;A
user-I316785_session-04783A9FA13A5107A707975156C09CDD483F122F3A844AA3AC925CB6EC0BD0B7_analysis-12.csv;user-I316785;1;-304176425;7;true;-0.17966816529843554;1.0;Infinity;1;A
user-I316785_session-04783A9FA13A5107A707975156C09CDD483F122F3A844AA3AC925CB6EC0BD0B7_analysis-12.csv;user-I316785;1;1150426319;6;true;-0.065465028111127;1.0;Infinity;1;A
user-I316785_session-04783A9FA13A5107A707975156C09CDD483F122F3A844AA3AC925CB6EC0BD0B7_analysis-12.csv;user-I316785;1;1233571183;5;true;-0.1658850280516914;1.0;Infinity;1;A
user-I316785_session-04783A9FA13A5107A707975156C09CDD483F122F3A844AA3AC925CB6EC0BD0B7_analysis-12.csv;user-I316785;1;-432085707;6;true;-0.14225679277155862;1.0;Infinity;1;A
user-I316785_session-04783A9FA13A5107A707975156C09CDD483F122F3A844AA3AC925CB6EC0BD0B7_analysis-12.csv;user-I316785;1;1455667672;9;true;-0.17966816529843554;1.0;Infinity;1;A
user-I316785_session-04783A9FA13A5107A707975156C09CDD483F122F3A844AA3AC925CB6EC0BD0B7_analysis-12.csv;user-I316785;1;917387530;6;true;-0.16982306726504687;1.0;Infinity;1;A
user-I316785_session-04783A9FA13A5107A707975156C09CDD483F122F3A844AA3AC925CB6EC0BD0B7_analysis-12.csv;user-I316785;1;-348582548;4;true;-0.1717920868717246;1.0;Infinity;1;A
user-I316785_session-04783A9FA13A5107A707975156C09CDD483F122F3A844AA3AC925CB6EC0BD0B7_analysis-12.csv;user-I316785;1;-1132987509;4;true;-0.11665953788474807;1.0;Infinity;1;A
user-I316785_session-04783A9FA13A5107A707975156C09CDD483F122F3A844AA3AC925CB6EC0BD0B7_analysis-12.csv;user-I316785;1;-454339648;6;true;-0.16785404765836914;1.0;Infinity;1;A
user-I316785_session-04783A9FA13A5107A707975156C09CDD483F122F3A844AA3AC925CB6EC0BD0B7_analysis-12.csv;user-I316785;1;-1099126324;9;true;-0.1658850280516914;1.0;Infinity;1;A
user-I316785_session-04783A9FA13A5107A707975156C09CDD483F122F3A844AA3AC925CB6EC0BD0B7_analysis-12.csv;user-I316785;1;1636900122;5;true;-0.17966816529843554;1.0;Infinity;1;A
user-I316785_session-04783A9FA13A5107A707975156C09CDD483F122F3A844AA3AC925CB6EC0BD0B7_analysis-12.csv;user-I316785;1;-1517552049;5;true;-0.14422581237823634;1.0;Infinity;1;A
user-I316785_session-04783A9FA13A5107A707975156C09CDD483F122F3A844AA3AC925CB6EC0BD0B7_analysis-12.csv;user-I316785;1;1792614847;5;true;-0.14225679277155862;1.0;Infinity;1;A
user-I316785_session-04783A9FA13A5107A707975156C09CDD483F122F3A844AA3AC925CB6EC0BD0B7_analysis-12.csv;user-I316785;1;1071458097;5;true;-0.1717920868717246;1.0;Infinity;1;A
user-I316785_session-04783A9FA13A5107A707975156C09CDD483F122F3A844AA3AC925CB6EC0BD0B7_analysis-12.csv;user-I316785;1;1328964308;5;true;-0.07334110653783794;1.0;Infinity;1;A
user-I316785_session-04783A9FA13A5107A707975156C09CDD483F122F3A844AA3AC925CB6EC0BD0B7_analysis-12.csv;user-I316785;1;1795929677;4;true;-0.17966816529843554;1.0;Infinity;1;A
user-I316785_session-04783A9FA13A5107A707975156C09CDD483F122F3A844AA3AC925CB6EC0BD0B7_analysis-12.csv;user-I316785;1;702147978;5;true;-0.17376110647840234;1.0;Infinity;1;A
user-I316785_session-04783A9FA13A5107A707975156C09CDD483F122F3A844AA3AC925CB6EC0BD0B7_analysis-12.csv;user-I316785;1;370713969;5;true;-0.1776991456917578;1.0;Infinity;1;A
user-I316785_session-04783A9FA13A5107A707975156C09CDD483F122F3A844AA3AC925CB6EC0BD0B7_analysis-12.csv;user-I316785;1;2092723473;5;true;-0.16391600844501367;1.0;Infinity;1;A
user-I316785_session-04783A9FA13A5107A707975156C09CDD483F122F3A844AA3AC925CB6EC0BD0B7_analysis-12.csv;user-I316785;1;-275805341;5;true;-0.17966816529843554;1.0;Infinity;1;A
user-I316785_session-04783A9FA13A5107A707975156C09CDD483F122F3A844AA3AC925CB6EC0BD0B7_analysis-12.csv;user-I316785;1;-56743050;4;true;-0.15997796923165822;1.0;Infinity;1;A
user-I316785_session-04783A9FA13A5107A707975156C09CDD483F122F3A844AA3AC925CB6EC0BD0B7_analysis-12.csv;user-I316785;1;-208066611;6;true;-0.17966816529843554;1.0;Infinity;1;A
user-I316785_session-04783A9FA13A5107A707975156C09CDD483F122F3A844AA3AC925CB6EC0BD0B7_analysis-12.csv;user-I316785;1;-1273149693;5;true;-0.16982306726504687;1.0;Infinity;1;A
user-I316785_session-04783A9FA13A5107A707975156C09CDD483F122F3A844AA3AC925CB6EC0BD0B7_analysis-12.csv;user-I316785;1;1794203876;6;true;-0.17966816529843554;1.0;Infinity;1;A
user-I316785_session-04783A9FA13A5107A707975156C09CDD483F122F3A844AA3AC925CB6EC0BD0B7_analysis-12.csv;user-I316785;1;-496411573;7;true;-0.15800894962498047;1.0;Infinity;1;A
user-I316785_session-04783A9FA13A5107A707975156C09CDD483F122F3A844AA3AC925CB6EC0BD0B7_analysis-12.csv;user-I316785;1;93260843;6;true;-0.04183679283099421;1.0;Infinity;1;A
user-I316785_session-04783A9FA13A5107A707975156C09CDD483F122F3A844AA3AC925CB6EC0BD0B7_analysis-12.csv;user-I316785;1;-378566615;5;true;-0.11075247906471487;1.0;Infinity;1;A
user-I316785_session-04783A9FA13A5107A707975156C09CDD483F122F3A844AA3AC925CB6EC0BD0B7_analysis-12.csv;user-I316785;1;96403932;5;true;-0.17966816529843554;1.0;Infinity;1;A
user-I316785_session-04783A9FA13A5107A707975156C09CDD483F122F3A844AA3AC925CB6EC0BD0B7_analysis-12.csv;user-I316785;1;469210205;5;true;-0.16785404765836914;1.0;Infinity;1;A
user-I316785_session-04783A9FA13A5107A707975156C09CDD483F122F3A844AA3AC925CB6EC0BD0B7_analysis-12.csv;user-I316785;1;-539796898;5;true;-0.17966816529843554;1.0;Infinity;1;A
user-I316785_session-04783A9FA13A5107A707975156C09CDD483F122F3A844AA3AC925CB6EC0BD0B7_analysis-12.csv;user-I316785;1;1792790827;7;true;-0.030022675190927807;1.0;Infinity;1;A
user-I316785_session-04783A9FA13A5107A707975156C09CDD483F122F3A844AA3AC925CB6EC0BD0B7_analysis-12.csv;user-I316785;1;29931766;6;true;0.1294679129499686;1.0;Infinity;1;A
user-I316785_session-04783A9FA13A5107A707975156C09CDD483F122F3A844AA3AC925CB6EC0BD0B7_analysis-12.csv;user-I316785;1;-2073531476;5;true;-0.13634973395152541;1.0;Infinity;1;A
user-I316785_session-04783A9FA13A5107A707975156C09CDD483F122F3A844AA3AC925CB6EC0BD0B7_analysis-12.csv;user-I316785;1;331683032;6;true;-0.17573012608508007;1.0;Infinity;1;A
user-I316785_session-04783A9FA13A5107A707975156C09CDD483F122F3A844AA3AC925CB6EC0BD0B7_analysis-12.csv;user-I316785;1;-189858624;5;true;-0.12059757709810354;1.0;Infinity;1;A
user-I316785_session-04783A9FA13A5107A707975156C09CDD483F122F3A844AA3AC925CB6EC0BD0B7_analysis-12.csv;user-I316785;1;143339404;4;true;-0.1776991456917578;1.0;Infinity;1;A
user-I316785_session-04783A9FA13A5107A707975156C09CDD483F122F3A844AA3AC925CB6EC0BD0B7_analysis-12.csv;user-I316785;1;-696902795;5;true;-0.10287640063800393;1.0;Infinity;1;A
user-I316785_session-04783A9FA13A5107A707975156C09CDD483F122F3A844AA3AC925CB6EC0BD0B7_analysis-12.csv;user-I316785;1;-1744534113;4;true;-0.11862855749142581;1.0;Infinity;1;A
user-I316785_session-04783A9FA13A5107A707975156C09CDD483F122F3A844AA3AC925CB6EC0BD0B7_analysis-12.csv;user-I316785;1;-1761435394;5;true;-0.15603993001830274;1.0;Infinity;1;A
user-I316785_session-04783A9FA13A5107A707975156C09CDD483F122F3A844AA3AC925CB6EC0BD0B7_analysis-12.csv;user-I316785;1;644037858;4;true;-0.14422581237823634;1.0;Infinity;1;A
user-I316785_session-04783A9FA13A5107A707975156C09CDD483F122F3A844AA3AC925CB6EC0BD0B7_analysis-12.csv;user-I316785;1;-1647874612;5;true;-0.1776991456917578;1.0;Infinity;1;A
user-I316785_session-04783A9FA13A5107A707975156C09CDD483F122F3A844AA3AC925CB6EC0BD0B7_analysis-12.csv;user-I316785;1;-314265945;4;true;-0.12650463591813674;1.0;Infinity;1;A
user-I316785_session-04783A9FA13A5107A707975156C09CDD483F122F3A844AA3AC925CB6EC0BD0B7_analysis-12.csv;user-I316785;1;-587024141;4;true;-0.10681443985135941;1.0;Infinity;1;A
user-I316785_session-04783A9FA13A5107A707975156C09CDD483F122F3A844AA3AC925CB6EC0BD0B7_analysis-12.csv;user-I316785;1;364745224;6;true;-0.09696934181797073;1.0;Infinity;1;A
user-I316785_session-04783A9FA13A5107A707975156C09CDD483F122F3A844AA3AC925CB6EC0BD0B7_analysis-12.csv;user-I316785;1;1801906769;5;true;-0.05168189086438287;1.0;Infinity;1;A
user-I316785_session-04783A9FA13A5107A707975156C09CDD483F122F3A844AA3AC925CB6EC0BD0B7_analysis-12.csv;user-I316785;1;-1779139834;5;true;-0.14816385159159182;1.0;Infinity;1;A
user-I316785_session-04783A9FA13A5107A707975156C09CDD483F122F3A844AA3AC925CB6EC0BD0B7_analysis-12.csv;user-I316785;1;-1555564579;5;true;-0.13634973395152541;1.0;Infinity;1;A
user-I316785_session-04783A9FA13A5107A707975156C09CDD483F122F3A844AA3AC925CB6EC0BD0B7_analysis-12.csv;user-I316785;1;-607485230;5;true;-0.17573012608508007;1.0;Infinity;1;A
user-I316785_session-04783A9FA13A5107A707975156C09CDD483F122F3A844AA3AC925CB6EC0BD0B7_analysis-12.csv;user-I316785;1;1853023235;4;true;-0.1717920868717246;1.0;Infinity;1;A
user-I316785_session-04783A9FA13A5107A707975156C09CDD483F122F3A844AA3AC925CB6EC0BD0B7_analysis-12.csv;user-I316785;1;-1860572699;4;true;-0.13438071434484766;1.0;Infinity;1;A
user-I316785_session-04783A9FA13A5107A707975156C09CDD483F122F3A844AA3AC925CB6EC0BD0B7_analysis-12.csv;user-I316785;1;1558302244;5;true;0.0014816385159159265;1.0;Infinity;1;A
user-I316785_session-04783A9FA13A5107A707975156C09CDD483F122F3A844AA3AC925CB6EC0BD0B7_analysis-12.csv;user-I316785;1;1786899877;5;true;-0.15210189080494727;1.0;Infinity;1;A
user-I316785_session-04783A9FA13A5107A707975156C09CDD483F122F3A844AA3AC925CB6EC0BD0B7_analysis-12.csv;user-I316785;1;-1917899386;6;true;-0.14619483198491406;1.0;Infinity;1;A
user-I316785_session-04783A9FA13A5107A707975156C09CDD483F122F3A844AA3AC925CB6EC0BD0B7_analysis-12.csv;user-I316785;1;-575330252;7;true;-0.012301498730828206;1.0;Infinity;1;A
user-I316785_session-04783A9FA13A5107A707975156C09CDD483F122F3A844AA3AC925CB6EC0BD0B7_analysis-12.csv;user-I316785;1;1157494180;7;true;0.05070712868285926;1.0;Infinity;1;A
user-I316785_session-04783A9FA13A5107A707975156C09CDD483F122F3A844AA3AC925CB6EC0BD0B7_analysis-12.csv;user-I316785;1;720989054;6;true;-0.17966816529843554;1.0;Infinity;1;A
user-I316785_session-04783A9FA13A5107A707975156C09CDD483F122F3A844AA3AC925CB6EC0BD0B7_analysis-12.csv;user-I316785;1;-1529899355;7;true;-0.1658850280516914;1.0;Infinity;1;A
user-I316785_session-04783A9FA13A5107A707975156C09CDD483F122F3A844AA3AC925CB6EC0BD0B7_analysis-12.csv;user-I316785;1;-562037866;4;true;2.011850656933882;1.0;Infinity;1;A
user-I316785_session-04783A9FA13A5107A707975156C09CDD483F122F3A844AA3AC925CB6EC0BD0B7_analysis-12.csv;user-I316785;1;1724282707;5;true;-0.17966816529843554;1.0;Infinity;1;A
user-I316785_session-04783A9FA13A5107A707975156C09CDD483F122F3A844AA3AC925CB6EC0BD0B7_analysis-12.csv;user-I316785;1;1724011018;6;true;-0.17966816529843554;1.0;Infinity;1;A
user-I316785_session-04783A9FA13A5107A707975156C09CDD483F122F3A844AA3AC925CB6EC0BD0B7_analysis-12.csv;user-I316785;1;-460825373;5;true;0.02117183458269326;1.0;Infinity;1;A
user-I316785_session-04783A9FA13A5107A707975156C09CDD483F122F3A844AA3AC925CB6EC0BD0B7_analysis-12.csv;user-I316785;1;-1913294571;5;true;-0.15997796923165822;1.0;Infinity;1;A
user-I316785_session-04783A9FA13A5107A707975156C09CDD483F122F3A844AA3AC925CB6EC0BD0B7_analysis-12.csv;user-I316785;1;1788732643;5;true;-0.15997796923165822;1.0;Infinity;1;A
user-I316785_session-04783A9FA13A5107A707975156C09CDD483F122F3A844AA3AC925CB6EC0BD0B7_analysis-12.csv;user-I316785;1;1723932921;6;true;-0.13438071434484766;1.0;Infinity;1;A
user-I316785_session-04783A9FA13A5107A707975156C09CDD483F122F3A844AA3AC925CB6EC0BD0B7_analysis-12.csv;user-I316785;1;1791309197;4;true;-0.13438071434484766;1.0;Infinity;1;A
user-I316785_session-04783A9FA13A5107A707975156C09CDD483F122F3A844AA3AC925CB6EC0BD0B7_analysis-12.csv;user-I316785;1;-83919180;6;true;-0.14816385159159182;1.0;Infinity;1;A
user-I316785_session-04783A9FA13A5107A707975156C09CDD483F122F3A844AA3AC925CB6EC0BD0B7_analysis-12.csv;user-I316785;1;1799630877;6;true;-0.16785404765836914;1.0;Infinity;1;A
user-I316785_session-04783A9FA13A5107A707975156C09CDD483F122F3A844AA3AC925CB6EC0BD0B7_analysis-12.csv;user-I316785;1;1480393189;6;true;-0.11665953788474807;1.0;Infinity;1;A
user-I316785_session-04783A9FA13A5107A707975156C09CDD483F122F3A844AA3AC925CB6EC0BD0B7_analysis-12.csv;user-I316785;1;-1069785178;5;true;-0.16785404765836914;1.0;Infinity;1;A
user-I316785_session-04783A9FA13A5107A707975156C09CDD483F122F3A844AA3AC925CB6EC0BD0B7_analysis-12.csv;user-I316785;1;-310695865;5;true;9.582731044609766;1.0;Infinity;1;A
user-I316785_session-04783A9FA13A5107A707975156C09CDD483F122F3A844AA3AC925CB6EC0BD0B7_analysis-12.csv;user-I316785;1;-1337239986;6;true;-0.1776991456917578;1.0;Infinity;1;A
user-I316785_session-04783A9FA13A5107A707975156C09CDD483F122F3A844AA3AC925CB6EC0BD0B7_analysis-12.csv;user-I316785;1;-742655214;5;true;-0.1776991456917578;1.0;Infinity;1;A
user-I316785_session-04783A9FA13A5107A707975156C09CDD483F122F3A844AA3AC925CB6EC0BD0B7_analysis-12.csv;user-I316785;1;1724305344;5;true;-0.14225679277155862;1.0;Infinity;1;A
user-I316785_session-04783A9FA13A5107A707975156C09CDD483F122F3A844AA3AC925CB6EC0BD0B7_analysis-12.csv;user-I316785;1;-987340442;5;true;-0.17966816529843554;1.0;Infinity;1;A
user-I316785_session-04783A9FA13A5107A707975156C09CDD483F122F3A844AA3AC925CB6EC0BD0B7_analysis-12.csv;user-I316785;1;1036969753;4;true;-0.16391600844501367;1.0;Infinity;1;A
user-I316785_session-04783A9FA13A5107A707975156C09CDD483F122F3A844AA3AC925CB6EC0BD0B7_analysis-12.csv;user-I316785;1;1786899935;5;true;-0.10287640063800393;1.0;Infinity;1;A
user-I316785_session-04783A9FA13A5107A707975156C09CDD483F122F3A844AA3AC925CB6EC0BD0B7_analysis-12.csv;user-I316785;1;1247420230;4;true;-0.17966816529843554;1.0;Infinity;1;A
user-I316785_session-04783A9FA13A5107A707975156C09CDD483F122F3A844AA3AC925CB6EC0BD0B7_analysis-12.csv;user-I316785;1;1793162382;4;true;0.1294679129499686;1.0;Infinity;1;A
user-I316785_session-04783A9FA13A5107A707975156C09CDD483F122F3A844AA3AC925CB6EC0BD0B7_analysis-12.csv;user-I316785;1;1790586331;4;true;-0.16391600844501367;1.0;Infinity;1;A
user-I316785_session-04783A9FA13A5107A707975156C09CDD483F122F3A844AA3AC925CB6EC0BD0B7_analysis-12.csv;user-I316785;1;-984724421;4;true;0.08024242278302526;1.0;Infinity;1;A
user-I316785_session-04783A9FA13A5107A707975156C09CDD483F122F3A844AA3AC925CB6EC0BD0B7_analysis-12.csv;user-I316785;1;1339638131;4;true;-0.13831875355820314;1.0;Infinity;1;A
user-I316785_session-04783A9FA13A5107A707975156C09CDD483F122F3A844AA3AC925CB6EC0BD0B7_analysis-12.csv;user-I316785;1;1350925649;6;true;-0.17966816529843554;1.0;Infinity;1;A
user-I316785_session-04783A9FA13A5107A707975156C09CDD483F122F3A844AA3AC925CB6EC0BD0B7_analysis-12.csv;user-I316785;1;-1958928100;6;true;-0.17966816529843554;1.0;Infinity;1;A
user-I316785_session-04783A9FA13A5107A707975156C09CDD483F122F3A844AA3AC925CB6EC0BD0B7_analysis-12.csv;user-I316785;1;-846624308;5;true;-0.16391600844501367;1.0;Infinity;1;A
user-I316785_session-04783A9FA13A5107A707975156C09CDD483F122F3A844AA3AC925CB6EC0BD0B7_analysis-12.csv;user-I316785;1;-271746691;4;true;1.3935785004370735;1.0;Infinity;1;A
user-I316785_session-04783A9FA13A5107A707975156C09CDD483F122F3A844AA3AC925CB6EC0BD0B7_analysis-12.csv;user-I316785;1;1477573481;7;true;-0.15800894962498047;1.0;Infinity;1;A
user-I316785_session-04783A9FA13A5107A707975156C09CDD483F122F3A844AA3AC925CB6EC0BD0B7_analysis-12.csv;user-I316785;1;129297139;5;true;-0.17966816529843554;1.0;Infinity;1;A
user-I316785_session-04783A9FA13A5107A707975156C09CDD483F122F3A844AA3AC925CB6EC0BD0B7_analysis-12.csv;user-I316785;1;760689142;5;true;0.10190163845648033;1.0;Infinity;1;A
user-I316785_session-04783A9FA13A5107A707975156C09CDD483F122F3A844AA3AC925CB6EC0BD0B7_analysis-12.csv;user-I316785;1;792922904;43;true;-0.10681443985135941;1.0;Infinity;1;A
user-I316785_session-04783A9FA13A5107A707975156C09CDD483F122F3A844AA3AC925CB6EC0BD0B7_analysis-12.csv;user-I316785;1;437008351;5;true;-0.17966816529843554;1.0;Infinity;1;A
user-I316785_session-04783A9FA13A5107A707975156C09CDD483F122F3A844AA3AC925CB6EC0BD0B7_analysis-12.csv;user-I316785;1;-1335359544;5;true;-0.17966816529843554;1.0;Infinity;1;A
user-I316785_session-04783A9FA13A5107A707975156C09CDD483F122F3A844AA3AC925CB6EC0BD0B7_analysis-12.csv;user-I316785;1;112504114;4;true;-0.11665953788474807;1.0;Infinity;1;A
user-I316785_session-04783A9FA13A5107A707975156C09CDD483F122F3A844AA3AC925CB6EC0BD0B7_analysis-12.csv;user-I316785;1;-113963773;5;true;-0.10090738103132621;1.0;Infinity;1;A
user-I316785_session-04783A9FA13A5107A707975156C09CDD483F122F3A844AA3AC925CB6EC0BD0B7_analysis-12.csv;user-I316785;2;667024452;5;true;-0.14489820780052287;1.0;Infinity;1;A
user-I316785_session-04783A9FA13A5107A707975156C09CDD483F122F3A844AA3AC925CB6EC0BD0B7_analysis-12.csv;user-I316785;2;-1233839198;4;true;-0.15818803119615074;1.0;Infinity;1;A
user-I316785_session-04783A9FA13A5107A707975156C09CDD483F122F3A844AA3AC925CB6EC0BD0B7_analysis-12.csv;user-I316785;2;-326952521;5;true;0.14167716230927796;1.0;Infinity;1;A
user-I316785_session-04783A9FA13A5107A707975156C09CDD483F122F3A844AA3AC925CB6EC0BD0B7_analysis-12.csv;user-I316785;2;1839732327;4;true;-0.1878296840468973;1.0;Infinity;1;A
user-I316785_session-04783A9FA13A5107A707975156C09CDD483F122F3A844AA3AC925CB6EC0BD0B7_analysis-12.csv;user-I316785;2;-1695205677;5;true;-0.03612542636430519;1.0;Infinity;1;A
user-I316785_session-04783A9FA13A5107A707975156C09CDD483F122F3A844AA3AC925CB6EC0BD0B7_analysis-12.csv;user-I316785;2;-1681913291;5;true;1.2539529430018792;1.0;Infinity;1;A
user-I316785_session-04783A9FA13A5107A707975156C09CDD483F122F3A844AA3AC925CB6EC0BD0B7_analysis-12.csv;user-I316785;2;733147810;5;true;-0.1781766920169166;1.0;Infinity;1;A
user-I316785_session-04783A9FA13A5107A707975156C09CDD483F122F3A844AA3AC925CB6EC0BD0B7_analysis-12.csv;user-I316785;2;-1353923099;7;true;-0.1829356374532643;1.0;Infinity;1;A
user-I316785_session-04783A9FA13A5107A707975156C09CDD483F122F3A844AA3AC925CB6EC0BD0B7_analysis-12.csv;user-I316785;2;671433772;10;true;-0.14832449935842615;1.0;Infinity;1;A
user-I316785_session-04783A9FA13A5107A707975156C09CDD483F122F3A844AA3AC925CB6EC0BD0B7_analysis-12.csv;user-I316785;2;673286957;6;true;0.7216348782476408;1.0;Infinity;1;A
user-I316785_session-04783A9FA13A5107A707975156C09CDD483F122F3A844AA3AC925CB6EC0BD0B7_analysis-12.csv;user-I316785;2;-2107215867;33;true;-0.18781175661095179;1.0;Infinity;1;A
user-I316785_session-04783A9FA13A5107A707975156C09CDD483F122F3A844AA3AC925CB6EC0BD0B7_analysis-12.csv;user-I316785;2;672739422;5;true;-0.17278383244553613;1.0;Infinity;1;A
user-I316785_session-04783A9FA13A5107A707975156C09CDD483F122F3A844AA3AC925CB6EC0BD0B7_analysis-12.csv;user-I316785;2;357698056;6;true;-0.13186840393584848;1.0;Infinity;1;A
user-I316785_session-04783A9FA13A5107A707975156C09CDD483F122F3A844AA3AC925CB6EC0BD0B7_analysis-12.csv;user-I316785;2;604407282;14;true;-0.1878296840468973;1.0;Infinity;1;A
user-I316785_session-04783A9FA13A5107A707975156C09CDD483F122F3A844AA3AC925CB6EC0BD0B7_analysis-12.csv;user-I316785;2;674328451;10;true;-0.1878296840468973;1.0;Infinity;1;A
user-I316785_session-04783A9FA13A5107A707975156C09CDD483F122F3A844AA3AC925CB6EC0BD0B7_analysis-12.csv;user-I316785;2;-1616286998;7;true;-0.17526226461012914;1.0;Infinity;1;A
user-I316785_session-04783A9FA13A5107A707975156C09CDD483F122F3A844AA3AC925CB6EC0BD0B7_analysis-12.csv;user-I316785;2;1657539822;7;true;-0.17284091340158658;1.0;Infinity;1;A
user-I316785_session-04783A9FA13A5107A707975156C09CDD483F122F3A844AA3AC925CB6EC0BD0B7_analysis-12.csv;user-I316785;2;-1468457973;4;true;-0.1747752120303619;1.0;Infinity;1;A
user-I316785_session-04783A9FA13A5107A707975156C09CDD483F122F3A844AA3AC925CB6EC0BD0B7_analysis-12.csv;user-I316785;2;-1580700798;5;true;0.24149024151839918;1.0;Infinity;1;A
user-I316785_session-04783A9FA13A5107A707975156C09CDD483F122F3A844AA3AC925CB6EC0BD0B7_analysis-12.csv;user-I316785;2;1257192485;7;true;-0.18490995011906994;1.0;Infinity;1;A
user-I316785_session-04783A9FA13A5107A707975156C09CDD483F122F3A844AA3AC925CB6EC0BD0B7_analysis-12.csv;user-I316785;2;667024510;7;true;-0.07815006119081261;1.0;Infinity;1;A
user-I316785_session-04783A9FA13A5107A707975156C09CDD483F122F3A844AA3AC925CB6EC0BD0B7_analysis-12.csv;user-I316785;2;-1007371311;4;true;-0.1628805734097563;1.0;Infinity;1;A
user-I316785_session-04783A9FA13A5107A707975156C09CDD483F122F3A844AA3AC925CB6EC0BD0B7_analysis-12.csv;user-I316785;2;670710906;5;true;-0.18727479404951228;1.0;Infinity;1;A
user-I316785_session-04783A9FA13A5107A707975156C09CDD483F122F3A844AA3AC925CB6EC0BD0B7_analysis-12.csv;user-I316785;2;219762706;4;true;-0.15985198409086793;1.0;Infinity;1;A
user-I316785_session-04783A9FA13A5107A707975156C09CDD483F122F3A844AA3AC925CB6EC0BD0B7_analysis-12.csv;user-I316785;2;-2104599846;6;true;0.38554579450971704;1.0;Infinity;1;A
user-I316785_session-04783A9FA13A5107A707975156C09CDD483F122F3A844AA3AC925CB6EC0BD0B7_analysis-12.csv;user-I316785;2;1261797300;4;true;-0.16458124169328991;1.0;Infinity;1;A
user-I316785_session-04783A9FA13A5107A707975156C09CDD483F122F3A844AA3AC925CB6EC0BD0B7_analysis-12.csv;user-I316785;2;-1395680766;6;true;-0.18782911036894703;1.0;Infinity;1;A
user-I316785_session-04783A9FA13A5107A707975156C09CDD483F122F3A844AA3AC925CB6EC0BD0B7_analysis-12.csv;user-I316785;2;-682867074;5;true;-0.1878296840468973;1.0;Infinity;1;A
user-I316785_session-04783A9FA13A5107A707975156C09CDD483F122F3A844AA3AC925CB6EC0BD0B7_analysis-12.csv;user-I316785;2;-990578286;7;true;-0.1878288235299719;1.0;Infinity;1;A
user-I316785_session-04783A9FA13A5107A707975156C09CDD483F122F3A844AA3AC925CB6EC0BD0B7_analysis-12.csv;user-I316785;2;1314519172;7;true;-0.06257441800239016;1.0;Infinity;1;A
user-I316785_session-04783A9FA13A5107A707975156C09CDD483F122F3A844AA3AC925CB6EC0BD0B7_analysis-12.csv;user-I316785;2;1101560395;5;true;-0.13992470681077945;1.0;Infinity;1;A
user-I316785_session-04783A9FA13A5107A707975156C09CDD483F122F3A844AA3AC925CB6EC0BD0B7_analysis-12.csv;user-I316785;2;2075965547;5;true;-0.18607480319706451;1.0;Infinity;1;A
user-I316785_session-04783A9FA13A5107A707975156C09CDD483F122F3A844AA3AC925CB6EC0BD0B7_analysis-12.csv;user-I316785;2;69729768;4;true;-0.11331207353738398;1.0;Infinity;1;A
user-I316785_session-04783A9FA13A5107A707975156C09CDD483F122F3A844AA3AC925CB6EC0BD0B7_analysis-12.csv;user-I316785;2;30550894;4;true;-0.057454198876868805;1.0;Infinity;1;A
user-I316785_session-04783A9FA13A5107A707975156C09CDD483F122F3A844AA3AC925CB6EC0BD0B7_analysis-12.csv;user-I316785;2;679755452;4;true;-0.18760896145553632;1.0;Infinity;1;A
user-I316785_session-04783A9FA13A5107A707975156C09CDD483F122F3A844AA3AC925CB6EC0BD0B7_analysis-12.csv;user-I316785;2;972848048;5;true;-0.17604045874965124;1.0;Infinity;1;A
user-I316785_session-04783A9FA13A5107A707975156C09CDD483F122F3A844AA3AC925CB6EC0BD0B7_analysis-12.csv;user-I316785;2;-168650454;5;true;-0.18503400797581276;1.0;Infinity;1;A
user-I316785_session-04783A9FA13A5107A707975156C09CDD483F122F3A844AA3AC925CB6EC0BD0B7_analysis-12.csv;user-I316785;2;1395952037;6;true;-0.16514201188966504;1.0;Infinity;1;A
user-I316785_session-04783A9FA13A5107A707975156C09CDD483F122F3A844AA3AC925CB6EC0BD0B7_analysis-12.csv;user-I316785;2;-1089943659;6;true;1.061456454149417;1.0;Infinity;1;A
user-I316785_session-04783A9FA13A5107A707975156C09CDD483F122F3A844AA3AC925CB6EC0BD0B7_analysis-12.csv;user-I316785;2;1837851885;5;true;-0.18677870604202848;1.0;Infinity;1;A
user-I316785_session-04783A9FA13A5107A707975156C09CDD483F122F3A844AA3AC925CB6EC0BD0B7_analysis-12.csv;user-I316785;2;-1434141370;5;true;-0.17733783143415494;1.0;Infinity;1;A
user-I316785_session-04783A9FA13A5107A707975156C09CDD483F122F3A844AA3AC925CB6EC0BD0B7_analysis-12.csv;user-I316785;2;-1309734049;4;true;-0.1287255092853716;1.0;Infinity;1;A
user-I316785_session-04783A9FA13A5107A707975156C09CDD483F122F3A844AA3AC925CB6EC0BD0B7_analysis-12.csv;user-I316785;2;1619527292;5;true;-0.16318820821058105;1.0;Infinity;1;A
user-I316785_session-04783A9FA13A5107A707975156C09CDD483F122F3A844AA3AC925CB6EC0BD0B7_analysis-12.csv;user-I316785;2;113695758;5;true;-0.1878296840468973;1.0;Infinity;1;A
user-I316785_session-04783A9FA13A5107A707975156C09CDD483F122F3A844AA3AC925CB6EC0BD0B7_analysis-12.csv;user-I316785;2;-1706899566;4;true;-0.16009249857151273;1.0;Infinity;1;A
user-I316785_session-04783A9FA13A5107A707975156C09CDD483F122F3A844AA3AC925CB6EC0BD0B7_analysis-12.csv;user-I316785;2;-1203794605;5;true;-0.16134182572768246;1.0;Infinity;1;A
user-I316785_session-04783A9FA13A5107A707975156C09CDD483F122F3A844AA3AC925CB6EC0BD0B7_analysis-12.csv;user-I316785;2;-1551961132;4;true;-0.16874786464599842;1.0;Infinity;1;A
user-I316785_session-04783A9FA13A5107A707975156C09CDD483F122F3A844AA3AC925CB6EC0BD0B7_analysis-12.csv;user-I316785;2;-755130201;6;true;-0.08007847962059778;1.0;Infinity;1;A
user-I316785_session-04783A9FA13A5107A707975156C09CDD483F122F3A844AA3AC925CB6EC0BD0B7_analysis-12.csv;user-I316785;2;438426819;7;true;0.007243049060676648;1.0;Infinity;1;A
user-I316785_session-04783A9FA13A5107A707975156C09CDD483F122F3A844AA3AC925CB6EC0BD0B7_analysis-12.csv;user-I316785;2;1216163771;6;true;-0.1864462596698552;1.0;Infinity;1;A
user-I316785_session-04783A9FA13A5107A707975156C09CDD483F122F3A844AA3AC925CB6EC0BD0B7_analysis-12.csv;user-I316785;2;-1659672323;5;true;-0.1878296840468973;1.0;Infinity;1;A
user-I316785_session-04783A9FA13A5107A707975156C09CDD483F122F3A844AA3AC925CB6EC0BD0B7_analysis-12.csv;user-I316785;2;676054252;5;true;-0.1878296840468973;1.0;Infinity;1;A
user-I316785_session-04783A9FA13A5107A707975156C09CDD483F122F3A844AA3AC925CB6EC0BD0B7_analysis-12.csv;user-I316785;2;-749161456;4;true;-0.18301394449347425;1.0;Infinity;1;A
user-I316785_session-04783A9FA13A5107A707975156C09CDD483F122F3A844AA3AC925CB6EC0BD0B7_analysis-12.csv;user-I316785;2;2042104362;4;true;-0.1362745374327888;1.0;Infinity;1;A
user-I316785_session-04783A9FA13A5107A707975156C09CDD483F122F3A844AA3AC925CB6EC0BD0B7_analysis-12.csv;user-I316785;2;672915402;5;true;-0.0015636245731890338;1.0;Infinity;1;A
user-I316785_session-04783A9FA13A5107A707975156C09CDD483F122F3A844AA3AC925CB6EC0BD0B7_analysis-12.csv;user-I316785;2;-475837567;4;true;-0.14349097578854517;1.0;Infinity;1;A
user-I316785_session-04783A9FA13A5107A707975156C09CDD483F122F3A844AA3AC925CB6EC0BD0B7_analysis-12.csv;user-I316785;2;335792247;4;true;-0.18781032241607615;1.0;Infinity;1;A
user-I316785_session-04783A9FA13A5107A707975156C09CDD483F122F3A844AA3AC925CB6EC0BD0B7_analysis-12.csv;user-I316785;2;604429919;5;true;-0.11327119898342826;1.0;Infinity;1;A
user-I316785_session-04783A9FA13A5107A707975156C09CDD483F122F3A844AA3AC925CB6EC0BD0B7_analysis-12.csv;user-I316785;2;-1391622116;5;true;1.1178812660442725;1.0;Infinity;1;A
user-I316785_session-04783A9FA13A5107A707975156C09CDD483F122F3A844AA3AC925CB6EC0BD0B7_analysis-12.csv;user-I316785;2;-398886371;7;true;-0.1878296840468973;1.0;Infinity;1;A
user-I316785_session-04783A9FA13A5107A707975156C09CDD483F122F3A844AA3AC925CB6EC0BD0B7_analysis-12.csv;user-I316785;2;-1862530639;6;true;-0.1878296840468973;1.0;Infinity;1;A
user-I316785_session-04783A9FA13A5107A707975156C09CDD483F122F3A844AA3AC925CB6EC0BD0B7_analysis-12.csv;user-I316785;2;-762902455;5;true;-0.18226056192530068;1.0;Infinity;1;A
user-I316785_session-04783A9FA13A5107A707975156C09CDD483F122F3A844AA3AC925CB6EC0BD0B7_analysis-12.csv;user-I316785;2;-1424051850;5;true;-0.18743943962123572;1.0;Infinity;1;A
user-I316785_session-04783A9FA13A5107A707975156C09CDD483F122F3A844AA3AC925CB6EC0BD0B7_analysis-12.csv;user-I316785;2;1901942178;6;true;-0.18198591360661567;1.0;Infinity;1;A
user-I316785_session-04783A9FA13A5107A707975156C09CDD483F122F3A844AA3AC925CB6EC0BD0B7_analysis-12.csv;user-I316785;2;-1327942036;5;true;-0.1878296840468973;1.0;Infinity;1;A
user-I316785_session-04783A9FA13A5107A707975156C09CDD483F122F3A844AA3AC925CB6EC0BD0B7_analysis-12.csv;user-I316785;2;1645192516;5;true;-0.17593002574422698;1.0;Infinity;1;A
user-I316785_session-04783A9FA13A5107A707975156C09CDD483F122F3A844AA3AC925CB6EC0BD0B7_analysis-12.csv;user-I316785;2;1527217259;8;true;-0.1878296840468973;1.0;Infinity;1;A
user-I316785_session-04783A9FA13A5107A707975156C09CDD483F122F3A844AA3AC925CB6EC0BD0B7_analysis-12.csv;user-I316785;2;604135593;5;true;-0.1878296840468973;1.0;Infinity;1;A
user-I316785_session-04783A9FA13A5107A707975156C09CDD483F122F3A844AA3AC925CB6EC0BD0B7_analysis-12.csv;user-I316785;2;-788192393;5;true;-0.18048976151234833;1.0;Infinity;1;A
user-I316785_session-04783A9FA13A5107A707975156C09CDD483F122F3A844AA3AC925CB6EC0BD0B7_analysis-12.csv;user-I316785;2;-650665220;7;true;-0.1878296840468973;1.0;Infinity;1;A
user-I316785_session-04783A9FA13A5107A707975156C09CDD483F122F3A844AA3AC925CB6EC0BD0B7_analysis-12.csv;user-I316785;2;231050224;6;true;-0.1878296840468973;1.0;Infinity;1;A
user-I316785_session-04783A9FA13A5107A707975156C09CDD483F122F3A844AA3AC925CB6EC0BD0B7_analysis-12.csv;user-I316785;2;-1430571290;4;true;9.633957760529885;1.0;Infinity;1;A
user-I316785_session-04783A9FA13A5107A707975156C09CDD483F122F3A844AA3AC925CB6EC0BD0B7_analysis-12.csv;user-I316785;2;-983916877;5;true;-0.18518976153930725;1.0;Infinity;1;A
user-I316785_session-04783A9FA13A5107A707975156C09CDD483F122F3A844AA3AC925CB6EC0BD0B7_analysis-12.csv;user-I316785;2;666016279;4;true;-0.1878296840468973;1.0;Infinity;1;A
user-I316785_session-04783A9FA13A5107A707975156C09CDD483F122F3A844AA3AC925CB6EC0BD0B7_analysis-12.csv;user-I316785;2;37618755;5;true;-0.0854997362505159;1.0;Infinity;1;A
user-I316785_session-04783A9FA13A5107A707975156C09CDD483F122F3A844AA3AC925CB6EC0BD0B7_analysis-12.csv;user-I316785;2;-48417328;5;true;-0.18516394603154573;1.0;Infinity;1;A
user-I316785_session-04783A9FA13A5107A707975156C09CDD483F122F3A844AA3AC925CB6EC0BD0B7_analysis-12.csv;user-I316785;2;517024697;5;true;-0.1878296840468973;1.0;Infinity;1;A
user-I316785_session-04783A9FA13A5107A707975156C09CDD483F122F3A844AA3AC925CB6EC0BD0B7_analysis-12.csv;user-I316785;2;1413656477;5;true;-0.17628728368774885;1.0;Infinity;1;A
user-I316785_session-04783A9FA13A5107A707975156C09CDD483F122F3A844AA3AC925CB6EC0BD0B7_analysis-12.csv;user-I316785;2;-1026614582;5;true;-0.08727068008295583;1.0;Infinity;1;A
user-I316785_session-04783A9FA13A5107A707975156C09CDD483F122F3A844AA3AC925CB6EC0BD0B7_analysis-12.csv;user-I316785;2;2105306693;4;true;-0.1838348776402904;1.0;Infinity;1;A
user-I316785_session-04783A9FA13A5107A707975156C09CDD483F122F3A844AA3AC925CB6EC0BD0B7_analysis-12.csv;user-I316785;2;604057496;7;true;-0.17555756533502334;1.0;Infinity;1;A
user-I316785_session-04783A9FA13A5107A707975156C09CDD483F122F3A844AA3AC925CB6EC0BD0B7_analysis-12.csv;user-I316785;2;-1498442040;5;true;-0.1703425459282222;1.0;Infinity;1;A
user-I316785_session-04783A9FA13A5107A707975156C09CDD483F122F3A844AA3AC925CB6EC0BD0B7_analysis-12.csv;user-I316785;2;209088883;4;true;-0.14847207801112947;1.0;Infinity;1;A
user-I316785_session-04783A9FA13A5107A707975156C09CDD483F122F3A844AA3AC925CB6EC0BD0B7_analysis-12.csv;user-I316785;2;127544805;4;true;-0.1878296840468973;1.0;Infinity;1;A
user-I316785_session-04783A9FA13A5107A707975156C09CDD483F122F3A844AA3AC925CB6EC0BD0B7_analysis-12.csv;user-I316785;2;-82905672;5;true;-0.18782495120380766;1.0;Infinity;1;A
user-I316785_session-04783A9FA13A5107A707975156C09CDD483F122F3A844AA3AC925CB6EC0BD0B7_analysis-12.csv;user-I316785;2;-1727360655;4;true;-0.18625924065807178;1.0;Infinity;1;A
user-I316785_session-04783A9FA13A5107A707975156C09CDD483F122F3A844AA3AC925CB6EC0BD0B7_analysis-12.csv;user-I316785;2;-1966499733;4;true;-0.17680660565221798;1.0;Infinity;1;A
user-I316785_session-04783A9FA13A5107A707975156C09CDD483F122F3A844AA3AC925CB6EC0BD0B7_analysis-12.csv;user-I316785;2;-1296864303;4;true;-0.1571349018989685;1.0;Infinity;1;A
user-I316785_session-04783A9FA13A5107A707975156C09CDD483F122F3A844AA3AC925CB6EC0BD0B7_analysis-12.csv;user-I316785;2;360517764;6;true;-0.13532467016665262;1.0;Infinity;1;A
user-I316785_session-04783A9FA13A5107A707975156C09CDD483F122F3A844AA3AC925CB6EC0BD0B7_analysis-12.csv;user-I316785;2;-1574215073;5;true;-0.18500862272651394;1.0;Infinity;1;A
user-I316785_session-04783A9FA13A5107A707975156C09CDD483F122F3A844AA3AC925CB6EC0BD0B7_analysis-12.csv;user-I316785;2;-359186283;5;true;0.03545208465014668;1.0;Infinity;1;A
user-I316785_session-04783A9FA13A5107A707975156C09CDD483F122F3A844AA3AC925CB6EC0BD0B7_analysis-12.csv;user-I316785;2;682031344;5;true;-0.06397792110769118;1.0;Infinity;1;A
user-I316785_session-04783A9FA13A5107A707975156C09CDD483F122F3A844AA3AC925CB6EC0BD0B7_analysis-12.csv;user-I316785;2;-1176618475;5;true;-0.1638467904974748;1.0;Infinity;1;A
user-I316785_session-04783A9FA13A5107A707975156C09CDD483F122F3A844AA3AC925CB6EC0BD0B7_analysis-12.csv;user-I316785;2;-976536021;5;true;-0.1878296840468973;1.0;Infinity;1;A
user-I316785_session-04783A9FA13A5107A707975156C09CDD483F122F3A844AA3AC925CB6EC0BD0B7_analysis-12.csv;user-I316785;2;1558826432;6;true;-0.0932702040867319;1.0;Infinity;1;A
user-I316785_session-04783A9FA13A5107A707975156C09CDD483F122F3A844AA3AC925CB6EC0BD0B7_analysis-12.csv;user-I316785;2;-202487895;6;true;-0.16775798334283187;1.0;Infinity;1;A
user-I316785_session-04783A9FA13A5107A707975156C09CDD483F122F3A844AA3AC925CB6EC0BD0B7_analysis-12.csv;user-I316785;2;-1023471493;7;true;-0.1878296840468973;1.0;Infinity;1;A
user-I316785_session-04783A9FA13A5107A707975156C09CDD483F122F3A844AA3AC925CB6EC0BD0B7_analysis-12.csv;user-I316785;2;-1816778220;5;true;-0.11927631634721932;1.0;Infinity;1;A
user-I316785_session-04783A9FA13A5107A707975156C09CDD483F122F3A844AA3AC925CB6EC0BD0B7_analysis-12.csv;user-I316785;2;668857218;5;true;-0.1788709857562138;1.0;Infinity;1;A
user-I316785_session-04783A9FA13A5107A707975156C09CDD483F122F3A844AA3AC925CB6EC0BD0B7_analysis-12.csv;user-I316785;2;1430557758;4;true;-0.09401053548153712;1.0;Infinity;1;A
user-I316785_session-04783A9FA13A5107A707975156C09CDD483F122F3A844AA3AC925CB6EC0BD0B7_analysis-12.csv;user-I316785;2;-417727447;5;true;-0.1878088882212005;1.0;Infinity;1;A
user-I316785_session-04783A9FA13A5107A707975156C09CDD483F122F3A844AA3AC925CB6EC0BD0B7_analysis-12.csv;user-I316785;3;-1214180104;5;true;-0.1509105479933126;1.0;Infinity;1;A
user-I316785_session-04783A9FA13A5107A707975156C09CDD483F122F3A844AA3AC925CB6EC0BD0B7_analysis-12.csv;user-I316785;3;-148991360;4;true;-0.18809793953645043;1.0;Infinity;1;A
user-I316785_session-04783A9FA13A5107A707975156C09CDD483F122F3A844AA3AC925CB6EC0BD0B7_analysis-12.csv;user-I316785;3;-456178473;6;true;-0.14368269298881176;1.0;Infinity;1;A
user-I316785_session-04783A9FA13A5107A707975156C09CDD483F122F3A844AA3AC925CB6EC0BD0B7_analysis-12.csv;user-I316785;3;1235822865;6;true;-0.18687060794867422;1.0;Infinity;1;A
user-I316785_session-04783A9FA13A5107A707975156C09CDD483F122F3A844AA3AC925CB6EC0BD0B7_analysis-12.csv;user-I316785;3;-1184135511;7;true;-0.15847801024782776;1.0;Infinity;1;A
user-I316785_session-04783A9FA13A5107A707975156C09CDD483F122F3A844AA3AC925CB6EC0BD0B7_analysis-12.csv;user-I316785;3;-1946840639;7;true;-0.17522560525009553;1.0;Infinity;1;A
user-I316785_session-04783A9FA13A5107A707975156C09CDD483F122F3A844AA3AC925CB6EC0BD0B7_analysis-12.csv;user-I316785;3;1433315571;7;true;-0.1780787303278896;1.0;Infinity;1;A
user-I316785_session-04783A9FA13A5107A707975156C09CDD483F122F3A844AA3AC925CB6EC0BD0B7_analysis-12.csv;user-I316785;3;1281456394;5;true;-0.1590152577826865;1.0;Infinity;1;A
user-I316785_session-04783A9FA13A5107A707975156C09CDD483F122F3A844AA3AC925CB6EC0BD0B7_analysis-12.csv;user-I316785;3;-63246578;5;true;-0.1782751776130267;1.0;Infinity;1;A
user-I316785_session-04783A9FA13A5107A707975156C09CDD483F122F3A844AA3AC925CB6EC0BD0B7_analysis-12.csv;user-I316785;3;57277849;4;true;-0.03863840598252649;1.0;Infinity;1;A
user-I316785_session-04783A9FA13A5107A707975156C09CDD483F122F3A844AA3AC925CB6EC0BD0B7_analysis-12.csv;user-I316785;3;623716590;4;true;-0.15569182570916612;1.0;Infinity;1;A
user-I316785_session-04783A9FA13A5107A707975156C09CDD483F122F3A844AA3AC925CB6EC0BD0B7_analysis-12.csv;user-I316785;3;-2084940752;5;true;0.37652562471697376;1.0;Infinity;1;A
user-I316785_session-04783A9FA13A5107A707975156C09CDD483F122F3A844AA3AC925CB6EC0BD0B7_analysis-12.csv;user-I316785;3;1639186386;6;true;-0.16990469399996866;1.0;Infinity;1;A
user-I316785_session-04783A9FA13A5107A707975156C09CDD483F122F3A844AA3AC925CB6EC0BD0B7_analysis-12.csv;user-I316785;3;-987712217;7;true;-0.1596765772871055;1.0;Infinity;1;A
user-I316785_session-04783A9FA13A5107A707975156C09CDD483F122F3A844AA3AC925CB6EC0BD0B7_analysis-12.csv;user-I316785;3;-1404392756;6;true;-0.1876860895263823;1.0;Infinity;1;A
user-I316785_session-04783A9FA13A5107A707975156C09CDD483F122F3A844AA3AC925CB6EC0BD0B7_analysis-12.csv;user-I316785;3;536683791;5;true;-0.18809793953645043;1.0;Infinity;1;A
user-I316785_session-04783A9FA13A5107A707975156C09CDD483F122F3A844AA3AC925CB6EC0BD0B7_analysis-12.csv;user-I316785;3;-1561041704;4;true;0.2027469246850528;1.0;Infinity;1;A
user-I316785_session-04783A9FA13A5107A707975156C09CDD483F122F3A844AA3AC925CB6EC0BD0B7_analysis-12.csv;user-I316785;3;1415611131;7;true;-0.16256801091105652;1.0;Infinity;1;A
user-I316785_session-04783A9FA13A5107A707975156C09CDD483F122F3A844AA3AC925CB6EC0BD0B7_analysis-12.csv;user-I316785;3;-964257783;6;true;-0.18615162679173522;1.0;Infinity;1;A
user-I316785_session-04783A9FA13A5107A707975156C09CDD483F122F3A844AA3AC925CB6EC0BD0B7_analysis-12.csv;user-I316785;3;-729502362;4;true;-0.17978114091022135;1.0;Infinity;1;A
user-I316785_session-04783A9FA13A5107A707975156C09CDD483F122F3A844AA3AC925CB6EC0BD0B7_analysis-12.csv;user-I316785;3;89388862;5;true;-0.11420473066535904;1.0;Infinity;1;A
user-I316785_session-04783A9FA13A5107A707975156C09CDD483F122F3A844AA3AC925CB6EC0BD0B7_analysis-12.csv;user-I316785;3;690370000;4;true;-0.17877411660172846;1.0;Infinity;1;A
user-I316785_session-04783A9FA13A5107A707975156C09CDD483F122F3A844AA3AC925CB6EC0BD0B7_analysis-12.csv;user-I316785;3;147203899;6;true;-0.18809793953645043;1.0;Infinity;1;A
user-I316785_session-04783A9FA13A5107A707975156C09CDD483F122F3A844AA3AC925CB6EC0BD0B7_analysis-12.csv;user-I316785;3;695713346;8;true;-0.18809793953645043;1.0;Infinity;1;A
user-I316785_session-04783A9FA13A5107A707975156C09CDD483F122F3A844AA3AC925CB6EC0BD0B7_analysis-12.csv;user-I316785;3;-1662254197;5;true;1.2620690264583698;1.0;Infinity;1;A
user-I316785_session-04783A9FA13A5107A707975156C09CDD483F122F3A844AA3AC925CB6EC0BD0B7_analysis-12.csv;user-I316785;3;-1532302038;5;true;-0.16715350411938812;1.0;Infinity;1;A
user-I316785_session-04783A9FA13A5107A707975156C09CDD483F122F3A844AA3AC925CB6EC0BD0B7_analysis-12.csv;user-I316785;3;-1707701561;4;true;-0.1867401733140083;1.0;Infinity;1;A
user-I316785_session-04783A9FA13A5107A707975156C09CDD483F122F3A844AA3AC925CB6EC0BD0B7_analysis-12.csv;user-I316785;3;2124965787;5;true;-0.1825689161151594;1.0;Infinity;1;A
user-I316785_session-04783A9FA13A5107A707975156C09CDD483F122F3A844AA3AC925CB6EC0BD0B7_analysis-12.csv;user-I316785;3;377357150;4;true;-0.14083778635344585;1.0;Infinity;1;A
user-I316785_session-04783A9FA13A5107A707975156C09CDD483F122F3A844AA3AC925CB6EC0BD0B7_analysis-12.csv;user-I316785;3;-1414482276;4;true;-0.17267921365260328;1.0;Infinity;1;A
user-I316785_session-04783A9FA13A5107A707975156C09CDD483F122F3A844AA3AC925CB6EC0BD0B7_analysis-12.csv;user-I316785;3;228747977;5;true;-0.14513748985411512;1.0;Infinity;1;A
user-I316785_session-04783A9FA13A5107A707975156C09CDD483F122F3A844AA3AC925CB6EC0BD0B7_analysis-12.csv;user-I316785;3;-1371963022;4;true;0.9773104682097259;1.0;Infinity;1;A
user-I316785_session-04783A9FA13A5107A707975156C09CDD483F122F3A844AA3AC925CB6EC0BD0B7_analysis-12.csv;user-I316785;3;239421800;5;true;-0.15366730520586058;1.0;Infinity;1;A
user-I316785_session-04783A9FA13A5107A707975156C09CDD483F122F3A844AA3AC925CB6EC0BD0B7_analysis-12.csv;user-I316785;3;1546876353;6;true;-0.18809793953645043;1.0;Infinity;1;A
user-I316785_session-04783A9FA13A5107A707975156C09CDD483F122F3A844AA3AC925CB6EC0BD0B7_analysis-12.csv;user-I316785;3;355451341;6;true;-0.18809793953645043;1.0;Infinity;1;A
user-I316785_session-04783A9FA13A5107A707975156C09CDD483F122F3A844AA3AC925CB6EC0BD0B7_analysis-12.csv;user-I316785;3;-1478782946;5;true;-0.16348171613133314;1.0;Infinity;1;A
user-I316785_session-04783A9FA13A5107A707975156C09CDD483F122F3A844AA3AC925CB6EC0BD0B7_analysis-12.csv;user-I316785;3;-2087556773;5;true;-0.18809793953645043;1.0;Infinity;1;A
user-I316785_session-04783A9FA13A5107A707975156C09CDD483F122F3A844AA3AC925CB6EC0BD0B7_analysis-12.csv;user-I316785;3;-1554555979;5;true;-0.18548261906698021;1.0;Infinity;1;A
user-I316785_session-04783A9FA13A5107A707975156C09CDD483F122F3A844AA3AC925CB6EC0BD0B7_analysis-12.csv;user-I316785;3;-970919192;6;true;-0.18809793953645043;1.0;Infinity;1;A
user-I316785_session-04783A9FA13A5107A707975156C09CDD483F122F3A844AA3AC925CB6EC0BD0B7_analysis-12.csv;user-I316785;3;-1277205209;5;true;-0.161631771251864;1.0;Infinity;1;A
user-I316785_session-04783A9FA13A5107A707975156C09CDD483F122F3A844AA3AC925CB6EC0BD0B7_analysis-12.csv;user-I316785;3;1677198916;6;true;-0.17661902890823394;1.0;Infinity;1;A
user-I316785_session-04783A9FA13A5107A707975156C09CDD483F122F3A844AA3AC925CB6EC0BD0B7_analysis-12.csv;user-I316785;3;-956876927;7;true;-0.18809793953645043;1.0;Infinity;1;A
user-I316785_session-04783A9FA13A5107A707975156C09CDD483F122F3A844AA3AC925CB6EC0BD0B7_analysis-12.csv;user-I316785;3;-1842871545;6;true;-0.18789804580771444;1.0;Infinity;1;A
user-I316785_session-04783A9FA13A5107A707975156C09CDD483F122F3A844AA3AC925CB6EC0BD0B7_analysis-12.csv;user-I316785;3;458085913;5;true;0.009791814802303398;1.0;Infinity;1;A
user-I316785_session-04783A9FA13A5107A707975156C09CDD483F122F3A844AA3AC925CB6EC0BD0B7_analysis-12.csv;user-I316785;3;-743243361;4;true;-0.18319921762718835;1.0;Infinity;1;A
user-I316785_session-04783A9FA13A5107A707975156C09CDD483F122F3A844AA3AC925CB6EC0BD0B7_analysis-12.csv;user-I316785;3;624066376;6;true;-0.18809793953645043;1.0;Infinity;1;A
user-I316785_session-04783A9FA13A5107A707975156C09CDD483F122F3A844AA3AC925CB6EC0BD0B7_analysis-12.csv;user-I316785;3;1857510979;5;true;-0.18809793953645043;1.0;Infinity;1;A
user-I316785_session-04783A9FA13A5107A707975156C09CDD483F122F3A844AA3AC925CB6EC0BD0B7_analysis-12.csv;user-I316785;3;-1797119126;4;true;-0.1210993410849512;1.0;Infinity;1;A
user-I316785_session-04783A9FA13A5107A707975156C09CDD483F122F3A844AA3AC925CB6EC0BD0B7_analysis-12.csv;user-I316785;3;1921601272;6;true;-0.1795751496274258;1.0;Infinity;1;A
user-I316785_session-04783A9FA13A5107A707975156C09CDD483F122F3A844AA3AC925CB6EC0BD0B7_analysis-12.csv;user-I316785;3;1859391421;5;true;-0.18809793953645043;1.0;Infinity;1;A
user-I316785_session-04783A9FA13A5107A707975156C09CDD483F122F3A844AA3AC925CB6EC0BD0B7_analysis-12.csv;user-I316785;3;691092866;4;true;-0.13400004225323547;1.0;Infinity;1;A
user-I316785_session-04783A9FA13A5107A707975156C09CDD483F122F3A844AA3AC925CB6EC0BD0B7_analysis-12.csv;user-I316785;3;-1006955488;5;true;-0.06555552815647618;1.0;Infinity;1;A
user-I316785_session-04783A9FA13A5107A707975156C09CDD483F122F3A844AA3AC925CB6EC0BD0B7_analysis-12.csv;user-I316785;3;2061763456;6;true;-0.1200650103387132;1.0;Infinity;1;A
user-I316785_session-04783A9FA13A5107A707975156C09CDD483F122F3A844AA3AC925CB6EC0BD0B7_analysis-12.csv;user-I316785;3;693987545;5;true;-0.18809793953645043;1.0;Infinity;1;A
user-I316785_session-04783A9FA13A5107A707975156C09CDD483F122F3A844AA3AC925CB6EC0BD0B7_analysis-12.csv;user-I316785;3;-28758234;4;true;-0.18331374559909014;1.0;Infinity;1;A
user-I316785_session-04783A9FA13A5107A707975156C09CDD483F122F3A844AA3AC925CB6EC0BD0B7_analysis-12.csv;user-I316785;3;-398068353;5;true;-0.18809780698092737;1.0;Infinity;1;A
user-I316785_session-04783A9FA13A5107A707975156C09CDD483F122F3A844AA3AC925CB6EC0BD0B7_analysis-12.csv;user-I316785;3;686683546;5;true;-0.1415734695062872;1.0;Infinity;1;A
user-I316785_session-04783A9FA13A5107A707975156C09CDD483F122F3A844AA3AC925CB6EC0BD0B7_analysis-12.csv;user-I316785;3;624089013;4;true;-0.10879752576973671;1.0;Infinity;1;A
user-I316785_session-04783A9FA13A5107A707975156C09CDD483F122F3A844AA3AC925CB6EC0BD0B7_analysis-12.csv;user-I316785;3;692574496;4;true;-0.00659827795434039;1.0;Infinity;1;A
user-I316785_session-04783A9FA13A5107A707975156C09CDD483F122F3A844AA3AC925CB6EC0BD0B7_analysis-12.csv;user-I316785;3;-1290074955;4;true;-0.08676030262077819;1.0;Infinity;1;A
user-I316785_session-04783A9FA13A5107A707975156C09CDD483F122F3A844AA3AC925CB6EC0BD0B7_analysis-12.csv;user-I316785;3;50209988;5;true;-0.07311689285693176;1.0;Infinity;1;A
user-I316785_session-04783A9FA13A5107A707975156C09CDD483F122F3A844AA3AC925CB6EC0BD0B7_analysis-12.csv;user-I316785;3;1334178266;6;true;-0.04094063030658926;1.0;Infinity;1;A
user-I316785_session-04783A9FA13A5107A707975156C09CDD483F122F3A844AA3AC925CB6EC0BD0B7_analysis-12.csv;user-I316785;3;-1675546583;8;true;0.03854960296910982;1.0;Infinity;1;A
user-I316785_session-04783A9FA13A5107A707975156C09CDD483F122F3A844AA3AC925CB6EC0BD0B7_analysis-12.csv;user-I316785;3;-768533299;5;true;-0.1795302133051171;1.0;Infinity;1;A
user-I316785_session-04783A9FA13A5107A707975156C09CDD483F122F3A844AA3AC925CB6EC0BD0B7_analysis-12.csv;user-I316785;3;-1687240472;5;true;-0.16348595790807025;1.0;Infinity;1;A
user-I316785_session-04783A9FA13A5107A707975156C09CDD483F122F3A844AA3AC925CB6EC0BD0B7_analysis-12.csv;user-I316785;3;-1410912196;4;true;9.691125213590682;1.0;Infinity;1;A
user-I316785_session-04783A9FA13A5107A707975156C09CDD483F122F3A844AA3AC925CB6EC0BD0B7_analysis-12.csv;user-I316785;3;-1070284565;5;true;0.8397489858478534;1.0;Infinity;1;A
user-I316785_session-04783A9FA13A5107A707975156C09CDD483F122F3A844AA3AC925CB6EC0BD0B7_analysis-12.csv;user-I316785;3;133354852;5;true;-0.1880975418698813;1.0;Infinity;1;A
user-I316785_session-04783A9FA13A5107A707975156C09CDD483F122F3A844AA3AC925CB6EC0BD0B7_analysis-12.csv;user-I316785;3;-339527189;4;true;0.06405196004571255;1.0;Infinity;1;A
user-I316785_session-04783A9FA13A5107A707975156C09CDD483F122F3A844AA3AC925CB6EC0BD0B7_analysis-12.csv;user-I316785;3;692946051;5;true;0.4964251440786866;1.0;Infinity;1;A
user-I316785_session-04783A9FA13A5107A707975156C09CDD483F122F3A844AA3AC925CB6EC0BD0B7_analysis-12.csv;user-I316785;3;688516312;5;true;-0.16675490966162346;1.0;Infinity;1;A
user-I316785_session-04783A9FA13A5107A707975156C09CDD483F122F3A844AA3AC925CB6EC0BD0B7_analysis-12.csv;user-I316785;3;380176858;6;true;-0.12408356357502635;1.0;Infinity;1;A
user-I316785_session-04783A9FA13A5107A707975156C09CDD483F122F3A844AA3AC925CB6EC0BD0B7_analysis-12.csv;user-I316785;3;623794687;7;true;-0.18809793953645043;1.0;Infinity;1;A
user-I316785_session-04783A9FA13A5107A707975156C09CDD483F122F3A844AA3AC925CB6EC0BD0B7_analysis-12.csv;user-I316785;3;250709318;6;true;-0.18809793953645043;1.0;Infinity;1;A
user-I316785_session-04783A9FA13A5107A707975156C09CDD483F122F3A844AA3AC925CB6EC0BD0B7_analysis-12.csv;user-I316785;3;699414546;5;true;-0.15087025111431013;1.0;Infinity;1;A
user-I316785_session-04783A9FA13A5107A707975156C09CDD483F122F3A844AA3AC925CB6EC0BD0B7_analysis-12.csv;user-I316785;3;-1376021672;6;true;-0.18809793953645043;1.0;Infinity;1;A
user-I316785_session-04783A9FA13A5107A707975156C09CDD483F122F3A844AA3AC925CB6EC0BD0B7_analysis-12.csv;user-I316785;3;-1640013229;5;true;-0.18809793953645043;1.0;Infinity;1;A
user-I316785_session-04783A9FA13A5107A707975156C09CDD483F122F3A844AA3AC925CB6EC0BD0B7_analysis-12.csv;user-I316785;3;1121219489;4;true;-0.15064623228038185;1.0;Infinity;1;A
user-I316785_session-04783A9FA13A5107A707975156C09CDD483F122F3A844AA3AC925CB6EC0BD0B7_analysis-12.csv;user-I316785;3;-182828801;6;true;-0.1713429214248927;1.0;Infinity;1;A
user-I316785_session-04783A9FA13A5107A707975156C09CDD483F122F3A844AA3AC925CB6EC0BD0B7_analysis-12.csv;user-I316785;3;1578485526;5;true;-0.11717052793773239;1.0;Infinity;1;A
user-I316785_session-04783A9FA13A5107A707975156C09CDD483F122F3A844AA3AC925CB6EC0BD0B7_analysis-12.csv;user-I316785;3;-307293427;7;true;0.09919097109139863;1.0;Infinity;1;A
user-I316785_session-04783A9FA13A5107A707975156C09CDD483F122F3A844AA3AC925CB6EC0BD0B7_analysis-12.csv;user-I316785;3;1450216852;7;true;-0.09794533765442723;1.0;Infinity;1;A
user-I316785_session-04783A9FA13A5107A707975156C09CDD483F122F3A844AA3AC925CB6EC0BD0B7_analysis-12.csv;user-I316785;3;-631006126;5;true;-0.18809793953645043;1.0;Infinity;1;A
user-I316785_session-04783A9FA13A5107A707975156C09CDD483F122F3A844AA3AC925CB6EC0BD0B7_analysis-12.csv;user-I316785;3;-379227277;7;true;-0.18808203287368627;1.0;Infinity;1;A
user-I316785_session-04783A9FA13A5107A707975156C09CDD483F122F3A844AA3AC925CB6EC0BD0B7_analysis-12.csv;user-I316785;3;-1003812399;6;true;-0.18809793953645043;1.0;Infinity;1;A
user-I316785_session-04783A9FA13A5107A707975156C09CDD483F122F3A844AA3AC925CB6EC0BD0B7_analysis-12.csv;user-I316785;3;752806904;5;true;-0.18615600112399536;1.0;Infinity;1;A
user-I316785_session-04783A9FA13A5107A707975156C09CDD483F122F3A844AA3AC925CB6EC0BD0B7_analysis-12.csv;user-I316785;3;-663207980;5;true;-0.18809793953645043;1.0;Infinity;1;A
user-I316785_session-04783A9FA13A5107A707975156C09CDD483F122F3A844AA3AC925CB6EC0BD0B7_analysis-12.csv;user-I316785;3;-735471107;6;true;-0.04088336632063837;1.0;Infinity;1;A
user-I316785_session-04783A9FA13A5107A707975156C09CDD483F122F3A844AA3AC925CB6EC0BD0B7_analysis-12.csv;user-I316785;3;1276851579;5;true;-0.18145902872079175;1.0;Infinity;1;A
user-I316785_session-04783A9FA13A5107A707975156C09CDD483F122F3A844AA3AC925CB6EC0BD0B7_analysis-12.csv;user-I316785;3;-1334264005;7;true;-0.17747957936377376;1.0;Infinity;1;A
user-I316785_session-04783A9FA13A5107A707975156C09CDD483F122F3A844AA3AC925CB6EC0BD0B7_analysis-12.csv;user-I316785;3;-1596627904;7;true;-0.07612895200684415;1.0;Infinity;1;A
user-I316785_session-04783A9FA13A5107A707975156C09CDD483F122F3A844AA3AC925CB6EC0BD0B7_analysis-12.csv;user-I316785;3;686683604;5;true;-0.007472216517706687;1.0;Infinity;1;A
user-I316785_session-04783A9FA13A5107A707975156C09CDD483F122F3A844AA3AC925CB6EC0BD0B7_analysis-12.csv;user-I316785;3;-1156959381;5;true;-0.15494553811448203;1.0;Infinity;1;A
user-I316785_session-04783A9FA13A5107A707975156C09CDD483F122F3A844AA3AC925CB6EC0BD0B7_analysis-12.csv;user-I316785;3;701690438;4;true;-0.012558239381016476;1.0;Infinity;1;A
user-I316785_session-04783A9FA13A5107A707975156C09CDD483F122F3A844AA3AC925CB6EC0BD0B7_analysis-12.csv;user-I316785;3;685675373;4;true;-0.18809793953645043;1.0;Infinity;1;A
user-I316785_session-04783A9FA13A5107A707975156C09CDD483F122F3A844AA3AC925CB6EC0BD0B7_analysis-12.csv;user-I316785;3;-1308282942;5;true;-0.18809727675883525;1.0;Infinity;1;A
user-I316785_session-04783A9FA13A5107A707975156C09CDD483F122F3A844AA3AC925CB6EC0BD0B7_analysis-12.csv;user-I316785;3;1664851610;22;true;-0.18228100551912854;1.0;Infinity;1;A
user-I316785_session-04783A9FA13A5107A707975156C09CDD483F122F3A844AA3AC925CB6EC0BD0B7_analysis-12.csv;user-I316785;3;992507142;5;true;-0.17888533068555437;1.0;Infinity;1;A
user-I316785_session-04783A9FA13A5107A707975156C09CDD483F122F3A844AA3AC925CB6EC0BD0B7_analysis-12.csv;user-I316785;3;692398516;6;true;-0.14607372951330763;1.0;Infinity;1;A
user-I316785_session-04783A9FA13A5107A707975156C09CDD483F122F3A844AA3AC925CB6EC0BD0B7_analysis-12.csv;user-I316785;3;-1448798879;6;true;-0.1687506656164305;1.0;Infinity;1;A
user-I316785_session-04783A9FA13A5107A707975156C09CDD483F122F3A844AA3AC925CB6EC0BD0B7_analysis-12.csv;user-I316785;3;2095624641;4;true;-0.18809422798180545;1.0;Infinity;1;A
user-I316785_session-04783A9FA13A5107A707975156C09CDD483F122F3A844AA3AC925CB6EC0BD0B7_analysis-12.csv;user-I316785;4;-1410912196;5;true;NaN;1.0;Infinity;1;A
user-I316785_session-04783A9FA13A5107A707975156C09CDD483F122F3A844AA3AC925CB6EC0BD0B7_analysis-12.csv;user-I316785;5;-1430571290;4;true;NaN;1.0;Infinity;1;A
user-I316785_session-04783A9FA13A5107A707975156C09CDD483F122F3A844AA3AC925CB6EC0BD0B7_analysis-12.csv;user-I316785;6;-1430571290;4;true;NaN;1.0;Infinity;1;A
user-I316785_session-04783A9FA13A5107A707975156C09CDD483F122F3A844AA3AC925CB6EC0BD0B7_analysis-12.csv;user-I316785;7;-1410912196;5;true;NaN;1.0;Infinity;1;A
user-I316785_session-04783A9FA13A5107A707975156C09CDD483F122F3A844AA3AC925CB6EC0BD0B7_analysis-12.csv;user-I316785;8;-1430571290;4;true;NaN;1.0;Infinity;1;A
