session ;user;query position;cell hashcode;cell computation time;novelty;outlierness;relevance;surprise;query label;session label
user-I316785_session-0001BDAD11490DEA53791D77A9DD35BBD6DDA9EC2E01D78617538C4CBBFE4521_analysis-3.csv;user-I316785;1;-1645642369;4;true;2.0132237368826345;0.0;Infinity;1;A
user-I316785_session-0001BDAD11490DEA53791D77A9DD35BBD6DDA9EC2E01D78617538C4CBBFE4521_analysis-3.csv;user-I316785;1;1959132295;4;true;1.0040879931630609;0.0;Infinity;1;A
user-I316785_session-0001BDAD11490DEA53791D77A9DD35BBD6DDA9EC2E01D78617538C4CBBFE4521_analysis-3.csv;user-I316785;1;385039036;5;true;-0.6713884937964821;0.0;Infinity;1;A
user-I316785_session-0001BDAD11490DEA53791D77A9DD35BBD6DDA9EC2E01D78617538C4CBBFE4521_analysis-3.csv;user-I316785;1;-1709703921;6;true;-0.10485383338845913;0.0;Infinity;1;A
user-I316785_session-0001BDAD11490DEA53791D77A9DD35BBD6DDA9EC2E01D78617538C4CBBFE4521_analysis-3.csv;user-I316785;1;1052919571;7;true;-0.9046209383535668;0.0;Infinity;1;A
user-I316785_session-0001BDAD11490DEA53791D77A9DD35BBD6DDA9EC2E01D78617538C4CBBFE4521_analysis-3.csv;user-I316785;1;2102439832;6;true;-0.7903119901167142;0.0;Infinity;1;A
user-I316785_session-0001BDAD11490DEA53791D77A9DD35BBD6DDA9EC2E01D78617538C4CBBFE4521_analysis-3.csv;user-I316785;1;-1709711384;5;true;-0.043150733302130345;0.0;Infinity;1;A
user-I316785_session-0001BDAD11490DEA53791D77A9DD35BBD6DDA9EC2E01D78617538C4CBBFE4521_analysis-3.csv;user-I316785;1;455384322;4;true;-0.9607865807398405;0.0;Infinity;1;A
user-I316785_session-0001BDAD11490DEA53791D77A9DD35BBD6DDA9EC2E01D78617538C4CBBFE4521_analysis-3.csv;user-I316785;1;312076785;4;true;1.9043204021148834;0.0;Infinity;1;A
user-I316785_session-0001BDAD11490DEA53791D77A9DD35BBD6DDA9EC2E01D78617538C4CBBFE4521_analysis-3.csv;user-I316785;1;2032094546;6;true;-0.9878146480853477;0.0;Infinity;1;A
user-I316785_session-0001BDAD11490DEA53791D77A9DD35BBD6DDA9EC2E01D78617538C4CBBFE4521_analysis-3.csv;user-I316785;1;1891004452;6;true;0.035164739884363874;0.0;Infinity;1;A
user-I316785_session-0001BDAD11490DEA53791D77A9DD35BBD6DDA9EC2E01D78617538C4CBBFE4521_analysis-3.csv;user-I316785;1;243948942;4;true;0.2854050902344751;0.0;Infinity;1;A
user-I316785_session-0001BDAD11490DEA53791D77A9DD35BBD6DDA9EC2E01D78617538C4CBBFE4521_analysis-3.csv;user-I316785;1;1413141;5;true;-0.6351313302842163;0.0;Infinity;1;A
user-I316785_session-0001BDAD11490DEA53791D77A9DD35BBD6DDA9EC2E01D78617538C4CBBFE4521_analysis-3.csv;user-I316785;1;2123340856;4;true;-0.14414341421265994;0.0;Infinity;1;A
user-I316785_session-0001BDAD11490DEA53791D77A9DD35BBD6DDA9EC2E01D78617538C4CBBFE4521_analysis-3.csv;user-I316785;2;-1645642369;4;true;2.0132237368826345;0.0;Infinity;1;A
user-I316785_session-0001BDAD11490DEA53791D77A9DD35BBD6DDA9EC2E01D78617538C4CBBFE4521_analysis-3.csv;user-I316785;2;1959132295;5;true;1.0040879931630609;0.0;Infinity;1;A
user-I316785_session-0001BDAD11490DEA53791D77A9DD35BBD6DDA9EC2E01D78617538C4CBBFE4521_analysis-3.csv;user-I316785;2;385039036;5;true;-0.6713884937964821;0.0;Infinity;1;A
user-I316785_session-0001BDAD11490DEA53791D77A9DD35BBD6DDA9EC2E01D78617538C4CBBFE4521_analysis-3.csv;user-I316785;2;-1709703921;4;true;-0.10485383338845913;0.0;Infinity;1;A
user-I316785_session-0001BDAD11490DEA53791D77A9DD35BBD6DDA9EC2E01D78617538C4CBBFE4521_analysis-3.csv;user-I316785;2;1052919571;4;true;-0.9046209383535668;0.0;Infinity;1;A
user-I316785_session-0001BDAD11490DEA53791D77A9DD35BBD6DDA9EC2E01D78617538C4CBBFE4521_analysis-3.csv;user-I316785;2;2102439832;3;true;-0.7903119901167142;0.0;Infinity;1;A
user-I316785_session-0001BDAD11490DEA53791D77A9DD35BBD6DDA9EC2E01D78617538C4CBBFE4521_analysis-3.csv;user-I316785;2;-1709711384;4;true;-0.043150733302130345;0.0;Infinity;1;A
user-I316785_session-0001BDAD11490DEA53791D77A9DD35BBD6DDA9EC2E01D78617538C4CBBFE4521_analysis-3.csv;user-I316785;2;455384322;7;true;-0.9607865807398405;0.0;Infinity;1;A
user-I316785_session-0001BDAD11490DEA53791D77A9DD35BBD6DDA9EC2E01D78617538C4CBBFE4521_analysis-3.csv;user-I316785;2;312076785;6;true;1.9043204021148834;0.0;Infinity;1;A
user-I316785_session-0001BDAD11490DEA53791D77A9DD35BBD6DDA9EC2E01D78617538C4CBBFE4521_analysis-3.csv;user-I316785;2;2032094546;5;true;-0.9878146480853477;0.0;Infinity;1;A
user-I316785_session-0001BDAD11490DEA53791D77A9DD35BBD6DDA9EC2E01D78617538C4CBBFE4521_analysis-3.csv;user-I316785;2;1891004452;6;true;0.035164739884363874;0.0;Infinity;1;A
user-I316785_session-0001BDAD11490DEA53791D77A9DD35BBD6DDA9EC2E01D78617538C4CBBFE4521_analysis-3.csv;user-I316785;2;243948942;5;true;0.2854050902344751;0.0;Infinity;1;A
user-I316785_session-0001BDAD11490DEA53791D77A9DD35BBD6DDA9EC2E01D78617538C4CBBFE4521_analysis-3.csv;user-I316785;2;1413141;4;true;-0.6351313302842163;0.0;Infinity;1;A
user-I316785_session-0001BDAD11490DEA53791D77A9DD35BBD6DDA9EC2E01D78617538C4CBBFE4521_analysis-3.csv;user-I316785;2;2123340856;4;true;-0.14414341421265994;0.0;Infinity;1;A
