session ;user;query position;cell hashcode;cell computation time;novelty;outlierness;relevance;surprise;query label;session label
user-I051435_session-61125156E07AA4689839C9821FE65B05F7C2143440172F36ADC94A8AB93CE330_analysis-1.csv;user-I051435;1;776326350;5;true;-0.12441089828895806;0.0;Infinity;1;D
user-I051435_session-61125156E07AA4689839C9821FE65B05F7C2143440172F36ADC94A8AB93CE330_analysis-1.csv;user-I051435;1;-500128127;5;true;2.0069159205804183;0.0;Infinity;1;D
user-I051435_session-61125156E07AA4689839C9821FE65B05F7C2143440172F36ADC94A8AB93CE330_analysis-1.csv;user-I051435;1;-1724226040;4;true;-0.6093377779114796;0.0;Infinity;1;D
user-I051435_session-61125156E07AA4689839C9821FE65B05F7C2143440172F36ADC94A8AB93CE330_analysis-1.csv;user-I051435;1;-526997432;5;true;-0.12939213630032054;0.0;Infinity;1;D
user-I051435_session-61125156E07AA4689839C9821FE65B05F7C2143440172F36ADC94A8AB93CE330_analysis-1.csv;user-I051435;1;-184407351;6;true;-0.773987369597266;0.0;Infinity;1;D
user-I051435_session-61125156E07AA4689839C9821FE65B05F7C2143440172F36ADC94A8AB93CE330_analysis-1.csv;user-I051435;1;867140987;5;true;2.2644910352450323;0.0;Infinity;1;D
user-I051435_session-61125156E07AA4689839C9821FE65B05F7C2143440172F36ADC94A8AB93CE330_analysis-1.csv;user-I051435;1;-1237902999;4;true;1.4972988005258545;0.0;Infinity;1;D
user-I051435_session-61125156E07AA4689839C9821FE65B05F7C2143440172F36ADC94A8AB93CE330_analysis-1.csv;user-I051435;1;-1548681024;6;true;0.054366597737339976;0.0;Infinity;1;D
user-I051435_session-61125156E07AA4689839C9821FE65B05F7C2143440172F36ADC94A8AB93CE330_analysis-1.csv;user-I051435;1;93937048;6;true;-0.7902219824994232;0.0;Infinity;1;D
user-I051435_session-61125156E07AA4689839C9821FE65B05F7C2143440172F36ADC94A8AB93CE330_analysis-1.csv;user-I051435;1;1863138857;6;true;-0.31970614116988966;0.0;Infinity;1;D
user-I051435_session-61125156E07AA4689839C9821FE65B05F7C2143440172F36ADC94A8AB93CE330_analysis-1.csv;user-I051435;1;-911267460;11;true;-0.30925417933101923;0.0;Infinity;1;D
user-I051435_session-61125156E07AA4689839C9821FE65B05F7C2143440172F36ADC94A8AB93CE330_analysis-1.csv;user-I051435;1;-527004895;5;true;-0.054702359413186186;0.0;Infinity;1;D
user-I051435_session-61125156E07AA4689839C9821FE65B05F7C2143440172F36ADC94A8AB93CE330_analysis-1.csv;user-I051435;1;2085539809;3;true;-0.3401685678369894;0.0;Infinity;1;D
user-I051435_session-61125156E07AA4689839C9821FE65B05F7C2143440172F36ADC94A8AB93CE330_analysis-1.csv;user-I051435;1;-254768359;6;true;-0.16937640904663273;0.0;Infinity;1;D
user-I051435_session-61125156E07AA4689839C9821FE65B05F7C2143440172F36ADC94A8AB93CE330_analysis-1.csv;user-I051435;1;1129545563;3;true;-0.3086975091871676;0.0;Infinity;1;D
user-I051435_session-61125156E07AA4689839C9821FE65B05F7C2143440172F36ADC94A8AB93CE330_analysis-1.csv;user-I051435;1;-1780770799;3;true;0.03846790647371391;0.0;Infinity;1;D
user-I051435_session-61125156E07AA4689839C9821FE65B05F7C2143440172F36ADC94A8AB93CE330_analysis-1.csv;user-I051435;1;-1558035866;4;true;1.3321165330989686;0.0;Infinity;1;D
user-I051435_session-61125156E07AA4689839C9821FE65B05F7C2143440172F36ADC94A8AB93CE330_analysis-1.csv;user-I051435;1;-1741574593;3;true;-0.18336994473173193;0.0;Infinity;1;D
user-I051435_session-61125156E07AA4689839C9821FE65B05F7C2143440172F36ADC94A8AB93CE330_analysis-1.csv;user-I051435;1;-2059341236;3;true;-0.12825960049041538;0.0;Infinity;1;D
user-I051435_session-61125156E07AA4689839C9821FE65B05F7C2143440172F36ADC94A8AB93CE330_analysis-1.csv;user-I051435;1;-1237031292;4;true;-0.9088934996313909;0.0;Infinity;1;D
user-I051435_session-61125156E07AA4689839C9821FE65B05F7C2143440172F36ADC94A8AB93CE330_analysis-1.csv;user-I051435;1;-2107847133;3;true;-0.7480302246999061;0.0;Infinity;1;D
user-I051435_session-61125156E07AA4689839C9821FE65B05F7C2143440172F36ADC94A8AB93CE330_analysis-1.csv;user-I051435;1;1953973183;3;true;-0.03851093643598295;0.0;Infinity;1;D
user-I051435_session-61125156E07AA4689839C9821FE65B05F7C2143440172F36ADC94A8AB93CE330_analysis-1.csv;user-I051435;1;-1698946348;3;true;-0.8944776624578525;0.0;Infinity;1;D
user-I051435_session-61125156E07AA4689839C9821FE65B05F7C2143440172F36ADC94A8AB93CE330_analysis-1.csv;user-I051435;1;1311602340;4;true;-0.6054938745905727;0.0;Infinity;1;D
user-I051435_session-61125156E07AA4689839C9821FE65B05F7C2143440172F36ADC94A8AB93CE330_analysis-1.csv;user-I051435;1;2091633759;3;true;-0.3131796636212837;0.0;Infinity;1;D
user-I051435_session-61125156E07AA4689839C9821FE65B05F7C2143440172F36ADC94A8AB93CE330_analysis-1.csv;user-I051435;1;1137653176;4;true;-0.4983300730185734;0.0;Infinity;1;D
user-I051435_session-61125156E07AA4689839C9821FE65B05F7C2143440172F36ADC94A8AB93CE330_analysis-1.csv;user-I051435;1;1446274231;4;true;0.619209235166431;0.0;Infinity;1;D
user-I051435_session-61125156E07AA4689839C9821FE65B05F7C2143440172F36ADC94A8AB93CE330_analysis-1.csv;user-I051435;1;-1643097479;5;true;-0.8054296349637852;0.0;Infinity;1;D
user-I051435_session-61125156E07AA4689839C9821FE65B05F7C2143440172F36ADC94A8AB93CE330_analysis-1.csv;user-I051435;1;966614390;3;true;-0.49911708942884647;0.0;Infinity;1;D
user-I051435_session-61125156E07AA4689839C9821FE65B05F7C2143440172F36ADC94A8AB93CE330_analysis-1.csv;user-I051435;1;89019644;3;true;-0.9063452940591044;0.0;Infinity;1;D
user-I051435_session-61125156E07AA4689839C9821FE65B05F7C2143440172F36ADC94A8AB93CE330_analysis-1.csv;user-I051435;1;-517509947;4;true;3.175611295433172;0.0;Infinity;1;D
user-I051435_session-61125156E07AA4689839C9821FE65B05F7C2143440172F36ADC94A8AB93CE330_analysis-1.csv;user-I051435;1;1491069290;3;true;-0.9053279313824099;0.0;Infinity;1;D
user-I051435_session-61125156E07AA4689839C9821FE65B05F7C2143440172F36ADC94A8AB93CE330_analysis-1.csv;user-I051435;1;814224792;4;true;-0.640276160820202;0.0;Infinity;1;D
user-I051435_session-61125156E07AA4689839C9821FE65B05F7C2143440172F36ADC94A8AB93CE330_analysis-1.csv;user-I051435;1;1492058127;3;true;-0.2544029746394268;0.0;Infinity;1;D
user-I051435_session-61125156E07AA4689839C9821FE65B05F7C2143440172F36ADC94A8AB93CE330_analysis-1.csv;user-I051435;1;444578249;3;true;-0.19678761475077766;0.0;Infinity;1;D
user-I051435_session-61125156E07AA4689839C9821FE65B05F7C2143440172F36ADC94A8AB93CE330_analysis-1.csv;user-I051435;1;1392287151;3;true;0.16981326713940825;0.0;Infinity;1;D
user-I051435_session-61125156E07AA4689839C9821FE65B05F7C2143440172F36ADC94A8AB93CE330_analysis-1.csv;user-I051435;1;409152511;3;true;-0.8903410274233684;0.0;Infinity;1;D
user-I051435_session-61125156E07AA4689839C9821FE65B05F7C2143440172F36ADC94A8AB93CE330_analysis-1.csv;user-I051435;1;1292893974;3;true;-0.23192021926058942;0.0;Infinity;1;D
user-I051435_session-61125156E07AA4689839C9821FE65B05F7C2143440172F36ADC94A8AB93CE330_analysis-1.csv;user-I051435;1;-1086758505;3;true;0.4322880388460269;0.0;Infinity;1;D
user-I051435_session-61125156E07AA4689839C9821FE65B05F7C2143440172F36ADC94A8AB93CE330_analysis-1.csv;user-I051435;1;-2032089535;3;true;-0.8247787213431815;0.0;Infinity;1;D
user-I051435_session-61125156E07AA4689839C9821FE65B05F7C2143440172F36ADC94A8AB93CE330_analysis-1.csv;user-I051435;1;1146927383;3;true;-0.38583471515502915;0.0;Infinity;1;D
user-I051435_session-61125156E07AA4689839C9821FE65B05F7C2143440172F36ADC94A8AB93CE330_analysis-1.csv;user-I051435;1;185164843;4;true;-0.9032692116262687;0.0;Infinity;1;D
user-I051435_session-61125156E07AA4689839C9821FE65B05F7C2143440172F36ADC94A8AB93CE330_analysis-1.csv;user-I051435;1;-240963503;3;true;-0.6746313466808416;0.0;Infinity;1;D
user-I051435_session-61125156E07AA4689839C9821FE65B05F7C2143440172F36ADC94A8AB93CE330_analysis-1.csv;user-I051435;1;-81590891;3;true;-0.19004998645795212;0.0;Infinity;1;D
user-I051435_session-61125156E07AA4689839C9821FE65B05F7C2143440172F36ADC94A8AB93CE330_analysis-1.csv;user-I051435;1;906337193;2;true;-0.1961925535625224;0.0;Infinity;1;D
user-I051435_session-61125156E07AA4689839C9821FE65B05F7C2143440172F36ADC94A8AB93CE330_analysis-1.csv;user-I051435;1;-680441120;4;true;0.5150063428940567;0.0;Infinity;1;D
user-I051435_session-61125156E07AA4689839C9821FE65B05F7C2143440172F36ADC94A8AB93CE330_analysis-1.csv;user-I051435;1;-1947600709;3;true;-0.7707385274646144;0.0;Infinity;1;D
user-I051435_session-61125156E07AA4689839C9821FE65B05F7C2143440172F36ADC94A8AB93CE330_analysis-1.csv;user-I051435;1;-200768786;3;true;2.3149560631135175;0.0;Infinity;1;D
user-I051435_session-61125156E07AA4689839C9821FE65B05F7C2143440172F36ADC94A8AB93CE330_analysis-1.csv;user-I051435;1;-1262310984;3;true;-0.6197033599004419;0.0;Infinity;1;D
user-I051435_session-61125156E07AA4689839C9821FE65B05F7C2143440172F36ADC94A8AB93CE330_analysis-1.csv;user-I051435;1;2085532346;2;true;-0.8161695296356822;0.0;Infinity;1;D
user-I051435_session-61125156E07AA4689839C9821FE65B05F7C2143440172F36ADC94A8AB93CE330_analysis-1.csv;user-I051435;1;-1553118462;3;true;1.0346435255379507;0.0;Infinity;1;D
user-I051435_session-61125156E07AA4689839C9821FE65B05F7C2143440172F36ADC94A8AB93CE330_analysis-1.csv;user-I051435;1;-747835224;3;true;1.3807915785221379;0.0;Infinity;1;D
user-I051435_session-61125156E07AA4689839C9821FE65B05F7C2143440172F36ADC94A8AB93CE330_analysis-1.csv;user-I051435;1;-1181182423;3;true;-0.7843337560640266;0.0;Infinity;1;D
user-I051435_session-61125156E07AA4689839C9821FE65B05F7C2143440172F36ADC94A8AB93CE330_analysis-1.csv;user-I051435;1;1736644326;4;true;2.8265215286715617;0.0;Infinity;1;D
user-I051435_session-61125156E07AA4689839C9821FE65B05F7C2143440172F36ADC94A8AB93CE330_analysis-1.csv;user-I051435;1;-1833686994;3;true;-0.7441719247373478;0.0;Infinity;1;D
user-I051435_session-61125156E07AA4689839C9821FE65B05F7C2143440172F36ADC94A8AB93CE330_analysis-1.csv;user-I051435;1;-825156092;3;true;0.5545491186297279;0.0;Infinity;1;D
user-I051435_session-61125156E07AA4689839C9821FE65B05F7C2143440172F36ADC94A8AB93CE330_analysis-1.csv;user-I051435;1;821899418;3;true;-0.06870069397883583;0.0;Infinity;1;D
user-I051435_session-61125156E07AA4689839C9821FE65B05F7C2143440172F36ADC94A8AB93CE330_analysis-1.csv;user-I051435;1;-870729160;3;true;1.8020421121207975;0.0;Infinity;1;D
user-I051435_session-61125156E07AA4689839C9821FE65B05F7C2143440172F36ADC94A8AB93CE330_analysis-1.csv;user-I051435;1;1623617290;3;true;-0.8186745452830148;0.0;Infinity;1;D
user-I051435_session-61125156E07AA4689839C9821FE65B05F7C2143440172F36ADC94A8AB93CE330_analysis-1.csv;user-I051435;1;589805144;4;true;-0.6440912708578062;0.0;Infinity;1;D
user-I051435_session-61125156E07AA4689839C9821FE65B05F7C2143440172F36ADC94A8AB93CE330_analysis-1.csv;user-I051435;2;-1723884740;9;true;NaN;0.8345864661654135;Infinity;1;D
user-I051435_session-61125156E07AA4689839C9821FE65B05F7C2143440172F36ADC94A8AB93CE330_analysis-1.csv;user-I051435;3;802856382;3;true;0.4522767295487974;1.0;18.295686665106217;1;D
user-I051435_session-61125156E07AA4689839C9821FE65B05F7C2143440172F36ADC94A8AB93CE330_analysis-1.csv;user-I051435;3;-1238681375;6;true;-1.0085135986828448;1.0;18.988833845666164;1;D
user-I051435_session-61125156E07AA4689839C9821FE65B05F7C2143440172F36ADC94A8AB93CE330_analysis-1.csv;user-I051435;3;1855846717;4;true;1.4422470162697816;1.0;18.295686665106217;1;D
user-I051435_session-61125156E07AA4689839C9821FE65B05F7C2143440172F36ADC94A8AB93CE330_analysis-1.csv;user-I051435;3;323866424;4;true;-1.047374464363813;1.0;18.988833845666164;1;D
user-I051435_session-61125156E07AA4689839C9821FE65B05F7C2143440172F36ADC94A8AB93CE330_analysis-1.csv;user-I051435;3;-801358161;4;true;-0.8126218448083973;1.0;18.988833845666164;1;D
user-I051435_session-61125156E07AA4689839C9821FE65B05F7C2143440172F36ADC94A8AB93CE330_analysis-1.csv;user-I051435;3;1174780999;4;true;-0.8667047403729237;1.0;18.295686665106217;1;D
user-I051435_session-61125156E07AA4689839C9821FE65B05F7C2143440172F36ADC94A8AB93CE330_analysis-1.csv;user-I051435;3;797938978;4;true;0.582687182801953;1.0;18.295686665106217;1;D
user-I051435_session-61125156E07AA4689839C9821FE65B05F7C2143440172F36ADC94A8AB93CE330_analysis-1.csv;user-I051435;3;-1071851465;3;true;1.9325923910566067;1.0;18.295686665106217;1;D
user-I051435_session-61125156E07AA4689839C9821FE65B05F7C2143440172F36ADC94A8AB93CE330_analysis-1.csv;user-I051435;3;1838464897;6;true;2.3381381874420084;1.0;18.295686665106217;1;D
user-I051435_session-61125156E07AA4689839C9821FE65B05F7C2143440172F36ADC94A8AB93CE330_analysis-1.csv;user-I051435;3;2101206485;3;true;0.2768248040580079;1.0;18.295686665106217;1;D
user-I051435_session-61125156E07AA4689839C9821FE65B05F7C2143440172F36ADC94A8AB93CE330_analysis-1.csv;user-I051435;3;-1124767660;4;true;-0.7190603679997295;1.0;18.295686665106217;1;D
user-I051435_session-61125156E07AA4689839C9821FE65B05F7C2143440172F36ADC94A8AB93CE330_analysis-1.csv;user-I051435;3;1093652438;4;true;-0.6073056149393911;1.0;18.295686665106217;1;D
user-I051435_session-61125156E07AA4689839C9821FE65B05F7C2143440172F36ADC94A8AB93CE330_analysis-1.csv;user-I051435;3;1485245684;3;true;1.482912715691194;1.0;18.295686665106217;1;D
user-I051435_session-61125156E07AA4689839C9821FE65B05F7C2143440172F36ADC94A8AB93CE330_analysis-1.csv;user-I051435;3;1675533724;3;true;0.2879367823452575;1.0;18.295686665106217;1;D
user-I051435_session-61125156E07AA4689839C9821FE65B05F7C2143440172F36ADC94A8AB93CE330_analysis-1.csv;user-I051435;3;524511983;3;true;-1.0108498748631145;1.0;18.988833845666164;1;D
user-I051435_session-61125156E07AA4689839C9821FE65B05F7C2143440172F36ADC94A8AB93CE330_analysis-1.csv;user-I051435;3;14969309;4;true;0.0658732137718966;1.0;18.295686665106217;1;D
user-I051435_session-61125156E07AA4689839C9821FE65B05F7C2143440172F36ADC94A8AB93CE330_analysis-1.csv;user-I051435;3;-1349187308;3;true;-0.9174402387515396;1.0;18.988833845666164;1;D
user-I051435_session-61125156E07AA4689839C9821FE65B05F7C2143440172F36ADC94A8AB93CE330_analysis-1.csv;user-I051435;3;1828958527;3;true;0.7826717336480397;1.0;17.890221556998053;1;D
user-I051435_session-61125156E07AA4689839C9821FE65B05F7C2143440172F36ADC94A8AB93CE330_analysis-1.csv;user-I051435;3;-1494414203;3;true;-0.09021212098968652;1.0;18.295686665106217;1;D
user-I051435_session-61125156E07AA4689839C9821FE65B05F7C2143440172F36ADC94A8AB93CE330_analysis-1.csv;user-I051435;3;1118071845;4;true;0.712980304607355;1.0;18.295686665106217;1;D
user-I051435_session-61125156E07AA4689839C9821FE65B05F7C2143440172F36ADC94A8AB93CE330_analysis-1.csv;user-I051435;3;-2139761238;3;true;1.2104414866079407;1.0;18.988833845666164;1;D
user-I051435_session-61125156E07AA4689839C9821FE65B05F7C2143440172F36ADC94A8AB93CE330_analysis-1.csv;user-I051435;3;-2094978672;3;true;-1.1052982393798019;1.0;18.988833845666164;1;D
user-I051435_session-61125156E07AA4689839C9821FE65B05F7C2143440172F36ADC94A8AB93CE330_analysis-1.csv;user-I051435;3;-1398927799;3;true;-0.9921838218954955;1.0;18.988833845666164;1;D
user-I051435_session-61125156E07AA4689839C9821FE65B05F7C2143440172F36ADC94A8AB93CE330_analysis-1.csv;user-I051435;3;-2020583343;3;true;-0.5909344270528346;1.0;18.988833845666164;1;D
user-I051435_session-61125156E07AA4689839C9821FE65B05F7C2143440172F36ADC94A8AB93CE330_analysis-1.csv;user-I051435;3;1118932130;3;true;-1.0203123110319463;1.0;18.295686665106217;1;D
user-I051435_session-61125156E07AA4689839C9821FE65B05F7C2143440172F36ADC94A8AB93CE330_analysis-1.csv;user-I051435;3;-2139773731;4;true;-0.008987700819812944;1.0;18.988833845666164;1;D
user-I051435_session-61125156E07AA4689839C9821FE65B05F7C2143440172F36ADC94A8AB93CE330_analysis-1.csv;user-I051435;3;1530818752;3;true;0.625889312049803;1.0;18.295686665106217;1;D
user-I051435_session-61125156E07AA4689839C9821FE65B05F7C2143440172F36ADC94A8AB93CE330_analysis-1.csv;user-I051435;3;-1032655259;4;true;0.003563313164884775;1.0;18.295686665106217;1;D
user-I051435_session-61125156E07AA4689839C9821FE65B05F7C2143440172F36ADC94A8AB93CE330_analysis-1.csv;user-I051435;3;2115011341;3;true;-0.9394019250310601;1.0;18.988833845666164;1;D
user-I051435_session-61125156E07AA4689839C9821FE65B05F7C2143440172F36ADC94A8AB93CE330_analysis-1.csv;user-I051435;3;-202348126;5;true;2.086703796755983;1.0;18.295686665106217;1;D
user-I051435_session-61125156E07AA4689839C9821FE65B05F7C2143440172F36ADC94A8AB93CE330_analysis-1.csv;user-I051435;3;2020521674;4;true;-0.8896844495079531;1.0;18.988833845666164;1;D
user-I051435_session-61125156E07AA4689839C9821FE65B05F7C2143440172F36ADC94A8AB93CE330_analysis-1.csv;user-I051435;3;146528472;3;true;-0.4129633263602773;1.0;17.890221556998053;1;D
user-I051435_session-61125156E07AA4689839C9821FE65B05F7C2143440172F36ADC94A8AB93CE330_analysis-1.csv;user-I051435;3;1608139620;5;true;0.5386740861946298;1.0;18.988833845666164;1;D
user-I051435_session-61125156E07AA4689839C9821FE65B05F7C2143440172F36ADC94A8AB93CE330_analysis-1.csv;user-I051435;3;-1291923975;4;true;-1.1038177925831465;1.0;18.988833845666164;1;D
user-I051435_session-61125156E07AA4689839C9821FE65B05F7C2143440172F36ADC94A8AB93CE330_analysis-1.csv;user-I051435;3;-75872480;5;true;-0.684171516917713;1.0;18.988833845666164;1;D
user-I051435_session-61125156E07AA4689839C9821FE65B05F7C2143440172F36ADC94A8AB93CE330_analysis-1.csv;user-I051435;3;-646098478;3;true;-0.6210437471013602;1.0;18.988833845666164;1;D
user-I051435_session-61125156E07AA4689839C9821FE65B05F7C2143440172F36ADC94A8AB93CE330_analysis-1.csv;user-I051435;3;1269197454;4;true;0.626469067438703;1.0;18.295686665106217;1;D
user-I051435_session-61125156E07AA4689839C9821FE65B05F7C2143440172F36ADC94A8AB93CE330_analysis-1.csv;user-I051435;4;-1301761052;3;true;0.15440281550592463;1.0;Infinity;1;D
user-I051435_session-61125156E07AA4689839C9821FE65B05F7C2143440172F36ADC94A8AB93CE330_analysis-1.csv;user-I051435;4;793000790;3;true;-0.546609374453322;1.0;Infinity;1;D
user-I051435_session-61125156E07AA4689839C9821FE65B05F7C2143440172F36ADC94A8AB93CE330_analysis-1.csv;user-I051435;4;651910696;5;true;-0.1612684485828281;1.0;Infinity;1;D
user-I051435_session-61125156E07AA4689839C9821FE65B05F7C2143440172F36ADC94A8AB93CE330_analysis-1.csv;user-I051435;4;-1237680615;4;true;0.15912492705242504;1.0;Infinity;1;D
user-I051435_session-61125156E07AA4689839C9821FE65B05F7C2143440172F36ADC94A8AB93CE330_analysis-1.csv;user-I051435;4;863346076;3;true;-1.3108524320604968;1.0;Infinity;1;D
user-I051435_session-61125156E07AA4689839C9821FE65B05F7C2143440172F36ADC94A8AB93CE330_analysis-1.csv;user-I051435;4;720038539;4;true;1.7052025125382966;1.0;Infinity;1;D
user-I051435_session-61125156E07AA4689839C9821FE65B05F7C2143440172F36ADC94A8AB93CE330_analysis-1.csv;user-I051435;5;-1704064148;4;true;0.3763731685326996;1.0;17.05326825100882;1;D
user-I051435_session-61125156E07AA4689839C9821FE65B05F7C2143440172F36ADC94A8AB93CE330_analysis-1.csv;user-I051435;5;-895093519;4;true;-0.8683329465063747;1.0;20.049000524562814;1;D
user-I051435_session-61125156E07AA4689839C9821FE65B05F7C2143440172F36ADC94A8AB93CE330_analysis-1.csv;user-I051435;5;637242822;5;true;-0.37069855453596123;1.0;18.257241055334756;1;D
user-I051435_session-61125156E07AA4689839C9821FE65B05F7C2143440172F36ADC94A8AB93CE330_analysis-1.csv;user-I051435;5;175327766;5;true;-0.36886699269046913;1.0;18.1030903755075;1;D
user-I051435_session-61125156E07AA4689839C9821FE65B05F7C2143440172F36ADC94A8AB93CE330_analysis-1.csv;user-I051435;5;-1946599949;4;true;-0.6628002199616162;1.0;17.05326825100882;1;D
user-I051435_session-61125156E07AA4689839C9821FE65B05F7C2143440172F36ADC94A8AB93CE330_analysis-1.csv;user-I051435;5;701311837;6;true;1.2587509220309714;1.0;17.05326825100882;1;D
user-I051435_session-61125156E07AA4689839C9821FE65B05F7C2143440172F36ADC94A8AB93CE330_analysis-1.csv;user-I051435;5;84081456;4;true;-0.7950524455031724;1.0;17.05326825100882;1;D
user-I051435_session-61125156E07AA4689839C9821FE65B05F7C2143440172F36ADC94A8AB93CE330_analysis-1.csv;user-I051435;5;-1492628768;4;true;-0.6973330927098903;1.0;17.05326825100882;1;D
user-I051435_session-61125156E07AA4689839C9821FE65B05F7C2143440172F36ADC94A8AB93CE330_analysis-1.csv;user-I051435;5;637250285;3;true;0.015530246913831603;1.0;18.257241055334756;1;D
user-I051435_session-61125156E07AA4689839C9821FE65B05F7C2143440172F36ADC94A8AB93CE330_analysis-1.csv;user-I051435;5;154426742;6;true;-0.8534172548630661;1.0;17.05326825100882;1;D
user-I051435_session-61125156E07AA4689839C9821FE65B05F7C2143440172F36ADC94A8AB93CE330_analysis-1.csv;user-I051435;5;11119205;5;true;0.06737402308892204;1.0;17.05326825100882;1;D
user-I051435_session-61125156E07AA4689839C9821FE65B05F7C2143440172F36ADC94A8AB93CE330_analysis-1.csv;user-I051435;5;-1562974054;4;true;0.36037464406603903;1.0;17.05326825100882;1;D
user-I051435_session-61125156E07AA4689839C9821FE65B05F7C2143440172F36ADC94A8AB93CE330_analysis-1.csv;user-I051435;5;-57008638;5;true;-0.24831320744026464;1.0;17.05326825100882;1;D
user-I051435_session-61125156E07AA4689839C9821FE65B05F7C2143440172F36ADC94A8AB93CE330_analysis-1.csv;user-I051435;5;-1635936305;3;true;2.7864117095783514;1.0;17.05326825100882;1;D
user-I051435_session-61125156E07AA4689839C9821FE65B05F7C2143440172F36ADC94A8AB93CE330_analysis-1.csv;user-I051435;6;1826559709;4;true;0.35931429542145993;1.0;15.982948640431257;1;D
user-I051435_session-61125156E07AA4689839C9821FE65B05F7C2143440172F36ADC94A8AB93CE330_analysis-1.csv;user-I051435;6;1515896065;3;true;-0.6995882271271953;1.0;15.982948640431257;1;D
user-I051435_session-61125156E07AA4689839C9821FE65B05F7C2143440172F36ADC94A8AB93CE330_analysis-1.csv;user-I051435;6;1969867246;4;true;0.3560218888209908;1.0;15.982948640431257;1;D
user-I051435_session-61125156E07AA4689839C9821FE65B05F7C2143440172F36ADC94A8AB93CE330_analysis-1.csv;user-I051435;6;-657143516;4;true;-0.772940896051672;1.0;16.611557299853633;1;D
user-I051435_session-61125156E07AA4689839C9821FE65B05F7C2143440172F36ADC94A8AB93CE330_analysis-1.csv;user-I051435;6;1899521960;4;true;2.166670025278053;1.0;15.982948640431257;1;D
user-I051435_session-61125156E07AA4689839C9821FE65B05F7C2143440172F36ADC94A8AB93CE330_analysis-1.csv;user-I051435;6;-821352077;4;true;-0.7650913999477973;1.0;15.982948640431257;1;D
user-I051435_session-61125156E07AA4689839C9821FE65B05F7C2143440172F36ADC94A8AB93CE330_analysis-1.csv;user-I051435;6;-195228460;3;true;-0.7381256387403482;1.0;16.745088692478156;1;D
user-I051435_session-61125156E07AA4689839C9821FE65B05F7C2143440172F36ADC94A8AB93CE330_analysis-1.csv;user-I051435;6;-748389826;4;true;-0.6747248749562081;1.0;15.982948640431257;1;D
user-I051435_session-61125156E07AA4689839C9821FE65B05F7C2143440172F36ADC94A8AB93CE330_analysis-1.csv;user-I051435;6;-889479920;3;true;-0.7480651521428355;1.0;15.982948640431257;1;D
user-I051435_session-61125156E07AA4689839C9821FE65B05F7C2143440172F36ADC94A8AB93CE330_analysis-1.csv;user-I051435;6;-678044540;4;true;-0.41358066587739306;1.0;15.982948640431257;1;D
user-I051435_session-61125156E07AA4689839C9821FE65B05F7C2143440172F36ADC94A8AB93CE330_analysis-1.csv;user-I051435;6;-195220997;3;true;-0.48415261766475526;1.0;16.745088692478156;1;D
user-I051435_session-61125156E07AA4689839C9821FE65B05F7C2143440172F36ADC94A8AB93CE330_analysis-1.csv;user-I051435;6;-1727564801;4;true;-0.4778365712104139;1.0;17.997851660973524;1;D
user-I051435_session-61125156E07AA4689839C9821FE65B05F7C2143440172F36ADC94A8AB93CE330_analysis-1.csv;user-I051435;6;-131159445;4;true;1.4766330889323258;1.0;15.982948640431257;1;D
user-I051435_session-61125156E07AA4689839C9821FE65B05F7C2143440172F36ADC94A8AB93CE330_analysis-1.csv;user-I051435;6;1758431866;3;true;1.4154667452657903;1.0;15.982948640431257;1;D
user-I051435_session-61125156E07AA4689839C9821FE65B05F7C2143440172F36ADC94A8AB93CE330_analysis-1.csv;user-I051435;7;633485469;4;true;1.0649099290309765;1.0;Infinity;1;D
user-I051435_session-61125156E07AA4689839C9821FE65B05F7C2143440172F36ADC94A8AB93CE330_analysis-1.csv;user-I051435;7;2139450885;3;true;-0.5218230245051879;1.0;Infinity;1;D
user-I051435_session-61125156E07AA4689839C9821FE65B05F7C2143440172F36ADC94A8AB93CE330_analysis-1.csv;user-I051435;7;249859574;3;true;-0.913838223342848;1.0;Infinity;1;D
user-I051435_session-61125156E07AA4689839C9821FE65B05F7C2143440172F36ADC94A8AB93CE330_analysis-1.csv;user-I051435;7;492395375;4;true;-0.10051981228884906;1.0;Infinity;1;D
user-I051435_session-61125156E07AA4689839C9821FE65B05F7C2143440172F36ADC94A8AB93CE330_analysis-1.csv;user-I051435;7;1301366004;3;true;-1.0272369143471518;1.0;Infinity;1;D
user-I051435_session-61125156E07AA4689839C9821FE65B05F7C2143440172F36ADC94A8AB93CE330_analysis-1.csv;user-I051435;7;-2014426317;3;true;-0.28281931795565624;1.0;Infinity;1;D
user-I051435_session-61125156E07AA4689839C9821FE65B05F7C2143440172F36ADC94A8AB93CE330_analysis-1.csv;user-I051435;7;560523218;4;true;0.6788711925854688;1.0;Infinity;1;D
user-I051435_session-61125156E07AA4689839C9821FE65B05F7C2143440172F36ADC94A8AB93CE330_analysis-1.csv;user-I051435;7;-1923180007;5;true;-0.7018580828914828;1.0;Infinity;1;D
user-I051435_session-61125156E07AA4689839C9821FE65B05F7C2143440172F36ADC94A8AB93CE330_analysis-1.csv;user-I051435;7;-2087388568;3;true;-0.696730289914148;1.0;Infinity;1;D
user-I051435_session-61125156E07AA4689839C9821FE65B05F7C2143440172F36ADC94A8AB93CE330_analysis-1.csv;user-I051435;7;-1461264951;3;true;-0.5637687594902331;1.0;Infinity;1;D
user-I051435_session-61125156E07AA4689839C9821FE65B05F7C2143440172F36ADC94A8AB93CE330_analysis-1.csv;user-I051435;7;-1397195936;4;true;2.730511282452456;1.0;Infinity;1;D
user-I051435_session-61125156E07AA4689839C9821FE65B05F7C2143440172F36ADC94A8AB93CE330_analysis-1.csv;user-I051435;7;-1461257488;4;true;-0.3777911241572554;1.0;Infinity;1;D
user-I051435_session-61125156E07AA4689839C9821FE65B05F7C2143440172F36ADC94A8AB93CE330_analysis-1.csv;user-I051435;7;-1944081031;4;true;0.3082705219899935;1.0;Infinity;1;D
user-I051435_session-61125156E07AA4689839C9821FE65B05F7C2143440172F36ADC94A8AB93CE330_analysis-1.csv;user-I051435;7;703830755;9;true;0.4038226228339196;1.0;Infinity;1;D
user-I051435_session-61125156E07AA4689839C9821FE65B05F7C2143440172F36ADC94A8AB93CE330_analysis-1.csv;user-I051435;8;-628786206;3;true;0.8410073954686227;1.0;18.30701829536809;1;D
user-I051435_session-61125156E07AA4689839C9821FE65B05F7C2143440172F36ADC94A8AB93CE330_analysis-1.csv;user-I051435;8;1392994500;11;true;2.5815583452997806;1.0;17.567934019621116;1;D
user-I051435_session-61125156E07AA4689839C9821FE65B05F7C2143440172F36ADC94A8AB93CE330_analysis-1.csv;user-I051435;8;1324866657;6;true;-0.2211660302100319;1.0;17.567934019621116;1;D
user-I051435_session-61125156E07AA4689839C9821FE65B05F7C2143440172F36ADC94A8AB93CE330_analysis-1.csv;user-I051435;8;-628793669;3;true;-0.3800721480058836;1.0;18.30701829536809;1;D
user-I051435_session-61125156E07AA4689839C9821FE65B05F7C2143440172F36ADC94A8AB93CE330_analysis-1.csv;user-I051435;8;2133837286;5;true;-1.123233635075845;1.0;19.117948511584416;1;D
user-I051435_session-61125156E07AA4689839C9821FE65B05F7C2143440172F36ADC94A8AB93CE330_analysis-1.csv;user-I051435;8;1465956751;4;true;0.5519880322846783;1.0;17.567934019621116;1;D
user-I051435_session-61125156E07AA4689839C9821FE65B05F7C2143440172F36ADC94A8AB93CE330_analysis-1.csv;user-I051435;8;-1323045129;3;true;-0.4986246188666186;1.0;17.567934019621116;1;D
user-I051435_session-61125156E07AA4689839C9821FE65B05F7C2143440172F36ADC94A8AB93CE330_analysis-1.csv;user-I051435;8;-1111609749;4;true;-0.7516528915408642;1.0;17.567934019621116;1;D
user-I051435_session-61125156E07AA4689839C9821FE65B05F7C2143440172F36ADC94A8AB93CE330_analysis-1.csv;user-I051435;8;-1254917286;3;true;0.3081211281038105;1.0;17.567934019621116;1;D
user-I051435_session-61125156E07AA4689839C9821FE65B05F7C2143440172F36ADC94A8AB93CE330_analysis-1.csv;user-I051435;8;1536302037;4;true;-0.6128145333019355;1.0;17.567934019621116;1;D
user-I051435_session-61125156E07AA4689839C9821FE65B05F7C2143440172F36ADC94A8AB93CE330_analysis-1.csv;user-I051435;8;1082330856;4;true;-0.6694187029217344;1.0;17.567934019621116;1;D
user-I051435_session-61125156E07AA4689839C9821FE65B05F7C2143440172F36ADC94A8AB93CE330_analysis-1.csv;user-I051435;8;-1181955035;3;true;-0.8784942196098934;1.0;17.567934019621116;1;D
user-I051435_session-61125156E07AA4689839C9821FE65B05F7C2143440172F36ADC94A8AB93CE330_analysis-1.csv;user-I051435;8;-1090708725;4;true;-0.2810421171488943;1.0;18.20165777971026;1;D
user-I051435_session-61125156E07AA4689839C9821FE65B05F7C2143440172F36ADC94A8AB93CE330_analysis-1.csv;user-I051435;8;-564724654;7;true;1.1338439955248079;1.0;17.567934019621116;1;D
user-I051435_session-61125156E07AA4689839C9821FE65B05F7C2143440172F36ADC94A8AB93CE330_analysis-1.csv;user-I051435;9;-628786206;4;false;0.8410073954686227;1.0;17.51434492685794;0;D
user-I051435_session-61125156E07AA4689839C9821FE65B05F7C2143440172F36ADC94A8AB93CE330_analysis-1.csv;user-I051435;9;1392994500;5;false;2.5815583452997806;1.0;16.764039332458047;0;D
user-I051435_session-61125156E07AA4689839C9821FE65B05F7C2143440172F36ADC94A8AB93CE330_analysis-1.csv;user-I051435;9;1324866657;6;false;-0.2211660302100319;1.0;16.764039332458047;0;D
user-I051435_session-61125156E07AA4689839C9821FE65B05F7C2143440172F36ADC94A8AB93CE330_analysis-1.csv;user-I051435;9;-628793669;4;false;-0.3800721480058836;1.0;17.51434492685794;0;D
user-I051435_session-61125156E07AA4689839C9821FE65B05F7C2143440172F36ADC94A8AB93CE330_analysis-1.csv;user-I051435;9;2133837286;3;false;-1.123233635075845;1.0;18.207492107417885;0;D
user-I051435_session-61125156E07AA4689839C9821FE65B05F7C2143440172F36ADC94A8AB93CE330_analysis-1.csv;user-I051435;9;1465956751;4;false;0.5519880322846783;1.0;16.764039332458047;0;D
user-I051435_session-61125156E07AA4689839C9821FE65B05F7C2143440172F36ADC94A8AB93CE330_analysis-1.csv;user-I051435;9;-1323045129;4;false;-0.4986246188666186;1.0;16.764039332458047;0;D
user-I051435_session-61125156E07AA4689839C9821FE65B05F7C2143440172F36ADC94A8AB93CE330_analysis-1.csv;user-I051435;9;-1111609749;4;false;-0.7516528915408642;1.0;16.764039332458047;0;D
user-I051435_session-61125156E07AA4689839C9821FE65B05F7C2143440172F36ADC94A8AB93CE330_analysis-1.csv;user-I051435;9;-1254917286;4;false;0.3081211281038105;1.0;16.764039332458047;0;D
user-I051435_session-61125156E07AA4689839C9821FE65B05F7C2143440172F36ADC94A8AB93CE330_analysis-1.csv;user-I051435;9;1536302037;4;false;-0.6128145333019355;1.0;16.764039332458047;0;D
user-I051435_session-61125156E07AA4689839C9821FE65B05F7C2143440172F36ADC94A8AB93CE330_analysis-1.csv;user-I051435;9;1082330856;4;false;-0.6694187029217344;1.0;16.764039332458047;0;D
user-I051435_session-61125156E07AA4689839C9821FE65B05F7C2143440172F36ADC94A8AB93CE330_analysis-1.csv;user-I051435;9;-1181955035;3;false;-0.8784942196098934;1.0;16.764039332458047;0;D
user-I051435_session-61125156E07AA4689839C9821FE65B05F7C2143440172F36ADC94A8AB93CE330_analysis-1.csv;user-I051435;9;-1090708725;3;false;-0.2810421171488943;1.0;17.419034747053615;0;D
user-I051435_session-61125156E07AA4689839C9821FE65B05F7C2143440172F36ADC94A8AB93CE330_analysis-1.csv;user-I051435;9;-564724654;4;false;1.1338439955248079;1.0;16.764039332458047;0;D
