session ;user;query position;cell hashcode;cell computation time;novelty;outlierness;relevance;surprise;query label;session label
user-a_session-3C604A43A349CDC4130E5F83A8625EE6C83A2283F66A05BD44300AE9E67250DE_analysis-6.csv;user-a;1;-1831493624;2;true;0.7381353042990235;0.0;Infinity;1;A
user-a_session-3C604A43A349CDC4130E5F83A8625EE6C83A2283F66A05BD44300AE9E67250DE_analysis-6.csv;user-a;1;-1831493623;3;true;0.9082579172898461;0.0;Infinity;1;A
user-a_session-3C604A43A349CDC4130E5F83A8625EE6C83A2283F66A05BD44300AE9E67250DE_analysis-6.csv;user-a;1;-1831493622;4;true;-0.5455171391771831;0.0;Infinity;1;A
user-a_session-3C604A43A349CDC4130E5F83A8625EE6C83A2283F66A05BD44300AE9E67250DE_analysis-6.csv;user-a;1;-1831493621;5;true;-0.6692426758977814;0.0;Infinity;1;A
user-a_session-3C604A43A349CDC4130E5F83A8625EE6C83A2283F66A05BD44300AE9E67250DE_analysis-6.csv;user-a;1;-1831493619;5;true;-0.39086021827643536;0.0;Infinity;1;A
user-a_session-3C604A43A349CDC4130E5F83A8625EE6C83A2283F66A05BD44300AE9E67250DE_analysis-6.csv;user-a;1;-1831493618;4;true;0.011247776065508898;0.0;Infinity;1;A
user-a_session-3C604A43A349CDC4130E5F83A8625EE6C83A2283F66A05BD44300AE9E67250DE_analysis-6.csv;user-a;1;-1831493617;4;true;-0.6073799075374823;0.0;Infinity;1;A
user-a_session-3C604A43A349CDC4130E5F83A8625EE6C83A2283F66A05BD44300AE9E67250DE_analysis-6.csv;user-a;1;-1831492107;5;true;-0.9321594414290526;0.0;Infinity;1;A
user-a_session-3C604A43A349CDC4130E5F83A8625EE6C83A2283F66A05BD44300AE9E67250DE_analysis-6.csv;user-a;1;-1831492106;6;true;-0.483654370816884;0.0;Infinity;1;A
user-a_session-3C604A43A349CDC4130E5F83A8625EE6C83A2283F66A05BD44300AE9E67250DE_analysis-6.csv;user-a;1;-1831492105;5;true;-0.483654370816884;0.0;Infinity;1;A
user-a_session-3C604A43A349CDC4130E5F83A8625EE6C83A2283F66A05BD44300AE9E67250DE_analysis-6.csv;user-a;1;-1831493625;3;true;2.454827126297324;0.0;Infinity;1;A
user-a_session-3C604A43A349CDC4130E5F83A8625EE6C83A2283F66A05BD44300AE9E67250DE_analysis-6.csv;user-a;2;175806703;2;true;-0.4602489373454907;0.0;Infinity;1;A
user-a_session-3C604A43A349CDC4130E5F83A8625EE6C83A2283F66A05BD44300AE9E67250DE_analysis-6.csv;user-a;2;175805190;3;true;-0.7898465634445196;0.0;Infinity;1;A
user-a_session-3C604A43A349CDC4130E5F83A8625EE6C83A2283F66A05BD44300AE9E67250DE_analysis-6.csv;user-a;2;175805191;4;true;0.4929117651571065;0.0;Infinity;1;A
user-a_session-3C604A43A349CDC4130E5F83A8625EE6C83A2283F66A05BD44300AE9E67250DE_analysis-6.csv;user-a;2;175805188;3;true;-0.05047891570886015;0.0;Infinity;1;A
user-a_session-3C604A43A349CDC4130E5F83A8625EE6C83A2283F66A05BD44300AE9E67250DE_analysis-6.csv;user-a;2;175805189;2;true;1.0452104899716954;0.0;Infinity;1;A
user-a_session-3C604A43A349CDC4130E5F83A8625EE6C83A2283F66A05BD44300AE9E67250DE_analysis-6.csv;user-a;2;175805186;4;true;2.042911412217405;0.0;Infinity;1;A
user-a_session-3C604A43A349CDC4130E5F83A8625EE6C83A2283F66A05BD44300AE9E67250DE_analysis-6.csv;user-a;2;175805187;7;true;-0.014846739914370537;0.0;Infinity;1;A
user-a_session-3C604A43A349CDC4130E5F83A8625EE6C83A2283F66A05BD44300AE9E67250DE_analysis-6.csv;user-a;2;175805185;4;true;0.5641761167460857;0.0;Infinity;1;A
user-a_session-3C604A43A349CDC4130E5F83A8625EE6C83A2283F66A05BD44300AE9E67250DE_analysis-6.csv;user-a;2;175806704;4;true;-0.6562259042151836;0.0;Infinity;1;A
user-a_session-3C604A43A349CDC4130E5F83A8625EE6C83A2283F66A05BD44300AE9E67250DE_analysis-6.csv;user-a;2;175805192;3;true;0.41273936961950486;0.0;Infinity;1;A
user-a_session-3C604A43A349CDC4130E5F83A8625EE6C83A2283F66A05BD44300AE9E67250DE_analysis-6.csv;user-a;2;175806705;5;true;-0.8522028710848765;0.0;Infinity;1;A
user-a_session-3C604A43A349CDC4130E5F83A8625EE6C83A2283F66A05BD44300AE9E67250DE_analysis-6.csv;user-a;2;175805193;5;true;-1.7340992219984945;0.0;Infinity;1;A
user-a_session-3C604A43A349CDC4130E5F83A8625EE6C83A2283F66A05BD44300AE9E67250DE_analysis-6.csv;user-a;3;-1897341088;3;true;0.15383350240388086;1.0;Infinity;0;A
user-a_session-3C604A43A349CDC4130E5F83A8625EE6C83A2283F66A05BD44300AE9E67250DE_analysis-6.csv;user-a;3;-1897342600;4;true;0.8996929079984547;1.0;Infinity;0;A
user-a_session-3C604A43A349CDC4130E5F83A8625EE6C83A2283F66A05BD44300AE9E67250DE_analysis-6.csv;user-a;3;-1897342604;3;true;-0.3030053835227956;1.0;Infinity;0;A
user-a_session-3C604A43A349CDC4130E5F83A8625EE6C83A2283F66A05BD44300AE9E67250DE_analysis-6.csv;user-a;3;-1897342603;4;true;-1.3845015216349277;1.0;Infinity;0;A
user-a_session-3C604A43A349CDC4130E5F83A8625EE6C83A2283F66A05BD44300AE9E67250DE_analysis-6.csv;user-a;3;-1897342602;4;true;-0.9090161505683868;1.0;Infinity;0;A
user-a_session-3C604A43A349CDC4130E5F83A8625EE6C83A2283F66A05BD44300AE9E67250DE_analysis-6.csv;user-a;3;-1897342601;4;true;0.35894483894238866;1.0;Infinity;0;A
user-a_session-3C604A43A349CDC4130E5F83A8625EE6C83A2283F66A05BD44300AE9E67250DE_analysis-6.csv;user-a;3;-1897341090;3;true;-0.8810464228585904;1.0;Infinity;0;A
user-a_session-3C604A43A349CDC4130E5F83A8625EE6C83A2283F66A05BD44300AE9E67250DE_analysis-6.csv;user-a;3;-1897342608;3;true;1.3192388236454025;1.0;Infinity;0;A
user-a_session-3C604A43A349CDC4130E5F83A8625EE6C83A2283F66A05BD44300AE9E67250DE_analysis-6.csv;user-a;3;-1897341089;3;true;-1.2166831553761486;1.0;Infinity;0;A
user-a_session-3C604A43A349CDC4130E5F83A8625EE6C83A2283F66A05BD44300AE9E67250DE_analysis-6.csv;user-a;3;-1897342607;3;true;1.785400952142011;1.0;Infinity;0;A
user-a_session-3C604A43A349CDC4130E5F83A8625EE6C83A2283F66A05BD44300AE9E67250DE_analysis-6.csv;user-a;3;-1897342606;3;true;0.05127783413462695;1.0;Infinity;0;A
user-a_session-3C604A43A349CDC4130E5F83A8625EE6C83A2283F66A05BD44300AE9E67250DE_analysis-6.csv;user-a;3;-1897342605;3;true;0.12586377469408433;1.0;Infinity;0;A
user-a_session-3C604A43A349CDC4130E5F83A8625EE6C83A2283F66A05BD44300AE9E67250DE_analysis-6.csv;user-a;4;-563745961;3;true;-1.029815804571419;1.0;Infinity;1;A
user-a_session-3C604A43A349CDC4130E5F83A8625EE6C83A2283F66A05BD44300AE9E67250DE_analysis-6.csv;user-a;4;-563747479;4;true;1.3203594484943897;1.0;Infinity;1;A
user-a_session-3C604A43A349CDC4130E5F83A8625EE6C83A2283F66A05BD44300AE9E67250DE_analysis-6.csv;user-a;4;-563747478;4;true;0.8684026690586573;1.0;Infinity;1;A
user-a_session-3C604A43A349CDC4130E5F83A8625EE6C83A2283F66A05BD44300AE9E67250DE_analysis-6.csv;user-a;4;-563747477;4;true;0.19692402532556913;1.0;Infinity;1;A
user-a_session-3C604A43A349CDC4130E5F83A8625EE6C83A2283F66A05BD44300AE9E67250DE_analysis-6.csv;user-a;4;-563747476;3;true;0.3777067370998621;1.0;Infinity;1;A
user-a_session-3C604A43A349CDC4130E5F83A8625EE6C83A2283F66A05BD44300AE9E67250DE_analysis-6.csv;user-a;4;-563747475;3;true;-0.642424279340791;1.0;Infinity;1;A
user-a_session-3C604A43A349CDC4130E5F83A8625EE6C83A2283F66A05BD44300AE9E67250DE_analysis-6.csv;user-a;4;-563747474;4;true;-1.1331202112995864;1.0;Infinity;1;A
user-a_session-3C604A43A349CDC4130E5F83A8625EE6C83A2283F66A05BD44300AE9E67250DE_analysis-6.csv;user-a;4;-563747473;3;true;0.40353283878190394;1.0;Infinity;1;A
user-a_session-3C604A43A349CDC4130E5F83A8625EE6C83A2283F66A05BD44300AE9E67250DE_analysis-6.csv;user-a;4;-563747471;3;true;1.7335770754070594;1.0;Infinity;1;A
user-a_session-3C604A43A349CDC4130E5F83A8625EE6C83A2283F66A05BD44300AE9E67250DE_analysis-6.csv;user-a;4;-563747472;2;true;-1.4817725840071514;1.0;Infinity;1;A
user-a_session-3C604A43A349CDC4130E5F83A8625EE6C83A2283F66A05BD44300AE9E67250DE_analysis-6.csv;user-a;4;-563745959;4;true;-0.3841632625203726;1.0;Infinity;1;A
user-a_session-3C604A43A349CDC4130E5F83A8625EE6C83A2283F66A05BD44300AE9E67250DE_analysis-6.csv;user-a;4;-563745960;3;true;-0.22920665242812144;1.0;Infinity;1;A
