session ;user;query position;cell hashcode;cell computation time;novelty;outlierness;relevance;surprise;query label;session label
user-I072507_session-F043B57DC27CD5351F4A04F235EF7934EE1AF057E1FE9AB3350C0712A46AA23F_analysis-1.csv;user-I072507;1;-545997952;5;true;NaN;0.2714285714285714;Infinity;0;A
user-I072507_session-F043B57DC27CD5351F4A04F235EF7934EE1AF057E1FE9AB3350C0712A46AA23F_analysis-1.csv;user-I072507;2;-628786206;15;true;0.8410073954686227;0.2714285714285714;Infinity;0;A
user-I072507_session-F043B57DC27CD5351F4A04F235EF7934EE1AF057E1FE9AB3350C0712A46AA23F_analysis-1.csv;user-I072507;2;1392994500;30;true;2.5815583452997806;0.2714285714285714;Infinity;0;A
user-I072507_session-F043B57DC27CD5351F4A04F235EF7934EE1AF057E1FE9AB3350C0712A46AA23F_analysis-1.csv;user-I072507;2;1324866657;11;true;-0.2211660302100319;0.2714285714285714;Infinity;0;A
user-I072507_session-F043B57DC27CD5351F4A04F235EF7934EE1AF057E1FE9AB3350C0712A46AA23F_analysis-1.csv;user-I072507;2;-628793669;14;true;-0.3800721480058836;0.2714285714285714;Infinity;0;A
user-I072507_session-F043B57DC27CD5351F4A04F235EF7934EE1AF057E1FE9AB3350C0712A46AA23F_analysis-1.csv;user-I072507;2;2133837286;12;true;-1.123233635075845;0.2714285714285714;Infinity;0;A
user-I072507_session-F043B57DC27CD5351F4A04F235EF7934EE1AF057E1FE9AB3350C0712A46AA23F_analysis-1.csv;user-I072507;2;1465956751;11;true;0.5519880322846783;0.2714285714285714;Infinity;0;A
user-I072507_session-F043B57DC27CD5351F4A04F235EF7934EE1AF057E1FE9AB3350C0712A46AA23F_analysis-1.csv;user-I072507;2;-1323045129;12;true;-0.4986246188666186;0.2714285714285714;Infinity;0;A
user-I072507_session-F043B57DC27CD5351F4A04F235EF7934EE1AF057E1FE9AB3350C0712A46AA23F_analysis-1.csv;user-I072507;2;-1111609749;12;true;-0.7516528915408642;0.2714285714285714;Infinity;0;A
user-I072507_session-F043B57DC27CD5351F4A04F235EF7934EE1AF057E1FE9AB3350C0712A46AA23F_analysis-1.csv;user-I072507;2;-1254917286;7;true;0.3081211281038105;0.2714285714285714;Infinity;0;A
user-I072507_session-F043B57DC27CD5351F4A04F235EF7934EE1AF057E1FE9AB3350C0712A46AA23F_analysis-1.csv;user-I072507;2;1536302037;7;true;-0.6128145333019355;0.2714285714285714;Infinity;0;A
user-I072507_session-F043B57DC27CD5351F4A04F235EF7934EE1AF057E1FE9AB3350C0712A46AA23F_analysis-1.csv;user-I072507;2;1082330856;8;true;-0.6694187029217344;0.2714285714285714;Infinity;0;A
user-I072507_session-F043B57DC27CD5351F4A04F235EF7934EE1AF057E1FE9AB3350C0712A46AA23F_analysis-1.csv;user-I072507;2;-1181955035;6;true;-0.8784942196098934;0.2714285714285714;Infinity;0;A
user-I072507_session-F043B57DC27CD5351F4A04F235EF7934EE1AF057E1FE9AB3350C0712A46AA23F_analysis-1.csv;user-I072507;2;-1090708725;8;true;-0.2810421171488943;0.2714285714285714;Infinity;0;A
user-I072507_session-F043B57DC27CD5351F4A04F235EF7934EE1AF057E1FE9AB3350C0712A46AA23F_analysis-1.csv;user-I072507;2;-564724654;5;true;1.1338439955248079;0.2714285714285714;Infinity;0;A
