session ;user;query position;cell hashcode;cell computation time;novelty;outlierness;relevance;surprise;query label;session label
user-I051430_session-191A7605B9120D77770122570D089290ACF1EB99189D0FA92C367ECD729684C9_analysis-1.csv;user-I051430;1;-1234309182;2;true;NaN;0.0;Infinity;0;C
user-I051430_session-191A7605B9120D77770122570D089290ACF1EB99189D0FA92C367ECD729684C9_analysis-1.csv;user-I051430;2;-827641649;3;true;-0.6533053552669935;0.0;Infinity;0;C
user-I051430_session-191A7605B9120D77770122570D089290ACF1EB99189D0FA92C367ECD729684C9_analysis-1.csv;user-I051430;2;-1943228516;3;true;0.11711232797798662;0.0;Infinity;0;C
user-I051430_session-191A7605B9120D77770122570D089290ACF1EB99189D0FA92C367ECD729684C9_analysis-1.csv;user-I051430;2;242779636;3;true;-0.5128155217935361;0.0;Infinity;0;C
user-I051430_session-191A7605B9120D77770122570D089290ACF1EB99189D0FA92C367ECD729684C9_analysis-1.csv;user-I051430;2;704683270;3;true;1.9670314805443074;0.0;Infinity;0;C
user-I051430_session-191A7605B9120D77770122570D089290ACF1EB99189D0FA92C367ECD729684C9_analysis-1.csv;user-I051430;2;704702155;3;true;-0.40469222776903513;0.0;Infinity;0;C
user-I051430_session-191A7605B9120D77770122570D089290ACF1EB99189D0FA92C367ECD729684C9_analysis-1.csv;user-I051430;2;704694692;4;true;-0.5133307036927298;0.0;Infinity;0;C
user-I051430_session-191A7605B9120D77770122570D089290ACF1EB99189D0FA92C367ECD729684C9_analysis-1.csv;user-I051430;3;-1704064148;5;true;0.3763731685326996;0.0;Infinity;0;C
user-I051430_session-191A7605B9120D77770122570D089290ACF1EB99189D0FA92C367ECD729684C9_analysis-1.csv;user-I051430;3;-895093519;4;true;-0.8683329465063747;0.0;Infinity;0;C
user-I051430_session-191A7605B9120D77770122570D089290ACF1EB99189D0FA92C367ECD729684C9_analysis-1.csv;user-I051430;3;637242822;5;true;-0.37069855453596123;0.0;Infinity;0;C
user-I051430_session-191A7605B9120D77770122570D089290ACF1EB99189D0FA92C367ECD729684C9_analysis-1.csv;user-I051430;3;175327766;5;true;-0.36886699269046913;0.0;Infinity;0;C
user-I051430_session-191A7605B9120D77770122570D089290ACF1EB99189D0FA92C367ECD729684C9_analysis-1.csv;user-I051430;3;-1946599949;5;true;-0.6628002199616162;0.0;Infinity;0;C
user-I051430_session-191A7605B9120D77770122570D089290ACF1EB99189D0FA92C367ECD729684C9_analysis-1.csv;user-I051430;3;701311837;5;true;1.2587509220309714;0.0;Infinity;0;C
user-I051430_session-191A7605B9120D77770122570D089290ACF1EB99189D0FA92C367ECD729684C9_analysis-1.csv;user-I051430;3;84081456;6;true;-0.7950524455031724;0.0;Infinity;0;C
user-I051430_session-191A7605B9120D77770122570D089290ACF1EB99189D0FA92C367ECD729684C9_analysis-1.csv;user-I051430;3;-1492628768;6;true;-0.6973330927098903;0.0;Infinity;0;C
user-I051430_session-191A7605B9120D77770122570D089290ACF1EB99189D0FA92C367ECD729684C9_analysis-1.csv;user-I051430;3;637250285;4;true;0.015530246913831603;0.0;Infinity;0;C
user-I051430_session-191A7605B9120D77770122570D089290ACF1EB99189D0FA92C367ECD729684C9_analysis-1.csv;user-I051430;3;154426742;5;true;-0.8534172548630661;0.0;Infinity;0;C
user-I051430_session-191A7605B9120D77770122570D089290ACF1EB99189D0FA92C367ECD729684C9_analysis-1.csv;user-I051430;3;11119205;4;true;0.06737402308892204;0.0;Infinity;0;C
user-I051430_session-191A7605B9120D77770122570D089290ACF1EB99189D0FA92C367ECD729684C9_analysis-1.csv;user-I051430;3;-1562974054;5;true;0.36037464406603903;0.0;Infinity;0;C
user-I051430_session-191A7605B9120D77770122570D089290ACF1EB99189D0FA92C367ECD729684C9_analysis-1.csv;user-I051430;3;-57008638;3;true;-0.24831320744026464;0.0;Infinity;0;C
user-I051430_session-191A7605B9120D77770122570D089290ACF1EB99189D0FA92C367ECD729684C9_analysis-1.csv;user-I051430;3;-1635936305;4;true;2.7864117095783514;0.0;Infinity;0;C
user-I051430_session-191A7605B9120D77770122570D089290ACF1EB99189D0FA92C367ECD729684C9_analysis-1.csv;user-I051430;4;-1301761052;3;true;0.15440281550592463;0.0;Infinity;0;C
user-I051430_session-191A7605B9120D77770122570D089290ACF1EB99189D0FA92C367ECD729684C9_analysis-1.csv;user-I051430;4;793000790;15;true;-0.546609374453322;0.0;Infinity;0;C
user-I051430_session-191A7605B9120D77770122570D089290ACF1EB99189D0FA92C367ECD729684C9_analysis-1.csv;user-I051430;4;651910696;2;true;-0.1612684485828281;0.0;Infinity;0;C
user-I051430_session-191A7605B9120D77770122570D089290ACF1EB99189D0FA92C367ECD729684C9_analysis-1.csv;user-I051430;4;-1237680615;3;true;0.15912492705242504;0.0;Infinity;0;C
user-I051430_session-191A7605B9120D77770122570D089290ACF1EB99189D0FA92C367ECD729684C9_analysis-1.csv;user-I051430;4;863346076;4;true;-1.3108524320604968;0.0;Infinity;0;C
user-I051430_session-191A7605B9120D77770122570D089290ACF1EB99189D0FA92C367ECD729684C9_analysis-1.csv;user-I051430;4;720038539;3;true;1.7052025125382966;0.0;Infinity;0;C
user-I051430_session-191A7605B9120D77770122570D089290ACF1EB99189D0FA92C367ECD729684C9_analysis-1.csv;user-I051430;5;-473035701;3;true;-0.45997388256609334;0.0;Infinity;0;C
user-I051430_session-191A7605B9120D77770122570D089290ACF1EB99189D0FA92C367ECD729684C9_analysis-1.csv;user-I051430;5;1791250190;4;true;0.04914250882116382;0.0;Infinity;0;C
user-I051430_session-191A7605B9120D77770122570D089290ACF1EB99189D0FA92C367ECD729684C9_analysis-1.csv;user-I051430;5;-402690415;3;true;-1.1281013917818306;0.0;Infinity;0;C
user-I051430_session-191A7605B9120D77770122570D089290ACF1EB99189D0FA92C367ECD729684C9_analysis-1.csv;user-I051430;5;1727169753;3;true;0.6418011652043994;0.0;Infinity;0;C
user-I051430_session-191A7605B9120D77770122570D089290ACF1EB99189D0FA92C367ECD729684C9_analysis-1.csv;user-I051430;5;-545997952;3;true;1.6102596069014778;0.0;Infinity;0;C
user-I051430_session-191A7605B9120D77770122570D089290ACF1EB99189D0FA92C367ECD729684C9_analysis-1.csv;user-I051430;5;-614125795;4;true;-0.7131280065791172;0.0;Infinity;0;C
user-I051430_session-191A7605B9120D77770122570D089290ACF1EB99189D0FA92C367ECD729684C9_analysis-1.csv;user-I051430;6;1641625956;3;true;0.8768468306053665;0.0;Infinity;0;C
user-I051430_session-191A7605B9120D77770122570D089290ACF1EB99189D0FA92C367ECD729684C9_analysis-1.csv;user-I051430;6;-699669592;4;true;-0.4799990314589523;0.0;Infinity;0;C
user-I051430_session-191A7605B9120D77770122570D089290ACF1EB99189D0FA92C367ECD729684C9_analysis-1.csv;user-I051430;6;-488234212;4;true;-0.8522431783046703;0.0;Infinity;0;C
user-I051430_session-191A7605B9120D77770122570D089290ACF1EB99189D0FA92C367ECD729684C9_analysis-1.csv;user-I051430;6;-631541749;2;true;1.5953646024238457;0.0;Infinity;0;C
user-I051430_session-191A7605B9120D77770122570D089290ACF1EB99189D0FA92C367ECD729684C9_analysis-1.csv;user-I051430;6;-558579498;4;true;-0.3706494656780804;0.0;Infinity;0;C
user-I051430_session-191A7605B9120D77770122570D089290ACF1EB99189D0FA92C367ECD729684C9_analysis-1.csv;user-I051430;6;1705706393;2;true;-0.7693197575875091;0.0;Infinity;0;C
user-I051430_session-191A7605B9120D77770122570D089290ACF1EB99189D0FA92C367ECD729684C9_analysis-1.csv;user-I051430;7;-1387304849;3;true;0.21929338892046185;0.0;Infinity;0;C
user-I051430_session-191A7605B9120D77770122570D089290ACF1EB99189D0FA92C367ECD729684C9_analysis-1.csv;user-I051430;7;634494742;3;true;1.7268632147886367;0.0;Infinity;0;C
user-I051430_session-191A7605B9120D77770122570D089290ACF1EB99189D0FA92C367ECD729684C9_analysis-1.csv;user-I051430;7;-1323224412;2;true;0.13409967495120548;0.0;Infinity;0;C
user-I051430_session-191A7605B9120D77770122570D089290ACF1EB99189D0FA92C367ECD729684C9_analysis-1.csv;user-I051430;7;707456993;3;true;-0.5216260441898299;0.0;Infinity;0;C
user-I051430_session-191A7605B9120D77770122570D089290ACF1EB99189D0FA92C367ECD729684C9_analysis-1.csv;user-I051430;7;777802279;2;true;-1.2615563899835063;0.0;Infinity;0;C
user-I051430_session-191A7605B9120D77770122570D089290ACF1EB99189D0FA92C367ECD729684C9_analysis-1.csv;user-I051430;7;566366899;4;true;-0.29707384448696783;0.0;Infinity;0;C
user-I051430_session-191A7605B9120D77770122570D089290ACF1EB99189D0FA92C367ECD729684C9_analysis-1.csv;user-I051430;8;1641625956;3;true;0.8768468306053665;0.0;Infinity;0;C
user-I051430_session-191A7605B9120D77770122570D089290ACF1EB99189D0FA92C367ECD729684C9_analysis-1.csv;user-I051430;8;-699669592;2;true;-0.4799990314589523;0.0;Infinity;0;C
user-I051430_session-191A7605B9120D77770122570D089290ACF1EB99189D0FA92C367ECD729684C9_analysis-1.csv;user-I051430;8;-488234212;3;true;-0.8522431783046703;0.0;Infinity;0;C
user-I051430_session-191A7605B9120D77770122570D089290ACF1EB99189D0FA92C367ECD729684C9_analysis-1.csv;user-I051430;8;-631541749;3;true;1.5953646024238457;0.0;Infinity;0;C
user-I051430_session-191A7605B9120D77770122570D089290ACF1EB99189D0FA92C367ECD729684C9_analysis-1.csv;user-I051430;8;-558579498;5;true;-0.3706494656780804;0.0;Infinity;0;C
user-I051430_session-191A7605B9120D77770122570D089290ACF1EB99189D0FA92C367ECD729684C9_analysis-1.csv;user-I051430;8;1705706393;4;true;-0.7693197575875091;0.0;Infinity;0;C
user-I051430_session-191A7605B9120D77770122570D089290ACF1EB99189D0FA92C367ECD729684C9_analysis-1.csv;user-I051430;9;1641625956;4;true;0.8768468306053665;0.0;Infinity;0;C
user-I051430_session-191A7605B9120D77770122570D089290ACF1EB99189D0FA92C367ECD729684C9_analysis-1.csv;user-I051430;9;-699669592;2;true;-0.4799990314589523;0.0;Infinity;0;C
user-I051430_session-191A7605B9120D77770122570D089290ACF1EB99189D0FA92C367ECD729684C9_analysis-1.csv;user-I051430;9;-488234212;4;true;-0.8522431783046703;0.0;Infinity;0;C
user-I051430_session-191A7605B9120D77770122570D089290ACF1EB99189D0FA92C367ECD729684C9_analysis-1.csv;user-I051430;9;-631541749;3;true;1.5953646024238457;0.0;Infinity;0;C
user-I051430_session-191A7605B9120D77770122570D089290ACF1EB99189D0FA92C367ECD729684C9_analysis-1.csv;user-I051430;9;-558579498;4;true;-0.3706494656780804;0.0;Infinity;0;C
user-I051430_session-191A7605B9120D77770122570D089290ACF1EB99189D0FA92C367ECD729684C9_analysis-1.csv;user-I051430;9;1705706393;3;true;-0.7693197575875091;0.0;Infinity;0;C
user-I051430_session-191A7605B9120D77770122570D089290ACF1EB99189D0FA92C367ECD729684C9_analysis-1.csv;user-I051430;10;1641625956;5;true;0.8768468306053665;0.0;Infinity;0;C
user-I051430_session-191A7605B9120D77770122570D089290ACF1EB99189D0FA92C367ECD729684C9_analysis-1.csv;user-I051430;10;-699669592;3;true;-0.4799990314589523;0.0;Infinity;0;C
user-I051430_session-191A7605B9120D77770122570D089290ACF1EB99189D0FA92C367ECD729684C9_analysis-1.csv;user-I051430;10;-488234212;3;true;-0.8522431783046703;0.0;Infinity;0;C
user-I051430_session-191A7605B9120D77770122570D089290ACF1EB99189D0FA92C367ECD729684C9_analysis-1.csv;user-I051430;10;-631541749;3;true;1.5953646024238457;0.0;Infinity;0;C
user-I051430_session-191A7605B9120D77770122570D089290ACF1EB99189D0FA92C367ECD729684C9_analysis-1.csv;user-I051430;10;-558579498;3;true;-0.3706494656780804;0.0;Infinity;0;C
user-I051430_session-191A7605B9120D77770122570D089290ACF1EB99189D0FA92C367ECD729684C9_analysis-1.csv;user-I051430;10;1705706393;4;true;-0.7693197575875091;0.0;Infinity;0;C
user-I051430_session-191A7605B9120D77770122570D089290ACF1EB99189D0FA92C367ECD729684C9_analysis-1.csv;user-I051430;11;-1387304849;2;true;0.21929338892046185;0.0;Infinity;0;C
user-I051430_session-191A7605B9120D77770122570D089290ACF1EB99189D0FA92C367ECD729684C9_analysis-1.csv;user-I051430;11;634494742;3;true;1.7268632147886367;0.0;Infinity;0;C
user-I051430_session-191A7605B9120D77770122570D089290ACF1EB99189D0FA92C367ECD729684C9_analysis-1.csv;user-I051430;11;-1323224412;3;true;0.13409967495120548;0.0;Infinity;0;C
user-I051430_session-191A7605B9120D77770122570D089290ACF1EB99189D0FA92C367ECD729684C9_analysis-1.csv;user-I051430;11;707456993;4;true;-0.5216260441898299;0.0;Infinity;0;C
user-I051430_session-191A7605B9120D77770122570D089290ACF1EB99189D0FA92C367ECD729684C9_analysis-1.csv;user-I051430;11;777802279;3;true;-1.2615563899835063;0.0;Infinity;0;C
user-I051430_session-191A7605B9120D77770122570D089290ACF1EB99189D0FA92C367ECD729684C9_analysis-1.csv;user-I051430;11;566366899;3;true;-0.29707384448696783;0.0;Infinity;0;C
user-I051430_session-191A7605B9120D77770122570D089290ACF1EB99189D0FA92C367ECD729684C9_analysis-1.csv;user-I051430;12;-1387304849;4;true;0.21929338892046185;0.0;Infinity;0;C
user-I051430_session-191A7605B9120D77770122570D089290ACF1EB99189D0FA92C367ECD729684C9_analysis-1.csv;user-I051430;12;634494742;2;true;1.7268632147886367;0.0;Infinity;0;C
user-I051430_session-191A7605B9120D77770122570D089290ACF1EB99189D0FA92C367ECD729684C9_analysis-1.csv;user-I051430;12;-1323224412;4;true;0.13409967495120548;0.0;Infinity;0;C
user-I051430_session-191A7605B9120D77770122570D089290ACF1EB99189D0FA92C367ECD729684C9_analysis-1.csv;user-I051430;12;707456993;3;true;-0.5216260441898299;0.0;Infinity;0;C
user-I051430_session-191A7605B9120D77770122570D089290ACF1EB99189D0FA92C367ECD729684C9_analysis-1.csv;user-I051430;12;777802279;3;true;-1.2615563899835063;0.0;Infinity;0;C
user-I051430_session-191A7605B9120D77770122570D089290ACF1EB99189D0FA92C367ECD729684C9_analysis-1.csv;user-I051430;12;566366899;3;true;-0.29707384448696783;0.0;Infinity;0;C
user-I051430_session-191A7605B9120D77770122570D089290ACF1EB99189D0FA92C367ECD729684C9_analysis-1.csv;user-I051430;13;-1387304849;3;true;0.21929338892046185;0.0;Infinity;0;C
user-I051430_session-191A7605B9120D77770122570D089290ACF1EB99189D0FA92C367ECD729684C9_analysis-1.csv;user-I051430;13;634494742;2;true;1.7268632147886367;0.0;Infinity;0;C
user-I051430_session-191A7605B9120D77770122570D089290ACF1EB99189D0FA92C367ECD729684C9_analysis-1.csv;user-I051430;13;-1323224412;2;true;0.13409967495120548;0.0;Infinity;0;C
user-I051430_session-191A7605B9120D77770122570D089290ACF1EB99189D0FA92C367ECD729684C9_analysis-1.csv;user-I051430;13;707456993;2;true;-0.5216260441898299;0.0;Infinity;0;C
user-I051430_session-191A7605B9120D77770122570D089290ACF1EB99189D0FA92C367ECD729684C9_analysis-1.csv;user-I051430;13;777802279;3;true;-1.2615563899835063;0.0;Infinity;0;C
user-I051430_session-191A7605B9120D77770122570D089290ACF1EB99189D0FA92C367ECD729684C9_analysis-1.csv;user-I051430;13;566366899;3;true;-0.29707384448696783;0.0;Infinity;0;C
user-I051430_session-191A7605B9120D77770122570D089290ACF1EB99189D0FA92C367ECD729684C9_analysis-1.csv;user-I051430;14;-1387304849;4;true;0.21929338892046185;0.0;Infinity;0;C
user-I051430_session-191A7605B9120D77770122570D089290ACF1EB99189D0FA92C367ECD729684C9_analysis-1.csv;user-I051430;14;634494742;4;true;1.7268632147886367;0.0;Infinity;0;C
user-I051430_session-191A7605B9120D77770122570D089290ACF1EB99189D0FA92C367ECD729684C9_analysis-1.csv;user-I051430;14;-1323224412;4;true;0.13409967495120548;0.0;Infinity;0;C
user-I051430_session-191A7605B9120D77770122570D089290ACF1EB99189D0FA92C367ECD729684C9_analysis-1.csv;user-I051430;14;707456993;5;true;-0.5216260441898299;0.0;Infinity;0;C
user-I051430_session-191A7605B9120D77770122570D089290ACF1EB99189D0FA92C367ECD729684C9_analysis-1.csv;user-I051430;14;777802279;3;true;-1.2615563899835063;0.0;Infinity;0;C
user-I051430_session-191A7605B9120D77770122570D089290ACF1EB99189D0FA92C367ECD729684C9_analysis-1.csv;user-I051430;14;566366899;4;true;-0.29707384448696783;0.0;Infinity;0;C
user-I051430_session-191A7605B9120D77770122570D089290ACF1EB99189D0FA92C367ECD729684C9_analysis-1.csv;user-I051430;15;-913185446;3;true;-0.6684602420441778;0.0;Infinity;0;C
user-I051430_session-191A7605B9120D77770122570D089290ACF1EB99189D0FA92C367ECD729684C9_analysis-1.csv;user-I051430;15;619150895;5;true;-0.5184793342858073;0.0;Infinity;0;C
user-I051430_session-191A7605B9120D77770122570D089290ACF1EB99189D0FA92C367ECD729684C9_analysis-1.csv;user-I051430;15;157235839;6;true;-0.5182233140728424;0.0;Infinity;0;C
user-I051430_session-191A7605B9120D77770122570D089290ACF1EB99189D0FA92C367ECD729684C9_analysis-1.csv;user-I051430;15;619158358;6;true;-0.4015975730602451;0.0;Infinity;0;C
user-I051430_session-191A7605B9120D77770122570D089290ACF1EB99189D0FA92C367ECD729684C9_analysis-1.csv;user-I051430;15;619139473;6;true;1.9576158884003874;0.0;Infinity;0;C
user-I051430_session-191A7605B9120D77770122570D089290ACF1EB99189D0FA92C367ECD729684C9_analysis-1.csv;user-I051430;15;-2028772313;5;true;0.14914457506268525;0.0;Infinity;0;C
user-I051430_session-191A7605B9120D77770122570D089290ACF1EB99189D0FA92C367ECD729684C9_analysis-1.csv;user-I051430;16;-646897018;3;true;1.7454555204950275;0.0;Infinity;0;C
user-I051430_session-191A7605B9120D77770122570D089290ACF1EB99189D0FA92C367ECD729684C9_analysis-1.csv;user-I051430;16;2115745359;3;true;-0.9189799447472896;0.0;Infinity;0;C
user-I051430_session-191A7605B9120D77770122570D089290ACF1EB99189D0FA92C367ECD729684C9_analysis-1.csv;user-I051430;16;-1108800652;3;true;-0.6480466464222429;0.0;Infinity;0;C
user-I051430_session-191A7605B9120D77770122570D089290ACF1EB99189D0FA92C367ECD729684C9_analysis-1.csv;user-I051430;16;-646885596;3;true;-0.5690889423389435;0.0;Infinity;0;C
user-I051430_session-191A7605B9120D77770122570D089290ACF1EB99189D0FA92C367ECD729684C9_analysis-1.csv;user-I051430;16;-646878133;4;true;-0.18462169043006757;0.0;Infinity;0;C
user-I051430_session-191A7605B9120D77770122570D089290ACF1EB99189D0FA92C367ECD729684C9_analysis-1.csv;user-I051430;16;1000158492;3;true;0.5752817034435159;0.0;Infinity;0;C
user-I051430_session-191A7605B9120D77770122570D089290ACF1EB99189D0FA92C367ECD729684C9_analysis-1.csv;user-I051430;17;-646897018;4;true;1.7454555204950275;0.0;Infinity;1;C
user-I051430_session-191A7605B9120D77770122570D089290ACF1EB99189D0FA92C367ECD729684C9_analysis-1.csv;user-I051430;17;2115745359;3;true;-0.9189799447472896;0.0;Infinity;1;C
user-I051430_session-191A7605B9120D77770122570D089290ACF1EB99189D0FA92C367ECD729684C9_analysis-1.csv;user-I051430;17;-1108800652;3;true;-0.6480466464222429;0.0;Infinity;1;C
user-I051430_session-191A7605B9120D77770122570D089290ACF1EB99189D0FA92C367ECD729684C9_analysis-1.csv;user-I051430;17;-646885596;4;true;-0.5690889423389435;0.0;Infinity;1;C
user-I051430_session-191A7605B9120D77770122570D089290ACF1EB99189D0FA92C367ECD729684C9_analysis-1.csv;user-I051430;17;-646878133;4;true;-0.18462169043006757;0.0;Infinity;1;C
user-I051430_session-191A7605B9120D77770122570D089290ACF1EB99189D0FA92C367ECD729684C9_analysis-1.csv;user-I051430;17;1000158492;4;true;0.5752817034435159;0.0;Infinity;1;C
user-I051430_session-191A7605B9120D77770122570D089290ACF1EB99189D0FA92C367ECD729684C9_analysis-1.csv;user-I051430;18;-646897018;3;true;1.7454555204950275;0.0;Infinity;1;C
user-I051430_session-191A7605B9120D77770122570D089290ACF1EB99189D0FA92C367ECD729684C9_analysis-1.csv;user-I051430;18;2115745359;4;true;-0.9189799447472896;0.0;Infinity;1;C
user-I051430_session-191A7605B9120D77770122570D089290ACF1EB99189D0FA92C367ECD729684C9_analysis-1.csv;user-I051430;18;-1108800652;3;true;-0.6480466464222429;0.0;Infinity;1;C
user-I051430_session-191A7605B9120D77770122570D089290ACF1EB99189D0FA92C367ECD729684C9_analysis-1.csv;user-I051430;18;-646885596;3;true;-0.5690889423389435;0.0;Infinity;1;C
user-I051430_session-191A7605B9120D77770122570D089290ACF1EB99189D0FA92C367ECD729684C9_analysis-1.csv;user-I051430;18;-646878133;4;true;-0.18462169043006757;0.0;Infinity;1;C
user-I051430_session-191A7605B9120D77770122570D089290ACF1EB99189D0FA92C367ECD729684C9_analysis-1.csv;user-I051430;18;1000158492;3;true;0.5752817034435159;0.0;Infinity;1;C
