session ;user;query position;cell hashcode;cell computation time;novelty;outlierness;relevance;surprise;query label;session label
user-I051430_session-191A7605B9120D77770122570D089290ACF1EB99189D0FA92C367ECD729684C9_analysis-3.csv;user-I051430;1;1142688293;5;true;-0.7229759935180725;1.0;Infinity;1;C
user-I051430_session-191A7605B9120D77770122570D089290ACF1EB99189D0FA92C367ECD729684C9_analysis-3.csv;user-I051430;1;152479428;6;true;2.3096135236705666;1.0;Infinity;1;C
user-I051430_session-191A7605B9120D77770122570D089290ACF1EB99189D0FA92C367ECD729684C9_analysis-3.csv;user-I051430;1;-1162690246;5;true;-0.738614615867133;1.0;Infinity;1;C
user-I051430_session-191A7605B9120D77770122570D089290ACF1EB99189D0FA92C367ECD729684C9_analysis-3.csv;user-I051430;1;-810983455;5;true;0.34566320033439163;1.0;Infinity;1;C
user-I051430_session-191A7605B9120D77770122570D089290ACF1EB99189D0FA92C367ECD729684C9_analysis-3.csv;user-I051430;1;1354123673;5;true;-1.1569477637045;1.0;Infinity;1;C
user-I051430_session-191A7605B9120D77770122570D089290ACF1EB99189D0FA92C367ECD729684C9_analysis-3.csv;user-I051430;1;-1247903525;5;true;0.29614089622903356;1.0;Infinity;1;C
user-I051430_session-191A7605B9120D77770122570D089290ACF1EB99189D0FA92C367ECD729684C9_analysis-3.csv;user-I051430;1;-1805239726;5;true;1.270948355987135;1.0;Infinity;1;C
user-I051430_session-191A7605B9120D77770122570D089290ACF1EB99189D0FA92C367ECD729684C9_analysis-3.csv;user-I051430;1;859109345;5;true;-0.046605576921208;1.0;Infinity;1;C
user-I051430_session-191A7605B9120D77770122570D089290ACF1EB99189D0FA92C367ECD729684C9_analysis-3.csv;user-I051430;1;790981502;5;true;0.19188341390196387;1.0;Infinity;1;C
user-I051430_session-191A7605B9120D77770122570D089290ACF1EB99189D0FA92C367ECD729684C9_analysis-3.csv;user-I051430;1;84351585;5;true;1.1210782251419724;1.0;Infinity;1;C
user-I051430_session-191A7605B9120D77770122570D089290ACF1EB99189D0FA92C367ECD729684C9_analysis-3.csv;user-I051430;1;295786965;5;true;-0.8376592240778491;1.0;Infinity;1;C
user-I051430_session-191A7605B9120D77770122570D089290ACF1EB99189D0FA92C367ECD729684C9_analysis-3.csv;user-I051430;1;-1098609809;5;true;-0.788136919972491;1.0;Infinity;1;C
user-I051430_session-191A7605B9120D77770122570D089290ACF1EB99189D0FA92C367ECD729684C9_analysis-3.csv;user-I051430;1;773896066;7;true;-0.48448700269490064;1.0;Infinity;1;C
user-I051430_session-191A7605B9120D77770122570D089290ACF1EB99189D0FA92C367ECD729684C9_analysis-3.csv;user-I051430;1;-1183823088;5;true;-0.4141132021241286;1.0;Infinity;1;C
user-I051430_session-191A7605B9120D77770122570D089290ACF1EB99189D0FA92C367ECD729684C9_analysis-3.csv;user-I051430;1;-1869320163;5;true;0.7939703743407912;1.0;Infinity;1;C
user-I051430_session-191A7605B9120D77770122570D089290ACF1EB99189D0FA92C367ECD729684C9_analysis-3.csv;user-I051430;1;705768223;5;true;-0.4975191879857843;1.0;Infinity;1;C
user-I051430_session-191A7605B9120D77770122570D089290ACF1EB99189D0FA92C367ECD729684C9_analysis-3.csv;user-I051430;1;1210816136;5;true;1.5368049359211626;1.0;Infinity;1;C
user-I051430_session-191A7605B9120D77770122570D089290ACF1EB99189D0FA92C367ECD729684C9_analysis-3.csv;user-I051430;1;-746903018;5;true;0.9490533793023074;1.0;Infinity;1;C
user-I051430_session-191A7605B9120D77770122570D089290ACF1EB99189D0FA92C367ECD729684C9_analysis-3.csv;user-I051430;1;1002416882;5;true;-0.9823164808066583;1.0;Infinity;1;C
user-I051430_session-191A7605B9120D77770122570D089290ACF1EB99189D0FA92C367ECD729684C9_analysis-3.csv;user-I051430;1;225441679;4;true;-1.0279291293247512;1.0;Infinity;1;C
user-I051430_session-191A7605B9120D77770122570D089290ACF1EB99189D0FA92C367ECD729684C9_analysis-3.csv;user-I051430;1;1283778387;5;true;-1.1178512078318488;1.0;Infinity;1;C
user-I051430_session-191A7605B9120D77770122570D089290ACF1EB99189D0FA92C367ECD729684C9_analysis-3.csv;user-I051430;2;-1712459464;7;true;1.2504188136657763;1.0;Infinity;1;C
user-I051430_session-191A7605B9120D77770122570D089290ACF1EB99189D0FA92C367ECD729684C9_analysis-3.csv;user-I051430;2;560708241;5;true;0.4197923185744467;1.0;Infinity;1;C
user-I051430_session-191A7605B9120D77770122570D089290ACF1EB99189D0FA92C367ECD729684C9_analysis-3.csv;user-I051430;2;624788678;9;true;0.5215016853203238;1.0;Infinity;1;C
user-I051430_session-191A7605B9120D77770122570D089290ACF1EB99189D0FA92C367ECD729684C9_analysis-3.csv;user-I051430;2;-1639497213;9;true;-1.2766041519878855;1.0;Infinity;1;C
user-I051430_session-191A7605B9120D77770122570D089290ACF1EB99189D0FA92C367ECD729684C9_analysis-3.csv;user-I051430;2;-1780587307;7;true;0.22795026097246715;1.0;Infinity;1;C
user-I051430_session-191A7605B9120D77770122570D089290ACF1EB99189D0FA92C367ECD729684C9_analysis-3.csv;user-I051430;2;-1569151927;6;true;-1.143058926545128;1.0;Infinity;1;C
user-I051430_session-191A7605B9120D77770122570D089290ACF1EB99189D0FA92C367ECD729684C9_analysis-3.csv;user-I051430;3;-1712459464;6;true;1.2504188136657763;1.0;Infinity;1;C
user-I051430_session-191A7605B9120D77770122570D089290ACF1EB99189D0FA92C367ECD729684C9_analysis-3.csv;user-I051430;3;560708241;6;true;0.4197923185744467;1.0;Infinity;1;C
user-I051430_session-191A7605B9120D77770122570D089290ACF1EB99189D0FA92C367ECD729684C9_analysis-3.csv;user-I051430;3;624788678;6;true;0.5215016853203238;1.0;Infinity;1;C
user-I051430_session-191A7605B9120D77770122570D089290ACF1EB99189D0FA92C367ECD729684C9_analysis-3.csv;user-I051430;3;-1639497213;7;true;-1.2766041519878855;1.0;Infinity;1;C
user-I051430_session-191A7605B9120D77770122570D089290ACF1EB99189D0FA92C367ECD729684C9_analysis-3.csv;user-I051430;3;-1780587307;12;true;0.22795026097246715;1.0;Infinity;1;C
user-I051430_session-191A7605B9120D77770122570D089290ACF1EB99189D0FA92C367ECD729684C9_analysis-3.csv;user-I051430;3;-1569151927;10;true;-1.143058926545128;1.0;Infinity;1;C
user-I051430_session-191A7605B9120D77770122570D089290ACF1EB99189D0FA92C367ECD729684C9_analysis-3.csv;user-I051430;4;-1712459464;6;true;1.2504188136657763;1.0;Infinity;1;C
user-I051430_session-191A7605B9120D77770122570D089290ACF1EB99189D0FA92C367ECD729684C9_analysis-3.csv;user-I051430;4;560708241;6;true;0.4197923185744467;1.0;Infinity;1;C
user-I051430_session-191A7605B9120D77770122570D089290ACF1EB99189D0FA92C367ECD729684C9_analysis-3.csv;user-I051430;4;624788678;6;true;0.5215016853203238;1.0;Infinity;1;C
user-I051430_session-191A7605B9120D77770122570D089290ACF1EB99189D0FA92C367ECD729684C9_analysis-3.csv;user-I051430;4;-1639497213;5;true;-1.2766041519878855;1.0;Infinity;1;C
user-I051430_session-191A7605B9120D77770122570D089290ACF1EB99189D0FA92C367ECD729684C9_analysis-3.csv;user-I051430;4;-1780587307;6;true;0.22795026097246715;1.0;Infinity;1;C
user-I051430_session-191A7605B9120D77770122570D089290ACF1EB99189D0FA92C367ECD729684C9_analysis-3.csv;user-I051430;4;-1569151927;7;true;-1.143058926545128;1.0;Infinity;1;C
user-I051430_session-191A7605B9120D77770122570D089290ACF1EB99189D0FA92C367ECD729684C9_analysis-3.csv;user-I051430;5;-1712459464;5;true;1.2504188136657763;1.0;Infinity;1;C
user-I051430_session-191A7605B9120D77770122570D089290ACF1EB99189D0FA92C367ECD729684C9_analysis-3.csv;user-I051430;5;560708241;6;true;0.4197923185744467;1.0;Infinity;1;C
user-I051430_session-191A7605B9120D77770122570D089290ACF1EB99189D0FA92C367ECD729684C9_analysis-3.csv;user-I051430;5;624788678;6;true;0.5215016853203238;1.0;Infinity;1;C
user-I051430_session-191A7605B9120D77770122570D089290ACF1EB99189D0FA92C367ECD729684C9_analysis-3.csv;user-I051430;5;-1639497213;6;true;-1.2766041519878855;1.0;Infinity;1;C
user-I051430_session-191A7605B9120D77770122570D089290ACF1EB99189D0FA92C367ECD729684C9_analysis-3.csv;user-I051430;5;-1780587307;5;true;0.22795026097246715;1.0;Infinity;1;C
user-I051430_session-191A7605B9120D77770122570D089290ACF1EB99189D0FA92C367ECD729684C9_analysis-3.csv;user-I051430;5;-1569151927;5;true;-1.143058926545128;1.0;Infinity;1;C
user-I051430_session-191A7605B9120D77770122570D089290ACF1EB99189D0FA92C367ECD729684C9_analysis-3.csv;user-I051430;6;628160111;5;true;NaN;0.9736842105263158;Infinity;1;C
user-I051430_session-191A7605B9120D77770122570D089290ACF1EB99189D0FA92C367ECD729684C9_analysis-3.csv;user-I051430;7;-1712459464;5;true;1.2504188136657763;1.0;Infinity;1;C
user-I051430_session-191A7605B9120D77770122570D089290ACF1EB99189D0FA92C367ECD729684C9_analysis-3.csv;user-I051430;7;560708241;8;true;0.4197923185744467;1.0;Infinity;1;C
user-I051430_session-191A7605B9120D77770122570D089290ACF1EB99189D0FA92C367ECD729684C9_analysis-3.csv;user-I051430;7;624788678;7;true;0.5215016853203238;1.0;Infinity;1;C
user-I051430_session-191A7605B9120D77770122570D089290ACF1EB99189D0FA92C367ECD729684C9_analysis-3.csv;user-I051430;7;-1639497213;8;true;-1.2766041519878855;1.0;Infinity;1;C
user-I051430_session-191A7605B9120D77770122570D089290ACF1EB99189D0FA92C367ECD729684C9_analysis-3.csv;user-I051430;7;-1780587307;6;true;0.22795026097246715;1.0;Infinity;1;C
user-I051430_session-191A7605B9120D77770122570D089290ACF1EB99189D0FA92C367ECD729684C9_analysis-3.csv;user-I051430;7;-1569151927;5;true;-1.143058926545128;1.0;Infinity;1;C
user-I051430_session-191A7605B9120D77770122570D089290ACF1EB99189D0FA92C367ECD729684C9_analysis-3.csv;user-I051430;8;-1162690246;5;true;-1.4077404439138113;1.0;Infinity;1;C
user-I051430_session-191A7605B9120D77770122570D089290ACF1EB99189D0FA92C367ECD729684C9_analysis-3.csv;user-I051430;8;-810983455;5;true;0.26426533672329217;1.0;Infinity;1;C
user-I051430_session-191A7605B9120D77770122570D089290ACF1EB99189D0FA92C367ECD729684C9_analysis-3.csv;user-I051430;8;-1869320163;5;true;0.9555754191020945;1.0;Infinity;1;C
user-I051430_session-191A7605B9120D77770122570D089290ACF1EB99189D0FA92C367ECD729684C9_analysis-3.csv;user-I051430;8;-1247903525;4;true;0.18789968808842447;1.0;Infinity;1;C
user-I051430_session-191A7605B9120D77770122570D089290ACF1EB99189D0FA92C367ECD729684C9_analysis-3.csv;user-I051430;9;560708241;6;true;NaN;1.0;Infinity;1;C
user-I051430_session-191A7605B9120D77770122570D089290ACF1EB99189D0FA92C367ECD729684C9_analysis-3.csv;user-I051430;10;560708241;6;true;NaN;1.0;Infinity;1;C
user-I051430_session-191A7605B9120D77770122570D089290ACF1EB99189D0FA92C367ECD729684C9_analysis-3.csv;user-I051430;11;711198788;5;true;0.9628474937484506;1.0;Infinity;1;C
user-I051430_session-191A7605B9120D77770122570D089290ACF1EB99189D0FA92C367ECD729684C9_analysis-3.csv;user-I051430;11;1332615426;5;true;0.3231550007655166;1.0;Infinity;1;C
user-I051430_session-191A7605B9120D77770122570D089290ACF1EB99189D0FA92C367ECD729684C9_analysis-3.csv;user-I051430;11;1769535496;6;true;0.7202055136514756;1.0;Infinity;1;C
user-I051430_session-191A7605B9120D77770122570D089290ACF1EB99189D0FA92C367ECD729684C9_analysis-3.csv;user-I051430;11;1417828705;5;true;-1.3091637744323148;1.0;Infinity;1;C
user-I051430_session-191A7605B9120D77770122570D089290ACF1EB99189D0FA92C367ECD729684C9_analysis-3.csv;user-I051430;11;-1162690246;7;true;-1.7194493044144723;1.0;Infinity;1;C
user-I051430_session-191A7605B9120D77770122570D089290ACF1EB99189D0FA92C367ECD729684C9_analysis-3.csv;user-I051430;11;-810983455;7;true;0.11580639959173804;1.0;Infinity;1;C
user-I051430_session-191A7605B9120D77770122570D089290ACF1EB99189D0FA92C367ECD729684C9_analysis-3.csv;user-I051430;11;-1869320163;7;true;0.8746140464404597;1.0;Infinity;1;C
user-I051430_session-191A7605B9120D77770122570D089290ACF1EB99189D0FA92C367ECD729684C9_analysis-3.csv;user-I051430;11;-1247903525;5;true;0.0319846246491467;1.0;Infinity;1;C
user-I051430_session-191A7605B9120D77770122570D089290ACF1EB99189D0FA92C367ECD729684C9_analysis-3.csv;user-I051430;12;711198788;5;true;0.9628474937484506;1.0;Infinity;1;C
user-I051430_session-191A7605B9120D77770122570D089290ACF1EB99189D0FA92C367ECD729684C9_analysis-3.csv;user-I051430;12;1332615426;15;true;0.3231550007655166;1.0;Infinity;1;C
user-I051430_session-191A7605B9120D77770122570D089290ACF1EB99189D0FA92C367ECD729684C9_analysis-3.csv;user-I051430;12;1769535496;6;true;0.7202055136514756;1.0;Infinity;1;C
user-I051430_session-191A7605B9120D77770122570D089290ACF1EB99189D0FA92C367ECD729684C9_analysis-3.csv;user-I051430;12;1417828705;5;true;-1.3091637744323148;1.0;Infinity;1;C
user-I051430_session-191A7605B9120D77770122570D089290ACF1EB99189D0FA92C367ECD729684C9_analysis-3.csv;user-I051430;12;-1162690246;5;true;-1.7194493044144723;1.0;Infinity;1;C
user-I051430_session-191A7605B9120D77770122570D089290ACF1EB99189D0FA92C367ECD729684C9_analysis-3.csv;user-I051430;12;-810983455;7;true;0.11580639959173804;1.0;Infinity;1;C
user-I051430_session-191A7605B9120D77770122570D089290ACF1EB99189D0FA92C367ECD729684C9_analysis-3.csv;user-I051430;12;-1869320163;6;true;0.8746140464404597;1.0;Infinity;1;C
user-I051430_session-191A7605B9120D77770122570D089290ACF1EB99189D0FA92C367ECD729684C9_analysis-3.csv;user-I051430;12;-1247903525;7;true;0.0319846246491467;1.0;Infinity;1;C
user-I051430_session-191A7605B9120D77770122570D089290ACF1EB99189D0FA92C367ECD729684C9_analysis-3.csv;user-I051430;13;711198788;6;true;0.7704818918411509;1.0;Infinity;1;C
user-I051430_session-191A7605B9120D77770122570D089290ACF1EB99189D0FA92C367ECD729684C9_analysis-3.csv;user-I051430;13;1332615426;4;true;0.1454756019560215;1.0;Infinity;1;C
user-I051430_session-191A7605B9120D77770122570D089290ACF1EB99189D0FA92C367ECD729684C9_analysis-3.csv;user-I051430;13;1769535496;5;true;0.5334105405054121;1.0;Infinity;1;C
user-I051430_session-191A7605B9120D77770122570D089290ACF1EB99189D0FA92C367ECD729684C9_analysis-3.csv;user-I051430;13;1417828705;5;true;-1.4493680343025845;1.0;Infinity;1;C
user-I051430_session-191A7605B9120D77770122570D089290ACF1EB99189D0FA92C367ECD729684C9_analysis-3.csv;user-I051430;14;-1162690246;5;true;-1.4077404439138113;1.0;Infinity;1;C
user-I051430_session-191A7605B9120D77770122570D089290ACF1EB99189D0FA92C367ECD729684C9_analysis-3.csv;user-I051430;14;-810983455;6;true;0.26426533672329217;1.0;Infinity;1;C
user-I051430_session-191A7605B9120D77770122570D089290ACF1EB99189D0FA92C367ECD729684C9_analysis-3.csv;user-I051430;14;-1869320163;5;true;0.9555754191020945;1.0;Infinity;1;C
user-I051430_session-191A7605B9120D77770122570D089290ACF1EB99189D0FA92C367ECD729684C9_analysis-3.csv;user-I051430;14;-1247903525;22;true;0.18789968808842447;1.0;Infinity;1;C
user-I051430_session-191A7605B9120D77770122570D089290ACF1EB99189D0FA92C367ECD729684C9_analysis-3.csv;user-I051430;15;-1783776366;4;true;1.1001968989742947;1.0;Infinity;1;C
user-I051430_session-191A7605B9120D77770122570D089290ACF1EB99189D0FA92C367ECD729684C9_analysis-3.csv;user-I051430;15;-1162359728;6;true;0.011796693612026862;1.0;Infinity;1;C
user-I051430_session-191A7605B9120D77770122570D089290ACF1EB99189D0FA92C367ECD729684C9_analysis-3.csv;user-I051430;15;-725439658;5;true;0.209236091960687;1.0;Infinity;1;C
user-I051430_session-191A7605B9120D77770122570D089290ACF1EB99189D0FA92C367ECD729684C9_analysis-3.csv;user-I051430;15;-1077146449;4;true;-1.3212296845470086;1.0;Infinity;1;C
