session ;user;query position;cell hashcode;cell computation time;novelty;outlierness;relevance;surprise;query label;session label
user-I072507_session-F043B57DC27CD5351F4A04F235EF7934EE1AF057E1FE9AB3350C0712A46AA23F_analysis-2.csv;user-I072507;1;-150903573;16;true;0.045525537056559436;0.0;Infinity;0;A
user-I072507_session-F043B57DC27CD5351F4A04F235EF7934EE1AF057E1FE9AB3350C0712A46AA23F_analysis-2.csv;user-I072507;1;294023950;21;true;2.7987887227489434;0.0;Infinity;0;A
user-I072507_session-F043B57DC27CD5351F4A04F235EF7934EE1AF057E1FE9AB3350C0712A46AA23F_analysis-2.csv;user-I072507;1;-1233814673;24;true;-0.6647865268954037;0.0;Infinity;0;A
user-I072507_session-F043B57DC27CD5351F4A04F235EF7934EE1AF057E1FE9AB3350C0712A46AA23F_analysis-2.csv;user-I072507;1;-1305791978;19;true;0.9854211722205457;0.0;Infinity;0;A
user-I072507_session-F043B57DC27CD5351F4A04F235EF7934EE1AF057E1FE9AB3350C0712A46AA23F_analysis-2.csv;user-I072507;1;-868021436;9;true;3.5208830893796406;0.0;Infinity;0;A
user-I072507_session-F043B57DC27CD5351F4A04F235EF7934EE1AF057E1FE9AB3350C0712A46AA23F_analysis-2.csv;user-I072507;1;1411919293;19;true;-0.4726849118559979;0.0;Infinity;0;A
user-I072507_session-F043B57DC27CD5351F4A04F235EF7934EE1AF057E1FE9AB3350C0712A46AA23F_analysis-2.csv;user-I072507;1;927081691;10;true;-0.7354803429678085;0.0;Infinity;0;A
user-I072507_session-F043B57DC27CD5351F4A04F235EF7934EE1AF057E1FE9AB3350C0712A46AA23F_analysis-2.csv;user-I072507;1;746136306;8;true;-0.15986082194276136;0.0;Infinity;0;A
user-I072507_session-F043B57DC27CD5351F4A04F235EF7934EE1AF057E1FE9AB3350C0712A46AA23F_analysis-2.csv;user-I072507;1;-1523183883;11;true;-0.6966540972278189;0.0;Infinity;0;A
user-I072507_session-F043B57DC27CD5351F4A04F235EF7934EE1AF057E1FE9AB3350C0712A46AA23F_analysis-2.csv;user-I072507;1;719857075;7;true;-0.6673696715542761;0.0;Infinity;0;A
user-I072507_session-F043B57DC27CD5351F4A04F235EF7934EE1AF057E1FE9AB3350C0712A46AA23F_analysis-2.csv;user-I072507;1;-334781409;7;true;-0.09420150209326084;0.0;Infinity;0;A
user-I072507_session-F043B57DC27CD5351F4A04F235EF7934EE1AF057E1FE9AB3350C0712A46AA23F_analysis-2.csv;user-I072507;1;-1518149585;7;true;-0.35101352669931607;0.0;Infinity;0;A
user-I072507_session-F043B57DC27CD5351F4A04F235EF7934EE1AF057E1FE9AB3350C0712A46AA23F_analysis-2.csv;user-I072507;1;-926473324;8;true;0.14318422033331554;0.0;Infinity;0;A
user-I072507_session-F043B57DC27CD5351F4A04F235EF7934EE1AF057E1FE9AB3350C0712A46AA23F_analysis-2.csv;user-I072507;1;372995475;10;true;-0.3925547101930185;0.0;Infinity;0;A
user-I072507_session-F043B57DC27CD5351F4A04F235EF7934EE1AF057E1FE9AB3350C0712A46AA23F_analysis-2.csv;user-I072507;1;1677058920;9;true;-0.34228882382087983;0.0;Infinity;0;A
user-I072507_session-F043B57DC27CD5351F4A04F235EF7934EE1AF057E1FE9AB3350C0712A46AA23F_analysis-2.csv;user-I072507;1;-299166661;8;true;-0.30630930892944336;0.0;Infinity;0;A
user-I072507_session-F043B57DC27CD5351F4A04F235EF7934EE1AF057E1FE9AB3350C0712A46AA23F_analysis-2.csv;user-I072507;1;-254634929;10;true;-0.486918566098764;0.0;Infinity;0;A
user-I072507_session-F043B57DC27CD5351F4A04F235EF7934EE1AF057E1FE9AB3350C0712A46AA23F_analysis-2.csv;user-I072507;1;-1668355621;9;true;-0.5548710857984879;0.0;Infinity;0;A
user-I072507_session-F043B57DC27CD5351F4A04F235EF7934EE1AF057E1FE9AB3350C0712A46AA23F_analysis-2.csv;user-I072507;1;-945318986;9;true;-0.27855368315604956;0.0;Infinity;0;A
user-I072507_session-F043B57DC27CD5351F4A04F235EF7934EE1AF057E1FE9AB3350C0712A46AA23F_analysis-2.csv;user-I072507;1;-417702922;13;true;0.008043580883942116;0.0;Infinity;0;A
user-I072507_session-F043B57DC27CD5351F4A04F235EF7934EE1AF057E1FE9AB3350C0712A46AA23F_analysis-2.csv;user-I072507;1;-1264403087;7;true;-0.47706044260470004;0.0;Infinity;0;A
user-I072507_session-F043B57DC27CD5351F4A04F235EF7934EE1AF057E1FE9AB3350C0712A46AA23F_analysis-2.csv;user-I072507;1;-729944151;8;true;0.2698901017129017;0.0;Infinity;0;A
user-I072507_session-F043B57DC27CD5351F4A04F235EF7934EE1AF057E1FE9AB3350C0712A46AA23F_analysis-2.csv;user-I072507;1;-650640695;8;true;0.0031408777558782465;0.0;Infinity;0;A
user-I072507_session-F043B57DC27CD5351F4A04F235EF7934EE1AF057E1FE9AB3350C0712A46AA23F_analysis-2.csv;user-I072507;1;2106209324;10;true;-0.45478740957666797;0.0;Infinity;0;A
user-I072507_session-F043B57DC27CD5351F4A04F235EF7934EE1AF057E1FE9AB3350C0712A46AA23F_analysis-2.csv;user-I072507;1;1004842708;7;true;-0.6575379066791802;0.0;Infinity;0;A
user-I072507_session-F043B57DC27CD5351F4A04F235EF7934EE1AF057E1FE9AB3350C0712A46AA23F_analysis-2.csv;user-I072507;1;-184289643;10;true;-0.6937810077602975;0.0;Infinity;0;A
user-I072507_session-F043B57DC27CD5351F4A04F235EF7934EE1AF057E1FE9AB3350C0712A46AA23F_analysis-2.csv;user-I072507;1;988513178;7;true;-0.8108132759785963;0.0;Infinity;0;A
user-I072507_session-F043B57DC27CD5351F4A04F235EF7934EE1AF057E1FE9AB3350C0712A46AA23F_analysis-2.csv;user-I072507;1;654998559;6;true;-0.5734011949330519;0.0;Infinity;0;A
user-I072507_session-F043B57DC27CD5351F4A04F235EF7934EE1AF057E1FE9AB3350C0712A46AA23F_analysis-2.csv;user-I072507;1;-439328845;7;true;-0.057694814822462664;0.0;Infinity;0;A
user-I072507_session-F043B57DC27CD5351F4A04F235EF7934EE1AF057E1FE9AB3350C0712A46AA23F_analysis-2.csv;user-I072507;1;1477761439;6;true;-0.24689698177537908;0.0;Infinity;0;A
user-I072507_session-F043B57DC27CD5351F4A04F235EF7934EE1AF057E1FE9AB3350C0712A46AA23F_analysis-2.csv;user-I072507;1;435114044;6;true;1.6498692391680403;0.0;Infinity;0;A
user-I072507_session-F043B57DC27CD5351F4A04F235EF7934EE1AF057E1FE9AB3350C0712A46AA23F_analysis-2.csv;user-I072507;1;-1155927549;7;true;0.729373547564565;0.0;Infinity;0;A
user-I072507_session-F043B57DC27CD5351F4A04F235EF7934EE1AF057E1FE9AB3350C0712A46AA23F_analysis-2.csv;user-I072507;1;613170521;8;true;0.12030493906901749;0.0;Infinity;0;A
user-I072507_session-F043B57DC27CD5351F4A04F235EF7934EE1AF057E1FE9AB3350C0712A46AA23F_analysis-2.csv;user-I072507;1;-2107191342;10;true;-0.029649244240419887;0.0;Infinity;0;A
user-I072507_session-F043B57DC27CD5351F4A04F235EF7934EE1AF057E1FE9AB3350C0712A46AA23F_analysis-2.csv;user-I072507;1;30575419;12;true;-0.4404219622390615;0.0;Infinity;0;A
user-I072507_session-F043B57DC27CD5351F4A04F235EF7934EE1AF057E1FE9AB3350C0712A46AA23F_analysis-2.csv;user-I072507;1;1545986549;12;true;0.3032073960885615;0.0;Infinity;0;A
user-I072507_session-F043B57DC27CD5351F4A04F235EF7934EE1AF057E1FE9AB3350C0712A46AA23F_analysis-2.csv;user-I072507;1;1683632254;8;true;-0.24086085803168752;0.0;Infinity;0;A
user-I072507_session-F043B57DC27CD5351F4A04F235EF7934EE1AF057E1FE9AB3350C0712A46AA23F_analysis-2.csv;user-I072507;1;1135752078;9;true;0.7162733139374265;0.0;Infinity;0;A
user-I072507_session-F043B57DC27CD5351F4A04F235EF7934EE1AF057E1FE9AB3350C0712A46AA23F_analysis-2.csv;user-I072507;1;1345619728;7;true;0.43884884929832857;0.0;Infinity;0;A
user-I072507_session-F043B57DC27CD5351F4A04F235EF7934EE1AF057E1FE9AB3350C0712A46AA23F_analysis-2.csv;user-I072507;1;-1227332881;29;true;-0.44777601693115726;0.0;Infinity;0;A
user-I072507_session-F043B57DC27CD5351F4A04F235EF7934EE1AF057E1FE9AB3350C0712A46AA23F_analysis-2.csv;user-I072507;1;362151793;9;true;6.627114541673655;0.0;Infinity;0;A
user-I072507_session-F043B57DC27CD5351F4A04F235EF7934EE1AF057E1FE9AB3350C0712A46AA23F_analysis-2.csv;user-I072507;1;582036308;10;true;-0.018367755322079373;0.0;Infinity;0;A
user-I072507_session-F043B57DC27CD5351F4A04F235EF7934EE1AF057E1FE9AB3350C0712A46AA23F_analysis-2.csv;user-I072507;1;-1894525687;8;true;1.8151904973358715;0.0;Infinity;0;A
user-I072507_session-F043B57DC27CD5351F4A04F235EF7934EE1AF057E1FE9AB3350C0712A46AA23F_analysis-2.csv;user-I072507;1;1838179132;9;true;-0.3223617078810073;0.0;Infinity;0;A
user-I072507_session-F043B57DC27CD5351F4A04F235EF7934EE1AF057E1FE9AB3350C0712A46AA23F_analysis-2.csv;user-I072507;1;-1551936607;13;true;2.909705791366646;0.0;Infinity;0;A
user-I072507_session-F043B57DC27CD5351F4A04F235EF7934EE1AF057E1FE9AB3350C0712A46AA23F_analysis-2.csv;user-I072507;1;1626743752;10;true;0.8209961070976295;0.0;Infinity;0;A
user-I072507_session-F043B57DC27CD5351F4A04F235EF7934EE1AF057E1FE9AB3350C0712A46AA23F_analysis-2.csv;user-I072507;1;-1487856170;9;true;2.951747788620742;0.0;Infinity;0;A
user-I072507_session-F043B57DC27CD5351F4A04F235EF7934EE1AF057E1FE9AB3350C0712A46AA23F_analysis-2.csv;user-I072507;1;890991762;14;true;-0.5109049093597217;0.0;Infinity;0;A
user-I072507_session-F043B57DC27CD5351F4A04F235EF7934EE1AF057E1FE9AB3350C0712A46AA23F_analysis-2.csv;user-I072507;1;1591752966;12;true;-0.5077682337025194;0.0;Infinity;0;A
user-I072507_session-F043B57DC27CD5351F4A04F235EF7934EE1AF057E1FE9AB3350C0712A46AA23F_analysis-2.csv;user-I072507;1;712093863;9;true;-0.6561672584928399;0.0;Infinity;0;A
user-I072507_session-F043B57DC27CD5351F4A04F235EF7934EE1AF057E1FE9AB3350C0712A46AA23F_analysis-2.csv;user-I072507;1;782439149;9;true;-0.7385379427681065;0.0;Infinity;0;A
user-I072507_session-F043B57DC27CD5351F4A04F235EF7934EE1AF057E1FE9AB3350C0712A46AA23F_analysis-2.csv;user-I072507;1;672939927;9;true;-0.3803770282297631;0.0;Infinity;0;A
user-I072507_session-F043B57DC27CD5351F4A04F235EF7934EE1AF057E1FE9AB3350C0712A46AA23F_analysis-2.csv;user-I072507;1;-1232759341;6;true;0.08211130018426185;0.0;Infinity;0;A
user-I072507_session-F043B57DC27CD5351F4A04F235EF7934EE1AF057E1FE9AB3350C0712A46AA23F_analysis-2.csv;user-I072507;1;1618948800;6;true;-0.6392713837342971;0.0;Infinity;0;A
user-I072507_session-F043B57DC27CD5351F4A04F235EF7934EE1AF057E1FE9AB3350C0712A46AA23F_analysis-2.csv;user-I072507;1;1413681002;6;true;-0.23218887239118746;0.0;Infinity;0;A
user-I072507_session-F043B57DC27CD5351F4A04F235EF7934EE1AF057E1FE9AB3350C0712A46AA23F_analysis-2.csv;user-I072507;1;837189617;7;true;-0.7926258288906175;0.0;Infinity;0;A
user-I072507_session-F043B57DC27CD5351F4A04F235EF7934EE1AF057E1FE9AB3350C0712A46AA23F_analysis-2.csv;user-I072507;1;-1600227778;6;true;-0.36754038079230555;0.0;Infinity;0;A
user-I072507_session-F043B57DC27CD5351F4A04F235EF7934EE1AF057E1FE9AB3350C0712A46AA23F_analysis-2.csv;user-I072507;1;1258921661;7;true;-0.19051589580264458;0.0;Infinity;0;A
user-I072507_session-F043B57DC27CD5351F4A04F235EF7934EE1AF057E1FE9AB3350C0712A46AA23F_analysis-2.csv;user-I072507;1;442722455;7;true;0.330251339149817;0.0;Infinity;0;A
user-I072507_session-F043B57DC27CD5351F4A04F235EF7934EE1AF057E1FE9AB3350C0712A46AA23F_analysis-2.csv;user-I072507;1;1031245830;7;true;0.8747676897925235;0.0;Infinity;0;A
user-I072507_session-F043B57DC27CD5351F4A04F235EF7934EE1AF057E1FE9AB3350C0712A46AA23F_analysis-2.csv;user-I072507;1;896777537;7;true;-0.3739982424394865;0.0;Infinity;0;A
user-I072507_session-F043B57DC27CD5351F4A04F235EF7934EE1AF057E1FE9AB3350C0712A46AA23F_analysis-2.csv;user-I072507;1;1689294086;7;true;-0.7150787718865105;0.0;Infinity;0;A
user-I072507_session-F043B57DC27CD5351F4A04F235EF7934EE1AF057E1FE9AB3350C0712A46AA23F_analysis-2.csv;user-I072507;1;-411732605;6;true;-0.20622563270762342;0.0;Infinity;0;A
user-I072507_session-F043B57DC27CD5351F4A04F235EF7934EE1AF057E1FE9AB3350C0712A46AA23F_analysis-2.csv;user-I072507;1;-1058188527;6;true;-0.5218700948504451;0.0;Infinity;0;A
user-I072507_session-F043B57DC27CD5351F4A04F235EF7934EE1AF057E1FE9AB3350C0712A46AA23F_analysis-2.csv;user-I072507;1;-1089919134;7;true;-0.47210502223870005;0.0;Infinity;0;A
user-I072507_session-F043B57DC27CD5351F4A04F235EF7934EE1AF057E1FE9AB3350C0712A46AA23F_analysis-2.csv;user-I072507;1;882192102;6;true;-0.5762479257816051;0.0;Infinity;0;A
user-I072507_session-F043B57DC27CD5351F4A04F235EF7934EE1AF057E1FE9AB3350C0712A46AA23F_analysis-2.csv;user-I072507;1;-371201002;7;true;0.6652693862341814;0.0;Infinity;0;A
user-I072507_session-F043B57DC27CD5351F4A04F235EF7934EE1AF057E1FE9AB3350C0712A46AA23F_analysis-2.csv;user-I072507;1;-85391751;7;true;0.22141660143059277;0.0;Infinity;0;A
user-I072507_session-F043B57DC27CD5351F4A04F235EF7934EE1AF057E1FE9AB3350C0712A46AA23F_analysis-2.csv;user-I072507;1;818029511;8;true;0.02957857258086782;0.0;Infinity;0;A
user-I072507_session-F043B57DC27CD5351F4A04F235EF7934EE1AF057E1FE9AB3350C0712A46AA23F_analysis-2.csv;user-I072507;1;-1196275244;7;true;-0.44427032060840194;0.0;Infinity;0;A
user-I072507_session-F043B57DC27CD5351F4A04F235EF7934EE1AF057E1FE9AB3350C0712A46AA23F_analysis-2.csv;user-I072507;1;-1327917511;7;true;-0.6393241009722332;0.0;Infinity;0;A
user-I072507_session-F043B57DC27CD5351F4A04F235EF7934EE1AF057E1FE9AB3350C0712A46AA23F_analysis-2.csv;user-I072507;1;-586560258;9;true;0.024359566025186928;0.0;Infinity;0;A
user-I072507_session-F043B57DC27CD5351F4A04F235EF7934EE1AF057E1FE9AB3350C0712A46AA23F_analysis-2.csv;user-I072507;1;-1269623907;16;true;0.10369900911912373;0.0;Infinity;0;A
user-I072507_session-F043B57DC27CD5351F4A04F235EF7934EE1AF057E1FE9AB3350C0712A46AA23F_analysis-2.csv;user-I072507;1;1159647160;9;true;-0.03494732665300504;0.0;Infinity;0;A
user-I072507_session-F043B57DC27CD5351F4A04F235EF7934EE1AF057E1FE9AB3350C0712A46AA23F_analysis-2.csv;user-I072507;1;1901966703;7;true;0.10962969838694293;0.0;Infinity;0;A
user-I072507_session-F043B57DC27CD5351F4A04F235EF7934EE1AF057E1FE9AB3350C0712A46AA23F_analysis-2.csv;user-I072507;1;-2099284749;6;true;-0.7652655824017449;0.0;Infinity;0;A
user-I072507_session-F043B57DC27CD5351F4A04F235EF7934EE1AF057E1FE9AB3350C0712A46AA23F_analysis-2.csv;user-I072507;1;1619551817;5;true;0.1906560930948372;0.0;Infinity;0;A
user-I072507_session-F043B57DC27CD5351F4A04F235EF7934EE1AF057E1FE9AB3350C0712A46AA23F_analysis-2.csv;user-I072507;1;1604096669;8;true;0.42010787121201987;0.0;Infinity;0;A
user-I072507_session-F043B57DC27CD5351F4A04F235EF7934EE1AF057E1FE9AB3350C0712A46AA23F_analysis-2.csv;user-I072507;1;-602187639;10;true;-0.7200605508714786;0.0;Infinity;0;A
user-I072507_session-F043B57DC27CD5351F4A04F235EF7934EE1AF057E1FE9AB3350C0712A46AA23F_analysis-2.csv;user-I072507;1;-1382093789;6;true;-0.8229909579418517;0.0;Infinity;0;A
user-I072507_session-F043B57DC27CD5351F4A04F235EF7934EE1AF057E1FE9AB3350C0712A46AA23F_analysis-2.csv;user-I072507;1;1371082540;7;true;-0.5018375444347003;0.0;Infinity;0;A
user-I072507_session-F043B57DC27CD5351F4A04F235EF7934EE1AF057E1FE9AB3350C0712A46AA23F_analysis-2.csv;user-I072507;1;378642018;7;true;1.1155273154470149;0.0;Infinity;0;A
user-I072507_session-F043B57DC27CD5351F4A04F235EF7934EE1AF057E1FE9AB3350C0712A46AA23F_analysis-2.csv;user-I072507;1;-1235446692;7;true;-0.23037012768238957;0.0;Infinity;0;A
user-I072507_session-F043B57DC27CD5351F4A04F235EF7934EE1AF057E1FE9AB3350C0712A46AA23F_analysis-2.csv;user-I072507;1;1303031053;6;true;-0.3033835022239859;0.0;Infinity;0;A
user-I072507_session-F043B57DC27CD5351F4A04F235EF7934EE1AF057E1FE9AB3350C0712A46AA23F_analysis-2.csv;user-I072507;1;-1139689643;5;true;-0.08903521277551611;0.0;Infinity;0;A
user-I072507_session-F043B57DC27CD5351F4A04F235EF7934EE1AF057E1FE9AB3350C0712A46AA23F_analysis-2.csv;user-I072507;1;777077798;6;true;-0.48241124225522136;0.0;Infinity;0;A
user-I072507_session-F043B57DC27CD5351F4A04F235EF7934EE1AF057E1FE9AB3350C0712A46AA23F_analysis-2.csv;user-I072507;1;1405146269;5;true;1.4750588781716985;0.0;Infinity;0;A
user-I072507_session-F043B57DC27CD5351F4A04F235EF7934EE1AF057E1FE9AB3350C0712A46AA23F_analysis-2.csv;user-I072507;1;-227893465;6;true;-0.5732430432192434;0.0;Infinity;0;A
user-I072507_session-F043B57DC27CD5351F4A04F235EF7934EE1AF057E1FE9AB3350C0712A46AA23F_analysis-2.csv;user-I072507;1;-395725023;6;true;-0.3068364813088051;0.0;Infinity;0;A
user-I072507_session-F043B57DC27CD5351F4A04F235EF7934EE1AF057E1FE9AB3350C0712A46AA23F_analysis-2.csv;user-I072507;1;-87731281;6;true;-0.6927003043826061;0.0;Infinity;0;A
user-I072507_session-F043B57DC27CD5351F4A04F235EF7934EE1AF057E1FE9AB3350C0712A46AA23F_analysis-2.csv;user-I072507;1;1622937745;6;true;0.21174298826930546;0.0;Infinity;0;A
user-I072507_session-F043B57DC27CD5351F4A04F235EF7934EE1AF057E1FE9AB3350C0712A46AA23F_analysis-2.csv;user-I072507;1;863752614;7;true;-0.591351414450318;0.0;Infinity;0;A
user-I072507_session-F043B57DC27CD5351F4A04F235EF7934EE1AF057E1FE9AB3350C0712A46AA23F_analysis-2.csv;user-I072507;1;-1025838697;6;true;-0.49593321378584915;0.0;Infinity;0;A
user-I072507_session-F043B57DC27CD5351F4A04F235EF7934EE1AF057E1FE9AB3350C0712A46AA23F_analysis-2.csv;user-I072507;1;-1962653530;7;true;0.2855998386178805;0.0;Infinity;0;A
user-I072507_session-F043B57DC27CD5351F4A04F235EF7934EE1AF057E1FE9AB3350C0712A46AA23F_analysis-2.csv;user-I072507;1;667901017;6;true;2.3908363769798866;0.0;Infinity;0;A
user-I072507_session-F043B57DC27CD5351F4A04F235EF7934EE1AF057E1FE9AB3350C0712A46AA23F_analysis-2.csv;user-I072507;1;513908465;7;true;-0.39648214441926327;0.0;Infinity;0;A
user-I072507_session-F043B57DC27CD5351F4A04F235EF7934EE1AF057E1FE9AB3350C0712A46AA23F_analysis-2.csv;user-I072507;1;401735141;6;true;2.265158481740056;0.0;Infinity;0;A
user-I072507_session-F043B57DC27CD5351F4A04F235EF7934EE1AF057E1FE9AB3350C0712A46AA23F_analysis-2.csv;user-I072507;1;599773174;6;true;0.4979712316437439;0.0;Infinity;0;A
user-I072507_session-F043B57DC27CD5351F4A04F235EF7934EE1AF057E1FE9AB3350C0712A46AA23F_analysis-2.csv;user-I072507;1;1331883912;7;true;-0.5121174058322535;0.0;Infinity;0;A
user-I072507_session-F043B57DC27CD5351F4A04F235EF7934EE1AF057E1FE9AB3350C0712A46AA23F_analysis-2.csv;user-I072507;1;1071671641;6;true;0.7379664573481607;0.0;Infinity;0;A
user-I072507_session-F043B57DC27CD5351F4A04F235EF7934EE1AF057E1FE9AB3350C0712A46AA23F_analysis-2.csv;user-I072507;1;693882080;7;true;-0.6234034951155097;0.0;Infinity;0;A
user-I072507_session-F043B57DC27CD5351F4A04F235EF7934EE1AF057E1FE9AB3350C0712A46AA23F_analysis-2.csv;user-I072507;1;958493913;8;true;1.5930664152918166;0.0;Infinity;0;A
user-I072507_session-F043B57DC27CD5351F4A04F235EF7934EE1AF057E1FE9AB3350C0712A46AA23F_analysis-2.csv;user-I072507;1;787984918;9;true;-0.3907359654842206;0.0;Infinity;0;A
user-I072507_session-F043B57DC27CD5351F4A04F235EF7934EE1AF057E1FE9AB3350C0712A46AA23F_analysis-2.csv;user-I072507;1;542825235;9;true;1.598153628752657;0.0;Infinity;0;A
user-I072507_session-F043B57DC27CD5351F4A04F235EF7934EE1AF057E1FE9AB3350C0712A46AA23F_analysis-2.csv;user-I072507;1;-1052967707;7;true;-0.7249896126185106;0.0;Infinity;0;A
user-I072507_session-F043B57DC27CD5351F4A04F235EF7934EE1AF057E1FE9AB3350C0712A46AA23F_analysis-2.csv;user-I072507;1;1747404206;7;true;-0.5593520510230624;0.0;Infinity;0;A
user-I072507_session-F043B57DC27CD5351F4A04F235EF7934EE1AF057E1FE9AB3350C0712A46AA23F_analysis-2.csv;user-I072507;1;-794024588;7;true;0.08079336923585759;0.0;Infinity;0;A
user-I072507_session-F043B57DC27CD5351F4A04F235EF7934EE1AF057E1FE9AB3350C0712A46AA23F_analysis-2.csv;user-I072507;1;-1382667979;6;true;-0.36308577418669913;0.0;Infinity;0;A
user-I072507_session-F043B57DC27CD5351F4A04F235EF7934EE1AF057E1FE9AB3350C0712A46AA23F_analysis-2.csv;user-I072507;1;1138517071;5;true;-0.7965532631168623;0.0;Infinity;0;A
user-I072507_session-F043B57DC27CD5351F4A04F235EF7934EE1AF057E1FE9AB3350C0712A46AA23F_analysis-2.csv;user-I072507;1;-962509620;6;true;-0.824598833698905;0.0;Infinity;0;A
user-I072507_session-F043B57DC27CD5351F4A04F235EF7934EE1AF057E1FE9AB3350C0712A46AA23F_analysis-2.csv;user-I072507;1;797922064;6;true;-0.11415497665210142;0.0;Infinity;0;A
user-I072507_session-F043B57DC27CD5351F4A04F235EF7934EE1AF057E1FE9AB3350C0712A46AA23F_analysis-2.csv;user-I072507;1;505459330;7;true;-0.137508713057825;0.0;Infinity;0;A
user-I072507_session-F043B57DC27CD5351F4A04F235EF7934EE1AF057E1FE9AB3350C0712A46AA23F_analysis-2.csv;user-I072507;1;-733883606;10;true;-0.6382697562135099;0.0;Infinity;0;A
user-I072507_session-F043B57DC27CD5351F4A04F235EF7934EE1AF057E1FE9AB3350C0712A46AA23F_analysis-2.csv;user-I072507;1;584430855;8;true;-0.6742756297239144;0.0;Infinity;0;A
user-I072507_session-F043B57DC27CD5351F4A04F235EF7934EE1AF057E1FE9AB3350C0712A46AA23F_analysis-2.csv;user-I072507;1;1270829199;9;true;-0.061147793907281846;0.0;Infinity;0;A
user-I072507_session-F043B57DC27CD5351F4A04F235EF7934EE1AF057E1FE9AB3350C0712A46AA23F_analysis-2.csv;user-I072507;1;1338957042;10;true;0.5581743173668507;0.0;Infinity;0;A
user-I072507_session-F043B57DC27CD5351F4A04F235EF7934EE1AF057E1FE9AB3350C0712A46AA23F_analysis-2.csv;user-I072507;1;682055869;7;true;0.0626586393858149;0.0;Infinity;0;A
user-I072507_session-F043B57DC27CD5351F4A04F235EF7934EE1AF057E1FE9AB3350C0712A46AA23F_analysis-2.csv;user-I072507;1;-1296839778;7;true;0.05417116407809142;0.0;Infinity;0;A
user-I072507_session-F043B57DC27CD5351F4A04F235EF7934EE1AF057E1FE9AB3350C0712A46AA23F_analysis-2.csv;user-I072507;1;1536090873;6;true;-0.6505265140336696;0.0;Infinity;0;A
user-I072507_session-F043B57DC27CD5351F4A04F235EF7934EE1AF057E1FE9AB3350C0712A46AA23F_analysis-2.csv;user-I072507;1;-2027962727;7;true;-0.16489531816566566;0.0;Infinity;0;A
user-I072507_session-F043B57DC27CD5351F4A04F235EF7934EE1AF057E1FE9AB3350C0712A46AA23F_analysis-2.csv;user-I072507;1;1766245282;8;true;-0.7197969646817978;0.0;Infinity;0;A
user-I072507_session-F043B57DC27CD5351F4A04F235EF7934EE1AF057E1FE9AB3350C0712A46AA23F_analysis-2.csv;user-I072507;1;-1125022054;7;true;-0.40172750959391224;0.0;Infinity;0;A
user-I072507_session-F043B57DC27CD5351F4A04F235EF7934EE1AF057E1FE9AB3350C0712A46AA23F_analysis-2.csv;user-I072507;1;-1595567361;7;true;3.1567124097165737;0.0;Infinity;0;A
user-I072507_session-F043B57DC27CD5351F4A04F235EF7934EE1AF057E1FE9AB3350C0712A46AA23F_analysis-2.csv;user-I072507;1;-1112513513;8;true;-0.37697676638288014;0.0;Infinity;0;A
user-I072507_session-F043B57DC27CD5351F4A04F235EF7934EE1AF057E1FE9AB3350C0712A46AA23F_analysis-2.csv;user-I072507;1;-1751218150;9;true;-0.5283015978786579;0.0;Infinity;0;A
user-I072507_session-F043B57DC27CD5351F4A04F235EF7934EE1AF057E1FE9AB3350C0712A46AA23F_analysis-2.csv;user-I072507;1;963117987;9;true;-0.04844293956466472;0.0;Infinity;0;A
user-I072507_session-F043B57DC27CD5351F4A04F235EF7934EE1AF057E1FE9AB3350C0712A46AA23F_analysis-2.csv;user-I072507;1;-672532925;7;true;-0.5803071531026902;0.0;Infinity;0;A
user-I072507_session-F043B57DC27CD5351F4A04F235EF7934EE1AF057E1FE9AB3350C0712A46AA23F_analysis-2.csv;user-I072507;1;-995675820;7;true;-0.020713672410238967;0.0;Infinity;0;A
user-I072507_session-F043B57DC27CD5351F4A04F235EF7934EE1AF057E1FE9AB3350C0712A46AA23F_analysis-2.csv;user-I072507;1;1966047140;9;true;0.23889236580643333;0.0;Infinity;0;A
user-I072507_session-F043B57DC27CD5351F4A04F235EF7934EE1AF057E1FE9AB3350C0712A46AA23F_analysis-2.csv;user-I072507;1;-2104575321;8;true;0.22534403565683747;0.0;Infinity;0;A
user-I072507_session-F043B57DC27CD5351F4A04F235EF7934EE1AF057E1FE9AB3350C0712A46AA23F_analysis-2.csv;user-I072507;1;-813623019;8;true;-0.4698908982453809;0.0;Infinity;0;A
user-I072507_session-F043B57DC27CD5351F4A04F235EF7934EE1AF057E1FE9AB3350C0712A46AA23F_analysis-2.csv;user-I072507;1;1190793818;8;true;-0.22610003140955975;0.0;Infinity;0;A
user-I072507_session-F043B57DC27CD5351F4A04F235EF7934EE1AF057E1FE9AB3350C0712A46AA23F_analysis-2.csv;user-I072507;1;1677180967;54;true;-0.7809489606877557;0.0;Infinity;0;A
user-I072507_session-F043B57DC27CD5351F4A04F235EF7934EE1AF057E1FE9AB3350C0712A46AA23F_analysis-2.csv;user-I072507;1;1068171785;7;true;-0.7383270738163618;0.0;Infinity;0;A
user-I072507_session-F043B57DC27CD5351F4A04F235EF7934EE1AF057E1FE9AB3350C0712A46AA23F_analysis-2.csv;user-I072507;1;-1156987595;8;true;-0.6927266630015741;0.0;Infinity;0;A
user-I072507_session-F043B57DC27CD5351F4A04F235EF7934EE1AF057E1FE9AB3350C0712A46AA23F_analysis-2.csv;user-I072507;1;-12429500;8;true;0.12713182138175158;0.0;Infinity;0;A
user-I072507_session-F043B57DC27CD5351F4A04F235EF7934EE1AF057E1FE9AB3350C0712A46AA23F_analysis-2.csv;user-I072507;1;-1659647798;8;true;3.0529385268392217;0.0;Infinity;0;A
user-I072507_session-F043B57DC27CD5351F4A04F235EF7934EE1AF057E1FE9AB3350C0712A46AA23F_analysis-2.csv;user-I072507;1;-762877930;8;true;-0.316694604802869;0.0;Infinity;0;A
user-I072507_session-F043B57DC27CD5351F4A04F235EF7934EE1AF057E1FE9AB3350C0712A46AA23F_analysis-2.csv;user-I072507;1;-1169734236;5;true;-0.547490672487424;0.0;Infinity;0;A
user-I072507_session-F043B57DC27CD5351F4A04F235EF7934EE1AF057E1FE9AB3350C0712A46AA23F_analysis-2.csv;user-I072507;1;874753856;8;true;-0.2528013124242302;0.0;Infinity;0;A
user-I072507_session-F043B57DC27CD5351F4A04F235EF7934EE1AF057E1FE9AB3350C0712A46AA23F_analysis-2.csv;user-I072507;1;1554809902;6;true;-0.3056239848362732;0.0;Infinity;0;A
user-I072507_session-F043B57DC27CD5351F4A04F235EF7934EE1AF057E1FE9AB3350C0712A46AA23F_analysis-2.csv;user-I072507;1;945099142;7;true;-0.5478860517719453;0.0;Infinity;0;A
user-I072507_session-F043B57DC27CD5351F4A04F235EF7934EE1AF057E1FE9AB3350C0712A46AA23F_analysis-2.csv;user-I072507;1;-1220007986;7;true;0.5417528977497337;0.0;Infinity;0;A
user-I072507_session-F043B57DC27CD5351F4A04F235EF7934EE1AF057E1FE9AB3350C0712A46AA23F_analysis-2.csv;user-I072507;1;1409700165;6;true;0.5546686210440954;0.0;Infinity;0;A
user-I072507_session-F043B57DC27CD5351F4A04F235EF7934EE1AF057E1FE9AB3350C0712A46AA23F_analysis-2.csv;user-I072507;1;-2043110905;6;true;-0.07285102072911172;0.0;Infinity;0;A
user-I072507_session-F043B57DC27CD5351F4A04F235EF7934EE1AF057E1FE9AB3350C0712A46AA23F_analysis-2.csv;user-I072507;1;236323164;7;true;0.01882425604188901;0.0;Infinity;0;A
user-I072507_session-F043B57DC27CD5351F4A04F235EF7934EE1AF057E1FE9AB3350C0712A46AA23F_analysis-2.csv;user-I072507;1;-398861846;7;true;-0.1438347816101655;0.0;Infinity;0;A
user-I072507_session-F043B57DC27CD5351F4A04F235EF7934EE1AF057E1FE9AB3350C0712A46AA23F_analysis-2.csv;user-I072507;1;845205641;7;true;-0.10411234282526091;0.0;Infinity;0;A
user-I072507_session-F043B57DC27CD5351F4A04F235EF7934EE1AF057E1FE9AB3350C0712A46AA23F_analysis-2.csv;user-I072507;1;1075187994;6;true;-0.773963926661213;0.0;Infinity;0;A
user-I072507_session-F043B57DC27CD5351F4A04F235EF7934EE1AF057E1FE9AB3350C0712A46AA23F_analysis-2.csv;user-I072507;1;961337048;7;true;-0.5563735270796688;0.0;Infinity;0;A
user-I072507_session-F043B57DC27CD5351F4A04F235EF7934EE1AF057E1FE9AB3350C0712A46AA23F_analysis-2.csv;user-I072507;1;-1527265527;6;true;-0.49292833122348745;0.0;Infinity;0;A
user-I072507_session-F043B57DC27CD5351F4A04F235EF7934EE1AF057E1FE9AB3350C0712A46AA23F_analysis-2.csv;user-I072507;1;894413476;6;true;2.2340816699766832;0.0;Infinity;0;A
user-I072507_session-F043B57DC27CD5351F4A04F235EF7934EE1AF057E1FE9AB3350C0712A46AA23F_analysis-2.csv;user-I072507;1;1514466433;7;true;-0.8231754682746284;0.0;Infinity;0;A
user-I072507_session-F043B57DC27CD5351F4A04F235EF7934EE1AF057E1FE9AB3350C0712A46AA23F_analysis-2.csv;user-I072507;1;571003769;6;true;-0.3077590329726881;0.0;Infinity;0;A
user-I072507_session-F043B57DC27CD5351F4A04F235EF7934EE1AF057E1FE9AB3350C0712A46AA23F_analysis-2.csv;user-I072507;1;2125914475;7;true;-0.2800824830561985;0.0;Infinity;0;A
user-I072507_session-F043B57DC27CD5351F4A04F235EF7934EE1AF057E1FE9AB3350C0712A46AA23F_analysis-2.csv;user-I072507;1;-298238751;10;true;-0.1920710543217616;0.0;Infinity;0;A
user-I072507_session-F043B57DC27CD5351F4A04F235EF7934EE1AF057E1FE9AB3350C0712A46AA23F_analysis-2.csv;user-I072507;1;-1201496064;11;true;1.9576061156204365;0.0;Infinity;0;A
user-I072507_session-F043B57DC27CD5351F4A04F235EF7934EE1AF057E1FE9AB3350C0712A46AA23F_analysis-2.csv;user-I072507;1;-353622485;9;true;0.10506965730546416;0.0;Infinity;0;A
user-I072507_session-F043B57DC27CD5351F4A04F235EF7934EE1AF057E1FE9AB3350C0712A46AA23F_analysis-2.csv;user-I072507;1;-1447804299;7;true;-0.601868503418584;0.0;Infinity;0;A
user-I072507_session-F043B57DC27CD5351F4A04F235EF7934EE1AF057E1FE9AB3350C0712A46AA23F_analysis-2.csv;user-I072507;1;-1456920241;6;true;-0.7391969082423085;0.0;Infinity;0;A
user-I072507_session-F043B57DC27CD5351F4A04F235EF7934EE1AF057E1FE9AB3350C0712A46AA23F_analysis-2.csv;user-I072507;1;60531807;6;true;-0.4891590487110512;0.0;Infinity;0;A
user-I072507_session-F043B57DC27CD5351F4A04F235EF7934EE1AF057E1FE9AB3350C0712A46AA23F_analysis-2.csv;user-I072507;1;1482264579;5;true;-0.668898471454425;0.0;Infinity;0;A
user-I072507_session-F043B57DC27CD5351F4A04F235EF7934EE1AF057E1FE9AB3350C0712A46AA23F_analysis-2.csv;user-I072507;1;-1318587542;5;true;-0.36848929107515666;0.0;Infinity;0;A
user-I072507_session-F043B57DC27CD5351F4A04F235EF7934EE1AF057E1FE9AB3350C0712A46AA23F_analysis-2.csv;user-I072507;1;811208554;5;true;-0.5257184532197856;0.0;Infinity;0;A
user-I072507_session-F043B57DC27CD5351F4A04F235EF7934EE1AF057E1FE9AB3350C0712A46AA23F_analysis-2.csv;user-I072507;1;1395976562;6;true;-0.6144942819042969;0.0;Infinity;0;A
user-I072507_session-F043B57DC27CD5351F4A04F235EF7934EE1AF057E1FE9AB3350C0712A46AA23F_analysis-2.csv;user-I072507;1;725343845;6;true;-0.7706163820522662;0.0;Infinity;0;A
user-I072507_session-F043B57DC27CD5351F4A04F235EF7934EE1AF057E1FE9AB3350C0712A46AA23F_analysis-2.csv;user-I072507;1;1076892461;6;true;-0.48981801418525334;0.0;Infinity;0;A
user-I072507_session-F043B57DC27CD5351F4A04F235EF7934EE1AF057E1FE9AB3350C0712A46AA23F_analysis-2.csv;user-I072507;1;-1311748503;7;true;-0.8239662268436709;0.0;Infinity;0;A
user-I072507_session-F043B57DC27CD5351F4A04F235EF7934EE1AF057E1FE9AB3350C0712A46AA23F_analysis-2.csv;user-I072507;1;1604218716;7;true;-0.45051731330383815;0.0;Infinity;0;A
user-I072507_session-F043B57DC27CD5351F4A04F235EF7934EE1AF057E1FE9AB3350C0712A46AA23F_analysis-2.csv;user-I072507;1;1695899996;6;true;-0.7014250072610423;0.0;Infinity;0;A
user-I072507_session-F043B57DC27CD5351F4A04F235EF7934EE1AF057E1FE9AB3350C0712A46AA23F_analysis-2.csv;user-I072507;1;-153519594;6;true;-0.2921020133056454;0.0;Infinity;0;A
user-I072507_session-F043B57DC27CD5351F4A04F235EF7934EE1AF057E1FE9AB3350C0712A46AA23F_analysis-2.csv;user-I072507;1;1747526253;5;true;-0.7996372215361282;0.0;Infinity;0;A
user-I072507_session-F043B57DC27CD5351F4A04F235EF7934EE1AF057E1FE9AB3350C0712A46AA23F_analysis-2.csv;user-I072507;1;-1060941617;7;true;-0.6438314248157758;0.0;Infinity;0;A
user-I072507_session-F043B57DC27CD5351F4A04F235EF7934EE1AF057E1FE9AB3350C0712A46AA23F_analysis-2.csv;user-I072507;1;1444121147;5;true;-0.6363982942667759;0.0;Infinity;0;A
user-I072507_session-F043B57DC27CD5351F4A04F235EF7934EE1AF057E1FE9AB3350C0712A46AA23F_analysis-2.csv;user-I072507;1;1460056999;8;true;-0.4278225423723167;0.0;Infinity;0;A
user-I072507_session-F043B57DC27CD5351F4A04F235EF7934EE1AF057E1FE9AB3350C0712A46AA23F_analysis-2.csv;user-I072507;1;-580653637;7;true;-0.5649137196253284;0.0;Infinity;0;A
user-I072507_session-F043B57DC27CD5351F4A04F235EF7934EE1AF057E1FE9AB3350C0712A46AA23F_analysis-2.csv;user-I072507;1;-1026590057;6;true;-0.6855044014043188;0.0;Infinity;0;A
user-I072507_session-F043B57DC27CD5351F4A04F235EF7934EE1AF057E1FE9AB3350C0712A46AA23F_analysis-2.csv;user-I072507;1;1227775003;8;true;0.5909117221252127;0.0;Infinity;0;A
user-I072507_session-F043B57DC27CD5351F4A04F235EF7934EE1AF057E1FE9AB3350C0712A46AA23F_analysis-2.csv;user-I072507;1;2042128887;8;true;-0.33688530693242236;0.0;Infinity;0;A
user-I072507_session-F043B57DC27CD5351F4A04F235EF7934EE1AF057E1FE9AB3350C0712A46AA23F_analysis-2.csv;user-I072507;1;-1300295132;7;true;-0.34626897528506073;0.0;Infinity;0;A
user-I072507_session-F043B57DC27CD5351F4A04F235EF7934EE1AF057E1FE9AB3350C0712A46AA23F_analysis-2.csv;user-I072507;1;740863268;6;true;-0.059170897484675446;0.0;Infinity;0;A
user-I072507_session-F043B57DC27CD5351F4A04F235EF7934EE1AF057E1FE9AB3350C0712A46AA23F_analysis-2.csv;user-I072507;1;733663762;7;true;0.3642539576186471;0.0;Infinity;0;A
user-I072507_session-F043B57DC27CD5351F4A04F235EF7934EE1AF057E1FE9AB3350C0712A46AA23F_analysis-2.csv;user-I072507;1;-158076567;9;true;-0.5620142715388391;0.0;Infinity;0;A
user-I072507_session-F043B57DC27CD5351F4A04F235EF7934EE1AF057E1FE9AB3350C0712A46AA23F_analysis-2.csv;user-I072507;1;1174553367;6;true;-0.6064285445000628;0.0;Infinity;0;A
user-I072507_session-F043B57DC27CD5351F4A04F235EF7934EE1AF057E1FE9AB3350C0712A46AA23F_analysis-2.csv;user-I072507;1;-1123312993;5;true;-0.757885169090681;0.0;Infinity;0;A
user-I072507_session-F043B57DC27CD5351F4A04F235EF7934EE1AF057E1FE9AB3350C0712A46AA23F_analysis-2.csv;user-I072507;1;801791605;5;true;1.7876984577521584;0.0;Infinity;0;A
user-I072507_session-F043B57DC27CD5351F4A04F235EF7934EE1AF057E1FE9AB3350C0712A46AA23F_analysis-2.csv;user-I072507;1;1469226706;6;true;1.6665278863558703;0.0;Infinity;0;A
user-I072507_session-F043B57DC27CD5351F4A04F235EF7934EE1AF057E1FE9AB3350C0712A46AA23F_analysis-2.csv;user-I072507;1;-327597180;6;true;0.6318202987636812;0.0;Infinity;0;A
user-I072507_session-F043B57DC27CD5351F4A04F235EF7934EE1AF057E1FE9AB3350C0712A46AA23F_analysis-2.csv;user-I072507;1;-1176593950;6;true;-0.38169495917816737;0.0;Infinity;0;A
user-I072507_session-F043B57DC27CD5351F4A04F235EF7934EE1AF057E1FE9AB3350C0712A46AA23F_analysis-2.csv;user-I072507;1;-1659239679;6;true;-0.4460627066982317;0.0;Infinity;0;A
user-I072507_session-F043B57DC27CD5351F4A04F235EF7934EE1AF057E1FE9AB3350C0712A46AA23F_analysis-2.csv;user-I072507;1;57915786;6;true;-0.6705327058304463;0.0;Infinity;0;A
user-I072507_session-F043B57DC27CD5351F4A04F235EF7934EE1AF057E1FE9AB3350C0712A46AA23F_analysis-2.csv;user-I072507;1;2009650962;9;true;-0.22240982475402782;0.0;Infinity;0;A
user-I072507_session-F043B57DC27CD5351F4A04F235EF7934EE1AF057E1FE9AB3350C0712A46AA23F_analysis-2.csv;user-I072507;1;969739788;9;true;-0.6463091349987758;0.0;Infinity;0;A
user-I072507_session-F043B57DC27CD5351F4A04F235EF7934EE1AF057E1FE9AB3350C0712A46AA23F_analysis-2.csv;user-I072507;1;-745495176;10;true;0.18767756915144354;0.0;Infinity;0;A
user-I072507_session-F043B57DC27CD5351F4A04F235EF7934EE1AF057E1FE9AB3350C0712A46AA23F_analysis-2.csv;user-I072507;1;1984247167;8;true;-0.6402730112550844;0.0;Infinity;0;A
user-I072507_session-F043B57DC27CD5351F4A04F235EF7934EE1AF057E1FE9AB3350C0712A46AA23F_analysis-2.csv;user-I072507;1;-877191143;7;true;-0.4738446910905937;0.0;Infinity;0;A
user-I072507_session-F043B57DC27CD5351F4A04F235EF7934EE1AF057E1FE9AB3350C0712A46AA23F_analysis-2.csv;user-I072507;1;-618762112;8;true;-0.533573321672275;0.0;Infinity;0;A
user-I072507_session-F043B57DC27CD5351F4A04F235EF7934EE1AF057E1FE9AB3350C0712A46AA23F_analysis-2.csv;user-I072507;1;639131612;7;true;-0.007481645688260137;0.0;Infinity;0;A
user-I072507_session-F043B57DC27CD5351F4A04F235EF7934EE1AF057E1FE9AB3350C0712A46AA23F_analysis-2.csv;user-I072507;1;-784240440;5;true;-0.4895544279955725;0.0;Infinity;0;A
user-I072507_session-F043B57DC27CD5351F4A04F235EF7934EE1AF057E1FE9AB3350C0712A46AA23F_analysis-2.csv;user-I072507;1;-475813042;5;true;-0.3703607530218907;0.0;Infinity;0;A
user-I072507_session-F043B57DC27CD5351F4A04F235EF7934EE1AF057E1FE9AB3350C0712A46AA23F_analysis-2.csv;user-I072507;1;-927547977;7;true;1.0066662191088225;0.0;Infinity;0;A
user-I072507_session-F043B57DC27CD5351F4A04F235EF7934EE1AF057E1FE9AB3350C0712A46AA23F_analysis-2.csv;user-I072507;1;94655856;6;true;-0.43899859681478487;0.0;Infinity;0;A
user-I072507_session-F043B57DC27CD5351F4A04F235EF7934EE1AF057E1FE9AB3350C0712A46AA23F_analysis-2.csv;user-I072507;1;1527672529;6;true;-0.35022276813027353;0.0;Infinity;0;A
user-I072507_session-F043B57DC27CD5351F4A04F235EF7934EE1AF057E1FE9AB3350C0712A46AA23F_analysis-2.csv;user-I072507;1;-9813479;7;true;-0.2690382217085707;0.0;Infinity;0;A
user-I072507_session-F043B57DC27CD5351F4A04F235EF7934EE1AF057E1FE9AB3350C0712A46AA23F_analysis-2.csv;user-I072507;1;514085569;5;true;-0.44608906531719983;0.0;Infinity;0;A
user-I072507_session-F043B57DC27CD5351F4A04F235EF7934EE1AF057E1FE9AB3350C0712A46AA23F_analysis-2.csv;user-I072507;1;-1378754229;6;true;4.594812301996341;0.0;Infinity;0;A
user-I072507_session-F043B57DC27CD5351F4A04F235EF7934EE1AF057E1FE9AB3350C0712A46AA23F_analysis-2.csv;user-I072507;1;1767833846;6;true;0.3835748253222536;0.0;Infinity;0;A
user-I072507_session-F043B57DC27CD5351F4A04F235EF7934EE1AF057E1FE9AB3350C0712A46AA23F_analysis-2.csv;user-I072507;1;1694871595;5;true;2.2792603428879814;0.0;Infinity;0;A
user-I072507_session-F043B57DC27CD5351F4A04F235EF7934EE1AF057E1FE9AB3350C0712A46AA23F_analysis-2.csv;user-I072507;1;-2100924978;7;true;0.5974486596292979;0.0;Infinity;0;A
user-I072507_session-F043B57DC27CD5351F4A04F235EF7934EE1AF057E1FE9AB3350C0712A46AA23F_analysis-2.csv;user-I072507;1;-82775730;6;true;1.0192656389755672;0.0;Infinity;0;A
user-I072507_session-F043B57DC27CD5351F4A04F235EF7934EE1AF057E1FE9AB3350C0712A46AA23F_analysis-2.csv;user-I072507;1;-1368422975;7;true;-0.4908723589439768;0.0;Infinity;0;A
user-I072507_session-F043B57DC27CD5351F4A04F235EF7934EE1AF057E1FE9AB3350C0712A46AA23F_analysis-2.csv;user-I072507;1;1535968826;6;true;0.21145304346065652;0.0;Infinity;0;A
user-I072507_session-F043B57DC27CD5351F4A04F235EF7934EE1AF057E1FE9AB3350C0712A46AA23F_analysis-2.csv;user-I072507;1;-786524452;9;true;-0.4148541018400187;0.0;Infinity;0;A
user-I072507_session-F043B57DC27CD5351F4A04F235EF7934EE1AF057E1FE9AB3350C0712A46AA23F_analysis-2.csv;user-I072507;1;-1957617441;7;true;-0.6411955629189673;0.0;Infinity;0;A
user-I072507_session-F043B57DC27CD5351F4A04F235EF7934EE1AF057E1FE9AB3350C0712A46AA23F_analysis-2.csv;user-I072507;1;-1439763283;6;true;-0.5633058438682752;0.0;Infinity;0;A
user-I072507_session-F043B57DC27CD5351F4A04F235EF7934EE1AF057E1FE9AB3350C0712A46AA23F_analysis-2.csv;user-I072507;1;918167892;7;true;-0.737773542818032;0.0;Infinity;0;A
user-I072507_session-F043B57DC27CD5351F4A04F235EF7934EE1AF057E1FE9AB3350C0712A46AA23F_analysis-2.csv;user-I072507;1;828649694;7;true;-0.6181581299408607;0.0;Infinity;0;A
user-I072507_session-F043B57DC27CD5351F4A04F235EF7934EE1AF057E1FE9AB3350C0712A46AA23F_analysis-2.csv;user-I072507;1;-1353898574;8;true;0.4855036048718396;0.0;Infinity;0;A
user-I072507_session-F043B57DC27CD5351F4A04F235EF7934EE1AF057E1FE9AB3350C0712A46AA23F_analysis-2.csv;user-I072507;1;1140972898;7;true;-0.7242515712874041;0.0;Infinity;0;A
user-I072507_session-F043B57DC27CD5351F4A04F235EF7934EE1AF057E1FE9AB3350C0712A46AA23F_analysis-2.csv;user-I072507;1;-1516595836;6;true;-0.3621368639038481;0.0;Infinity;0;A
user-I072507_session-F043B57DC27CD5351F4A04F235EF7934EE1AF057E1FE9AB3350C0712A46AA23F_analysis-2.csv;user-I072507;1;737020364;8;true;-0.3244967560174222;0.0;Infinity;0;A
user-I072507_session-F043B57DC27CD5351F4A04F235EF7934EE1AF057E1FE9AB3350C0712A46AA23F_analysis-2.csv;user-I072507;1;1300737254;7;true;-0.07314096553776066;0.0;Infinity;0;A
user-I072507_session-F043B57DC27CD5351F4A04F235EF7934EE1AF057E1FE9AB3350C0712A46AA23F_analysis-2.csv;user-I072507;1;931292455;6;true;-0.7323436673106064;0.0;Infinity;0;A
user-I072507_session-F043B57DC27CD5351F4A04F235EF7934EE1AF057E1FE9AB3350C0712A46AA23F_analysis-2.csv;user-I072507;1;-936149279;8;true;1.8759734726762762;0.0;Infinity;0;A
user-I072507_session-F043B57DC27CD5351F4A04F235EF7934EE1AF057E1FE9AB3350C0712A46AA23F_analysis-2.csv;user-I072507;1;656831970;5;true;-0.19483870931341057;0.0;Infinity;0;A
user-I072507_session-F043B57DC27CD5351F4A04F235EF7934EE1AF057E1FE9AB3350C0712A46AA23F_analysis-2.csv;user-I072507;1;-698797493;5;true;-0.2922338064004858;0.0;Infinity;0;A
user-I072507_session-F043B57DC27CD5351F4A04F235EF7934EE1AF057E1FE9AB3350C0712A46AA23F_analysis-2.csv;user-I072507;1;2125337261;8;true;-0.6165238955648394;0.0;Infinity;0;A
user-I072507_session-F043B57DC27CD5351F4A04F235EF7934EE1AF057E1FE9AB3350C0712A46AA23F_analysis-2.csv;user-I072507;1;-1821563436;6;true;0.07111975607457029;0.0;Infinity;0;A
user-I072507_session-F043B57DC27CD5351F4A04F235EF7934EE1AF057E1FE9AB3350C0712A46AA23F_analysis-2.csv;user-I072507;1;1104208081;6;true;-0.2479249679151344;0.0;Infinity;0;A
user-I072507_session-F043B57DC27CD5351F4A04F235EF7934EE1AF057E1FE9AB3350C0712A46AA23F_analysis-2.csv;user-I072507;1;625754237;6;true;-0.7961578838323409;0.0;Infinity;0;A
user-I072507_session-F043B57DC27CD5351F4A04F235EF7934EE1AF057E1FE9AB3350C0712A46AA23F_analysis-2.csv;user-I072507;1;1402229198;6;true;-0.7019258210214359;0.0;Infinity;0;A
user-I072507_session-F043B57DC27CD5351F4A04F235EF7934EE1AF057E1FE9AB3350C0712A46AA23F_analysis-2.csv;user-I072507;1;1945570525;6;true;-0.43884044510097636;0.0;Infinity;0;A
user-I072507_session-F043B57DC27CD5351F4A04F235EF7934EE1AF057E1FE9AB3350C0712A46AA23F_analysis-2.csv;user-I072507;1;-682842549;6;true;-0.2353519066673577;0.0;Infinity;0;A
user-I072507_session-F043B57DC27CD5351F4A04F235EF7934EE1AF057E1FE9AB3350C0712A46AA23F_analysis-2.csv;user-I072507;1;-510308351;6;true;-0.5828112219046584;0.0;Infinity;0;A
user-I072507_session-F043B57DC27CD5351F4A04F235EF7934EE1AF057E1FE9AB3350C0712A46AA23F_analysis-2.csv;user-I072507;1;-1580676273;6;true;-0.3759487802431248;0.0;Infinity;0;A
user-I072507_session-F043B57DC27CD5351F4A04F235EF7934EE1AF057E1FE9AB3350C0712A46AA23F_analysis-2.csv;user-I072507;1;469862984;5;true;5.903148713096224;0.0;Infinity;0;A
user-I072507_session-F043B57DC27CD5351F4A04F235EF7934EE1AF057E1FE9AB3350C0712A46AA23F_analysis-2.csv;user-I072507;1;-1591111836;7;true;0.42627578805055183;0.0;Infinity;0;A
user-I072507_session-F043B57DC27CD5351F4A04F235EF7934EE1AF057E1FE9AB3350C0712A46AA23F_analysis-2.csv;user-I072507;1;-716179166;6;true;-0.765898189256979;0.0;Infinity;0;A
user-I072507_session-F043B57DC27CD5351F4A04F235EF7934EE1AF057E1FE9AB3350C0712A46AA23F_analysis-2.csv;user-I072507;1;-854585726;6;true;-0.07116406911515426;0.0;Infinity;0;A
user-I072507_session-F043B57DC27CD5351F4A04F235EF7934EE1AF057E1FE9AB3350C0712A46AA23F_analysis-2.csv;user-I072507;1;-724713899;6;true;-0.33401221746490106;0.0;Infinity;0;A
user-I072507_session-F043B57DC27CD5351F4A04F235EF7934EE1AF057E1FE9AB3350C0712A46AA23F_analysis-2.csv;user-I072507;1;-1289818137;6;true;0.7281083338540968;0.0;Infinity;0;A
user-I072507_session-F043B57DC27CD5351F4A04F235EF7934EE1AF057E1FE9AB3350C0712A46AA23F_analysis-2.csv;user-I072507;1;-1203770080;5;true;-0.26091976706640047;0.0;Infinity;0;A
user-I072507_session-F043B57DC27CD5351F4A04F235EF7934EE1AF057E1FE9AB3350C0712A46AA23F_analysis-2.csv;user-I072507;1;1477858706;6;true;-0.518443474384594;0.0;Infinity;0;A
user-I072507_session-F043B57DC27CD5351F4A04F235EF7934EE1AF057E1FE9AB3350C0712A46AA23F_analysis-2.csv;user-I072507;1;-1455056040;7;true;-0.5543702720380943;0.0;Infinity;0;A
user-I072507_session-F043B57DC27CD5351F4A04F235EF7934EE1AF057E1FE9AB3350C0712A46AA23F_analysis-2.csv;user-I072507;1;724959813;7;true;1.1423340309375576;0.0;Infinity;0;A
user-I072507_session-F043B57DC27CD5351F4A04F235EF7934EE1AF057E1FE9AB3350C0712A46AA23F_analysis-2.csv;user-I072507;1;-1263837074;6;true;-0.6618343615709782;0.0;Infinity;0;A
user-I072507_session-F043B57DC27CD5351F4A04F235EF7934EE1AF057E1FE9AB3350C0712A46AA23F_analysis-2.csv;user-I072507;1;-353500438;6;true;-0.7188480543989467;0.0;Infinity;0;A
user-I072507_session-F043B57DC27CD5351F4A04F235EF7934EE1AF057E1FE9AB3350C0712A46AA23F_analysis-2.csv;user-I072507;1;-2040494884;6;true;0.4274882845230838;0.0;Infinity;0;A
user-I072507_session-F043B57DC27CD5351F4A04F235EF7934EE1AF057E1FE9AB3350C0712A46AA23F_analysis-2.csv;user-I072507;1;-231038818;7;true;0.09589685790457048;0.0;Infinity;0;A
user-I072507_session-F043B57DC27CD5351F4A04F235EF7934EE1AF057E1FE9AB3350C0712A46AA23F_analysis-2.csv;user-I072507;1;868267350;6;true;-0.7284689503222979;0.0;Infinity;0;A
user-I072507_session-F043B57DC27CD5351F4A04F235EF7934EE1AF057E1FE9AB3350C0712A46AA23F_analysis-2.csv;user-I072507;1;972872573;6;true;-0.47927456659801926;0.0;Infinity;0;A
user-I072507_session-F043B57DC27CD5351F4A04F235EF7934EE1AF057E1FE9AB3350C0712A46AA23F_analysis-2.csv;user-I072507;1;931880457;6;true;0.13024213841998564;0.0;Infinity;0;A
user-I072507_session-F043B57DC27CD5351F4A04F235EF7934EE1AF057E1FE9AB3350C0712A46AA23F_analysis-2.csv;user-I072507;1;749901668;6;true;-0.3015383988962199;0.0;Infinity;0;A
user-I072507_session-F043B57DC27CD5351F4A04F235EF7934EE1AF057E1FE9AB3350C0712A46AA23F_analysis-2.csv;user-I072507;1;-804228892;5;true;-0.5357874456655941;0.0;Infinity;0;A
user-I072507_session-F043B57DC27CD5351F4A04F235EF7934EE1AF057E1FE9AB3350C0712A46AA23F_analysis-2.csv;user-I072507;1;-1128533813;6;true;0.30312832023165726;0.0;Infinity;0;A
user-I072507_session-F043B57DC27CD5351F4A04F235EF7934EE1AF057E1FE9AB3350C0712A46AA23F_analysis-2.csv;user-I072507;1;-990553761;5;true;0.2641439227778591;0.0;Infinity;0;A
user-I072507_session-F043B57DC27CD5351F4A04F235EF7934EE1AF057E1FE9AB3350C0712A46AA23F_analysis-2.csv;user-I072507;1;-653615888;7;true;0.9199200040848536;0.0;Infinity;0;A
user-I072507_session-F043B57DC27CD5351F4A04F235EF7934EE1AF057E1FE9AB3350C0712A46AA23F_analysis-2.csv;user-I072507;1;1036953010;6;true;-0.4683884569642;0.0;Infinity;0;A
user-I072507_session-F043B57DC27CD5351F4A04F235EF7934EE1AF057E1FE9AB3350C0712A46AA23F_analysis-2.csv;user-I072507;1;172242727;7;true;0.10361993326221948;0.0;Infinity;0;A
user-I072507_session-F043B57DC27CD5351F4A04F235EF7934EE1AF057E1FE9AB3350C0712A46AA23F_analysis-2.csv;user-I072507;1;-1375682846;6;true;-0.3293467419075499;0.0;Infinity;0;A
user-I072507_session-F043B57DC27CD5351F4A04F235EF7934EE1AF057E1FE9AB3350C0712A46AA23F_analysis-2.csv;user-I072507;1;860947169;6;true;-0.6906443321030954;0.0;Infinity;0;A
user-I072507_session-F043B57DC27CD5351F4A04F235EF7934EE1AF057E1FE9AB3350C0712A46AA23F_analysis-2.csv;user-I072507;1;818111665;6;true;-0.7595721207046385;0.0;Infinity;0;A
user-I072507_session-F043B57DC27CD5351F4A04F235EF7934EE1AF057E1FE9AB3350C0712A46AA23F_analysis-2.csv;user-I072507;1;441123318;7;true;0.6091518864511278;0.0;Infinity;0;A
user-I072507_session-F043B57DC27CD5351F4A04F235EF7934EE1AF057E1FE9AB3350C0712A46AA23F_analysis-2.csv;user-I072507;1;-927614546;5;true;-0.2569132569832515;0.0;Infinity;0;A
user-I072507_session-F043B57DC27CD5351F4A04F235EF7934EE1AF057E1FE9AB3350C0712A46AA23F_analysis-2.csv;user-I072507;1;-262847559;6;true;0.9828116689427052;0.0;Infinity;0;A
user-I072507_session-F043B57DC27CD5351F4A04F235EF7934EE1AF057E1FE9AB3350C0712A46AA23F_analysis-2.csv;user-I072507;1;995209534;5;true;-0.7134445375104892;0.0;Infinity;0;A
user-I072507_session-F043B57DC27CD5351F4A04F235EF7934EE1AF057E1FE9AB3350C0712A46AA23F_analysis-2.csv;user-I072507;1;766844331;6;true;-0.6505265140336696;0.0;Infinity;0;A
user-I072507_session-F043B57DC27CD5351F4A04F235EF7934EE1AF057E1FE9AB3350C0712A46AA23F_analysis-2.csv;user-I072507;1;-859486703;7;true;0.02230359374567627;0.0;Infinity;0;A
user-I072507_session-F043B57DC27CD5351F4A04F235EF7934EE1AF057E1FE9AB3350C0712A46AA23F_analysis-2.csv;user-I072507;1;-721743731;6;true;-0.2615523739216345;0.0;Infinity;0;A
user-I072507_session-F043B57DC27CD5351F4A04F235EF7934EE1AF057E1FE9AB3350C0712A46AA23F_analysis-2.csv;user-I072507;1;-1446882072;6;true;1.5270117161577947;0.0;Infinity;0;A
user-I072507_session-F043B57DC27CD5351F4A04F235EF7934EE1AF057E1FE9AB3350C0712A46AA23F_analysis-2.csv;user-I072507;1;-326927996;6;true;0.6531971387467983;0.0;Infinity;0;A
user-I072507_session-F043B57DC27CD5351F4A04F235EF7934EE1AF057E1FE9AB3350C0712A46AA23F_analysis-2.csv;user-I072507;1;1040085074;5;true;-0.8092581174594793;0.0;Infinity;0;A
user-I072507_session-F043B57DC27CD5351F4A04F235EF7934EE1AF057E1FE9AB3350C0712A46AA23F_analysis-2.csv;user-I072507;1;-417580875;7;true;-0.7284162330843617;0.0;Infinity;0;A
user-I072507_session-F043B57DC27CD5351F4A04F235EF7934EE1AF057E1FE9AB3350C0712A46AA23F_analysis-2.csv;user-I072507;1;1371158896;6;true;0.5218257818098612;0.0;Infinity;0;A
user-I072507_session-F043B57DC27CD5351F4A04F235EF7934EE1AF057E1FE9AB3350C0712A46AA23F_analysis-2.csv;user-I072507;1;2052375010;5;true;-0.1584901737564209;0.0;Infinity;0;A
user-I072507_session-F043B57DC27CD5351F4A04F235EF7934EE1AF057E1FE9AB3350C0712A46AA23F_analysis-2.csv;user-I072507;1;-795059185;7;true;0.8921907369304279;0.0;Infinity;0;A
user-I072507_session-F043B57DC27CD5351F4A04F235EF7934EE1AF057E1FE9AB3350C0712A46AA23F_analysis-2.csv;user-I072507;2;-150903573;10;false;0.045525537056559436;1.0;16.37095768108548;0;A
user-I072507_session-F043B57DC27CD5351F4A04F235EF7934EE1AF057E1FE9AB3350C0712A46AA23F_analysis-2.csv;user-I072507;2;294023950;9;false;2.7987887227489434;1.0;16.37095768108548;0;A
user-I072507_session-F043B57DC27CD5351F4A04F235EF7934EE1AF057E1FE9AB3350C0712A46AA23F_analysis-2.csv;user-I072507;2;-1233814673;14;false;-0.6647865268954037;1.0;16.37095768108548;0;A
user-I072507_session-F043B57DC27CD5351F4A04F235EF7934EE1AF057E1FE9AB3350C0712A46AA23F_analysis-2.csv;user-I072507;2;-1305791978;13;false;0.9854211722205457;1.0;16.37095768108548;0;A
user-I072507_session-F043B57DC27CD5351F4A04F235EF7934EE1AF057E1FE9AB3350C0712A46AA23F_analysis-2.csv;user-I072507;2;-868021436;8;false;3.5208830893796406;1.0;16.37095768108548;0;A
user-I072507_session-F043B57DC27CD5351F4A04F235EF7934EE1AF057E1FE9AB3350C0712A46AA23F_analysis-2.csv;user-I072507;2;1411919293;7;false;-0.4726849118559979;1.0;16.37095768108548;0;A
user-I072507_session-F043B57DC27CD5351F4A04F235EF7934EE1AF057E1FE9AB3350C0712A46AA23F_analysis-2.csv;user-I072507;2;927081691;20;false;-0.7354803429678085;1.0;16.37095768108548;0;A
user-I072507_session-F043B57DC27CD5351F4A04F235EF7934EE1AF057E1FE9AB3350C0712A46AA23F_analysis-2.csv;user-I072507;2;746136306;9;false;-0.15986082194276136;1.0;16.37095768108548;0;A
user-I072507_session-F043B57DC27CD5351F4A04F235EF7934EE1AF057E1FE9AB3350C0712A46AA23F_analysis-2.csv;user-I072507;2;-1523183883;8;false;-0.6966540972278189;1.0;16.37095768108548;0;A
user-I072507_session-F043B57DC27CD5351F4A04F235EF7934EE1AF057E1FE9AB3350C0712A46AA23F_analysis-2.csv;user-I072507;2;719857075;9;false;-0.6673696715542761;1.0;16.37095768108548;0;A
user-I072507_session-F043B57DC27CD5351F4A04F235EF7934EE1AF057E1FE9AB3350C0712A46AA23F_analysis-2.csv;user-I072507;2;-334781409;41;false;-0.09420150209326084;1.0;16.37095768108548;0;A
user-I072507_session-F043B57DC27CD5351F4A04F235EF7934EE1AF057E1FE9AB3350C0712A46AA23F_analysis-2.csv;user-I072507;2;-1518149585;15;false;-0.35101352669931607;1.0;16.37095768108548;0;A
user-I072507_session-F043B57DC27CD5351F4A04F235EF7934EE1AF057E1FE9AB3350C0712A46AA23F_analysis-2.csv;user-I072507;2;-926473324;7;false;0.14318422033331554;1.0;16.37095768108548;0;A
user-I072507_session-F043B57DC27CD5351F4A04F235EF7934EE1AF057E1FE9AB3350C0712A46AA23F_analysis-2.csv;user-I072507;2;372995475;11;false;-0.3925547101930185;1.0;16.37095768108548;0;A
user-I072507_session-F043B57DC27CD5351F4A04F235EF7934EE1AF057E1FE9AB3350C0712A46AA23F_analysis-2.csv;user-I072507;2;1677058920;17;false;-0.34228882382087983;1.0;16.37095768108548;0;A
user-I072507_session-F043B57DC27CD5351F4A04F235EF7934EE1AF057E1FE9AB3350C0712A46AA23F_analysis-2.csv;user-I072507;2;-299166661;13;false;-0.30630930892944336;1.0;16.37095768108548;0;A
user-I072507_session-F043B57DC27CD5351F4A04F235EF7934EE1AF057E1FE9AB3350C0712A46AA23F_analysis-2.csv;user-I072507;2;-254634929;9;false;-0.486918566098764;1.0;16.37095768108548;0;A
user-I072507_session-F043B57DC27CD5351F4A04F235EF7934EE1AF057E1FE9AB3350C0712A46AA23F_analysis-2.csv;user-I072507;2;-1668355621;9;false;-0.5548710857984879;1.0;16.37095768108548;0;A
user-I072507_session-F043B57DC27CD5351F4A04F235EF7934EE1AF057E1FE9AB3350C0712A46AA23F_analysis-2.csv;user-I072507;2;-945318986;10;false;-0.27855368315604956;1.0;16.37095768108548;0;A
user-I072507_session-F043B57DC27CD5351F4A04F235EF7934EE1AF057E1FE9AB3350C0712A46AA23F_analysis-2.csv;user-I072507;2;-417702922;10;false;0.008043580883942116;1.0;16.37095768108548;0;A
user-I072507_session-F043B57DC27CD5351F4A04F235EF7934EE1AF057E1FE9AB3350C0712A46AA23F_analysis-2.csv;user-I072507;2;-1264403087;8;false;-0.47706044260470004;1.0;16.37095768108548;0;A
user-I072507_session-F043B57DC27CD5351F4A04F235EF7934EE1AF057E1FE9AB3350C0712A46AA23F_analysis-2.csv;user-I072507;2;-729944151;12;false;0.2698901017129017;1.0;16.37095768108548;0;A
user-I072507_session-F043B57DC27CD5351F4A04F235EF7934EE1AF057E1FE9AB3350C0712A46AA23F_analysis-2.csv;user-I072507;2;-650640695;13;false;0.0031408777558782465;1.0;16.37095768108548;0;A
user-I072507_session-F043B57DC27CD5351F4A04F235EF7934EE1AF057E1FE9AB3350C0712A46AA23F_analysis-2.csv;user-I072507;2;2106209324;12;false;-0.45478740957666797;1.0;16.37095768108548;0;A
user-I072507_session-F043B57DC27CD5351F4A04F235EF7934EE1AF057E1FE9AB3350C0712A46AA23F_analysis-2.csv;user-I072507;2;1004842708;8;false;-0.6575379066791802;1.0;16.37095768108548;0;A
user-I072507_session-F043B57DC27CD5351F4A04F235EF7934EE1AF057E1FE9AB3350C0712A46AA23F_analysis-2.csv;user-I072507;2;-184289643;6;false;-0.6937810077602975;1.0;16.37095768108548;0;A
user-I072507_session-F043B57DC27CD5351F4A04F235EF7934EE1AF057E1FE9AB3350C0712A46AA23F_analysis-2.csv;user-I072507;2;988513178;7;false;-0.8108132759785963;1.0;16.37095768108548;0;A
user-I072507_session-F043B57DC27CD5351F4A04F235EF7934EE1AF057E1FE9AB3350C0712A46AA23F_analysis-2.csv;user-I072507;2;654998559;6;false;-0.5734011949330519;1.0;16.37095768108548;0;A
user-I072507_session-F043B57DC27CD5351F4A04F235EF7934EE1AF057E1FE9AB3350C0712A46AA23F_analysis-2.csv;user-I072507;2;-439328845;6;false;-0.057694814822462664;1.0;16.37095768108548;0;A
user-I072507_session-F043B57DC27CD5351F4A04F235EF7934EE1AF057E1FE9AB3350C0712A46AA23F_analysis-2.csv;user-I072507;2;1477761439;10;false;-0.24689698177537908;1.0;16.37095768108548;0;A
user-I072507_session-F043B57DC27CD5351F4A04F235EF7934EE1AF057E1FE9AB3350C0712A46AA23F_analysis-2.csv;user-I072507;2;435114044;14;false;1.6498692391680403;1.0;16.37095768108548;0;A
user-I072507_session-F043B57DC27CD5351F4A04F235EF7934EE1AF057E1FE9AB3350C0712A46AA23F_analysis-2.csv;user-I072507;2;-1155927549;8;false;0.729373547564565;1.0;16.37095768108548;0;A
user-I072507_session-F043B57DC27CD5351F4A04F235EF7934EE1AF057E1FE9AB3350C0712A46AA23F_analysis-2.csv;user-I072507;2;613170521;9;false;0.12030493906901749;1.0;16.37095768108548;0;A
user-I072507_session-F043B57DC27CD5351F4A04F235EF7934EE1AF057E1FE9AB3350C0712A46AA23F_analysis-2.csv;user-I072507;2;-2107191342;8;false;-0.029649244240419887;1.0;16.37095768108548;0;A
user-I072507_session-F043B57DC27CD5351F4A04F235EF7934EE1AF057E1FE9AB3350C0712A46AA23F_analysis-2.csv;user-I072507;2;30575419;9;false;-0.4404219622390615;1.0;16.37095768108548;0;A
user-I072507_session-F043B57DC27CD5351F4A04F235EF7934EE1AF057E1FE9AB3350C0712A46AA23F_analysis-2.csv;user-I072507;2;1545986549;9;false;0.3032073960885615;1.0;16.37095768108548;0;A
user-I072507_session-F043B57DC27CD5351F4A04F235EF7934EE1AF057E1FE9AB3350C0712A46AA23F_analysis-2.csv;user-I072507;2;1683632254;7;false;-0.24086085803168752;1.0;16.37095768108548;0;A
user-I072507_session-F043B57DC27CD5351F4A04F235EF7934EE1AF057E1FE9AB3350C0712A46AA23F_analysis-2.csv;user-I072507;2;1135752078;9;false;0.7162733139374265;1.0;16.37095768108548;0;A
user-I072507_session-F043B57DC27CD5351F4A04F235EF7934EE1AF057E1FE9AB3350C0712A46AA23F_analysis-2.csv;user-I072507;2;1345619728;10;false;0.43884884929832857;1.0;16.37095768108548;0;A
user-I072507_session-F043B57DC27CD5351F4A04F235EF7934EE1AF057E1FE9AB3350C0712A46AA23F_analysis-2.csv;user-I072507;2;-1227332881;8;false;-0.44777601693115726;1.0;16.37095768108548;0;A
user-I072507_session-F043B57DC27CD5351F4A04F235EF7934EE1AF057E1FE9AB3350C0712A46AA23F_analysis-2.csv;user-I072507;2;362151793;9;false;6.627114541673655;1.0;16.37095768108548;0;A
user-I072507_session-F043B57DC27CD5351F4A04F235EF7934EE1AF057E1FE9AB3350C0712A46AA23F_analysis-2.csv;user-I072507;2;582036308;10;false;-0.018367755322079373;1.0;16.37095768108548;0;A
user-I072507_session-F043B57DC27CD5351F4A04F235EF7934EE1AF057E1FE9AB3350C0712A46AA23F_analysis-2.csv;user-I072507;2;-1894525687;7;false;1.8151904973358715;1.0;16.37095768108548;0;A
user-I072507_session-F043B57DC27CD5351F4A04F235EF7934EE1AF057E1FE9AB3350C0712A46AA23F_analysis-2.csv;user-I072507;2;1838179132;7;false;-0.3223617078810073;1.0;16.37095768108548;0;A
user-I072507_session-F043B57DC27CD5351F4A04F235EF7934EE1AF057E1FE9AB3350C0712A46AA23F_analysis-2.csv;user-I072507;2;-1551936607;8;false;2.909705791366646;1.0;16.37095768108548;0;A
user-I072507_session-F043B57DC27CD5351F4A04F235EF7934EE1AF057E1FE9AB3350C0712A46AA23F_analysis-2.csv;user-I072507;2;1626743752;6;false;0.8209961070976295;1.0;16.37095768108548;0;A
user-I072507_session-F043B57DC27CD5351F4A04F235EF7934EE1AF057E1FE9AB3350C0712A46AA23F_analysis-2.csv;user-I072507;2;-1487856170;6;false;2.951747788620742;1.0;16.37095768108548;0;A
user-I072507_session-F043B57DC27CD5351F4A04F235EF7934EE1AF057E1FE9AB3350C0712A46AA23F_analysis-2.csv;user-I072507;2;890991762;6;false;-0.5109049093597217;1.0;16.37095768108548;0;A
user-I072507_session-F043B57DC27CD5351F4A04F235EF7934EE1AF057E1FE9AB3350C0712A46AA23F_analysis-2.csv;user-I072507;2;1591752966;5;false;-0.5077682337025194;1.0;16.37095768108548;0;A
user-I072507_session-F043B57DC27CD5351F4A04F235EF7934EE1AF057E1FE9AB3350C0712A46AA23F_analysis-2.csv;user-I072507;2;712093863;6;false;-0.6561672584928399;1.0;16.37095768108548;0;A
user-I072507_session-F043B57DC27CD5351F4A04F235EF7934EE1AF057E1FE9AB3350C0712A46AA23F_analysis-2.csv;user-I072507;2;782439149;6;false;-0.7385379427681065;1.0;16.37095768108548;0;A
user-I072507_session-F043B57DC27CD5351F4A04F235EF7934EE1AF057E1FE9AB3350C0712A46AA23F_analysis-2.csv;user-I072507;2;672939927;8;false;-0.3803770282297631;1.0;16.37095768108548;0;A
user-I072507_session-F043B57DC27CD5351F4A04F235EF7934EE1AF057E1FE9AB3350C0712A46AA23F_analysis-2.csv;user-I072507;2;-1232759341;8;false;0.08211130018426185;1.0;16.37095768108548;0;A
user-I072507_session-F043B57DC27CD5351F4A04F235EF7934EE1AF057E1FE9AB3350C0712A46AA23F_analysis-2.csv;user-I072507;2;1618948800;7;false;-0.6392713837342971;1.0;16.37095768108548;0;A
user-I072507_session-F043B57DC27CD5351F4A04F235EF7934EE1AF057E1FE9AB3350C0712A46AA23F_analysis-2.csv;user-I072507;2;1413681002;7;false;-0.23218887239118746;1.0;16.37095768108548;0;A
user-I072507_session-F043B57DC27CD5351F4A04F235EF7934EE1AF057E1FE9AB3350C0712A46AA23F_analysis-2.csv;user-I072507;2;837189617;6;false;-0.7926258288906175;1.0;16.37095768108548;0;A
user-I072507_session-F043B57DC27CD5351F4A04F235EF7934EE1AF057E1FE9AB3350C0712A46AA23F_analysis-2.csv;user-I072507;2;-1600227778;6;false;-0.36754038079230555;1.0;16.37095768108548;0;A
user-I072507_session-F043B57DC27CD5351F4A04F235EF7934EE1AF057E1FE9AB3350C0712A46AA23F_analysis-2.csv;user-I072507;2;1258921661;6;false;-0.19051589580264458;1.0;16.37095768108548;0;A
user-I072507_session-F043B57DC27CD5351F4A04F235EF7934EE1AF057E1FE9AB3350C0712A46AA23F_analysis-2.csv;user-I072507;2;442722455;7;false;0.330251339149817;1.0;16.37095768108548;0;A
user-I072507_session-F043B57DC27CD5351F4A04F235EF7934EE1AF057E1FE9AB3350C0712A46AA23F_analysis-2.csv;user-I072507;2;1031245830;6;false;0.8747676897925235;1.0;16.37095768108548;0;A
user-I072507_session-F043B57DC27CD5351F4A04F235EF7934EE1AF057E1FE9AB3350C0712A46AA23F_analysis-2.csv;user-I072507;2;896777537;8;false;-0.3739982424394865;1.0;16.37095768108548;0;A
user-I072507_session-F043B57DC27CD5351F4A04F235EF7934EE1AF057E1FE9AB3350C0712A46AA23F_analysis-2.csv;user-I072507;2;1689294086;6;false;-0.7150787718865105;1.0;16.37095768108548;0;A
user-I072507_session-F043B57DC27CD5351F4A04F235EF7934EE1AF057E1FE9AB3350C0712A46AA23F_analysis-2.csv;user-I072507;2;-411732605;5;false;-0.20622563270762342;1.0;16.37095768108548;0;A
user-I072507_session-F043B57DC27CD5351F4A04F235EF7934EE1AF057E1FE9AB3350C0712A46AA23F_analysis-2.csv;user-I072507;2;-1058188527;6;false;-0.5218700948504451;1.0;16.37095768108548;0;A
user-I072507_session-F043B57DC27CD5351F4A04F235EF7934EE1AF057E1FE9AB3350C0712A46AA23F_analysis-2.csv;user-I072507;2;-1089919134;6;false;-0.47210502223870005;1.0;16.37095768108548;0;A
user-I072507_session-F043B57DC27CD5351F4A04F235EF7934EE1AF057E1FE9AB3350C0712A46AA23F_analysis-2.csv;user-I072507;2;882192102;6;false;-0.5762479257816051;1.0;16.37095768108548;0;A
user-I072507_session-F043B57DC27CD5351F4A04F235EF7934EE1AF057E1FE9AB3350C0712A46AA23F_analysis-2.csv;user-I072507;2;-371201002;8;false;0.6652693862341814;1.0;16.37095768108548;0;A
user-I072507_session-F043B57DC27CD5351F4A04F235EF7934EE1AF057E1FE9AB3350C0712A46AA23F_analysis-2.csv;user-I072507;2;-85391751;7;false;0.22141660143059277;1.0;16.37095768108548;0;A
user-I072507_session-F043B57DC27CD5351F4A04F235EF7934EE1AF057E1FE9AB3350C0712A46AA23F_analysis-2.csv;user-I072507;2;818029511;9;false;0.02957857258086782;1.0;16.37095768108548;0;A
user-I072507_session-F043B57DC27CD5351F4A04F235EF7934EE1AF057E1FE9AB3350C0712A46AA23F_analysis-2.csv;user-I072507;2;-1196275244;6;false;-0.44427032060840194;1.0;16.37095768108548;0;A
user-I072507_session-F043B57DC27CD5351F4A04F235EF7934EE1AF057E1FE9AB3350C0712A46AA23F_analysis-2.csv;user-I072507;2;-1327917511;6;false;-0.6393241009722332;1.0;16.37095768108548;0;A
user-I072507_session-F043B57DC27CD5351F4A04F235EF7934EE1AF057E1FE9AB3350C0712A46AA23F_analysis-2.csv;user-I072507;2;-586560258;6;false;0.024359566025186928;1.0;16.37095768108548;0;A
user-I072507_session-F043B57DC27CD5351F4A04F235EF7934EE1AF057E1FE9AB3350C0712A46AA23F_analysis-2.csv;user-I072507;2;-1269623907;5;false;0.10369900911912373;1.0;16.37095768108548;0;A
user-I072507_session-F043B57DC27CD5351F4A04F235EF7934EE1AF057E1FE9AB3350C0712A46AA23F_analysis-2.csv;user-I072507;2;1159647160;6;false;-0.03494732665300504;1.0;16.37095768108548;0;A
user-I072507_session-F043B57DC27CD5351F4A04F235EF7934EE1AF057E1FE9AB3350C0712A46AA23F_analysis-2.csv;user-I072507;2;1901966703;10;false;0.10962969838694293;1.0;16.37095768108548;0;A
user-I072507_session-F043B57DC27CD5351F4A04F235EF7934EE1AF057E1FE9AB3350C0712A46AA23F_analysis-2.csv;user-I072507;2;-2099284749;10;false;-0.7652655824017449;1.0;16.37095768108548;0;A
user-I072507_session-F043B57DC27CD5351F4A04F235EF7934EE1AF057E1FE9AB3350C0712A46AA23F_analysis-2.csv;user-I072507;2;1619551817;10;false;0.1906560930948372;1.0;16.37095768108548;0;A
user-I072507_session-F043B57DC27CD5351F4A04F235EF7934EE1AF057E1FE9AB3350C0712A46AA23F_analysis-2.csv;user-I072507;2;1604096669;8;false;0.42010787121201987;1.0;16.37095768108548;0;A
user-I072507_session-F043B57DC27CD5351F4A04F235EF7934EE1AF057E1FE9AB3350C0712A46AA23F_analysis-2.csv;user-I072507;2;-602187639;6;false;-0.7200605508714786;1.0;16.37095768108548;0;A
user-I072507_session-F043B57DC27CD5351F4A04F235EF7934EE1AF057E1FE9AB3350C0712A46AA23F_analysis-2.csv;user-I072507;2;-1382093789;7;false;-0.8229909579418517;1.0;16.37095768108548;0;A
user-I072507_session-F043B57DC27CD5351F4A04F235EF7934EE1AF057E1FE9AB3350C0712A46AA23F_analysis-2.csv;user-I072507;2;1371082540;6;false;-0.5018375444347003;1.0;16.37095768108548;0;A
user-I072507_session-F043B57DC27CD5351F4A04F235EF7934EE1AF057E1FE9AB3350C0712A46AA23F_analysis-2.csv;user-I072507;2;378642018;12;false;1.1155273154470149;1.0;16.37095768108548;0;A
user-I072507_session-F043B57DC27CD5351F4A04F235EF7934EE1AF057E1FE9AB3350C0712A46AA23F_analysis-2.csv;user-I072507;2;-1235446692;8;false;-0.23037012768238957;1.0;16.37095768108548;0;A
user-I072507_session-F043B57DC27CD5351F4A04F235EF7934EE1AF057E1FE9AB3350C0712A46AA23F_analysis-2.csv;user-I072507;2;1303031053;9;false;-0.3033835022239859;1.0;16.37095768108548;0;A
user-I072507_session-F043B57DC27CD5351F4A04F235EF7934EE1AF057E1FE9AB3350C0712A46AA23F_analysis-2.csv;user-I072507;2;-1139689643;8;false;-0.08903521277551611;1.0;16.37095768108548;0;A
user-I072507_session-F043B57DC27CD5351F4A04F235EF7934EE1AF057E1FE9AB3350C0712A46AA23F_analysis-2.csv;user-I072507;2;777077798;8;false;-0.48241124225522136;1.0;16.37095768108548;0;A
user-I072507_session-F043B57DC27CD5351F4A04F235EF7934EE1AF057E1FE9AB3350C0712A46AA23F_analysis-2.csv;user-I072507;2;1405146269;6;false;1.4750588781716985;1.0;16.37095768108548;0;A
user-I072507_session-F043B57DC27CD5351F4A04F235EF7934EE1AF057E1FE9AB3350C0712A46AA23F_analysis-2.csv;user-I072507;2;-227893465;7;false;-0.5732430432192434;1.0;16.37095768108548;0;A
user-I072507_session-F043B57DC27CD5351F4A04F235EF7934EE1AF057E1FE9AB3350C0712A46AA23F_analysis-2.csv;user-I072507;2;-395725023;8;false;-0.3068364813088051;1.0;16.37095768108548;0;A
user-I072507_session-F043B57DC27CD5351F4A04F235EF7934EE1AF057E1FE9AB3350C0712A46AA23F_analysis-2.csv;user-I072507;2;-87731281;8;false;-0.6927003043826061;1.0;16.37095768108548;0;A
user-I072507_session-F043B57DC27CD5351F4A04F235EF7934EE1AF057E1FE9AB3350C0712A46AA23F_analysis-2.csv;user-I072507;2;1622937745;6;false;0.21174298826930546;1.0;16.37095768108548;0;A
user-I072507_session-F043B57DC27CD5351F4A04F235EF7934EE1AF057E1FE9AB3350C0712A46AA23F_analysis-2.csv;user-I072507;2;863752614;10;false;-0.591351414450318;1.0;16.37095768108548;0;A
user-I072507_session-F043B57DC27CD5351F4A04F235EF7934EE1AF057E1FE9AB3350C0712A46AA23F_analysis-2.csv;user-I072507;2;-1025838697;8;false;-0.49593321378584915;1.0;16.37095768108548;0;A
user-I072507_session-F043B57DC27CD5351F4A04F235EF7934EE1AF057E1FE9AB3350C0712A46AA23F_analysis-2.csv;user-I072507;2;-1962653530;7;false;0.2855998386178805;1.0;16.37095768108548;0;A
user-I072507_session-F043B57DC27CD5351F4A04F235EF7934EE1AF057E1FE9AB3350C0712A46AA23F_analysis-2.csv;user-I072507;2;667901017;8;false;2.3908363769798866;1.0;16.37095768108548;0;A
user-I072507_session-F043B57DC27CD5351F4A04F235EF7934EE1AF057E1FE9AB3350C0712A46AA23F_analysis-2.csv;user-I072507;2;513908465;7;false;-0.39648214441926327;1.0;16.37095768108548;0;A
user-I072507_session-F043B57DC27CD5351F4A04F235EF7934EE1AF057E1FE9AB3350C0712A46AA23F_analysis-2.csv;user-I072507;2;401735141;10;false;2.265158481740056;1.0;16.37095768108548;0;A
user-I072507_session-F043B57DC27CD5351F4A04F235EF7934EE1AF057E1FE9AB3350C0712A46AA23F_analysis-2.csv;user-I072507;2;599773174;22;false;0.4979712316437439;1.0;16.37095768108548;0;A
user-I072507_session-F043B57DC27CD5351F4A04F235EF7934EE1AF057E1FE9AB3350C0712A46AA23F_analysis-2.csv;user-I072507;2;1331883912;9;false;-0.5121174058322535;1.0;16.37095768108548;0;A
user-I072507_session-F043B57DC27CD5351F4A04F235EF7934EE1AF057E1FE9AB3350C0712A46AA23F_analysis-2.csv;user-I072507;2;1071671641;9;false;0.7379664573481607;1.0;16.37095768108548;0;A
user-I072507_session-F043B57DC27CD5351F4A04F235EF7934EE1AF057E1FE9AB3350C0712A46AA23F_analysis-2.csv;user-I072507;2;693882080;9;false;-0.6234034951155097;1.0;16.37095768108548;0;A
user-I072507_session-F043B57DC27CD5351F4A04F235EF7934EE1AF057E1FE9AB3350C0712A46AA23F_analysis-2.csv;user-I072507;2;958493913;11;false;1.5930664152918166;1.0;16.37095768108548;0;A
user-I072507_session-F043B57DC27CD5351F4A04F235EF7934EE1AF057E1FE9AB3350C0712A46AA23F_analysis-2.csv;user-I072507;2;787984918;10;false;-0.3907359654842206;1.0;16.37095768108548;0;A
user-I072507_session-F043B57DC27CD5351F4A04F235EF7934EE1AF057E1FE9AB3350C0712A46AA23F_analysis-2.csv;user-I072507;2;542825235;8;false;1.598153628752657;1.0;16.37095768108548;0;A
user-I072507_session-F043B57DC27CD5351F4A04F235EF7934EE1AF057E1FE9AB3350C0712A46AA23F_analysis-2.csv;user-I072507;2;-1052967707;7;false;-0.7249896126185106;1.0;16.37095768108548;0;A
user-I072507_session-F043B57DC27CD5351F4A04F235EF7934EE1AF057E1FE9AB3350C0712A46AA23F_analysis-2.csv;user-I072507;2;1747404206;6;false;-0.5593520510230624;1.0;16.37095768108548;0;A
user-I072507_session-F043B57DC27CD5351F4A04F235EF7934EE1AF057E1FE9AB3350C0712A46AA23F_analysis-2.csv;user-I072507;2;-794024588;6;false;0.08079336923585759;1.0;16.37095768108548;0;A
user-I072507_session-F043B57DC27CD5351F4A04F235EF7934EE1AF057E1FE9AB3350C0712A46AA23F_analysis-2.csv;user-I072507;2;-1382667979;6;false;-0.36308577418669913;1.0;16.37095768108548;0;A
user-I072507_session-F043B57DC27CD5351F4A04F235EF7934EE1AF057E1FE9AB3350C0712A46AA23F_analysis-2.csv;user-I072507;2;1138517071;7;false;-0.7965532631168623;1.0;16.37095768108548;0;A
user-I072507_session-F043B57DC27CD5351F4A04F235EF7934EE1AF057E1FE9AB3350C0712A46AA23F_analysis-2.csv;user-I072507;2;-962509620;9;false;-0.824598833698905;1.0;16.37095768108548;0;A
user-I072507_session-F043B57DC27CD5351F4A04F235EF7934EE1AF057E1FE9AB3350C0712A46AA23F_analysis-2.csv;user-I072507;2;797922064;7;false;-0.11415497665210142;1.0;16.37095768108548;0;A
user-I072507_session-F043B57DC27CD5351F4A04F235EF7934EE1AF057E1FE9AB3350C0712A46AA23F_analysis-2.csv;user-I072507;2;505459330;7;false;-0.137508713057825;1.0;16.37095768108548;0;A
user-I072507_session-F043B57DC27CD5351F4A04F235EF7934EE1AF057E1FE9AB3350C0712A46AA23F_analysis-2.csv;user-I072507;2;-733883606;24;false;-0.6382697562135099;1.0;16.37095768108548;0;A
user-I072507_session-F043B57DC27CD5351F4A04F235EF7934EE1AF057E1FE9AB3350C0712A46AA23F_analysis-2.csv;user-I072507;2;584430855;6;false;-0.6742756297239144;1.0;16.37095768108548;0;A
user-I072507_session-F043B57DC27CD5351F4A04F235EF7934EE1AF057E1FE9AB3350C0712A46AA23F_analysis-2.csv;user-I072507;2;1270829199;7;false;-0.061147793907281846;1.0;16.37095768108548;0;A
user-I072507_session-F043B57DC27CD5351F4A04F235EF7934EE1AF057E1FE9AB3350C0712A46AA23F_analysis-2.csv;user-I072507;2;1338957042;6;false;0.5581743173668507;1.0;16.37095768108548;0;A
user-I072507_session-F043B57DC27CD5351F4A04F235EF7934EE1AF057E1FE9AB3350C0712A46AA23F_analysis-2.csv;user-I072507;2;682055869;6;false;0.0626586393858149;1.0;16.37095768108548;0;A
user-I072507_session-F043B57DC27CD5351F4A04F235EF7934EE1AF057E1FE9AB3350C0712A46AA23F_analysis-2.csv;user-I072507;2;-1296839778;6;false;0.05417116407809142;1.0;16.37095768108548;0;A
user-I072507_session-F043B57DC27CD5351F4A04F235EF7934EE1AF057E1FE9AB3350C0712A46AA23F_analysis-2.csv;user-I072507;2;1536090873;6;false;-0.6505265140336696;1.0;16.37095768108548;0;A
user-I072507_session-F043B57DC27CD5351F4A04F235EF7934EE1AF057E1FE9AB3350C0712A46AA23F_analysis-2.csv;user-I072507;2;-2027962727;13;false;-0.16489531816566566;1.0;16.37095768108548;0;A
user-I072507_session-F043B57DC27CD5351F4A04F235EF7934EE1AF057E1FE9AB3350C0712A46AA23F_analysis-2.csv;user-I072507;2;1766245282;9;false;-0.7197969646817978;1.0;16.37095768108548;0;A
user-I072507_session-F043B57DC27CD5351F4A04F235EF7934EE1AF057E1FE9AB3350C0712A46AA23F_analysis-2.csv;user-I072507;2;-1125022054;9;false;-0.40172750959391224;1.0;16.37095768108548;0;A
user-I072507_session-F043B57DC27CD5351F4A04F235EF7934EE1AF057E1FE9AB3350C0712A46AA23F_analysis-2.csv;user-I072507;2;-1595567361;10;false;3.1567124097165737;1.0;16.37095768108548;0;A
user-I072507_session-F043B57DC27CD5351F4A04F235EF7934EE1AF057E1FE9AB3350C0712A46AA23F_analysis-2.csv;user-I072507;2;-1112513513;34;false;-0.37697676638288014;1.0;16.37095768108548;0;A
user-I072507_session-F043B57DC27CD5351F4A04F235EF7934EE1AF057E1FE9AB3350C0712A46AA23F_analysis-2.csv;user-I072507;2;-1751218150;23;false;-0.5283015978786579;1.0;16.37095768108548;0;A
user-I072507_session-F043B57DC27CD5351F4A04F235EF7934EE1AF057E1FE9AB3350C0712A46AA23F_analysis-2.csv;user-I072507;2;963117987;8;false;-0.04844293956466472;1.0;16.37095768108548;0;A
user-I072507_session-F043B57DC27CD5351F4A04F235EF7934EE1AF057E1FE9AB3350C0712A46AA23F_analysis-2.csv;user-I072507;2;-672532925;8;false;-0.5803071531026902;1.0;16.37095768108548;0;A
user-I072507_session-F043B57DC27CD5351F4A04F235EF7934EE1AF057E1FE9AB3350C0712A46AA23F_analysis-2.csv;user-I072507;2;-995675820;8;false;-0.020713672410238967;1.0;16.37095768108548;0;A
user-I072507_session-F043B57DC27CD5351F4A04F235EF7934EE1AF057E1FE9AB3350C0712A46AA23F_analysis-2.csv;user-I072507;2;1966047140;7;false;0.23889236580643333;1.0;16.37095768108548;0;A
user-I072507_session-F043B57DC27CD5351F4A04F235EF7934EE1AF057E1FE9AB3350C0712A46AA23F_analysis-2.csv;user-I072507;2;-2104575321;7;false;0.22534403565683747;1.0;16.37095768108548;0;A
user-I072507_session-F043B57DC27CD5351F4A04F235EF7934EE1AF057E1FE9AB3350C0712A46AA23F_analysis-2.csv;user-I072507;2;-813623019;8;false;-0.4698908982453809;1.0;16.37095768108548;0;A
user-I072507_session-F043B57DC27CD5351F4A04F235EF7934EE1AF057E1FE9AB3350C0712A46AA23F_analysis-2.csv;user-I072507;2;1190793818;12;false;-0.22610003140955975;1.0;16.37095768108548;0;A
user-I072507_session-F043B57DC27CD5351F4A04F235EF7934EE1AF057E1FE9AB3350C0712A46AA23F_analysis-2.csv;user-I072507;2;1677180967;9;false;-0.7809489606877557;1.0;16.37095768108548;0;A
user-I072507_session-F043B57DC27CD5351F4A04F235EF7934EE1AF057E1FE9AB3350C0712A46AA23F_analysis-2.csv;user-I072507;2;1068171785;7;false;-0.7383270738163618;1.0;16.37095768108548;0;A
user-I072507_session-F043B57DC27CD5351F4A04F235EF7934EE1AF057E1FE9AB3350C0712A46AA23F_analysis-2.csv;user-I072507;2;-1156987595;7;false;-0.6927266630015741;1.0;16.37095768108548;0;A
user-I072507_session-F043B57DC27CD5351F4A04F235EF7934EE1AF057E1FE9AB3350C0712A46AA23F_analysis-2.csv;user-I072507;2;-12429500;7;false;0.12713182138175158;1.0;16.37095768108548;0;A
user-I072507_session-F043B57DC27CD5351F4A04F235EF7934EE1AF057E1FE9AB3350C0712A46AA23F_analysis-2.csv;user-I072507;2;-1659647798;5;false;3.0529385268392217;1.0;16.37095768108548;0;A
user-I072507_session-F043B57DC27CD5351F4A04F235EF7934EE1AF057E1FE9AB3350C0712A46AA23F_analysis-2.csv;user-I072507;2;-762877930;6;false;-0.316694604802869;1.0;16.37095768108548;0;A
user-I072507_session-F043B57DC27CD5351F4A04F235EF7934EE1AF057E1FE9AB3350C0712A46AA23F_analysis-2.csv;user-I072507;2;-1169734236;7;false;-0.547490672487424;1.0;16.37095768108548;0;A
user-I072507_session-F043B57DC27CD5351F4A04F235EF7934EE1AF057E1FE9AB3350C0712A46AA23F_analysis-2.csv;user-I072507;2;874753856;8;false;-0.2528013124242302;1.0;16.37095768108548;0;A
user-I072507_session-F043B57DC27CD5351F4A04F235EF7934EE1AF057E1FE9AB3350C0712A46AA23F_analysis-2.csv;user-I072507;2;1554809902;8;false;-0.3056239848362732;1.0;16.37095768108548;0;A
user-I072507_session-F043B57DC27CD5351F4A04F235EF7934EE1AF057E1FE9AB3350C0712A46AA23F_analysis-2.csv;user-I072507;2;945099142;7;false;-0.5478860517719453;1.0;16.37095768108548;0;A
user-I072507_session-F043B57DC27CD5351F4A04F235EF7934EE1AF057E1FE9AB3350C0712A46AA23F_analysis-2.csv;user-I072507;2;-1220007986;6;false;0.5417528977497337;1.0;16.37095768108548;0;A
user-I072507_session-F043B57DC27CD5351F4A04F235EF7934EE1AF057E1FE9AB3350C0712A46AA23F_analysis-2.csv;user-I072507;2;1409700165;7;false;0.5546686210440954;1.0;16.37095768108548;0;A
user-I072507_session-F043B57DC27CD5351F4A04F235EF7934EE1AF057E1FE9AB3350C0712A46AA23F_analysis-2.csv;user-I072507;2;-2043110905;5;false;-0.07285102072911172;1.0;16.37095768108548;0;A
user-I072507_session-F043B57DC27CD5351F4A04F235EF7934EE1AF057E1FE9AB3350C0712A46AA23F_analysis-2.csv;user-I072507;2;236323164;7;false;0.01882425604188901;1.0;16.37095768108548;0;A
user-I072507_session-F043B57DC27CD5351F4A04F235EF7934EE1AF057E1FE9AB3350C0712A46AA23F_analysis-2.csv;user-I072507;2;-398861846;6;false;-0.1438347816101655;1.0;16.37095768108548;0;A
user-I072507_session-F043B57DC27CD5351F4A04F235EF7934EE1AF057E1FE9AB3350C0712A46AA23F_analysis-2.csv;user-I072507;2;845205641;5;false;-0.10411234282526091;1.0;16.37095768108548;0;A
user-I072507_session-F043B57DC27CD5351F4A04F235EF7934EE1AF057E1FE9AB3350C0712A46AA23F_analysis-2.csv;user-I072507;2;1075187994;6;false;-0.773963926661213;1.0;16.37095768108548;0;A
user-I072507_session-F043B57DC27CD5351F4A04F235EF7934EE1AF057E1FE9AB3350C0712A46AA23F_analysis-2.csv;user-I072507;2;961337048;6;false;-0.5563735270796688;1.0;16.37095768108548;0;A
user-I072507_session-F043B57DC27CD5351F4A04F235EF7934EE1AF057E1FE9AB3350C0712A46AA23F_analysis-2.csv;user-I072507;2;-1527265527;7;false;-0.49292833122348745;1.0;16.37095768108548;0;A
user-I072507_session-F043B57DC27CD5351F4A04F235EF7934EE1AF057E1FE9AB3350C0712A46AA23F_analysis-2.csv;user-I072507;2;894413476;9;false;2.2340816699766832;1.0;16.37095768108548;0;A
user-I072507_session-F043B57DC27CD5351F4A04F235EF7934EE1AF057E1FE9AB3350C0712A46AA23F_analysis-2.csv;user-I072507;2;1514466433;13;false;-0.8231754682746284;1.0;16.37095768108548;0;A
user-I072507_session-F043B57DC27CD5351F4A04F235EF7934EE1AF057E1FE9AB3350C0712A46AA23F_analysis-2.csv;user-I072507;2;571003769;8;false;-0.3077590329726881;1.0;16.37095768108548;0;A
user-I072507_session-F043B57DC27CD5351F4A04F235EF7934EE1AF057E1FE9AB3350C0712A46AA23F_analysis-2.csv;user-I072507;2;2125914475;11;false;-0.2800824830561985;1.0;16.37095768108548;0;A
user-I072507_session-F043B57DC27CD5351F4A04F235EF7934EE1AF057E1FE9AB3350C0712A46AA23F_analysis-2.csv;user-I072507;2;-298238751;7;false;-0.1920710543217616;1.0;16.37095768108548;0;A
user-I072507_session-F043B57DC27CD5351F4A04F235EF7934EE1AF057E1FE9AB3350C0712A46AA23F_analysis-2.csv;user-I072507;2;-1201496064;9;false;1.9576061156204365;1.0;16.37095768108548;0;A
user-I072507_session-F043B57DC27CD5351F4A04F235EF7934EE1AF057E1FE9AB3350C0712A46AA23F_analysis-2.csv;user-I072507;2;-353622485;10;false;0.10506965730546416;1.0;16.37095768108548;0;A
user-I072507_session-F043B57DC27CD5351F4A04F235EF7934EE1AF057E1FE9AB3350C0712A46AA23F_analysis-2.csv;user-I072507;2;-1447804299;11;false;-0.601868503418584;1.0;16.37095768108548;0;A
user-I072507_session-F043B57DC27CD5351F4A04F235EF7934EE1AF057E1FE9AB3350C0712A46AA23F_analysis-2.csv;user-I072507;2;-1456920241;8;false;-0.7391969082423085;1.0;16.37095768108548;0;A
user-I072507_session-F043B57DC27CD5351F4A04F235EF7934EE1AF057E1FE9AB3350C0712A46AA23F_analysis-2.csv;user-I072507;2;60531807;10;false;-0.4891590487110512;1.0;16.37095768108548;0;A
user-I072507_session-F043B57DC27CD5351F4A04F235EF7934EE1AF057E1FE9AB3350C0712A46AA23F_analysis-2.csv;user-I072507;2;1482264579;7;false;-0.668898471454425;1.0;16.37095768108548;0;A
user-I072507_session-F043B57DC27CD5351F4A04F235EF7934EE1AF057E1FE9AB3350C0712A46AA23F_analysis-2.csv;user-I072507;2;-1318587542;8;false;-0.36848929107515666;1.0;16.37095768108548;0;A
user-I072507_session-F043B57DC27CD5351F4A04F235EF7934EE1AF057E1FE9AB3350C0712A46AA23F_analysis-2.csv;user-I072507;2;811208554;8;false;-0.5257184532197856;1.0;16.37095768108548;0;A
user-I072507_session-F043B57DC27CD5351F4A04F235EF7934EE1AF057E1FE9AB3350C0712A46AA23F_analysis-2.csv;user-I072507;2;1395976562;7;false;-0.6144942819042969;1.0;16.37095768108548;0;A
user-I072507_session-F043B57DC27CD5351F4A04F235EF7934EE1AF057E1FE9AB3350C0712A46AA23F_analysis-2.csv;user-I072507;2;725343845;7;false;-0.7706163820522662;1.0;16.37095768108548;0;A
user-I072507_session-F043B57DC27CD5351F4A04F235EF7934EE1AF057E1FE9AB3350C0712A46AA23F_analysis-2.csv;user-I072507;2;1076892461;7;false;-0.48981801418525334;1.0;16.37095768108548;0;A
user-I072507_session-F043B57DC27CD5351F4A04F235EF7934EE1AF057E1FE9AB3350C0712A46AA23F_analysis-2.csv;user-I072507;2;-1311748503;6;false;-0.8239662268436709;1.0;16.37095768108548;0;A
user-I072507_session-F043B57DC27CD5351F4A04F235EF7934EE1AF057E1FE9AB3350C0712A46AA23F_analysis-2.csv;user-I072507;2;1604218716;6;false;-0.45051731330383815;1.0;16.37095768108548;0;A
user-I072507_session-F043B57DC27CD5351F4A04F235EF7934EE1AF057E1FE9AB3350C0712A46AA23F_analysis-2.csv;user-I072507;2;1695899996;6;false;-0.7014250072610423;1.0;16.37095768108548;0;A
user-I072507_session-F043B57DC27CD5351F4A04F235EF7934EE1AF057E1FE9AB3350C0712A46AA23F_analysis-2.csv;user-I072507;2;-153519594;7;false;-0.2921020133056454;1.0;16.37095768108548;0;A
user-I072507_session-F043B57DC27CD5351F4A04F235EF7934EE1AF057E1FE9AB3350C0712A46AA23F_analysis-2.csv;user-I072507;2;1747526253;7;false;-0.7996372215361282;1.0;16.37095768108548;0;A
user-I072507_session-F043B57DC27CD5351F4A04F235EF7934EE1AF057E1FE9AB3350C0712A46AA23F_analysis-2.csv;user-I072507;2;-1060941617;6;false;-0.6438314248157758;1.0;16.37095768108548;0;A
user-I072507_session-F043B57DC27CD5351F4A04F235EF7934EE1AF057E1FE9AB3350C0712A46AA23F_analysis-2.csv;user-I072507;2;1444121147;7;false;-0.6363982942667759;1.0;16.37095768108548;0;A
user-I072507_session-F043B57DC27CD5351F4A04F235EF7934EE1AF057E1FE9AB3350C0712A46AA23F_analysis-2.csv;user-I072507;2;1460056999;9;false;-0.4278225423723167;1.0;16.37095768108548;0;A
user-I072507_session-F043B57DC27CD5351F4A04F235EF7934EE1AF057E1FE9AB3350C0712A46AA23F_analysis-2.csv;user-I072507;2;-580653637;10;false;-0.5649137196253284;1.0;16.37095768108548;0;A
user-I072507_session-F043B57DC27CD5351F4A04F235EF7934EE1AF057E1FE9AB3350C0712A46AA23F_analysis-2.csv;user-I072507;2;-1026590057;10;false;-0.6855044014043188;1.0;16.37095768108548;0;A
user-I072507_session-F043B57DC27CD5351F4A04F235EF7934EE1AF057E1FE9AB3350C0712A46AA23F_analysis-2.csv;user-I072507;2;1227775003;7;false;0.5909117221252127;1.0;16.37095768108548;0;A
user-I072507_session-F043B57DC27CD5351F4A04F235EF7934EE1AF057E1FE9AB3350C0712A46AA23F_analysis-2.csv;user-I072507;2;2042128887;6;false;-0.33688530693242236;1.0;16.37095768108548;0;A
user-I072507_session-F043B57DC27CD5351F4A04F235EF7934EE1AF057E1FE9AB3350C0712A46AA23F_analysis-2.csv;user-I072507;2;-1300295132;7;false;-0.34626897528506073;1.0;16.37095768108548;0;A
user-I072507_session-F043B57DC27CD5351F4A04F235EF7934EE1AF057E1FE9AB3350C0712A46AA23F_analysis-2.csv;user-I072507;2;740863268;7;false;-0.059170897484675446;1.0;16.37095768108548;0;A
user-I072507_session-F043B57DC27CD5351F4A04F235EF7934EE1AF057E1FE9AB3350C0712A46AA23F_analysis-2.csv;user-I072507;2;733663762;6;false;0.3642539576186471;1.0;16.37095768108548;0;A
user-I072507_session-F043B57DC27CD5351F4A04F235EF7934EE1AF057E1FE9AB3350C0712A46AA23F_analysis-2.csv;user-I072507;2;-158076567;7;false;-0.5620142715388391;1.0;16.37095768108548;0;A
user-I072507_session-F043B57DC27CD5351F4A04F235EF7934EE1AF057E1FE9AB3350C0712A46AA23F_analysis-2.csv;user-I072507;2;1174553367;6;false;-0.6064285445000628;1.0;16.37095768108548;0;A
user-I072507_session-F043B57DC27CD5351F4A04F235EF7934EE1AF057E1FE9AB3350C0712A46AA23F_analysis-2.csv;user-I072507;2;-1123312993;5;false;-0.757885169090681;1.0;16.37095768108548;0;A
user-I072507_session-F043B57DC27CD5351F4A04F235EF7934EE1AF057E1FE9AB3350C0712A46AA23F_analysis-2.csv;user-I072507;2;801791605;5;false;1.7876984577521584;1.0;16.37095768108548;0;A
user-I072507_session-F043B57DC27CD5351F4A04F235EF7934EE1AF057E1FE9AB3350C0712A46AA23F_analysis-2.csv;user-I072507;2;1469226706;5;false;1.6665278863558703;1.0;16.37095768108548;0;A
user-I072507_session-F043B57DC27CD5351F4A04F235EF7934EE1AF057E1FE9AB3350C0712A46AA23F_analysis-2.csv;user-I072507;2;-327597180;6;false;0.6318202987636812;1.0;16.37095768108548;0;A
user-I072507_session-F043B57DC27CD5351F4A04F235EF7934EE1AF057E1FE9AB3350C0712A46AA23F_analysis-2.csv;user-I072507;2;-1176593950;7;false;-0.38169495917816737;1.0;16.37095768108548;0;A
user-I072507_session-F043B57DC27CD5351F4A04F235EF7934EE1AF057E1FE9AB3350C0712A46AA23F_analysis-2.csv;user-I072507;2;-1659239679;6;false;-0.4460627066982317;1.0;16.37095768108548;0;A
user-I072507_session-F043B57DC27CD5351F4A04F235EF7934EE1AF057E1FE9AB3350C0712A46AA23F_analysis-2.csv;user-I072507;2;57915786;7;false;-0.6705327058304463;1.0;16.37095768108548;0;A
user-I072507_session-F043B57DC27CD5351F4A04F235EF7934EE1AF057E1FE9AB3350C0712A46AA23F_analysis-2.csv;user-I072507;2;2009650962;7;false;-0.22240982475402782;1.0;16.37095768108548;0;A
user-I072507_session-F043B57DC27CD5351F4A04F235EF7934EE1AF057E1FE9AB3350C0712A46AA23F_analysis-2.csv;user-I072507;2;969739788;8;false;-0.6463091349987758;1.0;16.37095768108548;0;A
user-I072507_session-F043B57DC27CD5351F4A04F235EF7934EE1AF057E1FE9AB3350C0712A46AA23F_analysis-2.csv;user-I072507;2;-745495176;7;false;0.18767756915144354;1.0;16.37095768108548;0;A
user-I072507_session-F043B57DC27CD5351F4A04F235EF7934EE1AF057E1FE9AB3350C0712A46AA23F_analysis-2.csv;user-I072507;2;1984247167;5;false;-0.6402730112550844;1.0;16.37095768108548;0;A
user-I072507_session-F043B57DC27CD5351F4A04F235EF7934EE1AF057E1FE9AB3350C0712A46AA23F_analysis-2.csv;user-I072507;2;-877191143;8;false;-0.4738446910905937;1.0;16.37095768108548;0;A
user-I072507_session-F043B57DC27CD5351F4A04F235EF7934EE1AF057E1FE9AB3350C0712A46AA23F_analysis-2.csv;user-I072507;2;-618762112;6;false;-0.533573321672275;1.0;16.37095768108548;0;A
user-I072507_session-F043B57DC27CD5351F4A04F235EF7934EE1AF057E1FE9AB3350C0712A46AA23F_analysis-2.csv;user-I072507;2;639131612;8;false;-0.007481645688260137;1.0;16.37095768108548;0;A
user-I072507_session-F043B57DC27CD5351F4A04F235EF7934EE1AF057E1FE9AB3350C0712A46AA23F_analysis-2.csv;user-I072507;2;-784240440;9;false;-0.4895544279955725;1.0;16.37095768108548;0;A
user-I072507_session-F043B57DC27CD5351F4A04F235EF7934EE1AF057E1FE9AB3350C0712A46AA23F_analysis-2.csv;user-I072507;2;-475813042;7;false;-0.3703607530218907;1.0;16.37095768108548;0;A
user-I072507_session-F043B57DC27CD5351F4A04F235EF7934EE1AF057E1FE9AB3350C0712A46AA23F_analysis-2.csv;user-I072507;2;-927547977;8;false;1.0066662191088225;1.0;16.37095768108548;0;A
user-I072507_session-F043B57DC27CD5351F4A04F235EF7934EE1AF057E1FE9AB3350C0712A46AA23F_analysis-2.csv;user-I072507;2;94655856;7;false;-0.43899859681478487;1.0;16.37095768108548;0;A
user-I072507_session-F043B57DC27CD5351F4A04F235EF7934EE1AF057E1FE9AB3350C0712A46AA23F_analysis-2.csv;user-I072507;2;1527672529;9;false;-0.35022276813027353;1.0;16.37095768108548;0;A
user-I072507_session-F043B57DC27CD5351F4A04F235EF7934EE1AF057E1FE9AB3350C0712A46AA23F_analysis-2.csv;user-I072507;2;-9813479;8;false;-0.2690382217085707;1.0;16.37095768108548;0;A
user-I072507_session-F043B57DC27CD5351F4A04F235EF7934EE1AF057E1FE9AB3350C0712A46AA23F_analysis-2.csv;user-I072507;2;514085569;8;false;-0.44608906531719983;1.0;16.37095768108548;0;A
user-I072507_session-F043B57DC27CD5351F4A04F235EF7934EE1AF057E1FE9AB3350C0712A46AA23F_analysis-2.csv;user-I072507;2;-1378754229;8;false;4.594812301996341;1.0;16.37095768108548;0;A
user-I072507_session-F043B57DC27CD5351F4A04F235EF7934EE1AF057E1FE9AB3350C0712A46AA23F_analysis-2.csv;user-I072507;2;1767833846;6;false;0.3835748253222536;1.0;16.37095768108548;0;A
user-I072507_session-F043B57DC27CD5351F4A04F235EF7934EE1AF057E1FE9AB3350C0712A46AA23F_analysis-2.csv;user-I072507;2;1694871595;7;false;2.2792603428879814;1.0;16.37095768108548;0;A
user-I072507_session-F043B57DC27CD5351F4A04F235EF7934EE1AF057E1FE9AB3350C0712A46AA23F_analysis-2.csv;user-I072507;2;-2100924978;7;false;0.5974486596292979;1.0;16.37095768108548;0;A
user-I072507_session-F043B57DC27CD5351F4A04F235EF7934EE1AF057E1FE9AB3350C0712A46AA23F_analysis-2.csv;user-I072507;2;-82775730;8;false;1.0192656389755672;1.0;16.37095768108548;0;A
user-I072507_session-F043B57DC27CD5351F4A04F235EF7934EE1AF057E1FE9AB3350C0712A46AA23F_analysis-2.csv;user-I072507;2;-1368422975;13;false;-0.4908723589439768;1.0;16.37095768108548;0;A
user-I072507_session-F043B57DC27CD5351F4A04F235EF7934EE1AF057E1FE9AB3350C0712A46AA23F_analysis-2.csv;user-I072507;2;1535968826;9;false;0.21145304346065652;1.0;16.37095768108548;0;A
user-I072507_session-F043B57DC27CD5351F4A04F235EF7934EE1AF057E1FE9AB3350C0712A46AA23F_analysis-2.csv;user-I072507;2;-786524452;11;false;-0.4148541018400187;1.0;16.37095768108548;0;A
user-I072507_session-F043B57DC27CD5351F4A04F235EF7934EE1AF057E1FE9AB3350C0712A46AA23F_analysis-2.csv;user-I072507;2;-1957617441;27;false;-0.6411955629189673;1.0;16.37095768108548;0;A
user-I072507_session-F043B57DC27CD5351F4A04F235EF7934EE1AF057E1FE9AB3350C0712A46AA23F_analysis-2.csv;user-I072507;2;-1439763283;8;false;-0.5633058438682752;1.0;16.37095768108548;0;A
user-I072507_session-F043B57DC27CD5351F4A04F235EF7934EE1AF057E1FE9AB3350C0712A46AA23F_analysis-2.csv;user-I072507;2;918167892;7;false;-0.737773542818032;1.0;16.37095768108548;0;A
user-I072507_session-F043B57DC27CD5351F4A04F235EF7934EE1AF057E1FE9AB3350C0712A46AA23F_analysis-2.csv;user-I072507;2;828649694;6;false;-0.6181581299408607;1.0;16.37095768108548;0;A
user-I072507_session-F043B57DC27CD5351F4A04F235EF7934EE1AF057E1FE9AB3350C0712A46AA23F_analysis-2.csv;user-I072507;2;-1353898574;5;false;0.4855036048718396;1.0;16.37095768108548;0;A
user-I072507_session-F043B57DC27CD5351F4A04F235EF7934EE1AF057E1FE9AB3350C0712A46AA23F_analysis-2.csv;user-I072507;2;1140972898;8;false;-0.7242515712874041;1.0;16.37095768108548;0;A
user-I072507_session-F043B57DC27CD5351F4A04F235EF7934EE1AF057E1FE9AB3350C0712A46AA23F_analysis-2.csv;user-I072507;2;-1516595836;8;false;-0.3621368639038481;1.0;16.37095768108548;0;A
user-I072507_session-F043B57DC27CD5351F4A04F235EF7934EE1AF057E1FE9AB3350C0712A46AA23F_analysis-2.csv;user-I072507;2;737020364;9;false;-0.3244967560174222;1.0;16.37095768108548;0;A
user-I072507_session-F043B57DC27CD5351F4A04F235EF7934EE1AF057E1FE9AB3350C0712A46AA23F_analysis-2.csv;user-I072507;2;1300737254;11;false;-0.07314096553776066;1.0;16.37095768108548;0;A
user-I072507_session-F043B57DC27CD5351F4A04F235EF7934EE1AF057E1FE9AB3350C0712A46AA23F_analysis-2.csv;user-I072507;2;931292455;9;false;-0.7323436673106064;1.0;16.37095768108548;0;A
user-I072507_session-F043B57DC27CD5351F4A04F235EF7934EE1AF057E1FE9AB3350C0712A46AA23F_analysis-2.csv;user-I072507;2;-936149279;9;false;1.8759734726762762;1.0;16.37095768108548;0;A
user-I072507_session-F043B57DC27CD5351F4A04F235EF7934EE1AF057E1FE9AB3350C0712A46AA23F_analysis-2.csv;user-I072507;2;656831970;9;false;-0.19483870931341057;1.0;16.37095768108548;0;A
user-I072507_session-F043B57DC27CD5351F4A04F235EF7934EE1AF057E1FE9AB3350C0712A46AA23F_analysis-2.csv;user-I072507;2;-698797493;10;false;-0.2922338064004858;1.0;16.37095768108548;0;A
user-I072507_session-F043B57DC27CD5351F4A04F235EF7934EE1AF057E1FE9AB3350C0712A46AA23F_analysis-2.csv;user-I072507;2;2125337261;7;false;-0.6165238955648394;1.0;16.37095768108548;0;A
user-I072507_session-F043B57DC27CD5351F4A04F235EF7934EE1AF057E1FE9AB3350C0712A46AA23F_analysis-2.csv;user-I072507;2;-1821563436;6;false;0.07111975607457029;1.0;16.37095768108548;0;A
user-I072507_session-F043B57DC27CD5351F4A04F235EF7934EE1AF057E1FE9AB3350C0712A46AA23F_analysis-2.csv;user-I072507;2;1104208081;6;false;-0.2479249679151344;1.0;16.37095768108548;0;A
user-I072507_session-F043B57DC27CD5351F4A04F235EF7934EE1AF057E1FE9AB3350C0712A46AA23F_analysis-2.csv;user-I072507;2;625754237;6;false;-0.7961578838323409;1.0;16.37095768108548;0;A
user-I072507_session-F043B57DC27CD5351F4A04F235EF7934EE1AF057E1FE9AB3350C0712A46AA23F_analysis-2.csv;user-I072507;2;1402229198;6;false;-0.7019258210214359;1.0;16.37095768108548;0;A
user-I072507_session-F043B57DC27CD5351F4A04F235EF7934EE1AF057E1FE9AB3350C0712A46AA23F_analysis-2.csv;user-I072507;2;1945570525;6;false;-0.43884044510097636;1.0;16.37095768108548;0;A
user-I072507_session-F043B57DC27CD5351F4A04F235EF7934EE1AF057E1FE9AB3350C0712A46AA23F_analysis-2.csv;user-I072507;2;-682842549;5;false;-0.2353519066673577;1.0;16.37095768108548;0;A
user-I072507_session-F043B57DC27CD5351F4A04F235EF7934EE1AF057E1FE9AB3350C0712A46AA23F_analysis-2.csv;user-I072507;2;-510308351;6;false;-0.5828112219046584;1.0;16.37095768108548;0;A
user-I072507_session-F043B57DC27CD5351F4A04F235EF7934EE1AF057E1FE9AB3350C0712A46AA23F_analysis-2.csv;user-I072507;2;-1580676273;8;false;-0.3759487802431248;1.0;16.37095768108548;0;A
user-I072507_session-F043B57DC27CD5351F4A04F235EF7934EE1AF057E1FE9AB3350C0712A46AA23F_analysis-2.csv;user-I072507;2;469862984;7;false;5.903148713096224;1.0;16.37095768108548;0;A
user-I072507_session-F043B57DC27CD5351F4A04F235EF7934EE1AF057E1FE9AB3350C0712A46AA23F_analysis-2.csv;user-I072507;2;-1591111836;6;false;0.42627578805055183;1.0;16.37095768108548;0;A
user-I072507_session-F043B57DC27CD5351F4A04F235EF7934EE1AF057E1FE9AB3350C0712A46AA23F_analysis-2.csv;user-I072507;2;-716179166;5;false;-0.765898189256979;1.0;16.37095768108548;0;A
user-I072507_session-F043B57DC27CD5351F4A04F235EF7934EE1AF057E1FE9AB3350C0712A46AA23F_analysis-2.csv;user-I072507;2;-854585726;7;false;-0.07116406911515426;1.0;16.37095768108548;0;A
user-I072507_session-F043B57DC27CD5351F4A04F235EF7934EE1AF057E1FE9AB3350C0712A46AA23F_analysis-2.csv;user-I072507;2;-724713899;9;false;-0.33401221746490106;1.0;16.37095768108548;0;A
user-I072507_session-F043B57DC27CD5351F4A04F235EF7934EE1AF057E1FE9AB3350C0712A46AA23F_analysis-2.csv;user-I072507;2;-1289818137;7;false;0.7281083338540968;1.0;16.37095768108548;0;A
user-I072507_session-F043B57DC27CD5351F4A04F235EF7934EE1AF057E1FE9AB3350C0712A46AA23F_analysis-2.csv;user-I072507;2;-1203770080;8;false;-0.26091976706640047;1.0;16.37095768108548;0;A
user-I072507_session-F043B57DC27CD5351F4A04F235EF7934EE1AF057E1FE9AB3350C0712A46AA23F_analysis-2.csv;user-I072507;2;1477858706;7;false;-0.518443474384594;1.0;16.37095768108548;0;A
user-I072507_session-F043B57DC27CD5351F4A04F235EF7934EE1AF057E1FE9AB3350C0712A46AA23F_analysis-2.csv;user-I072507;2;-1455056040;6;false;-0.5543702720380943;1.0;16.37095768108548;0;A
user-I072507_session-F043B57DC27CD5351F4A04F235EF7934EE1AF057E1FE9AB3350C0712A46AA23F_analysis-2.csv;user-I072507;2;724959813;5;false;1.1423340309375576;1.0;16.37095768108548;0;A
user-I072507_session-F043B57DC27CD5351F4A04F235EF7934EE1AF057E1FE9AB3350C0712A46AA23F_analysis-2.csv;user-I072507;2;-1263837074;7;false;-0.6618343615709782;1.0;16.37095768108548;0;A
user-I072507_session-F043B57DC27CD5351F4A04F235EF7934EE1AF057E1FE9AB3350C0712A46AA23F_analysis-2.csv;user-I072507;2;-353500438;8;false;-0.7188480543989467;1.0;16.37095768108548;0;A
user-I072507_session-F043B57DC27CD5351F4A04F235EF7934EE1AF057E1FE9AB3350C0712A46AA23F_analysis-2.csv;user-I072507;2;-2040494884;9;false;0.4274882845230838;1.0;16.37095768108548;0;A
user-I072507_session-F043B57DC27CD5351F4A04F235EF7934EE1AF057E1FE9AB3350C0712A46AA23F_analysis-2.csv;user-I072507;2;-231038818;6;false;0.09589685790457048;1.0;16.37095768108548;0;A
user-I072507_session-F043B57DC27CD5351F4A04F235EF7934EE1AF057E1FE9AB3350C0712A46AA23F_analysis-2.csv;user-I072507;2;868267350;9;false;-0.7284689503222979;1.0;16.37095768108548;0;A
user-I072507_session-F043B57DC27CD5351F4A04F235EF7934EE1AF057E1FE9AB3350C0712A46AA23F_analysis-2.csv;user-I072507;2;972872573;8;false;-0.47927456659801926;1.0;16.37095768108548;0;A
user-I072507_session-F043B57DC27CD5351F4A04F235EF7934EE1AF057E1FE9AB3350C0712A46AA23F_analysis-2.csv;user-I072507;2;931880457;7;false;0.13024213841998564;1.0;16.37095768108548;0;A
user-I072507_session-F043B57DC27CD5351F4A04F235EF7934EE1AF057E1FE9AB3350C0712A46AA23F_analysis-2.csv;user-I072507;2;749901668;6;false;-0.3015383988962199;1.0;16.37095768108548;0;A
user-I072507_session-F043B57DC27CD5351F4A04F235EF7934EE1AF057E1FE9AB3350C0712A46AA23F_analysis-2.csv;user-I072507;2;-804228892;7;false;-0.5357874456655941;1.0;16.37095768108548;0;A
user-I072507_session-F043B57DC27CD5351F4A04F235EF7934EE1AF057E1FE9AB3350C0712A46AA23F_analysis-2.csv;user-I072507;2;-1128533813;8;false;0.30312832023165726;1.0;16.37095768108548;0;A
user-I072507_session-F043B57DC27CD5351F4A04F235EF7934EE1AF057E1FE9AB3350C0712A46AA23F_analysis-2.csv;user-I072507;2;-990553761;7;false;0.2641439227778591;1.0;16.37095768108548;0;A
user-I072507_session-F043B57DC27CD5351F4A04F235EF7934EE1AF057E1FE9AB3350C0712A46AA23F_analysis-2.csv;user-I072507;2;-653615888;7;false;0.9199200040848536;1.0;16.37095768108548;0;A
user-I072507_session-F043B57DC27CD5351F4A04F235EF7934EE1AF057E1FE9AB3350C0712A46AA23F_analysis-2.csv;user-I072507;2;1036953010;8;false;-0.4683884569642;1.0;16.37095768108548;0;A
user-I072507_session-F043B57DC27CD5351F4A04F235EF7934EE1AF057E1FE9AB3350C0712A46AA23F_analysis-2.csv;user-I072507;2;172242727;7;false;0.10361993326221948;1.0;16.37095768108548;0;A
user-I072507_session-F043B57DC27CD5351F4A04F235EF7934EE1AF057E1FE9AB3350C0712A46AA23F_analysis-2.csv;user-I072507;2;-1375682846;7;false;-0.3293467419075499;1.0;16.37095768108548;0;A
user-I072507_session-F043B57DC27CD5351F4A04F235EF7934EE1AF057E1FE9AB3350C0712A46AA23F_analysis-2.csv;user-I072507;2;860947169;7;false;-0.6906443321030954;1.0;16.37095768108548;0;A
user-I072507_session-F043B57DC27CD5351F4A04F235EF7934EE1AF057E1FE9AB3350C0712A46AA23F_analysis-2.csv;user-I072507;2;818111665;8;false;-0.7595721207046385;1.0;16.37095768108548;0;A
user-I072507_session-F043B57DC27CD5351F4A04F235EF7934EE1AF057E1FE9AB3350C0712A46AA23F_analysis-2.csv;user-I072507;2;441123318;9;false;0.6091518864511278;1.0;16.37095768108548;0;A
user-I072507_session-F043B57DC27CD5351F4A04F235EF7934EE1AF057E1FE9AB3350C0712A46AA23F_analysis-2.csv;user-I072507;2;-927614546;10;false;-0.2569132569832515;1.0;16.37095768108548;0;A
user-I072507_session-F043B57DC27CD5351F4A04F235EF7934EE1AF057E1FE9AB3350C0712A46AA23F_analysis-2.csv;user-I072507;2;-262847559;9;false;0.9828116689427052;1.0;16.37095768108548;0;A
user-I072507_session-F043B57DC27CD5351F4A04F235EF7934EE1AF057E1FE9AB3350C0712A46AA23F_analysis-2.csv;user-I072507;2;995209534;7;false;-0.7134445375104892;1.0;16.37095768108548;0;A
user-I072507_session-F043B57DC27CD5351F4A04F235EF7934EE1AF057E1FE9AB3350C0712A46AA23F_analysis-2.csv;user-I072507;2;766844331;7;false;-0.6505265140336696;1.0;16.37095768108548;0;A
user-I072507_session-F043B57DC27CD5351F4A04F235EF7934EE1AF057E1FE9AB3350C0712A46AA23F_analysis-2.csv;user-I072507;2;-859486703;8;false;0.02230359374567627;1.0;16.37095768108548;0;A
user-I072507_session-F043B57DC27CD5351F4A04F235EF7934EE1AF057E1FE9AB3350C0712A46AA23F_analysis-2.csv;user-I072507;2;-721743731;7;false;-0.2615523739216345;1.0;16.37095768108548;0;A
user-I072507_session-F043B57DC27CD5351F4A04F235EF7934EE1AF057E1FE9AB3350C0712A46AA23F_analysis-2.csv;user-I072507;2;-1446882072;8;false;1.5270117161577947;1.0;16.37095768108548;0;A
user-I072507_session-F043B57DC27CD5351F4A04F235EF7934EE1AF057E1FE9AB3350C0712A46AA23F_analysis-2.csv;user-I072507;2;-326927996;10;false;0.6531971387467983;1.0;16.37095768108548;0;A
user-I072507_session-F043B57DC27CD5351F4A04F235EF7934EE1AF057E1FE9AB3350C0712A46AA23F_analysis-2.csv;user-I072507;2;1040085074;9;false;-0.8092581174594793;1.0;16.37095768108548;0;A
user-I072507_session-F043B57DC27CD5351F4A04F235EF7934EE1AF057E1FE9AB3350C0712A46AA23F_analysis-2.csv;user-I072507;2;-417580875;9;false;-0.7284162330843617;1.0;16.37095768108548;0;A
user-I072507_session-F043B57DC27CD5351F4A04F235EF7934EE1AF057E1FE9AB3350C0712A46AA23F_analysis-2.csv;user-I072507;2;1371158896;9;false;0.5218257818098612;1.0;16.37095768108548;0;A
user-I072507_session-F043B57DC27CD5351F4A04F235EF7934EE1AF057E1FE9AB3350C0712A46AA23F_analysis-2.csv;user-I072507;2;2052375010;8;false;-0.1584901737564209;1.0;16.37095768108548;0;A
user-I072507_session-F043B57DC27CD5351F4A04F235EF7934EE1AF057E1FE9AB3350C0712A46AA23F_analysis-2.csv;user-I072507;2;-795059185;10;false;0.8921907369304279;1.0;16.37095768108548;0;A
