session ;user;query position;cell hashcode;cell computation time;novelty;outlierness;relevance;surprise;query label;session label
user-I051911_session-547BFC0A9BECA12855B0C21A1D028732A75106E4BFAC87C9590A6616878B5C90_analysis-7.csv;user-I051911;1;1938791358;4;true;-0.8221041513707293;0.0;Infinity;1;C
user-I051911_session-547BFC0A9BECA12855B0C21A1D028732A75106E4BFAC87C9590A6616878B5C90_analysis-7.csv;user-I051911;1;120265338;3;true;-0.08257751723308213;0.0;Infinity;1;C
user-I051911_session-547BFC0A9BECA12855B0C21A1D028732A75106E4BFAC87C9590A6616878B5C90_analysis-7.csv;user-I051911;1;1940783047;3;true;-0.09125232277455445;0.0;Infinity;1;C
user-I051911_session-547BFC0A9BECA12855B0C21A1D028732A75106E4BFAC87C9590A6616878B5C90_analysis-7.csv;user-I051911;1;2002975532;3;true;1.3881978320287813;0.0;Infinity;1;C
user-I051911_session-547BFC0A9BECA12855B0C21A1D028732A75106E4BFAC87C9590A6616878B5C90_analysis-7.csv;user-I051911;1;288336865;3;true;-0.8175783530961762;0.0;Infinity;1;C
user-I051911_session-547BFC0A9BECA12855B0C21A1D028732A75106E4BFAC87C9590A6616878B5C90_analysis-7.csv;user-I051911;1;2022258518;37;true;1.3578701032486045;0.0;Infinity;1;C
user-I051911_session-547BFC0A9BECA12855B0C21A1D028732A75106E4BFAC87C9590A6616878B5C90_analysis-7.csv;user-I051911;1;2007775792;3;true;-0.9325555908028437;0.0;Infinity;1;C
user-I051911_session-547BFC0A9BECA12855B0C21A1D028732A75106E4BFAC87C9590A6616878B5C90_analysis-7.csv;user-I051911;2;-277026724;2;true;NaN;0.0;Infinity;1;C
user-I051911_session-547BFC0A9BECA12855B0C21A1D028732A75106E4BFAC87C9590A6616878B5C90_analysis-7.csv;user-I051911;3;-1120503911;2;true;-0.15217764656008037;0.0;Infinity;1;C
user-I051911_session-547BFC0A9BECA12855B0C21A1D028732A75106E4BFAC87C9590A6616878B5C90_analysis-7.csv;user-I051911;3;-943318421;2;true;0.042324851738389443;0.0;Infinity;1;C
user-I051911_session-547BFC0A9BECA12855B0C21A1D028732A75106E4BFAC87C9590A6616878B5C90_analysis-7.csv;user-I051911;3;-728483002;3;true;-1.4026980077230053;0.0;Infinity;1;C
user-I051911_session-547BFC0A9BECA12855B0C21A1D028732A75106E4BFAC87C9590A6616878B5C90_analysis-7.csv;user-I051911;3;-1666786583;2;true;1.574772831660648;0.0;Infinity;1;C
user-I051911_session-547BFC0A9BECA12855B0C21A1D028732A75106E4BFAC87C9590A6616878B5C90_analysis-7.csv;user-I051911;3;-1627985141;2;true;0.8076926507722815;0.0;Infinity;1;C
user-I051911_session-547BFC0A9BECA12855B0C21A1D028732A75106E4BFAC87C9590A6616878B5C90_analysis-7.csv;user-I051911;3;-481075126;3;true;0.07952902312349465;0.0;Infinity;1;C
user-I051911_session-547BFC0A9BECA12855B0C21A1D028732A75106E4BFAC87C9590A6616878B5C90_analysis-7.csv;user-I051911;3;1781502284;2;true;1.8374896664900966;0.0;Infinity;1;C
user-I051911_session-547BFC0A9BECA12855B0C21A1D028732A75106E4BFAC87C9590A6616878B5C90_analysis-7.csv;user-I051911;3;-1464537009;2;true;-0.8491705732641369;0.0;Infinity;1;C
user-I051911_session-547BFC0A9BECA12855B0C21A1D028732A75106E4BFAC87C9590A6616878B5C90_analysis-7.csv;user-I051911;3;-78583711;2;true;-1.043900497277654;0.0;Infinity;1;C
user-I051911_session-547BFC0A9BECA12855B0C21A1D028732A75106E4BFAC87C9590A6616878B5C90_analysis-7.csv;user-I051911;3;-1927930493;3;true;0.7705018573704144;0.0;Infinity;1;C
user-I051911_session-547BFC0A9BECA12855B0C21A1D028732A75106E4BFAC87C9590A6616878B5C90_analysis-7.csv;user-I051911;3;605351513;2;true;-0.4933964870305922;0.0;Infinity;1;C
user-I051911_session-547BFC0A9BECA12855B0C21A1D028732A75106E4BFAC87C9590A6616878B5C90_analysis-7.csv;user-I051911;3;396611947;3;true;-0.30352277093249863;0.0;Infinity;1;C
user-I051911_session-547BFC0A9BECA12855B0C21A1D028732A75106E4BFAC87C9590A6616878B5C90_analysis-7.csv;user-I051911;3;496368243;2;true;-0.8674448983673565;0.0;Infinity;1;C
user-I051911_session-547BFC0A9BECA12855B0C21A1D028732A75106E4BFAC87C9590A6616878B5C90_analysis-7.csv;user-I051911;4;-1120503911;2;true;-0.15217764656008037;0.0;Infinity;1;C
user-I051911_session-547BFC0A9BECA12855B0C21A1D028732A75106E4BFAC87C9590A6616878B5C90_analysis-7.csv;user-I051911;4;-943318421;2;true;0.042324851738389443;0.0;Infinity;1;C
user-I051911_session-547BFC0A9BECA12855B0C21A1D028732A75106E4BFAC87C9590A6616878B5C90_analysis-7.csv;user-I051911;4;-728483002;3;true;-1.4026980077230053;0.0;Infinity;1;C
user-I051911_session-547BFC0A9BECA12855B0C21A1D028732A75106E4BFAC87C9590A6616878B5C90_analysis-7.csv;user-I051911;4;-1666786583;3;true;1.574772831660648;0.0;Infinity;1;C
user-I051911_session-547BFC0A9BECA12855B0C21A1D028732A75106E4BFAC87C9590A6616878B5C90_analysis-7.csv;user-I051911;4;-1627985141;3;true;0.8076926507722815;0.0;Infinity;1;C
user-I051911_session-547BFC0A9BECA12855B0C21A1D028732A75106E4BFAC87C9590A6616878B5C90_analysis-7.csv;user-I051911;4;-481075126;2;true;0.07952902312349465;0.0;Infinity;1;C
user-I051911_session-547BFC0A9BECA12855B0C21A1D028732A75106E4BFAC87C9590A6616878B5C90_analysis-7.csv;user-I051911;4;1781502284;3;true;1.8374896664900966;0.0;Infinity;1;C
user-I051911_session-547BFC0A9BECA12855B0C21A1D028732A75106E4BFAC87C9590A6616878B5C90_analysis-7.csv;user-I051911;4;-1464537009;3;true;-0.8491705732641369;0.0;Infinity;1;C
user-I051911_session-547BFC0A9BECA12855B0C21A1D028732A75106E4BFAC87C9590A6616878B5C90_analysis-7.csv;user-I051911;4;-78583711;3;true;-1.043900497277654;0.0;Infinity;1;C
user-I051911_session-547BFC0A9BECA12855B0C21A1D028732A75106E4BFAC87C9590A6616878B5C90_analysis-7.csv;user-I051911;4;-1927930493;3;true;0.7705018573704144;0.0;Infinity;1;C
user-I051911_session-547BFC0A9BECA12855B0C21A1D028732A75106E4BFAC87C9590A6616878B5C90_analysis-7.csv;user-I051911;4;605351513;4;true;-0.4933964870305922;0.0;Infinity;1;C
user-I051911_session-547BFC0A9BECA12855B0C21A1D028732A75106E4BFAC87C9590A6616878B5C90_analysis-7.csv;user-I051911;4;396611947;3;true;-0.30352277093249863;0.0;Infinity;1;C
user-I051911_session-547BFC0A9BECA12855B0C21A1D028732A75106E4BFAC87C9590A6616878B5C90_analysis-7.csv;user-I051911;4;496368243;3;true;-0.8674448983673565;0.0;Infinity;1;C
user-I051911_session-547BFC0A9BECA12855B0C21A1D028732A75106E4BFAC87C9590A6616878B5C90_analysis-7.csv;user-I051911;5;-1378993210;3;true;NaN;0.0;Infinity;1;C
user-I051911_session-547BFC0A9BECA12855B0C21A1D028732A75106E4BFAC87C9590A6616878B5C90_analysis-7.csv;user-I051911;6;-1378993210;4;true;NaN;0.0;Infinity;1;C
user-I051911_session-547BFC0A9BECA12855B0C21A1D028732A75106E4BFAC87C9590A6616878B5C90_analysis-7.csv;user-I051911;7;-813629621;3;true;-0.8033068881897645;0.0;Infinity;1;C
user-I051911_session-547BFC0A9BECA12855B0C21A1D028732A75106E4BFAC87C9590A6616878B5C90_analysis-7.csv;user-I051911;7;838816561;3;true;-0.13892295455607648;0.0;Infinity;1;C
user-I051911_session-547BFC0A9BECA12855B0C21A1D028732A75106E4BFAC87C9590A6616878B5C90_analysis-7.csv;user-I051911;7;901009046;4;true;1.295988489628742;0.0;Infinity;1;C
user-I051911_session-547BFC0A9BECA12855B0C21A1D028732A75106E4BFAC87C9590A6616878B5C90_analysis-7.csv;user-I051911;7;920292032;3;true;1.4526611284593551;0.0;Infinity;1;C
user-I051911_session-547BFC0A9BECA12855B0C21A1D028732A75106E4BFAC87C9590A6616878B5C90_analysis-7.csv;user-I051911;7;-981701148;3;true;-0.055216396676568;0.0;Infinity;1;C
user-I051911_session-547BFC0A9BECA12855B0C21A1D028732A75106E4BFAC87C9590A6616878B5C90_analysis-7.csv;user-I051911;7;905809306;4;true;-0.9433602663186627;0.0;Infinity;1;C
user-I051911_session-547BFC0A9BECA12855B0C21A1D028732A75106E4BFAC87C9590A6616878B5C90_analysis-7.csv;user-I051911;7;836824872;3;true;-0.8078431123470259;0.0;Infinity;1;C
