session ;user;query position;cell hashcode;cell computation time;novelty;outlierness;relevance;surprise;query label;session label
user-I051069_session-687ECC64E4980354EB0247A82F3E2C895961472A05E14D1ACBD44B5029F9DAA2_analysis-12.csv;user-I051069;1;356972970;4;true;-0.15800894962498047;0.0;Infinity;0;B
user-I051069_session-687ECC64E4980354EB0247A82F3E2C895961472A05E14D1ACBD44B5029F9DAA2_analysis-12.csv;user-I051069;1;1189605193;4;true;-0.13241169473816994;0.0;Infinity;0;B
user-I051069_session-687ECC64E4980354EB0247A82F3E2C895961472A05E14D1ACBD44B5029F9DAA2_analysis-12.csv;user-I051069;1;1785891704;4;true;-0.17966816529843554;0.0;Infinity;0;B
user-I051069_session-687ECC64E4980354EB0247A82F3E2C895961472A05E14D1ACBD44B5029F9DAA2_analysis-12.csv;user-I051069;1;135958548;5;true;-0.1658850280516914;0.0;Infinity;0;B
user-I051069_session-687ECC64E4980354EB0247A82F3E2C895961472A05E14D1ACBD44B5029F9DAA2_analysis-12.csv;user-I051069;1;951224971;4;true;-0.17966816529843554;0.0;Infinity;0;B
user-I051069_session-687ECC64E4980354EB0247A82F3E2C895961472A05E14D1ACBD44B5029F9DAA2_analysis-12.csv;user-I051069;1;-176988878;4;true;-0.14816385159159182;0.0;Infinity;0;B
user-I051069_session-687ECC64E4980354EB0247A82F3E2C895961472A05E14D1ACBD44B5029F9DAA2_analysis-12.csv;user-I051069;1;-234047674;6;true;-0.15603993001830274;0.0;Infinity;0;B
user-I051069_session-687ECC64E4980354EB0247A82F3E2C895961472A05E14D1ACBD44B5029F9DAA2_analysis-12.csv;user-I051069;1;-1616265439;5;true;-0.08121718496454887;0.0;Infinity;0;B
user-I051069_session-687ECC64E4980354EB0247A82F3E2C895961472A05E14D1ACBD44B5029F9DAA2_analysis-12.csv;user-I051069;1;-304176425;5;true;-0.17966816529843554;0.0;Infinity;0;B
user-I051069_session-687ECC64E4980354EB0247A82F3E2C895961472A05E14D1ACBD44B5029F9DAA2_analysis-12.csv;user-I051069;1;1150426319;6;true;-0.065465028111127;0.0;Infinity;0;B
user-I051069_session-687ECC64E4980354EB0247A82F3E2C895961472A05E14D1ACBD44B5029F9DAA2_analysis-12.csv;user-I051069;1;1233571183;5;true;-0.1658850280516914;0.0;Infinity;0;B
user-I051069_session-687ECC64E4980354EB0247A82F3E2C895961472A05E14D1ACBD44B5029F9DAA2_analysis-12.csv;user-I051069;1;-432085707;6;true;-0.14225679277155862;0.0;Infinity;0;B
user-I051069_session-687ECC64E4980354EB0247A82F3E2C895961472A05E14D1ACBD44B5029F9DAA2_analysis-12.csv;user-I051069;1;1455667672;6;true;-0.17966816529843554;0.0;Infinity;0;B
user-I051069_session-687ECC64E4980354EB0247A82F3E2C895961472A05E14D1ACBD44B5029F9DAA2_analysis-12.csv;user-I051069;1;917387530;5;true;-0.16982306726504687;0.0;Infinity;0;B
user-I051069_session-687ECC64E4980354EB0247A82F3E2C895961472A05E14D1ACBD44B5029F9DAA2_analysis-12.csv;user-I051069;1;-348582548;4;true;-0.1717920868717246;0.0;Infinity;0;B
user-I051069_session-687ECC64E4980354EB0247A82F3E2C895961472A05E14D1ACBD44B5029F9DAA2_analysis-12.csv;user-I051069;1;-1132987509;4;true;-0.11665953788474807;0.0;Infinity;0;B
user-I051069_session-687ECC64E4980354EB0247A82F3E2C895961472A05E14D1ACBD44B5029F9DAA2_analysis-12.csv;user-I051069;1;-454339648;5;true;-0.16785404765836914;0.0;Infinity;0;B
user-I051069_session-687ECC64E4980354EB0247A82F3E2C895961472A05E14D1ACBD44B5029F9DAA2_analysis-12.csv;user-I051069;1;-1099126324;6;true;-0.1658850280516914;0.0;Infinity;0;B
user-I051069_session-687ECC64E4980354EB0247A82F3E2C895961472A05E14D1ACBD44B5029F9DAA2_analysis-12.csv;user-I051069;1;1636900122;4;true;-0.17966816529843554;0.0;Infinity;0;B
user-I051069_session-687ECC64E4980354EB0247A82F3E2C895961472A05E14D1ACBD44B5029F9DAA2_analysis-12.csv;user-I051069;1;-1517552049;6;true;-0.14422581237823634;0.0;Infinity;0;B
user-I051069_session-687ECC64E4980354EB0247A82F3E2C895961472A05E14D1ACBD44B5029F9DAA2_analysis-12.csv;user-I051069;1;1792614847;4;true;-0.14225679277155862;0.0;Infinity;0;B
user-I051069_session-687ECC64E4980354EB0247A82F3E2C895961472A05E14D1ACBD44B5029F9DAA2_analysis-12.csv;user-I051069;1;1071458097;4;true;-0.1717920868717246;0.0;Infinity;0;B
user-I051069_session-687ECC64E4980354EB0247A82F3E2C895961472A05E14D1ACBD44B5029F9DAA2_analysis-12.csv;user-I051069;1;1328964308;4;true;-0.07334110653783794;0.0;Infinity;0;B
user-I051069_session-687ECC64E4980354EB0247A82F3E2C895961472A05E14D1ACBD44B5029F9DAA2_analysis-12.csv;user-I051069;1;1795929677;6;true;-0.17966816529843554;0.0;Infinity;0;B
user-I051069_session-687ECC64E4980354EB0247A82F3E2C895961472A05E14D1ACBD44B5029F9DAA2_analysis-12.csv;user-I051069;1;702147978;4;true;-0.17376110647840234;0.0;Infinity;0;B
user-I051069_session-687ECC64E4980354EB0247A82F3E2C895961472A05E14D1ACBD44B5029F9DAA2_analysis-12.csv;user-I051069;1;370713969;5;true;-0.1776991456917578;0.0;Infinity;0;B
user-I051069_session-687ECC64E4980354EB0247A82F3E2C895961472A05E14D1ACBD44B5029F9DAA2_analysis-12.csv;user-I051069;1;2092723473;4;true;-0.16391600844501367;0.0;Infinity;0;B
user-I051069_session-687ECC64E4980354EB0247A82F3E2C895961472A05E14D1ACBD44B5029F9DAA2_analysis-12.csv;user-I051069;1;-275805341;5;true;-0.17966816529843554;0.0;Infinity;0;B
user-I051069_session-687ECC64E4980354EB0247A82F3E2C895961472A05E14D1ACBD44B5029F9DAA2_analysis-12.csv;user-I051069;1;-56743050;4;true;-0.15997796923165822;0.0;Infinity;0;B
user-I051069_session-687ECC64E4980354EB0247A82F3E2C895961472A05E14D1ACBD44B5029F9DAA2_analysis-12.csv;user-I051069;1;-208066611;6;true;-0.17966816529843554;0.0;Infinity;0;B
user-I051069_session-687ECC64E4980354EB0247A82F3E2C895961472A05E14D1ACBD44B5029F9DAA2_analysis-12.csv;user-I051069;1;-1273149693;5;true;-0.16982306726504687;0.0;Infinity;0;B
user-I051069_session-687ECC64E4980354EB0247A82F3E2C895961472A05E14D1ACBD44B5029F9DAA2_analysis-12.csv;user-I051069;1;1794203876;5;true;-0.17966816529843554;0.0;Infinity;0;B
user-I051069_session-687ECC64E4980354EB0247A82F3E2C895961472A05E14D1ACBD44B5029F9DAA2_analysis-12.csv;user-I051069;1;-496411573;5;true;-0.15800894962498047;0.0;Infinity;0;B
user-I051069_session-687ECC64E4980354EB0247A82F3E2C895961472A05E14D1ACBD44B5029F9DAA2_analysis-12.csv;user-I051069;1;93260843;6;true;-0.04183679283099421;0.0;Infinity;0;B
user-I051069_session-687ECC64E4980354EB0247A82F3E2C895961472A05E14D1ACBD44B5029F9DAA2_analysis-12.csv;user-I051069;1;-378566615;6;true;-0.11075247906471487;0.0;Infinity;0;B
user-I051069_session-687ECC64E4980354EB0247A82F3E2C895961472A05E14D1ACBD44B5029F9DAA2_analysis-12.csv;user-I051069;1;96403932;4;true;-0.17966816529843554;0.0;Infinity;0;B
user-I051069_session-687ECC64E4980354EB0247A82F3E2C895961472A05E14D1ACBD44B5029F9DAA2_analysis-12.csv;user-I051069;1;469210205;4;true;-0.16785404765836914;0.0;Infinity;0;B
user-I051069_session-687ECC64E4980354EB0247A82F3E2C895961472A05E14D1ACBD44B5029F9DAA2_analysis-12.csv;user-I051069;1;-539796898;4;true;-0.17966816529843554;0.0;Infinity;0;B
user-I051069_session-687ECC64E4980354EB0247A82F3E2C895961472A05E14D1ACBD44B5029F9DAA2_analysis-12.csv;user-I051069;1;1792790827;4;true;-0.030022675190927807;0.0;Infinity;0;B
user-I051069_session-687ECC64E4980354EB0247A82F3E2C895961472A05E14D1ACBD44B5029F9DAA2_analysis-12.csv;user-I051069;1;29931766;4;true;0.1294679129499686;0.0;Infinity;0;B
user-I051069_session-687ECC64E4980354EB0247A82F3E2C895961472A05E14D1ACBD44B5029F9DAA2_analysis-12.csv;user-I051069;1;-2073531476;6;true;-0.13634973395152541;0.0;Infinity;0;B
user-I051069_session-687ECC64E4980354EB0247A82F3E2C895961472A05E14D1ACBD44B5029F9DAA2_analysis-12.csv;user-I051069;1;331683032;10;true;-0.17573012608508007;0.0;Infinity;0;B
user-I051069_session-687ECC64E4980354EB0247A82F3E2C895961472A05E14D1ACBD44B5029F9DAA2_analysis-12.csv;user-I051069;1;-189858624;11;true;-0.12059757709810354;0.0;Infinity;0;B
user-I051069_session-687ECC64E4980354EB0247A82F3E2C895961472A05E14D1ACBD44B5029F9DAA2_analysis-12.csv;user-I051069;1;143339404;6;true;-0.1776991456917578;0.0;Infinity;0;B
user-I051069_session-687ECC64E4980354EB0247A82F3E2C895961472A05E14D1ACBD44B5029F9DAA2_analysis-12.csv;user-I051069;1;-696902795;4;true;-0.10287640063800393;0.0;Infinity;0;B
user-I051069_session-687ECC64E4980354EB0247A82F3E2C895961472A05E14D1ACBD44B5029F9DAA2_analysis-12.csv;user-I051069;1;-1744534113;6;true;-0.11862855749142581;0.0;Infinity;0;B
user-I051069_session-687ECC64E4980354EB0247A82F3E2C895961472A05E14D1ACBD44B5029F9DAA2_analysis-12.csv;user-I051069;1;-1761435394;5;true;-0.15603993001830274;0.0;Infinity;0;B
user-I051069_session-687ECC64E4980354EB0247A82F3E2C895961472A05E14D1ACBD44B5029F9DAA2_analysis-12.csv;user-I051069;1;644037858;4;true;-0.14422581237823634;0.0;Infinity;0;B
user-I051069_session-687ECC64E4980354EB0247A82F3E2C895961472A05E14D1ACBD44B5029F9DAA2_analysis-12.csv;user-I051069;1;-1647874612;4;true;-0.1776991456917578;0.0;Infinity;0;B
user-I051069_session-687ECC64E4980354EB0247A82F3E2C895961472A05E14D1ACBD44B5029F9DAA2_analysis-12.csv;user-I051069;1;-314265945;3;true;-0.12650463591813674;0.0;Infinity;0;B
user-I051069_session-687ECC64E4980354EB0247A82F3E2C895961472A05E14D1ACBD44B5029F9DAA2_analysis-12.csv;user-I051069;1;-587024141;5;true;-0.10681443985135941;0.0;Infinity;0;B
user-I051069_session-687ECC64E4980354EB0247A82F3E2C895961472A05E14D1ACBD44B5029F9DAA2_analysis-12.csv;user-I051069;1;364745224;4;true;-0.09696934181797073;0.0;Infinity;0;B
user-I051069_session-687ECC64E4980354EB0247A82F3E2C895961472A05E14D1ACBD44B5029F9DAA2_analysis-12.csv;user-I051069;1;1801906769;4;true;-0.05168189086438287;0.0;Infinity;0;B
user-I051069_session-687ECC64E4980354EB0247A82F3E2C895961472A05E14D1ACBD44B5029F9DAA2_analysis-12.csv;user-I051069;1;-1779139834;4;true;-0.14816385159159182;0.0;Infinity;0;B
user-I051069_session-687ECC64E4980354EB0247A82F3E2C895961472A05E14D1ACBD44B5029F9DAA2_analysis-12.csv;user-I051069;1;-1555564579;5;true;-0.13634973395152541;0.0;Infinity;0;B
user-I051069_session-687ECC64E4980354EB0247A82F3E2C895961472A05E14D1ACBD44B5029F9DAA2_analysis-12.csv;user-I051069;1;-607485230;3;true;-0.17573012608508007;0.0;Infinity;0;B
user-I051069_session-687ECC64E4980354EB0247A82F3E2C895961472A05E14D1ACBD44B5029F9DAA2_analysis-12.csv;user-I051069;1;1853023235;3;true;-0.1717920868717246;0.0;Infinity;0;B
user-I051069_session-687ECC64E4980354EB0247A82F3E2C895961472A05E14D1ACBD44B5029F9DAA2_analysis-12.csv;user-I051069;1;-1860572699;4;true;-0.13438071434484766;0.0;Infinity;0;B
user-I051069_session-687ECC64E4980354EB0247A82F3E2C895961472A05E14D1ACBD44B5029F9DAA2_analysis-12.csv;user-I051069;1;1558302244;7;true;0.0014816385159159265;0.0;Infinity;0;B
user-I051069_session-687ECC64E4980354EB0247A82F3E2C895961472A05E14D1ACBD44B5029F9DAA2_analysis-12.csv;user-I051069;1;1786899877;7;true;-0.15210189080494727;0.0;Infinity;0;B
user-I051069_session-687ECC64E4980354EB0247A82F3E2C895961472A05E14D1ACBD44B5029F9DAA2_analysis-12.csv;user-I051069;1;-1917899386;4;true;-0.14619483198491406;0.0;Infinity;0;B
user-I051069_session-687ECC64E4980354EB0247A82F3E2C895961472A05E14D1ACBD44B5029F9DAA2_analysis-12.csv;user-I051069;1;-575330252;6;true;-0.012301498730828206;0.0;Infinity;0;B
user-I051069_session-687ECC64E4980354EB0247A82F3E2C895961472A05E14D1ACBD44B5029F9DAA2_analysis-12.csv;user-I051069;1;1157494180;6;true;0.05070712868285926;0.0;Infinity;0;B
user-I051069_session-687ECC64E4980354EB0247A82F3E2C895961472A05E14D1ACBD44B5029F9DAA2_analysis-12.csv;user-I051069;1;720989054;4;true;-0.17966816529843554;0.0;Infinity;0;B
user-I051069_session-687ECC64E4980354EB0247A82F3E2C895961472A05E14D1ACBD44B5029F9DAA2_analysis-12.csv;user-I051069;1;-1529899355;5;true;-0.1658850280516914;0.0;Infinity;0;B
user-I051069_session-687ECC64E4980354EB0247A82F3E2C895961472A05E14D1ACBD44B5029F9DAA2_analysis-12.csv;user-I051069;1;-562037866;4;true;2.011850656933882;0.0;Infinity;0;B
user-I051069_session-687ECC64E4980354EB0247A82F3E2C895961472A05E14D1ACBD44B5029F9DAA2_analysis-12.csv;user-I051069;1;1724282707;3;true;-0.17966816529843554;0.0;Infinity;0;B
user-I051069_session-687ECC64E4980354EB0247A82F3E2C895961472A05E14D1ACBD44B5029F9DAA2_analysis-12.csv;user-I051069;1;1724011018;4;true;-0.17966816529843554;0.0;Infinity;0;B
user-I051069_session-687ECC64E4980354EB0247A82F3E2C895961472A05E14D1ACBD44B5029F9DAA2_analysis-12.csv;user-I051069;1;-460825373;4;true;0.02117183458269326;0.0;Infinity;0;B
user-I051069_session-687ECC64E4980354EB0247A82F3E2C895961472A05E14D1ACBD44B5029F9DAA2_analysis-12.csv;user-I051069;1;-1913294571;4;true;-0.15997796923165822;0.0;Infinity;0;B
user-I051069_session-687ECC64E4980354EB0247A82F3E2C895961472A05E14D1ACBD44B5029F9DAA2_analysis-12.csv;user-I051069;1;1788732643;6;true;-0.15997796923165822;0.0;Infinity;0;B
user-I051069_session-687ECC64E4980354EB0247A82F3E2C895961472A05E14D1ACBD44B5029F9DAA2_analysis-12.csv;user-I051069;1;1723932921;7;true;-0.13438071434484766;0.0;Infinity;0;B
user-I051069_session-687ECC64E4980354EB0247A82F3E2C895961472A05E14D1ACBD44B5029F9DAA2_analysis-12.csv;user-I051069;1;1791309197;6;true;-0.13438071434484766;0.0;Infinity;0;B
user-I051069_session-687ECC64E4980354EB0247A82F3E2C895961472A05E14D1ACBD44B5029F9DAA2_analysis-12.csv;user-I051069;1;-83919180;6;true;-0.14816385159159182;0.0;Infinity;0;B
user-I051069_session-687ECC64E4980354EB0247A82F3E2C895961472A05E14D1ACBD44B5029F9DAA2_analysis-12.csv;user-I051069;1;1799630877;7;true;-0.16785404765836914;0.0;Infinity;0;B
user-I051069_session-687ECC64E4980354EB0247A82F3E2C895961472A05E14D1ACBD44B5029F9DAA2_analysis-12.csv;user-I051069;1;1480393189;10;true;-0.11665953788474807;0.0;Infinity;0;B
user-I051069_session-687ECC64E4980354EB0247A82F3E2C895961472A05E14D1ACBD44B5029F9DAA2_analysis-12.csv;user-I051069;1;-1069785178;4;true;-0.16785404765836914;0.0;Infinity;0;B
user-I051069_session-687ECC64E4980354EB0247A82F3E2C895961472A05E14D1ACBD44B5029F9DAA2_analysis-12.csv;user-I051069;1;-310695865;5;true;9.582731044609766;0.0;Infinity;0;B
user-I051069_session-687ECC64E4980354EB0247A82F3E2C895961472A05E14D1ACBD44B5029F9DAA2_analysis-12.csv;user-I051069;1;-1337239986;5;true;-0.1776991456917578;0.0;Infinity;0;B
user-I051069_session-687ECC64E4980354EB0247A82F3E2C895961472A05E14D1ACBD44B5029F9DAA2_analysis-12.csv;user-I051069;1;-742655214;5;true;-0.1776991456917578;0.0;Infinity;0;B
user-I051069_session-687ECC64E4980354EB0247A82F3E2C895961472A05E14D1ACBD44B5029F9DAA2_analysis-12.csv;user-I051069;1;1724305344;6;true;-0.14225679277155862;0.0;Infinity;0;B
user-I051069_session-687ECC64E4980354EB0247A82F3E2C895961472A05E14D1ACBD44B5029F9DAA2_analysis-12.csv;user-I051069;1;-987340442;8;true;-0.17966816529843554;0.0;Infinity;0;B
user-I051069_session-687ECC64E4980354EB0247A82F3E2C895961472A05E14D1ACBD44B5029F9DAA2_analysis-12.csv;user-I051069;1;1036969753;8;true;-0.16391600844501367;0.0;Infinity;0;B
user-I051069_session-687ECC64E4980354EB0247A82F3E2C895961472A05E14D1ACBD44B5029F9DAA2_analysis-12.csv;user-I051069;1;1786899935;4;true;-0.10287640063800393;0.0;Infinity;0;B
user-I051069_session-687ECC64E4980354EB0247A82F3E2C895961472A05E14D1ACBD44B5029F9DAA2_analysis-12.csv;user-I051069;1;1247420230;6;true;-0.17966816529843554;0.0;Infinity;0;B
user-I051069_session-687ECC64E4980354EB0247A82F3E2C895961472A05E14D1ACBD44B5029F9DAA2_analysis-12.csv;user-I051069;1;1793162382;4;true;0.1294679129499686;0.0;Infinity;0;B
user-I051069_session-687ECC64E4980354EB0247A82F3E2C895961472A05E14D1ACBD44B5029F9DAA2_analysis-12.csv;user-I051069;1;1790586331;4;true;-0.16391600844501367;0.0;Infinity;0;B
user-I051069_session-687ECC64E4980354EB0247A82F3E2C895961472A05E14D1ACBD44B5029F9DAA2_analysis-12.csv;user-I051069;1;-984724421;6;true;0.08024242278302526;0.0;Infinity;0;B
user-I051069_session-687ECC64E4980354EB0247A82F3E2C895961472A05E14D1ACBD44B5029F9DAA2_analysis-12.csv;user-I051069;1;1339638131;3;true;-0.13831875355820314;0.0;Infinity;0;B
user-I051069_session-687ECC64E4980354EB0247A82F3E2C895961472A05E14D1ACBD44B5029F9DAA2_analysis-12.csv;user-I051069;1;1350925649;4;true;-0.17966816529843554;0.0;Infinity;0;B
user-I051069_session-687ECC64E4980354EB0247A82F3E2C895961472A05E14D1ACBD44B5029F9DAA2_analysis-12.csv;user-I051069;1;-1958928100;5;true;-0.17966816529843554;0.0;Infinity;0;B
user-I051069_session-687ECC64E4980354EB0247A82F3E2C895961472A05E14D1ACBD44B5029F9DAA2_analysis-12.csv;user-I051069;1;-846624308;5;true;-0.16391600844501367;0.0;Infinity;0;B
user-I051069_session-687ECC64E4980354EB0247A82F3E2C895961472A05E14D1ACBD44B5029F9DAA2_analysis-12.csv;user-I051069;1;-271746691;7;true;1.3935785004370735;0.0;Infinity;0;B
user-I051069_session-687ECC64E4980354EB0247A82F3E2C895961472A05E14D1ACBD44B5029F9DAA2_analysis-12.csv;user-I051069;1;1477573481;7;true;-0.15800894962498047;0.0;Infinity;0;B
user-I051069_session-687ECC64E4980354EB0247A82F3E2C895961472A05E14D1ACBD44B5029F9DAA2_analysis-12.csv;user-I051069;1;129297139;6;true;-0.17966816529843554;0.0;Infinity;0;B
user-I051069_session-687ECC64E4980354EB0247A82F3E2C895961472A05E14D1ACBD44B5029F9DAA2_analysis-12.csv;user-I051069;1;760689142;5;true;0.10190163845648033;0.0;Infinity;0;B
user-I051069_session-687ECC64E4980354EB0247A82F3E2C895961472A05E14D1ACBD44B5029F9DAA2_analysis-12.csv;user-I051069;1;792922904;4;true;-0.10681443985135941;0.0;Infinity;0;B
user-I051069_session-687ECC64E4980354EB0247A82F3E2C895961472A05E14D1ACBD44B5029F9DAA2_analysis-12.csv;user-I051069;1;437008351;4;true;-0.17966816529843554;0.0;Infinity;0;B
user-I051069_session-687ECC64E4980354EB0247A82F3E2C895961472A05E14D1ACBD44B5029F9DAA2_analysis-12.csv;user-I051069;1;-1335359544;4;true;-0.17966816529843554;0.0;Infinity;0;B
user-I051069_session-687ECC64E4980354EB0247A82F3E2C895961472A05E14D1ACBD44B5029F9DAA2_analysis-12.csv;user-I051069;1;112504114;4;true;-0.11665953788474807;0.0;Infinity;0;B
user-I051069_session-687ECC64E4980354EB0247A82F3E2C895961472A05E14D1ACBD44B5029F9DAA2_analysis-12.csv;user-I051069;1;-113963773;4;true;-0.10090738103132621;0.0;Infinity;0;B
user-I051069_session-687ECC64E4980354EB0247A82F3E2C895961472A05E14D1ACBD44B5029F9DAA2_analysis-12.csv;user-I051069;2;-1410912196;3;true;NaN;0.0;Infinity;0;B
user-I051069_session-687ECC64E4980354EB0247A82F3E2C895961472A05E14D1ACBD44B5029F9DAA2_analysis-12.csv;user-I051069;3;-1672334185;9;true;-0.26718387498508117;0.0;Infinity;0;B
user-I051069_session-687ECC64E4980354EB0247A82F3E2C895961472A05E14D1ACBD44B5029F9DAA2_analysis-12.csv;user-I051069;3;-1004539637;7;true;7.253594885461056;0.0;Infinity;0;B
user-I051069_session-687ECC64E4980354EB0247A82F3E2C895961472A05E14D1ACBD44B5029F9DAA2_analysis-12.csv;user-I051069;3;766564817;8;true;-0.2642278484159437;0.0;Infinity;0;B
user-I051069_session-687ECC64E4980354EB0247A82F3E2C895961472A05E14D1ACBD44B5029F9DAA2_analysis-12.csv;user-I051069;3;39355034;34;true;-0.2674906254010129;0.0;Infinity;0;B
user-I051069_session-687ECC64E4980354EB0247A82F3E2C895961472A05E14D1ACBD44B5029F9DAA2_analysis-12.csv;user-I051069;3;-1528512169;9;true;3.879694943619454;0.0;Infinity;0;B
user-I051069_session-687ECC64E4980354EB0247A82F3E2C895961472A05E14D1ACBD44B5029F9DAA2_analysis-12.csv;user-I051069;3;-1493023268;9;true;-0.2674502241267194;0.0;Infinity;0;B
user-I051069_session-687ECC64E4980354EB0247A82F3E2C895961472A05E14D1ACBD44B5029F9DAA2_analysis-12.csv;user-I051069;3;888879973;10;true;-0.26744349058100386;0.0;Infinity;0;B
user-I051069_session-687ECC64E4980354EB0247A82F3E2C895961472A05E14D1ACBD44B5029F9DAA2_analysis-12.csv;user-I051069;3;1738482846;8;true;-0.26194293190312523;0.0;Infinity;0;B
user-I051069_session-687ECC64E4980354EB0247A82F3E2C895961472A05E14D1ACBD44B5029F9DAA2_analysis-12.csv;user-I051069;3;-1160720659;8;true;-0.26748688454228203;0.0;Infinity;0;B
user-I051069_session-687ECC64E4980354EB0247A82F3E2C895961472A05E14D1ACBD44B5029F9DAA2_analysis-12.csv;user-I051069;3;2033984535;8;true;-0.26747117293561234;0.0;Infinity;0;B
user-I051069_session-687ECC64E4980354EB0247A82F3E2C895961472A05E14D1ACBD44B5029F9DAA2_analysis-12.csv;user-I051069;3;212978134;8;true;-0.2674936180879976;0.0;Infinity;0;B
user-I051069_session-687ECC64E4980354EB0247A82F3E2C895961472A05E14D1ACBD44B5029F9DAA2_analysis-12.csv;user-I051069;3;1149216267;8;true;-0.26737316243686343;0.0;Infinity;0;B
user-I051069_session-687ECC64E4980354EB0247A82F3E2C895961472A05E14D1ACBD44B5029F9DAA2_analysis-12.csv;user-I051069;3;1718823752;38;true;-0.2662546456763318;0.0;Infinity;0;B
user-I051069_session-687ECC64E4980354EB0247A82F3E2C895961472A05E14D1ACBD44B5029F9DAA2_analysis-12.csv;user-I051069;3;-1551008577;8;true;-0.2672953525752612;0.0;Infinity;0;B
user-I051069_session-687ECC64E4980354EB0247A82F3E2C895961472A05E14D1ACBD44B5029F9DAA2_analysis-12.csv;user-I051069;3;193319040;9;true;-0.2674898772292667;0.0;Infinity;0;B
user-I051069_session-687ECC64E4980354EB0247A82F3E2C895961472A05E14D1ACBD44B5029F9DAA2_analysis-12.csv;user-I051069;3;-2137412561;10;true;-0.2624015611835305;0.0;Infinity;0;B
user-I051069_session-687ECC64E4980354EB0247A82F3E2C895961472A05E14D1ACBD44B5029F9DAA2_analysis-12.csv;user-I051069;3;-424078280;7;true;1.08231145971269;0.0;Infinity;0;B
user-I051069_session-687ECC64E4980354EB0247A82F3E2C895961472A05E14D1ACBD44B5029F9DAA2_analysis-12.csv;user-I051069;3;-433199315;8;true;1.6442976741650632;0.0;Infinity;0;B
user-I051069_session-687ECC64E4980354EB0247A82F3E2C895961472A05E14D1ACBD44B5029F9DAA2_analysis-12.csv;user-I051069;3;1567251669;8;true;-0.2674936180879976;0.0;Infinity;0;B
user-I051069_session-687ECC64E4980354EB0247A82F3E2C895961472A05E14D1ACBD44B5029F9DAA2_analysis-12.csv;user-I051069;3;1547592575;11;true;-0.2674068301654413;0.0;Infinity;0;B
user-I051069_session-687ECC64E4980354EB0247A82F3E2C895961472A05E14D1ACBD44B5029F9DAA2_analysis-12.csv;user-I051069;3;834563331;12;true;-0.2674906254010129;0.0;Infinity;0;B
user-I051069_session-687ECC64E4980354EB0247A82F3E2C895961472A05E14D1ACBD44B5029F9DAA2_analysis-12.csv;user-I051069;3;-1323654646;10;true;-0.1717366126385506;0.0;Infinity;0;B
user-I051069_session-687ECC64E4980354EB0247A82F3E2C895961472A05E14D1ACBD44B5029F9DAA2_analysis-12.csv;user-I051069;3;-1399148304;8;true;-0.2671950975612738;0.0;Infinity;0;B
user-I051069_session-687ECC64E4980354EB0247A82F3E2C895961472A05E14D1ACBD44B5029F9DAA2_analysis-12.csv;user-I051069;3;-1687500037;9;true;-0.2674906254010129;0.0;Infinity;0;B
user-I051069_session-687ECC64E4980354EB0247A82F3E2C895961472A05E14D1ACBD44B5029F9DAA2_analysis-12.csv;user-I051069;3;-522400034;9;true;-0.2674936180879976;0.0;Infinity;0;B
user-I051069_session-687ECC64E4980354EB0247A82F3E2C895961472A05E14D1ACBD44B5029F9DAA2_analysis-12.csv;user-I051069;3;1086064385;14;true;-0.2674936180879976;0.0;Infinity;0;B
user-I051069_session-687ECC64E4980354EB0247A82F3E2C895961472A05E14D1ACBD44B5029F9DAA2_analysis-12.csv;user-I051069;3;1350497812;16;true;-0.2510622701985021;0.0;Infinity;0;B
user-I051069_session-687ECC64E4980354EB0247A82F3E2C895961472A05E14D1ACBD44B5029F9DAA2_analysis-12.csv;user-I051069;3;-2139891292;8;true;-0.26748613637053587;0.0;Infinity;0;B
user-I051069_session-687ECC64E4980354EB0247A82F3E2C895961472A05E14D1ACBD44B5029F9DAA2_analysis-12.csv;user-I051069;3;1044436675;8;true;-0.2124723197025413;0.0;Infinity;0;B
user-I051069_session-687ECC64E4980354EB0247A82F3E2C895961472A05E14D1ACBD44B5029F9DAA2_analysis-12.csv;user-I051069;3;908539067;9;true;-0.26748838088577437;0.0;Infinity;0;B
user-I051069_session-687ECC64E4980354EB0247A82F3E2C895961472A05E14D1ACBD44B5029F9DAA2_analysis-12.csv;user-I051069;3;3305638;10;true;-0.26734548008225495;0.0;Infinity;0;B
user-I051069_session-687ECC64E4980354EB0247A82F3E2C895961472A05E14D1ACBD44B5029F9DAA2_analysis-12.csv;user-I051069;3;1695089968;8;true;-0.2674621948746583;0.0;Infinity;0;B
user-I051069_session-687ECC64E4980354EB0247A82F3E2C895961472A05E14D1ACBD44B5029F9DAA2_analysis-12.csv;user-I051069;3;-1642843456;8;true;-0.26749212174450526;0.0;Infinity;0;B
user-I051069_session-687ECC64E4980354EB0247A82F3E2C895961472A05E14D1ACBD44B5029F9DAA2_analysis-12.csv;user-I051069;3;1037407968;8;true;-0.2674936180879976;0.0;Infinity;0;B
user-I051069_session-687ECC64E4980354EB0247A82F3E2C895961472A05E14D1ACBD44B5029F9DAA2_analysis-12.csv;user-I051069;3;987960190;8;true;-0.2674936180879976;0.0;Infinity;0;B
user-I051069_session-687ECC64E4980354EB0247A82F3E2C895961472A05E14D1ACBD44B5029F9DAA2_analysis-12.csv;user-I051069;3;-791517986;10;true;-0.2674936180879976;0.0;Infinity;0;B
user-I051069_session-687ECC64E4980354EB0247A82F3E2C895961472A05E14D1ACBD44B5029F9DAA2_analysis-12.csv;user-I051069;3;-696979253;10;true;-0.26748688454228203;0.0;Infinity;0;B
user-I051069_session-687ECC64E4980354EB0247A82F3E2C895961472A05E14D1ACBD44B5029F9DAA2_analysis-12.csv;user-I051069;3;1354245853;8;true;-0.26744349058100386;0.0;Infinity;0;B
user-I051069_session-687ECC64E4980354EB0247A82F3E2C895961472A05E14D1ACBD44B5029F9DAA2_analysis-12.csv;user-I051069;3;-1355274876;9;true;-0.2674936180879976;0.0;Infinity;0;B
user-I051069_session-687ECC64E4980354EB0247A82F3E2C895961472A05E14D1ACBD44B5029F9DAA2_analysis-12.csv;user-I051069;3;-136914096;8;true;-0.2674936180879976;0.0;Infinity;0;B
user-I051069_session-687ECC64E4980354EB0247A82F3E2C895961472A05E14D1ACBD44B5029F9DAA2_analysis-12.csv;user-I051069;3;-1057042903;12;true;-0.2672167945419128;0.0;Infinity;0;B
user-I051069_session-687ECC64E4980354EB0247A82F3E2C895961472A05E14D1ACBD44B5029F9DAA2_analysis-12.csv;user-I051069;3;1777909943;9;true;0.9523300859062134;0.0;Infinity;0;B
user-I051069_session-687ECC64E4980354EB0247A82F3E2C895961472A05E14D1ACBD44B5029F9DAA2_analysis-12.csv;user-I051069;3;-1155635106;10;true;-0.267379895982579;0.0;Infinity;0;B
user-I051069_session-687ECC64E4980354EB0247A82F3E2C895961472A05E14D1ACBD44B5029F9DAA2_analysis-12.csv;user-I051069;3;-1249667533;8;true;-0.2668980733780423;0.0;Infinity;0;B
user-I051069_session-687ECC64E4980354EB0247A82F3E2C895961472A05E14D1ACBD44B5029F9DAA2_analysis-12.csv;user-I051069;3;-766296590;10;true;-0.2517378692852981;0.0;Infinity;0;B
user-I051069_session-687ECC64E4980354EB0247A82F3E2C895961472A05E14D1ACBD44B5029F9DAA2_analysis-12.csv;user-I051069;3;221842817;8;true;-0.2674913735727591;0.0;Infinity;0;B
user-I051069_session-687ECC64E4980354EB0247A82F3E2C895961472A05E14D1ACBD44B5029F9DAA2_analysis-12.csv;user-I051069;3;838141304;11;true;-0.2655124593041262;0.0;Infinity;0;B
user-I051069_session-687ECC64E4980354EB0247A82F3E2C895961472A05E14D1ACBD44B5029F9DAA2_analysis-12.csv;user-I051069;3;-1350584412;12;true;-0.26690555509550407;0.0;Infinity;0;B
user-I051069_session-687ECC64E4980354EB0247A82F3E2C895961472A05E14D1ACBD44B5029F9DAA2_analysis-12.csv;user-I051069;3;94784414;10;true;-0.26743600886354213;0.0;Infinity;0;B
user-I051069_session-687ECC64E4980354EB0247A82F3E2C895961472A05E14D1ACBD44B5029F9DAA2_analysis-12.csv;user-I051069;3;-697275235;7;true;5.817717885465156;0.0;Infinity;0;B
user-I051069_session-687ECC64E4980354EB0247A82F3E2C895961472A05E14D1ACBD44B5029F9DAA2_analysis-12.csv;user-I051069;3;5735086;7;true;-0.2674838918552973;0.0;Infinity;0;B
user-I051069_session-687ECC64E4980354EB0247A82F3E2C895961472A05E14D1ACBD44B5029F9DAA2_analysis-12.csv;user-I051069;3;-2120232198;8;true;-0.2674906254010129;0.0;Infinity;0;B
user-I051069_session-687ECC64E4980354EB0247A82F3E2C895961472A05E14D1ACBD44B5029F9DAA2_analysis-12.csv;user-I051069;3;-509940388;9;true;-0.19557411264343255;0.0;Infinity;0;B
user-I051069_session-687ECC64E4980354EB0247A82F3E2C895961472A05E14D1ACBD44B5029F9DAA2_analysis-12.csv;user-I051069;3;-2118080792;16;true;-0.2674936180879976;0.0;Infinity;0;B
user-I051069_session-687ECC64E4980354EB0247A82F3E2C895961472A05E14D1ACBD44B5029F9DAA2_analysis-12.csv;user-I051069;3;1953428797;10;true;-0.26748688454228203;0.0;Infinity;0;B
user-I051069_session-687ECC64E4980354EB0247A82F3E2C895961472A05E14D1ACBD44B5029F9DAA2_analysis-12.csv;user-I051069;3;-1652763623;10;true;-0.26702750709013057;0.0;Infinity;0;B
user-I051069_session-687ECC64E4980354EB0247A82F3E2C895961472A05E14D1ACBD44B5029F9DAA2_analysis-12.csv;user-I051069;3;890699520;9;true;-0.09249250579893223;0.0;Infinity;0;B
user-I051069_session-687ECC64E4980354EB0247A82F3E2C895961472A05E14D1ACBD44B5029F9DAA2_analysis-12.csv;user-I051069;3;1329266550;9;true;0.5243997885899861;0.0;Infinity;0;B
user-I051069_session-687ECC64E4980354EB0247A82F3E2C895961472A05E14D1ACBD44B5029F9DAA2_analysis-12.csv;user-I051069;3;-669027622;8;true;-0.2673896222152793;0.0;Infinity;0;B
user-I051069_session-687ECC64E4980354EB0247A82F3E2C895961472A05E14D1ACBD44B5029F9DAA2_analysis-12.csv;user-I051069;3;-91471288;9;true;-0.26748838088577437;0.0;Infinity;0;B
user-I051069_session-687ECC64E4980354EB0247A82F3E2C895961472A05E14D1ACBD44B5029F9DAA2_analysis-12.csv;user-I051069;3;-1371970013;8;true;-0.2672205354006437;0.0;Infinity;0;B
user-I051069_session-687ECC64E4980354EB0247A82F3E2C895961472A05E14D1ACBD44B5029F9DAA2_analysis-12.csv;user-I051069;3;-1619503351;9;true;-0.2674936180879976;0.0;Infinity;0;B
user-I051069_session-687ECC64E4980354EB0247A82F3E2C895961472A05E14D1ACBD44B5029F9DAA2_analysis-12.csv;user-I051069;3;355264377;8;true;-0.26748015099656647;0.0;Infinity;0;B
user-I051069_session-687ECC64E4980354EB0247A82F3E2C895961472A05E14D1ACBD44B5029F9DAA2_analysis-12.csv;user-I051069;3;959490492;9;true;-0.2674726692791047;0.0;Infinity;0;B
user-I051069_session-687ECC64E4980354EB0247A82F3E2C895961472A05E14D1ACBD44B5029F9DAA2_analysis-12.csv;user-I051069;3;-1100203218;8;true;-0.26744498692449625;0.0;Infinity;0;B
user-I051069_session-687ECC64E4980354EB0247A82F3E2C895961472A05E14D1ACBD44B5029F9DAA2_analysis-12.csv;user-I051069;3;-1856645747;8;true;-0.2674936180879976;0.0;Infinity;0;B
user-I051069_session-687ECC64E4980354EB0247A82F3E2C895961472A05E14D1ACBD44B5029F9DAA2_analysis-12.csv;user-I051069;3;-2069001872;9;true;-0.2672250244311208;0.0;Infinity;0;B
user-I051069_session-687ECC64E4980354EB0247A82F3E2C895961472A05E14D1ACBD44B5029F9DAA2_analysis-12.csv;user-I051069;3;-559373042;12;true;-0.26719210487428907;0.0;Infinity;0;B
user-I051069_session-687ECC64E4980354EB0247A82F3E2C895961472A05E14D1ACBD44B5029F9DAA2_analysis-12.csv;user-I051069;3;-345493124;17;true;2.6454988603812213;0.0;Infinity;0;B
user-I051069_session-687ECC64E4980354EB0247A82F3E2C895961472A05E14D1ACBD44B5029F9DAA2_analysis-12.csv;user-I051069;3;-409500802;8;true;-0.26744349058100386;0.0;Infinity;0;B
user-I051069_session-687ECC64E4980354EB0247A82F3E2C895961472A05E14D1ACBD44B5029F9DAA2_analysis-12.csv;user-I051069;3;-1048557137;8;true;-0.26748688454228203;0.0;Infinity;0;B
user-I051069_session-687ECC64E4980354EB0247A82F3E2C895961472A05E14D1ACBD44B5029F9DAA2_analysis-12.csv;user-I051069;3;-1119862312;8;true;-0.2673462282540011;0.0;Infinity;0;B
user-I051069_session-687ECC64E4980354EB0247A82F3E2C895961472A05E14D1ACBD44B5029F9DAA2_analysis-12.csv;user-I051069;3;179436733;10;true;1.1367319761859678;0.0;Infinity;0;B
user-I051069_session-687ECC64E4980354EB0247A82F3E2C895961472A05E14D1ACBD44B5029F9DAA2_analysis-12.csv;user-I051069;3;-323301169;9;true;-0.2672759001098607;0.0;Infinity;0;B
user-I051069_session-687ECC64E4980354EB0247A82F3E2C895961472A05E14D1ACBD44B5029F9DAA2_analysis-12.csv;user-I051069;3;-1559897242;8;true;-0.08677422914291663;0.0;Infinity;0;B
user-I051069_session-687ECC64E4980354EB0247A82F3E2C895961472A05E14D1ACBD44B5029F9DAA2_analysis-12.csv;user-I051069;3;1177994411;9;true;3.1481415882704846;0.0;Infinity;0;B
user-I051069_session-687ECC64E4980354EB0247A82F3E2C895961472A05E14D1ACBD44B5029F9DAA2_analysis-12.csv;user-I051069;3;-2034193009;8;true;-0.26749212174450526;0.0;Infinity;0;B
user-I051069_session-687ECC64E4980354EB0247A82F3E2C895961472A05E14D1ACBD44B5029F9DAA2_analysis-12.csv;user-I051069;3;814904237;8;true;-0.2674936180879976;0.0;Infinity;0;B
user-I051069_session-687ECC64E4980354EB0247A82F3E2C895961472A05E14D1ACBD44B5029F9DAA2_analysis-12.csv;user-I051069;3;1890020159;12;true;-0.26703349246409996;0.0;Infinity;0;B
user-I051069_session-687ECC64E4980354EB0247A82F3E2C895961472A05E14D1ACBD44B5029F9DAA2_analysis-12.csv;user-I051069;3;-437896531;13;true;-0.2674906254010129;0.0;Infinity;0;B
user-I051069_session-687ECC64E4980354EB0247A82F3E2C895961472A05E14D1ACBD44B5029F9DAA2_analysis-12.csv;user-I051069;3;1835183886;9;true;-0.2674936180879976;0.0;Infinity;0;B
user-I051069_session-687ECC64E4980354EB0247A82F3E2C895961472A05E14D1ACBD44B5029F9DAA2_analysis-12.csv;user-I051069;3;-1836986653;8;true;-0.2674936180879976;0.0;Infinity;0;B
user-I051069_session-687ECC64E4980354EB0247A82F3E2C895961472A05E14D1ACBD44B5029F9DAA2_analysis-12.csv;user-I051069;3;623865331;9;true;-0.2674913735727591;0.0;Infinity;0;B
user-I051069_session-687ECC64E4980354EB0247A82F3E2C895961472A05E14D1ACBD44B5029F9DAA2_analysis-12.csv;user-I051069;3;-1271136763;11;true;-0.26748912905752054;0.0;Infinity;0;B
user-I051069_session-687ECC64E4980354EB0247A82F3E2C895961472A05E14D1ACBD44B5029F9DAA2_analysis-12.csv;user-I051069;3;25643776;9;true;0.1213506908645549;0.0;Infinity;0;B
user-I051069_session-687ECC64E4980354EB0247A82F3E2C895961472A05E14D1ACBD44B5029F9DAA2_analysis-12.csv;user-I051069;3;-1443261540;9;true;-0.2673342575060623;0.0;Infinity;0;B
user-I051069_session-687ECC64E4980354EB0247A82F3E2C895961472A05E14D1ACBD44B5029F9DAA2_analysis-12.csv;user-I051069;3;2004475962;13;true;-0.2674936180879976;0.0;Infinity;0;B
user-I051069_session-687ECC64E4980354EB0247A82F3E2C895961472A05E14D1ACBD44B5029F9DAA2_analysis-12.csv;user-I051069;3;1197653505;10;true;3.981384951016069;0.0;Infinity;0;B
user-I051069_session-687ECC64E4980354EB0247A82F3E2C895961472A05E14D1ACBD44B5029F9DAA2_analysis-12.csv;user-I051069;3;1557503090;12;true;-0.2674936180879976;0.0;Infinity;0;B
user-I051069_session-687ECC64E4980354EB0247A82F3E2C895961472A05E14D1ACBD44B5029F9DAA2_analysis-12.csv;user-I051069;3;119911625;10;true;-0.2664678746239917;0.0;Infinity;0;B
user-I051069_session-687ECC64E4980354EB0247A82F3E2C895961472A05E14D1ACBD44B5029F9DAA2_analysis-12.csv;user-I051069;3;-1620885437;8;true;-0.05058590995217764;0.0;Infinity;0;B
user-I051069_session-687ECC64E4980354EB0247A82F3E2C895961472A05E14D1ACBD44B5029F9DAA2_analysis-12.csv;user-I051069;3;-1961645158;8;true;-0.16063898112753672;0.0;Infinity;0;B
user-I051069_session-687ECC64E4980354EB0247A82F3E2C895961472A05E14D1ACBD44B5029F9DAA2_analysis-12.csv;user-I051069;3;487703732;9;true;-0.2674936180879976;0.0;Infinity;0;B
user-I051069_session-687ECC64E4980354EB0247A82F3E2C895961472A05E14D1ACBD44B5029F9DAA2_analysis-12.csv;user-I051069;3;998866941;11;true;-0.2674704247638662;0.0;Infinity;0;B
user-I051069_session-687ECC64E4980354EB0247A82F3E2C895961472A05E14D1ACBD44B5029F9DAA2_analysis-12.csv;user-I051069;3;-1930020678;8;true;-0.2674936180879976;0.0;Infinity;0;B
user-I051069_session-687ECC64E4980354EB0247A82F3E2C895961472A05E14D1ACBD44B5029F9DAA2_analysis-12.csv;user-I051069;3;-1579556336;7;true;-0.07296597139551067;0.0;Infinity;0;B
user-I051069_session-687ECC64E4980354EB0247A82F3E2C895961472A05E14D1ACBD44B5029F9DAA2_analysis-12.csv;user-I051069;3;-1230008439;8;true;-0.26748314368355114;0.0;Infinity;0;B
user-I051069_session-687ECC64E4980354EB0247A82F3E2C895961472A05E14D1ACBD44B5029F9DAA2_analysis-12.csv;user-I051069;3;-2035374496;9;true;-0.2674936180879976;0.0;Infinity;0;B
user-I051069_session-687ECC64E4980354EB0247A82F3E2C895961472A05E14D1ACBD44B5029F9DAA2_analysis-12.csv;user-I051069;3;537469933;9;true;-0.2673821404978175;0.0;Infinity;0;B
user-I051069_session-687ECC64E4980354EB0247A82F3E2C895961472A05E14D1ACBD44B5029F9DAA2_analysis-12.csv;user-I051069;3;824634488;9;true;-0.2531234833592142;0.0;Infinity;0;B
user-I051069_session-687ECC64E4980354EB0247A82F3E2C895961472A05E14D1ACBD44B5029F9DAA2_analysis-12.csv;user-I051069;3;330306502;9;true;-0.2653523505504447;0.0;Infinity;0;B
user-I051069_session-687ECC64E4980354EB0247A82F3E2C895961472A05E14D1ACBD44B5029F9DAA2_analysis-12.csv;user-I051069;3;-202184718;8;true;-0.2617484072491197;0.0;Infinity;0;B
user-I051069_session-687ECC64E4980354EB0247A82F3E2C895961472A05E14D1ACBD44B5029F9DAA2_analysis-12.csv;user-I051069;3;1432358201;13;true;-0.2670447150402926;0.0;Infinity;0;B
user-I051069_session-687ECC64E4980354EB0247A82F3E2C895961472A05E14D1ACBD44B5029F9DAA2_analysis-12.csv;user-I051069;3;-365109359;9;true;1.15244807188612;0.0;Infinity;0;B
user-I051069_session-687ECC64E4980354EB0247A82F3E2C895961472A05E14D1ACBD44B5029F9DAA2_analysis-12.csv;user-I051069;3;-490281294;12;true;-0.23929427680291535;0.0;Infinity;0;B
user-I051069_session-687ECC64E4980354EB0247A82F3E2C895961472A05E14D1ACBD44B5029F9DAA2_analysis-12.csv;user-I051069;3;-390343742;10;true;-0.2674427424092577;0.0;Infinity;0;B
user-I051069_session-687ECC64E4980354EB0247A82F3E2C895961472A05E14D1ACBD44B5029F9DAA2_analysis-12.csv;user-I051069;3;2141820471;11;true;0.5797300819066127;0.0;Infinity;0;B
user-I051069_session-687ECC64E4980354EB0247A82F3E2C895961472A05E14D1ACBD44B5029F9DAA2_analysis-12.csv;user-I051069;3;1064095769;8;true;-0.1891241240196578;0.0;Infinity;0;B
user-I051069_session-687ECC64E4980354EB0247A82F3E2C895961472A05E14D1ACBD44B5029F9DAA2_analysis-12.csv;user-I051069;3;-1082574696;8;true;-0.26718088229809644;0.0;Infinity;0;B
user-I051069_session-687ECC64E4980354EB0247A82F3E2C895961472A05E14D1ACBD44B5029F9DAA2_analysis-12.csv;user-I051069;3;-502740940;8;true;-0.2674936180879976;0.0;Infinity;0;B
user-I051069_session-687ECC64E4980354EB0247A82F3E2C895961472A05E14D1ACBD44B5029F9DAA2_analysis-12.csv;user-I051069;3;1017748874;13;true;-0.26738812587178695;0.0;Infinity;0;B
user-I051069_session-687ECC64E4980354EB0247A82F3E2C895961472A05E14D1ACBD44B5029F9DAA2_analysis-12.csv;user-I051069;3;532473868;13;true;-0.2674936180879976;0.0;Infinity;0;B
user-I051069_session-687ECC64E4980354EB0247A82F3E2C895961472A05E14D1ACBD44B5029F9DAA2_analysis-12.csv;user-I051069;3;1494137028;15;true;-0.2674734174508509;0.0;Infinity;0;B
user-I051069_session-687ECC64E4980354EB0247A82F3E2C895961472A05E14D1ACBD44B5029F9DAA2_analysis-12.csv;user-I051069;3;-336335916;10;true;-0.2674936180879976;0.0;Infinity;0;B
user-I051069_session-687ECC64E4980354EB0247A82F3E2C895961472A05E14D1ACBD44B5029F9DAA2_analysis-12.csv;user-I051069;3;-1672422717;10;true;-0.2673559544867014;0.0;Infinity;0;B
user-I051069_session-687ECC64E4980354EB0247A82F3E2C895961472A05E14D1ACBD44B5029F9DAA2_analysis-12.csv;user-I051069;3;-1670074596;11;true;0.4490701163263554;0.0;Infinity;0;B
user-I051069_session-687ECC64E4980354EB0247A82F3E2C895961472A05E14D1ACBD44B5029F9DAA2_analysis-12.csv;user-I051069;3;1139102567;9;true;-0.2674936180879976;0.0;Infinity;0;B
user-I051069_session-687ECC64E4980354EB0247A82F3E2C895961472A05E14D1ACBD44B5029F9DAA2_analysis-12.csv;user-I051069;3;-746637496;7;true;-0.25166155576718824;0.0;Infinity;0;B
user-I051069_session-687ECC64E4980354EB0247A82F3E2C895961472A05E14D1ACBD44B5029F9DAA2_analysis-12.csv;user-I051069;3;-226834411;11;true;-0.2673993484479796;0.0;Infinity;0;B
user-I051069_session-687ECC64E4980354EB0247A82F3E2C895961472A05E14D1ACBD44B5029F9DAA2_analysis-12.csv;user-I051069;3;146766558;9;true;-0.2668352269513636;0.0;Infinity;0;B
user-I051069_session-687ECC64E4980354EB0247A82F3E2C895961472A05E14D1ACBD44B5029F9DAA2_analysis-12.csv;user-I051069;3;986517668;10;true;-0.26690181423677317;0.0;Infinity;0;B
user-I051069_session-687ECC64E4980354EB0247A82F3E2C895961472A05E14D1ACBD44B5029F9DAA2_analysis-12.csv;user-I051069;3;-1059222733;16;true;-0.26732228675812353;0.0;Infinity;0;B
user-I051069_session-687ECC64E4980354EB0247A82F3E2C895961472A05E14D1ACBD44B5029F9DAA2_analysis-12.csv;user-I051069;3;-794944926;11;true;-0.2669938393615527;0.0;Infinity;0;B
user-I051069_session-687ECC64E4980354EB0247A82F3E2C895961472A05E14D1ACBD44B5029F9DAA2_analysis-12.csv;user-I051069;3;-2133487731;11;true;0.7576774945321153;0.0;Infinity;0;B
user-I051069_session-687ECC64E4980354EB0247A82F3E2C895961472A05E14D1ACBD44B5029F9DAA2_analysis-12.csv;user-I051069;3;-1947034608;10;true;-0.2674936180879976;0.0;Infinity;0;B
user-I051069_session-687ECC64E4980354EB0247A82F3E2C895961472A05E14D1ACBD44B5029F9DAA2_analysis-12.csv;user-I051069;3;1758250849;8;true;0.491502676910671;0.0;Infinity;0;B
user-I051069_session-687ECC64E4980354EB0247A82F3E2C895961472A05E14D1ACBD44B5029F9DAA2_analysis-12.csv;user-I051069;3;1367461077;8;true;-0.246077201853738;0.0;Infinity;0;B
user-I051069_session-687ECC64E4980354EB0247A82F3E2C895961472A05E14D1ACBD44B5029F9DAA2_analysis-12.csv;user-I051069;3;502938248;8;true;-0.2674936180879976;0.0;Infinity;0;B
user-I051069_session-687ECC64E4980354EB0247A82F3E2C895961472A05E14D1ACBD44B5029F9DAA2_analysis-12.csv;user-I051069;3;-1482528618;10;true;-0.2674876327140282;0.0;Infinity;0;B
user-I051069_session-687ECC64E4980354EB0247A82F3E2C895961472A05E14D1ACBD44B5029F9DAA2_analysis-12.csv;user-I051069;3;-1508853075;10;true;3.6311896981274248;0.0;Infinity;0;B
user-I051069_session-687ECC64E4980354EB0247A82F3E2C895961472A05E14D1ACBD44B5029F9DAA2_analysis-12.csv;user-I051069;3;1284735718;8;true;-0.2674936180879976;0.0;Infinity;0;B
user-I051069_session-687ECC64E4980354EB0247A82F3E2C895961472A05E14D1ACBD44B5029F9DAA2_analysis-12.csv;user-I051069;3;32299624;10;true;-0.2674936180879976;0.0;Infinity;0;B
user-I051069_session-687ECC64E4980354EB0247A82F3E2C895961472A05E14D1ACBD44B5029F9DAA2_analysis-12.csv;user-I051069;3;2117316678;8;true;-0.2192619782990795;0.0;Infinity;0;B
user-I051069_session-687ECC64E4980354EB0247A82F3E2C895961472A05E14D1ACBD44B5029F9DAA2_analysis-12.csv;user-I051069;3;271593467;8;true;-0.18025305162526073;0.0;Infinity;0;B
user-I051069_session-687ECC64E4980354EB0247A82F3E2C895961472A05E14D1ACBD44B5029F9DAA2_analysis-12.csv;user-I051069;3;-1251477669;12;true;-0.26748239551180497;0.0;Infinity;0;B
user-I051069_session-687ECC64E4980354EB0247A82F3E2C895961472A05E14D1ACBD44B5029F9DAA2_analysis-12.csv;user-I051069;3;1011687738;13;true;-0.26749212174450526;0.0;Infinity;0;B
user-I051069_session-687ECC64E4980354EB0247A82F3E2C895961472A05E14D1ACBD44B5029F9DAA2_analysis-12.csv;user-I051069;3;-1001045468;11;true;-0.2674906254010129;0.0;Infinity;0;B
user-I051069_session-687ECC64E4980354EB0247A82F3E2C895961472A05E14D1ACBD44B5029F9DAA2_analysis-12.csv;user-I051069;3;-138179376;10;true;-0.2674562095006889;0.0;Infinity;0;B
user-I051069_session-687ECC64E4980354EB0247A82F3E2C895961472A05E14D1ACBD44B5029F9DAA2_analysis-12.csv;user-I051069;3;-1398267330;9;true;2.8611675961053753;0.0;Infinity;0;B
user-I051069_session-687ECC64E4980354EB0247A82F3E2C895961472A05E14D1ACBD44B5029F9DAA2_analysis-12.csv;user-I051069;3;-338186874;9;true;-0.26736717706289403;0.0;Infinity;0;B
user-I051069_session-687ECC64E4980354EB0247A82F3E2C895961472A05E14D1ACBD44B5029F9DAA2_analysis-12.csv;user-I051069;3;1884629269;8;true;-0.2674936180879976;0.0;Infinity;0;B
user-I051069_session-687ECC64E4980354EB0247A82F3E2C895961472A05E14D1ACBD44B5029F9DAA2_analysis-12.csv;user-I051069;3;-1057668096;8;true;-0.2674936180879976;0.0;Infinity;0;B
user-I051069_session-687ECC64E4980354EB0247A82F3E2C895961472A05E14D1ACBD44B5029F9DAA2_analysis-12.csv;user-I051069;3;-210783748;23;true;-0.26410963728004805;0.0;Infinity;0;B
user-I051069_session-687ECC64E4980354EB0247A82F3E2C895961472A05E14D1ACBD44B5029F9DAA2_analysis-12.csv;user-I051069;3;241501911;8;true;-0.26749212174450526;0.0;Infinity;0;B
user-I051069_session-687ECC64E4980354EB0247A82F3E2C895961472A05E14D1ACBD44B5029F9DAA2_analysis-12.csv;user-I051069;3;1909679253;8;true;-0.2672916117165304;0.0;Infinity;0;B
user-I051069_session-687ECC64E4980354EB0247A82F3E2C895961472A05E14D1ACBD44B5029F9DAA2_analysis-12.csv;user-I051069;3;1330838718;10;true;-0.24181786010276365;0.0;Infinity;0;B
user-I051069_session-687ECC64E4980354EB0247A82F3E2C895961472A05E14D1ACBD44B5029F9DAA2_analysis-12.csv;user-I051069;3;147215721;11;true;-0.2674936180879976;0.0;Infinity;0;B
user-I051069_session-687ECC64E4980354EB0247A82F3E2C895961472A05E14D1ACBD44B5029F9DAA2_analysis-12.csv;user-I051069;3;2024135056;13;true;-0.26374901849839166;0.0;Infinity;0;B
user-I051069_session-687ECC64E4980354EB0247A82F3E2C895961472A05E14D1ACBD44B5029F9DAA2_analysis-12.csv;user-I051069;3;398875892;12;true;-0.2674936180879976;0.0;Infinity;0;B
user-I051069_session-687ECC64E4980354EB0247A82F3E2C895961472A05E14D1ACBD44B5029F9DAA2_analysis-12.csv;user-I051069;3;-1599844257;8;true;-0.26743151983306507;0.0;Infinity;0;B
user-I051069_session-687ECC64E4980354EB0247A82F3E2C895961472A05E14D1ACBD44B5029F9DAA2_analysis-12.csv;user-I051069;3;-1245769335;7;true;-0.2225075473339867;0.0;Infinity;0;B
user-I051069_session-687ECC64E4980354EB0247A82F3E2C895961472A05E14D1ACBD44B5029F9DAA2_analysis-12.csv;user-I051069;3;1728703964;9;true;-0.2674936180879976;0.0;Infinity;0;B
user-I051069_session-687ECC64E4980354EB0247A82F3E2C895961472A05E14D1ACBD44B5029F9DAA2_analysis-12.csv;user-I051069;3;-132906866;9;true;-0.26748314368355114;0.0;Infinity;0;B
user-I051069_session-687ECC64E4980354EB0247A82F3E2C895961472A05E14D1ACBD44B5029F9DAA2_analysis-12.csv;user-I051069;3;-114434970;11;true;-0.26720407562222787;0.0;Infinity;0;B
user-I051069_session-687ECC64E4980354EB0247A82F3E2C895961472A05E14D1ACBD44B5029F9DAA2_analysis-12.csv;user-I051069;3;-1667489680;10;true;-0.2674913735727591;0.0;Infinity;0;B
user-I051069_session-687ECC64E4980354EB0247A82F3E2C895961472A05E14D1ACBD44B5029F9DAA2_analysis-12.csv;user-I051069;3;-2117753467;10;true;-0.26746144670291205;0.0;Infinity;0;B
user-I051069_session-687ECC64E4980354EB0247A82F3E2C895961472A05E14D1ACBD44B5029F9DAA2_analysis-12.csv;user-I051069;3;-357156639;7;true;-0.2674936180879976;0.0;Infinity;0;B
user-I051069_session-687ECC64E4980354EB0247A82F3E2C895961472A05E14D1ACBD44B5029F9DAA2_analysis-12.csv;user-I051069;3;-2131707827;8;true;-0.26723549883556724;0.0;Infinity;0;B
user-I051069_session-687ECC64E4980354EB0247A82F3E2C895961472A05E14D1ACBD44B5029F9DAA2_analysis-12.csv;user-I051069;3;-77592566;9;true;-0.16767852908729736;0.0;Infinity;0;B
user-I051069_session-687ECC64E4980354EB0247A82F3E2C895961472A05E14D1ACBD44B5029F9DAA2_analysis-12.csv;user-I051069;3;-268862689;8;true;-0.26734173922352406;0.0;Infinity;0;B
user-I051069_session-687ECC64E4980354EB0247A82F3E2C895961472A05E14D1ACBD44B5029F9DAA2_analysis-12.csv;user-I051069;3;1842930959;7;true;0.4584761315192676;0.0;Infinity;0;B
user-I051069_session-687ECC64E4980354EB0247A82F3E2C895961472A05E14D1ACBD44B5029F9DAA2_analysis-12.csv;user-I051069;3;417007803;8;true;-0.2674936180879976;0.0;Infinity;0;B
user-I051069_session-687ECC64E4980354EB0247A82F3E2C895961472A05E14D1ACBD44B5029F9DAA2_analysis-12.csv;user-I051069;3;-1751962380;10;true;-0.26653146922241655;0.0;Infinity;0;B
user-I051069_session-687ECC64E4980354EB0247A82F3E2C895961472A05E14D1ACBD44B5029F9DAA2_analysis-12.csv;user-I051069;3;1772955003;9;true;0.5392405233471136;0.0;Infinity;0;B
user-I051069_session-687ECC64E4980354EB0247A82F3E2C895961472A05E14D1ACBD44B5029F9DAA2_analysis-12.csv;user-I051069;3;-1343313740;8;true;-0.14545857639764578;0.0;Infinity;0;B
user-I051069_session-687ECC64E4980354EB0247A82F3E2C895961472A05E14D1ACBD44B5029F9DAA2_analysis-12.csv;user-I051069;3;1759889250;9;true;-0.2674734174508509;0.0;Infinity;0;B
user-I051069_session-687ECC64E4980354EB0247A82F3E2C895961472A05E14D1ACBD44B5029F9DAA2_analysis-12.csv;user-I051069;3;1792614097;11;true;0.9127450669878399;0.0;Infinity;0;B
user-I051069_session-687ECC64E4980354EB0247A82F3E2C895961472A05E14D1ACBD44B5029F9DAA2_analysis-12.csv;user-I051069;3;574511939;12;true;-0.2437414096621796;0.0;Infinity;0;B
user-I051069_session-687ECC64E4980354EB0247A82F3E2C895961472A05E14D1ACBD44B5029F9DAA2_analysis-12.csv;user-I051069;3;-2049342778;7;true;-0.26748688454228203;0.0;Infinity;0;B
user-I051069_session-687ECC64E4980354EB0247A82F3E2C895961472A05E14D1ACBD44B5029F9DAA2_analysis-12.csv;user-I051069;3;2014325441;9;true;-0.26714571822602623;0.0;Infinity;0;B
user-I051069_session-687ECC64E4980354EB0247A82F3E2C895961472A05E14D1ACBD44B5029F9DAA2_analysis-12.csv;user-I051069;3;1109916100;11;true;-0.2674838918552973;0.0;Infinity;0;B
user-I051069_session-687ECC64E4980354EB0247A82F3E2C895961472A05E14D1ACBD44B5029F9DAA2_analysis-12.csv;user-I051069;3;-943963811;8;true;-0.24241939018668837;0.0;Infinity;0;B
user-I051069_session-687ECC64E4980354EB0247A82F3E2C895961472A05E14D1ACBD44B5029F9DAA2_analysis-12.csv;user-I051069;3;-81474051;11;true;-0.2639891816289139;0.0;Infinity;0;B
user-I051069_session-687ECC64E4980354EB0247A82F3E2C895961472A05E14D1ACBD44B5029F9DAA2_analysis-12.csv;user-I051069;3;51958718;9;true;-0.2674936180879976;0.0;Infinity;0;B
user-I051069_session-687ECC64E4980354EB0247A82F3E2C895961472A05E14D1ACBD44B5029F9DAA2_analysis-12.csv;user-I051069;3;-413540221;11;true;2.0845870205563553;0.0;Infinity;0;B
user-I051069_session-687ECC64E4980354EB0247A82F3E2C895961472A05E14D1ACBD44B5029F9DAA2_analysis-12.csv;user-I051069;3;1500187242;8;true;3.1071993858045497;0.0;Infinity;0;B
user-I051069_session-687ECC64E4980354EB0247A82F3E2C895961472A05E14D1ACBD44B5029F9DAA2_analysis-12.csv;user-I051069;3;-716760996;10;true;-0.2673544581432091;0.0;Infinity;0;B
user-I051069_session-687ECC64E4980354EB0247A82F3E2C895961472A05E14D1ACBD44B5029F9DAA2_analysis-12.csv;user-I051069;3;-1417926424;9;true;2.2524797530850122;0.0;Infinity;0;B
user-I051069_session-687ECC64E4980354EB0247A82F3E2C895961472A05E14D1ACBD44B5029F9DAA2_analysis-12.csv;user-I051069;3;1480800899;9;true;-0.2674936180879976;0.0;Infinity;0;B
user-I051069_session-687ECC64E4980354EB0247A82F3E2C895961472A05E14D1ACBD44B5029F9DAA2_analysis-12.csv;user-I051069;3;-244852457;7;true;-0.2674936180879976;0.0;Infinity;0;B
user-I051069_session-687ECC64E4980354EB0247A82F3E2C895961472A05E14D1ACBD44B5029F9DAA2_analysis-12.csv;user-I051069;3;-1808194292;9;true;0.5801572879736786;0.0;Infinity;0;B
user-I051069_session-687ECC64E4980354EB0247A82F3E2C895961472A05E14D1ACBD44B5029F9DAA2_analysis-12.csv;user-I051069;3;1668755782;7;true;-0.2674734174508509;0.0;Infinity;0;B
user-I051069_session-687ECC64E4980354EB0247A82F3E2C895961472A05E14D1ACBD44B5029F9DAA2_analysis-12.csv;user-I051069;3;1748363058;9;true;-0.2674577058441812;0.0;Infinity;0;B
user-I051069_session-687ECC64E4980354EB0247A82F3E2C895961472A05E14D1ACBD44B5029F9DAA2_analysis-12.csv;user-I051069;3;1862590053;9;true;0.7230835293324752;0.0;Infinity;0;B
user-I051069_session-687ECC64E4980354EB0247A82F3E2C895961472A05E14D1ACBD44B5029F9DAA2_analysis-12.csv;user-I051069;3;-307313813;14;true;-0.2674786546530741;0.0;Infinity;0;B
user-I051069_session-687ECC64E4980354EB0247A82F3E2C895961472A05E14D1ACBD44B5029F9DAA2_analysis-12.csv;user-I051069;3;176088544;11;true;-0.2671075614669713;0.0;Infinity;0;B
user-I051069_session-687ECC64E4980354EB0247A82F3E2C895961472A05E14D1ACBD44B5029F9DAA2_analysis-12.csv;user-I051069;3;1967085201;9;true;-0.2673596953454323;0.0;Infinity;0;B
user-I051069_session-687ECC64E4980354EB0247A82F3E2C895961472A05E14D1ACBD44B5029F9DAA2_analysis-12.csv;user-I051069;3;-345450265;9;true;0.8151812267713803;0.0;Infinity;0;B
user-I051069_session-687ECC64E4980354EB0247A82F3E2C895961472A05E14D1ACBD44B5029F9DAA2_analysis-12.csv;user-I051069;3;1461141805;8;true;-0.26747715830958174;0.0;Infinity;0;B
user-I051069_session-687ECC64E4980354EB0247A82F3E2C895961472A05E14D1ACBD44B5029F9DAA2_analysis-12.csv;user-I051069;3;-1007777222;7;true;-0.26649630515034634;0.0;Infinity;0;B
user-I051069_session-687ECC64E4980354EB0247A82F3E2C895961472A05E14D1ACBD44B5029F9DAA2_analysis-12.csv;user-I051069;3;681192996;8;true;-0.266973638724406;0.0;Infinity;0;B
user-I051069_session-687ECC64E4980354EB0247A82F3E2C895961472A05E14D1ACBD44B5029F9DAA2_analysis-12.csv;user-I051069;3;-1722052818;9;true;-0.2619317093269326;0.0;Infinity;0;B
user-I051069_session-687ECC64E4980354EB0247A82F3E2C895961472A05E14D1ACBD44B5029F9DAA2_analysis-12.csv;user-I051069;3;-1966693702;13;true;-0.2674936180879976;0.0;Infinity;0;B
user-I051069_session-687ECC64E4980354EB0247A82F3E2C895961472A05E14D1ACBD44B5029F9DAA2_analysis-12.csv;user-I051069;3;1111695241;12;true;-0.2636824312129821;0.0;Infinity;0;B
user-I051069_session-687ECC64E4980354EB0247A82F3E2C895961472A05E14D1ACBD44B5029F9DAA2_analysis-12.csv;user-I051069;3;1441756963;8;true;-0.2674936180879976;0.0;Infinity;0;B
user-I051069_session-687ECC64E4980354EB0247A82F3E2C895961472A05E14D1ACBD44B5029F9DAA2_analysis-12.csv;user-I051069;3;-2131065714;9;true;-0.2672938562317689;0.0;Infinity;0;B
user-I051069_session-687ECC64E4980354EB0247A82F3E2C895961472A05E14D1ACBD44B5029F9DAA2_analysis-12.csv;user-I051069;3;-1310428196;9;true;-0.2674936180879976;0.0;Infinity;0;B
user-I051069_session-687ECC64E4980354EB0247A82F3E2C895961472A05E14D1ACBD44B5029F9DAA2_analysis-12.csv;user-I051069;3;-2072309927;10;true;-0.26302329190460194;0.0;Infinity;0;B
user-I051069_session-687ECC64E4980354EB0247A82F3E2C895961472A05E14D1ACBD44B5029F9DAA2_analysis-12.csv;user-I051069;3;1933490488;10;true;-0.2673821404978175;0.0;Infinity;0;B
user-I051069_session-687ECC64E4980354EB0247A82F3E2C895961472A05E14D1ACBD44B5029F9DAA2_analysis-12.csv;user-I051069;3;-1643944420;10;true;-0.2278689460670768;0.0;Infinity;0;B
user-I051069_session-687ECC64E4980354EB0247A82F3E2C895961472A05E14D1ACBD44B5029F9DAA2_analysis-12.csv;user-I051069;3;-1092993452;7;true;-0.2674621948746583;0.0;Infinity;0;B
user-I051069_session-687ECC64E4980354EB0247A82F3E2C895961472A05E14D1ACBD44B5029F9DAA2_analysis-12.csv;user-I051069;3;995581879;8;true;-0.2674936180879976;0.0;Infinity;0;B
user-I051069_session-687ECC64E4980354EB0247A82F3E2C895961472A05E14D1ACBD44B5029F9DAA2_analysis-12.csv;user-I051069;3;-988118128;10;true;-0.26511966913738433;0.0;Infinity;0;B
user-I051069_session-687ECC64E4980354EB0247A82F3E2C895961472A05E14D1ACBD44B5029F9DAA2_analysis-12.csv;user-I051069;3;-1512682362;9;true;-0.2674936180879976;0.0;Infinity;0;B
user-I051069_session-687ECC64E4980354EB0247A82F3E2C895961472A05E14D1ACBD44B5029F9DAA2_analysis-12.csv;user-I051069;3;-443737374;8;true;1.2499812370609864;0.0;Infinity;0;B
user-I051069_session-687ECC64E4980354EB0247A82F3E2C895961472A05E14D1ACBD44B5029F9DAA2_analysis-12.csv;user-I051069;3;459153423;8;true;-0.22268785672481486;0.0;Infinity;0;B
user-I051069_session-687ECC64E4980354EB0247A82F3E2C895961472A05E14D1ACBD44B5029F9DAA2_analysis-12.csv;user-I051069;3;-1662502550;9;true;-0.2667843512726237;0.0;Infinity;0;B
user-I051069_session-687ECC64E4980354EB0247A82F3E2C895961472A05E14D1ACBD44B5029F9DAA2_analysis-12.csv;user-I051069;3;-1169105589;11;true;-0.2605752739511173;0.0;Infinity;0;B
user-I051069_session-687ECC64E4980354EB0247A82F3E2C895961472A05E14D1ACBD44B5029F9DAA2_analysis-12.csv;user-I051069;3;-905659505;11;true;-0.2671367401650721;0.0;Infinity;0;B
user-I051069_session-687ECC64E4980354EB0247A82F3E2C895961472A05E14D1ACBD44B5029F9DAA2_analysis-12.csv;user-I051069;3;-295674633;8;true;-0.26675517257452286;0.0;Infinity;0;B
user-I051069_session-687ECC64E4980354EB0247A82F3E2C895961472A05E14D1ACBD44B5029F9DAA2_analysis-12.csv;user-I051069;3;-2091969021;9;true;-0.2542038433606909;0.0;Infinity;0;B
user-I051069_session-687ECC64E4980354EB0247A82F3E2C895961472A05E14D1ACBD44B5029F9DAA2_analysis-12.csv;user-I051069;3;1688414876;8;true;-0.2674936180879976;0.0;Infinity;0;B
user-I051069_session-687ECC64E4980354EB0247A82F3E2C895961472A05E14D1ACBD44B5029F9DAA2_analysis-12.csv;user-I051069;3;-29376317;9;true;-0.2671015760930019;0.0;Infinity;0;B
user-I051069_session-687ECC64E4980354EB0247A82F3E2C895961472A05E14D1ACBD44B5029F9DAA2_analysis-12.csv;user-I051069;3;336968822;12;true;-0.26454282872108337;0.0;Infinity;0;B
user-I051069_session-687ECC64E4980354EB0247A82F3E2C895961472A05E14D1ACBD44B5029F9DAA2_analysis-12.csv;user-I051069;3;1158761661;13;true;-0.2674936180879976;0.0;Infinity;0;B
user-I051069_session-687ECC64E4980354EB0247A82F3E2C895961472A05E14D1ACBD44B5029F9DAA2_analysis-12.csv;user-I051069;3;127485498;13;true;-0.2674936180879976;0.0;Infinity;0;B
user-I051069_session-687ECC64E4980354EB0247A82F3E2C895961472A05E14D1ACBD44B5029F9DAA2_analysis-12.csv;user-I051069;3;-325834030;9;true;2.8678001386352165;0.0;Infinity;0;B
user-I051069_session-687ECC64E4980354EB0247A82F3E2C895961472A05E14D1ACBD44B5029F9DAA2_analysis-12.csv;user-I051069;3;-1502187712;9;true;-0.2674936180879976;0.0;Infinity;0;B
user-I051069_session-687ECC64E4980354EB0247A82F3E2C895961472A05E14D1ACBD44B5029F9DAA2_analysis-12.csv;user-I051069;3;-1076701997;9;true;-0.2666796072281592;0.0;Infinity;0;B
user-I051069_session-687ECC64E4980354EB0247A82F3E2C895961472A05E14D1ACBD44B5029F9DAA2_analysis-12.csv;user-I051069;3;-1689733690;9;true;0.34570046335957766;0.0;Infinity;0;B
user-I051069_session-687ECC64E4980354EB0247A82F3E2C895961472A05E14D1ACBD44B5029F9DAA2_analysis-12.csv;user-I051069;3;-161467289;8;true;-0.2674936180879976;0.0;Infinity;0;B
user-I051069_session-687ECC64E4980354EB0247A82F3E2C895961472A05E14D1ACBD44B5029F9DAA2_analysis-12.csv;user-I051069;3;-1158449544;9;true;-0.2673656807194017;0.0;Infinity;0;B
user-I051069_session-687ECC64E4980354EB0247A82F3E2C895961472A05E14D1ACBD44B5029F9DAA2_analysis-12.csv;user-I051069;3;-736420090;8;true;-0.26727290742287596;0.0;Infinity;0;B
user-I051069_session-687ECC64E4980354EB0247A82F3E2C895961472A05E14D1ACBD44B5029F9DAA2_analysis-12.csv;user-I051069;3;-2111406620;9;true;-0.2674502241267194;0.0;Infinity;0;B
user-I051069_session-687ECC64E4980354EB0247A82F3E2C895961472A05E14D1ACBD44B5029F9DAA2_analysis-12.csv;user-I051069;3;-152565960;10;true;-0.2674936180879976;0.0;Infinity;0;B
user-I051069_session-687ECC64E4980354EB0247A82F3E2C895961472A05E14D1ACBD44B5029F9DAA2_analysis-12.csv;user-I051069;3;-101133145;8;true;-0.26224444511683376;0.0;Infinity;0;B
user-I051069_session-687ECC64E4980354EB0247A82F3E2C895961472A05E14D1ACBD44B5029F9DAA2_analysis-12.csv;user-I051069;3;-376815733;8;true;-0.2674936180879976;0.0;Infinity;0;B
user-I051069_session-687ECC64E4980354EB0247A82F3E2C895961472A05E14D1ACBD44B5029F9DAA2_analysis-12.csv;user-I051069;3;-677616141;8;true;5.471682467485246;0.0;Infinity;0;B
user-I051069_session-687ECC64E4980354EB0247A82F3E2C895961472A05E14D1ACBD44B5029F9DAA2_analysis-12.csv;user-I051069;3;-159906141;9;true;1.2155900264045598;0.0;Infinity;0;B
user-I051069_session-687ECC64E4980354EB0247A82F3E2C895961472A05E14D1ACBD44B5029F9DAA2_analysis-12.csv;user-I051069;3;2079447266;9;true;-0.2660990259531274;0.0;Infinity;0;B
user-I051069_session-687ECC64E4980354EB0247A82F3E2C895961472A05E14D1ACBD44B5029F9DAA2_analysis-12.csv;user-I051069;3;1007619284;9;true;-0.2674936180879976;0.0;Infinity;0;B
user-I051069_session-687ECC64E4980354EB0247A82F3E2C895961472A05E14D1ACBD44B5029F9DAA2_analysis-12.csv;user-I051069;3;804975394;8;true;-0.26708511631458604;0.0;Infinity;0;B
user-I051069_session-687ECC64E4980354EB0247A82F3E2C895961472A05E14D1ACBD44B5029F9DAA2_analysis-12.csv;user-I051069;3;1854842980;8;true;-0.2674876327140282;0.0;Infinity;0;B
user-I051069_session-687ECC64E4980354EB0247A82F3E2C895961472A05E14D1ACBD44B5029F9DAA2_analysis-12.csv;user-I051069;3;-1180379753;8;true;-0.2674936180879976;0.0;Infinity;0;B
user-I051069_session-687ECC64E4980354EB0247A82F3E2C895961472A05E14D1ACBD44B5029F9DAA2_analysis-12.csv;user-I051069;3;643524425;10;true;-0.2674936180879976;0.0;Infinity;0;B
user-I051069_session-687ECC64E4980354EB0247A82F3E2C895961472A05E14D1ACBD44B5029F9DAA2_analysis-12.csv;user-I051069;3;-633150131;13;true;-0.2673290203038391;0.0;Infinity;0;B
user-I051069_session-687ECC64E4980354EB0247A82F3E2C895961472A05E14D1ACBD44B5029F9DAA2_analysis-12.csv;user-I051069;3;1387120171;12;true;-0.2532559097582872;0.0;Infinity;0;B
user-I051069_session-687ECC64E4980354EB0247A82F3E2C895961472A05E14D1ACBD44B5029F9DAA2_analysis-12.csv;user-I051069;3;-1561489534;9;true;-0.2530958010046057;0.0;Infinity;0;B
user-I051069_session-687ECC64E4980354EB0247A82F3E2C895961472A05E14D1ACBD44B5029F9DAA2_analysis-12.csv;user-I051069;3;-652809225;9;true;-0.26717265240888854;0.0;Infinity;0;B
user-I051069_session-687ECC64E4980354EB0247A82F3E2C895961472A05E14D1ACBD44B5029F9DAA2_analysis-12.csv;user-I051069;3;312064550;12;true;-0.26712701393237187;0.0;Infinity;0;B
user-I051069_session-687ECC64E4980354EB0247A82F3E2C895961472A05E14D1ACBD44B5029F9DAA2_analysis-12.csv;user-I051069;3;-771858892;11;true;-0.2674898772292667;0.0;Infinity;0;B
user-I051069_session-687ECC64E4980354EB0247A82F3E2C895961472A05E14D1ACBD44B5029F9DAA2_analysis-12.csv;user-I051069;3;1265076624;8;true;-0.26743600886354213;0.0;Infinity;0;B
user-I051069_session-687ECC64E4980354EB0247A82F3E2C895961472A05E14D1ACBD44B5029F9DAA2_analysis-12.csv;user-I051069;3;-48408088;8;true;-0.2674936180879976;0.0;Infinity;0;B
user-I051069_session-687ECC64E4980354EB0247A82F3E2C895961472A05E14D1ACBD44B5029F9DAA2_analysis-12.csv;user-I051069;3;-370684648;8;true;-0.2674936180879976;0.0;Infinity;0;B
user-I051069_session-687ECC64E4980354EB0247A82F3E2C895961472A05E14D1ACBD44B5029F9DAA2_analysis-12.csv;user-I051069;3;-134094064;8;true;-0.26695568260249775;0.0;Infinity;0;B
user-I051069_session-687ECC64E4980354EB0247A82F3E2C895961472A05E14D1ACBD44B5029F9DAA2_analysis-12.csv;user-I051069;3;-191124654;9;true;-0.26653745459638595;0.0;Infinity;0;B
user-I051069_session-687ECC64E4980354EB0247A82F3E2C895961472A05E14D1ACBD44B5029F9DAA2_analysis-12.csv;user-I051069;3;-1601226343;8;true;-0.11594769004151874;0.0;Infinity;0;B
user-I051069_session-687ECC64E4980354EB0247A82F3E2C895961472A05E14D1ACBD44B5029F9DAA2_analysis-12.csv;user-I051069;3;-1707159131;9;true;-0.2674936180879976;0.0;Infinity;0;B
user-I051069_session-687ECC64E4980354EB0247A82F3E2C895961472A05E14D1ACBD44B5029F9DAA2_analysis-12.csv;user-I051069;3;-1149446495;10;true;-0.2634714467805608;0.0;Infinity;0;B
user-I051069_session-687ECC64E4980354EB0247A82F3E2C895961472A05E14D1ACBD44B5029F9DAA2_analysis-12.csv;user-I051069;3;-1062915602;8;true;-0.2644971902445667;0.0;Infinity;0;B
user-I051069_session-687ECC64E4980354EB0247A82F3E2C895961472A05E14D1ACBD44B5029F9DAA2_analysis-12.csv;user-I051069;3;-1206610033;10;true;-0.2628796429293363;0.0;Infinity;0;B
user-I051069_session-687ECC64E4980354EB0247A82F3E2C895961472A05E14D1ACBD44B5029F9DAA2_analysis-12.csv;user-I051069;3;478812517;9;true;-0.24200714755454594;0.0;Infinity;0;B
user-I051069_session-687ECC64E4980354EB0247A82F3E2C895961472A05E14D1ACBD44B5029F9DAA2_analysis-12.csv;user-I051069;3;1373904947;7;true;-0.2674936180879976;0.0;Infinity;0;B
user-I051069_session-687ECC64E4980354EB0247A82F3E2C895961472A05E14D1ACBD44B5029F9DAA2_analysis-12.csv;user-I051069;3;1236773896;9;true;-0.2673896222152793;0.0;Infinity;0;B
user-I051069_session-687ECC64E4980354EB0247A82F3E2C895961472A05E14D1ACBD44B5029F9DAA2_analysis-12.csv;user-I051069;3;-2053852103;8;true;-0.2673207904146312;0.0;Infinity;0;B
user-I051069_session-687ECC64E4980354EB0247A82F3E2C895961472A05E14D1ACBD44B5029F9DAA2_analysis-12.csv;user-I051069;3;-28748994;10;true;-0.26749286991625143;0.0;Infinity;0;B
user-I051069_session-687ECC64E4980354EB0247A82F3E2C895961472A05E14D1ACBD44B5029F9DAA2_analysis-12.csv;user-I051069;3;-287654719;14;true;-0.26746892842037384;0.0;Infinity;0;B
user-I051069_session-687ECC64E4980354EB0247A82F3E2C895961472A05E14D1ACBD44B5029F9DAA2_analysis-12.csv;user-I051069;3;1251728899;9;true;-0.2651249063396075;0.0;Infinity;0;B
user-I051069_session-687ECC64E4980354EB0247A82F3E2C895961472A05E14D1ACBD44B5029F9DAA2_analysis-12.csv;user-I051069;3;-814604020;9;true;-0.26711579135617924;0.0;Infinity;0;B
user-I051069_session-687ECC64E4980354EB0247A82F3E2C895961472A05E14D1ACBD44B5029F9DAA2_analysis-12.csv;user-I051069;3;-1552017129;7;true;-0.25863302009804695;0.0;Infinity;0;B
user-I051069_session-687ECC64E4980354EB0247A82F3E2C895961472A05E14D1ACBD44B5029F9DAA2_analysis-12.csv;user-I051069;3;335605283;11;true;-0.2674936180879976;0.0;Infinity;0;B
user-I051069_session-687ECC64E4980354EB0247A82F3E2C895961472A05E14D1ACBD44B5029F9DAA2_analysis-12.csv;user-I051069;3;-984880543;10;true;8.65258252934005;0.0;Infinity;0;B
user-I051069_session-687ECC64E4980354EB0247A82F3E2C895961472A05E14D1ACBD44B5029F9DAA2_analysis-12.csv;user-I051069;3;594171033;10;true;-0.25643414333603864;0.0;Infinity;0;B
user-I051069_session-687ECC64E4980354EB0247A82F3E2C895961472A05E14D1ACBD44B5029F9DAA2_analysis-12.csv;user-I051069;3;-1391629107;9;true;-0.2674794028248203;0.0;Infinity;0;B
user-I051069_session-687ECC64E4980354EB0247A82F3E2C895961472A05E14D1ACBD44B5029F9DAA2_analysis-12.csv;user-I051069;3;1904288363;8;true;-0.2674936180879976;0.0;Infinity;0;B
user-I051069_session-687ECC64E4980354EB0247A82F3E2C895961472A05E14D1ACBD44B5029F9DAA2_analysis-12.csv;user-I051069;3;1947426107;8;true;-0.2644635225159888;0.0;Infinity;0;B
user-I051069_session-687ECC64E4980354EB0247A82F3E2C895961472A05E14D1ACBD44B5029F9DAA2_analysis-12.csv;user-I051069;3;786211228;9;true;-0.170425815739252;0.0;Infinity;0;B
user-I051069_session-687ECC64E4980354EB0247A82F3E2C895961472A05E14D1ACBD44B5029F9DAA2_analysis-12.csv;user-I051069;3;2087105186;12;true;-0.18628556041466982;0.0;Infinity;0;B
user-I051069_session-687ECC64E4980354EB0247A82F3E2C895961472A05E14D1ACBD44B5029F9DAA2_analysis-12.csv;user-I051069;3;557129027;11;true;-0.26749212174450526;0.0;Infinity;0;B
user-I051069_session-687ECC64E4980354EB0247A82F3E2C895961472A05E14D1ACBD44B5029F9DAA2_analysis-12.csv;user-I051069;3;-1949679772;9;true;-0.2674936180879976;0.0;Infinity;0;B
user-I051069_session-687ECC64E4980354EB0247A82F3E2C895961472A05E14D1ACBD44B5029F9DAA2_analysis-12.csv;user-I051069;3;418534986;9;true;-0.2674390015505268;0.0;Infinity;0;B
user-I051069_session-687ECC64E4980354EB0247A82F3E2C895961472A05E14D1ACBD44B5029F9DAA2_analysis-12.csv;user-I051069;3;-539713948;8;true;-0.2674577058441812;0.0;Infinity;0;B
user-I051069_session-687ECC64E4980354EB0247A82F3E2C895961472A05E14D1ACBD44B5029F9DAA2_analysis-12.csv;user-I051069;3;552132962;9;true;-0.26748613637053587;0.0;Infinity;0;B
user-I051069_session-687ECC64E4980354EB0247A82F3E2C895961472A05E14D1ACBD44B5029F9DAA2_analysis-12.csv;user-I051069;3;-1138790450;9;true;-0.2672444768965213;0.0;Infinity;0;B
user-I051069_session-687ECC64E4980354EB0247A82F3E2C895961472A05E14D1ACBD44B5029F9DAA2_analysis-12.csv;user-I051069;3;1131354335;8;true;-0.2629582009626847;0.0;Infinity;0;B
user-I051069_session-687ECC64E4980354EB0247A82F3E2C895961472A05E14D1ACBD44B5029F9DAA2_analysis-12.csv;user-I051069;3;-1411079345;11;true;-0.24472450733665357;0.0;Infinity;0;B
user-I051069_session-687ECC64E4980354EB0247A82F3E2C895961472A05E14D1ACBD44B5029F9DAA2_analysis-12.csv;user-I051069;3;939831398;11;true;-0.2674936180879976;0.0;Infinity;0;B
user-I051069_session-687ECC64E4980354EB0247A82F3E2C895961472A05E14D1ACBD44B5029F9DAA2_analysis-12.csv;user-I051069;3;1637202054;14;true;-0.2618868190221621;0.0;Infinity;0;B
user-I051069_session-687ECC64E4980354EB0247A82F3E2C895961472A05E14D1ACBD44B5029F9DAA2_analysis-12.csv;user-I051069;3;1015240973;9;true;-0.2674906254010129;0.0;Infinity;0;B
user-I051069_session-687ECC64E4980354EB0247A82F3E2C895961472A05E14D1ACBD44B5029F9DAA2_analysis-12.csv;user-I051069;3;-1570667671;9;true;-0.26189729342660856;0.0;Infinity;0;B
user-I051069_session-687ECC64E4980354EB0247A82F3E2C895961472A05E14D1ACBD44B5029F9DAA2_analysis-12.csv;user-I051069;3;-140247047;8;true;1.1162874350499894;0.0;Infinity;0;B
user-I051069_session-687ECC64E4980354EB0247A82F3E2C895961472A05E14D1ACBD44B5029F9DAA2_analysis-12.csv;user-I051069;3;-357845968;26;true;-0.2668771245691494;0.0;Infinity;0;B
user-I051069_session-687ECC64E4980354EB0247A82F3E2C895961472A05E14D1ACBD44B5029F9DAA2_analysis-12.csv;user-I051069;3;1273503284;11;true;-0.2674337643483036;0.0;Infinity;0;B
user-I051069_session-687ECC64E4980354EB0247A82F3E2C895961472A05E14D1ACBD44B5029F9DAA2_analysis-12.csv;user-I051069;3;-1687148774;9;true;-0.2674936180879976;0.0;Infinity;0;B
user-I051069_session-687ECC64E4980354EB0247A82F3E2C895961472A05E14D1ACBD44B5029F9DAA2_analysis-12.csv;user-I051069;3;-303642075;8;true;-0.26748912905752054;0.0;Infinity;0;B
user-I051069_session-687ECC64E4980354EB0247A82F3E2C895961472A05E14D1ACBD44B5029F9DAA2_analysis-12.csv;user-I051069;3;349965596;9;true;-0.2674936180879976;0.0;Infinity;0;B
user-I051069_session-687ECC64E4980354EB0247A82F3E2C895961472A05E14D1ACBD44B5029F9DAA2_analysis-12.csv;user-I051069;3;1090257006;7;true;-0.26748838088577437;0.0;Infinity;0;B
user-I051069_session-687ECC64E4980354EB0247A82F3E2C895961472A05E14D1ACBD44B5029F9DAA2_analysis-12.csv;user-I051069;3;-701725225;8;true;-0.26712701393237187;0.0;Infinity;0;B
user-I051069_session-687ECC64E4980354EB0247A82F3E2C895961472A05E14D1ACBD44B5029F9DAA2_analysis-12.csv;user-I051069;3;19695940;8;true;-0.2674906254010129;0.0;Infinity;0;B
user-I051069_session-687ECC64E4980354EB0247A82F3E2C895961472A05E14D1ACBD44B5029F9DAA2_analysis-12.csv;user-I051069;3;159777639;8;true;1.0955653221961803;0.0;Infinity;0;B
user-I051069_session-687ECC64E4980354EB0247A82F3E2C895961472A05E14D1ACBD44B5029F9DAA2_analysis-12.csv;user-I051069;3;924049736;7;true;-0.2674936180879976;0.0;Infinity;0;B
user-I051069_session-687ECC64E4980354EB0247A82F3E2C895961472A05E14D1ACBD44B5029F9DAA2_analysis-12.csv;user-I051069;3;1217114802;14;true;-0.2672347506638211;0.0;Infinity;0;B
user-I051069_session-687ECC64E4980354EB0247A82F3E2C895961472A05E14D1ACBD44B5029F9DAA2_analysis-12.csv;user-I051069;3;-429159896;11;true;-0.2673701697498787;0.0;Infinity;0;B
user-I051069_session-687ECC64E4980354EB0247A82F3E2C895961472A05E14D1ACBD44B5029F9DAA2_analysis-12.csv;user-I051069;3;461458433;8;true;-0.2673948594175025;0.0;Infinity;0;B
user-I051069_session-687ECC64E4980354EB0247A82F3E2C895961472A05E14D1ACBD44B5029F9DAA2_analysis-12.csv;user-I051069;3;147144592;8;true;-0.26748838088577437;0.0;Infinity;0;B
user-I051069_session-687ECC64E4980354EB0247A82F3E2C895961472A05E14D1ACBD44B5029F9DAA2_analysis-12.csv;user-I051069;3;468044638;7;true;-0.2674936180879976;0.0;Infinity;0;B
user-I051069_session-687ECC64E4980354EB0247A82F3E2C895961472A05E14D1ACBD44B5029F9DAA2_analysis-12.csv;user-I051069;3;1714749062;8;true;-0.2674853881987897;0.0;Infinity;0;B
user-I051069_session-687ECC64E4980354EB0247A82F3E2C895961472A05E14D1ACBD44B5029F9DAA2_analysis-12.csv;user-I051069;3;1617542960;9;true;-0.2208398725117626;0.0;Infinity;0;B
user-I051069_session-687ECC64E4980354EB0247A82F3E2C895961472A05E14D1ACBD44B5029F9DAA2_analysis-12.csv;user-I051069;3;-1581148628;8;true;-0.2390930186031943;0.0;Infinity;0;B
user-I051069_session-687ECC64E4980354EB0247A82F3E2C895961472A05E14D1ACBD44B5029F9DAA2_analysis-12.csv;user-I051069;3;966858574;8;true;-0.2592278166362561;0.0;Infinity;0;B
user-I051069_session-687ECC64E4980354EB0247A82F3E2C895961472A05E14D1ACBD44B5029F9DAA2_analysis-12.csv;user-I051069;3;-97251660;11;true;0.13840077678813717;0.0;Infinity;0;B
user-I051069_session-687ECC64E4980354EB0247A82F3E2C895961472A05E14D1ACBD44B5029F9DAA2_analysis-12.csv;user-I051069;3;-276015539;10;true;-0.2670723973949011;0.0;Infinity;0;B
user-I051069_session-687ECC64E4980354EB0247A82F3E2C895961472A05E14D1ACBD44B5029F9DAA2_analysis-12.csv;user-I051069;3;146077636;8;true;-0.26742029725687244;0.0;Infinity;0;B
user-I051069_session-687ECC64E4980354EB0247A82F3E2C895961472A05E14D1ACBD44B5029F9DAA2_analysis-12.csv;user-I051069;3;-1732303286;8;true;-0.2674936180879976;0.0;Infinity;0;B
user-I051069_session-687ECC64E4980354EB0247A82F3E2C895961472A05E14D1ACBD44B5029F9DAA2_analysis-12.csv;user-I051069;3;-1330925318;9;true;-0.2673851331848022;0.0;Infinity;0;B
user-I051069_session-687ECC64E4980354EB0247A82F3E2C895961472A05E14D1ACBD44B5029F9DAA2_analysis-12.csv;user-I051069;3;1480528148;8;true;2.4606331036188385;0.0;Infinity;0;B
user-I051069_session-687ECC64E4980354EB0247A82F3E2C895961472A05E14D1ACBD44B5029F9DAA2_analysis-12.csv;user-I051069;3;1452017295;11;true;-0.2673739106086096;0.0;Infinity;0;B
user-I051069_session-687ECC64E4980354EB0247A82F3E2C895961472A05E14D1ACBD44B5029F9DAA2_analysis-12.csv;user-I051069;3;-2137739886;12;true;-0.2674936180879976;0.0;Infinity;0;B
user-I051069_session-687ECC64E4980354EB0247A82F3E2C895961472A05E14D1ACBD44B5029F9DAA2_analysis-12.csv;user-I051069;3;397348709;11;true;-0.2673387465365394;0.0;Infinity;0;B
user-I051069_session-687ECC64E4980354EB0247A82F3E2C895961472A05E14D1ACBD44B5029F9DAA2_analysis-12.csv;user-I051069;3;356627916;11;true;-0.264242063679121;0.0;Infinity;0;B
user-I051069_session-687ECC64E4980354EB0247A82F3E2C895961472A05E14D1ACBD44B5029F9DAA2_analysis-12.csv;user-I051069;3;1013178161;8;true;-0.26211201871776074;0.0;Infinity;0;B
user-I051069_session-687ECC64E4980354EB0247A82F3E2C895961472A05E14D1ACBD44B5029F9DAA2_analysis-12.csv;user-I051069;3;-1827853386;8;true;0.7111801168508308;0.0;Infinity;0;B
user-I051069_session-687ECC64E4980354EB0247A82F3E2C895961472A05E14D1ACBD44B5029F9DAA2_analysis-12.csv;user-I051069;3;-2055033590;8;true;-0.2674936180879976;0.0;Infinity;0;B
user-I051069_session-687ECC64E4980354EB0247A82F3E2C895961472A05E14D1ACBD44B5029F9DAA2_analysis-12.csv;user-I051069;3;-16353456;8;true;-0.26724896592699837;0.0;Infinity;0;B
user-I051069_session-687ECC64E4980354EB0247A82F3E2C895961472A05E14D1ACBD44B5029F9DAA2_analysis-12.csv;user-I051069;3;1420690107;7;true;5.176912525724993;0.0;Infinity;0;B
user-I051069_session-687ECC64E4980354EB0247A82F3E2C895961472A05E14D1ACBD44B5029F9DAA2_analysis-12.csv;user-I051069;3;1129557173;11;true;-0.2674090746806798;0.0;Infinity;0;B
user-I051069_session-687ECC64E4980354EB0247A82F3E2C895961472A05E14D1ACBD44B5029F9DAA2_analysis-12.csv;user-I051069;3;-1265428429;12;true;-0.23933318173371645;0.0;Infinity;0;B
user-I051069_session-687ECC64E4980354EB0247A82F3E2C895961472A05E14D1ACBD44B5029F9DAA2_analysis-12.csv;user-I051069;3;-1330087290;9;true;-0.2674936180879976;0.0;Infinity;0;B
user-I051069_session-687ECC64E4980354EB0247A82F3E2C895961472A05E14D1ACBD44B5029F9DAA2_analysis-12.csv;user-I051069;3;45302870;8;true;-0.1359051713707371;0.0;Infinity;0;B
user-I051069_session-687ECC64E4980354EB0247A82F3E2C895961472A05E14D1ACBD44B5029F9DAA2_analysis-12.csv;user-I051069;3;-1077327190;8;true;-0.2674936180879976;0.0;Infinity;0;B
user-I051069_session-687ECC64E4980354EB0247A82F3E2C895961472A05E14D1ACBD44B5029F9DAA2_analysis-12.csv;user-I051069;3;-1135976012;8;true;-0.26742403811560334;0.0;Infinity;0;B
user-I051069_session-687ECC64E4980354EB0247A82F3E2C895961472A05E14D1ACBD44B5029F9DAA2_analysis-12.csv;user-I051069;3;-1481021130;8;true;-0.2674936180879976;0.0;Infinity;0;B
user-I051069_session-687ECC64E4980354EB0247A82F3E2C895961472A05E14D1ACBD44B5029F9DAA2_analysis-12.csv;user-I051069;3;-721384319;8;true;-0.26640951722779;0.0;Infinity;0;B
user-I051069_session-687ECC64E4980354EB0247A82F3E2C895961472A05E14D1ACBD44B5029F9DAA2_analysis-12.csv;user-I051069;3;166425652;11;true;-0.2674936180879976;0.0;Infinity;0;B
user-I051069_session-687ECC64E4980354EB0247A82F3E2C895961472A05E14D1ACBD44B5029F9DAA2_analysis-12.csv;user-I051069;3;-181574378;13;true;-0.2674936180879976;0.0;Infinity;0;B
user-I051069_session-687ECC64E4980354EB0247A82F3E2C895961472A05E14D1ACBD44B5029F9DAA2_analysis-12.csv;user-I051069;3;-1418807398;9;true;-0.2672093128244511;0.0;Infinity;0;B
user-I051069_session-687ECC64E4980354EB0247A82F3E2C895961472A05E14D1ACBD44B5029F9DAA2_analysis-12.csv;user-I051069;3;139570719;8;true;-0.2673439837387626;0.0;Infinity;0;B
user-I051069_session-687ECC64E4980354EB0247A82F3E2C895961472A05E14D1ACBD44B5029F9DAA2_analysis-12.csv;user-I051069;3;700852090;9;true;-0.2671741487523809;0.0;Infinity;0;B
user-I051069_session-687ECC64E4980354EB0247A82F3E2C895961472A05E14D1ACBD44B5029F9DAA2_analysis-12.csv;user-I051069;3;-249203595;9;true;-0.26748912905752054;0.0;Infinity;0;B
user-I051069_session-687ECC64E4980354EB0247A82F3E2C895961472A05E14D1ACBD44B5029F9DAA2_analysis-12.csv;user-I051069;3;-418237437;8;true;-0.2674936180879976;0.0;Infinity;0;B
user-I051069_session-687ECC64E4980354EB0247A82F3E2C895961472A05E14D1ACBD44B5029F9DAA2_analysis-12.csv;user-I051069;3;114443508;9;true;-0.26749212174450526;0.0;Infinity;0;B
user-I051069_session-687ECC64E4980354EB0247A82F3E2C895961472A05E14D1ACBD44B5029F9DAA2_analysis-12.csv;user-I051069;3;-156573190;8;true;-0.2671778896111118;0.0;Infinity;0;B
user-I051069_session-687ECC64E4980354EB0247A82F3E2C895961472A05E14D1ACBD44B5029F9DAA2_analysis-12.csv;user-I051069;3;-182525624;9;true;-0.2655835356200128;0.0;Infinity;0;B
user-I051069_session-687ECC64E4980354EB0247A82F3E2C895961472A05E14D1ACBD44B5029F9DAA2_analysis-12.csv;user-I051069;3;-1624285326;7;true;-0.1916237658236285;0.0;Infinity;0;B
user-I051069_session-687ECC64E4980354EB0247A82F3E2C895961472A05E14D1ACBD44B5029F9DAA2_analysis-12.csv;user-I051069;3;-238586236;10;true;-0.24335310852591477;0.0;Infinity;0;B
user-I051069_session-687ECC64E4980354EB0247A82F3E2C895961472A05E14D1ACBD44B5029F9DAA2_analysis-12.csv;user-I051069;3;-1028898043;10;true;-0.2674464832679886;0.0;Infinity;0;B
user-I051069_session-687ECC64E4980354EB0247A82F3E2C895961472A05E14D1ACBD44B5029F9DAA2_analysis-12.csv;user-I051069;3;360217085;11;true;-0.2637131062545753;0.0;Infinity;0;B
user-I051069_session-687ECC64E4980354EB0247A82F3E2C895961472A05E14D1ACBD44B5029F9DAA2_analysis-12.csv;user-I051069;3;818482210;7;true;-0.267405333821949;0.0;Infinity;0;B
user-I051069_session-687ECC64E4980354EB0247A82F3E2C895961472A05E14D1ACBD44B5029F9DAA2_analysis-12.csv;user-I051069;3;-802772533;8;true;-0.1291125200872142;0.0;Infinity;0;B
user-I051069_session-687ECC64E4980354EB0247A82F3E2C895961472A05E14D1ACBD44B5029F9DAA2_analysis-12.csv;user-I051069;3;-1391420251;7;true;-0.2521246740780706;0.0;Infinity;0;B
user-I051069_session-687ECC64E4980354EB0247A82F3E2C895961472A05E14D1ACBD44B5029F9DAA2_analysis-12.csv;user-I051069;3;2097657584;8;true;-0.20013421943636922;0.0;Infinity;0;B
user-I051069_session-687ECC64E4980354EB0247A82F3E2C895961472A05E14D1ACBD44B5029F9DAA2_analysis-12.csv;user-I051069;3;-1702393724;16;true;-0.26494758963576404;0.0;Infinity;0;B
user-I051069_session-687ECC64E4980354EB0247A82F3E2C895961472A05E14D1ACBD44B5029F9DAA2_analysis-12.csv;user-I051069;3;1422097869;14;true;-0.2674936180879976;0.0;Infinity;0;B
user-I051069_session-687ECC64E4980354EB0247A82F3E2C895961472A05E14D1ACBD44B5029F9DAA2_analysis-12.csv;user-I051069;3;-1226269127;14;true;-0.2647500722947738;0.0;Infinity;0;B
user-I051069_session-687ECC64E4980354EB0247A82F3E2C895961472A05E14D1ACBD44B5029F9DAA2_analysis-12.csv;user-I051069;3;-1691993279;10;true;-0.26347443946754545;0.0;Infinity;0;B
user-I051069_session-687ECC64E4980354EB0247A82F3E2C895961472A05E14D1ACBD44B5029F9DAA2_analysis-12.csv;user-I051069;3;2067446092;12;true;-0.14815798005784522;0.0;Infinity;0;B
user-I051069_session-687ECC64E4980354EB0247A82F3E2C895961472A05E14D1ACBD44B5029F9DAA2_analysis-12.csv;user-I051069;3;2143600375;12;true;-0.26745920218767355;0.0;Infinity;0;B
user-I051069_session-687ECC64E4980354EB0247A82F3E2C895961472A05E14D1ACBD44B5029F9DAA2_analysis-12.csv;user-I051069;3;1032837255;36;true;-0.2644306029591571;0.0;Infinity;0;B
user-I051069_session-687ECC64E4980354EB0247A82F3E2C895961472A05E14D1ACBD44B5029F9DAA2_analysis-12.csv;user-I051069;3;-218927142;17;true;-0.20764586376796632;0.0;Infinity;0;B
user-I051069_session-687ECC64E4980354EB0247A82F3E2C895961472A05E14D1ACBD44B5029F9DAA2_analysis-12.csv;user-I051069;3;1031346832;13;true;-0.2674606985311659;0.0;Infinity;0;B
user-I051069_session-687ECC64E4980354EB0247A82F3E2C895961472A05E14D1ACBD44B5029F9DAA2_analysis-12.csv;user-I051069;3;-1571676223;9;true;-0.2665995528513185;0.0;Infinity;0;B
user-I051069_session-687ECC64E4980354EB0247A82F3E2C895961472A05E14D1ACBD44B5029F9DAA2_analysis-12.csv;user-I051069;3;-649368528;10;true;-0.2674936180879976;0.0;Infinity;0;B
user-I051069_session-687ECC64E4980354EB0247A82F3E2C895961472A05E14D1ACBD44B5029F9DAA2_analysis-12.csv;user-I051069;3;1018526035;10;true;-0.2674644393898968;0.0;Infinity;0;B
user-I051069_session-687ECC64E4980354EB0247A82F3E2C895961472A05E14D1ACBD44B5029F9DAA2_analysis-12.csv;user-I051069;3;481117527;7;true;-0.2674606985311659;0.0;Infinity;0;B
user-I051069_session-687ECC64E4980354EB0247A82F3E2C895961472A05E14D1ACBD44B5029F9DAA2_analysis-12.csv;user-I051069;3;1953149582;12;true;-0.26721978722889755;0.0;Infinity;0;B
user-I051069_session-687ECC64E4980354EB0247A82F3E2C895961472A05E14D1ACBD44B5029F9DAA2_analysis-12.csv;user-I051069;3;-1112652546;7;true;-0.2674853881987897;0.0;Infinity;0;B
user-I051069_session-687ECC64E4980354EB0247A82F3E2C895961472A05E14D1ACBD44B5029F9DAA2_analysis-12.csv;user-I051069;3;195747638;8;true;-0.266883858114865;0.0;Infinity;0;B
user-I051069_session-687ECC64E4980354EB0247A82F3E2C895961472A05E14D1ACBD44B5029F9DAA2_analysis-12.csv;user-I051069;3;-246493505;8;true;-0.2674898772292667;0.0;Infinity;0;B
user-I051069_session-687ECC64E4980354EB0247A82F3E2C895961472A05E14D1ACBD44B5029F9DAA2_analysis-12.csv;user-I051069;3;-677320159;10;true;-0.2674936180879976;0.0;Infinity;0;B
user-I051069_session-687ECC64E4980354EB0247A82F3E2C895961472A05E14D1ACBD44B5029F9DAA2_analysis-12.csv;user-I051069;3;1779548344;8;true;-0.2655154519911109;0.0;Infinity;0;B
user-I051069_session-687ECC64E4980354EB0247A82F3E2C895961472A05E14D1ACBD44B5029F9DAA2_analysis-12.csv;user-I051069;3;-13924008;8;true;-0.2674936180879976;0.0;Infinity;0;B
user-I051069_session-687ECC64E4980354EB0247A82F3E2C895961472A05E14D1ACBD44B5029F9DAA2_analysis-12.csv;user-I051069;3;807454077;9;true;0.551930264333988;0.0;Infinity;0;B
user-I051069_session-687ECC64E4980354EB0247A82F3E2C895961472A05E14D1ACBD44B5029F9DAA2_analysis-12.csv;user-I051069;3;-161915284;9;true;-0.2674898772292667;0.0;Infinity;0;B
user-I051069_session-687ECC64E4980354EB0247A82F3E2C895961472A05E14D1ACBD44B5029F9DAA2_analysis-12.csv;user-I051069;3;1271387993;8;true;-0.26670878592626;0.0;Infinity;0;B
user-I051069_session-687ECC64E4980354EB0247A82F3E2C895961472A05E14D1ACBD44B5029F9DAA2_analysis-12.csv;user-I051069;3;1293162378;8;true;-0.26748015099656647;0.0;Infinity;0;B
user-I051069_session-687ECC64E4980354EB0247A82F3E2C895961472A05E14D1ACBD44B5029F9DAA2_analysis-12.csv;user-I051069;3;786223911;9;true;-0.2655625868111199;0.0;Infinity;0;B
user-I051069_session-687ECC64E4980354EB0247A82F3E2C895961472A05E14D1ACBD44B5029F9DAA2_analysis-12.csv;user-I051069;3;-181126383;8;true;-0.2674936180879976;0.0;Infinity;0;B
user-I051069_session-687ECC64E4980354EB0247A82F3E2C895961472A05E14D1ACBD44B5029F9DAA2_analysis-12.csv;user-I051069;3;1066405291;10;true;-0.267422541772111;0.0;Infinity;0;B
user-I051069_session-687ECC64E4980354EB0247A82F3E2C895961472A05E14D1ACBD44B5029F9DAA2_analysis-12.csv;user-I051069;3;379876179;10;true;-0.26703947783806936;0.0;Infinity;0;B
user-I051069_session-687ECC64E4980354EB0247A82F3E2C895961472A05E14D1ACBD44B5029F9DAA2_analysis-12.csv;user-I051069;3;522597342;13;true;-0.2674936180879976;0.0;Infinity;0;B
user-I051069_session-687ECC64E4980354EB0247A82F3E2C895961472A05E14D1ACBD44B5029F9DAA2_analysis-12.csv;user-I051069;3;1770973716;13;true;-0.2674853881987897;0.0;Infinity;0;B
user-I051069_session-687ECC64E4980354EB0247A82F3E2C895961472A05E14D1ACBD44B5029F9DAA2_analysis-12.csv;user-I051069;3;-316676822;8;true;-0.26748464002704353;0.0;Infinity;0;B
user-I051069_session-687ECC64E4980354EB0247A82F3E2C895961472A05E14D1ACBD44B5029F9DAA2_analysis-12.csv;user-I051069;3;2059788172;8;true;-0.26028573148534756;0.0;Infinity;0;B
user-I051069_session-687ECC64E4980354EB0247A82F3E2C895961472A05E14D1ACBD44B5029F9DAA2_analysis-12.csv;user-I051069;3;1577162184;15;true;-0.2674936180879976;0.0;Infinity;0;B
user-I051069_session-687ECC64E4980354EB0247A82F3E2C895961472A05E14D1ACBD44B5029F9DAA2_analysis-12.csv;user-I051069;3;-111130382;9;true;-0.2674936180879976;0.0;Infinity;0;B
user-I051069_session-687ECC64E4980354EB0247A82F3E2C895961472A05E14D1ACBD44B5029F9DAA2_analysis-12.csv;user-I051069;3;-157838470;8;true;-0.26747491379434324;0.0;Infinity;0;B
user-I051069_session-687ECC64E4980354EB0247A82F3E2C895961472A05E14D1ACBD44B5029F9DAA2_analysis-12.csv;user-I051069;3;871040426;10;true;-0.122861545147922;0.0;Infinity;0;B
user-I051069_session-687ECC64E4980354EB0247A82F3E2C895961472A05E14D1ACBD44B5029F9DAA2_analysis-12.csv;user-I051069;3;1440349201;8;true;5.995842614794503;0.0;Infinity;0;B
user-I051069_session-687ECC64E4980354EB0247A82F3E2C895961472A05E14D1ACBD44B5029F9DAA2_analysis-12.csv;user-I051069;3;1309607456;9;true;0.38458893438226227;0.0;Infinity;0;B
user-I051069_session-687ECC64E4980354EB0247A82F3E2C895961472A05E14D1ACBD44B5029F9DAA2_analysis-12.csv;user-I051069;3;127556627;14;true;-0.2674936180879976;0.0;Infinity;0;B
user-I051069_session-687ECC64E4980354EB0247A82F3E2C895961472A05E14D1ACBD44B5029F9DAA2_analysis-12.csv;user-I051069;3;-783113439;10;true;-0.12094921816469867;0.0;Infinity;0;B
user-I051069_session-687ECC64E4980354EB0247A82F3E2C895961472A05E14D1ACBD44B5029F9DAA2_analysis-12.csv;user-I051069;3;805870322;8;true;-0.20067739212409227;0.0;Infinity;0;B
user-I051069_session-687ECC64E4980354EB0247A82F3E2C895961472A05E14D1ACBD44B5029F9DAA2_analysis-12.csv;user-I051069;3;787794983;8;true;0.35886155254654223;0.0;Infinity;0;B
user-I051069_session-687ECC64E4980354EB0247A82F3E2C895961472A05E14D1ACBD44B5029F9DAA2_analysis-12.csv;user-I051069;3;-1374933970;10;true;-0.26748688454228203;0.0;Infinity;0;B
user-I051069_session-687ECC64E4980354EB0247A82F3E2C895961472A05E14D1ACBD44B5029F9DAA2_analysis-12.csv;user-I051069;3;-1020704562;8;true;-0.2674913735727591;0.0;Infinity;0;B
user-I051069_session-687ECC64E4980354EB0247A82F3E2C895961472A05E14D1ACBD44B5029F9DAA2_analysis-12.csv;user-I051069;3;1933769703;9;true;-0.2674936180879976;0.0;Infinity;0;B
user-I051069_session-687ECC64E4980354EB0247A82F3E2C895961472A05E14D1ACBD44B5029F9DAA2_analysis-12.csv;user-I051069;3;331723644;13;true;-0.26738662952829456;0.0;Infinity;0;B
user-I051069_session-687ECC64E4980354EB0247A82F3E2C895961472A05E14D1ACBD44B5029F9DAA2_analysis-12.csv;user-I051069;3;-963622905;13;true;-0.22392682913648068;0.0;Infinity;0;B
user-I051069_session-687ECC64E4980354EB0247A82F3E2C895961472A05E14D1ACBD44B5029F9DAA2_analysis-12.csv;user-I051069;3;-9717223;10;true;-0.2671614298326959;0.0;Infinity;0;B
user-I051069_session-687ECC64E4980354EB0247A82F3E2C895961472A05E14D1ACBD44B5029F9DAA2_analysis-12.csv;user-I051069;3;-1941986064;8;true;-0.17007417501854974;0.0;Infinity;0;B
user-I051069_session-687ECC64E4980354EB0247A82F3E2C895961472A05E14D1ACBD44B5029F9DAA2_analysis-12.csv;user-I051069;3;-1462920634;8;true;-0.26724746958350604;0.0;Infinity;0;B
user-I051069_session-687ECC64E4980354EB0247A82F3E2C895961472A05E14D1ACBD44B5029F9DAA2_analysis-12.csv;user-I051069;3;-264511551;9;true;-0.2674704247638662;0.0;Infinity;0;B
user-I051069_session-687ECC64E4980354EB0247A82F3E2C895961472A05E14D1ACBD44B5029F9DAA2_analysis-12.csv;user-I051069;3;-1078881827;8;true;-0.2654675689993557;0.0;Infinity;0;B
user-I051069_session-687ECC64E4980354EB0247A82F3E2C895961472A05E14D1ACBD44B5029F9DAA2_analysis-12.csv;user-I051069;3;1474477934;9;true;-0.2672684183923989;0.0;Infinity;0;B
user-I051069_session-687ECC64E4980354EB0247A82F3E2C895961472A05E14D1ACBD44B5029F9DAA2_analysis-12.csv;user-I051069;3;1751314622;9;true;-0.2673769032955943;0.0;Infinity;0;B
user-I051069_session-687ECC64E4980354EB0247A82F3E2C895961472A05E14D1ACBD44B5029F9DAA2_analysis-12.csv;user-I051069;3;943708830;8;true;-0.2674936180879976;0.0;Infinity;0;B
user-I051069_session-687ECC64E4980354EB0247A82F3E2C895961472A05E14D1ACBD44B5029F9DAA2_analysis-12.csv;user-I051069;3;251934373;8;true;-0.12680066939153342;0.0;Infinity;0;B
user-I051069_session-687ECC64E4980354EB0247A82F3E2C895961472A05E14D1ACBD44B5029F9DAA2_analysis-12.csv;user-I051069;3;-1461362036;8;true;-0.26749286991625143;0.0;Infinity;0;B
user-I051069_session-687ECC64E4980354EB0247A82F3E2C895961472A05E14D1ACBD44B5029F9DAA2_analysis-12.csv;user-I051069;3;126418542;11;true;-0.26738438501305606;0.0;Infinity;0;B
user-I051069_session-687ECC64E4980354EB0247A82F3E2C895961472A05E14D1ACBD44B5029F9DAA2_analysis-12.csv;user-I051069;3;-886000411;8;true;-0.2608356377187862;0.0;Infinity;0;B
