session ;user;query position;cell hashcode;cell computation time;novelty;outlierness;relevance;surprise;query label;session label
user-I051911_session-547BFC0A9BECA12855B0C21A1D028732A75106E4BFAC87C9590A6616878B5C90_analysis-11.csv;user-I051911;1;-1932430166;3;true;1.1976118304584173;0.0;Infinity;1;B
user-I051911_session-547BFC0A9BECA12855B0C21A1D028732A75106E4BFAC87C9590A6616878B5C90_analysis-11.csv;user-I051911;1;1828983515;3;true;-0.7938479174489351;0.0;Infinity;1;B
user-I051911_session-547BFC0A9BECA12855B0C21A1D028732A75106E4BFAC87C9590A6616878B5C90_analysis-11.csv;user-I051911;1;938365628;3;true;-0.477128258783422;0.0;Infinity;1;B
user-I051911_session-547BFC0A9BECA12855B0C21A1D028732A75106E4BFAC87C9590A6616878B5C90_analysis-11.csv;user-I051911;1;-1426051237;3;true;-0.8866782249433975;0.0;Infinity;1;B
user-I051911_session-547BFC0A9BECA12855B0C21A1D028732A75106E4BFAC87C9590A6616878B5C90_analysis-11.csv;user-I051911;1;495467645;2;true;0.9600425707173373;0.0;Infinity;1;B
user-I051911_session-547BFC0A9BECA12855B0C21A1D028732A75106E4BFAC87C9590A6616878B5C90_analysis-11.csv;user-I051911;2;-1025028747;3;true;-0.3010234846248178;0.0;Infinity;1;B
user-I051911_session-547BFC0A9BECA12855B0C21A1D028732A75106E4BFAC87C9590A6616878B5C90_analysis-11.csv;user-I051911;2;-1345374096;5;true;-0.33643274164702736;0.0;Infinity;1;B
user-I051911_session-547BFC0A9BECA12855B0C21A1D028732A75106E4BFAC87C9590A6616878B5C90_analysis-11.csv;user-I051911;2;-1578146949;6;true;-0.35077524479498146;0.0;Infinity;1;B
user-I051911_session-547BFC0A9BECA12855B0C21A1D028732A75106E4BFAC87C9590A6616878B5C90_analysis-11.csv;user-I051911;2;618785809;5;true;-0.5459075236973029;0.0;Infinity;1;B
user-I051911_session-547BFC0A9BECA12855B0C21A1D028732A75106E4BFAC87C9590A6616878B5C90_analysis-11.csv;user-I051911;2;571241305;4;true;-0.5202598598701582;0.0;Infinity;1;B
user-I051911_session-547BFC0A9BECA12855B0C21A1D028732A75106E4BFAC87C9590A6616878B5C90_analysis-11.csv;user-I051911;2;1926240362;3;true;-0.5479603326534642;0.0;Infinity;1;B
user-I051911_session-547BFC0A9BECA12855B0C21A1D028732A75106E4BFAC87C9590A6616878B5C90_analysis-11.csv;user-I051911;2;-1705576743;4;true;1.3943251177126916;0.0;Infinity;1;B
user-I051911_session-547BFC0A9BECA12855B0C21A1D028732A75106E4BFAC87C9590A6616878B5C90_analysis-11.csv;user-I051911;2;1696306805;6;true;-0.43866579627746555;0.0;Infinity;1;B
user-I051911_session-547BFC0A9BECA12855B0C21A1D028732A75106E4BFAC87C9590A6616878B5C90_analysis-11.csv;user-I051911;2;1003158696;3;true;-0.4121128142778131;0.0;Infinity;1;B
user-I051911_session-547BFC0A9BECA12855B0C21A1D028732A75106E4BFAC87C9590A6616878B5C90_analysis-11.csv;user-I051911;2;-1463507536;5;true;-0.6013854213085781;0.0;Infinity;1;B
user-I051911_session-547BFC0A9BECA12855B0C21A1D028732A75106E4BFAC87C9590A6616878B5C90_analysis-11.csv;user-I051911;2;-1417755117;5;true;-0.4859867771544459;0.0;Infinity;1;B
user-I051911_session-547BFC0A9BECA12855B0C21A1D028732A75106E4BFAC87C9590A6616878B5C90_analysis-11.csv;user-I051911;2;-1994002015;3;true;-0.5318841452051578;0.0;Infinity;1;B
user-I051911_session-547BFC0A9BECA12855B0C21A1D028732A75106E4BFAC87C9590A6616878B5C90_analysis-11.csv;user-I051911;2;350605775;4;true;-0.5661957039432017;0.0;Infinity;1;B
user-I051911_session-547BFC0A9BECA12855B0C21A1D028732A75106E4BFAC87C9590A6616878B5C90_analysis-11.csv;user-I051911;2;1794975140;3;true;0.2861432491093992;0.0;Infinity;1;B
user-I051911_session-547BFC0A9BECA12855B0C21A1D028732A75106E4BFAC87C9590A6616878B5C90_analysis-11.csv;user-I051911;2;-1562024468;3;true;-0.5898177183593603;0.0;Infinity;1;B
user-I051911_session-547BFC0A9BECA12855B0C21A1D028732A75106E4BFAC87C9590A6616878B5C90_analysis-11.csv;user-I051911;2;-1950398193;4;true;-0.312930681888726;0.0;Infinity;1;B
user-I051911_session-547BFC0A9BECA12855B0C21A1D028732A75106E4BFAC87C9590A6616878B5C90_analysis-11.csv;user-I051911;2;-996657663;3;true;-0.6122628191512588;0.0;Infinity;1;B
user-I051911_session-547BFC0A9BECA12855B0C21A1D028732A75106E4BFAC87C9590A6616878B5C90_analysis-11.csv;user-I051911;2;1371871151;3;true;-0.10806396933651496;0.0;Infinity;1;B
user-I051911_session-547BFC0A9BECA12855B0C21A1D028732A75106E4BFAC87C9590A6616878B5C90_analysis-11.csv;user-I051911;2;1280614737;3;true;-0.0157939411945246;0.0;Infinity;1;B
user-I051911_session-547BFC0A9BECA12855B0C21A1D028732A75106E4BFAC87C9590A6616878B5C90_analysis-11.csv;user-I051911;2;-1848108966;3;true;3.1121256107283934;0.0;Infinity;1;B
user-I051911_session-547BFC0A9BECA12855B0C21A1D028732A75106E4BFAC87C9590A6616878B5C90_analysis-11.csv;user-I051911;2;429573997;4;true;1.3575556201362893;0.0;Infinity;1;B
user-I051911_session-547BFC0A9BECA12855B0C21A1D028732A75106E4BFAC87C9590A6616878B5C90_analysis-11.csv;user-I051911;2;1003080599;4;true;-0.379815588473599;0.0;Infinity;1;B
user-I051911_session-547BFC0A9BECA12855B0C21A1D028732A75106E4BFAC87C9590A6616878B5C90_analysis-11.csv;user-I051911;2;-1307876463;3;true;-0.3979174253328915;0.0;Infinity;1;B
user-I051911_session-547BFC0A9BECA12855B0C21A1D028732A75106E4BFAC87C9590A6616878B5C90_analysis-11.csv;user-I051911;2;734815350;3;true;-0.5436917574700901;0.0;Infinity;1;B
user-I051911_session-547BFC0A9BECA12855B0C21A1D028732A75106E4BFAC87C9590A6616878B5C90_analysis-11.csv;user-I051911;2;92729137;3;true;-0.4433281848658805;0.0;Infinity;1;B
user-I051911_session-547BFC0A9BECA12855B0C21A1D028732A75106E4BFAC87C9590A6616878B5C90_analysis-11.csv;user-I051911;2;1798342657;4;true;-0.5281564976298571;0.0;Infinity;1;B
user-I051911_session-547BFC0A9BECA12855B0C21A1D028732A75106E4BFAC87C9590A6616878B5C90_analysis-11.csv;user-I051911;2;-928918933;3;true;-0.5245420148261198;0.0;Infinity;1;B
user-I051911_session-547BFC0A9BECA12855B0C21A1D028732A75106E4BFAC87C9590A6616878B5C90_analysis-11.csv;user-I051911;2;1071938505;4;true;1.0641510536082508;0.0;Infinity;1;B
user-I051911_session-547BFC0A9BECA12855B0C21A1D028732A75106E4BFAC87C9590A6616878B5C90_analysis-11.csv;user-I051911;2;1749358919;5;true;-0.4159762595789899;0.0;Infinity;1;B
user-I051911_session-547BFC0A9BECA12855B0C21A1D028732A75106E4BFAC87C9590A6616878B5C90_analysis-11.csv;user-I051911;2;-591555183;5;true;-0.22032342272747654;0.0;Infinity;1;B
user-I051911_session-547BFC0A9BECA12855B0C21A1D028732A75106E4BFAC87C9590A6616878B5C90_analysis-11.csv;user-I051911;2;-627591479;4;true;2.4565937751972533;0.0;Infinity;1;B
user-I051911_session-547BFC0A9BECA12855B0C21A1D028732A75106E4BFAC87C9590A6616878B5C90_analysis-11.csv;user-I051911;2;1081960595;5;true;-0.48520594023065794;0.0;Infinity;1;B
user-I051911_session-547BFC0A9BECA12855B0C21A1D028732A75106E4BFAC87C9590A6616878B5C90_analysis-11.csv;user-I051911;2;512718861;3;true;-0.13356451896062713;0.0;Infinity;1;B
user-I051911_session-547BFC0A9BECA12855B0C21A1D028732A75106E4BFAC87C9590A6616878B5C90_analysis-11.csv;user-I051911;2;473566264;3;true;-0.3824998568550844;0.0;Infinity;1;B
user-I051911_session-547BFC0A9BECA12855B0C21A1D028732A75106E4BFAC87C9590A6616878B5C90_analysis-11.csv;user-I051911;2;-678874322;4;true;-0.5917302029987829;0.0;Infinity;1;B
user-I051911_session-547BFC0A9BECA12855B0C21A1D028732A75106E4BFAC87C9590A6616878B5C90_analysis-11.csv;user-I051911;2;-283843971;3;true;-0.4146861811831664;0.0;Infinity;1;B
user-I051911_session-547BFC0A9BECA12855B0C21A1D028732A75106E4BFAC87C9590A6616878B5C90_analysis-11.csv;user-I051911;2;1214101365;3;true;-0.5123451157470091;0.0;Infinity;1;B
user-I051911_session-547BFC0A9BECA12855B0C21A1D028732A75106E4BFAC87C9590A6616878B5C90_analysis-11.csv;user-I051911;2;-897841200;3;true;-0.2690544366581377;0.0;Infinity;1;B
user-I051911_session-547BFC0A9BECA12855B0C21A1D028732A75106E4BFAC87C9590A6616878B5C90_analysis-11.csv;user-I051911;2;-1853839831;4;true;1.4392741649777017;0.0;Infinity;1;B
user-I051911_session-547BFC0A9BECA12855B0C21A1D028732A75106E4BFAC87C9590A6616878B5C90_analysis-11.csv;user-I051911;2;-833510251;3;true;-0.6050157471803342;0.0;Infinity;1;B
user-I051911_session-547BFC0A9BECA12855B0C21A1D028732A75106E4BFAC87C9590A6616878B5C90_analysis-11.csv;user-I051911;2;1450332468;3;true;0.1356771055431791;0.0;Infinity;1;B
user-I051911_session-547BFC0A9BECA12855B0C21A1D028732A75106E4BFAC87C9590A6616878B5C90_analysis-11.csv;user-I051911;2;1293412054;4;true;-0.494288544796342;0.0;Infinity;1;B
user-I051911_session-547BFC0A9BECA12855B0C21A1D028732A75106E4BFAC87C9590A6616878B5C90_analysis-11.csv;user-I051911;2;39836820;5;true;-0.42901736785396416;0.0;Infinity;1;B
user-I051911_session-547BFC0A9BECA12855B0C21A1D028732A75106E4BFAC87C9590A6616878B5C90_analysis-11.csv;user-I051911;2;1744618306;3;true;-0.5260154201518763;0.0;Infinity;1;B
user-I051911_session-547BFC0A9BECA12855B0C21A1D028732A75106E4BFAC87C9590A6616878B5C90_analysis-11.csv;user-I051911;2;1812679580;3;true;1.5183265478010788;0.0;Infinity;1;B
user-I051911_session-547BFC0A9BECA12855B0C21A1D028732A75106E4BFAC87C9590A6616878B5C90_analysis-11.csv;user-I051911;2;-18582297;4;true;0.12248888306517239;0.0;Infinity;1;B
user-I051911_session-547BFC0A9BECA12855B0C21A1D028732A75106E4BFAC87C9590A6616878B5C90_analysis-11.csv;user-I051911;2;-395026010;3;true;-0.586076491011472;0.0;Infinity;1;B
user-I051911_session-547BFC0A9BECA12855B0C21A1D028732A75106E4BFAC87C9590A6616878B5C90_analysis-11.csv;user-I051911;2;-2056211866;3;true;-0.5458532046069524;0.0;Infinity;1;B
user-I051911_session-547BFC0A9BECA12855B0C21A1D028732A75106E4BFAC87C9590A6616878B5C90_analysis-11.csv;user-I051911;2;-954899996;4;true;2.758103202664667;0.0;Infinity;1;B
user-I051911_session-547BFC0A9BECA12855B0C21A1D028732A75106E4BFAC87C9590A6616878B5C90_analysis-11.csv;user-I051911;2;635859642;4;true;-0.6235770330121745;0.0;Infinity;1;B
user-I051911_session-547BFC0A9BECA12855B0C21A1D028732A75106E4BFAC87C9590A6616878B5C90_analysis-11.csv;user-I051911;2;-777485605;4;true;-0.5294375228439556;0.0;Infinity;1;B
user-I051911_session-547BFC0A9BECA12855B0C21A1D028732A75106E4BFAC87C9590A6616878B5C90_analysis-11.csv;user-I051911;2;-1567476630;4;true;-0.5348920648333148;0.0;Infinity;1;B
user-I051911_session-547BFC0A9BECA12855B0C21A1D028732A75106E4BFAC87C9590A6616878B5C90_analysis-11.csv;user-I051911;2;1069526477;5;true;-0.1429413519323762;0.0;Infinity;1;B
user-I051911_session-547BFC0A9BECA12855B0C21A1D028732A75106E4BFAC87C9590A6616878B5C90_analysis-11.csv;user-I051911;2;-1971730877;3;true;0.21449410564170424;0.0;Infinity;1;B
user-I051911_session-547BFC0A9BECA12855B0C21A1D028732A75106E4BFAC87C9590A6616878B5C90_analysis-11.csv;user-I051911;2;1075077355;4;true;0.17709088534454634;0.0;Infinity;1;B
user-I051911_session-547BFC0A9BECA12855B0C21A1D028732A75106E4BFAC87C9590A6616878B5C90_analysis-11.csv;user-I051911;2;1660820403;5;true;-0.29236185300934986;0.0;Infinity;1;B
user-I051911_session-547BFC0A9BECA12855B0C21A1D028732A75106E4BFAC87C9590A6616878B5C90_analysis-11.csv;user-I051911;2;621690033;5;true;-0.541303980790101;0.0;Infinity;1;B
user-I051911_session-547BFC0A9BECA12855B0C21A1D028732A75106E4BFAC87C9590A6616878B5C90_analysis-11.csv;user-I051911;2;-577512918;3;true;0.09172164497249634;0.0;Infinity;1;B
user-I051911_session-547BFC0A9BECA12855B0C21A1D028732A75106E4BFAC87C9590A6616878B5C90_analysis-11.csv;user-I051911;2;50191213;3;true;-0.6018652399400072;0.0;Infinity;1;B
user-I051911_session-547BFC0A9BECA12855B0C21A1D028732A75106E4BFAC87C9590A6616878B5C90_analysis-11.csv;user-I051911;2;1080619287;4;true;-0.5251214184565248;0.0;Infinity;1;B
user-I051911_session-547BFC0A9BECA12855B0C21A1D028732A75106E4BFAC87C9590A6616878B5C90_analysis-11.csv;user-I051911;2;1076123306;3;true;-0.6074510530643801;0.0;Infinity;1;B
user-I051911_session-547BFC0A9BECA12855B0C21A1D028732A75106E4BFAC87C9590A6616878B5C90_analysis-11.csv;user-I051911;2;-546846326;3;true;-0.35656475450816855;0.0;Infinity;1;B
user-I051911_session-547BFC0A9BECA12855B0C21A1D028732A75106E4BFAC87C9590A6616878B5C90_analysis-11.csv;user-I051911;2;1217110243;3;true;-0.25337658920573464;0.0;Infinity;1;B
user-I051911_session-547BFC0A9BECA12855B0C21A1D028732A75106E4BFAC87C9590A6616878B5C90_analysis-11.csv;user-I051911;2;316117431;3;true;-0.5763081079301133;0.0;Infinity;1;B
user-I051911_session-547BFC0A9BECA12855B0C21A1D028732A75106E4BFAC87C9590A6616878B5C90_analysis-11.csv;user-I051911;2;777640596;3;true;0.7440848668998593;0.0;Infinity;1;B
user-I051911_session-547BFC0A9BECA12855B0C21A1D028732A75106E4BFAC87C9590A6616878B5C90_analysis-11.csv;user-I051911;2;196535208;4;true;0.1522376382137772;0.0;Infinity;1;B
user-I051911_session-547BFC0A9BECA12855B0C21A1D028732A75106E4BFAC87C9590A6616878B5C90_analysis-11.csv;user-I051911;2;-1035118267;3;true;1.1419903100804676;0.0;Infinity;1;B
user-I051911_session-547BFC0A9BECA12855B0C21A1D028732A75106E4BFAC87C9590A6616878B5C90_analysis-11.csv;user-I051911;2;196568808;3;true;-0.12177727635457618;0.0;Infinity;1;B
user-I051911_session-547BFC0A9BECA12855B0C21A1D028732A75106E4BFAC87C9590A6616878B5C90_analysis-11.csv;user-I051911;2;1073351554;3;true;-0.5888920305279711;0.0;Infinity;1;B
user-I051911_session-547BFC0A9BECA12855B0C21A1D028732A75106E4BFAC87C9590A6616878B5C90_analysis-11.csv;user-I051911;2;-726023476;3;true;3.451119737128491;0.0;Infinity;1;B
user-I051911_session-547BFC0A9BECA12855B0C21A1D028732A75106E4BFAC87C9590A6616878B5C90_analysis-11.csv;user-I051911;2;1926671107;4;true;-0.5574163809653078;0.0;Infinity;1;B
user-I051911_session-547BFC0A9BECA12855B0C21A1D028732A75106E4BFAC87C9590A6616878B5C90_analysis-11.csv;user-I051911;2;1804144847;4;true;0.7783964256379032;0.0;Infinity;1;B
user-I051911_session-547BFC0A9BECA12855B0C21A1D028732A75106E4BFAC87C9590A6616878B5C90_analysis-11.csv;user-I051911;2;1074382707;3;true;-0.3009850086024862;0.0;Infinity;1;B
user-I051911_session-547BFC0A9BECA12855B0C21A1D028732A75106E4BFAC87C9590A6616878B5C90_analysis-11.csv;user-I051911;2;759540867;4;true;-0.4150845211790698;0.0;Infinity;1;B
user-I051911_session-547BFC0A9BECA12855B0C21A1D028732A75106E4BFAC87C9590A6616878B5C90_analysis-11.csv;user-I051911;2;2044215619;3;true;-0.5835212304695688;0.0;Infinity;1;B
user-I051911_session-547BFC0A9BECA12855B0C21A1D028732A75106E4BFAC87C9590A6616878B5C90_analysis-11.csv;user-I051911;2;-821009408;4;true;-0.4998404084892458;0.0;Infinity;1;B
user-I051911_session-547BFC0A9BECA12855B0C21A1D028732A75106E4BFAC87C9590A6616878B5C90_analysis-11.csv;user-I051911;2;-1854009922;3;true;-0.4825737276440916;0.0;Infinity;1;B
user-I051911_session-547BFC0A9BECA12855B0C21A1D028732A75106E4BFAC87C9590A6616878B5C90_analysis-11.csv;user-I051911;2;1143847374;3;true;-0.43362770064745987;0.0;Infinity;1;B
user-I051911_session-547BFC0A9BECA12855B0C21A1D028732A75106E4BFAC87C9590A6616878B5C90_analysis-11.csv;user-I051911;2;1081054447;3;true;0.6802803053969441;0.0;5.604119980113013;1;B
user-I051911_session-547BFC0A9BECA12855B0C21A1D028732A75106E4BFAC87C9590A6616878B5C90_analysis-11.csv;user-I051911;2;116399818;4;true;-0.6140168731104926;0.0;Infinity;1;B
user-I051911_session-547BFC0A9BECA12855B0C21A1D028732A75106E4BFAC87C9590A6616878B5C90_analysis-11.csv;user-I051911;2;-983669401;3;true;6.723270053704481;0.0;Infinity;1;B
user-I051911_session-547BFC0A9BECA12855B0C21A1D028732A75106E4BFAC87C9590A6616878B5C90_analysis-11.csv;user-I051911;2;1078778555;3;true;2.0224665519346097;0.0;Infinity;1;B
user-I051911_session-547BFC0A9BECA12855B0C21A1D028732A75106E4BFAC87C9590A6616878B5C90_analysis-11.csv;user-I051911;2;2056562925;3;true;-0.4524039995452707;0.0;Infinity;1;B
user-I051911_session-547BFC0A9BECA12855B0C21A1D028732A75106E4BFAC87C9590A6616878B5C90_analysis-11.csv;user-I051911;2;1072310060;4;true;1.7089005497048237;0.0;Infinity;1;B
user-I051911_session-547BFC0A9BECA12855B0C21A1D028732A75106E4BFAC87C9590A6616878B5C90_analysis-11.csv;user-I051911;2;-509707012;5;true;0.5122736222383861;0.0;Infinity;1;B
user-I051911_session-547BFC0A9BECA12855B0C21A1D028732A75106E4BFAC87C9590A6616878B5C90_analysis-11.csv;user-I051911;2;448246076;4;true;0.6863414105618835;0.0;Infinity;1;B
user-I051911_session-547BFC0A9BECA12855B0C21A1D028732A75106E4BFAC87C9590A6616878B5C90_analysis-11.csv;user-I051911;2;1003430385;4;true;0.07890233964978655;0.0;Infinity;1;B
user-I051911_session-547BFC0A9BECA12855B0C21A1D028732A75106E4BFAC87C9590A6616878B5C90_analysis-11.csv;user-I051911;2;-68986718;3;true;0.27902971156891954;0.0;Infinity;1;B
user-I051911_session-547BFC0A9BECA12855B0C21A1D028732A75106E4BFAC87C9590A6616878B5C90_analysis-11.csv;user-I051911;2;468752871;4;true;-0.5373545302625359;0.0;Infinity;1;B
user-I051911_session-547BFC0A9BECA12855B0C21A1D028732A75106E4BFAC87C9590A6616878B5C90_analysis-11.csv;user-I051911;2;-1304827976;4;true;-0.5644235436205177;0.0;Infinity;1;B
user-I051911_session-547BFC0A9BECA12855B0C21A1D028732A75106E4BFAC87C9590A6616878B5C90_analysis-11.csv;user-I051911;2;-624448390;3;true;-0.5701157316301603;0.0;Infinity;1;B
user-I051911_session-547BFC0A9BECA12855B0C21A1D028732A75106E4BFAC87C9590A6616878B5C90_analysis-11.csv;user-I051911;2;-1708192764;5;true;-0.5575340723277338;0.0;Infinity;1;B
user-I051911_session-547BFC0A9BECA12855B0C21A1D028732A75106E4BFAC87C9590A6616878B5C90_analysis-11.csv;user-I051911;2;1003359607;3;true;-0.6022613166404793;0.0;Infinity;1;B
user-I051911_session-547BFC0A9BECA12855B0C21A1D028732A75106E4BFAC87C9590A6616878B5C90_analysis-11.csv;user-I051911;2;-1149575153;4;true;-0.5244763792586131;0.0;Infinity;1;B
user-I051911_session-547BFC0A9BECA12855B0C21A1D028732A75106E4BFAC87C9590A6616878B5C90_analysis-11.csv;user-I051911;2;-1026470032;4;true;1.0494894258044878;0.0;Infinity;1;B
user-I051911_session-547BFC0A9BECA12855B0C21A1D028732A75106E4BFAC87C9590A6616878B5C90_analysis-11.csv;user-I051911;2;2028687741;3;true;-0.4971629299940541;0.0;Infinity;1;B
user-I051911_session-547BFC0A9BECA12855B0C21A1D028732A75106E4BFAC87C9590A6616878B5C90_analysis-11.csv;user-I051911;2;-1181677695;3;true;1.375836257334652;0.0;Infinity;1;B
user-I051911_session-547BFC0A9BECA12855B0C21A1D028732A75106E4BFAC87C9590A6616878B5C90_analysis-11.csv;user-I051911;2;136732;4;true;1.8286107716555242;0.0;6.962243464266207;1;B
user-I051911_session-547BFC0A9BECA12855B0C21A1D028732A75106E4BFAC87C9590A6616878B5C90_analysis-11.csv;user-I051911;2;-1031548187;5;true;1.9830241024538782;0.0;Infinity;1;B
user-I051911_session-547BFC0A9BECA12855B0C21A1D028732A75106E4BFAC87C9590A6616878B5C90_analysis-11.csv;user-I051911;2;-1069434870;4;true;-0.43909129581854417;0.0;Infinity;1;B
user-I051911_session-547BFC0A9BECA12855B0C21A1D028732A75106E4BFAC87C9590A6616878B5C90_analysis-11.csv;user-I051911;2;-501800765;4;true;-0.5632896326094518;0.0;Infinity;1;B
user-I051911_session-547BFC0A9BECA12855B0C21A1D028732A75106E4BFAC87C9590A6616878B5C90_analysis-11.csv;user-I051911;2;230372649;4;true;-0.5991221258773087;0.0;Infinity;1;B
user-I051911_session-547BFC0A9BECA12855B0C21A1D028732A75106E4BFAC87C9590A6616878B5C90_analysis-11.csv;user-I051911;2;875178989;4;true;-0.08669619716990068;0.0;Infinity;1;B
user-I051911_session-547BFC0A9BECA12855B0C21A1D028732A75106E4BFAC87C9590A6616878B5C90_analysis-11.csv;user-I051911;2;630073327;3;true;-0.5507917152379822;0.0;Infinity;1;B
user-I051911_session-547BFC0A9BECA12855B0C21A1D028732A75106E4BFAC87C9590A6616878B5C90_analysis-11.csv;user-I051911;2;913177094;4;true;-0.6062537697812386;0.0;Infinity;1;B
user-I051911_session-547BFC0A9BECA12855B0C21A1D028732A75106E4BFAC87C9590A6616878B5C90_analysis-11.csv;user-I051911;2;-1073144081;3;true;-0.3726907344559629;0.0;Infinity;1;B
user-I051911_session-547BFC0A9BECA12855B0C21A1D028732A75106E4BFAC87C9590A6616878B5C90_analysis-11.csv;user-I051911;2;-1152938029;3;true;0.46994999767364865;0.0;Infinity;1;B
user-I051911_session-547BFC0A9BECA12855B0C21A1D028732A75106E4BFAC87C9590A6616878B5C90_analysis-11.csv;user-I051911;2;-1175191970;4;true;-0.59489881660256;0.0;Infinity;1;B
user-I051911_session-547BFC0A9BECA12855B0C21A1D028732A75106E4BFAC87C9590A6616878B5C90_analysis-11.csv;user-I051911;2;1709275538;3;true;0.315833158576791;0.0;Infinity;1;B
user-I051911_session-547BFC0A9BECA12855B0C21A1D028732A75106E4BFAC87C9590A6616878B5C90_analysis-11.csv;user-I051911;2;1132170913;3;true;-0.28708837465449216;0.0;Infinity;1;B
user-I051911_session-547BFC0A9BECA12855B0C21A1D028732A75106E4BFAC87C9590A6616878B5C90_analysis-11.csv;user-I051911;2;-389169290;4;true;-0.5078004185210202;0.0;Infinity;1;B
user-I051911_session-547BFC0A9BECA12855B0C21A1D028732A75106E4BFAC87C9590A6616878B5C90_analysis-11.csv;user-I051911;2;1500583498;5;true;1.0246112824239746;0.0;Infinity;1;B
user-I051911_session-547BFC0A9BECA12855B0C21A1D028732A75106E4BFAC87C9590A6616878B5C90_analysis-11.csv;user-I051911;2;-2092390746;4;true;-0.35945950936476206;0.0;Infinity;1;B
user-I051911_session-547BFC0A9BECA12855B0C21A1D028732A75106E4BFAC87C9590A6616878B5C90_analysis-11.csv;user-I051911;2;-686904356;5;true;0.14289928126435972;0.0;Infinity;1;B
user-I051911_session-547BFC0A9BECA12855B0C21A1D028732A75106E4BFAC87C9590A6616878B5C90_analysis-11.csv;user-I051911;2;1829580861;3;true;-0.4783051524607176;0.0;Infinity;1;B
user-I051911_session-547BFC0A9BECA12855B0C21A1D028732A75106E4BFAC87C9590A6616878B5C90_analysis-11.csv;user-I051911;2;-193883673;4;true;0.520681764765552;0.0;Infinity;1;B
user-I051911_session-547BFC0A9BECA12855B0C21A1D028732A75106E4BFAC87C9590A6616878B5C90_analysis-11.csv;user-I051911;2;-1389810941;4;true;-0.6140100832241987;0.0;Infinity;1;B
user-I051911_session-547BFC0A9BECA12855B0C21A1D028732A75106E4BFAC87C9590A6616878B5C90_analysis-11.csv;user-I051911;2;1414033727;3;true;-0.6134601024344003;0.0;Infinity;1;B
user-I051911_session-547BFC0A9BECA12855B0C21A1D028732A75106E4BFAC87C9590A6616878B5C90_analysis-11.csv;user-I051911;2;436641858;3;true;-0.41109659462917314;0.0;Infinity;1;B
user-I051911_session-547BFC0A9BECA12855B0C21A1D028732A75106E4BFAC87C9590A6616878B5C90_analysis-11.csv;user-I051911;2;608111986;3;true;-0.5357023245977093;0.0;Infinity;1;B
user-I051911_session-547BFC0A9BECA12855B0C21A1D028732A75106E4BFAC87C9590A6616878B5C90_analysis-11.csv;user-I051911;2;1475891039;4;true;4.062069179254487;0.0;Infinity;1;B
user-I051911_session-547BFC0A9BECA12855B0C21A1D028732A75106E4BFAC87C9590A6616878B5C90_analysis-11.csv;user-I051911;2;1639793776;3;true;0.04004155709489117;0.0;Infinity;1;B
user-I051911_session-547BFC0A9BECA12855B0C21A1D028732A75106E4BFAC87C9590A6616878B5C90_analysis-11.csv;user-I051911;2;1939086048;3;true;-0.5920448010637294;0.0;Infinity;1;B
user-I051911_session-547BFC0A9BECA12855B0C21A1D028732A75106E4BFAC87C9590A6616878B5C90_analysis-11.csv;user-I051911;2;-1790637500;4;true;-0.17579987500354516;0.0;Infinity;1;B
user-I051911_session-547BFC0A9BECA12855B0C21A1D028732A75106E4BFAC87C9590A6616878B5C90_analysis-11.csv;user-I051911;2;-2058092308;5;true;-0.48858956690040567;0.0;Infinity;1;B
user-I051911_session-547BFC0A9BECA12855B0C21A1D028732A75106E4BFAC87C9590A6616878B5C90_analysis-11.csv;user-I051911;2;-1819978646;4;true;-0.54091016738506;0.0;Infinity;1;B
user-I051911_session-547BFC0A9BECA12855B0C21A1D028732A75106E4BFAC87C9590A6616878B5C90_analysis-11.csv;user-I051911;2;1069734009;4;true;-0.5775529204173114;0.0;Infinity;1;B
user-I051911_session-547BFC0A9BECA12855B0C21A1D028732A75106E4BFAC87C9590A6616878B5C90_analysis-11.csv;user-I051911;2;1081206037;4;true;-0.5747192745373622;0.0;Infinity;1;B
user-I051911_session-547BFC0A9BECA12855B0C21A1D028732A75106E4BFAC87C9590A6616878B5C90_analysis-11.csv;user-I051911;2;526567908;3;true;-0.6136705889095083;0.0;Infinity;1;B
user-I051911_session-547BFC0A9BECA12855B0C21A1D028732A75106E4BFAC87C9590A6616878B5C90_analysis-11.csv;user-I051911;2;-671507334;4;true;-0.5046431213943995;0.0;Infinity;1;B
user-I051911_session-547BFC0A9BECA12855B0C21A1D028732A75106E4BFAC87C9590A6616878B5C90_analysis-11.csv;user-I051911;2;474040741;3;true;-0.33789709379105864;0.0;Infinity;1;B
user-I051911_session-547BFC0A9BECA12855B0C21A1D028732A75106E4BFAC87C9590A6616878B5C90_analysis-11.csv;user-I051911;2;852785433;4;true;-0.5630135105668369;0.0;Infinity;1;B
user-I051911_session-547BFC0A9BECA12855B0C21A1D028732A75106E4BFAC87C9590A6616878B5C90_analysis-11.csv;user-I051911;2;-1913350209;3;true;-0.6072496197709971;0.0;Infinity;1;B
user-I051911_session-547BFC0A9BECA12855B0C21A1D028732A75106E4BFAC87C9590A6616878B5C90_analysis-11.csv;user-I051911;2;-992599013;3;true;-0.1989239644248245;0.0;Infinity;1;B
user-I051911_session-547BFC0A9BECA12855B0C21A1D028732A75106E4BFAC87C9590A6616878B5C90_analysis-11.csv;user-I051911;2;-1328337552;4;true;-0.5292360895505726;0.0;Infinity;1;B
user-I051911_session-547BFC0A9BECA12855B0C21A1D028732A75106E4BFAC87C9590A6616878B5C90_analysis-11.csv;user-I051911;2;-356107098;4;true;1.424220987064329;0.0;Infinity;1;B
user-I051911_session-547BFC0A9BECA12855B0C21A1D028732A75106E4BFAC87C9590A6616878B5C90_analysis-11.csv;user-I051911;2;1077847349;4;true;-0.21962859103007684;0.0;Infinity;1;B
user-I051911_session-547BFC0A9BECA12855B0C21A1D028732A75106E4BFAC87C9590A6616878B5C90_analysis-11.csv;user-I051911;2;-251642117;5;true;-0.4223836489449136;0.0;Infinity;1;B
user-I051911_session-547BFC0A9BECA12855B0C21A1D028732A75106E4BFAC87C9590A6616878B5C90_analysis-11.csv;user-I051911;2;1076233951;4;true;-0.6028678798160596;0.0;Infinity;1;B
user-I051911_session-547BFC0A9BECA12855B0C21A1D028732A75106E4BFAC87C9590A6616878B5C90_analysis-11.csv;user-I051911;2;2018550395;4;true;1.4953337295148132;0.0;Infinity;1;B
user-I051911_session-547BFC0A9BECA12855B0C21A1D028732A75106E4BFAC87C9590A6616878B5C90_analysis-11.csv;user-I051911;2;-1395895594;4;true;-0.5129086763093952;0.0;Infinity;1;B
user-I051911_session-547BFC0A9BECA12855B0C21A1D028732A75106E4BFAC87C9590A6616878B5C90_analysis-11.csv;user-I051911;2;-350138353;3;true;-0.61663324262904;0.0;Infinity;1;B
user-I051911_session-547BFC0A9BECA12855B0C21A1D028732A75106E4BFAC87C9590A6616878B5C90_analysis-11.csv;user-I051911;2;1178475036;3;true;-0.620381259863222;0.0;Infinity;1;B
user-I051911_session-547BFC0A9BECA12855B0C21A1D028732A75106E4BFAC87C9590A6616878B5C90_analysis-11.csv;user-I051911;2;-762399134;4;true;-0.6039429451459125;0.0;Infinity;1;B
user-I051911_session-547BFC0A9BECA12855B0C21A1D028732A75106E4BFAC87C9590A6616878B5C90_analysis-11.csv;user-I051911;2;-1140939035;3;true;-0.60146011005781;0.0;Infinity;1;B
user-I051911_session-547BFC0A9BECA12855B0C21A1D028732A75106E4BFAC87C9590A6616878B5C90_analysis-11.csv;user-I051911;2;72070582;3;true;1.5411926215431935;0.0;Infinity;1;B
user-I051911_session-547BFC0A9BECA12855B0C21A1D028732A75106E4BFAC87C9590A6616878B5C90_analysis-11.csv;user-I051911;2;756721159;4;true;0.8330527470076277;0.0;Infinity;1;B
user-I051911_session-547BFC0A9BECA12855B0C21A1D028732A75106E4BFAC87C9590A6616878B5C90_analysis-11.csv;user-I051911;2;916047800;4;true;-0.555435997462947;0.0;Infinity;1;B
user-I051911_session-547BFC0A9BECA12855B0C21A1D028732A75106E4BFAC87C9590A6616878B5C90_analysis-11.csv;user-I051911;2;1071762525;3;true;-0.5832586881995416;0.0;Infinity;1;B
user-I051911_session-547BFC0A9BECA12855B0C21A1D028732A75106E4BFAC87C9590A6616878B5C90_analysis-11.csv;user-I051911;2;1070456875;3;true;-0.6082499963516181;0.0;Infinity;1;B
user-I051911_session-547BFC0A9BECA12855B0C21A1D028732A75106E4BFAC87C9590A6616878B5C90_analysis-11.csv;user-I051911;2;942701074;3;true;-0.5992488704214598;0.0;Infinity;1;B
user-I051911_session-547BFC0A9BECA12855B0C21A1D028732A75106E4BFAC87C9590A6616878B5C90_analysis-11.csv;user-I051911;2;-584893774;3;true;-0.4792534732464195;0.0;Infinity;1;B
user-I051911_session-547BFC0A9BECA12855B0C21A1D028732A75106E4BFAC87C9590A6616878B5C90_analysis-11.csv;user-I051911;2;1003453022;5;true;-0.4282817968388016;0.0;Infinity;1;B
user-I051911_session-547BFC0A9BECA12855B0C21A1D028732A75106E4BFAC87C9590A6616878B5C90_analysis-11.csv;user-I051911;2;-1040764705;4;true;-0.558090843003826;0.0;Infinity;1;B
user-I051911_session-547BFC0A9BECA12855B0C21A1D028732A75106E4BFAC87C9590A6616878B5C90_analysis-11.csv;user-I051911;2;1656215588;3;true;0.34663887269179866;0.0;Infinity;1;B
user-I051911_session-547BFC0A9BECA12855B0C21A1D028732A75106E4BFAC87C9590A6616878B5C90_analysis-11.csv;user-I051911;2;-1512321145;4;true;-0.5738479057963235;0.0;Infinity;1;B
user-I051911_session-547BFC0A9BECA12855B0C21A1D028732A75106E4BFAC87C9590A6616878B5C90_analysis-11.csv;user-I051911;2;-1260649220;3;true;0.46520386715427675;0.0;Infinity;1;B
user-I051911_session-547BFC0A9BECA12855B0C21A1D028732A75106E4BFAC87C9590A6616878B5C90_analysis-11.csv;user-I051911;2;-804771502;5;true;1.8971433573143612;0.0;Infinity;1;B
user-I051911_session-547BFC0A9BECA12855B0C21A1D028732A75106E4BFAC87C9590A6616878B5C90_analysis-11.csv;user-I051911;2;1003581449;3;true;-0.5969357824907024;0.0;Infinity;1;B
user-I051911_session-547BFC0A9BECA12855B0C21A1D028732A75106E4BFAC87C9590A6616878B5C90_analysis-11.csv;user-I051911;2;-910710946;3;true;-0.3139242685830533;0.0;Infinity;1;B
user-I051911_session-547BFC0A9BECA12855B0C21A1D028732A75106E4BFAC87C9590A6616878B5C90_analysis-11.csv;user-I051911;2;-690920556;3;true;1.2644323296167104;0.0;Infinity;1;B
user-I051911_session-547BFC0A9BECA12855B0C21A1D028732A75106E4BFAC87C9590A6616878B5C90_analysis-11.csv;user-I051911;2;1066047613;3;true;-0.5276200966126463;0.0;Infinity;1;B
user-I051911_session-547BFC0A9BECA12855B0C21A1D028732A75106E4BFAC87C9590A6616878B5C90_analysis-11.csv;user-I051911;2;642808401;3;true;-0.3425504291977485;0.0;Infinity;1;B
user-I051911_session-547BFC0A9BECA12855B0C21A1D028732A75106E4BFAC87C9590A6616878B5C90_analysis-11.csv;user-I051911;2;-76814464;4;true;2.037938439502767;0.0;Infinity;1;B
user-I051911_session-547BFC0A9BECA12855B0C21A1D028732A75106E4BFAC87C9590A6616878B5C90_analysis-11.csv;user-I051911;2;1003256447;3;true;-0.4511252376266035;0.0;Infinity;1;B
user-I051911_session-547BFC0A9BECA12855B0C21A1D028732A75106E4BFAC87C9590A6616878B5C90_analysis-11.csv;user-I051911;2;-1217263895;3;true;2.1362084638330527;0.0;Infinity;1;B
user-I051911_session-547BFC0A9BECA12855B0C21A1D028732A75106E4BFAC87C9590A6616878B5C90_analysis-11.csv;user-I051911;2;939626592;4;true;-0.21999071829907993;0.0;Infinity;1;B
user-I051911_session-547BFC0A9BECA12855B0C21A1D028732A75106E4BFAC87C9590A6616878B5C90_analysis-11.csv;user-I051911;2;-1150039595;4;true;-0.6063873042116834;0.0;Infinity;1;B
user-I051911_session-547BFC0A9BECA12855B0C21A1D028732A75106E4BFAC87C9590A6616878B5C90_analysis-11.csv;user-I051911;2;-1296182574;4;true;-0.274198907173413;0.0;Infinity;1;B
user-I051911_session-547BFC0A9BECA12855B0C21A1D028732A75106E4BFAC87C9590A6616878B5C90_analysis-11.csv;user-I051911;2;-1094372698;3;true;0.5973011050003145;0.0;Infinity;1;B
user-I051911_session-547BFC0A9BECA12855B0C21A1D028732A75106E4BFAC87C9590A6616878B5C90_analysis-11.csv;user-I051911;2;1434446760;3;true;-0.09555020889702652;0.0;Infinity;1;B
user-I051911_session-547BFC0A9BECA12855B0C21A1D028732A75106E4BFAC87C9590A6616878B5C90_analysis-11.csv;user-I051911;2;1064509641;5;true;0.2441070630644329;0.0;Infinity;1;B
user-I051911_session-547BFC0A9BECA12855B0C21A1D028732A75106E4BFAC87C9590A6616878B5C90_analysis-11.csv;user-I051911;2;1066047555;5;true;-0.18714124840963606;0.0;Infinity;1;B
user-I051911_session-547BFC0A9BECA12855B0C21A1D028732A75106E4BFAC87C9590A6616878B5C90_analysis-11.csv;user-I051911;2;837449922;5;true;-0.3796435780208225;0.0;Infinity;1;B
user-I051911_session-547BFC0A9BECA12855B0C21A1D028732A75106E4BFAC87C9590A6616878B5C90_analysis-11.csv;user-I051911;2;-363879352;4;true;-0.1521620175193677;0.0;Infinity;1;B
user-I051911_session-547BFC0A9BECA12855B0C21A1D028732A75106E4BFAC87C9590A6616878B5C90_analysis-11.csv;user-I051911;2;1267678652;4;true;-0.6113869238193576;0.0;Infinity;1;B
user-I051911_session-547BFC0A9BECA12855B0C21A1D028732A75106E4BFAC87C9590A6616878B5C90_analysis-11.csv;user-I051911;2;1134467597;3;true;-0.4479769936817078;0.0;Infinity;1;B
user-I051911_session-547BFC0A9BECA12855B0C21A1D028732A75106E4BFAC87C9590A6616878B5C90_analysis-11.csv;user-I051911;2;1615186874;3;true;-0.5923842953784197;0.0;Infinity;1;B
user-I051911_session-547BFC0A9BECA12855B0C21A1D028732A75106E4BFAC87C9590A6616878B5C90_analysis-11.csv;user-I051911;2;-69067550;4;true;-0.6152503691205343;0.0;Infinity;1;B
user-I051911_session-547BFC0A9BECA12855B0C21A1D028732A75106E4BFAC87C9590A6616878B5C90_analysis-11.csv;user-I051911;2;1065039382;5;true;-0.5929478559408058;0.0;Infinity;1;B
user-I051911_session-547BFC0A9BECA12855B0C21A1D028732A75106E4BFAC87C9590A6616878B5C90_analysis-11.csv;user-I051911;2;-1099418937;4;true;-0.31822905649332767;0.0;Infinity;1;B
user-I051911_session-547BFC0A9BECA12855B0C21A1D028732A75106E4BFAC87C9590A6616878B5C90_analysis-11.csv;user-I051911;2;66049918;4;true;-0.6114367163188454;0.0;Infinity;1;B
user-I051911_session-547BFC0A9BECA12855B0C21A1D028732A75106E4BFAC87C9590A6616878B5C90_analysis-11.csv;user-I051911;2;-1282890188;3;true;1.468792063992317;0.0;Infinity;1;B
user-I051911_session-547BFC0A9BECA12855B0C21A1D028732A75106E4BFAC87C9590A6616878B5C90_analysis-11.csv;user-I051911;2;2105911807;4;true;-0.5518260412500724;0.0;Infinity;1;B
user-I051911_session-547BFC0A9BECA12855B0C21A1D028732A75106E4BFAC87C9590A6616878B5C90_analysis-11.csv;user-I051911;2;-777595372;3;true;-0.2751178051185084;0.0;Infinity;1;B
user-I051911_session-547BFC0A9BECA12855B0C21A1D028732A75106E4BFAC87C9590A6616878B5C90_analysis-11.csv;user-I051911;2;1454486684;3;true;-0.5885706425767309;0.0;Infinity;1;B
user-I051911_session-547BFC0A9BECA12855B0C21A1D028732A75106E4BFAC87C9590A6616878B5C90_analysis-11.csv;user-I051911;2;-2062827083;4;true;-0.5945072664929505;0.0;Infinity;1;B
