session ;user;query position;cell hashcode;cell computation time;novelty;outlierness;relevance;surprise;query label;session label
user-I050648_session-B34FE261C41F1CECA723A22B5D5BB74C4AC140931465D2DA8F3A7033ABC96D46_analysis-11.csv;user-I050648;1;-1947876358;3;false;NaN;1.0;8.935969313584074;0;A
user-I050648_session-B34FE261C41F1CECA723A22B5D5BB74C4AC140931465D2DA8F3A7033ABC96D46_analysis-11.csv;user-I050648;2;-1947876358;5;false;NaN;1.0;8.935969313584074;0;A
user-I050648_session-B34FE261C41F1CECA723A22B5D5BB74C4AC140931465D2DA8F3A7033ABC96D46_analysis-11.csv;user-I050648;3;1080619287;4;false;0.8868136791116337;1.0;8.53050420547591;0;A
user-I050648_session-B34FE261C41F1CECA723A22B5D5BB74C4AC140931465D2DA8F3A7033ABC96D46_analysis-11.csv;user-I050648;3;916047800;5;false;2.2069374589206528E-5;1.0;8.53050420547591;0;A
user-I050648_session-B34FE261C41F1CECA723A22B5D5BB74C4AC140931465D2DA8F3A7033ABC96D46_analysis-11.csv;user-I050648;3;-1175191970;5;false;-1.1543827766292265;1.0;8.53050420547591;0;A
user-I050648_session-B34FE261C41F1CECA723A22B5D5BB74C4AC140931465D2DA8F3A7033ABC96D46_analysis-11.csv;user-I050648;3;618785809;4;false;0.27875827043423956;1.0;8.53050420547591;0;A
user-I050648_session-B34FE261C41F1CECA723A22B5D5BB74C4AC140931465D2DA8F3A7033ABC96D46_analysis-11.csv;user-I050648;3;1926240362;4;false;0.21870750217744553;1.0;8.53050420547591;0;A
user-I050648_session-B34FE261C41F1CECA723A22B5D5BB74C4AC140931465D2DA8F3A7033ABC96D46_analysis-11.csv;user-I050648;3;316117431;4;false;-0.6105492480059561;1.0;8.53050420547591;0;A
user-I050648_session-B34FE261C41F1CECA723A22B5D5BB74C4AC140931465D2DA8F3A7033ABC96D46_analysis-11.csv;user-I050648;3;1071762525;5;false;-0.8138743960948365;1.0;8.53050420547591;0;A
user-I050648_session-B34FE261C41F1CECA723A22B5D5BB74C4AC140931465D2DA8F3A7033ABC96D46_analysis-11.csv;user-I050648;3;-389169290;4;false;1.3935044503015397;1.0;8.53050420547591;0;A
user-I050648_session-B34FE261C41F1CECA723A22B5D5BB74C4AC140931465D2DA8F3A7033ABC96D46_analysis-11.csv;user-I050648;3;-1417755117;4;false;2.031618347169214;1.0;8.53050420547591;0;A
user-I050648_session-B34FE261C41F1CECA723A22B5D5BB74C4AC140931465D2DA8F3A7033ABC96D46_analysis-11.csv;user-I050648;3;-1994002015;7;false;0.6889838052954257;1.0;8.53050420547591;0;A
user-I050648_session-B34FE261C41F1CECA723A22B5D5BB74C4AC140931465D2DA8F3A7033ABC96D46_analysis-11.csv;user-I050648;3;350605775;5;false;-0.31473135101438415;1.0;8.53050420547591;0;A
user-I050648_session-B34FE261C41F1CECA723A22B5D5BB74C4AC140931465D2DA8F3A7033ABC96D46_analysis-11.csv;user-I050648;3;-1562024468;6;false;-1.005745538772002;1.0;8.53050420547591;0;A
user-I050648_session-B34FE261C41F1CECA723A22B5D5BB74C4AC140931465D2DA8F3A7033ABC96D46_analysis-11.csv;user-I050648;3;1073351554;4;false;-0.9786664161512426;1.0;8.53050420547591;0;A
user-I050648_session-B34FE261C41F1CECA723A22B5D5BB74C4AC140931465D2DA8F3A7033ABC96D46_analysis-11.csv;user-I050648;3;-1040764705;4;false;-0.0776400598042635;1.0;8.53050420547591;0;A
user-I050648_session-B34FE261C41F1CECA723A22B5D5BB74C4AC140931465D2DA8F3A7033ABC96D46_analysis-11.csv;user-I050648;3;-1512321145;4;false;-0.5385810174710772;1.0;8.53050420547591;0;A
user-I050648_session-B34FE261C41F1CECA723A22B5D5BB74C4AC140931465D2DA8F3A7033ABC96D46_analysis-11.csv;user-I050648;3;1829580861;4;false;2.25632871923488;1.0;8.53050420547591;0;A
user-I050648_session-B34FE261C41F1CECA723A22B5D5BB74C4AC140931465D2DA8F3A7033ABC96D46_analysis-11.csv;user-I050648;3;1414033727;4;false;-1.697355599643524;1.0;8.53050420547591;0;A
user-I050648_session-B34FE261C41F1CECA723A22B5D5BB74C4AC140931465D2DA8F3A7033ABC96D46_analysis-11.csv;user-I050648;3;1926671107;4;false;-0.057910038921656415;1.0;8.53050420547591;0;A
user-I050648_session-B34FE261C41F1CECA723A22B5D5BB74C4AC140931465D2DA8F3A7033ABC96D46_analysis-11.csv;user-I050648;3;608111986;3;false;0.5772907005002642;1.0;8.53050420547591;0;A
user-I050648_session-B34FE261C41F1CECA723A22B5D5BB74C4AC140931465D2DA8F3A7033ABC96D46_analysis-11.csv;user-I050648;3;1939086048;5;false;-1.0708943325588656;1.0;8.53050420547591;0;A
user-I050648_session-B34FE261C41F1CECA723A22B5D5BB74C4AC140931465D2DA8F3A7033ABC96D46_analysis-11.csv;user-I050648;3;2044215619;5;false;-0.8215545384518245;1.0;8.53050420547591;0;A
user-I050648_session-B34FE261C41F1CECA723A22B5D5BB74C4AC140931465D2DA8F3A7033ABC96D46_analysis-11.csv;user-I050648;3;1069734009;3;false;-0.646963716077882;1.0;8.53050420547591;0;A
user-I050648_session-B34FE261C41F1CECA723A22B5D5BB74C4AC140931465D2DA8F3A7033ABC96D46_analysis-11.csv;user-I050648;3;-1819978646;4;false;0.42494580771207996;1.0;8.53050420547591;0;A
user-I050648_session-B34FE261C41F1CECA723A22B5D5BB74C4AC140931465D2DA8F3A7033ABC96D46_analysis-11.csv;user-I050648;3;1081206037;7;false;-0.5640711451214253;1.0;8.53050420547591;0;A
user-I050648_session-B34FE261C41F1CECA723A22B5D5BB74C4AC140931465D2DA8F3A7033ABC96D46_analysis-11.csv;user-I050648;3;1214101365;5;false;1.260558537777127;1.0;8.53050420547591;0;A
user-I050648_session-B34FE261C41F1CECA723A22B5D5BB74C4AC140931465D2DA8F3A7033ABC96D46_analysis-11.csv;user-I050648;3;-671507334;5;false;1.4858647829566969;1.0;8.53050420547591;0;A
user-I050648_session-B34FE261C41F1CECA723A22B5D5BB74C4AC140931465D2DA8F3A7033ABC96D46_analysis-11.csv;user-I050648;3;468752871;9;false;0.5289587701502535;1.0;8.53050420547591;0;A
user-I050648_session-B34FE261C41F1CECA723A22B5D5BB74C4AC140931465D2DA8F3A7033ABC96D46_analysis-11.csv;user-I050648;3;-1304827976;5;false;-0.2628903901047152;1.0;8.53050420547591;0;A
user-I050648_session-B34FE261C41F1CECA723A22B5D5BB74C4AC140931465D2DA8F3A7033ABC96D46_analysis-11.csv;user-I050648;3;-624448390;4;false;-0.4294038213790669;1.0;8.53050420547591;0;A
user-I050648_session-B34FE261C41F1CECA723A22B5D5BB74C4AC140931465D2DA8F3A7033ABC96D46_analysis-11.csv;user-I050648;3;-1708192764;4;false;-0.06135286135754758;1.0;8.53050420547591;0;A
user-I050648_session-B34FE261C41F1CECA723A22B5D5BB74C4AC140931465D2DA8F3A7033ABC96D46_analysis-11.csv;user-I050648;3;1615186874;3;false;-1.0808255511239362;1.0;8.53050420547591;0;A
user-I050648_session-B34FE261C41F1CECA723A22B5D5BB74C4AC140931465D2DA8F3A7033ABC96D46_analysis-11.csv;user-I050648;3;-1149575153;3;false;0.9056829943852679;1.0;8.53050420547591;0;A
user-I050648_session-B34FE261C41F1CECA723A22B5D5BB74C4AC140931465D2DA8F3A7033ABC96D46_analysis-11.csv;user-I050648;3;-395026010;3;false;-0.896303510184923;1.0;8.53050420547591;0;A
user-I050648_session-B34FE261C41F1CECA723A22B5D5BB74C4AC140931465D2DA8F3A7033ABC96D46_analysis-11.csv;user-I050648;3;2028687741;6;false;1.7046826320070876;1.0;8.53050420547591;0;A
user-I050648_session-B34FE261C41F1CECA723A22B5D5BB74C4AC140931465D2DA8F3A7033ABC96D46_analysis-11.csv;user-I050648;3;66049918;5;false;-1.6381655369957027;1.0;8.53050420547591;0;A
user-I050648_session-B34FE261C41F1CECA723A22B5D5BB74C4AC140931465D2DA8F3A7033ABC96D46_analysis-11.csv;user-I050648;3;2105911807;4;false;0.10562402678317409;1.0;8.53050420547591;0;A
user-I050648_session-B34FE261C41F1CECA723A22B5D5BB74C4AC140931465D2DA8F3A7033ABC96D46_analysis-11.csv;user-I050648;3;-1567476630;4;false;0.6009932088088995;1.0;8.53050420547591;0;A
user-I050648_session-B34FE261C41F1CECA723A22B5D5BB74C4AC140931465D2DA8F3A7033ABC96D46_analysis-11.csv;user-I050648;3;230372649;5;false;-1.2779271355787056;1.0;8.53050420547591;0;A
user-I050648_session-B34FE261C41F1CECA723A22B5D5BB74C4AC140931465D2DA8F3A7033ABC96D46_analysis-11.csv;user-I050648;3;630073327;4;false;0.1358811393447561;1.0;8.53050420547591;0;A
user-I050648_session-B34FE261C41F1CECA723A22B5D5BB74C4AC140931465D2DA8F3A7033ABC96D46_analysis-11.csv;user-I050648;3;-1395895594;3;false;1.2440727149591095;1.0;8.53050420547591;0;A
user-I050648_session-B34FE261C41F1CECA723A22B5D5BB74C4AC140931465D2DA8F3A7033ABC96D46_analysis-11.csv;user-I050648;3;-2062827083;4;false;-1.1429287712175116;1.0;8.53050420547591;0;A
user-I050648_session-B34FE261C41F1CECA723A22B5D5BB74C4AC140931465D2DA8F3A7033ABC96D46_analysis-11.csv;user-I050648;3;621690033;3;false;0.41342559417659797;1.0;8.53050420547591;0;A
user-I050648_session-B34FE261C41F1CECA723A22B5D5BB74C4AC140931465D2DA8F3A7033ABC96D46_analysis-11.csv;user-I050648;4;-1947876358;3;false;NaN;1.0;8.935969313584074;0;A
user-I050648_session-B34FE261C41F1CECA723A22B5D5BB74C4AC140931465D2DA8F3A7033ABC96D46_analysis-11.csv;user-I050648;5;938365628;3;true;NaN;1.0;Infinity;0;A
user-I050648_session-B34FE261C41F1CECA723A22B5D5BB74C4AC140931465D2DA8F3A7033ABC96D46_analysis-11.csv;user-I050648;6;-1932430166;8;true;1.1976118304584173;1.0;Infinity;0;A
user-I050648_session-B34FE261C41F1CECA723A22B5D5BB74C4AC140931465D2DA8F3A7033ABC96D46_analysis-11.csv;user-I050648;6;1828983515;7;true;-0.7938479174489351;1.0;Infinity;0;A
user-I050648_session-B34FE261C41F1CECA723A22B5D5BB74C4AC140931465D2DA8F3A7033ABC96D46_analysis-11.csv;user-I050648;6;938365628;5;true;-0.477128258783422;1.0;Infinity;0;A
user-I050648_session-B34FE261C41F1CECA723A22B5D5BB74C4AC140931465D2DA8F3A7033ABC96D46_analysis-11.csv;user-I050648;6;-1426051237;4;true;-0.8866782249433975;1.0;Infinity;0;A
user-I050648_session-B34FE261C41F1CECA723A22B5D5BB74C4AC140931465D2DA8F3A7033ABC96D46_analysis-11.csv;user-I050648;6;495467645;6;true;0.9600425707173373;1.0;Infinity;0;A
user-I050648_session-B34FE261C41F1CECA723A22B5D5BB74C4AC140931465D2DA8F3A7033ABC96D46_analysis-11.csv;user-I050648;7;1828983515;6;true;NaN;1.0;Infinity;1;A
user-I050648_session-B34FE261C41F1CECA723A22B5D5BB74C4AC140931465D2DA8F3A7033ABC96D46_analysis-11.csv;user-I050648;8;-1932430166;4;true;1.1976118304584173;1.0;Infinity;0;A
user-I050648_session-B34FE261C41F1CECA723A22B5D5BB74C4AC140931465D2DA8F3A7033ABC96D46_analysis-11.csv;user-I050648;8;1828983515;5;true;-0.7938479174489351;1.0;Infinity;0;A
user-I050648_session-B34FE261C41F1CECA723A22B5D5BB74C4AC140931465D2DA8F3A7033ABC96D46_analysis-11.csv;user-I050648;8;938365628;4;true;-0.477128258783422;1.0;Infinity;0;A
user-I050648_session-B34FE261C41F1CECA723A22B5D5BB74C4AC140931465D2DA8F3A7033ABC96D46_analysis-11.csv;user-I050648;8;-1426051237;5;true;-0.8866782249433975;1.0;Infinity;0;A
user-I050648_session-B34FE261C41F1CECA723A22B5D5BB74C4AC140931465D2DA8F3A7033ABC96D46_analysis-11.csv;user-I050648;8;495467645;5;true;0.9600425707173373;1.0;Infinity;0;A
user-I050648_session-B34FE261C41F1CECA723A22B5D5BB74C4AC140931465D2DA8F3A7033ABC96D46_analysis-11.csv;user-I050648;9;-1947876358;4;false;NaN;1.0;8.319717386850606;0;A
