session ;user;query position;cell hashcode;cell computation time;novelty;outlierness;relevance;surprise;query label;session label
user-I050582_session-9E660CDDDD20A34952D94F30C37A47CC7CAA6D82FDC1E2C23E4317D98C53AFFD_analysis-1.csv;user-I050582;1;802856382;5;true;0.4522767295487974;0.0;Infinity;1;A
user-I050582_session-9E660CDDDD20A34952D94F30C37A47CC7CAA6D82FDC1E2C23E4317D98C53AFFD_analysis-1.csv;user-I050582;1;-1238681375;5;true;-1.0085135986828448;0.0;Infinity;1;A
user-I050582_session-9E660CDDDD20A34952D94F30C37A47CC7CAA6D82FDC1E2C23E4317D98C53AFFD_analysis-1.csv;user-I050582;1;1855846717;6;true;1.4422470162697816;0.0;Infinity;1;A
user-I050582_session-9E660CDDDD20A34952D94F30C37A47CC7CAA6D82FDC1E2C23E4317D98C53AFFD_analysis-1.csv;user-I050582;1;323866424;5;true;-1.047374464363813;0.0;Infinity;1;A
user-I050582_session-9E660CDDDD20A34952D94F30C37A47CC7CAA6D82FDC1E2C23E4317D98C53AFFD_analysis-1.csv;user-I050582;1;-801358161;5;true;-0.8126218448083973;0.0;Infinity;1;A
user-I050582_session-9E660CDDDD20A34952D94F30C37A47CC7CAA6D82FDC1E2C23E4317D98C53AFFD_analysis-1.csv;user-I050582;1;1174780999;5;true;-0.8667047403729237;0.0;Infinity;1;A
user-I050582_session-9E660CDDDD20A34952D94F30C37A47CC7CAA6D82FDC1E2C23E4317D98C53AFFD_analysis-1.csv;user-I050582;1;797938978;5;true;0.582687182801953;0.0;Infinity;1;A
user-I050582_session-9E660CDDDD20A34952D94F30C37A47CC7CAA6D82FDC1E2C23E4317D98C53AFFD_analysis-1.csv;user-I050582;1;-1071851465;5;true;1.9325923910566067;0.0;Infinity;1;A
user-I050582_session-9E660CDDDD20A34952D94F30C37A47CC7CAA6D82FDC1E2C23E4317D98C53AFFD_analysis-1.csv;user-I050582;1;1838464897;5;true;2.3381381874420084;0.0;Infinity;1;A
user-I050582_session-9E660CDDDD20A34952D94F30C37A47CC7CAA6D82FDC1E2C23E4317D98C53AFFD_analysis-1.csv;user-I050582;1;2101206485;4;true;0.2768248040580079;0.0;Infinity;1;A
user-I050582_session-9E660CDDDD20A34952D94F30C37A47CC7CAA6D82FDC1E2C23E4317D98C53AFFD_analysis-1.csv;user-I050582;1;-1124767660;3;true;-0.7190603679997295;0.0;Infinity;1;A
user-I050582_session-9E660CDDDD20A34952D94F30C37A47CC7CAA6D82FDC1E2C23E4317D98C53AFFD_analysis-1.csv;user-I050582;1;1093652438;4;true;-0.6073056149393911;0.0;Infinity;1;A
user-I050582_session-9E660CDDDD20A34952D94F30C37A47CC7CAA6D82FDC1E2C23E4317D98C53AFFD_analysis-1.csv;user-I050582;1;1485245684;3;true;1.482912715691194;0.0;Infinity;1;A
user-I050582_session-9E660CDDDD20A34952D94F30C37A47CC7CAA6D82FDC1E2C23E4317D98C53AFFD_analysis-1.csv;user-I050582;1;1675533724;4;true;0.2879367823452575;0.0;Infinity;1;A
user-I050582_session-9E660CDDDD20A34952D94F30C37A47CC7CAA6D82FDC1E2C23E4317D98C53AFFD_analysis-1.csv;user-I050582;1;524511983;3;true;-1.0108498748631145;0.0;Infinity;1;A
user-I050582_session-9E660CDDDD20A34952D94F30C37A47CC7CAA6D82FDC1E2C23E4317D98C53AFFD_analysis-1.csv;user-I050582;1;14969309;3;true;0.0658732137718966;0.0;Infinity;1;A
user-I050582_session-9E660CDDDD20A34952D94F30C37A47CC7CAA6D82FDC1E2C23E4317D98C53AFFD_analysis-1.csv;user-I050582;1;-1349187308;3;true;-0.9174402387515396;0.0;Infinity;1;A
user-I050582_session-9E660CDDDD20A34952D94F30C37A47CC7CAA6D82FDC1E2C23E4317D98C53AFFD_analysis-1.csv;user-I050582;1;1828958527;3;true;0.7826717336480397;0.0;Infinity;1;A
user-I050582_session-9E660CDDDD20A34952D94F30C37A47CC7CAA6D82FDC1E2C23E4317D98C53AFFD_analysis-1.csv;user-I050582;1;-1494414203;3;true;-0.09021212098968652;0.0;Infinity;1;A
user-I050582_session-9E660CDDDD20A34952D94F30C37A47CC7CAA6D82FDC1E2C23E4317D98C53AFFD_analysis-1.csv;user-I050582;1;1118071845;4;true;0.712980304607355;0.0;Infinity;1;A
user-I050582_session-9E660CDDDD20A34952D94F30C37A47CC7CAA6D82FDC1E2C23E4317D98C53AFFD_analysis-1.csv;user-I050582;1;-2139761238;4;true;1.2104414866079407;0.0;Infinity;1;A
user-I050582_session-9E660CDDDD20A34952D94F30C37A47CC7CAA6D82FDC1E2C23E4317D98C53AFFD_analysis-1.csv;user-I050582;1;-2094978672;5;true;-1.1052982393798019;0.0;Infinity;1;A
user-I050582_session-9E660CDDDD20A34952D94F30C37A47CC7CAA6D82FDC1E2C23E4317D98C53AFFD_analysis-1.csv;user-I050582;1;-1398927799;4;true;-0.9921838218954955;0.0;Infinity;1;A
user-I050582_session-9E660CDDDD20A34952D94F30C37A47CC7CAA6D82FDC1E2C23E4317D98C53AFFD_analysis-1.csv;user-I050582;1;-2020583343;4;true;-0.5909344270528346;0.0;Infinity;1;A
user-I050582_session-9E660CDDDD20A34952D94F30C37A47CC7CAA6D82FDC1E2C23E4317D98C53AFFD_analysis-1.csv;user-I050582;1;1118932130;5;true;-1.0203123110319463;0.0;Infinity;1;A
user-I050582_session-9E660CDDDD20A34952D94F30C37A47CC7CAA6D82FDC1E2C23E4317D98C53AFFD_analysis-1.csv;user-I050582;1;-2139773731;4;true;-0.008987700819812944;0.0;Infinity;1;A
user-I050582_session-9E660CDDDD20A34952D94F30C37A47CC7CAA6D82FDC1E2C23E4317D98C53AFFD_analysis-1.csv;user-I050582;1;1530818752;4;true;0.625889312049803;0.0;Infinity;1;A
user-I050582_session-9E660CDDDD20A34952D94F30C37A47CC7CAA6D82FDC1E2C23E4317D98C53AFFD_analysis-1.csv;user-I050582;1;-1032655259;5;true;0.003563313164884775;0.0;Infinity;1;A
user-I050582_session-9E660CDDDD20A34952D94F30C37A47CC7CAA6D82FDC1E2C23E4317D98C53AFFD_analysis-1.csv;user-I050582;1;2115011341;4;true;-0.9394019250310601;0.0;Infinity;1;A
user-I050582_session-9E660CDDDD20A34952D94F30C37A47CC7CAA6D82FDC1E2C23E4317D98C53AFFD_analysis-1.csv;user-I050582;1;-202348126;4;true;2.086703796755983;0.0;Infinity;1;A
user-I050582_session-9E660CDDDD20A34952D94F30C37A47CC7CAA6D82FDC1E2C23E4317D98C53AFFD_analysis-1.csv;user-I050582;1;2020521674;3;true;-0.8896844495079531;0.0;Infinity;1;A
user-I050582_session-9E660CDDDD20A34952D94F30C37A47CC7CAA6D82FDC1E2C23E4317D98C53AFFD_analysis-1.csv;user-I050582;1;146528472;4;true;-0.4129633263602773;0.0;Infinity;1;A
user-I050582_session-9E660CDDDD20A34952D94F30C37A47CC7CAA6D82FDC1E2C23E4317D98C53AFFD_analysis-1.csv;user-I050582;1;1608139620;4;true;0.5386740861946298;0.0;Infinity;1;A
user-I050582_session-9E660CDDDD20A34952D94F30C37A47CC7CAA6D82FDC1E2C23E4317D98C53AFFD_analysis-1.csv;user-I050582;1;-1291923975;3;true;-1.1038177925831465;0.0;Infinity;1;A
user-I050582_session-9E660CDDDD20A34952D94F30C37A47CC7CAA6D82FDC1E2C23E4317D98C53AFFD_analysis-1.csv;user-I050582;1;-75872480;3;true;-0.684171516917713;0.0;Infinity;1;A
user-I050582_session-9E660CDDDD20A34952D94F30C37A47CC7CAA6D82FDC1E2C23E4317D98C53AFFD_analysis-1.csv;user-I050582;1;-646098478;3;true;-0.6210437471013602;0.0;Infinity;1;A
user-I050582_session-9E660CDDDD20A34952D94F30C37A47CC7CAA6D82FDC1E2C23E4317D98C53AFFD_analysis-1.csv;user-I050582;1;1269197454;3;true;0.626469067438703;0.0;Infinity;1;A
user-I050582_session-9E660CDDDD20A34952D94F30C37A47CC7CAA6D82FDC1E2C23E4317D98C53AFFD_analysis-1.csv;user-I050582;2;-1886832398;3;true;-0.21505549033787463;0.0;Infinity;1;A
user-I050582_session-9E660CDDDD20A34952D94F30C37A47CC7CAA6D82FDC1E2C23E4317D98C53AFFD_analysis-1.csv;user-I050582;2;-147964646;4;true;-0.1350226524725865;0.0;Infinity;1;A
user-I050582_session-9E660CDDDD20A34952D94F30C37A47CC7CAA6D82FDC1E2C23E4317D98C53AFFD_analysis-1.csv;user-I050582;2;1957079340;3;true;2.6818141725934024;0.0;Infinity;1;A
user-I050582_session-9E660CDDDD20A34952D94F30C37A47CC7CAA6D82FDC1E2C23E4317D98C53AFFD_analysis-1.csv;user-I050582;2;1534516602;4;true;-0.13980866935489608;0.0;Infinity;1;A
user-I050582_session-9E660CDDDD20A34952D94F30C37A47CC7CAA6D82FDC1E2C23E4317D98C53AFFD_analysis-1.csv;user-I050582;2;-959963162;6;true;-0.9404029378345724;0.0;Infinity;1;A
user-I050582_session-9E660CDDDD20A34952D94F30C37A47CC7CAA6D82FDC1E2C23E4317D98C53AFFD_analysis-1.csv;user-I050582;2;-147104361;5;true;-0.9510385309063715;0.0;Infinity;1;A
user-I050582_session-9E660CDDDD20A34952D94F30C37A47CC7CAA6D82FDC1E2C23E4317D98C53AFFD_analysis-1.csv;user-I050582;2;-1372345216;4;true;1.8737749889634663;0.0;Infinity;1;A
user-I050582_session-9E660CDDDD20A34952D94F30C37A47CC7CAA6D82FDC1E2C23E4317D98C53AFFD_analysis-1.csv;user-I050582;2;-825278778;4;true;1.6871203305533922;0.0;Infinity;1;A
user-I050582_session-9E660CDDDD20A34952D94F30C37A47CC7CAA6D82FDC1E2C23E4317D98C53AFFD_analysis-1.csv;user-I050582;2;-1862412991;3;true;-0.5990004002298217;0.0;Infinity;1;A
user-I050582_session-9E660CDDDD20A34952D94F30C37A47CC7CAA6D82FDC1E2C23E4317D98C53AFFD_analysis-1.csv;user-I050582;2;889157074;4;true;0.501517592874589;0.0;Infinity;1;A
user-I050582_session-9E660CDDDD20A34952D94F30C37A47CC7CAA6D82FDC1E2C23E4317D98C53AFFD_analysis-1.csv;user-I050582;2;-1449666084;3;true;0.9657612304586191;0.0;Infinity;1;A
user-I050582_session-9E660CDDDD20A34952D94F30C37A47CC7CAA6D82FDC1E2C23E4317D98C53AFFD_analysis-1.csv;user-I050582;2;-468097513;4;true;0.07051018363993089;0.0;Infinity;1;A
user-I050582_session-9E660CDDDD20A34952D94F30C37A47CC7CAA6D82FDC1E2C23E4317D98C53AFFD_analysis-1.csv;user-I050582;2;513124299;4;true;-0.4251084535059066;0.0;Infinity;1;A
user-I050582_session-9E660CDDDD20A34952D94F30C37A47CC7CAA6D82FDC1E2C23E4317D98C53AFFD_analysis-1.csv;user-I050582;2;-463180109;3;true;-0.05871227218242803;0.0;Infinity;1;A
user-I050582_session-9E660CDDDD20A34952D94F30C37A47CC7CAA6D82FDC1E2C23E4317D98C53AFFD_analysis-1.csv;user-I050582;2;-1861552706;5;true;-0.7840597196791258;0.0;Infinity;1;A
user-I050582_session-9E660CDDDD20A34952D94F30C37A47CC7CAA6D82FDC1E2C23E4317D98C53AFFD_analysis-1.csv;user-I050582;2;-1805703837;6;true;-0.9276402261484135;0.0;Infinity;1;A
user-I050582_session-9E660CDDDD20A34952D94F30C37A47CC7CAA6D82FDC1E2C23E4317D98C53AFFD_analysis-1.csv;user-I050582;2;-942170067;5;true;-0.6750448906931852;0.0;Infinity;1;A
user-I050582_session-9E660CDDDD20A34952D94F30C37A47CC7CAA6D82FDC1E2C23E4317D98C53AFFD_analysis-1.csv;user-I050582;2;2117338842;5;true;0.0016447185000317945;0.0;Infinity;1;A
user-I050582_session-9E660CDDDD20A34952D94F30C37A47CC7CAA6D82FDC1E2C23E4317D98C53AFFD_analysis-1.csv;user-I050582;2;848974850;4;true;-0.6917959497812687;0.0;Infinity;1;A
user-I050582_session-9E660CDDDD20A34952D94F30C37A47CC7CAA6D82FDC1E2C23E4317D98C53AFFD_analysis-1.csv;user-I050582;2;-91255492;4;true;-1.0414410720166638;0.0;Infinity;1;A
user-I050582_session-9E660CDDDD20A34952D94F30C37A47CC7CAA6D82FDC1E2C23E4317D98C53AFFD_analysis-1.csv;user-I050582;2;-1711287382;4;true;1.0824868644216141;0.0;Infinity;1;A
user-I050582_session-9E660CDDDD20A34952D94F30C37A47CC7CAA6D82FDC1E2C23E4317D98C53AFFD_analysis-1.csv;user-I050582;2;-706100883;4;true;-1.0329325975592245;0.0;Infinity;1;A
user-I050582_session-9E660CDDDD20A34952D94F30C37A47CC7CAA6D82FDC1E2C23E4317D98C53AFFD_analysis-1.csv;user-I050582;2;-172384053;4;true;-0.39213811498332946;0.0;Infinity;1;A
user-I050582_session-9E660CDDDD20A34952D94F30C37A47CC7CAA6D82FDC1E2C23E4317D98C53AFFD_analysis-1.csv;user-I050582;2;-1142019939;3;true;0.023181794470424948;0.0;Infinity;1;A
user-I050582_session-9E660CDDDD20A34952D94F30C37A47CC7CAA6D82FDC1E2C23E4317D98C53AFFD_analysis-1.csv;user-I050582;2;-179931743;4;true;-0.46180124960361346;0.0;Infinity;1;A
user-I050582_session-9E660CDDDD20A34952D94F30C37A47CC7CAA6D82FDC1E2C23E4317D98C53AFFD_analysis-1.csv;user-I050582;2;-1304951112;4;true;-0.18447816025645225;0.0;Infinity;1;A
user-I050582_session-9E660CDDDD20A34952D94F30C37A47CC7CAA6D82FDC1E2C23E4317D98C53AFFD_analysis-1.csv;user-I050582;2;-1468384617;6;true;1.5594932136918032;0.0;Infinity;1;A
user-I050582_session-9E660CDDDD20A34952D94F30C37A47CC7CAA6D82FDC1E2C23E4317D98C53AFFD_analysis-1.csv;user-I050582;2;-2067394652;6;true;-0.4750957409433623;0.0;Infinity;1;A
user-I050582_session-9E660CDDDD20A34952D94F30C37A47CC7CAA6D82FDC1E2C23E4317D98C53AFFD_analysis-1.csv;user-I050582;2;668383982;5;true;-1.0712207326177012;0.0;Infinity;1;A
user-I050582_session-9E660CDDDD20A34952D94F30C37A47CC7CAA6D82FDC1E2C23E4317D98C53AFFD_analysis-1.csv;user-I050582;2;1996275546;5;true;-0.175437906145423;0.0;Infinity;1;A
user-I050582_session-9E660CDDDD20A34952D94F30C37A47CC7CAA6D82FDC1E2C23E4317D98C53AFFD_analysis-1.csv;user-I050582;2;589810226;3;true;-1.073081961405266;0.0;Infinity;1;A
user-I050582_session-9E660CDDDD20A34952D94F30C37A47CC7CAA6D82FDC1E2C23E4317D98C53AFFD_analysis-1.csv;user-I050582;2;189714800;4;true;-0.6707906534644655;0.0;Infinity;1;A
user-I050582_session-9E660CDDDD20A34952D94F30C37A47CC7CAA6D82FDC1E2C23E4317D98C53AFFD_analysis-1.csv;user-I050582;2;-1151526309;3;true;1.4308025375230342;0.0;Infinity;1;A
user-I050582_session-9E660CDDDD20A34952D94F30C37A47CC7CAA6D82FDC1E2C23E4317D98C53AFFD_analysis-1.csv;user-I050582;2;1638348884;4;true;-0.28950464184046826;0.0;Infinity;1;A
user-I050582_session-9E660CDDDD20A34952D94F30C37A47CC7CAA6D82FDC1E2C23E4317D98C53AFFD_analysis-1.csv;user-I050582;2;1838994443;3;true;-1.0728160715784711;0.0;Infinity;1;A
user-I050582_session-9E660CDDDD20A34952D94F30C37A47CC7CAA6D82FDC1E2C23E4317D98C53AFFD_analysis-1.csv;user-I050582;2;-741524508;3;true;-1.061116919199492;0.0;Infinity;1;A
user-I050582_session-9E660CDDDD20A34952D94F30C37A47CC7CAA6D82FDC1E2C23E4317D98C53AFFD_analysis-1.csv;user-I050582;2;1329451769;4;true;0.7713957670714908;0.0;Infinity;1;A
user-I050582_session-9E660CDDDD20A34952D94F30C37A47CC7CAA6D82FDC1E2C23E4317D98C53AFFD_analysis-1.csv;user-I050582;2;1008347462;4;true;-0.9361487006058528;0.0;Infinity;1;A
user-I050582_session-9E660CDDDD20A34952D94F30C37A47CC7CAA6D82FDC1E2C23E4317D98C53AFFD_analysis-1.csv;user-I050582;2;754485183;3;true;-0.8106487023586235;0.0;Infinity;1;A
user-I050582_session-9E660CDDDD20A34952D94F30C37A47CC7CAA6D82FDC1E2C23E4317D98C53AFFD_analysis-1.csv;user-I050582;2;1112134334;4;true;2.2598470174697733;0.0;Infinity;1;A
user-I050582_session-9E660CDDDD20A34952D94F30C37A47CC7CAA6D82FDC1E2C23E4317D98C53AFFD_analysis-1.csv;user-I050582;2;-1124638119;3;true;-1.036123275480764;0.0;Infinity;1;A
user-I050582_session-9E660CDDDD20A34952D94F30C37A47CC7CAA6D82FDC1E2C23E4317D98C53AFFD_analysis-1.csv;user-I050582;2;1679743497;4;true;-1.0430364109774337;0.0;Infinity;1;A
user-I050582_session-9E660CDDDD20A34952D94F30C37A47CC7CAA6D82FDC1E2C23E4317D98C53AFFD_analysis-1.csv;user-I050582;2;-1341908971;4;true;0.11890213211661674;0.0;Infinity;1;A
user-I050582_session-9E660CDDDD20A34952D94F30C37A47CC7CAA6D82FDC1E2C23E4317D98C53AFFD_analysis-1.csv;user-I050582;2;562922036;4;true;0.4363745853098195;0.0;Infinity;1;A
user-I050582_session-9E660CDDDD20A34952D94F30C37A47CC7CAA6D82FDC1E2C23E4317D98C53AFFD_analysis-1.csv;user-I050582;2;-1119508019;3;true;-0.16081396567169928;0.0;Infinity;1;A
user-I050582_session-9E660CDDDD20A34952D94F30C37A47CC7CAA6D82FDC1E2C23E4317D98C53AFFD_analysis-1.csv;user-I050582;2;342103129;4;true;1.6964264744912165;0.0;Infinity;1;A
user-I050582_session-9E660CDDDD20A34952D94F30C37A47CC7CAA6D82FDC1E2C23E4317D98C53AFFD_analysis-1.csv;user-I050582;2;1238609980;4;true;0.861798308181783;0.0;Infinity;1;A
user-I050582_session-9E660CDDDD20A34952D94F30C37A47CC7CAA6D82FDC1E2C23E4317D98C53AFFD_analysis-1.csv;user-I050582;2;835169994;4;true;-0.1254506187079673;0.0;Infinity;1;A
user-I050582_session-9E660CDDDD20A34952D94F30C37A47CC7CAA6D82FDC1E2C23E4317D98C53AFFD_analysis-1.csv;user-I050582;2;2112421438;5;true;-0.007129645784202453;0.0;Infinity;1;A
user-I050582_session-9E660CDDDD20A34952D94F30C37A47CC7CAA6D82FDC1E2C23E4317D98C53AFFD_analysis-1.csv;user-I050582;2;281827201;3;true;-0.222500405488134;0.0;Infinity;1;A
user-I050582_session-9E660CDDDD20A34952D94F30C37A47CC7CAA6D82FDC1E2C23E4317D98C53AFFD_analysis-1.csv;user-I050582;2;-865473495;4;true;-0.9276402261484135;0.0;Infinity;1;A
user-I050582_session-9E660CDDDD20A34952D94F30C37A47CC7CAA6D82FDC1E2C23E4317D98C53AFFD_analysis-1.csv;user-I050582;2;409497233;4;true;-0.15071015225349013;0.0;Infinity;1;A
user-I050582_session-9E660CDDDD20A34952D94F30C37A47CC7CAA6D82FDC1E2C23E4317D98C53AFFD_analysis-1.csv;user-I050582;2;889169567;5;true;2.0335747748672475;0.0;Infinity;1;A
user-I050582_session-9E660CDDDD20A34952D94F30C37A47CC7CAA6D82FDC1E2C23E4317D98C53AFFD_analysis-1.csv;user-I050582;2;1737006830;4;true;-1.0807927663823205;0.0;Infinity;1;A
user-I050582_session-9E660CDDDD20A34952D94F30C37A47CC7CAA6D82FDC1E2C23E4317D98C53AFFD_analysis-1.csv;user-I050582;2;-1251067182;4;true;-0.17783091458657782;0.0;Infinity;1;A
user-I050582_session-9E660CDDDD20A34952D94F30C37A47CC7CAA6D82FDC1E2C23E4317D98C53AFFD_analysis-1.csv;user-I050582;2;-825291271;3;true;0.11252077627353728;0.0;Infinity;1;A
user-I050582_session-9E660CDDDD20A34952D94F30C37A47CC7CAA6D82FDC1E2C23E4317D98C53AFFD_analysis-1.csv;user-I050582;2;572428406;4;true;0.3300186545918286;0.0;Infinity;1;A
user-I050582_session-9E660CDDDD20A34952D94F30C37A47CC7CAA6D82FDC1E2C23E4317D98C53AFFD_analysis-1.csv;user-I050582;2;-1912134969;4;true;-1.015649758817551;0.0;Infinity;1;A
user-I050582_session-9E660CDDDD20A34952D94F30C37A47CC7CAA6D82FDC1E2C23E4317D98C53AFFD_analysis-1.csv;user-I050582;2;1904163145;3;true;-0.6101677729552107;0.0;Infinity;1;A
user-I050582_session-9E660CDDDD20A34952D94F30C37A47CC7CAA6D82FDC1E2C23E4317D98C53AFFD_analysis-1.csv;user-I050582;2;1461010932;5;true;0.4230800939700706;0.0;Infinity;1;A
user-I050582_session-9E660CDDDD20A34952D94F30C37A47CC7CAA6D82FDC1E2C23E4317D98C53AFFD_analysis-1.csv;user-I050582;2;-84445339;4;true;-0.9922514540595929;0.0;Infinity;1;A
user-I050582_session-9E660CDDDD20A34952D94F30C37A47CC7CAA6D82FDC1E2C23E4317D98C53AFFD_analysis-1.csv;user-I050582;2;-879278351;4;true;-0.05977583148960794;0.0;Infinity;1;A
user-I050582_session-9E660CDDDD20A34952D94F30C37A47CC7CAA6D82FDC1E2C23E4317D98C53AFFD_analysis-1.csv;user-I050582;2;264782261;4;true;1.1832591087769104;0.0;Infinity;1;A
user-I050582_session-9E660CDDDD20A34952D94F30C37A47CC7CAA6D82FDC1E2C23E4317D98C53AFFD_analysis-1.csv;user-I050582;2;22558485;4;true;-1.0552673430100026;0.0;Infinity;1;A
user-I050582_session-9E660CDDDD20A34952D94F30C37A47CC7CAA6D82FDC1E2C23E4317D98C53AFFD_analysis-1.csv;user-I050582;2;219209193;4;true;1.5541754171559037;0.0;Infinity;1;A
user-I050582_session-9E660CDDDD20A34952D94F30C37A47CC7CAA6D82FDC1E2C23E4317D98C53AFFD_analysis-1.csv;user-I050582;2;242630995;5;true;2.0162919361255742;0.0;Infinity;1;A
user-I050582_session-9E660CDDDD20A34952D94F30C37A47CC7CAA6D82FDC1E2C23E4317D98C53AFFD_analysis-1.csv;user-I050582;2;1630003006;4;true;-0.9074325993119953;0.0;Infinity;1;A
user-I050582_session-9E660CDDDD20A34952D94F30C37A47CC7CAA6D82FDC1E2C23E4317D98C53AFFD_analysis-1.csv;user-I050582;2;-1495239152;5;true;1.5666722390152676;0.0;Infinity;1;A
user-I050582_session-9E660CDDDD20A34952D94F30C37A47CC7CAA6D82FDC1E2C23E4317D98C53AFFD_analysis-1.csv;user-I050582;2;3160963;3;true;0.616116108223224;0.0;Infinity;1;A
user-I050582_session-9E660CDDDD20A34952D94F30C37A47CC7CAA6D82FDC1E2C23E4317D98C53AFFD_analysis-1.csv;user-I050582;2;-34704848;4;true;-0.9946444625007478;0.0;Infinity;1;A
user-I050582_session-9E660CDDDD20A34952D94F30C37A47CC7CAA6D82FDC1E2C23E4317D98C53AFFD_analysis-1.csv;user-I050582;3;634041340;5;true;0.14306569914142228;0.0;Infinity;1;A
user-I050582_session-9E660CDDDD20A34952D94F30C37A47CC7CAA6D82FDC1E2C23E4317D98C53AFFD_analysis-1.csv;user-I050582;3;-894945027;3;true;0.45454010909364256;0.0;Infinity;1;A
user-I050582_session-9E660CDDDD20A34952D94F30C37A47CC7CAA6D82FDC1E2C23E4317D98C53AFFD_analysis-1.csv;user-I050582;3;1059714101;4;true;-0.2616391464427551;0.0;Infinity;1;A
user-I050582_session-9E660CDDDD20A34952D94F30C37A47CC7CAA6D82FDC1E2C23E4317D98C53AFFD_analysis-1.csv;user-I050582;3;1942172300;4;true;0.17272992866068135;0.0;Infinity;1;A
user-I050582_session-9E660CDDDD20A34952D94F30C37A47CC7CAA6D82FDC1E2C23E4317D98C53AFFD_analysis-1.csv;user-I050582;3;-1793033923;3;true;0.13388391381403256;0.0;Infinity;1;A
user-I050582_session-9E660CDDDD20A34952D94F30C37A47CC7CAA6D82FDC1E2C23E4317D98C53AFFD_analysis-1.csv;user-I050582;3;1130075109;5;true;-0.8612803574392064;0.0;Infinity;1;A
user-I050582_session-9E660CDDDD20A34952D94F30C37A47CC7CAA6D82FDC1E2C23E4317D98C53AFFD_analysis-1.csv;user-I050582;3;969589569;5;true;-0.8535111544698767;0.0;Infinity;1;A
user-I050582_session-9E660CDDDD20A34952D94F30C37A47CC7CAA6D82FDC1E2C23E4317D98C53AFFD_analysis-1.csv;user-I050582;3;-888851077;6;true;-0.3675828232972518;0.0;Infinity;1;A
user-I050582_session-9E660CDDDD20A34952D94F30C37A47CC7CAA6D82FDC1E2C23E4317D98C53AFFD_analysis-1.csv;user-I050582;3;-1588197685;4;true;-0.24045041107185577;0.0;Infinity;1;A
user-I050582_session-9E660CDDDD20A34952D94F30C37A47CC7CAA6D82FDC1E2C23E4317D98C53AFFD_analysis-1.csv;user-I050582;3;2128707252;4;true;-0.8824690928101058;0.0;Infinity;1;A
user-I050582_session-9E660CDDDD20A34952D94F30C37A47CC7CAA6D82FDC1E2C23E4317D98C53AFFD_analysis-1.csv;user-I050582;3;-1080871648;5;true;-0.871874725124656;0.0;Infinity;1;A
user-I050582_session-9E660CDDDD20A34952D94F30C37A47CC7CAA6D82FDC1E2C23E4317D98C53AFFD_analysis-1.csv;user-I050582;3;-793364673;4;true;-0.7542772438161648;0.0;Infinity;1;A
user-I050582_session-9E660CDDDD20A34952D94F30C37A47CC7CAA6D82FDC1E2C23E4317D98C53AFFD_analysis-1.csv;user-I050582;3;1475812343;4;true;0.02476192665390096;0.0;Infinity;1;A
user-I050582_session-9E660CDDDD20A34952D94F30C37A47CC7CAA6D82FDC1E2C23E4317D98C53AFFD_analysis-1.csv;user-I050582;3;133300037;4;true;-0.6684628655640225;0.0;Infinity;1;A
user-I050582_session-9E660CDDDD20A34952D94F30C37A47CC7CAA6D82FDC1E2C23E4317D98C53AFFD_analysis-1.csv;user-I050582;3;1287356212;4;true;-0.3054291995426137;0.0;Infinity;1;A
user-I050582_session-9E660CDDDD20A34952D94F30C37A47CC7CAA6D82FDC1E2C23E4317D98C53AFFD_analysis-1.csv;user-I050582;3;-451811699;4;true;-0.8912977325479805;0.0;Infinity;1;A
user-I050582_session-9E660CDDDD20A34952D94F30C37A47CC7CAA6D82FDC1E2C23E4317D98C53AFFD_analysis-1.csv;user-I050582;3;1759060709;3;true;-0.6684628655640225;0.0;Infinity;1;A
user-I050582_session-9E660CDDDD20A34952D94F30C37A47CC7CAA6D82FDC1E2C23E4317D98C53AFFD_analysis-1.csv;user-I050582;3;180237740;5;true;1.2296946780790434;0.0;Infinity;1;A
user-I050582_session-9E660CDDDD20A34952D94F30C37A47CC7CAA6D82FDC1E2C23E4317D98C53AFFD_analysis-1.csv;user-I050582;3;226021636;4;true;-0.34992554382150237;0.0;Infinity;1;A
user-I050582_session-9E660CDDDD20A34952D94F30C37A47CC7CAA6D82FDC1E2C23E4317D98C53AFFD_analysis-1.csv;user-I050582;3;-1026511653;5;true;0.3697851676100452;0.0;Infinity;1;A
user-I050582_session-9E660CDDDD20A34952D94F30C37A47CC7CAA6D82FDC1E2C23E4317D98C53AFFD_analysis-1.csv;user-I050582;3;-1793041386;4;true;-0.10978654295130984;0.0;Infinity;1;A
user-I050582_session-9E660CDDDD20A34952D94F30C37A47CC7CAA6D82FDC1E2C23E4317D98C53AFFD_analysis-1.csv;user-I050582;3;-1842831660;4;true;-0.0010177013806932334;0.0;Infinity;1;A
user-I050582_session-9E660CDDDD20A34952D94F30C37A47CC7CAA6D82FDC1E2C23E4317D98C53AFFD_analysis-1.csv;user-I050582;3;-119109108;4;true;-0.8616335030287214;0.0;Infinity;1;A
user-I050582_session-9E660CDDDD20A34952D94F30C37A47CC7CAA6D82FDC1E2C23E4317D98C53AFFD_analysis-1.csv;user-I050582;3;566647236;4;true;3.0522790655659016;0.0;Infinity;1;A
user-I050582_session-9E660CDDDD20A34952D94F30C37A47CC7CAA6D82FDC1E2C23E4317D98C53AFFD_analysis-1.csv;user-I050582;3;1480249781;5;true;0.22287660237180978;0.0;Infinity;1;A
user-I050582_session-9E660CDDDD20A34952D94F30C37A47CC7CAA6D82FDC1E2C23E4317D98C53AFFD_analysis-1.csv;user-I050582;3;1113713674;4;true;2.804370861726379;0.0;Infinity;1;A
user-I050582_session-9E660CDDDD20A34952D94F30C37A47CC7CAA6D82FDC1E2C23E4317D98C53AFFD_analysis-1.csv;user-I050582;3;1403502104;5;true;-0.9078955752551849;0.0;Infinity;1;A
user-I050582_session-9E660CDDDD20A34952D94F30C37A47CC7CAA6D82FDC1E2C23E4317D98C53AFFD_analysis-1.csv;user-I050582;3;2136381878;5;true;0.7148084085661894;0.0;Infinity;1;A
user-I050582_session-9E660CDDDD20A34952D94F30C37A47CC7CAA6D82FDC1E2C23E4317D98C53AFFD_analysis-1.csv;user-I050582;3;996841270;5;true;-0.3329745555247829;0.0;Infinity;1;A
user-I050582_session-9E660CDDDD20A34952D94F30C37A47CC7CAA6D82FDC1E2C23E4317D98C53AFFD_analysis-1.csv;user-I050582;3;-1946477611;5;true;0.20804448761218025;0.0;Infinity;1;A
user-I050582_session-9E660CDDDD20A34952D94F30C37A47CC7CAA6D82FDC1E2C23E4317D98C53AFFD_analysis-1.csv;user-I050582;3;52171476;5;true;-0.20584214329938685;0.0;Infinity;1;A
user-I050582_session-9E660CDDDD20A34952D94F30C37A47CC7CAA6D82FDC1E2C23E4317D98C53AFFD_analysis-1.csv;user-I050582;3;-299422101;5;true;-0.8309098367409173;0.0;Infinity;1;A
user-I050582_session-9E660CDDDD20A34952D94F30C37A47CC7CAA6D82FDC1E2C23E4317D98C53AFFD_analysis-1.csv;user-I050582;3;-238636002;4;true;-0.03703855151122211;0.0;Infinity;1;A
user-I050582_session-9E660CDDDD20A34952D94F30C37A47CC7CAA6D82FDC1E2C23E4317D98C53AFFD_analysis-1.csv;user-I050582;3;-384463888;4;true;-0.7532178070476198;0.0;Infinity;1;A
user-I050582_session-9E660CDDDD20A34952D94F30C37A47CC7CAA6D82FDC1E2C23E4317D98C53AFFD_analysis-1.csv;user-I050582;3;1329984457;4;true;-0.8754061810198059;0.0;Infinity;1;A
user-I050582_session-9E660CDDDD20A34952D94F30C37A47CC7CAA6D82FDC1E2C23E4317D98C53AFFD_analysis-1.csv;user-I050582;3;-1243840510;4;true;3.259928672200715;0.0;Infinity;1;A
user-I050582_session-9E660CDDDD20A34952D94F30C37A47CC7CAA6D82FDC1E2C23E4317D98C53AFFD_analysis-1.csv;user-I050582;3;227723955;4;true;0.3415335204488461;0.0;Infinity;1;A
user-I050582_session-9E660CDDDD20A34952D94F30C37A47CC7CAA6D82FDC1E2C23E4317D98C53AFFD_analysis-1.csv;user-I050582;3;-717607075;4;true;0.17908654927195114;0.0;Infinity;1;A
user-I050582_session-9E660CDDDD20A34952D94F30C37A47CC7CAA6D82FDC1E2C23E4317D98C53AFFD_analysis-1.csv;user-I050582;3;-821458242;5;true;-0.46222584128726885;0.0;Infinity;1;A
user-I050582_session-9E660CDDDD20A34952D94F30C37A47CC7CAA6D82FDC1E2C23E4317D98C53AFFD_analysis-1.csv;user-I050582;3;1304704765;4;true;-0.5003655649548877;0.0;Infinity;1;A
user-I050582_session-9E660CDDDD20A34952D94F30C37A47CC7CAA6D82FDC1E2C23E4317D98C53AFFD_analysis-1.csv;user-I050582;3;-894952490;5;true;-0.7532178070476198;0.0;Infinity;1;A
user-I050582_session-9E660CDDDD20A34952D94F30C37A47CC7CAA6D82FDC1E2C23E4317D98C53AFFD_analysis-1.csv;user-I050582;3;687936692;4;true;-0.30896065543776363;0.0;Infinity;1;A
user-I050582_session-9E660CDDDD20A34952D94F30C37A47CC7CAA6D82FDC1E2C23E4317D98C53AFFD_analysis-1.csv;user-I050582;3;77451168;5;true;-0.7108403363058211;0.0;Infinity;1;A
user-I050582_session-9E660CDDDD20A34952D94F30C37A47CC7CAA6D82FDC1E2C23E4317D98C53AFFD_analysis-1.csv;user-I050582;3;-1356867546;4;true;-0.5483933651289261;0.0;Infinity;1;A
user-I050582_session-9E660CDDDD20A34952D94F30C37A47CC7CAA6D82FDC1E2C23E4317D98C53AFFD_analysis-1.csv;user-I050582;3;-1172099443;4;true;-0.5254389018104518;0.0;Infinity;1;A
user-I050582_session-9E660CDDDD20A34952D94F30C37A47CC7CAA6D82FDC1E2C23E4317D98C53AFFD_analysis-1.csv;user-I050582;3;-519204534;4;true;-0.4311490294099498;0.0;Infinity;1;A
user-I050582_session-9E660CDDDD20A34952D94F30C37A47CC7CAA6D82FDC1E2C23E4317D98C53AFFD_analysis-1.csv;user-I050582;3;-466288339;4;true;0.184030587525161;0.0;Infinity;1;A
user-I050582_session-9E660CDDDD20A34952D94F30C37A47CC7CAA6D82FDC1E2C23E4317D98C53AFFD_analysis-1.csv;user-I050582;3;-398895504;3;true;3.2002470675726817;0.0;Infinity;1;A
user-I050582_session-9E660CDDDD20A34952D94F30C37A47CC7CAA6D82FDC1E2C23E4317D98C53AFFD_analysis-1.csv;user-I050582;3;-128383315;4;true;-0.06740907220951116;0.0;Infinity;1;A
user-I050582_session-9E660CDDDD20A34952D94F30C37A47CC7CAA6D82FDC1E2C23E4317D98C53AFFD_analysis-1.csv;user-I050582;3;1791027806;4;true;0.38426413678015975;0.0;Infinity;1;A
user-I050582_session-9E660CDDDD20A34952D94F30C37A47CC7CAA6D82FDC1E2C23E4317D98C53AFFD_analysis-1.csv;user-I050582;3;-444137073;3;true;0.34965586900769086;0.0;Infinity;1;A
user-I050582_session-9E660CDDDD20A34952D94F30C37A47CC7CAA6D82FDC1E2C23E4317D98C53AFFD_analysis-1.csv;user-I050582;3;-2074147643;4;true;-0.3824149380568813;0.0;Infinity;1;A
user-I050582_session-9E660CDDDD20A34952D94F30C37A47CC7CAA6D82FDC1E2C23E4317D98C53AFFD_analysis-1.csv;user-I050582;3;-427092133;4;true;-0.3357997202409028;0.0;Infinity;1;A
user-I050582_session-9E660CDDDD20A34952D94F30C37A47CC7CAA6D82FDC1E2C23E4317D98C53AFFD_analysis-1.csv;user-I050582;3;597102366;3;true;0.7215181747669742;0.0;Infinity;1;A
user-I050582_session-9E660CDDDD20A34952D94F30C37A47CC7CAA6D82FDC1E2C23E4317D98C53AFFD_analysis-1.csv;user-I050582;3;1195243811;5;true;-0.3418031952626576;0.0;Infinity;1;A
user-I050582_session-9E660CDDDD20A34952D94F30C37A47CC7CAA6D82FDC1E2C23E4317D98C53AFFD_analysis-1.csv;user-I050582;3;1904287604;4;true;-0.7574555541217997;0.0;Infinity;1;A
user-I050582_session-9E660CDDDD20A34952D94F30C37A47CC7CAA6D82FDC1E2C23E4317D98C53AFFD_analysis-1.csv;user-I050582;3;-243553406;4;true;0.4757288444645419;0.0;Infinity;1;A
user-I050582_session-9E660CDDDD20A34952D94F30C37A47CC7CAA6D82FDC1E2C23E4317D98C53AFFD_analysis-1.csv;user-I050582;3;-1833557453;3;true;-0.8125462660861379;0.0;Infinity;1;A
user-I050582_session-9E660CDDDD20A34952D94F30C37A47CC7CAA6D82FDC1E2C23E4317D98C53AFFD_analysis-1.csv;user-I050582;3;26857483;4;true;-0.7853540556934838;0.0;Infinity;1;A
user-I050582_session-9E660CDDDD20A34952D94F30C37A47CC7CAA6D82FDC1E2C23E4317D98C53AFFD_analysis-1.csv;user-I050582;3;-1488426709;4;true;0.2320583876991995;0.0;Infinity;1;A
user-I050582_session-9E660CDDDD20A34952D94F30C37A47CC7CAA6D82FDC1E2C23E4317D98C53AFFD_analysis-1.csv;user-I050582;3;-2013871715;4;true;2.816730957359404;0.0;Infinity;1;A
user-I050582_session-9E660CDDDD20A34952D94F30C37A47CC7CAA6D82FDC1E2C23E4317D98C53AFFD_analysis-1.csv;user-I050582;3;403215000;4;true;-0.681176106786562;0.0;Infinity;1;A
user-I050582_session-9E660CDDDD20A34952D94F30C37A47CC7CAA6D82FDC1E2C23E4317D98C53AFFD_analysis-1.csv;user-I050582;3;-136490928;3;true;-0.7616933011959796;0.0;Infinity;1;A
user-I050582_session-9E660CDDDD20A34952D94F30C37A47CC7CAA6D82FDC1E2C23E4317D98C53AFFD_analysis-1.csv;user-I050582;3;1408419508;4;true;-0.3834743748254263;0.0;Infinity;1;A
user-I050582_session-9E660CDDDD20A34952D94F30C37A47CC7CAA6D82FDC1E2C23E4317D98C53AFFD_analysis-1.csv;user-I050582;3;443753300;4;true;1.7406963461072322;0.0;Infinity;1;A
user-I050582_session-9E660CDDDD20A34952D94F30C37A47CC7CAA6D82FDC1E2C23E4317D98C53AFFD_analysis-1.csv;user-I050582;3;-409743580;6;true;-0.5024844384919775;0.0;Infinity;1;A
user-I050582_session-9E660CDDDD20A34952D94F30C37A47CC7CAA6D82FDC1E2C23E4317D98C53AFFD_analysis-1.csv;user-I050582;3;-489710141;5;true;0.05442615617316004;0.0;Infinity;1;A
user-I050582_session-9E660CDDDD20A34952D94F30C37A47CC7CAA6D82FDC1E2C23E4317D98C53AFFD_analysis-1.csv;user-I050582;3;2090808810;4;true;-0.08259433255865568;0.0;Infinity;1;A
user-I050582_session-9E660CDDDD20A34952D94F30C37A47CC7CAA6D82FDC1E2C23E4317D98C53AFFD_analysis-1.csv;user-I050582;3;-1347627382;4;true;-0.6797635244285021;0.0;Infinity;1;A
user-I050582_session-9E660CDDDD20A34952D94F30C37A47CC7CAA6D82FDC1E2C23E4317D98C53AFFD_analysis-1.csv;user-I050582;3;-2136765651;5;true;1.5870780146682122;0.0;Infinity;1;A
user-I050582_session-9E660CDDDD20A34952D94F30C37A47CC7CAA6D82FDC1E2C23E4317D98C53AFFD_analysis-1.csv;user-I050582;3;787477565;5;true;0.666427462802636;0.0;Infinity;1;A
user-I050582_session-9E660CDDDD20A34952D94F30C37A47CC7CAA6D82FDC1E2C23E4317D98C53AFFD_analysis-1.csv;user-I050582;3;1766619821;4;true;-0.44315597945345947;0.0;Infinity;1;A
user-I050582_session-9E660CDDDD20A34952D94F30C37A47CC7CAA6D82FDC1E2C23E4317D98C53AFFD_analysis-1.csv;user-I050582;3;-1117345979;4;true;1.7082069518718532;0.0;Infinity;1;A
user-I050582_session-9E660CDDDD20A34952D94F30C37A47CC7CAA6D82FDC1E2C23E4317D98C53AFFD_analysis-1.csv;user-I050582;3;-1534210605;4;true;0.7130426806186145;0.0;Infinity;1;A
user-I050582_session-9E660CDDDD20A34952D94F30C37A47CC7CAA6D82FDC1E2C23E4317D98C53AFFD_analysis-1.csv;user-I050582;3;1499647303;4;true;-0.8379727485312172;0.0;Infinity;1;A
user-I050582_session-9E660CDDDD20A34952D94F30C37A47CC7CAA6D82FDC1E2C23E4317D98C53AFFD_analysis-1.csv;user-I050582;3;-234198564;4;true;0.6734903745929357;0.0;Infinity;1;A
user-I050582_session-9E660CDDDD20A34952D94F30C37A47CC7CAA6D82FDC1E2C23E4317D98C53AFFD_analysis-1.csv;user-I050582;3;-1177016847;6;true;-0.8506859897537568;0.0;Infinity;1;A
user-I050582_session-9E660CDDDD20A34952D94F30C37A47CC7CAA6D82FDC1E2C23E4317D98C53AFFD_analysis-1.csv;user-I050582;3;489326368;5;true;0.1451845726785122;0.0;Infinity;1;A
user-I050582_session-9E660CDDDD20A34952D94F30C37A47CC7CAA6D82FDC1E2C23E4317D98C53AFFD_analysis-1.csv;user-I050582;3;-1506999994;5;true;-0.3552227276642272;0.0;Infinity;1;A
user-I050582_session-9E660CDDDD20A34952D94F30C37A47CC7CAA6D82FDC1E2C23E4317D98C53AFFD_analysis-1.csv;user-I050582;3;787485028;4;true;0.7052734776492847;0.0;Infinity;1;A
user-I050582_session-9E660CDDDD20A34952D94F30C37A47CC7CAA6D82FDC1E2C23E4317D98C53AFFD_analysis-1.csv;user-I050582;3;796972513;5;true;0.3252888233311566;0.0;Infinity;1;A
user-I050582_session-9E660CDDDD20A34952D94F30C37A47CC7CAA6D82FDC1E2C23E4317D98C53AFFD_analysis-1.csv;user-I050582;3;-1668882496;4;true;-0.6854138538607419;0.0;Infinity;1;A
user-I050582_session-9E660CDDDD20A34952D94F30C37A47CC7CAA6D82FDC1E2C23E4317D98C53AFFD_analysis-1.csv;user-I050582;3;2117663345;4;true;-0.5604003151724358;0.0;Infinity;1;A
user-I050582_session-9E660CDDDD20A34952D94F30C37A47CC7CAA6D82FDC1E2C23E4317D98C53AFFD_analysis-1.csv;user-I050582;3;357580799;5;true;-0.683294980323652;0.0;Infinity;1;A
user-I050582_session-9E660CDDDD20A34952D94F30C37A47CC7CAA6D82FDC1E2C23E4317D98C53AFFD_analysis-1.csv;user-I050582;3;1073518957;4;true;-0.6684628655640225;0.0;Infinity;1;A
user-I050582_session-9E660CDDDD20A34952D94F30C37A47CC7CAA6D82FDC1E2C23E4317D98C53AFFD_analysis-1.csv;user-I050582;3;1232891569;5;true;-0.8083085190119581;0.0;Infinity;1;A
user-I050582_session-9E660CDDDD20A34952D94F30C37A47CC7CAA6D82FDC1E2C23E4317D98C53AFFD_analysis-1.csv;user-I050582;3;-1520804850;5;true;-0.2203211124695014;0.0;Infinity;1;A
user-I050582_session-9E660CDDDD20A34952D94F30C37A47CC7CAA6D82FDC1E2C23E4317D98C53AFFD_analysis-1.csv;user-I050582;3;-1687590862;5;true;-0.8591614839021164;0.0;Infinity;1;A
user-I050582_session-9E660CDDDD20A34952D94F30C37A47CC7CAA6D82FDC1E2C23E4317D98C53AFFD_analysis-1.csv;user-I050582;3;-1783546438;4;true;0.7773151779103425;0.0;Infinity;1;A
user-I050582_session-9E660CDDDD20A34952D94F30C37A47CC7CAA6D82FDC1E2C23E4317D98C53AFFD_analysis-1.csv;user-I050582;3;-1450443842;4;true;-0.8457419515005469;0.0;Infinity;1;A
user-I050582_session-9E660CDDDD20A34952D94F30C37A47CC7CAA6D82FDC1E2C23E4317D98C53AFFD_analysis-1.csv;user-I050582;3;45565849;4;true;-0.5130788061774273;0.0;Infinity;1;A
user-I050582_session-9E660CDDDD20A34952D94F30C37A47CC7CAA6D82FDC1E2C23E4317D98C53AFFD_analysis-1.csv;user-I050582;3;-744858776;6;true;-0.8803502192730158;0.0;Infinity;1;A
user-I050582_session-9E660CDDDD20A34952D94F30C37A47CC7CAA6D82FDC1E2C23E4317D98C53AFFD_analysis-1.csv;user-I050582;3;825597268;5;true;-0.1461605386713537;0.0;Infinity;1;A
user-I050582_session-9E660CDDDD20A34952D94F30C37A47CC7CAA6D82FDC1E2C23E4317D98C53AFFD_analysis-1.csv;user-I050582;3;-2113343849;5;true;2.071240617893262;0.0;Infinity;1;A
user-I050582_session-9E660CDDDD20A34952D94F30C37A47CC7CAA6D82FDC1E2C23E4317D98C53AFFD_analysis-1.csv;user-I050582;3;921083672;4;true;-0.6416238007608832;0.0;Infinity;1;A
user-I050582_session-9E660CDDDD20A34952D94F30C37A47CC7CAA6D82FDC1E2C23E4317D98C53AFFD_analysis-1.csv;user-I050582;3;-676231347;4;true;-0.8217280514135277;0.0;Infinity;1;A
user-I050582_session-9E660CDDDD20A34952D94F30C37A47CC7CAA6D82FDC1E2C23E4317D98C53AFFD_analysis-1.csv;user-I050582;3;1248160006;5;true;-0.06105245159824136;0.0;Infinity;1;A
user-I050582_session-9E660CDDDD20A34952D94F30C37A47CC7CAA6D82FDC1E2C23E4317D98C53AFFD_analysis-1.csv;user-I050582;3;1791899513;3;true;-0.8104273925490479;0.0;Infinity;1;A
user-I050582_session-9E660CDDDD20A34952D94F30C37A47CC7CAA6D82FDC1E2C23E4317D98C53AFFD_analysis-1.csv;user-I050582;3;1847748382;6;true;-0.8196091778764377;0.0;Infinity;1;A
user-I050582_session-9E660CDDDD20A34952D94F30C37A47CC7CAA6D82FDC1E2C23E4317D98C53AFFD_analysis-1.csv;user-I050582;3;819495855;4;true;-0.8867068398842857;0.0;Infinity;1;A
user-I050582_session-9E660CDDDD20A34952D94F30C37A47CC7CAA6D82FDC1E2C23E4317D98C53AFFD_analysis-1.csv;user-I050582;3;819503318;4;true;-0.052576957449881626;0.0;Infinity;1;A
user-I050582_session-9E660CDDDD20A34952D94F30C37A47CC7CAA6D82FDC1E2C23E4317D98C53AFFD_analysis-1.csv;user-I050582;3;-1466805277;3;true;3.26451956486441;0.0;Infinity;1;A
user-I050582_session-9E660CDDDD20A34952D94F30C37A47CC7CAA6D82FDC1E2C23E4317D98C53AFFD_analysis-1.csv;user-I050582;3;-1850939273;6;true;-0.717196956917091;0.0;Infinity;1;A
user-I050582_session-9E660CDDDD20A34952D94F30C37A47CC7CAA6D82FDC1E2C23E4317D98C53AFFD_analysis-1.csv;user-I050582;3;76579461;5;true;-0.23197491692349603;0.0;Infinity;1;A
user-I050582_session-9E660CDDDD20A34952D94F30C37A47CC7CAA6D82FDC1E2C23E4317D98C53AFFD_analysis-1.csv;user-I050582;3;-2091192583;4;true;0.7992102044602718;0.0;Infinity;1;A
user-I050582_session-9E660CDDDD20A34952D94F30C37A47CC7CAA6D82FDC1E2C23E4317D98C53AFFD_analysis-1.csv;user-I050582;3;470607835;6;true;2.208967397804108;0.0;Infinity;1;A
user-I050582_session-9E660CDDDD20A34952D94F30C37A47CC7CAA6D82FDC1E2C23E4317D98C53AFFD_analysis-1.csv;user-I050582;3;1470894939;5;true;0.5216377711014905;0.0;Infinity;1;A
user-I050582_session-9E660CDDDD20A34952D94F30C37A47CC7CAA6D82FDC1E2C23E4317D98C53AFFD_analysis-1.csv;user-I050582;3;-359699298;5;true;-0.35027868941101736;0.0;Infinity;1;A
user-I050582_session-9E660CDDDD20A34952D94F30C37A47CC7CAA6D82FDC1E2C23E4317D98C53AFFD_analysis-1.csv;user-I050582;3;-2013870446;8;true;-0.810780538138563;0.0;Infinity;1;A
user-I050582_session-9E660CDDDD20A34952D94F30C37A47CC7CAA6D82FDC1E2C23E4317D98C53AFFD_analysis-1.csv;user-I050582;3;126250660;5;true;-0.36899540565531175;0.0;Infinity;1;A
