session ;user;query position;cell hashcode;cell computation time;novelty;outlierness;relevance;surprise;query label;session label
user-I051069_session-687ECC64E4980354EB0247A82F3E2C895961472A05E14D1ACBD44B5029F9DAA2_analysis-7.csv;user-I051069;1;-1120503911;3;true;-0.15217764656008037;0.0;Infinity;0;A
user-I051069_session-687ECC64E4980354EB0247A82F3E2C895961472A05E14D1ACBD44B5029F9DAA2_analysis-7.csv;user-I051069;1;-943318421;4;true;0.042324851738389443;0.0;Infinity;0;A
user-I051069_session-687ECC64E4980354EB0247A82F3E2C895961472A05E14D1ACBD44B5029F9DAA2_analysis-7.csv;user-I051069;1;-728483002;5;true;-1.4026980077230053;0.0;Infinity;0;A
user-I051069_session-687ECC64E4980354EB0247A82F3E2C895961472A05E14D1ACBD44B5029F9DAA2_analysis-7.csv;user-I051069;1;-1666786583;5;true;1.574772831660648;0.0;Infinity;0;A
user-I051069_session-687ECC64E4980354EB0247A82F3E2C895961472A05E14D1ACBD44B5029F9DAA2_analysis-7.csv;user-I051069;1;-1627985141;6;true;0.8076926507722815;0.0;Infinity;0;A
user-I051069_session-687ECC64E4980354EB0247A82F3E2C895961472A05E14D1ACBD44B5029F9DAA2_analysis-7.csv;user-I051069;1;-481075126;6;true;0.07952902312349465;0.0;Infinity;0;A
user-I051069_session-687ECC64E4980354EB0247A82F3E2C895961472A05E14D1ACBD44B5029F9DAA2_analysis-7.csv;user-I051069;1;1781502284;4;true;1.8374896664900966;0.0;Infinity;0;A
user-I051069_session-687ECC64E4980354EB0247A82F3E2C895961472A05E14D1ACBD44B5029F9DAA2_analysis-7.csv;user-I051069;1;-1464537009;4;true;-0.8491705732641369;0.0;Infinity;0;A
user-I051069_session-687ECC64E4980354EB0247A82F3E2C895961472A05E14D1ACBD44B5029F9DAA2_analysis-7.csv;user-I051069;1;-78583711;6;true;-1.043900497277654;0.0;Infinity;0;A
user-I051069_session-687ECC64E4980354EB0247A82F3E2C895961472A05E14D1ACBD44B5029F9DAA2_analysis-7.csv;user-I051069;1;-1927930493;3;true;0.7705018573704144;0.0;Infinity;0;A
user-I051069_session-687ECC64E4980354EB0247A82F3E2C895961472A05E14D1ACBD44B5029F9DAA2_analysis-7.csv;user-I051069;1;605351513;5;true;-0.4933964870305922;1.0;Infinity;0;A
user-I051069_session-687ECC64E4980354EB0247A82F3E2C895961472A05E14D1ACBD44B5029F9DAA2_analysis-7.csv;user-I051069;1;396611947;5;true;-0.30352277093249863;0.0;Infinity;0;A
user-I051069_session-687ECC64E4980354EB0247A82F3E2C895961472A05E14D1ACBD44B5029F9DAA2_analysis-7.csv;user-I051069;1;496368243;5;true;-0.8674448983673565;0.0;Infinity;0;A
user-I051069_session-687ECC64E4980354EB0247A82F3E2C895961472A05E14D1ACBD44B5029F9DAA2_analysis-7.csv;user-I051069;2;-1120503911;4;true;-0.15217764656008037;0.0;Infinity;0;A
user-I051069_session-687ECC64E4980354EB0247A82F3E2C895961472A05E14D1ACBD44B5029F9DAA2_analysis-7.csv;user-I051069;2;-943318421;3;true;0.042324851738389443;0.0;Infinity;0;A
user-I051069_session-687ECC64E4980354EB0247A82F3E2C895961472A05E14D1ACBD44B5029F9DAA2_analysis-7.csv;user-I051069;2;-728483002;5;true;-1.4026980077230053;0.0;Infinity;0;A
user-I051069_session-687ECC64E4980354EB0247A82F3E2C895961472A05E14D1ACBD44B5029F9DAA2_analysis-7.csv;user-I051069;2;-1666786583;3;true;1.574772831660648;0.0;Infinity;0;A
user-I051069_session-687ECC64E4980354EB0247A82F3E2C895961472A05E14D1ACBD44B5029F9DAA2_analysis-7.csv;user-I051069;2;-1627985141;4;true;0.8076926507722815;0.0;Infinity;0;A
user-I051069_session-687ECC64E4980354EB0247A82F3E2C895961472A05E14D1ACBD44B5029F9DAA2_analysis-7.csv;user-I051069;2;-481075126;5;true;0.07952902312349465;0.0;Infinity;0;A
user-I051069_session-687ECC64E4980354EB0247A82F3E2C895961472A05E14D1ACBD44B5029F9DAA2_analysis-7.csv;user-I051069;2;1781502284;4;true;1.8374896664900966;0.0;Infinity;0;A
user-I051069_session-687ECC64E4980354EB0247A82F3E2C895961472A05E14D1ACBD44B5029F9DAA2_analysis-7.csv;user-I051069;2;-1464537009;4;true;-0.8491705732641369;0.0;Infinity;0;A
user-I051069_session-687ECC64E4980354EB0247A82F3E2C895961472A05E14D1ACBD44B5029F9DAA2_analysis-7.csv;user-I051069;2;-78583711;3;true;-1.043900497277654;0.0;Infinity;0;A
user-I051069_session-687ECC64E4980354EB0247A82F3E2C895961472A05E14D1ACBD44B5029F9DAA2_analysis-7.csv;user-I051069;2;-1927930493;3;true;0.7705018573704144;0.0;Infinity;0;A
user-I051069_session-687ECC64E4980354EB0247A82F3E2C895961472A05E14D1ACBD44B5029F9DAA2_analysis-7.csv;user-I051069;2;605351513;4;true;-0.4933964870305922;1.0;Infinity;0;A
user-I051069_session-687ECC64E4980354EB0247A82F3E2C895961472A05E14D1ACBD44B5029F9DAA2_analysis-7.csv;user-I051069;2;396611947;4;true;-0.30352277093249863;0.0;Infinity;0;A
user-I051069_session-687ECC64E4980354EB0247A82F3E2C895961472A05E14D1ACBD44B5029F9DAA2_analysis-7.csv;user-I051069;2;496368243;4;true;-0.8674448983673565;0.0;Infinity;0;A
user-I051069_session-687ECC64E4980354EB0247A82F3E2C895961472A05E14D1ACBD44B5029F9DAA2_analysis-7.csv;user-I051069;3;-277026724;4;true;NaN;0.07692307692307693;Infinity;0;A
