session ;user;query position;cell hashcode;cell computation time;novelty;outlierness;relevance;surprise;query label;session label
user-I316785_session-DD54A635898ECEBAD9BB422E49965C1C2F0A1CFD54306A8629A64F7CEB248E5F_analysis-1.csv;user-I316785;1;-248491594;6;false;-0.04879027721548408;1.0;34.208133283288355;1;A
user-I316785_session-DD54A635898ECEBAD9BB422E49965C1C2F0A1CFD54306A8629A64F7CEB248E5F_analysis-1.csv;user-I316785;1;-321453845;7;false;2.110360995561129;1.0;34.208133283288355;1;A
user-I316785_session-DD54A635898ECEBAD9BB422E49965C1C2F0A1CFD54306A8629A64F7CEB248E5F_analysis-1.csv;user-I316785;1;1489810226;5;false;0.05860260111662897;1.0;35.12442401516251;1;A
user-I316785_session-DD54A635898ECEBAD9BB422E49965C1C2F0A1CFD54306A8629A64F7CEB248E5F_analysis-1.csv;user-I316785;1;-632117489;5;false;-0.7827785058926123;1.0;34.208133283288355;1;A
user-I316785_session-DD54A635898ECEBAD9BB422E49965C1C2F0A1CFD54306A8629A64F7CEB248E5F_analysis-1.csv;user-I316785;1;2015794297;6;false;1.3618962890208766;1.0;34.208133283288355;1;A
user-I316785_session-DD54A635898ECEBAD9BB422E49965C1C2F0A1CFD54306A8629A64F7CEB248E5F_analysis-1.csv;user-I316785;1;-178146308;5;false;-0.8280560004857881;1.0;34.208133283288355;1;A
user-I316785_session-DD54A635898ECEBAD9BB422E49965C1C2F0A1CFD54306A8629A64F7CEB248E5F_analysis-1.csv;user-I316785;1;1951725282;4;false;0.1848867697098403;1.0;35.12442401516251;1;A
user-I316785_session-DD54A635898ECEBAD9BB422E49965C1C2F0A1CFD54306A8629A64F7CEB248E5F_analysis-1.csv;user-I316785;1;1951732745;4;false;1.5483451102934553;1.0;35.12442401516251;1;A
user-I316785_session-DD54A635898ECEBAD9BB422E49965C1C2F0A1CFD54306A8629A64F7CEB248E5F_analysis-1.csv;user-I316785;1;419388941;6;false;-1.126209842432687;1.0;35.12442401516251;1;A
user-I316785_session-DD54A635898ECEBAD9BB422E49965C1C2F0A1CFD54306A8629A64F7CEB248E5F_analysis-1.csv;user-I316785;1;1468909202;4;false;-0.6624492005338777;1.0;34.208133283288355;1;A
user-I316785_session-DD54A635898ECEBAD9BB422E49965C1C2F0A1CFD54306A8629A64F7CEB248E5F_analysis-1.csv;user-I316785;1;1257473822;4;false;-0.5945842936719974;1.0;34.208133283288355;1;A
user-I316785_session-DD54A635898ECEBAD9BB422E49965C1C2F0A1CFD54306A8629A64F7CEB248E5F_analysis-1.csv;user-I316785;1;-389581688;3;false;-0.4726122674209933;1.0;34.208133283288355;1;A
user-I316785_session-DD54A635898ECEBAD9BB422E49965C1C2F0A1CFD54306A8629A64F7CEB248E5F_analysis-1.csv;user-I316785;1;1325601665;4;false;0.06815091630294494;1.0;34.208133283288355;1;A
user-I316785_session-DD54A635898ECEBAD9BB422E49965C1C2F0A1CFD54306A8629A64F7CEB248E5F_analysis-1.csv;user-I316785;1;1398563916;4;false;-0.8167622943514359;1.0;34.208133283288355;1;A
