session ;user;query position;cell hashcode;cell computation time;novelty;outlierness;relevance;surprise;query label;session label
user-I051911_session-547BFC0A9BECA12855B0C21A1D028732A75106E4BFAC87C9590A6616878B5C90_analysis-3.csv;user-I051911;1;-1716324496;3;false;1.1015541199105257;1.0;22.99694359314521;1;B
user-I051911_session-547BFC0A9BECA12855B0C21A1D028732A75106E4BFAC87C9590A6616878B5C90_analysis-3.csv;user-I051911;1;-1094907858;3;false;-0.6460397994104414;1.0;22.99694359314521;1;B
user-I051911_session-547BFC0A9BECA12855B0C21A1D028732A75106E4BFAC87C9590A6616878B5C90_analysis-3.csv;user-I051911;1;-657987788;5;false;0.5676875111116866;1.0;22.99694359314521;1;B
user-I051911_session-547BFC0A9BECA12855B0C21A1D028732A75106E4BFAC87C9590A6616878B5C90_analysis-3.csv;user-I051911;1;-1009694579;3;false;-1.0232018316117708;1.0;22.99694359314521;1;B
user-I051911_session-547BFC0A9BECA12855B0C21A1D028732A75106E4BFAC87C9590A6616878B5C90_analysis-3.csv;user-I051911;2;-1645642369;4;false;2.0132237368826345;1.0;15.452611485091522;1;B
user-I051911_session-547BFC0A9BECA12855B0C21A1D028732A75106E4BFAC87C9590A6616878B5C90_analysis-3.csv;user-I051911;2;1959132295;4;false;1.0040879931630609;1.0;15.452611485091522;1;B
user-I051911_session-547BFC0A9BECA12855B0C21A1D028732A75106E4BFAC87C9590A6616878B5C90_analysis-3.csv;user-I051911;2;385039036;5;false;-0.6713884937964821;1.0;15.452611485091522;1;B
user-I051911_session-547BFC0A9BECA12855B0C21A1D028732A75106E4BFAC87C9590A6616878B5C90_analysis-3.csv;user-I051911;2;-1709703921;9;false;-0.10485383338845913;1.0;16.368902216965676;1;B
user-I051911_session-547BFC0A9BECA12855B0C21A1D028732A75106E4BFAC87C9590A6616878B5C90_analysis-3.csv;user-I051911;2;1052919571;6;false;-0.9046209383535668;1.0;16.368902216965676;1;B
user-I051911_session-547BFC0A9BECA12855B0C21A1D028732A75106E4BFAC87C9590A6616878B5C90_analysis-3.csv;user-I051911;2;2102439832;4;false;-0.7903119901167142;1.0;15.452611485091522;1;B
user-I051911_session-547BFC0A9BECA12855B0C21A1D028732A75106E4BFAC87C9590A6616878B5C90_analysis-3.csv;user-I051911;2;-1709711384;10;false;-0.043150733302130345;1.0;16.368902216965676;1;B
user-I051911_session-547BFC0A9BECA12855B0C21A1D028732A75106E4BFAC87C9590A6616878B5C90_analysis-3.csv;user-I051911;2;455384322;6;false;-0.9607865807398405;1.0;15.452611485091522;1;B
user-I051911_session-547BFC0A9BECA12855B0C21A1D028732A75106E4BFAC87C9590A6616878B5C90_analysis-3.csv;user-I051911;2;312076785;3;false;1.9043204021148834;1.0;15.452611485091522;1;B
user-I051911_session-547BFC0A9BECA12855B0C21A1D028732A75106E4BFAC87C9590A6616878B5C90_analysis-3.csv;user-I051911;2;2032094546;4;false;-0.9878146480853477;1.0;15.452611485091522;1;B
user-I051911_session-547BFC0A9BECA12855B0C21A1D028732A75106E4BFAC87C9590A6616878B5C90_analysis-3.csv;user-I051911;2;1891004452;4;false;0.035164739884363874;1.0;15.452611485091522;1;B
user-I051911_session-547BFC0A9BECA12855B0C21A1D028732A75106E4BFAC87C9590A6616878B5C90_analysis-3.csv;user-I051911;2;243948942;3;false;0.2854050902344751;1.0;15.452611485091522;1;B
user-I051911_session-547BFC0A9BECA12855B0C21A1D028732A75106E4BFAC87C9590A6616878B5C90_analysis-3.csv;user-I051911;2;1413141;4;false;-0.6351313302842163;1.0;15.452611485091522;1;B
user-I051911_session-547BFC0A9BECA12855B0C21A1D028732A75106E4BFAC87C9590A6616878B5C90_analysis-3.csv;user-I051911;2;2123340856;3;false;-0.14414341421265994;1.0;16.368902216965676;1;B
