session ;user;query position;cell hashcode;cell computation time;novelty;outlierness;relevance;surprise;query label;session label
user-a_session-3C604A43A349CDC4130E5F83A8625EE6C83A2283F66A05BD44300AE9E67250DE_analysis-2.csv;user-a;1;-2037123451;4;true;0.2013218405277723;0.0;Infinity;0;B
user-a_session-3C604A43A349CDC4130E5F83A8625EE6C83A2283F66A05BD44300AE9E67250DE_analysis-2.csv;user-a;1;-408361172;4;true;-0.450343559788196;0.0;Infinity;0;B
user-a_session-3C604A43A349CDC4130E5F83A8625EE6C83A2283F66A05BD44300AE9E67250DE_analysis-2.csv;user-a;1;-1166362803;5;true;-0.7750009270465515;0.0;Infinity;0;B
user-a_session-3C604A43A349CDC4130E5F83A8625EE6C83A2283F66A05BD44300AE9E67250DE_analysis-2.csv;user-a;1;-350251052;4;true;-0.032937216558676825;0.0;Infinity;0;B
user-a_session-3C604A43A349CDC4130E5F83A8625EE6C83A2283F66A05BD44300AE9E67250DE_analysis-2.csv;user-a;1;-331409976;3;true;-0.3678711415935499;0.0;Infinity;0;B
user-a_session-3C604A43A349CDC4130E5F83A8625EE6C83A2283F66A05BD44300AE9E67250DE_analysis-2.csv;user-a;1;-1286446704;4;true;0.7381032895111006;0.0;Infinity;0;B
user-a_session-3C604A43A349CDC4130E5F83A8625EE6C83A2283F66A05BD44300AE9E67250DE_analysis-2.csv;user-a;1;-959138187;4;true;-0.9429822705506491;0.0;Infinity;0;B
user-a_session-3C604A43A349CDC4130E5F83A8625EE6C83A2283F66A05BD44300AE9E67250DE_analysis-2.csv;user-a;1;-1057570184;4;true;-0.7330152703826418;0.0;Infinity;0;B
user-a_session-3C604A43A349CDC4130E5F83A8625EE6C83A2283F66A05BD44300AE9E67250DE_analysis-2.csv;user-a;1;446093888;4;true;0.6482636081526647;0.0;Infinity;0;B
user-a_session-3C604A43A349CDC4130E5F83A8625EE6C83A2283F66A05BD44300AE9E67250DE_analysis-2.csv;user-a;1;-1372311413;4;true;-0.5563834767372776;0.0;Infinity;0;B
user-a_session-3C604A43A349CDC4130E5F83A8625EE6C83A2283F66A05BD44300AE9E67250DE_analysis-2.csv;user-a;1;-2039739472;4;true;-0.15036541793286584;0.0;Infinity;0;B
user-a_session-3C604A43A349CDC4130E5F83A8625EE6C83A2283F66A05BD44300AE9E67250DE_analysis-2.csv;user-a;1;1144344331;4;true;-0.7592431697240013;0.0;Infinity;0;B
user-a_session-3C604A43A349CDC4130E5F83A8625EE6C83A2283F66A05BD44300AE9E67250DE_analysis-2.csv;user-a;1;-1022467264;5;true;-0.6002662589756468;0.0;Infinity;0;B
user-a_session-3C604A43A349CDC4130E5F83A8625EE6C83A2283F66A05BD44300AE9E67250DE_analysis-2.csv;user-a;1;-1136318210;4;true;-0.35445298811355447;0.0;Infinity;0;B
user-a_session-3C604A43A349CDC4130E5F83A8625EE6C83A2283F66A05BD44300AE9E67250DE_analysis-2.csv;user-a;1;-1260465641;4;true;-0.8737288906153553;0.0;Infinity;0;B
user-a_session-3C604A43A349CDC4130E5F83A8625EE6C83A2283F66A05BD44300AE9E67250DE_analysis-2.csv;user-a;1;-923101891;4;true;0.07959053799635475;0.0;Infinity;0;B
user-a_session-3C604A43A349CDC4130E5F83A8625EE6C83A2283F66A05BD44300AE9E67250DE_analysis-2.csv;user-a;1;1139123511;4;true;0.6917868767982063;0.0;Infinity;0;B
user-a_session-3C604A43A349CDC4130E5F83A8625EE6C83A2283F66A05BD44300AE9E67250DE_analysis-2.csv;user-a;1;1463428432;5;true;-0.6229543321722425;0.0;Infinity;0;B
user-a_session-3C604A43A349CDC4130E5F83A8625EE6C83A2283F66A05BD44300AE9E67250DE_analysis-2.csv;user-a;1;-615390679;4;true;-0.2965989545600705;0.0;Infinity;0;B
user-a_session-3C604A43A349CDC4130E5F83A8625EE6C83A2283F66A05BD44300AE9E67250DE_analysis-2.csv;user-a;1;2013022395;4;true;-0.3183135755668562;0.0;Infinity;0;B
user-a_session-3C604A43A349CDC4130E5F83A8625EE6C83A2283F66A05BD44300AE9E67250DE_analysis-2.csv;user-a;1;-1109142080;4;true;-0.607218698763097;0.0;Infinity;0;B
user-a_session-3C604A43A349CDC4130E5F83A8625EE6C83A2283F66A05BD44300AE9E67250DE_analysis-2.csv;user-a;1;-1484484737;4;true;3.3045380852267434;0.0;Infinity;0;B
user-a_session-3C604A43A349CDC4130E5F83A8625EE6C83A2283F66A05BD44300AE9E67250DE_analysis-2.csv;user-a;1;1472598139;4;true;1.908795698303066;0.0;Infinity;0;B
user-a_session-3C604A43A349CDC4130E5F83A8625EE6C83A2283F66A05BD44300AE9E67250DE_analysis-2.csv;user-a;1;885563535;4;true;-0.8884025761810717;0.0;Infinity;0;B
user-a_session-3C604A43A349CDC4130E5F83A8625EE6C83A2283F66A05BD44300AE9E67250DE_analysis-2.csv;user-a;1;-350129005;4;true;-0.8663892823433216;0.0;Infinity;0;B
user-a_session-3C604A43A349CDC4130E5F83A8625EE6C83A2283F66A05BD44300AE9E67250DE_analysis-2.csv;user-a;1;-1592195928;4;true;3.59824409763182;0.0;Infinity;0;B
user-a_session-3C604A43A349CDC4130E5F83A8625EE6C83A2283F66A05BD44300AE9E67250DE_analysis-2.csv;user-a;1;1687003687;4;true;-0.11321936732625035;0.0;Infinity;0;B
user-a_session-3C604A43A349CDC4130E5F83A8625EE6C83A2283F66A05BD44300AE9E67250DE_analysis-2.csv;user-a;1;749507739;4;true;-0.2244971207739122;0.0;Infinity;0;B
user-a_session-3C604A43A349CDC4130E5F83A8625EE6C83A2283F66A05BD44300AE9E67250DE_analysis-2.csv;user-a;1;-1315216109;6;true;-0.5123181722133191;0.0;Infinity;0;B
user-a_session-3C604A43A349CDC4130E5F83A8625EE6C83A2283F66A05BD44300AE9E67250DE_analysis-2.csv;user-a;1;-259476126;5;true;1.0066820672667054;0.0;Infinity;0;B
user-a_session-3C604A43A349CDC4130E5F83A8625EE6C83A2283F66A05BD44300AE9E67250DE_analysis-2.csv;user-a;1;-1513224403;4;true;-0.34451935099481096;0.0;Infinity;0;B
user-a_session-3C604A43A349CDC4130E5F83A8625EE6C83A2283F66A05BD44300AE9E67250DE_analysis-2.csv;user-a;1;-583188825;5;true;-0.2546630767013215;0.0;Infinity;0;B
user-a_session-3C604A43A349CDC4130E5F83A8625EE6C83A2283F66A05BD44300AE9E67250DE_analysis-2.csv;user-a;1;740391797;4;true;-0.6000063029931407;0.0;Infinity;0;B
user-a_session-3C604A43A349CDC4130E5F83A8625EE6C83A2283F66A05BD44300AE9E67250DE_analysis-2.csv;user-a;1;239694597;4;true;-0.07685871564550434;0.0;Infinity;0;B
user-a_session-3C604A43A349CDC4130E5F83A8625EE6C83A2283F66A05BD44300AE9E67250DE_analysis-2.csv;user-a;1;98027289;4;true;-0.6420915172673719;0.0;Infinity;0;B
user-a_session-3C604A43A349CDC4130E5F83A8625EE6C83A2283F66A05BD44300AE9E67250DE_analysis-2.csv;user-a;1;-1229387908;4;true;0.05060268045774966;0.0;Infinity;0;B
user-a_session-3C604A43A349CDC4130E5F83A8625EE6C83A2283F66A05BD44300AE9E67250DE_analysis-2.csv;user-a;1;-726572718;4;true;0.0695960601157481;0.0;Infinity;0;B
user-a_session-3C604A43A349CDC4130E5F83A8625EE6C83A2283F66A05BD44300AE9E67250DE_analysis-2.csv;user-a;1;1969418573;4;true;0.0400329808286189;0.0;Infinity;0;B
user-a_session-3C604A43A349CDC4130E5F83A8625EE6C83A2283F66A05BD44300AE9E67250DE_analysis-2.csv;user-a;1;1481132872;4;true;-0.39752271653429816;0.0;Infinity;0;B
user-a_session-3C604A43A349CDC4130E5F83A8625EE6C83A2283F66A05BD44300AE9E67250DE_analysis-2.csv;user-a;1;1413071598;5;true;0.2977046692756701;0.0;Infinity;0;B
user-a_session-3C604A43A349CDC4130E5F83A8625EE6C83A2283F66A05BD44300AE9E67250DE_analysis-2.csv;user-a;1;1040324443;3;true;-0.6138337488711244;0.0;Infinity;0;B
user-a_session-3C604A43A349CDC4130E5F83A8625EE6C83A2283F66A05BD44300AE9E67250DE_analysis-2.csv;user-a;1;2109580757;4;true;-0.4735570759281551;0.0;Infinity;0;B
user-a_session-3C604A43A349CDC4130E5F83A8625EE6C83A2283F66A05BD44300AE9E67250DE_analysis-2.csv;user-a;1;-1152556116;6;true;0.5502712647045697;0.0;Infinity;0;B
user-a_session-3C604A43A349CDC4130E5F83A8625EE6C83A2283F66A05BD44300AE9E67250DE_analysis-2.csv;user-a;1;961865346;5;true;2.2460858201155474;0.0;Infinity;0;B
user-a_session-3C604A43A349CDC4130E5F83A8625EE6C83A2283F66A05BD44300AE9E67250DE_analysis-2.csv;user-a;1;1595124399;5;true;-0.5121190569926761;0.0;Infinity;0;B
user-a_session-3C604A43A349CDC4130E5F83A8625EE6C83A2283F66A05BD44300AE9E67250DE_analysis-2.csv;user-a;1;-695426060;4;true;-0.46994534706482577;0.0;Infinity;0;B
user-a_session-3C604A43A349CDC4130E5F83A8625EE6C83A2283F66A05BD44300AE9E67250DE_analysis-2.csv;user-a;2;-1234309182;4;true;NaN;0.0;Infinity;0;B
user-a_session-3C604A43A349CDC4130E5F83A8625EE6C83A2283F66A05BD44300AE9E67250DE_analysis-2.csv;user-a;3;-535562389;3;true;-0.22853508000506326;0.0;Infinity;0;B
user-a_session-3C604A43A349CDC4130E5F83A8625EE6C83A2283F66A05BD44300AE9E67250DE_analysis-2.csv;user-a;3;1559199453;4;true;-0.3852162500222756;0.0;Infinity;0;B
user-a_session-3C604A43A349CDC4130E5F83A8625EE6C83A2283F66A05BD44300AE9E67250DE_analysis-2.csv;user-a;3;1486237202;3;true;1.9720080868695244;0.0;Infinity;0;B
user-a_session-3C604A43A349CDC4130E5F83A8625EE6C83A2283F66A05BD44300AE9E67250DE_analysis-2.csv;user-a;3;1629544739;3;true;-0.8949452574777462;0.0;Infinity;0;B
user-a_session-3C604A43A349CDC4130E5F83A8625EE6C83A2283F66A05BD44300AE9E67250DE_analysis-2.csv;user-a;3;1418109359;3;true;-0.26562983277125785;0.0;Infinity;0;B
user-a_session-3C604A43A349CDC4130E5F83A8625EE6C83A2283F66A05BD44300AE9E67250DE_analysis-2.csv;user-a;3;-471481952;3;true;-0.1976816665931808;0.0;Infinity;0;B
user-a_session-3C604A43A349CDC4130E5F83A8625EE6C83A2283F66A05BD44300AE9E67250DE_analysis-2.csv;user-a;4;464460247;3;true;-0.8346465727149025;0.0;Infinity;0;B
user-a_session-3C604A43A349CDC4130E5F83A8625EE6C83A2283F66A05BD44300AE9E67250DE_analysis-2.csv;user-a;4;-1566221158;3;true;-0.2652209311675429;0.0;Infinity;0;B
user-a_session-3C604A43A349CDC4130E5F83A8625EE6C83A2283F66A05BD44300AE9E67250DE_analysis-2.csv;user-a;4;323370153;3;true;-0.3015800598981983;0.0;Infinity;0;B
user-a_session-3C604A43A349CDC4130E5F83A8625EE6C83A2283F66A05BD44300AE9E67250DE_analysis-2.csv;user-a;4;-1630301595;4;true;0.49304059297202296;0.0;Infinity;0;B
user-a_session-3C604A43A349CDC4130E5F83A8625EE6C83A2283F66A05BD44300AE9E67250DE_analysis-2.csv;user-a;4;534805533;4;true;-0.8660960611328834;0.0;Infinity;0;B
user-a_session-3C604A43A349CDC4130E5F83A8625EE6C83A2283F66A05BD44300AE9E67250DE_analysis-2.csv;user-a;4;391497996;5;true;1.7745030319415036;0.0;Infinity;0;B
user-a_session-3C604A43A349CDC4130E5F83A8625EE6C83A2283F66A05BD44300AE9E67250DE_analysis-2.csv;user-a;5;-995381000;4;true;0.4998743751858191;0.0;Infinity;0;B
user-a_session-3C604A43A349CDC4130E5F83A8625EE6C83A2283F66A05BD44300AE9E67250DE_analysis-2.csv;user-a;5;-1059461437;4;true;0.12224804946261626;0.0;Infinity;0;B
user-a_session-3C604A43A349CDC4130E5F83A8625EE6C83A2283F66A05BD44300AE9E67250DE_analysis-2.csv;user-a;5;962338154;3;true;1.605375566842049;0.0;Infinity;0;B
user-a_session-3C604A43A349CDC4130E5F83A8625EE6C83A2283F66A05BD44300AE9E67250DE_analysis-2.csv;user-a;5;1105645691;3;true;-1.2125174755574464;0.0;Infinity;0;B
user-a_session-3C604A43A349CDC4130E5F83A8625EE6C83A2283F66A05BD44300AE9E67250DE_analysis-2.csv;user-a;5;1035300405;3;true;-0.8013090460210704;0.0;Infinity;0;B
user-a_session-3C604A43A349CDC4130E5F83A8625EE6C83A2283F66A05BD44300AE9E67250DE_analysis-2.csv;user-a;5;894210311;4;true;-0.21367146991196842;0.0;Infinity;0;B
user-a_session-3C604A43A349CDC4130E5F83A8625EE6C83A2283F66A05BD44300AE9E67250DE_analysis-2.csv;user-a;6;746875133;3;true;-0.5353207454628791;0.0;Infinity;0;B
user-a_session-3C604A43A349CDC4130E5F83A8625EE6C83A2283F66A05BD44300AE9E67250DE_analysis-2.csv;user-a;6;673912882;4;true;1.5147794409919897;0.0;Infinity;0;B
user-a_session-3C604A43A349CDC4130E5F83A8625EE6C83A2283F66A05BD44300AE9E67250DE_analysis-2.csv;user-a;6;817220419;5;true;-1.4467915317976223;0.0;Infinity;0;B
user-a_session-3C604A43A349CDC4130E5F83A8625EE6C83A2283F66A05BD44300AE9E67250DE_analysis-2.csv;user-a;6;-1347886709;4;true;0.18611585092654565;0.0;Infinity;0;B
user-a_session-3C604A43A349CDC4130E5F83A8625EE6C83A2283F66A05BD44300AE9E67250DE_analysis-2.csv;user-a;6;605785039;4;true;-0.21399593606280157;0.0;Infinity;0;B
user-a_session-3C604A43A349CDC4130E5F83A8625EE6C83A2283F66A05BD44300AE9E67250DE_analysis-2.csv;user-a;6;-1283806272;4;true;0.4952129214047685;0.0;Infinity;0;B
