session ;user;query position;cell hashcode;cell computation time;novelty;outlierness;relevance;surprise;query label;session label
user-I301280_session-97AFC965ABF526B36B105A3821C9BD1C9F1390DB3D7B2B07D7C6A16AF3061CF2_analysis-3.csv;user-I301280;1;-1645642369;4;true;2.0132237368826345;0.0;Infinity;1;C
user-I301280_session-97AFC965ABF526B36B105A3821C9BD1C9F1390DB3D7B2B07D7C6A16AF3061CF2_analysis-3.csv;user-I301280;1;1959132295;3;true;1.0040879931630609;0.0;Infinity;1;C
user-I301280_session-97AFC965ABF526B36B105A3821C9BD1C9F1390DB3D7B2B07D7C6A16AF3061CF2_analysis-3.csv;user-I301280;1;385039036;3;true;-0.6713884937964821;0.0;Infinity;1;C
user-I301280_session-97AFC965ABF526B36B105A3821C9BD1C9F1390DB3D7B2B07D7C6A16AF3061CF2_analysis-3.csv;user-I301280;1;-1709703921;3;true;-0.10485383338845913;0.0;Infinity;1;C
user-I301280_session-97AFC965ABF526B36B105A3821C9BD1C9F1390DB3D7B2B07D7C6A16AF3061CF2_analysis-3.csv;user-I301280;1;1052919571;2;true;-0.9046209383535668;0.0;Infinity;1;C
user-I301280_session-97AFC965ABF526B36B105A3821C9BD1C9F1390DB3D7B2B07D7C6A16AF3061CF2_analysis-3.csv;user-I301280;1;2102439832;3;true;-0.7903119901167142;0.0;Infinity;1;C
user-I301280_session-97AFC965ABF526B36B105A3821C9BD1C9F1390DB3D7B2B07D7C6A16AF3061CF2_analysis-3.csv;user-I301280;1;-1709711384;3;true;-0.043150733302130345;0.0;Infinity;1;C
user-I301280_session-97AFC965ABF526B36B105A3821C9BD1C9F1390DB3D7B2B07D7C6A16AF3061CF2_analysis-3.csv;user-I301280;1;455384322;3;true;-0.9607865807398405;0.0;Infinity;1;C
user-I301280_session-97AFC965ABF526B36B105A3821C9BD1C9F1390DB3D7B2B07D7C6A16AF3061CF2_analysis-3.csv;user-I301280;1;312076785;3;true;1.9043204021148834;0.0;Infinity;1;C
user-I301280_session-97AFC965ABF526B36B105A3821C9BD1C9F1390DB3D7B2B07D7C6A16AF3061CF2_analysis-3.csv;user-I301280;1;2032094546;2;true;-0.9878146480853477;0.0;Infinity;1;C
user-I301280_session-97AFC965ABF526B36B105A3821C9BD1C9F1390DB3D7B2B07D7C6A16AF3061CF2_analysis-3.csv;user-I301280;1;1891004452;3;true;0.035164739884363874;0.0;Infinity;1;C
user-I301280_session-97AFC965ABF526B36B105A3821C9BD1C9F1390DB3D7B2B07D7C6A16AF3061CF2_analysis-3.csv;user-I301280;1;243948942;3;true;0.2854050902344751;0.0;Infinity;1;C
user-I301280_session-97AFC965ABF526B36B105A3821C9BD1C9F1390DB3D7B2B07D7C6A16AF3061CF2_analysis-3.csv;user-I301280;1;1413141;3;true;-0.6351313302842163;0.0;Infinity;1;C
user-I301280_session-97AFC965ABF526B36B105A3821C9BD1C9F1390DB3D7B2B07D7C6A16AF3061CF2_analysis-3.csv;user-I301280;1;2123340856;3;true;-0.14414341421265994;0.0;Infinity;1;C
user-I301280_session-97AFC965ABF526B36B105A3821C9BD1C9F1390DB3D7B2B07D7C6A16AF3061CF2_analysis-3.csv;user-I301280;2;-1645642369;3;true;2.0132237368826345;0.0;Infinity;1;C
user-I301280_session-97AFC965ABF526B36B105A3821C9BD1C9F1390DB3D7B2B07D7C6A16AF3061CF2_analysis-3.csv;user-I301280;2;1959132295;3;true;1.0040879931630609;0.0;Infinity;1;C
user-I301280_session-97AFC965ABF526B36B105A3821C9BD1C9F1390DB3D7B2B07D7C6A16AF3061CF2_analysis-3.csv;user-I301280;2;385039036;3;true;-0.6713884937964821;0.0;Infinity;1;C
user-I301280_session-97AFC965ABF526B36B105A3821C9BD1C9F1390DB3D7B2B07D7C6A16AF3061CF2_analysis-3.csv;user-I301280;2;-1709703921;3;true;-0.10485383338845913;0.0;Infinity;1;C
user-I301280_session-97AFC965ABF526B36B105A3821C9BD1C9F1390DB3D7B2B07D7C6A16AF3061CF2_analysis-3.csv;user-I301280;2;1052919571;3;true;-0.9046209383535668;0.0;Infinity;1;C
user-I301280_session-97AFC965ABF526B36B105A3821C9BD1C9F1390DB3D7B2B07D7C6A16AF3061CF2_analysis-3.csv;user-I301280;2;2102439832;3;true;-0.7903119901167142;0.0;Infinity;1;C
user-I301280_session-97AFC965ABF526B36B105A3821C9BD1C9F1390DB3D7B2B07D7C6A16AF3061CF2_analysis-3.csv;user-I301280;2;-1709711384;3;true;-0.043150733302130345;0.0;Infinity;1;C
user-I301280_session-97AFC965ABF526B36B105A3821C9BD1C9F1390DB3D7B2B07D7C6A16AF3061CF2_analysis-3.csv;user-I301280;2;455384322;3;true;-0.9607865807398405;0.0;Infinity;1;C
user-I301280_session-97AFC965ABF526B36B105A3821C9BD1C9F1390DB3D7B2B07D7C6A16AF3061CF2_analysis-3.csv;user-I301280;2;312076785;3;true;1.9043204021148834;0.0;Infinity;1;C
user-I301280_session-97AFC965ABF526B36B105A3821C9BD1C9F1390DB3D7B2B07D7C6A16AF3061CF2_analysis-3.csv;user-I301280;2;2032094546;3;true;-0.9878146480853477;0.0;Infinity;1;C
user-I301280_session-97AFC965ABF526B36B105A3821C9BD1C9F1390DB3D7B2B07D7C6A16AF3061CF2_analysis-3.csv;user-I301280;2;1891004452;3;true;0.035164739884363874;0.0;Infinity;1;C
user-I301280_session-97AFC965ABF526B36B105A3821C9BD1C9F1390DB3D7B2B07D7C6A16AF3061CF2_analysis-3.csv;user-I301280;2;243948942;3;true;0.2854050902344751;0.0;Infinity;1;C
user-I301280_session-97AFC965ABF526B36B105A3821C9BD1C9F1390DB3D7B2B07D7C6A16AF3061CF2_analysis-3.csv;user-I301280;2;1413141;2;true;-0.6351313302842163;0.0;Infinity;1;C
user-I301280_session-97AFC965ABF526B36B105A3821C9BD1C9F1390DB3D7B2B07D7C6A16AF3061CF2_analysis-3.csv;user-I301280;2;2123340856;2;true;-0.14414341421265994;0.0;Infinity;1;C
user-I301280_session-97AFC965ABF526B36B105A3821C9BD1C9F1390DB3D7B2B07D7C6A16AF3061CF2_analysis-3.csv;user-I301280;3;-1716324496;2;true;1.1015541199105257;0.0;Infinity;1;C
user-I301280_session-97AFC965ABF526B36B105A3821C9BD1C9F1390DB3D7B2B07D7C6A16AF3061CF2_analysis-3.csv;user-I301280;3;-1094907858;3;true;-0.6460397994104414;0.0;Infinity;1;C
user-I301280_session-97AFC965ABF526B36B105A3821C9BD1C9F1390DB3D7B2B07D7C6A16AF3061CF2_analysis-3.csv;user-I301280;3;-657987788;3;true;0.5676875111116866;0.0;Infinity;1;C
user-I301280_session-97AFC965ABF526B36B105A3821C9BD1C9F1390DB3D7B2B07D7C6A16AF3061CF2_analysis-3.csv;user-I301280;3;-1009694579;3;true;-1.0232018316117708;0.0;Infinity;1;C
user-I301280_session-97AFC965ABF526B36B105A3821C9BD1C9F1390DB3D7B2B07D7C6A16AF3061CF2_analysis-3.csv;user-I301280;4;-1716324496;3;true;1.1015541199105257;0.0;Infinity;1;C
user-I301280_session-97AFC965ABF526B36B105A3821C9BD1C9F1390DB3D7B2B07D7C6A16AF3061CF2_analysis-3.csv;user-I301280;4;-1094907858;3;true;-0.6460397994104414;0.0;Infinity;1;C
user-I301280_session-97AFC965ABF526B36B105A3821C9BD1C9F1390DB3D7B2B07D7C6A16AF3061CF2_analysis-3.csv;user-I301280;4;-657987788;3;true;0.5676875111116866;0.0;Infinity;1;C
user-I301280_session-97AFC965ABF526B36B105A3821C9BD1C9F1390DB3D7B2B07D7C6A16AF3061CF2_analysis-3.csv;user-I301280;4;-1009694579;3;true;-1.0232018316117708;0.0;Infinity;1;C
user-I301280_session-97AFC965ABF526B36B105A3821C9BD1C9F1390DB3D7B2B07D7C6A16AF3061CF2_analysis-3.csv;user-I301280;5;-1716324496;3;true;1.1015541199105257;0.0;Infinity;1;C
user-I301280_session-97AFC965ABF526B36B105A3821C9BD1C9F1390DB3D7B2B07D7C6A16AF3061CF2_analysis-3.csv;user-I301280;5;-1094907858;3;true;-0.6460397994104414;0.0;Infinity;1;C
user-I301280_session-97AFC965ABF526B36B105A3821C9BD1C9F1390DB3D7B2B07D7C6A16AF3061CF2_analysis-3.csv;user-I301280;5;-657987788;2;true;0.5676875111116866;0.0;Infinity;1;C
user-I301280_session-97AFC965ABF526B36B105A3821C9BD1C9F1390DB3D7B2B07D7C6A16AF3061CF2_analysis-3.csv;user-I301280;5;-1009694579;4;true;-1.0232018316117708;0.0;Infinity;1;C
user-I301280_session-97AFC965ABF526B36B105A3821C9BD1C9F1390DB3D7B2B07D7C6A16AF3061CF2_analysis-3.csv;user-I301280;6;-1716324496;4;true;1.1015541199105257;0.0;Infinity;1;C
user-I301280_session-97AFC965ABF526B36B105A3821C9BD1C9F1390DB3D7B2B07D7C6A16AF3061CF2_analysis-3.csv;user-I301280;6;-1094907858;3;true;-0.6460397994104414;0.0;Infinity;1;C
user-I301280_session-97AFC965ABF526B36B105A3821C9BD1C9F1390DB3D7B2B07D7C6A16AF3061CF2_analysis-3.csv;user-I301280;6;-657987788;4;true;0.5676875111116866;0.0;Infinity;1;C
user-I301280_session-97AFC965ABF526B36B105A3821C9BD1C9F1390DB3D7B2B07D7C6A16AF3061CF2_analysis-3.csv;user-I301280;6;-1009694579;3;true;-1.0232018316117708;0.0;Infinity;1;C
user-I301280_session-97AFC965ABF526B36B105A3821C9BD1C9F1390DB3D7B2B07D7C6A16AF3061CF2_analysis-3.csv;user-I301280;7;-1553953416;4;true;-1.1215848163988764;0.0;Infinity;1;C
user-I301280_session-97AFC965ABF526B36B105A3821C9BD1C9F1390DB3D7B2B07D7C6A16AF3061CF2_analysis-3.csv;user-I301280;7;710332475;3;true;0.5426238755766211;0.0;Infinity;1;C
user-I301280_session-97AFC965ABF526B36B105A3821C9BD1C9F1390DB3D7B2B07D7C6A16AF3061CF2_analysis-3.csv;user-I301280;7;646252038;2;true;0.40659466313620507;0.0;Infinity;1;C
user-I301280_session-97AFC965ABF526B36B105A3821C9BD1C9F1390DB3D7B2B07D7C6A16AF3061CF2_analysis-3.csv;user-I301280;7;-1626915667;3;true;1.381121522308383;0.0;Infinity;1;C
user-I301280_session-97AFC965ABF526B36B105A3821C9BD1C9F1390DB3D7B2B07D7C6A16AF3061CF2_analysis-3.csv;user-I301280;7;-1695043510;3;true;-0.0368186698214545;0.0;Infinity;1;C
user-I301280_session-97AFC965ABF526B36B105A3821C9BD1C9F1390DB3D7B2B07D7C6A16AF3061CF2_analysis-3.csv;user-I301280;7;-1483608130;3;true;-1.1719365748008785;0.0;Infinity;1;C
user-I301280_session-97AFC965ABF526B36B105A3821C9BD1C9F1390DB3D7B2B07D7C6A16AF3061CF2_analysis-3.csv;user-I301280;8;-1553953416;3;true;-1.1215848163988764;0.0;Infinity;1;C
user-I301280_session-97AFC965ABF526B36B105A3821C9BD1C9F1390DB3D7B2B07D7C6A16AF3061CF2_analysis-3.csv;user-I301280;8;710332475;3;true;0.5426238755766211;0.0;Infinity;1;C
user-I301280_session-97AFC965ABF526B36B105A3821C9BD1C9F1390DB3D7B2B07D7C6A16AF3061CF2_analysis-3.csv;user-I301280;8;646252038;2;true;0.40659466313620507;0.0;Infinity;1;C
user-I301280_session-97AFC965ABF526B36B105A3821C9BD1C9F1390DB3D7B2B07D7C6A16AF3061CF2_analysis-3.csv;user-I301280;8;-1626915667;3;true;1.381121522308383;0.0;Infinity;1;C
user-I301280_session-97AFC965ABF526B36B105A3821C9BD1C9F1390DB3D7B2B07D7C6A16AF3061CF2_analysis-3.csv;user-I301280;8;-1695043510;3;true;-0.0368186698214545;0.0;Infinity;1;C
user-I301280_session-97AFC965ABF526B36B105A3821C9BD1C9F1390DB3D7B2B07D7C6A16AF3061CF2_analysis-3.csv;user-I301280;8;-1483608130;3;true;-1.1719365748008785;0.0;Infinity;1;C
user-I301280_session-97AFC965ABF526B36B105A3821C9BD1C9F1390DB3D7B2B07D7C6A16AF3061CF2_analysis-3.csv;user-I301280;9;713703908;3;true;NaN;0.0;Infinity;1;C
user-I301280_session-97AFC965ABF526B36B105A3821C9BD1C9F1390DB3D7B2B07D7C6A16AF3061CF2_analysis-3.csv;user-I301280;10;4784574;2;true;0.5500351848249309;0.0;Infinity;1;C
user-I301280_session-97AFC965ABF526B36B105A3821C9BD1C9F1390DB3D7B2B07D7C6A16AF3061CF2_analysis-3.csv;user-I301280;10;-1642252051;3;true;-0.5270529405680935;0.0;Infinity;1;C
user-I301280_session-97AFC965ABF526B36B105A3821C9BD1C9F1390DB3D7B2B07D7C6A16AF3061CF2_analysis-3.csv;user-I301280;10;-2104174570;4;true;-0.5395581909427817;0.0;Infinity;1;C
user-I301280_session-97AFC965ABF526B36B105A3821C9BD1C9F1390DB3D7B2B07D7C6A16AF3061CF2_analysis-3.csv;user-I301280;10;-1642270936;4;true;1.8055958935855685;0.0;Infinity;1;C
user-I301280_session-97AFC965ABF526B36B105A3821C9BD1C9F1390DB3D7B2B07D7C6A16AF3061CF2_analysis-3.csv;user-I301280;10;1120371441;3;true;-0.7816061243696318;0.0;Infinity;1;C
user-I301280_session-97AFC965ABF526B36B105A3821C9BD1C9F1390DB3D7B2B07D7C6A16AF3061CF2_analysis-3.csv;user-I301280;10;-1642259514;3;true;-0.5074138225299927;0.0;Infinity;1;C
user-I301280_session-97AFC965ABF526B36B105A3821C9BD1C9F1390DB3D7B2B07D7C6A16AF3061CF2_analysis-3.csv;user-I301280;11;4784574;3;true;0.5500351848249309;0.0;Infinity;1;C
user-I301280_session-97AFC965ABF526B36B105A3821C9BD1C9F1390DB3D7B2B07D7C6A16AF3061CF2_analysis-3.csv;user-I301280;11;-1642252051;4;true;-0.5270529405680935;0.0;Infinity;1;C
user-I301280_session-97AFC965ABF526B36B105A3821C9BD1C9F1390DB3D7B2B07D7C6A16AF3061CF2_analysis-3.csv;user-I301280;11;-2104174570;3;true;-0.5395581909427817;0.0;Infinity;1;C
user-I301280_session-97AFC965ABF526B36B105A3821C9BD1C9F1390DB3D7B2B07D7C6A16AF3061CF2_analysis-3.csv;user-I301280;11;-1642270936;3;true;1.8055958935855685;0.0;Infinity;1;C
user-I301280_session-97AFC965ABF526B36B105A3821C9BD1C9F1390DB3D7B2B07D7C6A16AF3061CF2_analysis-3.csv;user-I301280;11;1120371441;4;true;-0.7816061243696318;0.0;Infinity;1;C
user-I301280_session-97AFC965ABF526B36B105A3821C9BD1C9F1390DB3D7B2B07D7C6A16AF3061CF2_analysis-3.csv;user-I301280;11;-1642259514;3;true;-0.5074138225299927;0.0;Infinity;1;C
