session ;user;query position;cell hashcode;cell computation time;novelty;outlierness;relevance;surprise;query label;session label
user-a_session-29AF06B372FD52129AAB65DA477E308EC73CF0D44087D05DA8D39C7BE425D30E_analysis-8.csv;user-a;1;947275131;5;false;-0.09520908970129287;1.0;19.688225206943155;0;D
user-a_session-29AF06B372FD52129AAB65DA477E308EC73CF0D44087D05DA8D39C7BE425D30E_analysis-8.csv;user-a;1;-696588531;4;false;-0.24812065800942995;1.0;19.688225206943155;0;D
user-a_session-29AF06B372FD52129AAB65DA477E308EC73CF0D44087D05DA8D39C7BE425D30E_analysis-8.csv;user-a;1;-1819078776;4;false;-0.4647453797792908;1.0;19.688225206943155;0;D
user-a_session-29AF06B372FD52129AAB65DA477E308EC73CF0D44087D05DA8D39C7BE425D30E_analysis-8.csv;user-a;1;-1931293060;3;false;-0.5125302448755836;1.0;19.688225206943155;0;D
user-a_session-29AF06B372FD52129AAB65DA477E308EC73CF0D44087D05DA8D39C7BE425D30E_analysis-8.csv;user-a;1;-1547221344;4;false;-0.6208426057605141;1.0;19.688225206943155;0;D
user-a_session-29AF06B372FD52129AAB65DA477E308EC73CF0D44087D05DA8D39C7BE425D30E_analysis-8.csv;user-a;1;265846614;7;false;-0.0888377743551205;1.0;19.688225206943155;0;D
user-a_session-29AF06B372FD52129AAB65DA477E308EC73CF0D44087D05DA8D39C7BE425D30E_analysis-8.csv;user-a;1;2056954351;4;false;-0.21307842360548188;1.0;19.688225206943155;0;D
user-a_session-29AF06B372FD52129AAB65DA477E308EC73CF0D44087D05DA8D39C7BE425D30E_analysis-8.csv;user-a;1;-674317393;4;false;0.5355511295697726;1.0;19.688225206943155;0;D
user-a_session-29AF06B372FD52129AAB65DA477E308EC73CF0D44087D05DA8D39C7BE425D30E_analysis-8.csv;user-a;1;-556596438;5;false;-0.1525509278168443;1.0;19.688225206943155;0;D
user-a_session-29AF06B372FD52129AAB65DA477E308EC73CF0D44087D05DA8D39C7BE425D30E_analysis-8.csv;user-a;1;80149589;3;false;-0.3182051268173261;1.0;19.688225206943155;0;D
user-a_session-29AF06B372FD52129AAB65DA477E308EC73CF0D44087D05DA8D39C7BE425D30E_analysis-8.csv;user-a;1;147373889;4;false;-0.5380155062602732;1.0;19.688225206943155;0;D
user-a_session-29AF06B372FD52129AAB65DA477E308EC73CF0D44087D05DA8D39C7BE425D30E_analysis-8.csv;user-a;1;-1923901124;4;false;-0.34050473052892943;1.0;19.688225206943155;0;D
user-a_session-29AF06B372FD52129AAB65DA477E308EC73CF0D44087D05DA8D39C7BE425D30E_analysis-8.csv;user-a;1;265865297;4;false;9.586004578807636;1.0;19.688225206943155;0;D
user-a_session-29AF06B372FD52129AAB65DA477E308EC73CF0D44087D05DA8D39C7BE425D30E_analysis-8.csv;user-a;1;1369484066;4;false;0.7872180857435815;1.0;19.688225206943155;0;D
user-a_session-29AF06B372FD52129AAB65DA477E308EC73CF0D44087D05DA8D39C7BE425D30E_analysis-8.csv;user-a;1;1278709140;5;false;0.048145505587585645;1.0;19.688225206943155;0;D
user-a_session-29AF06B372FD52129AAB65DA477E308EC73CF0D44087D05DA8D39C7BE425D30E_analysis-8.csv;user-a;1;-1994395116;4;false;-0.5985430020489108;1.0;19.688225206943155;0;D
user-a_session-29AF06B372FD52129AAB65DA477E308EC73CF0D44087D05DA8D39C7BE425D30E_analysis-8.csv;user-a;1;-953338193;5;false;0.20424273156880893;1.0;19.688225206943155;0;D
user-a_session-29AF06B372FD52129AAB65DA477E308EC73CF0D44087D05DA8D39C7BE425D30E_analysis-8.csv;user-a;1;1919103517;4;false;-0.10476606272055144;1.0;19.688225206943155;0;D
user-a_session-29AF06B372FD52129AAB65DA477E308EC73CF0D44087D05DA8D39C7BE425D30E_analysis-8.csv;user-a;1;-1573481821;5;false;-0.2863485500864642;1.0;19.688225206943155;0;D
user-a_session-29AF06B372FD52129AAB65DA477E308EC73CF0D44087D05DA8D39C7BE425D30E_analysis-8.csv;user-a;1;313744083;11;false;0.11822997439548182;1.0;19.688225206943155;0;D
user-a_session-29AF06B372FD52129AAB65DA477E308EC73CF0D44087D05DA8D39C7BE425D30E_analysis-8.csv;user-a;1;-1927819803;8;false;-0.4520027490869461;1.0;19.688225206943155;0;D
user-a_session-29AF06B372FD52129AAB65DA477E308EC73CF0D44087D05DA8D39C7BE425D30E_analysis-8.csv;user-a;1;-120341633;10;false;-0.19715013524005093;1.0;19.688225206943155;0;D
user-a_session-29AF06B372FD52129AAB65DA477E308EC73CF0D44087D05DA8D39C7BE425D30E_analysis-8.csv;user-a;1;669822005;4;false;-0.35961867656744656;1.0;19.688225206943155;0;D
user-a_session-29AF06B372FD52129AAB65DA477E308EC73CF0D44087D05DA8D39C7BE425D30E_analysis-8.csv;user-a;1;147838331;5;false;0.31574075012682556;1.0;19.688225206943155;0;D
user-a_session-29AF06B372FD52129AAB65DA477E308EC73CF0D44087D05DA8D39C7BE425D30E_analysis-8.csv;user-a;1;-1526883593;4;false;0.37626824591546315;1.0;19.688225206943155;0;D
user-a_session-29AF06B372FD52129AAB65DA477E308EC73CF0D44087D05DA8D39C7BE425D30E_analysis-8.csv;user-a;1;1823981392;5;false;-0.06335251297043097;1.0;19.688225206943155;0;D
user-a_session-29AF06B372FD52129AAB65DA477E308EC73CF0D44087D05DA8D39C7BE425D30E_analysis-8.csv;user-a;1;476404076;3;false;-0.39466091097139466;1.0;19.688225206943155;0;D
user-a_session-29AF06B372FD52129AAB65DA477E308EC73CF0D44087D05DA8D39C7BE425D30E_analysis-8.csv;user-a;1;-615936725;8;false;0.0927447130107923;1.0;19.688225206943155;0;D
user-a_session-29AF06B372FD52129AAB65DA477E308EC73CF0D44087D05DA8D39C7BE425D30E_analysis-8.csv;user-a;1;-550695482;5;false;-0.16210790083610285;1.0;19.688225206943155;0;D
user-a_session-29AF06B372FD52129AAB65DA477E308EC73CF0D44087D05DA8D39C7BE425D30E_analysis-8.csv;user-a;1;197994547;4;false;1.7970715681119036;1.0;19.688225206943155;0;D
user-a_session-29AF06B372FD52129AAB65DA477E308EC73CF0D44087D05DA8D39C7BE425D30E_analysis-8.csv;user-a;1;519927879;4;false;-0.4328888030484289;1.0;19.688225206943155;0;D
user-a_session-29AF06B372FD52129AAB65DA477E308EC73CF0D44087D05DA8D39C7BE425D30E_analysis-8.csv;user-a;1;-1915956658;4;false;-0.4105891993368256;1.0;19.688225206943155;0;D
user-a_session-29AF06B372FD52129AAB65DA477E308EC73CF0D44087D05DA8D39C7BE425D30E_analysis-8.csv;user-a;1;-1248194893;4;false;0.9082730773208568;1.0;19.688225206943155;0;D
user-a_session-29AF06B372FD52129AAB65DA477E308EC73CF0D44087D05DA8D39C7BE425D30E_analysis-8.csv;user-a;1;-493224016;4;false;-0.48385932581780794;1.0;19.688225206943155;0;D
user-a_session-29AF06B372FD52129AAB65DA477E308EC73CF0D44087D05DA8D39C7BE425D30E_analysis-8.csv;user-a;1;-280733465;5;false;-0.19715013524005093;1.0;19.688225206943155;0;D
user-a_session-29AF06B372FD52129AAB65DA477E308EC73CF0D44087D05DA8D39C7BE425D30E_analysis-8.csv;user-a;1;-408163259;8;false;0.10230168603005087;1.0;19.688225206943155;0;D
user-a_session-29AF06B372FD52129AAB65DA477E308EC73CF0D44087D05DA8D39C7BE425D30E_analysis-8.csv;user-a;1;1297550216;6;false;0.7394332206472888;1.0;19.688225206943155;0;D
user-a_session-29AF06B372FD52129AAB65DA477E308EC73CF0D44087D05DA8D39C7BE425D30E_analysis-8.csv;user-a;1;2032228834;6;false;-0.34369038820201564;1.0;19.688225206943155;0;D
user-a_session-29AF06B372FD52129AAB65DA477E308EC73CF0D44087D05DA8D39C7BE425D30E_analysis-8.csv;user-a;1;-968866071;6;false;-0.07290948598968955;1.0;19.688225206943155;0;D
user-a_session-29AF06B372FD52129AAB65DA477E308EC73CF0D44087D05DA8D39C7BE425D30E_analysis-8.csv;user-a;1;-1923171105;4;false;-0.299091180778809;1.0;19.688225206943155;0;D
user-a_session-29AF06B372FD52129AAB65DA477E308EC73CF0D44087D05DA8D39C7BE425D30E_analysis-8.csv;user-a;1;26297124;5;false;0.03540287489524089;1.0;19.688225206943155;0;D
user-a_session-29AF06B372FD52129AAB65DA477E308EC73CF0D44087D05DA8D39C7BE425D30E_analysis-8.csv;user-a;1;14523296;4;false;-0.46155972210620466;1.0;19.688225206943155;0;D
user-a_session-29AF06B372FD52129AAB65DA477E308EC73CF0D44087D05DA8D39C7BE425D30E_analysis-8.csv;user-a;1;262295217;4;false;-0.34369038820201564;1.0;19.688225206943155;0;D
user-a_session-29AF06B372FD52129AAB65DA477E308EC73CF0D44087D05DA8D39C7BE425D30E_analysis-8.csv;user-a;1;-760678824;4;false;0.07363076697227516;1.0;19.688225206943155;0;D
user-a_session-29AF06B372FD52129AAB65DA477E308EC73CF0D44087D05DA8D39C7BE425D30E_analysis-8.csv;user-a;1;941306386;3;false;0.7298762476280302;1.0;19.688225206943155;0;D
user-a_session-29AF06B372FD52129AAB65DA477E308EC73CF0D44087D05DA8D39C7BE425D30E_analysis-8.csv;user-a;1;712519710;4;false;-0.31183381147115374;1.0;19.688225206943155;0;D
user-a_session-29AF06B372FD52129AAB65DA477E308EC73CF0D44087D05DA8D39C7BE425D30E_analysis-8.csv;user-a;1;902387474;5;false;-0.32776209983658466;1.0;19.688225206943155;0;D
user-a_session-29AF06B372FD52129AAB65DA477E308EC73CF0D44087D05DA8D39C7BE425D30E_analysis-8.csv;user-a;1;368494551;4;false;-0.39466091097139466;1.0;19.688225206943155;0;D
user-a_session-29AF06B372FD52129AAB65DA477E308EC73CF0D44087D05DA8D39C7BE425D30E_analysis-8.csv;user-a;1;122221514;4;false;-0.5762433983373074;1.0;19.688225206943155;0;D
user-a_session-29AF06B372FD52129AAB65DA477E308EC73CF0D44087D05DA8D39C7BE425D30E_analysis-8.csv;user-a;1;-522565162;5;false;-0.37236130725979133;1.0;19.688225206943155;0;D
user-a_session-29AF06B372FD52129AAB65DA477E308EC73CF0D44087D05DA8D39C7BE425D30E_analysis-8.csv;user-a;1;933534132;5;false;-0.3182051268173261;1.0;19.688225206943155;0;D
user-a_session-29AF06B372FD52129AAB65DA477E308EC73CF0D44087D05DA8D39C7BE425D30E_analysis-8.csv;user-a;1;-1925243752;3;false;-0.2576776310286885;1.0;19.688225206943155;0;D
user-a_session-29AF06B372FD52129AAB65DA477E308EC73CF0D44087D05DA8D39C7BE425D30E_analysis-8.csv;user-a;1;-166094052;5;false;-0.1525509278168443;1.0;19.688225206943155;0;D
user-a_session-29AF06B372FD52129AAB65DA477E308EC73CF0D44087D05DA8D39C7BE425D30E_analysis-8.csv;user-a;1;-1382366938;4;false;-0.31501946914423995;1.0;19.688225206943155;0;D
user-a_session-29AF06B372FD52129AAB65DA477E308EC73CF0D44087D05DA8D39C7BE425D30E_analysis-8.csv;user-a;1;-1193408965;4;false;-0.09520908970129287;1.0;19.688225206943155;0;D
user-a_session-29AF06B372FD52129AAB65DA477E308EC73CF0D44087D05DA8D39C7BE425D30E_analysis-8.csv;user-a;1;2075054080;7;false;0.21698536226115367;1.0;19.688225206943155;0;D
user-a_session-29AF06B372FD52129AAB65DA477E308EC73CF0D44087D05DA8D39C7BE425D30E_analysis-8.csv;user-a;1;399572284;9;false;0.34759732685768746;1.0;19.688225206943155;0;D
user-a_session-29AF06B372FD52129AAB65DA477E308EC73CF0D44087D05DA8D39C7BE425D30E_analysis-8.csv;user-a;1;1940221885;6;false;0.19787141622263654;1.0;19.688225206943155;0;D
user-a_session-29AF06B372FD52129AAB65DA477E308EC73CF0D44087D05DA8D39C7BE425D30E_analysis-8.csv;user-a;1;-2081506012;6;false;0.34122601151151505;1.0;19.688225206943155;0;D
user-a_session-29AF06B372FD52129AAB65DA477E308EC73CF0D44087D05DA8D39C7BE425D30E_analysis-8.csv;user-a;1;1045771367;6;false;0.2074283892418951;1.0;19.688225206943155;0;D
user-a_session-29AF06B372FD52129AAB65DA477E308EC73CF0D44087D05DA8D39C7BE425D30E_analysis-8.csv;user-a;1;1648019259;6;false;0.07363076697227516;1.0;19.688225206943155;0;D
user-a_session-29AF06B372FD52129AAB65DA477E308EC73CF0D44087D05DA8D39C7BE425D30E_analysis-8.csv;user-a;1;908244194;5;false;-0.21944973895165426;1.0;19.688225206943155;0;D
user-a_session-29AF06B372FD52129AAB65DA477E308EC73CF0D44087D05DA8D39C7BE425D30E_analysis-8.csv;user-a;1;-10462979;4;false;1.0866699070136834;1.0;19.688225206943155;0;D
user-a_session-29AF06B372FD52129AAB65DA477E308EC73CF0D44087D05DA8D39C7BE425D30E_analysis-8.csv;user-a;1;1347604697;5;false;-0.4806736681447218;1.0;19.688225206943155;0;D
user-a_session-29AF06B372FD52129AAB65DA477E308EC73CF0D44087D05DA8D39C7BE425D30E_analysis-8.csv;user-a;1;227978614;5;false;-0.18122184687461998;1.0;19.688225206943155;0;D
user-a_session-29AF06B372FD52129AAB65DA477E308EC73CF0D44087D05DA8D39C7BE425D30E_analysis-8.csv;user-a;1;-98482110;5;false;-0.22263539662474044;1.0;19.688225206943155;0;D
user-a_session-29AF06B372FD52129AAB65DA477E308EC73CF0D44087D05DA8D39C7BE425D30E_analysis-8.csv;user-a;1;-2084376718;6;false;-0.4711166951254632;1.0;19.688225206943155;0;D
user-a_session-29AF06B372FD52129AAB65DA477E308EC73CF0D44087D05DA8D39C7BE425D30E_analysis-8.csv;user-a;1;-798139290;6;false;-0.2640489463748609;1.0;19.688225206943155;0;D
user-a_session-29AF06B372FD52129AAB65DA477E308EC73CF0D44087D05DA8D39C7BE425D30E_analysis-8.csv;user-a;1;36764264;11;false;-0.5921716867027385;1.0;19.688225206943155;0;D
user-a_session-29AF06B372FD52129AAB65DA477E308EC73CF0D44087D05DA8D39C7BE425D30E_analysis-8.csv;user-a;1;1493948692;4;false;-0.14936527014375808;1.0;19.688225206943155;0;D
user-a_session-29AF06B372FD52129AAB65DA477E308EC73CF0D44087D05DA8D39C7BE425D30E_analysis-8.csv;user-a;1;-1919706463;8;false;0.12141563206856801;1.0;19.688225206943155;0;D
user-a_session-29AF06B372FD52129AAB65DA477E308EC73CF0D44087D05DA8D39C7BE425D30E_analysis-8.csv;user-a;1;-556426347;4;false;-0.060166855297344786;1.0;19.688225206943155;0;D
user-a_session-29AF06B372FD52129AAB65DA477E308EC73CF0D44087D05DA8D39C7BE425D30E_analysis-8.csv;user-a;1;750567158;4;false;0.1500865511263437;1.0;19.688225206943155;0;D
user-a_session-29AF06B372FD52129AAB65DA477E308EC73CF0D44087D05DA8D39C7BE425D30E_analysis-8.csv;user-a;1;-1996508628;8;false;-0.3691756495867051;1.0;19.688225206943155;0;D
user-a_session-29AF06B372FD52129AAB65DA477E308EC73CF0D44087D05DA8D39C7BE425D30E_analysis-8.csv;user-a;1;1927486811;4;false;-0.4806736681447218;1.0;19.688225206943155;0;D
user-a_session-29AF06B372FD52129AAB65DA477E308EC73CF0D44087D05DA8D39C7BE425D30E_analysis-8.csv;user-a;1;-1994354068;4;false;1.214096213937131;1.0;19.688225206943155;0;D
user-a_session-29AF06B372FD52129AAB65DA477E308EC73CF0D44087D05DA8D39C7BE425D30E_analysis-8.csv;user-a;1;571390008;4;false;0.07044510929918897;1.0;19.688225206943155;0;D
user-a_session-29AF06B372FD52129AAB65DA477E308EC73CF0D44087D05DA8D39C7BE425D30E_analysis-8.csv;user-a;1;-1288278274;5;false;-0.6463278671452036;1.0;19.688225206943155;0;D
user-a_session-29AF06B372FD52129AAB65DA477E308EC73CF0D44087D05DA8D39C7BE425D30E_analysis-8.csv;user-a;1;156474449;4;false;-0.044238566931913845;1.0;19.688225206943155;0;D
user-a_session-29AF06B372FD52129AAB65DA477E308EC73CF0D44087D05DA8D39C7BE425D30E_analysis-8.csv;user-a;1;1810132345;5;false;-0.31501946914423995;1.0;19.688225206943155;0;D
user-a_session-29AF06B372FD52129AAB65DA477E308EC73CF0D44087D05DA8D39C7BE425D30E_analysis-8.csv;user-a;1;787706472;5;false;-0.4488170914138599;1.0;19.688225206943155;0;D
user-a_session-29AF06B372FD52129AAB65DA477E308EC73CF0D44087D05DA8D39C7BE425D30E_analysis-8.csv;user-a;1;-1932514430;4;false;0.32529772314608413;1.0;19.688225206943155;0;D
user-a_session-29AF06B372FD52129AAB65DA477E308EC73CF0D44087D05DA8D39C7BE425D30E_analysis-8.csv;user-a;1;1905525470;6;false;-0.4806736681447218;1.0;19.688225206943155;0;D
user-a_session-29AF06B372FD52129AAB65DA477E308EC73CF0D44087D05DA8D39C7BE425D30E_analysis-8.csv;user-a;1;1766166355;3;false;0.2106140469149813;1.0;19.688225206943155;0;D
user-a_session-29AF06B372FD52129AAB65DA477E308EC73CF0D44087D05DA8D39C7BE425D30E_analysis-8.csv;user-a;1;-270063146;5;false;-0.16529355850918903;1.0;19.688225206943155;0;D
user-a_session-29AF06B372FD52129AAB65DA477E308EC73CF0D44087D05DA8D39C7BE425D30E_analysis-8.csv;user-a;1;386702538;6;false;-0.19715013524005093;1.0;19.688225206943155;0;D
user-a_session-29AF06B372FD52129AAB65DA477E308EC73CF0D44087D05DA8D39C7BE425D30E_analysis-8.csv;user-a;1;-794977262;6;false;-0.25130631568251616;1.0;19.688225206943155;0;D
user-a_session-29AF06B372FD52129AAB65DA477E308EC73CF0D44087D05DA8D39C7BE425D30E_analysis-8.csv;user-a;1;-1927096937;6;false;0.07044510929918897;1.0;19.688225206943155;0;D
user-a_session-29AF06B372FD52129AAB65DA477E308EC73CF0D44087D05DA8D39C7BE425D30E_analysis-8.csv;user-a;1;-1925615307;3;false;-0.1525509278168443;1.0;19.688225206943155;0;D
user-a_session-29AF06B372FD52129AAB65DA477E308EC73CF0D44087D05DA8D39C7BE425D30E_analysis-8.csv;user-a;1;-1931506257;4;false;-0.2672346040479471;1.0;19.688225206943155;0;D
user-a_session-29AF06B372FD52129AAB65DA477E308EC73CF0D44087D05DA8D39C7BE425D30E_analysis-8.csv;user-a;1;1220599020;4;false;-0.2098927659323957;1.0;19.688225206943155;0;D
user-a_session-29AF06B372FD52129AAB65DA477E308EC73CF0D44087D05DA8D39C7BE425D30E_analysis-8.csv;user-a;1;-1783452447;4;false;-0.22263539662474044;1.0;19.688225206943155;0;D
user-a_session-29AF06B372FD52129AAB65DA477E308EC73CF0D44087D05DA8D39C7BE425D30E_analysis-8.csv;user-a;1;492641982;3;false;-0.4647453797792908;1.0;19.688225206943155;0;D
user-a_session-29AF06B372FD52129AAB65DA477E308EC73CF0D44087D05DA8D39C7BE425D30E_analysis-8.csv;user-a;1;-1922476457;5;false;-0.4647453797792908;1.0;19.688225206943155;0;D
user-a_session-29AF06B372FD52129AAB65DA477E308EC73CF0D44087D05DA8D39C7BE425D30E_analysis-8.csv;user-a;1;-1993972363;4;false;0.20424273156880893;1.0;19.688225206943155;0;D
user-a_session-29AF06B372FD52129AAB65DA477E308EC73CF0D44087D05DA8D39C7BE425D30E_analysis-8.csv;user-a;1;606492928;4;false;1.2109105562640448;1.0;19.688225206943155;0;D
user-a_session-29AF06B372FD52129AAB65DA477E308EC73CF0D44087D05DA8D39C7BE425D30E_analysis-8.csv;user-a;1;618539162;5;false;-0.3213907844904123;1.0;19.688225206943155;0;D
user-a_session-29AF06B372FD52129AAB65DA477E308EC73CF0D44087D05DA8D39C7BE425D30E_analysis-8.csv;user-a;1;-1780443569;6;false;0.15645786647251608;1.0;19.688225206943155;0;D
user-a_session-29AF06B372FD52129AAB65DA477E308EC73CF0D44087D05DA8D39C7BE425D30E_analysis-8.csv;user-a;1;463903233;8;false;-0.27997723474029185;1.0;19.688225206943155;0;D
user-a_session-29AF06B372FD52129AAB65DA477E308EC73CF0D44087D05DA8D39C7BE425D30E_analysis-8.csv;user-a;1;1278831187;4;false;-0.6335852364528589;1.0;18.771934475069;0;D
user-a_session-29AF06B372FD52129AAB65DA477E308EC73CF0D44087D05DA8D39C7BE425D30E_analysis-8.csv;user-a;1;-1853706438;6;false;0.04495984791449946;1.0;19.688225206943155;0;D
user-a_session-29AF06B372FD52129AAB65DA477E308EC73CF0D44087D05DA8D39C7BE425D30E_analysis-8.csv;user-a;1;1868654789;5;false;-0.09202343202820668;1.0;19.688225206943155;0;D
user-a_session-29AF06B372FD52129AAB65DA477E308EC73CF0D44087D05DA8D39C7BE425D30E_analysis-8.csv;user-a;1;-2144768379;8;false;0.08955905533770611;1.0;19.688225206943155;0;D
user-a_session-29AF06B372FD52129AAB65DA477E308EC73CF0D44087D05DA8D39C7BE425D30E_analysis-8.csv;user-a;1;342513488;4;false;-0.07609514366277574;1.0;19.688225206943155;0;D
user-a_session-29AF06B372FD52129AAB65DA477E308EC73CF0D44087D05DA8D39C7BE425D30E_analysis-8.csv;user-a;1;-2104258077;6;false;-0.10795172039363762;1.0;19.688225206943155;0;D
user-a_session-29AF06B372FD52129AAB65DA477E308EC73CF0D44087D05DA8D39C7BE425D30E_analysis-8.csv;user-a;1;-1916499365;6;false;-0.5157159025486698;1.0;19.688225206943155;0;D
user-a_session-29AF06B372FD52129AAB65DA477E308EC73CF0D44087D05DA8D39C7BE425D30E_analysis-8.csv;user-a;1;625906150;6;false;-0.518901560221756;1.0;19.688225206943155;0;D
user-a_session-29AF06B372FD52129AAB65DA477E308EC73CF0D44087D05DA8D39C7BE425D30E_analysis-8.csv;user-a;1;1726987481;5;false;-0.3882895956252223;1.0;19.688225206943155;0;D
user-a_session-29AF06B372FD52129AAB65DA477E308EC73CF0D44087D05DA8D39C7BE425D30E_analysis-8.csv;user-a;1;272384737;3;false;-0.40740354166373943;1.0;19.688225206943155;0;D
user-a_session-29AF06B372FD52129AAB65DA477E308EC73CF0D44087D05DA8D39C7BE425D30E_analysis-8.csv;user-a;1;-1994100790;7;false;0.048145505587585645;1.0;19.688225206943155;0;D
user-a_session-29AF06B372FD52129AAB65DA477E308EC73CF0D44087D05DA8D39C7BE425D30E_analysis-8.csv;user-a;1;-47960612;5;false;-0.5220872178948422;1.0;19.688225206943155;0;D
user-a_session-29AF06B372FD52129AAB65DA477E308EC73CF0D44087D05DA8D39C7BE425D30E_analysis-8.csv;user-a;1;-1357760036;4;false;-0.07928080133586192;1.0;19.688225206943155;0;D
user-a_session-29AF06B372FD52129AAB65DA477E308EC73CF0D44087D05DA8D39C7BE425D30E_analysis-8.csv;user-a;1;-1039704277;7;false;-0.13025132410524096;1.0;19.688225206943155;0;D
user-a_session-29AF06B372FD52129AAB65DA477E308EC73CF0D44087D05DA8D39C7BE425D30E_analysis-8.csv;user-a;1;-1341338224;6;false;-0.5316441909141008;1.0;19.688225206943155;0;D
user-a_session-29AF06B372FD52129AAB65DA477E308EC73CF0D44087D05DA8D39C7BE425D30E_analysis-8.csv;user-a;1;-1916934525;7;false;0.0927447130107923;1.0;19.688225206943155;0;D
user-a_session-29AF06B372FD52129AAB65DA477E308EC73CF0D44087D05DA8D39C7BE425D30E_analysis-8.csv;user-a;1;-92397457;7;false;-0.2672346040479471;1.0;19.688225206943155;0;D
user-a_session-29AF06B372FD52129AAB65DA477E308EC73CF0D44087D05DA8D39C7BE425D30E_analysis-8.csv;user-a;1;-1496970314;5;false;-0.37236130725979133;1.0;19.688225206943155;0;D
user-a_session-29AF06B372FD52129AAB65DA477E308EC73CF0D44087D05DA8D39C7BE425D30E_analysis-8.csv;user-a;1;1178815607;4;false;-0.4137748570099118;1.0;19.688225206943155;0;D
user-a_session-29AF06B372FD52129AAB65DA477E308EC73CF0D44087D05DA8D39C7BE425D30E_analysis-8.csv;user-a;1;2134863406;14;false;-0.4360744607215151;1.0;19.688225206943155;0;D
user-a_session-29AF06B372FD52129AAB65DA477E308EC73CF0D44087D05DA8D39C7BE425D30E_analysis-8.csv;user-a;1;-1167972951;5;false;-0.21307842360548188;1.0;19.688225206943155;0;D
user-a_session-29AF06B372FD52129AAB65DA477E308EC73CF0D44087D05DA8D39C7BE425D30E_analysis-8.csv;user-a;1;-1931506199;4;false;0.1500865511263437;1.0;19.688225206943155;0;D
user-a_session-29AF06B372FD52129AAB65DA477E308EC73CF0D44087D05DA8D39C7BE425D30E_analysis-8.csv;user-a;1;304814471;6;false;-0.28316289241337805;1.0;19.688225206943155;0;D
user-a_session-29AF06B372FD52129AAB65DA477E308EC73CF0D44087D05DA8D39C7BE425D30E_analysis-8.csv;user-a;1;-758798382;5;false;0.40493916497323884;1.0;19.688225206943155;0;D
user-a_session-29AF06B372FD52129AAB65DA477E308EC73CF0D44087D05DA8D39C7BE425D30E_analysis-8.csv;user-a;1;519818112;5;false;-0.3819182802790499;1.0;19.688225206943155;0;D
user-a_session-29AF06B372FD52129AAB65DA477E308EC73CF0D44087D05DA8D39C7BE425D30E_analysis-8.csv;user-a;1;-652984709;4;false;-0.5316441909141008;1.0;19.688225206943155;0;D
user-a_session-29AF06B372FD52129AAB65DA477E308EC73CF0D44087D05DA8D39C7BE425D30E_analysis-8.csv;user-a;1;-1863086215;4;false;-0.35961867656744656;1.0;19.688225206943155;0;D
user-a_session-29AF06B372FD52129AAB65DA477E308EC73CF0D44087D05DA8D39C7BE425D30E_analysis-8.csv;user-a;1;1734055342;4;false;-0.6495135248182898;1.0;19.688225206943155;0;D
user-a_session-29AF06B372FD52129AAB65DA477E308EC73CF0D44087D05DA8D39C7BE425D30E_analysis-8.csv;user-a;1;-1918775257;3;false;0.41131048031941125;1.0;19.688225206943155;0;D
user-a_session-29AF06B372FD52129AAB65DA477E308EC73CF0D44087D05DA8D39C7BE425D30E_analysis-8.csv;user-a;1;-1916347775;4;false;-0.028310278566482897;1.0;19.688225206943155;0;D
user-a_session-29AF06B372FD52129AAB65DA477E308EC73CF0D44087D05DA8D39C7BE425D30E_analysis-8.csv;user-a;1;-2057927220;4;false;-0.11113737806672382;1.0;19.688225206943155;0;D
user-a_session-29AF06B372FD52129AAB65DA477E308EC73CF0D44087D05DA8D39C7BE425D30E_analysis-8.csv;user-a;1;1933273126;4;false;-0.43926011839460133;1.0;19.688225206943155;0;D
user-a_session-29AF06B372FD52129AAB65DA477E308EC73CF0D44087D05DA8D39C7BE425D30E_analysis-8.csv;user-a;1;1613530915;4;false;-0.3819182802790499;1.0;19.688225206943155;0;D
user-a_session-29AF06B372FD52129AAB65DA477E308EC73CF0D44087D05DA8D39C7BE425D30E_analysis-8.csv;user-a;1;-1994297368;6;false;-0.16847921618227524;1.0;19.688225206943155;0;D
user-a_session-29AF06B372FD52129AAB65DA477E308EC73CF0D44087D05DA8D39C7BE425D30E_analysis-8.csv;user-a;1;-410779280;6;false;-0.28316289241337805;1.0;19.688225206943155;0;D
user-a_session-29AF06B372FD52129AAB65DA477E308EC73CF0D44087D05DA8D39C7BE425D30E_analysis-8.csv;user-a;1;1363463402;8;false;-0.2704202617210333;1.0;19.688225206943155;0;D
user-a_session-29AF06B372FD52129AAB65DA477E308EC73CF0D44087D05DA8D39C7BE425D30E_analysis-8.csv;user-a;1;-1994297365;7;false;0.4272387686848422;1.0;19.688225206943155;0;D
user-a_session-29AF06B372FD52129AAB65DA477E308EC73CF0D44087D05DA8D39C7BE425D30E_analysis-8.csv;user-a;1;115735789;4;false;6.1423086342014654;1.0;19.688225206943155;0;D
user-a_session-29AF06B372FD52129AAB65DA477E308EC73CF0D44087D05DA8D39C7BE425D30E_analysis-8.csv;user-a;1;-30924068;4;false;0.3985678496270665;1.0;19.688225206943155;0;D
user-a_session-29AF06B372FD52129AAB65DA477E308EC73CF0D44087D05DA8D39C7BE425D30E_analysis-8.csv;user-a;1;-1583520085;4;false;-0.5029732718563251;1.0;19.688225206943155;0;D
user-a_session-29AF06B372FD52129AAB65DA477E308EC73CF0D44087D05DA8D39C7BE425D30E_analysis-8.csv;user-a;1;1413813302;4;false;-0.19396447756696475;1.0;19.688225206943155;0;D
user-a_session-29AF06B372FD52129AAB65DA477E308EC73CF0D44087D05DA8D39C7BE425D30E_analysis-8.csv;user-a;1;-1058467764;4;false;-0.3691756495867051;1.0;19.688225206943155;0;D
user-a_session-29AF06B372FD52129AAB65DA477E308EC73CF0D44087D05DA8D39C7BE425D30E_analysis-8.csv;user-a;1;-1521662773;5;false;-0.416960514682998;1.0;19.688225206943155;0;D
user-a_session-29AF06B372FD52129AAB65DA477E308EC73CF0D44087D05DA8D39C7BE425D30E_analysis-8.csv;user-a;1;-1543067128;6;false;0.05133116326067184;1.0;19.688225206943155;0;D
user-a_session-29AF06B372FD52129AAB65DA477E308EC73CF0D44087D05DA8D39C7BE425D30E_analysis-8.csv;user-a;1;535014350;6;false;0.4431670570502731;1.0;19.688225206943155;0;D
user-a_session-29AF06B372FD52129AAB65DA477E308EC73CF0D44087D05DA8D39C7BE425D30E_analysis-8.csv;user-a;1;794499746;4;false;-0.3851039379521361;1.0;19.688225206943155;0;D
user-a_session-29AF06B372FD52129AAB65DA477E308EC73CF0D44087D05DA8D39C7BE425D30E_analysis-8.csv;user-a;1;-1925791287;5;false;-0.28316289241337805;1.0;19.688225206943155;0;D
user-a_session-29AF06B372FD52129AAB65DA477E308EC73CF0D44087D05DA8D39C7BE425D30E_analysis-8.csv;user-a;1;-1184874232;4;false;0.48458060680039355;1.0;19.688225206943155;0;D
user-a_session-29AF06B372FD52129AAB65DA477E308EC73CF0D44087D05DA8D39C7BE425D30E_analysis-8.csv;user-a;1;462597389;4;false;-0.4966019565101527;1.0;19.688225206943155;0;D
user-a_session-29AF06B372FD52129AAB65DA477E308EC73CF0D44087D05DA8D39C7BE425D30E_analysis-8.csv;user-a;1;-765413599;5;false;0.10867300137622324;1.0;19.688225206943155;0;D
user-a_session-29AF06B372FD52129AAB65DA477E308EC73CF0D44087D05DA8D39C7BE425D30E_analysis-8.csv;user-a;1;-1994194205;4;false;-0.24493500033634377;1.0;19.688225206943155;0;D
user-a_session-29AF06B372FD52129AAB65DA477E308EC73CF0D44087D05DA8D39C7BE425D30E_analysis-8.csv;user-a;1;1527786133;4;false;0.10230168603005087;1.0;19.688225206943155;0;D
user-a_session-29AF06B372FD52129AAB65DA477E308EC73CF0D44087D05DA8D39C7BE425D30E_analysis-8.csv;user-a;1;2054134643;4;false;1.3670077822452682;1.0;19.688225206943155;0;D
user-a_session-29AF06B372FD52129AAB65DA477E308EC73CF0D44087D05DA8D39C7BE425D30E_analysis-8.csv;user-a;1;224269403;4;false;0.3029981194344808;1.0;19.688225206943155;0;D
user-a_session-29AF06B372FD52129AAB65DA477E308EC73CF0D44087D05DA8D39C7BE425D30E_analysis-8.csv;user-a;1;-1933044171;4;false;-0.2863485500864642;1.0;19.688225206943155;0;D
user-a_session-29AF06B372FD52129AAB65DA477E308EC73CF0D44087D05DA8D39C7BE425D30E_analysis-8.csv;user-a;1;1228345934;4;false;-0.09520908970129287;1.0;19.688225206943155;0;D
user-a_session-29AF06B372FD52129AAB65DA477E308EC73CF0D44087D05DA8D39C7BE425D30E_analysis-8.csv;user-a;1;-1928027335;5;false;-0.24493500033634377;1.0;19.688225206943155;0;D
user-a_session-29AF06B372FD52129AAB65DA477E308EC73CF0D44087D05DA8D39C7BE425D30E_analysis-8.csv;user-a;1;-1301247007;5;false;-0.585800371356566;1.0;19.688225206943155;0;D
user-a_session-29AF06B372FD52129AAB65DA477E308EC73CF0D44087D05DA8D39C7BE425D30E_analysis-8.csv;user-a;1;-1704141758;5;false;0.47183797610804884;1.0;19.688225206943155;0;D
user-a_session-29AF06B372FD52129AAB65DA477E308EC73CF0D44087D05DA8D39C7BE425D30E_analysis-8.csv;user-a;1;795612719;5;false;0.3029981194344808;1.0;19.688225206943155;0;D
user-a_session-29AF06B372FD52129AAB65DA477E308EC73CF0D44087D05DA8D39C7BE425D30E_analysis-8.csv;user-a;2;947275131;5;false;-0.09520908970129287;1.0;19.688225206943155;0;D
user-a_session-29AF06B372FD52129AAB65DA477E308EC73CF0D44087D05DA8D39C7BE425D30E_analysis-8.csv;user-a;2;-696588531;3;false;-0.24812065800942995;1.0;19.688225206943155;0;D
user-a_session-29AF06B372FD52129AAB65DA477E308EC73CF0D44087D05DA8D39C7BE425D30E_analysis-8.csv;user-a;2;-1819078776;5;false;-0.4647453797792908;1.0;19.688225206943155;0;D
user-a_session-29AF06B372FD52129AAB65DA477E308EC73CF0D44087D05DA8D39C7BE425D30E_analysis-8.csv;user-a;2;-1931293060;5;false;-0.5125302448755836;1.0;19.688225206943155;0;D
user-a_session-29AF06B372FD52129AAB65DA477E308EC73CF0D44087D05DA8D39C7BE425D30E_analysis-8.csv;user-a;2;-1547221344;4;false;-0.6208426057605141;1.0;19.688225206943155;0;D
user-a_session-29AF06B372FD52129AAB65DA477E308EC73CF0D44087D05DA8D39C7BE425D30E_analysis-8.csv;user-a;2;265846614;5;false;-0.0888377743551205;1.0;19.688225206943155;0;D
user-a_session-29AF06B372FD52129AAB65DA477E308EC73CF0D44087D05DA8D39C7BE425D30E_analysis-8.csv;user-a;2;2056954351;5;false;-0.21307842360548188;1.0;19.688225206943155;0;D
user-a_session-29AF06B372FD52129AAB65DA477E308EC73CF0D44087D05DA8D39C7BE425D30E_analysis-8.csv;user-a;2;-674317393;6;false;0.5355511295697726;1.0;19.688225206943155;0;D
user-a_session-29AF06B372FD52129AAB65DA477E308EC73CF0D44087D05DA8D39C7BE425D30E_analysis-8.csv;user-a;2;-556596438;5;false;-0.1525509278168443;1.0;19.688225206943155;0;D
user-a_session-29AF06B372FD52129AAB65DA477E308EC73CF0D44087D05DA8D39C7BE425D30E_analysis-8.csv;user-a;2;80149589;4;false;-0.3182051268173261;1.0;19.688225206943155;0;D
user-a_session-29AF06B372FD52129AAB65DA477E308EC73CF0D44087D05DA8D39C7BE425D30E_analysis-8.csv;user-a;2;147373889;6;false;-0.5380155062602732;1.0;19.688225206943155;0;D
user-a_session-29AF06B372FD52129AAB65DA477E308EC73CF0D44087D05DA8D39C7BE425D30E_analysis-8.csv;user-a;2;-1923901124;4;false;-0.34050473052892943;1.0;19.688225206943155;0;D
user-a_session-29AF06B372FD52129AAB65DA477E308EC73CF0D44087D05DA8D39C7BE425D30E_analysis-8.csv;user-a;2;265865297;6;false;9.586004578807636;1.0;19.688225206943155;0;D
user-a_session-29AF06B372FD52129AAB65DA477E308EC73CF0D44087D05DA8D39C7BE425D30E_analysis-8.csv;user-a;2;1369484066;4;false;0.7872180857435815;1.0;19.688225206943155;0;D
user-a_session-29AF06B372FD52129AAB65DA477E308EC73CF0D44087D05DA8D39C7BE425D30E_analysis-8.csv;user-a;2;1278709140;4;false;0.048145505587585645;1.0;19.688225206943155;0;D
user-a_session-29AF06B372FD52129AAB65DA477E308EC73CF0D44087D05DA8D39C7BE425D30E_analysis-8.csv;user-a;2;-1994395116;5;false;-0.5985430020489108;1.0;19.688225206943155;0;D
user-a_session-29AF06B372FD52129AAB65DA477E308EC73CF0D44087D05DA8D39C7BE425D30E_analysis-8.csv;user-a;2;-953338193;5;false;0.20424273156880893;1.0;19.688225206943155;0;D
user-a_session-29AF06B372FD52129AAB65DA477E308EC73CF0D44087D05DA8D39C7BE425D30E_analysis-8.csv;user-a;2;1919103517;6;false;-0.10476606272055144;1.0;19.688225206943155;0;D
user-a_session-29AF06B372FD52129AAB65DA477E308EC73CF0D44087D05DA8D39C7BE425D30E_analysis-8.csv;user-a;2;-1573481821;4;false;-0.2863485500864642;1.0;19.688225206943155;0;D
user-a_session-29AF06B372FD52129AAB65DA477E308EC73CF0D44087D05DA8D39C7BE425D30E_analysis-8.csv;user-a;2;313744083;5;false;0.11822997439548182;1.0;19.688225206943155;0;D
user-a_session-29AF06B372FD52129AAB65DA477E308EC73CF0D44087D05DA8D39C7BE425D30E_analysis-8.csv;user-a;2;-1927819803;4;false;-0.4520027490869461;1.0;19.688225206943155;0;D
user-a_session-29AF06B372FD52129AAB65DA477E308EC73CF0D44087D05DA8D39C7BE425D30E_analysis-8.csv;user-a;2;-120341633;4;false;-0.19715013524005093;1.0;19.688225206943155;0;D
user-a_session-29AF06B372FD52129AAB65DA477E308EC73CF0D44087D05DA8D39C7BE425D30E_analysis-8.csv;user-a;2;669822005;4;false;-0.35961867656744656;1.0;19.688225206943155;0;D
user-a_session-29AF06B372FD52129AAB65DA477E308EC73CF0D44087D05DA8D39C7BE425D30E_analysis-8.csv;user-a;2;147838331;5;false;0.31574075012682556;1.0;19.688225206943155;0;D
user-a_session-29AF06B372FD52129AAB65DA477E308EC73CF0D44087D05DA8D39C7BE425D30E_analysis-8.csv;user-a;2;-1526883593;4;false;0.37626824591546315;1.0;19.688225206943155;0;D
user-a_session-29AF06B372FD52129AAB65DA477E308EC73CF0D44087D05DA8D39C7BE425D30E_analysis-8.csv;user-a;2;1823981392;5;false;-0.06335251297043097;1.0;19.688225206943155;0;D
user-a_session-29AF06B372FD52129AAB65DA477E308EC73CF0D44087D05DA8D39C7BE425D30E_analysis-8.csv;user-a;2;476404076;4;false;-0.39466091097139466;1.0;19.688225206943155;0;D
user-a_session-29AF06B372FD52129AAB65DA477E308EC73CF0D44087D05DA8D39C7BE425D30E_analysis-8.csv;user-a;2;-615936725;5;false;0.0927447130107923;1.0;19.688225206943155;0;D
user-a_session-29AF06B372FD52129AAB65DA477E308EC73CF0D44087D05DA8D39C7BE425D30E_analysis-8.csv;user-a;2;-550695482;4;false;-0.16210790083610285;1.0;19.688225206943155;0;D
user-a_session-29AF06B372FD52129AAB65DA477E308EC73CF0D44087D05DA8D39C7BE425D30E_analysis-8.csv;user-a;2;197994547;4;false;1.7970715681119036;1.0;19.688225206943155;0;D
user-a_session-29AF06B372FD52129AAB65DA477E308EC73CF0D44087D05DA8D39C7BE425D30E_analysis-8.csv;user-a;2;519927879;4;false;-0.4328888030484289;1.0;19.688225206943155;0;D
user-a_session-29AF06B372FD52129AAB65DA477E308EC73CF0D44087D05DA8D39C7BE425D30E_analysis-8.csv;user-a;2;-1915956658;4;false;-0.4105891993368256;1.0;19.688225206943155;0;D
user-a_session-29AF06B372FD52129AAB65DA477E308EC73CF0D44087D05DA8D39C7BE425D30E_analysis-8.csv;user-a;2;-1248194893;6;false;0.9082730773208568;1.0;19.688225206943155;0;D
user-a_session-29AF06B372FD52129AAB65DA477E308EC73CF0D44087D05DA8D39C7BE425D30E_analysis-8.csv;user-a;2;-493224016;4;false;-0.48385932581780794;1.0;19.688225206943155;0;D
user-a_session-29AF06B372FD52129AAB65DA477E308EC73CF0D44087D05DA8D39C7BE425D30E_analysis-8.csv;user-a;2;-280733465;4;false;-0.19715013524005093;1.0;19.688225206943155;0;D
user-a_session-29AF06B372FD52129AAB65DA477E308EC73CF0D44087D05DA8D39C7BE425D30E_analysis-8.csv;user-a;2;-408163259;3;false;0.10230168603005087;1.0;19.688225206943155;0;D
user-a_session-29AF06B372FD52129AAB65DA477E308EC73CF0D44087D05DA8D39C7BE425D30E_analysis-8.csv;user-a;2;1297550216;4;false;0.7394332206472888;1.0;19.688225206943155;0;D
user-a_session-29AF06B372FD52129AAB65DA477E308EC73CF0D44087D05DA8D39C7BE425D30E_analysis-8.csv;user-a;2;2032228834;3;false;-0.34369038820201564;1.0;19.688225206943155;0;D
user-a_session-29AF06B372FD52129AAB65DA477E308EC73CF0D44087D05DA8D39C7BE425D30E_analysis-8.csv;user-a;2;-968866071;4;false;-0.07290948598968955;1.0;19.688225206943155;0;D
user-a_session-29AF06B372FD52129AAB65DA477E308EC73CF0D44087D05DA8D39C7BE425D30E_analysis-8.csv;user-a;2;-1923171105;6;false;-0.299091180778809;1.0;19.688225206943155;0;D
user-a_session-29AF06B372FD52129AAB65DA477E308EC73CF0D44087D05DA8D39C7BE425D30E_analysis-8.csv;user-a;2;26297124;6;false;0.03540287489524089;1.0;19.688225206943155;0;D
user-a_session-29AF06B372FD52129AAB65DA477E308EC73CF0D44087D05DA8D39C7BE425D30E_analysis-8.csv;user-a;2;14523296;10;false;-0.46155972210620466;1.0;19.688225206943155;0;D
user-a_session-29AF06B372FD52129AAB65DA477E308EC73CF0D44087D05DA8D39C7BE425D30E_analysis-8.csv;user-a;2;262295217;10;false;-0.34369038820201564;1.0;19.688225206943155;0;D
user-a_session-29AF06B372FD52129AAB65DA477E308EC73CF0D44087D05DA8D39C7BE425D30E_analysis-8.csv;user-a;2;-760678824;8;false;0.07363076697227516;1.0;19.688225206943155;0;D
user-a_session-29AF06B372FD52129AAB65DA477E308EC73CF0D44087D05DA8D39C7BE425D30E_analysis-8.csv;user-a;2;941306386;9;false;0.7298762476280302;1.0;19.688225206943155;0;D
user-a_session-29AF06B372FD52129AAB65DA477E308EC73CF0D44087D05DA8D39C7BE425D30E_analysis-8.csv;user-a;2;712519710;6;false;-0.31183381147115374;1.0;19.688225206943155;0;D
user-a_session-29AF06B372FD52129AAB65DA477E308EC73CF0D44087D05DA8D39C7BE425D30E_analysis-8.csv;user-a;2;902387474;5;false;-0.32776209983658466;1.0;19.688225206943155;0;D
user-a_session-29AF06B372FD52129AAB65DA477E308EC73CF0D44087D05DA8D39C7BE425D30E_analysis-8.csv;user-a;2;368494551;5;false;-0.39466091097139466;1.0;19.688225206943155;0;D
user-a_session-29AF06B372FD52129AAB65DA477E308EC73CF0D44087D05DA8D39C7BE425D30E_analysis-8.csv;user-a;2;122221514;6;false;-0.5762433983373074;1.0;19.688225206943155;0;D
user-a_session-29AF06B372FD52129AAB65DA477E308EC73CF0D44087D05DA8D39C7BE425D30E_analysis-8.csv;user-a;2;-522565162;5;false;-0.37236130725979133;1.0;19.688225206943155;0;D
user-a_session-29AF06B372FD52129AAB65DA477E308EC73CF0D44087D05DA8D39C7BE425D30E_analysis-8.csv;user-a;2;933534132;11;false;-0.3182051268173261;1.0;19.688225206943155;0;D
user-a_session-29AF06B372FD52129AAB65DA477E308EC73CF0D44087D05DA8D39C7BE425D30E_analysis-8.csv;user-a;2;-1925243752;4;false;-0.2576776310286885;1.0;19.688225206943155;0;D
user-a_session-29AF06B372FD52129AAB65DA477E308EC73CF0D44087D05DA8D39C7BE425D30E_analysis-8.csv;user-a;2;-166094052;5;false;-0.1525509278168443;1.0;19.688225206943155;0;D
user-a_session-29AF06B372FD52129AAB65DA477E308EC73CF0D44087D05DA8D39C7BE425D30E_analysis-8.csv;user-a;2;-1382366938;6;false;-0.31501946914423995;1.0;19.688225206943155;0;D
user-a_session-29AF06B372FD52129AAB65DA477E308EC73CF0D44087D05DA8D39C7BE425D30E_analysis-8.csv;user-a;2;-1193408965;7;false;-0.09520908970129287;1.0;19.688225206943155;0;D
user-a_session-29AF06B372FD52129AAB65DA477E308EC73CF0D44087D05DA8D39C7BE425D30E_analysis-8.csv;user-a;2;2075054080;5;false;0.21698536226115367;1.0;19.688225206943155;0;D
user-a_session-29AF06B372FD52129AAB65DA477E308EC73CF0D44087D05DA8D39C7BE425D30E_analysis-8.csv;user-a;2;399572284;4;false;0.34759732685768746;1.0;19.688225206943155;0;D
user-a_session-29AF06B372FD52129AAB65DA477E308EC73CF0D44087D05DA8D39C7BE425D30E_analysis-8.csv;user-a;2;1940221885;4;false;0.19787141622263654;1.0;19.688225206943155;0;D
user-a_session-29AF06B372FD52129AAB65DA477E308EC73CF0D44087D05DA8D39C7BE425D30E_analysis-8.csv;user-a;2;-2081506012;4;false;0.34122601151151505;1.0;19.688225206943155;0;D
user-a_session-29AF06B372FD52129AAB65DA477E308EC73CF0D44087D05DA8D39C7BE425D30E_analysis-8.csv;user-a;2;1045771367;6;false;0.2074283892418951;1.0;19.688225206943155;0;D
user-a_session-29AF06B372FD52129AAB65DA477E308EC73CF0D44087D05DA8D39C7BE425D30E_analysis-8.csv;user-a;2;1648019259;6;false;0.07363076697227516;1.0;19.688225206943155;0;D
user-a_session-29AF06B372FD52129AAB65DA477E308EC73CF0D44087D05DA8D39C7BE425D30E_analysis-8.csv;user-a;2;908244194;8;false;-0.21944973895165426;1.0;19.688225206943155;0;D
user-a_session-29AF06B372FD52129AAB65DA477E308EC73CF0D44087D05DA8D39C7BE425D30E_analysis-8.csv;user-a;2;-10462979;6;false;1.0866699070136834;1.0;19.688225206943155;0;D
user-a_session-29AF06B372FD52129AAB65DA477E308EC73CF0D44087D05DA8D39C7BE425D30E_analysis-8.csv;user-a;2;1347604697;4;false;-0.4806736681447218;1.0;19.688225206943155;0;D
user-a_session-29AF06B372FD52129AAB65DA477E308EC73CF0D44087D05DA8D39C7BE425D30E_analysis-8.csv;user-a;2;227978614;5;false;-0.18122184687461998;1.0;19.688225206943155;0;D
user-a_session-29AF06B372FD52129AAB65DA477E308EC73CF0D44087D05DA8D39C7BE425D30E_analysis-8.csv;user-a;2;-98482110;6;false;-0.22263539662474044;1.0;19.688225206943155;0;D
user-a_session-29AF06B372FD52129AAB65DA477E308EC73CF0D44087D05DA8D39C7BE425D30E_analysis-8.csv;user-a;2;-2084376718;5;false;-0.4711166951254632;1.0;19.688225206943155;0;D
user-a_session-29AF06B372FD52129AAB65DA477E308EC73CF0D44087D05DA8D39C7BE425D30E_analysis-8.csv;user-a;2;-798139290;4;false;-0.2640489463748609;1.0;19.688225206943155;0;D
user-a_session-29AF06B372FD52129AAB65DA477E308EC73CF0D44087D05DA8D39C7BE425D30E_analysis-8.csv;user-a;2;36764264;3;false;-0.5921716867027385;1.0;19.688225206943155;0;D
user-a_session-29AF06B372FD52129AAB65DA477E308EC73CF0D44087D05DA8D39C7BE425D30E_analysis-8.csv;user-a;2;1493948692;4;false;-0.14936527014375808;1.0;19.688225206943155;0;D
user-a_session-29AF06B372FD52129AAB65DA477E308EC73CF0D44087D05DA8D39C7BE425D30E_analysis-8.csv;user-a;2;-1919706463;4;false;0.12141563206856801;1.0;19.688225206943155;0;D
user-a_session-29AF06B372FD52129AAB65DA477E308EC73CF0D44087D05DA8D39C7BE425D30E_analysis-8.csv;user-a;2;-556426347;5;false;-0.060166855297344786;1.0;19.688225206943155;0;D
user-a_session-29AF06B372FD52129AAB65DA477E308EC73CF0D44087D05DA8D39C7BE425D30E_analysis-8.csv;user-a;2;750567158;4;false;0.1500865511263437;1.0;19.688225206943155;0;D
user-a_session-29AF06B372FD52129AAB65DA477E308EC73CF0D44087D05DA8D39C7BE425D30E_analysis-8.csv;user-a;2;-1996508628;4;false;-0.3691756495867051;1.0;19.688225206943155;0;D
user-a_session-29AF06B372FD52129AAB65DA477E308EC73CF0D44087D05DA8D39C7BE425D30E_analysis-8.csv;user-a;2;1927486811;4;false;-0.4806736681447218;1.0;19.688225206943155;0;D
user-a_session-29AF06B372FD52129AAB65DA477E308EC73CF0D44087D05DA8D39C7BE425D30E_analysis-8.csv;user-a;2;-1994354068;5;false;1.214096213937131;1.0;19.688225206943155;0;D
user-a_session-29AF06B372FD52129AAB65DA477E308EC73CF0D44087D05DA8D39C7BE425D30E_analysis-8.csv;user-a;2;571390008;4;false;0.07044510929918897;1.0;19.688225206943155;0;D
user-a_session-29AF06B372FD52129AAB65DA477E308EC73CF0D44087D05DA8D39C7BE425D30E_analysis-8.csv;user-a;2;-1288278274;4;false;-0.6463278671452036;1.0;19.688225206943155;0;D
user-a_session-29AF06B372FD52129AAB65DA477E308EC73CF0D44087D05DA8D39C7BE425D30E_analysis-8.csv;user-a;2;156474449;5;false;-0.044238566931913845;1.0;19.688225206943155;0;D
user-a_session-29AF06B372FD52129AAB65DA477E308EC73CF0D44087D05DA8D39C7BE425D30E_analysis-8.csv;user-a;2;1810132345;4;false;-0.31501946914423995;1.0;19.688225206943155;0;D
user-a_session-29AF06B372FD52129AAB65DA477E308EC73CF0D44087D05DA8D39C7BE425D30E_analysis-8.csv;user-a;2;787706472;4;false;-0.4488170914138599;1.0;19.688225206943155;0;D
user-a_session-29AF06B372FD52129AAB65DA477E308EC73CF0D44087D05DA8D39C7BE425D30E_analysis-8.csv;user-a;2;-1932514430;4;false;0.32529772314608413;1.0;19.688225206943155;0;D
user-a_session-29AF06B372FD52129AAB65DA477E308EC73CF0D44087D05DA8D39C7BE425D30E_analysis-8.csv;user-a;2;1905525470;5;false;-0.4806736681447218;1.0;19.688225206943155;0;D
user-a_session-29AF06B372FD52129AAB65DA477E308EC73CF0D44087D05DA8D39C7BE425D30E_analysis-8.csv;user-a;2;1766166355;6;false;0.2106140469149813;1.0;19.688225206943155;0;D
user-a_session-29AF06B372FD52129AAB65DA477E308EC73CF0D44087D05DA8D39C7BE425D30E_analysis-8.csv;user-a;2;-270063146;6;false;-0.16529355850918903;1.0;19.688225206943155;0;D
user-a_session-29AF06B372FD52129AAB65DA477E308EC73CF0D44087D05DA8D39C7BE425D30E_analysis-8.csv;user-a;2;386702538;6;false;-0.19715013524005093;1.0;19.688225206943155;0;D
user-a_session-29AF06B372FD52129AAB65DA477E308EC73CF0D44087D05DA8D39C7BE425D30E_analysis-8.csv;user-a;2;-794977262;5;false;-0.25130631568251616;1.0;19.688225206943155;0;D
user-a_session-29AF06B372FD52129AAB65DA477E308EC73CF0D44087D05DA8D39C7BE425D30E_analysis-8.csv;user-a;2;-1927096937;6;false;0.07044510929918897;1.0;19.688225206943155;0;D
user-a_session-29AF06B372FD52129AAB65DA477E308EC73CF0D44087D05DA8D39C7BE425D30E_analysis-8.csv;user-a;2;-1925615307;4;false;-0.1525509278168443;1.0;19.688225206943155;0;D
user-a_session-29AF06B372FD52129AAB65DA477E308EC73CF0D44087D05DA8D39C7BE425D30E_analysis-8.csv;user-a;2;-1931506257;4;false;-0.2672346040479471;1.0;19.688225206943155;0;D
user-a_session-29AF06B372FD52129AAB65DA477E308EC73CF0D44087D05DA8D39C7BE425D30E_analysis-8.csv;user-a;2;1220599020;4;false;-0.2098927659323957;1.0;19.688225206943155;0;D
user-a_session-29AF06B372FD52129AAB65DA477E308EC73CF0D44087D05DA8D39C7BE425D30E_analysis-8.csv;user-a;2;-1783452447;4;false;-0.22263539662474044;1.0;19.688225206943155;0;D
user-a_session-29AF06B372FD52129AAB65DA477E308EC73CF0D44087D05DA8D39C7BE425D30E_analysis-8.csv;user-a;2;492641982;4;false;-0.4647453797792908;1.0;19.688225206943155;0;D
user-a_session-29AF06B372FD52129AAB65DA477E308EC73CF0D44087D05DA8D39C7BE425D30E_analysis-8.csv;user-a;2;-1922476457;6;false;-0.4647453797792908;1.0;19.688225206943155;0;D
user-a_session-29AF06B372FD52129AAB65DA477E308EC73CF0D44087D05DA8D39C7BE425D30E_analysis-8.csv;user-a;2;-1993972363;4;false;0.20424273156880893;1.0;19.688225206943155;0;D
user-a_session-29AF06B372FD52129AAB65DA477E308EC73CF0D44087D05DA8D39C7BE425D30E_analysis-8.csv;user-a;2;606492928;5;false;1.2109105562640448;1.0;19.688225206943155;0;D
user-a_session-29AF06B372FD52129AAB65DA477E308EC73CF0D44087D05DA8D39C7BE425D30E_analysis-8.csv;user-a;2;618539162;4;false;-0.3213907844904123;1.0;19.688225206943155;0;D
user-a_session-29AF06B372FD52129AAB65DA477E308EC73CF0D44087D05DA8D39C7BE425D30E_analysis-8.csv;user-a;2;-1780443569;4;false;0.15645786647251608;1.0;19.688225206943155;0;D
user-a_session-29AF06B372FD52129AAB65DA477E308EC73CF0D44087D05DA8D39C7BE425D30E_analysis-8.csv;user-a;2;463903233;7;false;-0.27997723474029185;1.0;19.688225206943155;0;D
user-a_session-29AF06B372FD52129AAB65DA477E308EC73CF0D44087D05DA8D39C7BE425D30E_analysis-8.csv;user-a;2;1278831187;5;false;-0.6335852364528589;1.0;18.771934475069;0;D
user-a_session-29AF06B372FD52129AAB65DA477E308EC73CF0D44087D05DA8D39C7BE425D30E_analysis-8.csv;user-a;2;-1853706438;4;false;0.04495984791449946;1.0;19.688225206943155;0;D
user-a_session-29AF06B372FD52129AAB65DA477E308EC73CF0D44087D05DA8D39C7BE425D30E_analysis-8.csv;user-a;2;1868654789;4;false;-0.09202343202820668;1.0;19.688225206943155;0;D
user-a_session-29AF06B372FD52129AAB65DA477E308EC73CF0D44087D05DA8D39C7BE425D30E_analysis-8.csv;user-a;2;-2144768379;4;false;0.08955905533770611;1.0;19.688225206943155;0;D
user-a_session-29AF06B372FD52129AAB65DA477E308EC73CF0D44087D05DA8D39C7BE425D30E_analysis-8.csv;user-a;2;342513488;6;false;-0.07609514366277574;1.0;19.688225206943155;0;D
user-a_session-29AF06B372FD52129AAB65DA477E308EC73CF0D44087D05DA8D39C7BE425D30E_analysis-8.csv;user-a;2;-2104258077;6;false;-0.10795172039363762;1.0;19.688225206943155;0;D
user-a_session-29AF06B372FD52129AAB65DA477E308EC73CF0D44087D05DA8D39C7BE425D30E_analysis-8.csv;user-a;2;-1916499365;5;false;-0.5157159025486698;1.0;19.688225206943155;0;D
user-a_session-29AF06B372FD52129AAB65DA477E308EC73CF0D44087D05DA8D39C7BE425D30E_analysis-8.csv;user-a;2;625906150;4;false;-0.518901560221756;1.0;19.688225206943155;0;D
user-a_session-29AF06B372FD52129AAB65DA477E308EC73CF0D44087D05DA8D39C7BE425D30E_analysis-8.csv;user-a;2;1726987481;5;false;-0.3882895956252223;1.0;19.688225206943155;0;D
user-a_session-29AF06B372FD52129AAB65DA477E308EC73CF0D44087D05DA8D39C7BE425D30E_analysis-8.csv;user-a;2;272384737;3;false;-0.40740354166373943;1.0;19.688225206943155;0;D
user-a_session-29AF06B372FD52129AAB65DA477E308EC73CF0D44087D05DA8D39C7BE425D30E_analysis-8.csv;user-a;2;-1994100790;4;false;0.048145505587585645;1.0;19.688225206943155;0;D
user-a_session-29AF06B372FD52129AAB65DA477E308EC73CF0D44087D05DA8D39C7BE425D30E_analysis-8.csv;user-a;2;-47960612;4;false;-0.5220872178948422;1.0;19.688225206943155;0;D
user-a_session-29AF06B372FD52129AAB65DA477E308EC73CF0D44087D05DA8D39C7BE425D30E_analysis-8.csv;user-a;2;-1357760036;4;false;-0.07928080133586192;1.0;19.688225206943155;0;D
user-a_session-29AF06B372FD52129AAB65DA477E308EC73CF0D44087D05DA8D39C7BE425D30E_analysis-8.csv;user-a;2;-1039704277;8;false;-0.13025132410524096;1.0;19.688225206943155;0;D
user-a_session-29AF06B372FD52129AAB65DA477E308EC73CF0D44087D05DA8D39C7BE425D30E_analysis-8.csv;user-a;2;-1341338224;5;false;-0.5316441909141008;1.0;19.688225206943155;0;D
user-a_session-29AF06B372FD52129AAB65DA477E308EC73CF0D44087D05DA8D39C7BE425D30E_analysis-8.csv;user-a;2;-1916934525;4;false;0.0927447130107923;1.0;19.688225206943155;0;D
user-a_session-29AF06B372FD52129AAB65DA477E308EC73CF0D44087D05DA8D39C7BE425D30E_analysis-8.csv;user-a;2;-92397457;5;false;-0.2672346040479471;1.0;19.688225206943155;0;D
user-a_session-29AF06B372FD52129AAB65DA477E308EC73CF0D44087D05DA8D39C7BE425D30E_analysis-8.csv;user-a;2;-1496970314;6;false;-0.37236130725979133;1.0;19.688225206943155;0;D
user-a_session-29AF06B372FD52129AAB65DA477E308EC73CF0D44087D05DA8D39C7BE425D30E_analysis-8.csv;user-a;2;1178815607;4;false;-0.4137748570099118;1.0;19.688225206943155;0;D
user-a_session-29AF06B372FD52129AAB65DA477E308EC73CF0D44087D05DA8D39C7BE425D30E_analysis-8.csv;user-a;2;2134863406;4;false;-0.4360744607215151;1.0;19.688225206943155;0;D
user-a_session-29AF06B372FD52129AAB65DA477E308EC73CF0D44087D05DA8D39C7BE425D30E_analysis-8.csv;user-a;2;-1167972951;5;false;-0.21307842360548188;1.0;19.688225206943155;0;D
user-a_session-29AF06B372FD52129AAB65DA477E308EC73CF0D44087D05DA8D39C7BE425D30E_analysis-8.csv;user-a;2;-1931506199;5;false;0.1500865511263437;1.0;19.688225206943155;0;D
user-a_session-29AF06B372FD52129AAB65DA477E308EC73CF0D44087D05DA8D39C7BE425D30E_analysis-8.csv;user-a;2;304814471;44;false;-0.28316289241337805;1.0;19.688225206943155;0;D
user-a_session-29AF06B372FD52129AAB65DA477E308EC73CF0D44087D05DA8D39C7BE425D30E_analysis-8.csv;user-a;2;-758798382;4;false;0.40493916497323884;1.0;19.688225206943155;0;D
user-a_session-29AF06B372FD52129AAB65DA477E308EC73CF0D44087D05DA8D39C7BE425D30E_analysis-8.csv;user-a;2;519818112;4;false;-0.3819182802790499;1.0;19.688225206943155;0;D
user-a_session-29AF06B372FD52129AAB65DA477E308EC73CF0D44087D05DA8D39C7BE425D30E_analysis-8.csv;user-a;2;-652984709;4;false;-0.5316441909141008;1.0;19.688225206943155;0;D
user-a_session-29AF06B372FD52129AAB65DA477E308EC73CF0D44087D05DA8D39C7BE425D30E_analysis-8.csv;user-a;2;-1863086215;3;false;-0.35961867656744656;1.0;19.688225206943155;0;D
user-a_session-29AF06B372FD52129AAB65DA477E308EC73CF0D44087D05DA8D39C7BE425D30E_analysis-8.csv;user-a;2;1734055342;5;false;-0.6495135248182898;1.0;19.688225206943155;0;D
user-a_session-29AF06B372FD52129AAB65DA477E308EC73CF0D44087D05DA8D39C7BE425D30E_analysis-8.csv;user-a;2;-1918775257;3;false;0.41131048031941125;1.0;19.688225206943155;0;D
user-a_session-29AF06B372FD52129AAB65DA477E308EC73CF0D44087D05DA8D39C7BE425D30E_analysis-8.csv;user-a;2;-1916347775;7;false;-0.028310278566482897;1.0;19.688225206943155;0;D
user-a_session-29AF06B372FD52129AAB65DA477E308EC73CF0D44087D05DA8D39C7BE425D30E_analysis-8.csv;user-a;2;-2057927220;6;false;-0.11113737806672382;1.0;19.688225206943155;0;D
user-a_session-29AF06B372FD52129AAB65DA477E308EC73CF0D44087D05DA8D39C7BE425D30E_analysis-8.csv;user-a;2;1933273126;4;false;-0.43926011839460133;1.0;19.688225206943155;0;D
user-a_session-29AF06B372FD52129AAB65DA477E308EC73CF0D44087D05DA8D39C7BE425D30E_analysis-8.csv;user-a;2;1613530915;9;false;-0.3819182802790499;1.0;19.688225206943155;0;D
user-a_session-29AF06B372FD52129AAB65DA477E308EC73CF0D44087D05DA8D39C7BE425D30E_analysis-8.csv;user-a;2;-1994297368;7;false;-0.16847921618227524;1.0;19.688225206943155;0;D
user-a_session-29AF06B372FD52129AAB65DA477E308EC73CF0D44087D05DA8D39C7BE425D30E_analysis-8.csv;user-a;2;-410779280;3;false;-0.28316289241337805;1.0;19.688225206943155;0;D
user-a_session-29AF06B372FD52129AAB65DA477E308EC73CF0D44087D05DA8D39C7BE425D30E_analysis-8.csv;user-a;2;1363463402;4;false;-0.2704202617210333;1.0;19.688225206943155;0;D
user-a_session-29AF06B372FD52129AAB65DA477E308EC73CF0D44087D05DA8D39C7BE425D30E_analysis-8.csv;user-a;2;-1994297365;3;false;0.4272387686848422;1.0;19.688225206943155;0;D
user-a_session-29AF06B372FD52129AAB65DA477E308EC73CF0D44087D05DA8D39C7BE425D30E_analysis-8.csv;user-a;2;115735789;5;false;6.1423086342014654;1.0;19.688225206943155;0;D
user-a_session-29AF06B372FD52129AAB65DA477E308EC73CF0D44087D05DA8D39C7BE425D30E_analysis-8.csv;user-a;2;-30924068;4;false;0.3985678496270665;1.0;19.688225206943155;0;D
user-a_session-29AF06B372FD52129AAB65DA477E308EC73CF0D44087D05DA8D39C7BE425D30E_analysis-8.csv;user-a;2;-1583520085;3;false;-0.5029732718563251;1.0;19.688225206943155;0;D
user-a_session-29AF06B372FD52129AAB65DA477E308EC73CF0D44087D05DA8D39C7BE425D30E_analysis-8.csv;user-a;2;1413813302;4;false;-0.19396447756696475;1.0;19.688225206943155;0;D
user-a_session-29AF06B372FD52129AAB65DA477E308EC73CF0D44087D05DA8D39C7BE425D30E_analysis-8.csv;user-a;2;-1058467764;4;false;-0.3691756495867051;1.0;19.688225206943155;0;D
user-a_session-29AF06B372FD52129AAB65DA477E308EC73CF0D44087D05DA8D39C7BE425D30E_analysis-8.csv;user-a;2;-1521662773;3;false;-0.416960514682998;1.0;19.688225206943155;0;D
user-a_session-29AF06B372FD52129AAB65DA477E308EC73CF0D44087D05DA8D39C7BE425D30E_analysis-8.csv;user-a;2;-1543067128;5;false;0.05133116326067184;1.0;19.688225206943155;0;D
user-a_session-29AF06B372FD52129AAB65DA477E308EC73CF0D44087D05DA8D39C7BE425D30E_analysis-8.csv;user-a;2;535014350;3;false;0.4431670570502731;1.0;19.688225206943155;0;D
user-a_session-29AF06B372FD52129AAB65DA477E308EC73CF0D44087D05DA8D39C7BE425D30E_analysis-8.csv;user-a;2;794499746;4;false;-0.3851039379521361;1.0;19.688225206943155;0;D
user-a_session-29AF06B372FD52129AAB65DA477E308EC73CF0D44087D05DA8D39C7BE425D30E_analysis-8.csv;user-a;2;-1925791287;4;false;-0.28316289241337805;1.0;19.688225206943155;0;D
user-a_session-29AF06B372FD52129AAB65DA477E308EC73CF0D44087D05DA8D39C7BE425D30E_analysis-8.csv;user-a;2;-1184874232;5;false;0.48458060680039355;1.0;19.688225206943155;0;D
user-a_session-29AF06B372FD52129AAB65DA477E308EC73CF0D44087D05DA8D39C7BE425D30E_analysis-8.csv;user-a;2;462597389;5;false;-0.4966019565101527;1.0;19.688225206943155;0;D
user-a_session-29AF06B372FD52129AAB65DA477E308EC73CF0D44087D05DA8D39C7BE425D30E_analysis-8.csv;user-a;2;-765413599;4;false;0.10867300137622324;1.0;19.688225206943155;0;D
user-a_session-29AF06B372FD52129AAB65DA477E308EC73CF0D44087D05DA8D39C7BE425D30E_analysis-8.csv;user-a;2;-1994194205;5;false;-0.24493500033634377;1.0;19.688225206943155;0;D
user-a_session-29AF06B372FD52129AAB65DA477E308EC73CF0D44087D05DA8D39C7BE425D30E_analysis-8.csv;user-a;2;1527786133;4;false;0.10230168603005087;1.0;19.688225206943155;0;D
user-a_session-29AF06B372FD52129AAB65DA477E308EC73CF0D44087D05DA8D39C7BE425D30E_analysis-8.csv;user-a;2;2054134643;5;false;1.3670077822452682;1.0;19.688225206943155;0;D
user-a_session-29AF06B372FD52129AAB65DA477E308EC73CF0D44087D05DA8D39C7BE425D30E_analysis-8.csv;user-a;2;224269403;4;false;0.3029981194344808;1.0;19.688225206943155;0;D
user-a_session-29AF06B372FD52129AAB65DA477E308EC73CF0D44087D05DA8D39C7BE425D30E_analysis-8.csv;user-a;2;-1933044171;6;false;-0.2863485500864642;1.0;19.688225206943155;0;D
user-a_session-29AF06B372FD52129AAB65DA477E308EC73CF0D44087D05DA8D39C7BE425D30E_analysis-8.csv;user-a;2;1228345934;3;false;-0.09520908970129287;1.0;19.688225206943155;0;D
user-a_session-29AF06B372FD52129AAB65DA477E308EC73CF0D44087D05DA8D39C7BE425D30E_analysis-8.csv;user-a;2;-1928027335;3;false;-0.24493500033634377;1.0;19.688225206943155;0;D
user-a_session-29AF06B372FD52129AAB65DA477E308EC73CF0D44087D05DA8D39C7BE425D30E_analysis-8.csv;user-a;2;-1301247007;4;false;-0.585800371356566;1.0;19.688225206943155;0;D
user-a_session-29AF06B372FD52129AAB65DA477E308EC73CF0D44087D05DA8D39C7BE425D30E_analysis-8.csv;user-a;2;-1704141758;6;false;0.47183797610804884;1.0;19.688225206943155;0;D
user-a_session-29AF06B372FD52129AAB65DA477E308EC73CF0D44087D05DA8D39C7BE425D30E_analysis-8.csv;user-a;2;795612719;3;false;0.3029981194344808;1.0;19.688225206943155;0;D
user-a_session-29AF06B372FD52129AAB65DA477E308EC73CF0D44087D05DA8D39C7BE425D30E_analysis-8.csv;user-a;3;-1863764277;3;false;-1.154700538379251;1.0;28.254848357816165;0;D
user-a_session-29AF06B372FD52129AAB65DA477E308EC73CF0D44087D05DA8D39C7BE425D30E_analysis-8.csv;user-a;3;1312013787;3;false;0.577350269189626;1.0;28.254848357816165;0;D
user-a_session-29AF06B372FD52129AAB65DA477E308EC73CF0D44087D05DA8D39C7BE425D30E_analysis-8.csv;user-a;3;7261785;4;false;0.577350269189626;1.0;28.254848357816165;0;D
user-a_session-29AF06B372FD52129AAB65DA477E308EC73CF0D44087D05DA8D39C7BE425D30E_analysis-8.csv;user-a;4;834965662;3;true;NaN;1.0;Infinity;0;D
user-a_session-29AF06B372FD52129AAB65DA477E308EC73CF0D44087D05DA8D39C7BE425D30E_analysis-8.csv;user-a;5;893616524;3;true;-0.7071067811865476;1.0;Infinity;0;D
user-a_session-29AF06B372FD52129AAB65DA477E308EC73CF0D44087D05DA8D39C7BE425D30E_analysis-8.csv;user-a;5;1381967761;5;true;0.7071067811865476;1.0;Infinity;0;D
user-a_session-29AF06B372FD52129AAB65DA477E308EC73CF0D44087D05DA8D39C7BE425D30E_analysis-8.csv;user-a;6;6960088;3;true;-1.0470094711600817;1.0;26.638120012119384;0;D
user-a_session-29AF06B372FD52129AAB65DA477E308EC73CF0D44087D05DA8D39C7BE425D30E_analysis-8.csv;user-a;6;-395531327;3;true;0.06725925471007439;1.0;26.638120012119384;0;D
user-a_session-29AF06B372FD52129AAB65DA477E308EC73CF0D44087D05DA8D39C7BE425D30E_analysis-8.csv;user-a;6;-1034960112;4;true;-0.1429744952743788;1.0;26.638120012119384;0;D
user-a_session-29AF06B372FD52129AAB65DA477E308EC73CF0D44087D05DA8D39C7BE425D30E_analysis-8.csv;user-a;6;-642939203;3;true;-1.394200738122418;1.0;26.638120012119384;0;D
user-a_session-29AF06B372FD52129AAB65DA477E308EC73CF0D44087D05DA8D39C7BE425D30E_analysis-8.csv;user-a;6;-1542441342;4;true;0.7729784173077493;1.0;26.638120012119384;0;D
user-a_session-29AF06B372FD52129AAB65DA477E308EC73CF0D44087D05DA8D39C7BE425D30E_analysis-8.csv;user-a;6;690895312;3;true;-0.4591477047706895;1.0;22.307386671833054;0;D
user-a_session-29AF06B372FD52129AAB65DA477E308EC73CF0D44087D05DA8D39C7BE425D30E_analysis-8.csv;user-a;6;-1581242784;4;true;1.6037124714291304;1.0;26.638120012119384;0;D
user-a_session-29AF06B372FD52129AAB65DA477E308EC73CF0D44087D05DA8D39C7BE425D30E_analysis-8.csv;user-a;6;482155746;3;true;-0.3173377246783675;1.0;26.638120012119384;0;D
user-a_session-29AF06B372FD52129AAB65DA477E308EC73CF0D44087D05DA8D39C7BE425D30E_analysis-8.csv;user-a;6;-1842386694;3;true;0.7454459635497366;1.0;26.638120012119384;0;D
user-a_session-29AF06B372FD52129AAB65DA477E308EC73CF0D44087D05DA8D39C7BE425D30E_analysis-8.csv;user-a;6;1867046083;3;true;1.847487021035312;1.0;26.638120012119384;0;D
user-a_session-29AF06B372FD52129AAB65DA477E308EC73CF0D44087D05DA8D39C7BE425D30E_analysis-8.csv;user-a;6;-857774622;3;true;0.04561394745954256;1.0;26.638120012119384;0;D
user-a_session-29AF06B372FD52129AAB65DA477E308EC73CF0D44087D05DA8D39C7BE425D30E_analysis-8.csv;user-a;6;581912042;3;true;-0.8806386659700234;1.0;26.638120012119384;0;D
user-a_session-29AF06B372FD52129AAB65DA477E308EC73CF0D44087D05DA8D39C7BE425D30E_analysis-8.csv;user-a;6;-1378993210;3;true;-0.8411882755155856;1.0;26.638120012119384;0;D
user-a_session-29AF06B372FD52129AAB65DA477E308EC73CF0D44087D05DA8D39C7BE425D30E_analysis-8.csv;user-a;7;-1566371845;2;true;-0.6324852930549432;1.0;Infinity;0;D
user-a_session-29AF06B372FD52129AAB65DA477E308EC73CF0D44087D05DA8D39C7BE425D30E_analysis-8.csv;user-a;7;-1675355115;4;true;-1.0592693800927433;1.0;Infinity;0;D
user-a_session-29AF06B372FD52129AAB65DA477E308EC73CF0D44087D05DA8D39C7BE425D30E_analysis-8.csv;user-a;7;658706929;5;true;-0.9518272323070034;1.0;Infinity;0;D
user-a_session-29AF06B372FD52129AAB65DA477E308EC73CF0D44087D05DA8D39C7BE425D30E_analysis-8.csv;user-a;7;1179925517;4;true;0.22108288102065696;1.0;Infinity;0;D
user-a_session-29AF06B372FD52129AAB65DA477E308EC73CF0D44087D05DA8D39C7BE425D30E_analysis-8.csv;user-a;7;-1775111411;3;true;-0.2653912881203319;1.0;Infinity;0;D
user-a_session-29AF06B372FD52129AAB65DA477E308EC73CF0D44087D05DA8D39C7BE425D30E_analysis-8.csv;user-a;7;1394760936;4;true;-1.295045204400339;1.0;Infinity;0;D
user-a_session-29AF06B372FD52129AAB65DA477E308EC73CF0D44087D05DA8D39C7BE425D30E_analysis-8.csv;user-a;7;1642168812;4;true;0.2897264754393241;1.0;Infinity;0;D
user-a_session-29AF06B372FD52129AAB65DA477E308EC73CF0D44087D05DA8D39C7BE425D30E_analysis-8.csv;user-a;7;2044660227;4;true;-0.9876412815689166;1.0;Infinity;0;D
user-a_session-29AF06B372FD52129AAB65DA477E308EC73CF0D44087D05DA8D39C7BE425D30E_analysis-8.csv;user-a;7;-390221074;4;true;1.7879475362293635;1.0;Infinity;0;D
user-a_session-29AF06B372FD52129AAB65DA477E308EC73CF0D44087D05DA8D39C7BE425D30E_analysis-8.csv;user-a;7;195313445;6;true;0.674727505004892;1.0;Infinity;0;D
user-a_session-29AF06B372FD52129AAB65DA477E308EC73CF0D44087D05DA8D39C7BE425D30E_analysis-8.csv;user-a;7;456457355;4;true;1.3492254327709257;1.0;Infinity;0;D
user-a_session-29AF06B372FD52129AAB65DA477E308EC73CF0D44087D05DA8D39C7BE425D30E_analysis-8.csv;user-a;7;495258797;3;true;1.0925580797272136;1.0;Infinity;0;D
user-a_session-29AF06B372FD52129AAB65DA477E308EC73CF0D44087D05DA8D39C7BE425D30E_analysis-8.csv;user-a;7;1002740027;3;true;-0.22360823064809973;1.0;Infinity;0;D
user-a_session-29AF06B372FD52129AAB65DA477E308EC73CF0D44087D05DA8D39C7BE425D30E_analysis-8.csv;user-a;8;-514414749;3;true;1.4914047982079248;1.0;31.733102744621622;1;D
user-a_session-29AF06B372FD52129AAB65DA477E308EC73CF0D44087D05DA8D39C7BE425D30E_analysis-8.csv;user-a;8;-775558659;4;true;0.23958000632369045;1.0;31.733102744621622;1;D
user-a_session-29AF06B372FD52129AAB65DA477E308EC73CF0D44087D05DA8D39C7BE425D30E_analysis-8.csv;user-a;8;-1361093178;3;true;1.813730942226021;1.0;31.733102744621622;1;D
user-a_session-29AF06B372FD52129AAB65DA477E308EC73CF0D44087D05DA8D39C7BE425D30E_analysis-8.csv;user-a;8;209053413;3;true;0.10465278324634784;1.0;31.733102744621622;1;D
user-a_session-29AF06B372FD52129AAB65DA477E308EC73CF0D44087D05DA8D39C7BE425D30E_analysis-8.csv;user-a;8;671296708;3;true;-0.1652016629083374;1.0;31.733102744621622;1;D
user-a_session-29AF06B372FD52129AAB65DA477E308EC73CF0D44087D05DA8D39C7BE425D30E_analysis-8.csv;user-a;8;-475613307;3;true;1.2178323574617749;1.0;31.733102744621622;1;D
user-a_session-29AF06B372FD52129AAB65DA477E308EC73CF0D44087D05DA8D39C7BE425D30E_analysis-8.csv;user-a;8;423888832;3;true;-1.3645547569291607;1.0;31.733102744621622;1;D
user-a_session-29AF06B372FD52129AAB65DA477E308EC73CF0D44087D05DA8D39C7BE425D30E_analysis-8.csv;user-a;8;1548983781;3;true;-0.44255206590065277;1.0;31.733102744621622;1;D
user-a_session-29AF06B372FD52129AAB65DA477E308EC73CF0D44087D05DA8D39C7BE425D30E_analysis-8.csv;user-a;8;1648740077;3;true;-0.5100156774393241;1.0;31.733102744621622;1;D
user-a_session-29AF06B372FD52129AAB65DA477E308EC73CF0D44087D05DA8D39C7BE425D30E_analysis-8.csv;user-a;8;1757723347;3;true;-0.659934814191927;1.0;27.402369404335293;1;D
user-a_session-29AF06B372FD52129AAB65DA477E308EC73CF0D44087D05DA8D39C7BE425D30E_analysis-8.csv;user-a;8;-312165175;3;true;-1.1921477496636672;1.0;31.733102744621622;1;D
user-a_session-29AF06B372FD52129AAB65DA477E308EC73CF0D44087D05DA8D39C7BE425D30E_analysis-8.csv;user-a;8;31867923;3;true;0.2770597905118412;1.0;31.733102744621622;1;D
user-a_session-29AF06B372FD52129AAB65DA477E308EC73CF0D44087D05DA8D39C7BE425D30E_analysis-8.csv;user-a;8;1073788123;3;true;-0.8098539509445299;1.0;31.733102744621622;1;D
user-a_session-29AF06B372FD52129AAB65DA477E308EC73CF0D44087D05DA8D39C7BE425D30E_analysis-8.csv;user-a;9;1814684886;4;true;1.7407119991708881;1.0;31.66797051733009;1;D
user-a_session-29AF06B372FD52129AAB65DA477E308EC73CF0D44087D05DA8D39C7BE425D30E_analysis-8.csv;user-a;9;-910135819;3;true;0.14372851369300912;1.0;31.66797051733009;1;D
user-a_session-29AF06B372FD52129AAB65DA477E308EC73CF0D44087D05DA8D39C7BE425D30E_analysis-8.csv;user-a;9;-45401109;3;true;-1.1578130269714624;1.0;31.66797051733009;1;D
user-a_session-29AF06B372FD52129AAB65DA477E308EC73CF0D44087D05DA8D39C7BE425D30E_analysis-8.csv;user-a;9;-1894747891;3;true;0.38327603651469094;1.0;31.66797051733009;1;D
user-a_session-29AF06B372FD52129AAB65DA477E308EC73CF0D44087D05DA8D39C7BE425D30E_analysis-8.csv;user-a;9;638534115;3;true;-0.23156260539429246;1.0;27.337237177043757;1;D
user-a_session-29AF06B372FD52129AAB65DA477E308EC73CF0D44087D05DA8D39C7BE425D30E_analysis-8.csv;user-a;9;-1087321309;2;true;0.251524898962766;1.0;31.66797051733009;1;D
user-a_session-29AF06B372FD52129AAB65DA477E308EC73CF0D44087D05DA8D39C7BE425D30E_analysis-8.csv;user-a;9;-1594802539;4;true;0.7186425684650456;1.0;31.66797051733009;1;D
user-a_session-29AF06B372FD52129AAB65DA477E308EC73CF0D44087D05DA8D39C7BE425D30E_analysis-8.csv;user-a;9;-1633603981;3;true;1.6209382377600472;1.0;31.66797051733009;1;D
user-a_session-29AF06B372FD52129AAB65DA477E308EC73CF0D44087D05DA8D39C7BE425D30E_analysis-8.csv;user-a;9;-695300400;3;true;-1.4732172653533435;1.0;31.66797051733009;1;D
user-a_session-29AF06B372FD52129AAB65DA477E308EC73CF0D44087D05DA8D39C7BE425D30E_analysis-8.csv;user-a;9;-1431354407;3;true;-1.1578130269714624;1.0;31.66797051733009;1;D
user-a_session-29AF06B372FD52129AAB65DA477E308EC73CF0D44087D05DA8D39C7BE425D30E_analysis-8.csv;user-a;9;529550845;2;true;-0.830431412448497;1.0;31.66797051733009;1;D
user-a_session-29AF06B372FD52129AAB65DA477E308EC73CF0D44087D05DA8D39C7BE425D30E_analysis-8.csv;user-a;9;-447892524;3;true;0.011977376141084092;1.0;31.66797051733009;1;D
user-a_session-29AF06B372FD52129AAB65DA477E308EC73CF0D44087D05DA8D39C7BE425D30E_analysis-8.csv;user-a;9;429794549;3;true;-0.01996229356847349;1.0;31.66797051733009;1;D
user-a_session-29AF06B372FD52129AAB65DA477E308EC73CF0D44087D05DA8D39C7BE425D30E_analysis-8.csv;user-a;10;-235087303;3;true;-0.20469698634428996;1.0;27.914745291345604;1;D
user-a_session-29AF06B372FD52129AAB65DA477E308EC73CF0D44087D05DA8D39C7BE425D30E_analysis-8.csv;user-a;10;1787741897;3;true;1.7771753501737084;1.0;32.24547863163193;1;D
user-a_session-29AF06B372FD52129AAB65DA477E308EC73CF0D44087D05DA8D39C7BE425D30E_analysis-8.csv;user-a;10;-443826869;3;true;-0.4841103239147037;1.0;32.24547863163193;1;D
user-a_session-29AF06B372FD52129AAB65DA477E308EC73CF0D44087D05DA8D39C7BE425D30E_analysis-8.csv;user-a;10;-1783757237;3;true;0.4425473969742462;1.0;32.24547863163193;1;D
user-a_session-29AF06B372FD52129AAB65DA477E308EC73CF0D44087D05DA8D39C7BE425D30E_analysis-8.csv;user-a;10;1989991471;3;true;-0.7214890133350592;1.0;32.24547863163193;1;D
user-a_session-29AF06B372FD52129AAB65DA477E308EC73CF0D44087D05DA8D39C7BE425D30E_analysis-8.csv;user-a;10;-344070573;3;true;-0.9723589293499957;1.0;32.24547863163193;1;D
user-a_session-29AF06B372FD52129AAB65DA477E308EC73CF0D44087D05DA8D39C7BE425D30E_analysis-8.csv;user-a;10;-1960942727;5;true;-0.3298532000006305;1.0;32.24547863163193;1;D
user-a_session-29AF06B372FD52129AAB65DA477E308EC73CF0D44087D05DA8D39C7BE425D30E_analysis-8.csv;user-a;10;941063468;4;true;1.7621231552128123;1.0;32.24547863163193;1;D
user-a_session-29AF06B372FD52129AAB65DA477E308EC73CF0D44087D05DA8D39C7BE425D30E_analysis-8.csv;user-a;10;1526597987;4;true;0.8690262541996383;1.0;32.24547863163193;1;D
user-a_session-29AF06B372FD52129AAB65DA477E308EC73CF0D44087D05DA8D39C7BE425D30E_analysis-8.csv;user-a;10;-1568921818;4;true;-1.4590465664189725;1.0;32.24547863163193;1;D
user-a_session-29AF06B372FD52129AAB65DA477E308EC73CF0D44087D05DA8D39C7BE425D30E_analysis-8.csv;user-a;10;1826543339;4;true;0.3020602440058818;1.0;32.24547863163193;1;D
user-a_session-29AF06B372FD52129AAB65DA477E308EC73CF0D44087D05DA8D39C7BE425D30E_analysis-8.csv;user-a;10;-1321513942;6;true;-0.14950560482100395;1.0;32.24547863163193;1;D
user-a_session-29AF06B372FD52129AAB65DA477E308EC73CF0D44087D05DA8D39C7BE425D30E_analysis-8.csv;user-a;10;-919022527;5;true;-0.8318717763816312;1.0;32.24547863163193;1;D
user-a_session-29AF06B372FD52129AAB65DA477E308EC73CF0D44087D05DA8D39C7BE425D30E_analysis-8.csv;user-a;11;-666217887;3;true;-0.5550809250907861;1.0;26.22746400902076;0;D
user-a_session-29AF06B372FD52129AAB65DA477E308EC73CF0D44087D05DA8D39C7BE425D30E_analysis-8.csv;user-a;11;-1350153111;3;true;-1.1489558795641417;1.0;29.8781222503145;0;D
user-a_session-29AF06B372FD52129AAB65DA477E308EC73CF0D44087D05DA8D39C7BE425D30E_analysis-8.csv;user-a;11;1356611313;3;true;1.4763484826712479;1.0;29.8781222503145;0;D
user-a_session-29AF06B372FD52129AAB65DA477E308EC73CF0D44087D05DA8D39C7BE425D30E_analysis-8.csv;user-a;11;-775201157;3;true;-0.8143120560116953;1.0;29.8781222503145;0;D
user-a_session-29AF06B372FD52129AAB65DA477E308EC73CF0D44087D05DA8D39C7BE425D30E_analysis-8.csv;user-a;11;2080079475;3;true;0.1707662414877597;1.0;29.8781222503145;0;D
user-a_session-29AF06B372FD52129AAB65DA477E308EC73CF0D44087D05DA8D39C7BE425D30E_analysis-8.csv;user-a;11;-874957453;3;true;0.21789917438247047;1.0;29.8781222503145;0;D
user-a_session-29AF06B372FD52129AAB65DA477E308EC73CF0D44087D05DA8D39C7BE425D30E_analysis-8.csv;user-a;11;1558860887;3;true;-0.8661582821958771;1.0;29.8781222503145;0;D
user-a_session-29AF06B372FD52129AAB65DA477E308EC73CF0D44087D05DA8D39C7BE425D30E_analysis-8.csv;user-a;11;-1752644526;3;true;0.005800976356272042;1.0;29.8781222503145;0;D
user-a_session-29AF06B372FD52129AAB65DA477E308EC73CF0D44087D05DA8D39C7BE425D30E_analysis-8.csv;user-a;11;1095467403;6;true;0.868333648329479;1.0;29.8781222503145;0;D
user-a_session-29AF06B372FD52129AAB65DA477E308EC73CF0D44087D05DA8D39C7BE425D30E_analysis-8.csv;user-a;11;509932884;5;true;1.7072998538553306;1.0;29.8781222503145;0;D
user-a_session-29AF06B372FD52129AAB65DA477E308EC73CF0D44087D05DA8D39C7BE425D30E_analysis-8.csv;user-a;11;-2000052402;5;true;-1.5213060494323567;1.0;29.8781222503145;0;D
user-a_session-29AF06B372FD52129AAB65DA477E308EC73CF0D44087D05DA8D39C7BE425D30E_analysis-8.csv;user-a;11;1395412755;5;true;0.7834943691189996;1.0;29.8781222503145;0;D
user-a_session-29AF06B372FD52129AAB65DA477E308EC73CF0D44087D05DA8D39C7BE425D30E_analysis-8.csv;user-a;11;1902893985;5;true;-0.32412955390670334;1.0;29.8781222503145;0;D
