session ;user;query position;cell hashcode;cell computation time;novelty;outlierness;relevance;surprise;query label;session label
user-I051911_session-547BFC0A9BECA12855B0C21A1D028732A75106E4BFAC87C9590A6616878B5C90_analysis-6.csv;user-I051911;1;508574797;4;true;-0.15247459068463307;0.0;Infinity;1;B
user-I051911_session-547BFC0A9BECA12855B0C21A1D028732A75106E4BFAC87C9590A6616878B5C90_analysis-6.csv;user-I051911;1;508574796;3;true;0.7085583920050595;0.0;Infinity;1;B
user-I051911_session-547BFC0A9BECA12855B0C21A1D028732A75106E4BFAC87C9590A6616878B5C90_analysis-6.csv;user-I051911;1;508574799;5;true;-0.5291765206113737;0.0;Infinity;1;B
user-I051911_session-547BFC0A9BECA12855B0C21A1D028732A75106E4BFAC87C9590A6616878B5C90_analysis-6.csv;user-I051911;1;508574798;4;true;-0.26907280709052894;0.0;Infinity;1;B
user-I051911_session-547BFC0A9BECA12855B0C21A1D028732A75106E4BFAC87C9590A6616878B5C90_analysis-6.csv;user-I051911;1;508574793;3;true;1.2736112868951703;0.0;Infinity;1;B
user-I051911_session-547BFC0A9BECA12855B0C21A1D028732A75106E4BFAC87C9590A6616878B5C90_analysis-6.csv;user-I051911;1;508574792;3;true;1.650313216821911;0.0;Infinity;1;B
user-I051911_session-547BFC0A9BECA12855B0C21A1D028732A75106E4BFAC87C9590A6616878B5C90_analysis-6.csv;user-I051911;1;508576311;3;true;-1.2467040061861174;0.0;Infinity;1;B
user-I051911_session-547BFC0A9BECA12855B0C21A1D028732A75106E4BFAC87C9590A6616878B5C90_analysis-6.csv;user-I051911;1;508574795;3;true;0.48433105276295213;0.0;Infinity;1;B
user-I051911_session-547BFC0A9BECA12855B0C21A1D028732A75106E4BFAC87C9590A6616878B5C90_analysis-6.csv;user-I051911;1;508576310;3;true;-1.1121676026408531;0.0;Infinity;1;B
user-I051911_session-547BFC0A9BECA12855B0C21A1D028732A75106E4BFAC87C9590A6616878B5C90_analysis-6.csv;user-I051911;1;508574794;2;true;1.02247666694401;0.0;Infinity;1;B
user-I051911_session-547BFC0A9BECA12855B0C21A1D028732A75106E4BFAC87C9590A6616878B5C90_analysis-6.csv;user-I051911;1;508576312;3;true;-1.0404148540833786;0.0;Infinity;1;B
user-I051911_session-547BFC0A9BECA12855B0C21A1D028732A75106E4BFAC87C9590A6616878B5C90_analysis-6.csv;user-I051911;1;508574800;2;true;-0.7892802341322183;0.0;Infinity;1;B
user-I051911_session-547BFC0A9BECA12855B0C21A1D028732A75106E4BFAC87C9590A6616878B5C90_analysis-6.csv;user-I051911;2;423031002;3;true;0.67921877748786;0.0;Infinity;1;B
user-I051911_session-547BFC0A9BECA12855B0C21A1D028732A75106E4BFAC87C9590A6616878B5C90_analysis-6.csv;user-I051911;2;423031003;2;true;-0.9279467805115833;0.0;Infinity;1;B
user-I051911_session-547BFC0A9BECA12855B0C21A1D028732A75106E4BFAC87C9590A6616878B5C90_analysis-6.csv;user-I051911;2;423031000;3;true;0.794016317344963;0.0;Infinity;1;B
user-I051911_session-547BFC0A9BECA12855B0C21A1D028732A75106E4BFAC87C9590A6616878B5C90_analysis-6.csv;user-I051911;2;423031001;2;true;0.8705480105830318;0.0;Infinity;1;B
user-I051911_session-547BFC0A9BECA12855B0C21A1D028732A75106E4BFAC87C9590A6616878B5C90_analysis-6.csv;user-I051911;2;423032515;2;true;-1.5784661730351675;0.0;Infinity;1;B
user-I051911_session-547BFC0A9BECA12855B0C21A1D028732A75106E4BFAC87C9590A6616878B5C90_analysis-6.csv;user-I051911;2;423032514;2;true;-1.540200326416133;0.0;Infinity;1;B
user-I051911_session-547BFC0A9BECA12855B0C21A1D028732A75106E4BFAC87C9590A6616878B5C90_analysis-6.csv;user-I051911;2;423032513;2;true;-1.1958077068448238;0.0;Infinity;1;B
user-I051911_session-547BFC0A9BECA12855B0C21A1D028732A75106E4BFAC87C9590A6616878B5C90_analysis-6.csv;user-I051911;2;423030995;3;true;0.7557504707259286;0.0;Infinity;1;B
user-I051911_session-547BFC0A9BECA12855B0C21A1D028732A75106E4BFAC87C9590A6616878B5C90_analysis-6.csv;user-I051911;2;423030998;3;true;0.373092004535585;0.0;Infinity;1;B
user-I051911_session-547BFC0A9BECA12855B0C21A1D028732A75106E4BFAC87C9590A6616878B5C90_analysis-6.csv;user-I051911;2;423030999;2;true;0.44962369777365374;0.0;Infinity;1;B
user-I051911_session-547BFC0A9BECA12855B0C21A1D028732A75106E4BFAC87C9590A6616878B5C90_analysis-6.csv;user-I051911;2;423030996;3;true;0.3348261579165507;0.0;Infinity;1;B
user-I051911_session-547BFC0A9BECA12855B0C21A1D028732A75106E4BFAC87C9590A6616878B5C90_analysis-6.csv;user-I051911;2;423030997;3;true;0.9853455504401348;0.0;Infinity;1;B
user-I051911_session-547BFC0A9BECA12855B0C21A1D028732A75106E4BFAC87C9590A6616878B5C90_analysis-6.csv;user-I051911;3;29213669;4;true;-0.656166487974767;0.0;Infinity;1;B
user-I051911_session-547BFC0A9BECA12855B0C21A1D028732A75106E4BFAC87C9590A6616878B5C90_analysis-6.csv;user-I051911;3;29213671;3;true;-0.3194287699253662;0.0;Infinity;1;B
user-I051911_session-547BFC0A9BECA12855B0C21A1D028732A75106E4BFAC87C9590A6616878B5C90_analysis-6.csv;user-I051911;3;29213670;4;true;1.027522102272237;0.0;Infinity;1;B
user-I051911_session-547BFC0A9BECA12855B0C21A1D028732A75106E4BFAC87C9590A6616878B5C90_analysis-6.csv;user-I051911;3;29213677;4;true;0.017308948124034603;0.0;Infinity;1;B
user-I051911_session-547BFC0A9BECA12855B0C21A1D028732A75106E4BFAC87C9590A6616878B5C90_analysis-6.csv;user-I051911;3;370671318;4;true;0.3540466661734354;0.0;Infinity;1;B
user-I051911_session-547BFC0A9BECA12855B0C21A1D028732A75106E4BFAC87C9590A6616878B5C90_analysis-6.csv;user-I051911;3;867622364;4;true;1.027522102272237;0.0;Infinity;1;B
user-I051911_session-547BFC0A9BECA12855B0C21A1D028732A75106E4BFAC87C9590A6616878B5C90_analysis-6.csv;user-I051911;3;29213676;3;true;-0.656166487974767;0.0;Infinity;1;B
user-I051911_session-547BFC0A9BECA12855B0C21A1D028732A75106E4BFAC87C9590A6616878B5C90_analysis-6.csv;user-I051911;3;370671317;4;true;-0.3194287699253662;0.0;Infinity;1;B
user-I051911_session-547BFC0A9BECA12855B0C21A1D028732A75106E4BFAC87C9590A6616878B5C90_analysis-6.csv;user-I051911;3;867622367;4;true;0.6907843842228362;0.0;Infinity;1;B
user-I051911_session-547BFC0A9BECA12855B0C21A1D028732A75106E4BFAC87C9590A6616878B5C90_analysis-6.csv;user-I051911;3;867622366;3;true;-0.9929042060241677;0.0;Infinity;1;B
user-I051911_session-547BFC0A9BECA12855B0C21A1D028732A75106E4BFAC87C9590A6616878B5C90_analysis-6.csv;user-I051911;3;370671316;4;true;-0.3194287699253662;0.0;Infinity;1;B
user-I051911_session-547BFC0A9BECA12855B0C21A1D028732A75106E4BFAC87C9590A6616878B5C90_analysis-6.csv;user-I051911;3;29213673;3;true;0.017308948124034603;0.0;Infinity;1;B
user-I051911_session-547BFC0A9BECA12855B0C21A1D028732A75106E4BFAC87C9590A6616878B5C90_analysis-6.csv;user-I051911;3;29213672;3;true;1.027522102272237;0.0;Infinity;1;B
user-I051911_session-547BFC0A9BECA12855B0C21A1D028732A75106E4BFAC87C9590A6616878B5C90_analysis-6.csv;user-I051911;3;29213675;4;true;2.037735256420439;0.0;Infinity;1;B
user-I051911_session-547BFC0A9BECA12855B0C21A1D028732A75106E4BFAC87C9590A6616878B5C90_analysis-6.csv;user-I051911;3;29213674;3;true;-0.3194287699253662;0.0;Infinity;1;B
user-I051911_session-547BFC0A9BECA12855B0C21A1D028732A75106E4BFAC87C9590A6616878B5C90_analysis-6.csv;user-I051911;3;1781839582;4;true;-1.3296419240735684;0.0;Infinity;1;B
user-I051911_session-547BFC0A9BECA12855B0C21A1D028732A75106E4BFAC87C9590A6616878B5C90_analysis-6.csv;user-I051911;3;867622370;4;true;-0.9929042060241677;0.0;Infinity;1;B
user-I051911_session-547BFC0A9BECA12855B0C21A1D028732A75106E4BFAC87C9590A6616878B5C90_analysis-6.csv;user-I051911;3;867622371;3;true;0.3540466661734354;0.0;Infinity;1;B
user-I051911_session-547BFC0A9BECA12855B0C21A1D028732A75106E4BFAC87C9590A6616878B5C90_analysis-6.csv;user-I051911;3;867622368;5;true;0.3540466661734354;0.0;Infinity;1;B
user-I051911_session-547BFC0A9BECA12855B0C21A1D028732A75106E4BFAC87C9590A6616878B5C90_analysis-6.csv;user-I051911;3;867622369;4;true;-1.3296419240735684;0.0;Infinity;1;B
user-I051911_session-547BFC0A9BECA12855B0C21A1D028732A75106E4BFAC87C9590A6616878B5C90_analysis-6.csv;user-I051911;3;-64827939;4;true;0.3540466661734354;0.0;Infinity;1;B
user-I051911_session-547BFC0A9BECA12855B0C21A1D028732A75106E4BFAC87C9590A6616878B5C90_analysis-6.csv;user-I051911;3;-64827940;4;true;1.7009975383710385;0.0;Infinity;1;B
user-I051911_session-547BFC0A9BECA12855B0C21A1D028732A75106E4BFAC87C9590A6616878B5C90_analysis-6.csv;user-I051911;3;-927389556;5;true;-0.656166487974767;0.0;Infinity;1;B
user-I051911_session-547BFC0A9BECA12855B0C21A1D028732A75106E4BFAC87C9590A6616878B5C90_analysis-6.csv;user-I051911;3;-64827938;4;true;0.3540466661734354;0.0;Infinity;1;B
user-I051911_session-547BFC0A9BECA12855B0C21A1D028732A75106E4BFAC87C9590A6616878B5C90_analysis-6.csv;user-I051911;3;-927389557;5;true;0.017308948124034603;0.0;Infinity;1;B
user-I051911_session-547BFC0A9BECA12855B0C21A1D028732A75106E4BFAC87C9590A6616878B5C90_analysis-6.csv;user-I051911;3;1651405134;6;true;-0.9929042060241677;0.0;Infinity;1;B
user-I051911_session-547BFC0A9BECA12855B0C21A1D028732A75106E4BFAC87C9590A6616878B5C90_analysis-6.csv;user-I051911;3;-64827944;4;true;-0.656166487974767;0.0;Infinity;1;B
user-I051911_session-547BFC0A9BECA12855B0C21A1D028732A75106E4BFAC87C9590A6616878B5C90_analysis-6.csv;user-I051911;3;-927389558;4;true;-0.3194287699253662;0.0;Infinity;1;B
user-I051911_session-547BFC0A9BECA12855B0C21A1D028732A75106E4BFAC87C9590A6616878B5C90_analysis-6.csv;user-I051911;3;1651405135;4;true;0.017308948124034603;0.0;Infinity;1;B
user-I051911_session-547BFC0A9BECA12855B0C21A1D028732A75106E4BFAC87C9590A6616878B5C90_analysis-6.csv;user-I051911;3;-64827941;4;true;0.017308948124034603;0.0;Infinity;1;B
user-I051911_session-547BFC0A9BECA12855B0C21A1D028732A75106E4BFAC87C9590A6616878B5C90_analysis-6.csv;user-I051911;3;-64827942;3;true;1.027522102272237;0.0;Infinity;1;B
user-I051911_session-547BFC0A9BECA12855B0C21A1D028732A75106E4BFAC87C9590A6616878B5C90_analysis-6.csv;user-I051911;3;-64827945;4;true;0.3540466661734354;0.0;Infinity;1;B
user-I051911_session-547BFC0A9BECA12855B0C21A1D028732A75106E4BFAC87C9590A6616878B5C90_analysis-6.csv;user-I051911;3;-64827946;3;true;-0.656166487974767;0.0;Infinity;1;B
user-I051911_session-547BFC0A9BECA12855B0C21A1D028732A75106E4BFAC87C9590A6616878B5C90_analysis-6.csv;user-I051911;3;370669798;4;true;0.3540466661734354;0.0;Infinity;1;B
user-I051911_session-547BFC0A9BECA12855B0C21A1D028732A75106E4BFAC87C9590A6616878B5C90_analysis-6.csv;user-I051911;3;370669799;4;true;3.0479484105686416;0.0;Infinity;1;B
user-I051911_session-547BFC0A9BECA12855B0C21A1D028732A75106E4BFAC87C9590A6616878B5C90_analysis-6.csv;user-I051911;3;370669800;4;true;1.3642598203216376;0.0;Infinity;1;B
user-I051911_session-547BFC0A9BECA12855B0C21A1D028732A75106E4BFAC87C9590A6616878B5C90_analysis-6.csv;user-I051911;3;370669801;4;true;1.3642598203216376;0.0;Infinity;1;B
user-I051911_session-547BFC0A9BECA12855B0C21A1D028732A75106E4BFAC87C9590A6616878B5C90_analysis-6.csv;user-I051911;3;370669803;5;true;0.017308948124034603;0.0;Infinity;1;B
user-I051911_session-547BFC0A9BECA12855B0C21A1D028732A75106E4BFAC87C9590A6616878B5C90_analysis-6.csv;user-I051911;3;370669804;5;true;-0.656166487974767;0.0;Infinity;1;B
user-I051911_session-547BFC0A9BECA12855B0C21A1D028732A75106E4BFAC87C9590A6616878B5C90_analysis-6.csv;user-I051911;3;370669805;4;true;0.3540466661734354;0.0;Infinity;1;B
user-I051911_session-547BFC0A9BECA12855B0C21A1D028732A75106E4BFAC87C9590A6616878B5C90_analysis-6.csv;user-I051911;3;370669806;4;true;-0.656166487974767;0.0;Infinity;1;B
user-I051911_session-547BFC0A9BECA12855B0C21A1D028732A75106E4BFAC87C9590A6616878B5C90_analysis-6.csv;user-I051911;3;-1834234642;4;true;-0.9929042060241677;0.0;Infinity;1;B
user-I051911_session-547BFC0A9BECA12855B0C21A1D028732A75106E4BFAC87C9590A6616878B5C90_analysis-6.csv;user-I051911;3;-1834234644;3;true;-0.3194287699253662;0.0;Infinity;1;B
user-I051911_session-547BFC0A9BECA12855B0C21A1D028732A75106E4BFAC87C9590A6616878B5C90_analysis-6.csv;user-I051911;3;1781838067;4;true;0.3540466661734354;0.0;Infinity;1;B
user-I051911_session-547BFC0A9BECA12855B0C21A1D028732A75106E4BFAC87C9590A6616878B5C90_analysis-6.csv;user-I051911;3;1781838066;4;true;-0.9929042060241677;0.0;Infinity;1;B
user-I051911_session-547BFC0A9BECA12855B0C21A1D028732A75106E4BFAC87C9590A6616878B5C90_analysis-6.csv;user-I051911;3;1781838065;3;true;2.7112106925192405;0.0;Infinity;1;B
user-I051911_session-547BFC0A9BECA12855B0C21A1D028732A75106E4BFAC87C9590A6616878B5C90_analysis-6.csv;user-I051911;3;1781838064;4;true;-0.3194287699253662;0.0;Infinity;1;B
user-I051911_session-547BFC0A9BECA12855B0C21A1D028732A75106E4BFAC87C9590A6616878B5C90_analysis-6.csv;user-I051911;3;1781838070;3;true;-0.3194287699253662;0.0;Infinity;1;B
user-I051911_session-547BFC0A9BECA12855B0C21A1D028732A75106E4BFAC87C9590A6616878B5C90_analysis-6.csv;user-I051911;3;1781838069;4;true;-0.3194287699253662;0.0;Infinity;1;B
user-I051911_session-547BFC0A9BECA12855B0C21A1D028732A75106E4BFAC87C9590A6616878B5C90_analysis-6.csv;user-I051911;3;1781838068;5;true;-0.9929042060241677;0.0;Infinity;1;B
user-I051911_session-547BFC0A9BECA12855B0C21A1D028732A75106E4BFAC87C9590A6616878B5C90_analysis-6.csv;user-I051911;3;1781838062;7;true;-0.656166487974767;0.0;Infinity;1;B
user-I051911_session-547BFC0A9BECA12855B0C21A1D028732A75106E4BFAC87C9590A6616878B5C90_analysis-6.csv;user-I051911;3;1781838063;7;true;-0.3194287699253662;0.0;Infinity;1;B
user-I051911_session-547BFC0A9BECA12855B0C21A1D028732A75106E4BFAC87C9590A6616878B5C90_analysis-6.csv;user-I051911;3;1489860549;4;true;-0.656166487974767;0.0;Infinity;1;B
user-I051911_session-547BFC0A9BECA12855B0C21A1D028732A75106E4BFAC87C9590A6616878B5C90_analysis-6.csv;user-I051911;3;29215187;6;true;0.017308948124034603;0.0;Infinity;1;B
user-I051911_session-547BFC0A9BECA12855B0C21A1D028732A75106E4BFAC87C9590A6616878B5C90_analysis-6.csv;user-I051911;3;-927391074;5;true;1.7009975383710385;0.0;Infinity;1;B
user-I051911_session-547BFC0A9BECA12855B0C21A1D028732A75106E4BFAC87C9590A6616878B5C90_analysis-6.csv;user-I051911;3;-927391073;5;true;1.027522102272237;0.0;Infinity;1;B
user-I051911_session-547BFC0A9BECA12855B0C21A1D028732A75106E4BFAC87C9590A6616878B5C90_analysis-6.csv;user-I051911;3;29215188;5;true;-0.656166487974767;0.0;Infinity;1;B
user-I051911_session-547BFC0A9BECA12855B0C21A1D028732A75106E4BFAC87C9590A6616878B5C90_analysis-6.csv;user-I051911;3;-927391076;3;true;2.37447297446984;0.0;Infinity;1;B
user-I051911_session-547BFC0A9BECA12855B0C21A1D028732A75106E4BFAC87C9590A6616878B5C90_analysis-6.csv;user-I051911;3;29215189;4;true;-0.3194287699253662;0.0;Infinity;1;B
user-I051911_session-547BFC0A9BECA12855B0C21A1D028732A75106E4BFAC87C9590A6616878B5C90_analysis-6.csv;user-I051911;3;-927391075;5;true;0.6907843842228362;0.0;Infinity;1;B
user-I051911_session-547BFC0A9BECA12855B0C21A1D028732A75106E4BFAC87C9590A6616878B5C90_analysis-6.csv;user-I051911;3;1487485372;5;true;1.7009975383710385;0.0;Infinity;1;B
user-I051911_session-547BFC0A9BECA12855B0C21A1D028732A75106E4BFAC87C9590A6616878B5C90_analysis-6.csv;user-I051911;3;1487485373;3;true;-0.9929042060241677;0.0;Infinity;1;B
user-I051911_session-547BFC0A9BECA12855B0C21A1D028732A75106E4BFAC87C9590A6616878B5C90_analysis-6.csv;user-I051911;3;1487485370;5;true;-1.3296419240735684;0.0;Infinity;1;B
user-I051911_session-547BFC0A9BECA12855B0C21A1D028732A75106E4BFAC87C9590A6616878B5C90_analysis-6.csv;user-I051911;3;1487485371;3;true;-0.656166487974767;0.0;Infinity;1;B
user-I051911_session-547BFC0A9BECA12855B0C21A1D028732A75106E4BFAC87C9590A6616878B5C90_analysis-6.csv;user-I051911;3;1487485368;4;true;-0.9929042060241677;0.0;Infinity;1;B
user-I051911_session-547BFC0A9BECA12855B0C21A1D028732A75106E4BFAC87C9590A6616878B5C90_analysis-6.csv;user-I051911;3;1487485369;4;true;0.6907843842228362;0.0;Infinity;1;B
user-I051911_session-547BFC0A9BECA12855B0C21A1D028732A75106E4BFAC87C9590A6616878B5C90_analysis-6.csv;user-I051911;3;-927391071;3;true;0.017308948124034603;0.0;Infinity;1;B
user-I051911_session-547BFC0A9BECA12855B0C21A1D028732A75106E4BFAC87C9590A6616878B5C90_analysis-6.csv;user-I051911;3;-927391072;4;true;2.7112106925192405;0.0;Infinity;1;B
user-I051911_session-547BFC0A9BECA12855B0C21A1D028732A75106E4BFAC87C9590A6616878B5C90_analysis-6.csv;user-I051911;3;1487485367;4;true;-0.3194287699253662;0.0;Infinity;1;B
user-I051911_session-547BFC0A9BECA12855B0C21A1D028732A75106E4BFAC87C9590A6616878B5C90_analysis-6.csv;user-I051911;3;-927391069;3;true;2.7112106925192405;0.0;Infinity;1;B
user-I051911_session-547BFC0A9BECA12855B0C21A1D028732A75106E4BFAC87C9590A6616878B5C90_analysis-6.csv;user-I051911;3;-927391070;5;true;3.3846861286180423;0.0;Infinity;1;B
user-I051911_session-547BFC0A9BECA12855B0C21A1D028732A75106E4BFAC87C9590A6616878B5C90_analysis-6.csv;user-I051911;3;-927391068;4;true;0.017308948124034603;0.0;Infinity;1;B
user-I051911_session-547BFC0A9BECA12855B0C21A1D028732A75106E4BFAC87C9590A6616878B5C90_analysis-6.csv;user-I051911;3;1382961375;4;true;-0.9929042060241677;0.0;Infinity;1;B
user-I051911_session-547BFC0A9BECA12855B0C21A1D028732A75106E4BFAC87C9590A6616878B5C90_analysis-6.csv;user-I051911;3;1487486887;7;true;-0.656166487974767;0.0;Infinity;1;B
user-I051911_session-547BFC0A9BECA12855B0C21A1D028732A75106E4BFAC87C9590A6616878B5C90_analysis-6.csv;user-I051911;3;1487486886;4;true;-1.3296419240735684;0.0;Infinity;1;B
user-I051911_session-547BFC0A9BECA12855B0C21A1D028732A75106E4BFAC87C9590A6616878B5C90_analysis-6.csv;user-I051911;3;1487486885;4;true;-1.3296419240735684;0.0;Infinity;1;B
user-I051911_session-547BFC0A9BECA12855B0C21A1D028732A75106E4BFAC87C9590A6616878B5C90_analysis-6.csv;user-I051911;3;1489859030;4;true;-0.3194287699253662;0.0;Infinity;1;B
user-I051911_session-547BFC0A9BECA12855B0C21A1D028732A75106E4BFAC87C9590A6616878B5C90_analysis-6.csv;user-I051911;3;-1834236162;4;true;-1.3296419240735684;0.0;Infinity;1;B
user-I051911_session-547BFC0A9BECA12855B0C21A1D028732A75106E4BFAC87C9590A6616878B5C90_analysis-6.csv;user-I051911;3;1489859031;4;true;-0.9929042060241677;0.0;Infinity;1;B
user-I051911_session-547BFC0A9BECA12855B0C21A1D028732A75106E4BFAC87C9590A6616878B5C90_analysis-6.csv;user-I051911;3;-1834236161;3;true;0.3540466661734354;0.0;Infinity;1;B
user-I051911_session-547BFC0A9BECA12855B0C21A1D028732A75106E4BFAC87C9590A6616878B5C90_analysis-6.csv;user-I051911;3;1382961376;4;true;-0.9929042060241677;0.0;Infinity;1;B
user-I051911_session-547BFC0A9BECA12855B0C21A1D028732A75106E4BFAC87C9590A6616878B5C90_analysis-6.csv;user-I051911;3;1489859034;4;true;-1.3296419240735684;0.0;Infinity;1;B
user-I051911_session-547BFC0A9BECA12855B0C21A1D028732A75106E4BFAC87C9590A6616878B5C90_analysis-6.csv;user-I051911;3;1489859032;4;true;-1.3296419240735684;0.0;Infinity;1;B
user-I051911_session-547BFC0A9BECA12855B0C21A1D028732A75106E4BFAC87C9590A6616878B5C90_analysis-6.csv;user-I051911;3;1489859033;4;true;0.017308948124034603;0.0;Infinity;1;B
user-I051911_session-547BFC0A9BECA12855B0C21A1D028732A75106E4BFAC87C9590A6616878B5C90_analysis-6.csv;user-I051911;3;1489859038;6;true;-1.3296419240735684;0.0;Infinity;1;B
user-I051911_session-547BFC0A9BECA12855B0C21A1D028732A75106E4BFAC87C9590A6616878B5C90_analysis-6.csv;user-I051911;3;1489859036;6;true;-0.656166487974767;0.0;Infinity;1;B
user-I051911_session-547BFC0A9BECA12855B0C21A1D028732A75106E4BFAC87C9590A6616878B5C90_analysis-6.csv;user-I051911;3;1498710747;4;true;0.3540466661734354;0.0;Infinity;1;B
user-I051911_session-547BFC0A9BECA12855B0C21A1D028732A75106E4BFAC87C9590A6616878B5C90_analysis-6.csv;user-I051911;3;-583400677;3;true;0.017308948124034603;0.0;Infinity;1;B
user-I051911_session-547BFC0A9BECA12855B0C21A1D028732A75106E4BFAC87C9590A6616878B5C90_analysis-6.csv;user-I051911;3;1498710749;4;true;0.6907843842228362;0.0;Infinity;1;B
user-I051911_session-547BFC0A9BECA12855B0C21A1D028732A75106E4BFAC87C9590A6616878B5C90_analysis-6.csv;user-I051911;3;1498710748;4;true;-0.656166487974767;0.0;Infinity;1;B
user-I051911_session-547BFC0A9BECA12855B0C21A1D028732A75106E4BFAC87C9590A6616878B5C90_analysis-6.csv;user-I051911;3;1498710751;3;true;1.027522102272237;0.0;Infinity;1;B
user-I051911_session-547BFC0A9BECA12855B0C21A1D028732A75106E4BFAC87C9590A6616878B5C90_analysis-6.csv;user-I051911;3;-583400679;5;true;-0.9929042060241677;0.0;Infinity;1;B
user-I051911_session-547BFC0A9BECA12855B0C21A1D028732A75106E4BFAC87C9590A6616878B5C90_analysis-6.csv;user-I051911;3;1498710750;4;true;0.6907843842228362;0.0;Infinity;1;B
user-I051911_session-547BFC0A9BECA12855B0C21A1D028732A75106E4BFAC87C9590A6616878B5C90_analysis-6.csv;user-I051911;3;720490881;3;true;-0.656166487974767;0.0;Infinity;1;B
user-I051911_session-547BFC0A9BECA12855B0C21A1D028732A75106E4BFAC87C9590A6616878B5C90_analysis-6.csv;user-I051911;3;720490880;4;true;0.3540466661734354;0.0;Infinity;1;B
user-I051911_session-547BFC0A9BECA12855B0C21A1D028732A75106E4BFAC87C9590A6616878B5C90_analysis-6.csv;user-I051911;3;720490883;6;true;-1.3296419240735684;0.0;Infinity;1;B
user-I051911_session-547BFC0A9BECA12855B0C21A1D028732A75106E4BFAC87C9590A6616878B5C90_analysis-6.csv;user-I051911;3;720490882;5;true;0.3540466661734354;0.0;Infinity;1;B
user-I051911_session-547BFC0A9BECA12855B0C21A1D028732A75106E4BFAC87C9590A6616878B5C90_analysis-6.csv;user-I051911;3;720490885;6;true;-1.3296419240735684;0.0;Infinity;1;B
user-I051911_session-547BFC0A9BECA12855B0C21A1D028732A75106E4BFAC87C9590A6616878B5C90_analysis-6.csv;user-I051911;3;-583402191;5;true;0.6907843842228362;0.0;Infinity;1;B
user-I051911_session-547BFC0A9BECA12855B0C21A1D028732A75106E4BFAC87C9590A6616878B5C90_analysis-6.csv;user-I051911;3;720490884;4;true;-0.3194287699253662;0.0;Infinity;1;B
user-I051911_session-547BFC0A9BECA12855B0C21A1D028732A75106E4BFAC87C9590A6616878B5C90_analysis-6.csv;user-I051911;3;-583402192;4;true;0.017308948124034603;0.0;Infinity;1;B
user-I051911_session-547BFC0A9BECA12855B0C21A1D028732A75106E4BFAC87C9590A6616878B5C90_analysis-6.csv;user-I051911;3;720490887;4;true;-0.3194287699253662;0.0;Infinity;1;B
user-I051911_session-547BFC0A9BECA12855B0C21A1D028732A75106E4BFAC87C9590A6616878B5C90_analysis-6.csv;user-I051911;3;-583402189;4;true;0.3540466661734354;0.0;Infinity;1;B
user-I051911_session-547BFC0A9BECA12855B0C21A1D028732A75106E4BFAC87C9590A6616878B5C90_analysis-6.csv;user-I051911;3;720490886;4;true;-0.3194287699253662;0.0;Infinity;1;B
user-I051911_session-547BFC0A9BECA12855B0C21A1D028732A75106E4BFAC87C9590A6616878B5C90_analysis-6.csv;user-I051911;3;-583402190;3;true;-0.656166487974767;0.0;Infinity;1;B
user-I051911_session-547BFC0A9BECA12855B0C21A1D028732A75106E4BFAC87C9590A6616878B5C90_analysis-6.csv;user-I051911;3;-583402196;4;true;-0.656166487974767;0.0;Infinity;1;B
user-I051911_session-547BFC0A9BECA12855B0C21A1D028732A75106E4BFAC87C9590A6616878B5C90_analysis-6.csv;user-I051911;3;-583402195;6;true;1.7009975383710385;0.0;Infinity;1;B
user-I051911_session-547BFC0A9BECA12855B0C21A1D028732A75106E4BFAC87C9590A6616878B5C90_analysis-6.csv;user-I051911;3;-583402194;5;true;-0.656166487974767;0.0;Infinity;1;B
user-I051911_session-547BFC0A9BECA12855B0C21A1D028732A75106E4BFAC87C9590A6616878B5C90_analysis-6.csv;user-I051911;3;-1834236156;5;true;-0.3194287699253662;0.0;Infinity;1;B
user-I051911_session-547BFC0A9BECA12855B0C21A1D028732A75106E4BFAC87C9590A6616878B5C90_analysis-6.csv;user-I051911;3;-583402193;4;true;-0.3194287699253662;0.0;Infinity;1;B
user-I051911_session-547BFC0A9BECA12855B0C21A1D028732A75106E4BFAC87C9590A6616878B5C90_analysis-6.csv;user-I051911;3;-1834236155;4;true;3.3846861286180423;0.0;Infinity;1;B
user-I051911_session-547BFC0A9BECA12855B0C21A1D028732A75106E4BFAC87C9590A6616878B5C90_analysis-6.csv;user-I051911;3;923581906;4;true;0.017308948124034603;0.0;Infinity;1;B
user-I051911_session-547BFC0A9BECA12855B0C21A1D028732A75106E4BFAC87C9590A6616878B5C90_analysis-6.csv;user-I051911;3;-1834236158;5;true;1.3642598203216376;0.0;Infinity;1;B
user-I051911_session-547BFC0A9BECA12855B0C21A1D028732A75106E4BFAC87C9590A6616878B5C90_analysis-6.csv;user-I051911;3;-1834236157;4;true;1.3642598203216376;0.0;Infinity;1;B
user-I051911_session-547BFC0A9BECA12855B0C21A1D028732A75106E4BFAC87C9590A6616878B5C90_analysis-6.csv;user-I051911;3;-1834236160;5;true;1.7009975383710385;0.0;Infinity;1;B
user-I051911_session-547BFC0A9BECA12855B0C21A1D028732A75106E4BFAC87C9590A6616878B5C90_analysis-6.csv;user-I051911;3;-1834236159;3;true;0.6907843842228362;0.0;Infinity;1;B
user-I051911_session-547BFC0A9BECA12855B0C21A1D028732A75106E4BFAC87C9590A6616878B5C90_analysis-6.csv;user-I051911;3;-583402197;3;true;2.037735256420439;0.0;Infinity;1;B
user-I051911_session-547BFC0A9BECA12855B0C21A1D028732A75106E4BFAC87C9590A6616878B5C90_analysis-6.csv;user-I051911;3;1498710754;6;true;0.017308948124034603;0.0;Infinity;1;B
user-I051911_session-547BFC0A9BECA12855B0C21A1D028732A75106E4BFAC87C9590A6616878B5C90_analysis-6.csv;user-I051911;3;1498710755;5;true;1.027522102272237;0.0;Infinity;1;B
user-I051911_session-547BFC0A9BECA12855B0C21A1D028732A75106E4BFAC87C9590A6616878B5C90_analysis-6.csv;user-I051911;3;1498710752;4;true;0.6907843842228362;0.0;Infinity;1;B
user-I051911_session-547BFC0A9BECA12855B0C21A1D028732A75106E4BFAC87C9590A6616878B5C90_analysis-6.csv;user-I051911;3;1498710753;5;true;-0.3194287699253662;0.0;Infinity;1;B
user-I051911_session-547BFC0A9BECA12855B0C21A1D028732A75106E4BFAC87C9590A6616878B5C90_analysis-6.csv;user-I051911;3;459654503;5;true;-0.656166487974767;0.0;Infinity;1;B
user-I051911_session-547BFC0A9BECA12855B0C21A1D028732A75106E4BFAC87C9590A6616878B5C90_analysis-6.csv;user-I051911;3;459654502;4;true;-0.656166487974767;0.0;Infinity;1;B
user-I051911_session-547BFC0A9BECA12855B0C21A1D028732A75106E4BFAC87C9590A6616878B5C90_analysis-6.csv;user-I051911;3;459654501;3;true;-0.656166487974767;0.0;Infinity;1;B
user-I051911_session-547BFC0A9BECA12855B0C21A1D028732A75106E4BFAC87C9590A6616878B5C90_analysis-6.csv;user-I051911;3;459654500;5;true;-0.3194287699253662;0.0;Infinity;1;B
user-I051911_session-547BFC0A9BECA12855B0C21A1D028732A75106E4BFAC87C9590A6616878B5C90_analysis-6.csv;user-I051911;3;459654498;3;true;0.017308948124034603;0.0;Infinity;1;B
user-I051911_session-547BFC0A9BECA12855B0C21A1D028732A75106E4BFAC87C9590A6616878B5C90_analysis-6.csv;user-I051911;3;459654497;4;true;-0.3194287699253662;0.0;Infinity;1;B
user-I051911_session-547BFC0A9BECA12855B0C21A1D028732A75106E4BFAC87C9590A6616878B5C90_analysis-6.csv;user-I051911;3;459654496;3;true;0.3540466661734354;0.0;Infinity;1;B
user-I051911_session-547BFC0A9BECA12855B0C21A1D028732A75106E4BFAC87C9590A6616878B5C90_analysis-6.csv;user-I051911;3;459654504;5;true;-0.9929042060241677;0.0;Infinity;1;B
user-I051911_session-547BFC0A9BECA12855B0C21A1D028732A75106E4BFAC87C9590A6616878B5C90_analysis-6.csv;user-I051911;3;-14598863;4;true;-1.3296419240735684;0.0;Infinity;1;B
user-I051911_session-547BFC0A9BECA12855B0C21A1D028732A75106E4BFAC87C9590A6616878B5C90_analysis-6.csv;user-I051911;3;1806624989;4;true;-0.9929042060241677;0.0;Infinity;1;B
user-I051911_session-547BFC0A9BECA12855B0C21A1D028732A75106E4BFAC87C9590A6616878B5C90_analysis-6.csv;user-I051911;3;1806624988;3;true;-0.656166487974767;0.0;Infinity;1;B
user-I051911_session-547BFC0A9BECA12855B0C21A1D028732A75106E4BFAC87C9590A6616878B5C90_analysis-6.csv;user-I051911;3;1806624990;4;true;-0.656166487974767;0.0;Infinity;1;B
user-I051911_session-547BFC0A9BECA12855B0C21A1D028732A75106E4BFAC87C9590A6616878B5C90_analysis-6.csv;user-I051911;3;1382959859;5;true;-0.656166487974767;0.0;Infinity;1;B
user-I051911_session-547BFC0A9BECA12855B0C21A1D028732A75106E4BFAC87C9590A6616878B5C90_analysis-6.csv;user-I051911;3;1382959858;4;true;-0.3194287699253662;0.0;Infinity;1;B
user-I051911_session-547BFC0A9BECA12855B0C21A1D028732A75106E4BFAC87C9590A6616878B5C90_analysis-6.csv;user-I051911;3;1382959857;4;true;-1.3296419240735684;0.0;Infinity;1;B
user-I051911_session-547BFC0A9BECA12855B0C21A1D028732A75106E4BFAC87C9590A6616878B5C90_analysis-6.csv;user-I051911;3;1382959856;3;true;0.3540466661734354;0.0;Infinity;1;B
user-I051911_session-547BFC0A9BECA12855B0C21A1D028732A75106E4BFAC87C9590A6616878B5C90_analysis-6.csv;user-I051911;3;1382959863;4;true;1.027522102272237;0.0;Infinity;1;B
user-I051911_session-547BFC0A9BECA12855B0C21A1D028732A75106E4BFAC87C9590A6616878B5C90_analysis-6.csv;user-I051911;3;1382959862;3;true;2.037735256420439;0.0;Infinity;1;B
user-I051911_session-547BFC0A9BECA12855B0C21A1D028732A75106E4BFAC87C9590A6616878B5C90_analysis-6.csv;user-I051911;3;1382959860;5;true;0.3540466661734354;0.0;Infinity;1;B
user-I051911_session-547BFC0A9BECA12855B0C21A1D028732A75106E4BFAC87C9590A6616878B5C90_analysis-6.csv;user-I051911;3;-1460892237;3;true;0.6907843842228362;0.0;Infinity;1;B
user-I051911_session-547BFC0A9BECA12855B0C21A1D028732A75106E4BFAC87C9590A6616878B5C90_analysis-6.csv;user-I051911;3;1382959864;4;true;-1.3296419240735684;0.0;Infinity;1;B
user-I051911_session-547BFC0A9BECA12855B0C21A1D028732A75106E4BFAC87C9590A6616878B5C90_analysis-6.csv;user-I051911;3;-934080684;4;true;-1.3296419240735684;0.0;Infinity;1;B
user-I051911_session-547BFC0A9BECA12855B0C21A1D028732A75106E4BFAC87C9590A6616878B5C90_analysis-6.csv;user-I051911;3;-934080686;4;true;-0.3194287699253662;0.0;Infinity;1;B
user-I051911_session-547BFC0A9BECA12855B0C21A1D028732A75106E4BFAC87C9590A6616878B5C90_analysis-6.csv;user-I051911;3;1651403624;3;true;-0.9929042060241677;0.0;Infinity;1;B
user-I051911_session-547BFC0A9BECA12855B0C21A1D028732A75106E4BFAC87C9590A6616878B5C90_analysis-6.csv;user-I051911;3;-934080685;4;true;-1.3296419240735684;0.0;Infinity;1;B
user-I051911_session-547BFC0A9BECA12855B0C21A1D028732A75106E4BFAC87C9590A6616878B5C90_analysis-6.csv;user-I051911;3;720492397;3;true;-0.3194287699253662;0.0;Infinity;1;B
user-I051911_session-547BFC0A9BECA12855B0C21A1D028732A75106E4BFAC87C9590A6616878B5C90_analysis-6.csv;user-I051911;3;459656016;3;true;0.017308948124034603;0.0;Infinity;1;B
user-I051911_session-547BFC0A9BECA12855B0C21A1D028732A75106E4BFAC87C9590A6616878B5C90_analysis-6.csv;user-I051911;3;1651403621;4;true;-0.3194287699253662;0.0;Infinity;1;B
user-I051911_session-547BFC0A9BECA12855B0C21A1D028732A75106E4BFAC87C9590A6616878B5C90_analysis-6.csv;user-I051911;3;1651403623;3;true;0.017308948124034603;0.0;Infinity;1;B
user-I051911_session-547BFC0A9BECA12855B0C21A1D028732A75106E4BFAC87C9590A6616878B5C90_analysis-6.csv;user-I051911;3;1651403622;4;true;1.027522102272237;0.0;Infinity;1;B
user-I051911_session-547BFC0A9BECA12855B0C21A1D028732A75106E4BFAC87C9590A6616878B5C90_analysis-6.csv;user-I051911;3;1651403617;4;true;0.6907843842228362;0.0;Infinity;1;B
user-I051911_session-547BFC0A9BECA12855B0C21A1D028732A75106E4BFAC87C9590A6616878B5C90_analysis-6.csv;user-I051911;3;1651403616;4;true;-0.3194287699253662;0.0;Infinity;1;B
user-I051911_session-547BFC0A9BECA12855B0C21A1D028732A75106E4BFAC87C9590A6616878B5C90_analysis-6.csv;user-I051911;3;1651403618;3;true;-0.656166487974767;0.0;Infinity;1;B
user-I051911_session-547BFC0A9BECA12855B0C21A1D028732A75106E4BFAC87C9590A6616878B5C90_analysis-6.csv;user-I051911;3;867623883;5;true;-0.9929042060241677;0.0;Infinity;1;B
user-I051911_session-547BFC0A9BECA12855B0C21A1D028732A75106E4BFAC87C9590A6616878B5C90_analysis-6.csv;user-I051911;3;923580390;4;true;0.017308948124034603;0.0;Infinity;1;B
user-I051911_session-547BFC0A9BECA12855B0C21A1D028732A75106E4BFAC87C9590A6616878B5C90_analysis-6.csv;user-I051911;3;923580391;4;true;-0.656166487974767;0.0;Infinity;1;B
user-I051911_session-547BFC0A9BECA12855B0C21A1D028732A75106E4BFAC87C9590A6616878B5C90_analysis-6.csv;user-I051911;3;867623882;5;true;-0.3194287699253662;0.0;Infinity;1;B
user-I051911_session-547BFC0A9BECA12855B0C21A1D028732A75106E4BFAC87C9590A6616878B5C90_analysis-6.csv;user-I051911;3;923580388;4;true;-0.656166487974767;0.0;Infinity;1;B
user-I051911_session-547BFC0A9BECA12855B0C21A1D028732A75106E4BFAC87C9590A6616878B5C90_analysis-6.csv;user-I051911;3;867623881;3;true;0.6907843842228362;0.0;Infinity;1;B
user-I051911_session-547BFC0A9BECA12855B0C21A1D028732A75106E4BFAC87C9590A6616878B5C90_analysis-6.csv;user-I051911;3;459656015;4;true;0.3540466661734354;0.0;Infinity;1;B
user-I051911_session-547BFC0A9BECA12855B0C21A1D028732A75106E4BFAC87C9590A6616878B5C90_analysis-6.csv;user-I051911;3;-14600376;5;true;-0.9929042060241677;0.0;Infinity;1;B
user-I051911_session-547BFC0A9BECA12855B0C21A1D028732A75106E4BFAC87C9590A6616878B5C90_analysis-6.csv;user-I051911;3;-14600378;4;true;2.037735256420439;0.0;Infinity;1;B
user-I051911_session-547BFC0A9BECA12855B0C21A1D028732A75106E4BFAC87C9590A6616878B5C90_analysis-6.csv;user-I051911;3;-14600377;4;true;0.017308948124034603;0.0;Infinity;1;B
user-I051911_session-547BFC0A9BECA12855B0C21A1D028732A75106E4BFAC87C9590A6616878B5C90_analysis-6.csv;user-I051911;3;-14600380;3;true;0.017308948124034603;0.0;Infinity;1;B
user-I051911_session-547BFC0A9BECA12855B0C21A1D028732A75106E4BFAC87C9590A6616878B5C90_analysis-6.csv;user-I051911;3;-14600379;4;true;2.037735256420439;0.0;Infinity;1;B
user-I051911_session-547BFC0A9BECA12855B0C21A1D028732A75106E4BFAC87C9590A6616878B5C90_analysis-6.csv;user-I051911;3;-14600382;4;true;0.017308948124034603;0.0;Infinity;1;B
user-I051911_session-547BFC0A9BECA12855B0C21A1D028732A75106E4BFAC87C9590A6616878B5C90_analysis-6.csv;user-I051911;3;923580394;4;true;-0.9929042060241677;0.0;Infinity;1;B
user-I051911_session-547BFC0A9BECA12855B0C21A1D028732A75106E4BFAC87C9590A6616878B5C90_analysis-6.csv;user-I051911;3;-14600381;4;true;0.017308948124034603;0.0;Infinity;1;B
user-I051911_session-547BFC0A9BECA12855B0C21A1D028732A75106E4BFAC87C9590A6616878B5C90_analysis-6.csv;user-I051911;3;923580395;4;true;-0.656166487974767;0.0;Infinity;1;B
user-I051911_session-547BFC0A9BECA12855B0C21A1D028732A75106E4BFAC87C9590A6616878B5C90_analysis-6.csv;user-I051911;3;923580392;4;true;0.017308948124034603;0.0;Infinity;1;B
user-I051911_session-547BFC0A9BECA12855B0C21A1D028732A75106E4BFAC87C9590A6616878B5C90_analysis-6.csv;user-I051911;3;-14600383;4;true;1.027522102272237;0.0;Infinity;1;B
user-I051911_session-547BFC0A9BECA12855B0C21A1D028732A75106E4BFAC87C9590A6616878B5C90_analysis-6.csv;user-I051911;3;923580393;5;true;0.017308948124034603;0.0;Infinity;1;B
user-I051911_session-547BFC0A9BECA12855B0C21A1D028732A75106E4BFAC87C9590A6616878B5C90_analysis-6.csv;user-I051911;3;1498712265;4;true;0.3540466661734354;0.0;Infinity;1;B
user-I051911_session-547BFC0A9BECA12855B0C21A1D028732A75106E4BFAC87C9590A6616878B5C90_analysis-6.csv;user-I051911;3;1498712267;4;true;0.017308948124034603;0.0;Infinity;1;B
user-I051911_session-547BFC0A9BECA12855B0C21A1D028732A75106E4BFAC87C9590A6616878B5C90_analysis-6.csv;user-I051911;3;-1460893751;4;true;0.6907843842228362;0.0;Infinity;1;B
user-I051911_session-547BFC0A9BECA12855B0C21A1D028732A75106E4BFAC87C9590A6616878B5C90_analysis-6.csv;user-I051911;3;-1460893752;3;true;-0.656166487974767;0.0;Infinity;1;B
user-I051911_session-547BFC0A9BECA12855B0C21A1D028732A75106E4BFAC87C9590A6616878B5C90_analysis-6.csv;user-I051911;3;-502950100;5;true;-0.656166487974767;0.0;Infinity;1;B
user-I051911_session-547BFC0A9BECA12855B0C21A1D028732A75106E4BFAC87C9590A6616878B5C90_analysis-6.csv;user-I051911;3;-1460893749;4;true;1.3642598203216376;0.0;Infinity;1;B
user-I051911_session-547BFC0A9BECA12855B0C21A1D028732A75106E4BFAC87C9590A6616878B5C90_analysis-6.csv;user-I051911;3;-1460893750;3;true;2.037735256420439;0.0;Infinity;1;B
user-I051911_session-547BFC0A9BECA12855B0C21A1D028732A75106E4BFAC87C9590A6616878B5C90_analysis-6.csv;user-I051911;3;-502951616;4;true;0.6907843842228362;0.0;Infinity;1;B
user-I051911_session-547BFC0A9BECA12855B0C21A1D028732A75106E4BFAC87C9590A6616878B5C90_analysis-6.csv;user-I051911;3;-502950102;4;true;-0.656166487974767;0.0;Infinity;1;B
user-I051911_session-547BFC0A9BECA12855B0C21A1D028732A75106E4BFAC87C9590A6616878B5C90_analysis-6.csv;user-I051911;3;-502951615;4;true;-0.656166487974767;0.0;Infinity;1;B
user-I051911_session-547BFC0A9BECA12855B0C21A1D028732A75106E4BFAC87C9590A6616878B5C90_analysis-6.csv;user-I051911;3;-1460893748;5;true;-0.3194287699253662;0.0;Infinity;1;B
user-I051911_session-547BFC0A9BECA12855B0C21A1D028732A75106E4BFAC87C9590A6616878B5C90_analysis-6.csv;user-I051911;3;-502950101;4;true;-0.9929042060241677;0.0;Infinity;1;B
user-I051911_session-547BFC0A9BECA12855B0C21A1D028732A75106E4BFAC87C9590A6616878B5C90_analysis-6.csv;user-I051911;3;-502951614;3;true;0.017308948124034603;0.0;Infinity;1;B
user-I051911_session-547BFC0A9BECA12855B0C21A1D028732A75106E4BFAC87C9590A6616878B5C90_analysis-6.csv;user-I051911;3;-502951613;7;true;-0.3194287699253662;0.0;Infinity;1;B
user-I051911_session-547BFC0A9BECA12855B0C21A1D028732A75106E4BFAC87C9590A6616878B5C90_analysis-6.csv;user-I051911;3;-1460893755;29;true;0.017308948124034603;0.0;Infinity;1;B
user-I051911_session-547BFC0A9BECA12855B0C21A1D028732A75106E4BFAC87C9590A6616878B5C90_analysis-6.csv;user-I051911;3;-1460893756;3;true;0.3540466661734354;0.0;Infinity;1;B
user-I051911_session-547BFC0A9BECA12855B0C21A1D028732A75106E4BFAC87C9590A6616878B5C90_analysis-6.csv;user-I051911;3;-1460893753;4;true;0.6907843842228362;0.0;Infinity;1;B
user-I051911_session-547BFC0A9BECA12855B0C21A1D028732A75106E4BFAC87C9590A6616878B5C90_analysis-6.csv;user-I051911;3;-1460893754;4;true;0.017308948124034603;0.0;Infinity;1;B
user-I051911_session-547BFC0A9BECA12855B0C21A1D028732A75106E4BFAC87C9590A6616878B5C90_analysis-6.csv;user-I051911;3;-502951617;3;true;-0.656166487974767;0.0;Infinity;1;B
user-I051911_session-547BFC0A9BECA12855B0C21A1D028732A75106E4BFAC87C9590A6616878B5C90_analysis-6.csv;user-I051911;3;-502951618;4;true;1.7009975383710385;0.0;Infinity;1;B
user-I051911_session-547BFC0A9BECA12855B0C21A1D028732A75106E4BFAC87C9590A6616878B5C90_analysis-6.csv;user-I051911;3;-502951619;4;true;-0.656166487974767;0.0;Infinity;1;B
user-I051911_session-547BFC0A9BECA12855B0C21A1D028732A75106E4BFAC87C9590A6616878B5C90_analysis-6.csv;user-I051911;3;-502951620;3;true;0.3540466661734354;0.0;Infinity;1;B
user-I051911_session-547BFC0A9BECA12855B0C21A1D028732A75106E4BFAC87C9590A6616878B5C90_analysis-6.csv;user-I051911;3;-934082199;4;true;1.7009975383710385;0.0;Infinity;1;B
user-I051911_session-547BFC0A9BECA12855B0C21A1D028732A75106E4BFAC87C9590A6616878B5C90_analysis-6.csv;user-I051911;3;-934082200;4;true;-0.656166487974767;0.0;Infinity;1;B
user-I051911_session-547BFC0A9BECA12855B0C21A1D028732A75106E4BFAC87C9590A6616878B5C90_analysis-6.csv;user-I051911;3;-934082197;4;true;1.3642598203216376;0.0;Infinity;1;B
user-I051911_session-547BFC0A9BECA12855B0C21A1D028732A75106E4BFAC87C9590A6616878B5C90_analysis-6.csv;user-I051911;3;-934082196;3;true;-0.9929042060241677;0.0;Infinity;1;B
user-I051911_session-547BFC0A9BECA12855B0C21A1D028732A75106E4BFAC87C9590A6616878B5C90_analysis-6.csv;user-I051911;3;-934082203;3;true;-1.3296419240735684;0.0;Infinity;1;B
user-I051911_session-547BFC0A9BECA12855B0C21A1D028732A75106E4BFAC87C9590A6616878B5C90_analysis-6.csv;user-I051911;3;-934082204;4;true;0.3540466661734354;0.0;Infinity;1;B
user-I051911_session-547BFC0A9BECA12855B0C21A1D028732A75106E4BFAC87C9590A6616878B5C90_analysis-6.csv;user-I051911;3;-934082201;4;true;-0.656166487974767;0.0;Infinity;1;B
user-I051911_session-547BFC0A9BECA12855B0C21A1D028732A75106E4BFAC87C9590A6616878B5C90_analysis-6.csv;user-I051911;3;-934082202;4;true;0.6907843842228362;0.0;Infinity;1;B
user-I051911_session-547BFC0A9BECA12855B0C21A1D028732A75106E4BFAC87C9590A6616878B5C90_analysis-6.csv;user-I051911;3;1806623470;3;true;-0.9929042060241677;0.0;Infinity;1;B
user-I051911_session-547BFC0A9BECA12855B0C21A1D028732A75106E4BFAC87C9590A6616878B5C90_analysis-6.csv;user-I051911;3;1806623471;4;true;-0.9929042060241677;0.0;Infinity;1;B
user-I051911_session-547BFC0A9BECA12855B0C21A1D028732A75106E4BFAC87C9590A6616878B5C90_analysis-6.csv;user-I051911;3;1806623473;4;true;0.017308948124034603;0.0;Infinity;1;B
user-I051911_session-547BFC0A9BECA12855B0C21A1D028732A75106E4BFAC87C9590A6616878B5C90_analysis-6.csv;user-I051911;3;1806623472;4;true;-0.9929042060241677;0.0;Infinity;1;B
user-I051911_session-547BFC0A9BECA12855B0C21A1D028732A75106E4BFAC87C9590A6616878B5C90_analysis-6.csv;user-I051911;3;-64826427;3;true;-0.656166487974767;0.0;Infinity;1;B
user-I051911_session-547BFC0A9BECA12855B0C21A1D028732A75106E4BFAC87C9590A6616878B5C90_analysis-6.csv;user-I051911;3;1806623478;4;true;0.017308948124034603;0.0;Infinity;1;B
user-I051911_session-547BFC0A9BECA12855B0C21A1D028732A75106E4BFAC87C9590A6616878B5C90_analysis-6.csv;user-I051911;3;-64826428;4;true;-0.656166487974767;0.0;Infinity;1;B
user-I051911_session-547BFC0A9BECA12855B0C21A1D028732A75106E4BFAC87C9590A6616878B5C90_analysis-6.csv;user-I051911;3;1806623477;4;true;-0.9929042060241677;0.0;Infinity;1;B
user-I051911_session-547BFC0A9BECA12855B0C21A1D028732A75106E4BFAC87C9590A6616878B5C90_analysis-6.csv;user-I051911;3;-64826426;3;true;-1.3296419240735684;0.0;Infinity;1;B
user-I051911_session-547BFC0A9BECA12855B0C21A1D028732A75106E4BFAC87C9590A6616878B5C90_analysis-6.csv;user-I051911;3;1806623476;4;true;-0.656166487974767;0.0;Infinity;1;B
user-I051911_session-547BFC0A9BECA12855B0C21A1D028732A75106E4BFAC87C9590A6616878B5C90_analysis-6.csv;user-I051911;3;720490879;5;true;1.027522102272237;0.0;Infinity;1;B
user-I051911_session-547BFC0A9BECA12855B0C21A1D028732A75106E4BFAC87C9590A6616878B5C90_analysis-6.csv;user-I051911;4;29213669;4;true;-0.656166487974767;0.0;Infinity;1;B
user-I051911_session-547BFC0A9BECA12855B0C21A1D028732A75106E4BFAC87C9590A6616878B5C90_analysis-6.csv;user-I051911;4;29213671;4;true;-0.3194287699253662;0.0;Infinity;1;B
user-I051911_session-547BFC0A9BECA12855B0C21A1D028732A75106E4BFAC87C9590A6616878B5C90_analysis-6.csv;user-I051911;4;29213670;4;true;1.027522102272237;0.0;Infinity;1;B
user-I051911_session-547BFC0A9BECA12855B0C21A1D028732A75106E4BFAC87C9590A6616878B5C90_analysis-6.csv;user-I051911;4;29213677;4;true;0.017308948124034603;0.0;Infinity;1;B
user-I051911_session-547BFC0A9BECA12855B0C21A1D028732A75106E4BFAC87C9590A6616878B5C90_analysis-6.csv;user-I051911;4;370671318;4;true;0.3540466661734354;0.0;Infinity;1;B
user-I051911_session-547BFC0A9BECA12855B0C21A1D028732A75106E4BFAC87C9590A6616878B5C90_analysis-6.csv;user-I051911;4;867622364;3;true;1.027522102272237;0.0;Infinity;1;B
user-I051911_session-547BFC0A9BECA12855B0C21A1D028732A75106E4BFAC87C9590A6616878B5C90_analysis-6.csv;user-I051911;4;29213676;4;true;-0.656166487974767;0.0;Infinity;1;B
user-I051911_session-547BFC0A9BECA12855B0C21A1D028732A75106E4BFAC87C9590A6616878B5C90_analysis-6.csv;user-I051911;4;370671317;4;true;-0.3194287699253662;0.0;Infinity;1;B
user-I051911_session-547BFC0A9BECA12855B0C21A1D028732A75106E4BFAC87C9590A6616878B5C90_analysis-6.csv;user-I051911;4;867622367;4;true;0.6907843842228362;0.0;Infinity;1;B
user-I051911_session-547BFC0A9BECA12855B0C21A1D028732A75106E4BFAC87C9590A6616878B5C90_analysis-6.csv;user-I051911;4;867622366;4;true;-0.9929042060241677;0.0;Infinity;1;B
user-I051911_session-547BFC0A9BECA12855B0C21A1D028732A75106E4BFAC87C9590A6616878B5C90_analysis-6.csv;user-I051911;4;370671316;4;true;-0.3194287699253662;0.0;Infinity;1;B
user-I051911_session-547BFC0A9BECA12855B0C21A1D028732A75106E4BFAC87C9590A6616878B5C90_analysis-6.csv;user-I051911;4;29213673;5;true;0.017308948124034603;0.0;Infinity;1;B
user-I051911_session-547BFC0A9BECA12855B0C21A1D028732A75106E4BFAC87C9590A6616878B5C90_analysis-6.csv;user-I051911;4;29213672;5;true;1.027522102272237;0.0;Infinity;1;B
user-I051911_session-547BFC0A9BECA12855B0C21A1D028732A75106E4BFAC87C9590A6616878B5C90_analysis-6.csv;user-I051911;4;29213675;5;true;2.037735256420439;0.0;Infinity;1;B
user-I051911_session-547BFC0A9BECA12855B0C21A1D028732A75106E4BFAC87C9590A6616878B5C90_analysis-6.csv;user-I051911;4;29213674;4;true;-0.3194287699253662;0.0;Infinity;1;B
user-I051911_session-547BFC0A9BECA12855B0C21A1D028732A75106E4BFAC87C9590A6616878B5C90_analysis-6.csv;user-I051911;4;1781839582;4;true;-1.3296419240735684;0.0;Infinity;1;B
user-I051911_session-547BFC0A9BECA12855B0C21A1D028732A75106E4BFAC87C9590A6616878B5C90_analysis-6.csv;user-I051911;4;867622370;3;true;-0.9929042060241677;0.0;Infinity;1;B
user-I051911_session-547BFC0A9BECA12855B0C21A1D028732A75106E4BFAC87C9590A6616878B5C90_analysis-6.csv;user-I051911;4;867622371;4;true;0.3540466661734354;0.0;Infinity;1;B
user-I051911_session-547BFC0A9BECA12855B0C21A1D028732A75106E4BFAC87C9590A6616878B5C90_analysis-6.csv;user-I051911;4;867622368;4;true;0.3540466661734354;0.0;Infinity;1;B
user-I051911_session-547BFC0A9BECA12855B0C21A1D028732A75106E4BFAC87C9590A6616878B5C90_analysis-6.csv;user-I051911;4;867622369;4;true;-1.3296419240735684;0.0;Infinity;1;B
user-I051911_session-547BFC0A9BECA12855B0C21A1D028732A75106E4BFAC87C9590A6616878B5C90_analysis-6.csv;user-I051911;4;-64827939;4;true;0.3540466661734354;0.0;Infinity;1;B
user-I051911_session-547BFC0A9BECA12855B0C21A1D028732A75106E4BFAC87C9590A6616878B5C90_analysis-6.csv;user-I051911;4;-64827940;4;true;1.7009975383710385;0.0;Infinity;1;B
user-I051911_session-547BFC0A9BECA12855B0C21A1D028732A75106E4BFAC87C9590A6616878B5C90_analysis-6.csv;user-I051911;4;-927389556;5;true;-0.656166487974767;0.0;Infinity;1;B
user-I051911_session-547BFC0A9BECA12855B0C21A1D028732A75106E4BFAC87C9590A6616878B5C90_analysis-6.csv;user-I051911;4;-64827938;5;true;0.3540466661734354;0.0;Infinity;1;B
user-I051911_session-547BFC0A9BECA12855B0C21A1D028732A75106E4BFAC87C9590A6616878B5C90_analysis-6.csv;user-I051911;4;-927389557;7;true;0.017308948124034603;0.0;Infinity;1;B
user-I051911_session-547BFC0A9BECA12855B0C21A1D028732A75106E4BFAC87C9590A6616878B5C90_analysis-6.csv;user-I051911;4;1651405134;5;true;-0.9929042060241677;0.0;Infinity;1;B
user-I051911_session-547BFC0A9BECA12855B0C21A1D028732A75106E4BFAC87C9590A6616878B5C90_analysis-6.csv;user-I051911;4;-64827944;5;true;-0.656166487974767;0.0;Infinity;1;B
user-I051911_session-547BFC0A9BECA12855B0C21A1D028732A75106E4BFAC87C9590A6616878B5C90_analysis-6.csv;user-I051911;4;-927389558;5;true;-0.3194287699253662;0.0;Infinity;1;B
user-I051911_session-547BFC0A9BECA12855B0C21A1D028732A75106E4BFAC87C9590A6616878B5C90_analysis-6.csv;user-I051911;4;1651405135;4;true;0.017308948124034603;0.0;Infinity;1;B
user-I051911_session-547BFC0A9BECA12855B0C21A1D028732A75106E4BFAC87C9590A6616878B5C90_analysis-6.csv;user-I051911;4;-64827941;3;true;0.017308948124034603;0.0;Infinity;1;B
user-I051911_session-547BFC0A9BECA12855B0C21A1D028732A75106E4BFAC87C9590A6616878B5C90_analysis-6.csv;user-I051911;4;-64827942;4;true;1.027522102272237;0.0;Infinity;1;B
user-I051911_session-547BFC0A9BECA12855B0C21A1D028732A75106E4BFAC87C9590A6616878B5C90_analysis-6.csv;user-I051911;4;-64827945;3;true;0.3540466661734354;0.0;Infinity;1;B
user-I051911_session-547BFC0A9BECA12855B0C21A1D028732A75106E4BFAC87C9590A6616878B5C90_analysis-6.csv;user-I051911;4;-64827946;4;true;-0.656166487974767;0.0;Infinity;1;B
user-I051911_session-547BFC0A9BECA12855B0C21A1D028732A75106E4BFAC87C9590A6616878B5C90_analysis-6.csv;user-I051911;4;370669798;3;true;0.3540466661734354;0.0;Infinity;1;B
user-I051911_session-547BFC0A9BECA12855B0C21A1D028732A75106E4BFAC87C9590A6616878B5C90_analysis-6.csv;user-I051911;4;370669799;4;true;3.0479484105686416;0.0;Infinity;1;B
user-I051911_session-547BFC0A9BECA12855B0C21A1D028732A75106E4BFAC87C9590A6616878B5C90_analysis-6.csv;user-I051911;4;370669800;4;true;1.3642598203216376;0.0;Infinity;1;B
user-I051911_session-547BFC0A9BECA12855B0C21A1D028732A75106E4BFAC87C9590A6616878B5C90_analysis-6.csv;user-I051911;4;370669801;4;true;1.3642598203216376;0.0;Infinity;1;B
user-I051911_session-547BFC0A9BECA12855B0C21A1D028732A75106E4BFAC87C9590A6616878B5C90_analysis-6.csv;user-I051911;4;370669803;4;true;0.017308948124034603;0.0;Infinity;1;B
user-I051911_session-547BFC0A9BECA12855B0C21A1D028732A75106E4BFAC87C9590A6616878B5C90_analysis-6.csv;user-I051911;4;370669804;3;true;-0.656166487974767;0.0;Infinity;1;B
user-I051911_session-547BFC0A9BECA12855B0C21A1D028732A75106E4BFAC87C9590A6616878B5C90_analysis-6.csv;user-I051911;4;370669805;3;true;0.3540466661734354;0.0;Infinity;1;B
user-I051911_session-547BFC0A9BECA12855B0C21A1D028732A75106E4BFAC87C9590A6616878B5C90_analysis-6.csv;user-I051911;4;370669806;4;true;-0.656166487974767;0.0;Infinity;1;B
user-I051911_session-547BFC0A9BECA12855B0C21A1D028732A75106E4BFAC87C9590A6616878B5C90_analysis-6.csv;user-I051911;4;-1834234642;3;true;-0.9929042060241677;0.0;Infinity;1;B
user-I051911_session-547BFC0A9BECA12855B0C21A1D028732A75106E4BFAC87C9590A6616878B5C90_analysis-6.csv;user-I051911;4;-1834234644;3;true;-0.3194287699253662;0.0;Infinity;1;B
user-I051911_session-547BFC0A9BECA12855B0C21A1D028732A75106E4BFAC87C9590A6616878B5C90_analysis-6.csv;user-I051911;4;1781838067;4;true;0.3540466661734354;0.0;Infinity;1;B
user-I051911_session-547BFC0A9BECA12855B0C21A1D028732A75106E4BFAC87C9590A6616878B5C90_analysis-6.csv;user-I051911;4;1781838066;4;true;-0.9929042060241677;0.0;Infinity;1;B
user-I051911_session-547BFC0A9BECA12855B0C21A1D028732A75106E4BFAC87C9590A6616878B5C90_analysis-6.csv;user-I051911;4;1781838065;82;true;2.7112106925192405;0.0;Infinity;1;B
user-I051911_session-547BFC0A9BECA12855B0C21A1D028732A75106E4BFAC87C9590A6616878B5C90_analysis-6.csv;user-I051911;4;1781838064;4;true;-0.3194287699253662;0.0;Infinity;1;B
user-I051911_session-547BFC0A9BECA12855B0C21A1D028732A75106E4BFAC87C9590A6616878B5C90_analysis-6.csv;user-I051911;4;1781838070;4;true;-0.3194287699253662;0.0;Infinity;1;B
user-I051911_session-547BFC0A9BECA12855B0C21A1D028732A75106E4BFAC87C9590A6616878B5C90_analysis-6.csv;user-I051911;4;1781838069;4;true;-0.3194287699253662;0.0;Infinity;1;B
user-I051911_session-547BFC0A9BECA12855B0C21A1D028732A75106E4BFAC87C9590A6616878B5C90_analysis-6.csv;user-I051911;4;1781838068;4;true;-0.9929042060241677;0.0;Infinity;1;B
user-I051911_session-547BFC0A9BECA12855B0C21A1D028732A75106E4BFAC87C9590A6616878B5C90_analysis-6.csv;user-I051911;4;1781838062;5;true;-0.656166487974767;0.0;Infinity;1;B
user-I051911_session-547BFC0A9BECA12855B0C21A1D028732A75106E4BFAC87C9590A6616878B5C90_analysis-6.csv;user-I051911;4;1781838063;5;true;-0.3194287699253662;0.0;Infinity;1;B
user-I051911_session-547BFC0A9BECA12855B0C21A1D028732A75106E4BFAC87C9590A6616878B5C90_analysis-6.csv;user-I051911;4;1489860549;7;true;-0.656166487974767;0.0;Infinity;1;B
user-I051911_session-547BFC0A9BECA12855B0C21A1D028732A75106E4BFAC87C9590A6616878B5C90_analysis-6.csv;user-I051911;4;29215187;5;true;0.017308948124034603;0.0;Infinity;1;B
user-I051911_session-547BFC0A9BECA12855B0C21A1D028732A75106E4BFAC87C9590A6616878B5C90_analysis-6.csv;user-I051911;4;-927391074;6;true;1.7009975383710385;0.0;Infinity;1;B
user-I051911_session-547BFC0A9BECA12855B0C21A1D028732A75106E4BFAC87C9590A6616878B5C90_analysis-6.csv;user-I051911;4;-927391073;5;true;1.027522102272237;0.0;Infinity;1;B
user-I051911_session-547BFC0A9BECA12855B0C21A1D028732A75106E4BFAC87C9590A6616878B5C90_analysis-6.csv;user-I051911;4;29215188;4;true;-0.656166487974767;0.0;Infinity;1;B
user-I051911_session-547BFC0A9BECA12855B0C21A1D028732A75106E4BFAC87C9590A6616878B5C90_analysis-6.csv;user-I051911;4;-927391076;3;true;2.37447297446984;0.0;Infinity;1;B
user-I051911_session-547BFC0A9BECA12855B0C21A1D028732A75106E4BFAC87C9590A6616878B5C90_analysis-6.csv;user-I051911;4;29215189;3;true;-0.3194287699253662;0.0;Infinity;1;B
user-I051911_session-547BFC0A9BECA12855B0C21A1D028732A75106E4BFAC87C9590A6616878B5C90_analysis-6.csv;user-I051911;4;-927391075;3;true;0.6907843842228362;0.0;Infinity;1;B
user-I051911_session-547BFC0A9BECA12855B0C21A1D028732A75106E4BFAC87C9590A6616878B5C90_analysis-6.csv;user-I051911;4;1487485372;4;true;1.7009975383710385;0.0;Infinity;1;B
user-I051911_session-547BFC0A9BECA12855B0C21A1D028732A75106E4BFAC87C9590A6616878B5C90_analysis-6.csv;user-I051911;4;1487485373;3;true;-0.9929042060241677;0.0;Infinity;1;B
user-I051911_session-547BFC0A9BECA12855B0C21A1D028732A75106E4BFAC87C9590A6616878B5C90_analysis-6.csv;user-I051911;4;1487485370;4;true;-1.3296419240735684;0.0;Infinity;1;B
user-I051911_session-547BFC0A9BECA12855B0C21A1D028732A75106E4BFAC87C9590A6616878B5C90_analysis-6.csv;user-I051911;4;1487485371;4;true;-0.656166487974767;0.0;Infinity;1;B
user-I051911_session-547BFC0A9BECA12855B0C21A1D028732A75106E4BFAC87C9590A6616878B5C90_analysis-6.csv;user-I051911;4;1487485368;4;true;-0.9929042060241677;0.0;Infinity;1;B
user-I051911_session-547BFC0A9BECA12855B0C21A1D028732A75106E4BFAC87C9590A6616878B5C90_analysis-6.csv;user-I051911;4;1487485369;4;true;0.6907843842228362;0.0;Infinity;1;B
user-I051911_session-547BFC0A9BECA12855B0C21A1D028732A75106E4BFAC87C9590A6616878B5C90_analysis-6.csv;user-I051911;4;-927391071;5;true;0.017308948124034603;0.0;Infinity;1;B
user-I051911_session-547BFC0A9BECA12855B0C21A1D028732A75106E4BFAC87C9590A6616878B5C90_analysis-6.csv;user-I051911;4;-927391072;4;true;2.7112106925192405;0.0;Infinity;1;B
user-I051911_session-547BFC0A9BECA12855B0C21A1D028732A75106E4BFAC87C9590A6616878B5C90_analysis-6.csv;user-I051911;4;1487485367;4;true;-0.3194287699253662;0.0;Infinity;1;B
user-I051911_session-547BFC0A9BECA12855B0C21A1D028732A75106E4BFAC87C9590A6616878B5C90_analysis-6.csv;user-I051911;4;-927391069;3;true;2.7112106925192405;0.0;Infinity;1;B
user-I051911_session-547BFC0A9BECA12855B0C21A1D028732A75106E4BFAC87C9590A6616878B5C90_analysis-6.csv;user-I051911;4;-927391070;4;true;3.3846861286180423;0.0;Infinity;1;B
user-I051911_session-547BFC0A9BECA12855B0C21A1D028732A75106E4BFAC87C9590A6616878B5C90_analysis-6.csv;user-I051911;4;-927391068;4;true;0.017308948124034603;0.0;Infinity;1;B
user-I051911_session-547BFC0A9BECA12855B0C21A1D028732A75106E4BFAC87C9590A6616878B5C90_analysis-6.csv;user-I051911;4;1382961375;4;true;-0.9929042060241677;0.0;Infinity;1;B
user-I051911_session-547BFC0A9BECA12855B0C21A1D028732A75106E4BFAC87C9590A6616878B5C90_analysis-6.csv;user-I051911;4;1487486887;3;true;-0.656166487974767;0.0;Infinity;1;B
user-I051911_session-547BFC0A9BECA12855B0C21A1D028732A75106E4BFAC87C9590A6616878B5C90_analysis-6.csv;user-I051911;4;1487486886;4;true;-1.3296419240735684;0.0;Infinity;1;B
user-I051911_session-547BFC0A9BECA12855B0C21A1D028732A75106E4BFAC87C9590A6616878B5C90_analysis-6.csv;user-I051911;4;1487486885;4;true;-1.3296419240735684;0.0;Infinity;1;B
user-I051911_session-547BFC0A9BECA12855B0C21A1D028732A75106E4BFAC87C9590A6616878B5C90_analysis-6.csv;user-I051911;4;1489859030;4;true;-0.3194287699253662;0.0;Infinity;1;B
user-I051911_session-547BFC0A9BECA12855B0C21A1D028732A75106E4BFAC87C9590A6616878B5C90_analysis-6.csv;user-I051911;4;-1834236162;4;true;-1.3296419240735684;0.0;Infinity;1;B
user-I051911_session-547BFC0A9BECA12855B0C21A1D028732A75106E4BFAC87C9590A6616878B5C90_analysis-6.csv;user-I051911;4;1489859031;4;true;-0.9929042060241677;0.0;Infinity;1;B
user-I051911_session-547BFC0A9BECA12855B0C21A1D028732A75106E4BFAC87C9590A6616878B5C90_analysis-6.csv;user-I051911;4;-1834236161;4;true;0.3540466661734354;0.0;Infinity;1;B
user-I051911_session-547BFC0A9BECA12855B0C21A1D028732A75106E4BFAC87C9590A6616878B5C90_analysis-6.csv;user-I051911;4;1382961376;3;true;-0.9929042060241677;0.0;Infinity;1;B
user-I051911_session-547BFC0A9BECA12855B0C21A1D028732A75106E4BFAC87C9590A6616878B5C90_analysis-6.csv;user-I051911;4;1489859034;4;true;-1.3296419240735684;0.0;Infinity;1;B
user-I051911_session-547BFC0A9BECA12855B0C21A1D028732A75106E4BFAC87C9590A6616878B5C90_analysis-6.csv;user-I051911;4;1489859032;3;true;-1.3296419240735684;0.0;Infinity;1;B
user-I051911_session-547BFC0A9BECA12855B0C21A1D028732A75106E4BFAC87C9590A6616878B5C90_analysis-6.csv;user-I051911;4;1489859033;4;true;0.017308948124034603;0.0;Infinity;1;B
user-I051911_session-547BFC0A9BECA12855B0C21A1D028732A75106E4BFAC87C9590A6616878B5C90_analysis-6.csv;user-I051911;4;1489859038;4;true;-1.3296419240735684;0.0;Infinity;1;B
user-I051911_session-547BFC0A9BECA12855B0C21A1D028732A75106E4BFAC87C9590A6616878B5C90_analysis-6.csv;user-I051911;4;1489859036;3;true;-0.656166487974767;0.0;Infinity;1;B
user-I051911_session-547BFC0A9BECA12855B0C21A1D028732A75106E4BFAC87C9590A6616878B5C90_analysis-6.csv;user-I051911;4;1498710747;4;true;0.3540466661734354;0.0;Infinity;1;B
user-I051911_session-547BFC0A9BECA12855B0C21A1D028732A75106E4BFAC87C9590A6616878B5C90_analysis-6.csv;user-I051911;4;-583400677;4;true;0.017308948124034603;0.0;Infinity;1;B
user-I051911_session-547BFC0A9BECA12855B0C21A1D028732A75106E4BFAC87C9590A6616878B5C90_analysis-6.csv;user-I051911;4;1498710749;4;true;0.6907843842228362;0.0;Infinity;1;B
user-I051911_session-547BFC0A9BECA12855B0C21A1D028732A75106E4BFAC87C9590A6616878B5C90_analysis-6.csv;user-I051911;4;1498710748;4;true;-0.656166487974767;0.0;Infinity;1;B
user-I051911_session-547BFC0A9BECA12855B0C21A1D028732A75106E4BFAC87C9590A6616878B5C90_analysis-6.csv;user-I051911;4;1498710751;5;true;1.027522102272237;0.0;Infinity;1;B
user-I051911_session-547BFC0A9BECA12855B0C21A1D028732A75106E4BFAC87C9590A6616878B5C90_analysis-6.csv;user-I051911;4;-583400679;4;true;-0.9929042060241677;0.0;Infinity;1;B
user-I051911_session-547BFC0A9BECA12855B0C21A1D028732A75106E4BFAC87C9590A6616878B5C90_analysis-6.csv;user-I051911;4;1498710750;4;true;0.6907843842228362;0.0;Infinity;1;B
user-I051911_session-547BFC0A9BECA12855B0C21A1D028732A75106E4BFAC87C9590A6616878B5C90_analysis-6.csv;user-I051911;4;720490881;4;true;-0.656166487974767;0.0;Infinity;1;B
user-I051911_session-547BFC0A9BECA12855B0C21A1D028732A75106E4BFAC87C9590A6616878B5C90_analysis-6.csv;user-I051911;4;720490880;4;true;0.3540466661734354;0.0;Infinity;1;B
user-I051911_session-547BFC0A9BECA12855B0C21A1D028732A75106E4BFAC87C9590A6616878B5C90_analysis-6.csv;user-I051911;4;720490883;3;true;-1.3296419240735684;0.0;Infinity;1;B
user-I051911_session-547BFC0A9BECA12855B0C21A1D028732A75106E4BFAC87C9590A6616878B5C90_analysis-6.csv;user-I051911;4;720490882;4;true;0.3540466661734354;0.0;Infinity;1;B
user-I051911_session-547BFC0A9BECA12855B0C21A1D028732A75106E4BFAC87C9590A6616878B5C90_analysis-6.csv;user-I051911;4;720490885;4;true;-1.3296419240735684;0.0;Infinity;1;B
user-I051911_session-547BFC0A9BECA12855B0C21A1D028732A75106E4BFAC87C9590A6616878B5C90_analysis-6.csv;user-I051911;4;-583402191;4;true;0.6907843842228362;0.0;Infinity;1;B
user-I051911_session-547BFC0A9BECA12855B0C21A1D028732A75106E4BFAC87C9590A6616878B5C90_analysis-6.csv;user-I051911;4;720490884;4;true;-0.3194287699253662;0.0;Infinity;1;B
user-I051911_session-547BFC0A9BECA12855B0C21A1D028732A75106E4BFAC87C9590A6616878B5C90_analysis-6.csv;user-I051911;4;-583402192;4;true;0.017308948124034603;0.0;Infinity;1;B
user-I051911_session-547BFC0A9BECA12855B0C21A1D028732A75106E4BFAC87C9590A6616878B5C90_analysis-6.csv;user-I051911;4;720490887;6;true;-0.3194287699253662;0.0;Infinity;1;B
user-I051911_session-547BFC0A9BECA12855B0C21A1D028732A75106E4BFAC87C9590A6616878B5C90_analysis-6.csv;user-I051911;4;-583402189;5;true;0.3540466661734354;0.0;Infinity;1;B
user-I051911_session-547BFC0A9BECA12855B0C21A1D028732A75106E4BFAC87C9590A6616878B5C90_analysis-6.csv;user-I051911;4;720490886;6;true;-0.3194287699253662;0.0;Infinity;1;B
user-I051911_session-547BFC0A9BECA12855B0C21A1D028732A75106E4BFAC87C9590A6616878B5C90_analysis-6.csv;user-I051911;4;-583402190;3;true;-0.656166487974767;0.0;Infinity;1;B
user-I051911_session-547BFC0A9BECA12855B0C21A1D028732A75106E4BFAC87C9590A6616878B5C90_analysis-6.csv;user-I051911;4;-583402196;3;true;-0.656166487974767;0.0;Infinity;1;B
user-I051911_session-547BFC0A9BECA12855B0C21A1D028732A75106E4BFAC87C9590A6616878B5C90_analysis-6.csv;user-I051911;4;-583402195;4;true;1.7009975383710385;0.0;Infinity;1;B
user-I051911_session-547BFC0A9BECA12855B0C21A1D028732A75106E4BFAC87C9590A6616878B5C90_analysis-6.csv;user-I051911;4;-583402194;4;true;-0.656166487974767;0.0;Infinity;1;B
user-I051911_session-547BFC0A9BECA12855B0C21A1D028732A75106E4BFAC87C9590A6616878B5C90_analysis-6.csv;user-I051911;4;-1834236156;3;true;-0.3194287699253662;0.0;Infinity;1;B
user-I051911_session-547BFC0A9BECA12855B0C21A1D028732A75106E4BFAC87C9590A6616878B5C90_analysis-6.csv;user-I051911;4;-583402193;4;true;-0.3194287699253662;0.0;Infinity;1;B
user-I051911_session-547BFC0A9BECA12855B0C21A1D028732A75106E4BFAC87C9590A6616878B5C90_analysis-6.csv;user-I051911;4;-1834236155;6;true;3.3846861286180423;0.0;Infinity;1;B
user-I051911_session-547BFC0A9BECA12855B0C21A1D028732A75106E4BFAC87C9590A6616878B5C90_analysis-6.csv;user-I051911;4;923581906;4;true;0.017308948124034603;0.0;Infinity;1;B
user-I051911_session-547BFC0A9BECA12855B0C21A1D028732A75106E4BFAC87C9590A6616878B5C90_analysis-6.csv;user-I051911;4;-1834236158;8;true;1.3642598203216376;0.0;Infinity;1;B
user-I051911_session-547BFC0A9BECA12855B0C21A1D028732A75106E4BFAC87C9590A6616878B5C90_analysis-6.csv;user-I051911;4;-1834236157;6;true;1.3642598203216376;0.0;Infinity;1;B
user-I051911_session-547BFC0A9BECA12855B0C21A1D028732A75106E4BFAC87C9590A6616878B5C90_analysis-6.csv;user-I051911;4;-1834236160;8;true;1.7009975383710385;0.0;Infinity;1;B
user-I051911_session-547BFC0A9BECA12855B0C21A1D028732A75106E4BFAC87C9590A6616878B5C90_analysis-6.csv;user-I051911;4;-1834236159;5;true;0.6907843842228362;0.0;Infinity;1;B
user-I051911_session-547BFC0A9BECA12855B0C21A1D028732A75106E4BFAC87C9590A6616878B5C90_analysis-6.csv;user-I051911;4;-583402197;4;true;2.037735256420439;0.0;Infinity;1;B
user-I051911_session-547BFC0A9BECA12855B0C21A1D028732A75106E4BFAC87C9590A6616878B5C90_analysis-6.csv;user-I051911;4;1498710754;4;true;0.017308948124034603;0.0;Infinity;1;B
user-I051911_session-547BFC0A9BECA12855B0C21A1D028732A75106E4BFAC87C9590A6616878B5C90_analysis-6.csv;user-I051911;4;1498710755;4;true;1.027522102272237;0.0;Infinity;1;B
user-I051911_session-547BFC0A9BECA12855B0C21A1D028732A75106E4BFAC87C9590A6616878B5C90_analysis-6.csv;user-I051911;4;1498710752;4;true;0.6907843842228362;0.0;Infinity;1;B
user-I051911_session-547BFC0A9BECA12855B0C21A1D028732A75106E4BFAC87C9590A6616878B5C90_analysis-6.csv;user-I051911;4;1498710753;4;true;-0.3194287699253662;0.0;Infinity;1;B
user-I051911_session-547BFC0A9BECA12855B0C21A1D028732A75106E4BFAC87C9590A6616878B5C90_analysis-6.csv;user-I051911;4;459654503;3;true;-0.656166487974767;0.0;Infinity;1;B
user-I051911_session-547BFC0A9BECA12855B0C21A1D028732A75106E4BFAC87C9590A6616878B5C90_analysis-6.csv;user-I051911;4;459654502;5;true;-0.656166487974767;0.0;Infinity;1;B
user-I051911_session-547BFC0A9BECA12855B0C21A1D028732A75106E4BFAC87C9590A6616878B5C90_analysis-6.csv;user-I051911;4;459654501;4;true;-0.656166487974767;0.0;Infinity;1;B
user-I051911_session-547BFC0A9BECA12855B0C21A1D028732A75106E4BFAC87C9590A6616878B5C90_analysis-6.csv;user-I051911;4;459654500;6;true;-0.3194287699253662;0.0;Infinity;1;B
user-I051911_session-547BFC0A9BECA12855B0C21A1D028732A75106E4BFAC87C9590A6616878B5C90_analysis-6.csv;user-I051911;4;459654498;5;true;0.017308948124034603;0.0;Infinity;1;B
user-I051911_session-547BFC0A9BECA12855B0C21A1D028732A75106E4BFAC87C9590A6616878B5C90_analysis-6.csv;user-I051911;4;459654497;3;true;-0.3194287699253662;0.0;Infinity;1;B
user-I051911_session-547BFC0A9BECA12855B0C21A1D028732A75106E4BFAC87C9590A6616878B5C90_analysis-6.csv;user-I051911;4;459654496;4;true;0.3540466661734354;0.0;Infinity;1;B
user-I051911_session-547BFC0A9BECA12855B0C21A1D028732A75106E4BFAC87C9590A6616878B5C90_analysis-6.csv;user-I051911;4;459654504;3;true;-0.9929042060241677;0.0;Infinity;1;B
user-I051911_session-547BFC0A9BECA12855B0C21A1D028732A75106E4BFAC87C9590A6616878B5C90_analysis-6.csv;user-I051911;4;-14598863;5;true;-1.3296419240735684;0.0;Infinity;1;B
user-I051911_session-547BFC0A9BECA12855B0C21A1D028732A75106E4BFAC87C9590A6616878B5C90_analysis-6.csv;user-I051911;4;1806624989;3;true;-0.9929042060241677;0.0;Infinity;1;B
user-I051911_session-547BFC0A9BECA12855B0C21A1D028732A75106E4BFAC87C9590A6616878B5C90_analysis-6.csv;user-I051911;4;1806624988;4;true;-0.656166487974767;0.0;Infinity;1;B
user-I051911_session-547BFC0A9BECA12855B0C21A1D028732A75106E4BFAC87C9590A6616878B5C90_analysis-6.csv;user-I051911;4;1806624990;4;true;-0.656166487974767;0.0;Infinity;1;B
user-I051911_session-547BFC0A9BECA12855B0C21A1D028732A75106E4BFAC87C9590A6616878B5C90_analysis-6.csv;user-I051911;4;1382959859;4;true;-0.656166487974767;0.0;Infinity;1;B
user-I051911_session-547BFC0A9BECA12855B0C21A1D028732A75106E4BFAC87C9590A6616878B5C90_analysis-6.csv;user-I051911;4;1382959858;5;true;-0.3194287699253662;0.0;Infinity;1;B
user-I051911_session-547BFC0A9BECA12855B0C21A1D028732A75106E4BFAC87C9590A6616878B5C90_analysis-6.csv;user-I051911;4;1382959857;6;true;-1.3296419240735684;0.0;Infinity;1;B
user-I051911_session-547BFC0A9BECA12855B0C21A1D028732A75106E4BFAC87C9590A6616878B5C90_analysis-6.csv;user-I051911;4;1382959856;6;true;0.3540466661734354;0.0;Infinity;1;B
user-I051911_session-547BFC0A9BECA12855B0C21A1D028732A75106E4BFAC87C9590A6616878B5C90_analysis-6.csv;user-I051911;4;1382959863;4;true;1.027522102272237;0.0;Infinity;1;B
user-I051911_session-547BFC0A9BECA12855B0C21A1D028732A75106E4BFAC87C9590A6616878B5C90_analysis-6.csv;user-I051911;4;1382959862;4;true;2.037735256420439;0.0;Infinity;1;B
user-I051911_session-547BFC0A9BECA12855B0C21A1D028732A75106E4BFAC87C9590A6616878B5C90_analysis-6.csv;user-I051911;4;1382959860;4;true;0.3540466661734354;0.0;Infinity;1;B
user-I051911_session-547BFC0A9BECA12855B0C21A1D028732A75106E4BFAC87C9590A6616878B5C90_analysis-6.csv;user-I051911;4;-1460892237;3;true;0.6907843842228362;0.0;Infinity;1;B
user-I051911_session-547BFC0A9BECA12855B0C21A1D028732A75106E4BFAC87C9590A6616878B5C90_analysis-6.csv;user-I051911;4;1382959864;3;true;-1.3296419240735684;0.0;Infinity;1;B
user-I051911_session-547BFC0A9BECA12855B0C21A1D028732A75106E4BFAC87C9590A6616878B5C90_analysis-6.csv;user-I051911;4;-934080684;4;true;-1.3296419240735684;0.0;Infinity;1;B
user-I051911_session-547BFC0A9BECA12855B0C21A1D028732A75106E4BFAC87C9590A6616878B5C90_analysis-6.csv;user-I051911;4;-934080686;4;true;-0.3194287699253662;0.0;Infinity;1;B
user-I051911_session-547BFC0A9BECA12855B0C21A1D028732A75106E4BFAC87C9590A6616878B5C90_analysis-6.csv;user-I051911;4;1651403624;4;true;-0.9929042060241677;0.0;Infinity;1;B
user-I051911_session-547BFC0A9BECA12855B0C21A1D028732A75106E4BFAC87C9590A6616878B5C90_analysis-6.csv;user-I051911;4;-934080685;5;true;-1.3296419240735684;0.0;Infinity;1;B
user-I051911_session-547BFC0A9BECA12855B0C21A1D028732A75106E4BFAC87C9590A6616878B5C90_analysis-6.csv;user-I051911;4;720492397;7;true;-0.3194287699253662;0.0;Infinity;1;B
user-I051911_session-547BFC0A9BECA12855B0C21A1D028732A75106E4BFAC87C9590A6616878B5C90_analysis-6.csv;user-I051911;4;459656016;4;true;0.017308948124034603;0.0;Infinity;1;B
user-I051911_session-547BFC0A9BECA12855B0C21A1D028732A75106E4BFAC87C9590A6616878B5C90_analysis-6.csv;user-I051911;4;1651403621;3;true;-0.3194287699253662;0.0;Infinity;1;B
user-I051911_session-547BFC0A9BECA12855B0C21A1D028732A75106E4BFAC87C9590A6616878B5C90_analysis-6.csv;user-I051911;4;1651403623;4;true;0.017308948124034603;0.0;Infinity;1;B
user-I051911_session-547BFC0A9BECA12855B0C21A1D028732A75106E4BFAC87C9590A6616878B5C90_analysis-6.csv;user-I051911;4;1651403622;3;true;1.027522102272237;0.0;Infinity;1;B
user-I051911_session-547BFC0A9BECA12855B0C21A1D028732A75106E4BFAC87C9590A6616878B5C90_analysis-6.csv;user-I051911;4;1651403617;4;true;0.6907843842228362;0.0;Infinity;1;B
user-I051911_session-547BFC0A9BECA12855B0C21A1D028732A75106E4BFAC87C9590A6616878B5C90_analysis-6.csv;user-I051911;4;1651403616;4;true;-0.3194287699253662;0.0;Infinity;1;B
user-I051911_session-547BFC0A9BECA12855B0C21A1D028732A75106E4BFAC87C9590A6616878B5C90_analysis-6.csv;user-I051911;4;1651403618;3;true;-0.656166487974767;0.0;Infinity;1;B
user-I051911_session-547BFC0A9BECA12855B0C21A1D028732A75106E4BFAC87C9590A6616878B5C90_analysis-6.csv;user-I051911;4;867623883;4;true;-0.9929042060241677;0.0;Infinity;1;B
user-I051911_session-547BFC0A9BECA12855B0C21A1D028732A75106E4BFAC87C9590A6616878B5C90_analysis-6.csv;user-I051911;4;923580390;4;true;0.017308948124034603;0.0;Infinity;1;B
user-I051911_session-547BFC0A9BECA12855B0C21A1D028732A75106E4BFAC87C9590A6616878B5C90_analysis-6.csv;user-I051911;4;923580391;4;true;-0.656166487974767;0.0;Infinity;1;B
user-I051911_session-547BFC0A9BECA12855B0C21A1D028732A75106E4BFAC87C9590A6616878B5C90_analysis-6.csv;user-I051911;4;867623882;4;true;-0.3194287699253662;0.0;Infinity;1;B
user-I051911_session-547BFC0A9BECA12855B0C21A1D028732A75106E4BFAC87C9590A6616878B5C90_analysis-6.csv;user-I051911;4;923580388;4;true;-0.656166487974767;0.0;Infinity;1;B
user-I051911_session-547BFC0A9BECA12855B0C21A1D028732A75106E4BFAC87C9590A6616878B5C90_analysis-6.csv;user-I051911;4;867623881;3;true;0.6907843842228362;0.0;Infinity;1;B
user-I051911_session-547BFC0A9BECA12855B0C21A1D028732A75106E4BFAC87C9590A6616878B5C90_analysis-6.csv;user-I051911;4;459656015;4;true;0.3540466661734354;0.0;Infinity;1;B
user-I051911_session-547BFC0A9BECA12855B0C21A1D028732A75106E4BFAC87C9590A6616878B5C90_analysis-6.csv;user-I051911;4;-14600376;3;true;-0.9929042060241677;0.0;Infinity;1;B
user-I051911_session-547BFC0A9BECA12855B0C21A1D028732A75106E4BFAC87C9590A6616878B5C90_analysis-6.csv;user-I051911;4;-14600378;3;true;2.037735256420439;0.0;Infinity;1;B
user-I051911_session-547BFC0A9BECA12855B0C21A1D028732A75106E4BFAC87C9590A6616878B5C90_analysis-6.csv;user-I051911;4;-14600377;4;true;0.017308948124034603;0.0;Infinity;1;B
user-I051911_session-547BFC0A9BECA12855B0C21A1D028732A75106E4BFAC87C9590A6616878B5C90_analysis-6.csv;user-I051911;4;-14600380;3;true;0.017308948124034603;0.0;Infinity;1;B
user-I051911_session-547BFC0A9BECA12855B0C21A1D028732A75106E4BFAC87C9590A6616878B5C90_analysis-6.csv;user-I051911;4;-14600379;4;true;2.037735256420439;0.0;Infinity;1;B
user-I051911_session-547BFC0A9BECA12855B0C21A1D028732A75106E4BFAC87C9590A6616878B5C90_analysis-6.csv;user-I051911;4;-14600382;5;true;0.017308948124034603;0.0;Infinity;1;B
user-I051911_session-547BFC0A9BECA12855B0C21A1D028732A75106E4BFAC87C9590A6616878B5C90_analysis-6.csv;user-I051911;4;923580394;3;true;-0.9929042060241677;0.0;Infinity;1;B
user-I051911_session-547BFC0A9BECA12855B0C21A1D028732A75106E4BFAC87C9590A6616878B5C90_analysis-6.csv;user-I051911;4;-14600381;5;true;0.017308948124034603;0.0;Infinity;1;B
user-I051911_session-547BFC0A9BECA12855B0C21A1D028732A75106E4BFAC87C9590A6616878B5C90_analysis-6.csv;user-I051911;4;923580395;4;true;-0.656166487974767;0.0;Infinity;1;B
user-I051911_session-547BFC0A9BECA12855B0C21A1D028732A75106E4BFAC87C9590A6616878B5C90_analysis-6.csv;user-I051911;4;923580392;4;true;0.017308948124034603;0.0;Infinity;1;B
user-I051911_session-547BFC0A9BECA12855B0C21A1D028732A75106E4BFAC87C9590A6616878B5C90_analysis-6.csv;user-I051911;4;-14600383;5;true;1.027522102272237;0.0;Infinity;1;B
user-I051911_session-547BFC0A9BECA12855B0C21A1D028732A75106E4BFAC87C9590A6616878B5C90_analysis-6.csv;user-I051911;4;923580393;4;true;0.017308948124034603;0.0;Infinity;1;B
user-I051911_session-547BFC0A9BECA12855B0C21A1D028732A75106E4BFAC87C9590A6616878B5C90_analysis-6.csv;user-I051911;4;1498712265;4;true;0.3540466661734354;0.0;Infinity;1;B
user-I051911_session-547BFC0A9BECA12855B0C21A1D028732A75106E4BFAC87C9590A6616878B5C90_analysis-6.csv;user-I051911;4;1498712267;3;true;0.017308948124034603;0.0;Infinity;1;B
user-I051911_session-547BFC0A9BECA12855B0C21A1D028732A75106E4BFAC87C9590A6616878B5C90_analysis-6.csv;user-I051911;4;-1460893751;4;true;0.6907843842228362;0.0;Infinity;1;B
user-I051911_session-547BFC0A9BECA12855B0C21A1D028732A75106E4BFAC87C9590A6616878B5C90_analysis-6.csv;user-I051911;4;-1460893752;3;true;-0.656166487974767;0.0;Infinity;1;B
user-I051911_session-547BFC0A9BECA12855B0C21A1D028732A75106E4BFAC87C9590A6616878B5C90_analysis-6.csv;user-I051911;4;-502950100;3;true;-0.656166487974767;0.0;Infinity;1;B
user-I051911_session-547BFC0A9BECA12855B0C21A1D028732A75106E4BFAC87C9590A6616878B5C90_analysis-6.csv;user-I051911;4;-1460893749;5;true;1.3642598203216376;0.0;Infinity;1;B
user-I051911_session-547BFC0A9BECA12855B0C21A1D028732A75106E4BFAC87C9590A6616878B5C90_analysis-6.csv;user-I051911;4;-1460893750;5;true;2.037735256420439;0.0;Infinity;1;B
user-I051911_session-547BFC0A9BECA12855B0C21A1D028732A75106E4BFAC87C9590A6616878B5C90_analysis-6.csv;user-I051911;4;-502951616;4;true;0.6907843842228362;0.0;Infinity;1;B
user-I051911_session-547BFC0A9BECA12855B0C21A1D028732A75106E4BFAC87C9590A6616878B5C90_analysis-6.csv;user-I051911;4;-502950102;4;true;-0.656166487974767;0.0;Infinity;1;B
user-I051911_session-547BFC0A9BECA12855B0C21A1D028732A75106E4BFAC87C9590A6616878B5C90_analysis-6.csv;user-I051911;4;-502951615;4;true;-0.656166487974767;0.0;Infinity;1;B
user-I051911_session-547BFC0A9BECA12855B0C21A1D028732A75106E4BFAC87C9590A6616878B5C90_analysis-6.csv;user-I051911;4;-1460893748;4;true;-0.3194287699253662;0.0;Infinity;1;B
user-I051911_session-547BFC0A9BECA12855B0C21A1D028732A75106E4BFAC87C9590A6616878B5C90_analysis-6.csv;user-I051911;4;-502950101;6;true;-0.9929042060241677;0.0;Infinity;1;B
user-I051911_session-547BFC0A9BECA12855B0C21A1D028732A75106E4BFAC87C9590A6616878B5C90_analysis-6.csv;user-I051911;4;-502951614;4;true;0.017308948124034603;0.0;Infinity;1;B
user-I051911_session-547BFC0A9BECA12855B0C21A1D028732A75106E4BFAC87C9590A6616878B5C90_analysis-6.csv;user-I051911;4;-502951613;3;true;-0.3194287699253662;0.0;Infinity;1;B
user-I051911_session-547BFC0A9BECA12855B0C21A1D028732A75106E4BFAC87C9590A6616878B5C90_analysis-6.csv;user-I051911;4;-1460893755;4;true;0.017308948124034603;0.0;Infinity;1;B
user-I051911_session-547BFC0A9BECA12855B0C21A1D028732A75106E4BFAC87C9590A6616878B5C90_analysis-6.csv;user-I051911;4;-1460893756;4;true;0.3540466661734354;0.0;Infinity;1;B
user-I051911_session-547BFC0A9BECA12855B0C21A1D028732A75106E4BFAC87C9590A6616878B5C90_analysis-6.csv;user-I051911;4;-1460893753;4;true;0.6907843842228362;0.0;Infinity;1;B
user-I051911_session-547BFC0A9BECA12855B0C21A1D028732A75106E4BFAC87C9590A6616878B5C90_analysis-6.csv;user-I051911;4;-1460893754;4;true;0.017308948124034603;0.0;Infinity;1;B
user-I051911_session-547BFC0A9BECA12855B0C21A1D028732A75106E4BFAC87C9590A6616878B5C90_analysis-6.csv;user-I051911;4;-502951617;4;true;-0.656166487974767;0.0;Infinity;1;B
user-I051911_session-547BFC0A9BECA12855B0C21A1D028732A75106E4BFAC87C9590A6616878B5C90_analysis-6.csv;user-I051911;4;-502951618;3;true;1.7009975383710385;0.0;Infinity;1;B
user-I051911_session-547BFC0A9BECA12855B0C21A1D028732A75106E4BFAC87C9590A6616878B5C90_analysis-6.csv;user-I051911;4;-502951619;3;true;-0.656166487974767;0.0;Infinity;1;B
user-I051911_session-547BFC0A9BECA12855B0C21A1D028732A75106E4BFAC87C9590A6616878B5C90_analysis-6.csv;user-I051911;4;-502951620;4;true;0.3540466661734354;0.0;Infinity;1;B
user-I051911_session-547BFC0A9BECA12855B0C21A1D028732A75106E4BFAC87C9590A6616878B5C90_analysis-6.csv;user-I051911;4;-934082199;3;true;1.7009975383710385;0.0;Infinity;1;B
user-I051911_session-547BFC0A9BECA12855B0C21A1D028732A75106E4BFAC87C9590A6616878B5C90_analysis-6.csv;user-I051911;4;-934082200;3;true;-0.656166487974767;0.0;Infinity;1;B
user-I051911_session-547BFC0A9BECA12855B0C21A1D028732A75106E4BFAC87C9590A6616878B5C90_analysis-6.csv;user-I051911;4;-934082197;4;true;1.3642598203216376;0.0;Infinity;1;B
user-I051911_session-547BFC0A9BECA12855B0C21A1D028732A75106E4BFAC87C9590A6616878B5C90_analysis-6.csv;user-I051911;4;-934082196;22;true;-0.9929042060241677;0.0;Infinity;1;B
user-I051911_session-547BFC0A9BECA12855B0C21A1D028732A75106E4BFAC87C9590A6616878B5C90_analysis-6.csv;user-I051911;4;-934082203;3;true;-1.3296419240735684;0.0;Infinity;1;B
user-I051911_session-547BFC0A9BECA12855B0C21A1D028732A75106E4BFAC87C9590A6616878B5C90_analysis-6.csv;user-I051911;4;-934082204;4;true;0.3540466661734354;0.0;Infinity;1;B
user-I051911_session-547BFC0A9BECA12855B0C21A1D028732A75106E4BFAC87C9590A6616878B5C90_analysis-6.csv;user-I051911;4;-934082201;3;true;-0.656166487974767;0.0;Infinity;1;B
user-I051911_session-547BFC0A9BECA12855B0C21A1D028732A75106E4BFAC87C9590A6616878B5C90_analysis-6.csv;user-I051911;4;-934082202;4;true;0.6907843842228362;0.0;Infinity;1;B
user-I051911_session-547BFC0A9BECA12855B0C21A1D028732A75106E4BFAC87C9590A6616878B5C90_analysis-6.csv;user-I051911;4;1806623470;4;true;-0.9929042060241677;0.0;Infinity;1;B
user-I051911_session-547BFC0A9BECA12855B0C21A1D028732A75106E4BFAC87C9590A6616878B5C90_analysis-6.csv;user-I051911;4;1806623471;3;true;-0.9929042060241677;0.0;Infinity;1;B
user-I051911_session-547BFC0A9BECA12855B0C21A1D028732A75106E4BFAC87C9590A6616878B5C90_analysis-6.csv;user-I051911;4;1806623473;4;true;0.017308948124034603;0.0;Infinity;1;B
user-I051911_session-547BFC0A9BECA12855B0C21A1D028732A75106E4BFAC87C9590A6616878B5C90_analysis-6.csv;user-I051911;4;1806623472;4;true;-0.9929042060241677;0.0;Infinity;1;B
user-I051911_session-547BFC0A9BECA12855B0C21A1D028732A75106E4BFAC87C9590A6616878B5C90_analysis-6.csv;user-I051911;4;-64826427;4;true;-0.656166487974767;0.0;Infinity;1;B
user-I051911_session-547BFC0A9BECA12855B0C21A1D028732A75106E4BFAC87C9590A6616878B5C90_analysis-6.csv;user-I051911;4;1806623478;3;true;0.017308948124034603;0.0;Infinity;1;B
user-I051911_session-547BFC0A9BECA12855B0C21A1D028732A75106E4BFAC87C9590A6616878B5C90_analysis-6.csv;user-I051911;4;-64826428;4;true;-0.656166487974767;0.0;Infinity;1;B
user-I051911_session-547BFC0A9BECA12855B0C21A1D028732A75106E4BFAC87C9590A6616878B5C90_analysis-6.csv;user-I051911;4;1806623477;3;true;-0.9929042060241677;0.0;Infinity;1;B
user-I051911_session-547BFC0A9BECA12855B0C21A1D028732A75106E4BFAC87C9590A6616878B5C90_analysis-6.csv;user-I051911;4;-64826426;4;true;-1.3296419240735684;0.0;Infinity;1;B
user-I051911_session-547BFC0A9BECA12855B0C21A1D028732A75106E4BFAC87C9590A6616878B5C90_analysis-6.csv;user-I051911;4;1806623476;3;true;-0.656166487974767;0.0;Infinity;1;B
user-I051911_session-547BFC0A9BECA12855B0C21A1D028732A75106E4BFAC87C9590A6616878B5C90_analysis-6.csv;user-I051911;4;720490879;4;true;1.027522102272237;0.0;Infinity;1;B
