session ;user;query position;cell hashcode;cell computation time;novelty;outlierness;relevance;surprise;query label;session label
user-I316785_session-0001BDAD11490DEA53791D77A9DD35BBD6DDA9EC2E01D78617538C4CBBFE4521_analysis-2.csv;user-I316785;1;-1301761052;4;true;0.15440281550592463;0.004081632653061225;Infinity;1;A
user-I316785_session-0001BDAD11490DEA53791D77A9DD35BBD6DDA9EC2E01D78617538C4CBBFE4521_analysis-2.csv;user-I316785;1;793000790;4;true;-0.546609374453322;0.004081632653061225;Infinity;1;A
user-I316785_session-0001BDAD11490DEA53791D77A9DD35BBD6DDA9EC2E01D78617538C4CBBFE4521_analysis-2.csv;user-I316785;1;651910696;7;true;-0.1612684485828281;0.004081632653061225;Infinity;1;A
user-I316785_session-0001BDAD11490DEA53791D77A9DD35BBD6DDA9EC2E01D78617538C4CBBFE4521_analysis-2.csv;user-I316785;1;-1237680615;6;true;0.15912492705242504;0.004081632653061225;Infinity;1;A
user-I316785_session-0001BDAD11490DEA53791D77A9DD35BBD6DDA9EC2E01D78617538C4CBBFE4521_analysis-2.csv;user-I316785;1;863346076;6;true;-1.3108524320604968;0.004081632653061225;Infinity;1;A
user-I316785_session-0001BDAD11490DEA53791D77A9DD35BBD6DDA9EC2E01D78617538C4CBBFE4521_analysis-2.csv;user-I316785;1;720038539;6;true;1.7052025125382966;0.004081632653061225;Infinity;1;A
