session ;user;query position;cell hashcode;cell computation time;novelty;outlierness;relevance;surprise;query label;session label
dibstudent05--2016-09-26--08-16.log;dibstudent05;1;2026238406;1308;true;1.0893952409151286;0.0;Infinity;1;D
dibstudent05--2016-09-26--08-16.log;dibstudent05;1;-681923251;1322;true;-0.6622677760068998;0.0;Infinity;1;D
dibstudent05--2016-09-26--08-16.log;dibstudent05;1;1266362641;1326;true;3.2247530300833356;0.0;Infinity;1;D
dibstudent05--2016-09-26--08-16.log;dibstudent05;1;-496721019;1335;true;-0.3623572776951888;0.0;Infinity;1;D
dibstudent05--2016-09-26--08-16.log;dibstudent05;1;1180898665;769;true;1.0863463383795022;0.0;Infinity;1;D
dibstudent05--2016-09-26--08-16.log;dibstudent05;1;387803217;791;true;-0.4957006440421042;0.0;Infinity;1;D
dibstudent05--2016-09-26--08-16.log;dibstudent05;1;-615429739;838;true;-0.4452231637428016;0.0;Infinity;1;D
dibstudent05--2016-09-26--08-16.log;dibstudent05;1;454296729;866;true;1.085044401293272;0.0;Infinity;1;D
dibstudent05--2016-09-26--08-16.log;dibstudent05;1;261552490;720;true;-1.0037168284953504;0.0;Infinity;1;D
dibstudent05--2016-09-26--08-16.log;dibstudent05;1;-1216141078;858;true;-0.4107283999473873;0.0;Infinity;1;D
dibstudent05--2016-09-26--08-16.log;dibstudent05;1;1114405153;958;true;-0.6054583674890305;0.0;Infinity;1;D
dibstudent05--2016-09-26--08-16.log;dibstudent05;1;195058978;959;true;-1.0831882296456252;0.0;Infinity;1;D
dibstudent05--2016-09-26--08-16.log;dibstudent05;1;-430227507;785;true;0.803121392386315;0.0;Infinity;1;D
dibstudent05--2016-09-26--08-16.log;dibstudent05;1;-1435460953;737;true;0.15680567348750735;0.0;Infinity;1;D
dibstudent05--2016-09-26--08-16.log;dibstudent05;1;1959744894;841;true;-0.2851195831112091;0.0;Infinity;1;D
dibstudent05--2016-09-26--08-16.log;dibstudent05;1;1199869129;846;true;-0.4427047240713643;0.0;Infinity;1;D
dibstudent05--2016-09-26--08-16.log;dibstudent05;1;1623725193;829;true;-0.46892532329660275;0.0;Infinity;1;D
dibstudent05--2016-09-26--08-16.log;dibstudent05;1;-1282634590;825;true;-0.95798952669569;0.0;Infinity;1;D
dibstudent05--2016-09-26--08-16.log;dibstudent05;1;-1501954465;817;true;-0.5393061043976162;0.0;Infinity;1;D
dibstudent05--2016-09-26--08-16.log;dibstudent05;1;-1168185286;1297;true;-0.16149657131790887;0.0;Infinity;1;D
dibstudent05--2016-09-26--08-16.log;dibstudent05;1;1690218705;1352;true;0.8760785902888258;0.0;Infinity;1;D
dibstudent05--2016-09-26--08-16.log;dibstudent05;1;-1234678798;1479;true;-0.39736214687911203;0.0;Infinity;1;D
dibstudent05--2016-09-26--08-16.log;dibstudent05;2;261552490;920;false;0.7071067811865475;0.0;105.12696390322297;1;D
dibstudent05--2016-09-26--08-16.log;dibstudent05;2;195058978;970;false;-0.7071067811865477;0.0;105.12696390322297;1;D
dibstudent05--2016-09-26--08-16.log;dibstudent05;3;-1239074507;982;true;-0.7071067811865477;0.0;Infinity;1;D
dibstudent05--2016-09-26--08-16.log;dibstudent05;3;-1172580995;1013;true;0.7071067811865475;0.0;Infinity;1;D
dibstudent05--2016-09-26--08-16.log;dibstudent05;4;-1239074507;889;false;-0.7071067811865477;0.0;106.76035505667957;1;D
dibstudent05--2016-09-26--08-16.log;dibstudent05;4;-1172580995;952;false;0.7071067811865475;0.0;106.76035505667957;1;D
dibstudent05--2016-09-26--08-16.log;dibstudent05;5;-1172580995;809;false;0.7071067811865475;0.0;105.92774174797529;1;D
dibstudent05--2016-09-26--08-16.log;dibstudent05;5;-1239074507;858;false;-0.7071067811865477;0.0;105.92774174797529;1;D
dibstudent05--2016-09-26--08-16.log;dibstudent05;6;-1239074507;838;false;-0.7071067811865477;0.0;105.43711883152682;1;D
dibstudent05--2016-09-26--08-16.log;dibstudent05;6;-1172580995;864;false;0.7071067811865475;0.0;105.43711883152682;1;D
dibstudent05--2016-09-26--08-16.log;dibstudent05;7;-1239074507;1051;false;-0.7071067811865477;0.0;105.09619224455622;1;D
dibstudent05--2016-09-26--08-16.log;dibstudent05;7;-1172580995;1050;false;0.7071067811865475;0.0;105.09619224455622;1;D
dibstudent05--2016-09-26--08-16.log;dibstudent05;8;-1239074507;826;false;-0.7071067811865477;0.0;104.84014725704762;1;D
dibstudent05--2016-09-26--08-16.log;dibstudent05;8;-1172580995;865;false;0.7071067811865475;0.0;104.84014725704762;1;D
dibstudent05--2016-09-26--08-16.log;dibstudent05;9;2100274863;799;true;0.7071067811865476;0.0;Infinity;1;D
dibstudent05--2016-09-26--08-16.log;dibstudent05;9;2033781351;843;true;-0.7071067811865476;0.0;Infinity;1;D
dibstudent05--2016-09-26--08-16.log;dibstudent05;10;2100274863;921;false;0.7071067811865476;0.0;107.4192508415324;1;D
dibstudent05--2016-09-26--08-16.log;dibstudent05;10;2033781351;951;false;-0.7071067811865476;0.0;107.4192508415324;1;D
dibstudent05--2016-09-26--08-16.log;dibstudent05;11;2033781351;978;false;-0.7071067811865476;0.0;106.64109163585275;1;D
dibstudent05--2016-09-26--08-16.log;dibstudent05;11;2100274863;978;false;0.7071067811865476;0.0;106.64109163585275;1;D
dibstudent05--2016-09-26--08-16.log;dibstudent05;12;2033781351;850;false;-0.7071067811865476;0.0;106.16890380479218;1;D
dibstudent05--2016-09-26--08-16.log;dibstudent05;12;2100274863;890;false;0.7071067811865476;0.0;106.16890380479218;1;D
dibstudent05--2016-09-26--08-16.log;dibstudent05;13;2100274863;1032;false;0.7071067811865476;0.0;105.82840988659761;1;D
dibstudent05--2016-09-26--08-16.log;dibstudent05;13;2033781351;1045;false;-0.7071067811865476;0.0;105.82840988659761;1;D
dibstudent05--2016-09-26--08-16.log;dibstudent05;14;2100274863;825;false;0.7071067811865476;0.0;105.56326873551805;1;D
dibstudent05--2016-09-26--08-16.log;dibstudent05;14;2033781351;900;false;-0.7071067811865476;0.0;105.56326873551805;1;D
dibstudent05--2016-09-26--08-16.log;dibstudent05;15;2100274863;835;false;0.7071067811865476;0.0;105.34750667283713;1;D
dibstudent05--2016-09-26--08-16.log;dibstudent05;15;2033781351;881;false;-0.7071067811865476;0.0;105.34750667283713;1;D
dibstudent05--2016-09-26--08-16.log;dibstudent05;16;-85905247;943;true;-0.7071067811865476;0.0;Infinity;1;D
dibstudent05--2016-09-26--08-16.log;dibstudent05;16;-19411735;993;true;0.7071067811865476;0.0;Infinity;1;D
dibstudent05--2016-09-26--08-16.log;dibstudent05;17;280790965;971;true;-0.20737436754811026;0.0;Infinity;1;D
dibstudent05--2016-09-26--08-16.log;dibstudent05;17;1891362040;1087;true;-0.8800540951011463;0.0;Infinity;1;D
dibstudent05--2016-09-26--08-16.log;dibstudent05;17;347284477;1231;true;1.087428462649256;0.0;Infinity;1;D
dibstudent05--2016-09-26--08-16.log;dibstudent05;18;280790965;1136;false;-0.20737436754811026;0.0;108.14982908432174;1;D
dibstudent05--2016-09-26--08-16.log;dibstudent05;18;1891362040;1143;false;-0.8800540951011463;0.0;108.80660862071082;1;D
dibstudent05--2016-09-26--08-16.log;dibstudent05;18;347284477;1208;false;1.087428462649256;0.0;108.11346144015087;1;D
