session ;user;query position;cell hashcode;cell computation time;novelty;outlierness;relevance;surprise;query label;session label
dibstudent12--2016-09-26--07-28.log;dibstudent12;1;-1476900018;1047;true;1.00332508828912;0.0;Infinity;1;B
dibstudent12--2016-09-26--07-28.log;dibstudent12;1;840799991;1070;true;-0.9575814330544302;0.0;Infinity;1;B
dibstudent12--2016-09-26--07-28.log;dibstudent12;1;-1543393530;1082;true;-0.45917237405903955;0.0;Infinity;1;B
dibstudent12--2016-09-26--07-28.log;dibstudent12;1;-462283085;1139;true;1.2374447241317468;0.0;Infinity;1;B
dibstudent12--2016-09-26--07-28.log;dibstudent12;1;1210916460;798;true;-0.9232416275518563;0.0;Infinity;1;B
dibstudent12--2016-09-26--07-28.log;dibstudent12;1;-1478293019;903;true;1.8864243685291304;0.0;Infinity;1;B
dibstudent12--2016-09-26--07-28.log;dibstudent12;1;420544172;869;true;-0.8320349609629663;0.0;Infinity;1;B
dibstudent12--2016-09-26--07-28.log;dibstudent12;1;907293503;955;true;-0.9578893912752757;0.0;Infinity;1;B
dibstudent12--2016-09-26--07-28.log;dibstudent12;1;1277409972;802;true;-0.9085353960862341;0.0;Infinity;1;B
dibstudent12--2016-09-26--07-28.log;dibstudent12;1;1207496203;940;true;-0.2755331311735346;0.0;Infinity;1;B
dibstudent12--2016-09-26--07-28.log;dibstudent12;1;1273989715;887;true;1.9414283170005446;0.0;Infinity;1;B
dibstudent12--2016-09-26--07-28.log;dibstudent12;1;-1646577932;857;true;-0.19259730524368815;0.0;Infinity;1;B
dibstudent12--2016-09-26--07-28.log;dibstudent12;1;-1580084420;969;true;-0.2389901570353531;0.0;Infinity;1;B
dibstudent12--2016-09-26--07-28.log;dibstudent12;1;1054362675;969;true;0.9261848599127207;0.0;Infinity;1;B
dibstudent12--2016-09-26--07-28.log;dibstudent12;1;987869163;972;true;-0.09630164408281136;0.0;Infinity;1;B
dibstudent12--2016-09-26--07-28.log;dibstudent12;1;487037684;1059;true;-0.6687592468961371;0.0;Infinity;1;B
dibstudent12--2016-09-26--07-28.log;dibstudent12;1;-528776597;754;true;-0.484170690441937;0.0;Infinity;1;B
dibstudent12--2016-09-26--07-28.log;dibstudent12;2;-462283085;740;true;1.5016828408796274;0.0;Infinity;1;B
dibstudent12--2016-09-26--07-28.log;dibstudent12;2;-1543393530;806;true;-0.3781178294108374;0.0;Infinity;1;B
dibstudent12--2016-09-26--07-28.log;dibstudent12;2;840799991;847;true;-0.9303400628054337;0.0;Infinity;1;B
dibstudent12--2016-09-26--07-28.log;dibstudent12;2;-1476900018;847;true;1.2422853322405627;0.0;Infinity;1;B
dibstudent12--2016-09-26--07-28.log;dibstudent12;2;1210916460;881;true;-0.8922925920648532;0.0;Infinity;1;B
dibstudent12--2016-09-26--07-28.log;dibstudent12;2;420544172;877;true;-0.7912383511453297;0.0;Infinity;1;B
dibstudent12--2016-09-26--07-28.log;dibstudent12;2;907293503;923;true;-0.930681271243439;0.0;Infinity;1;B
dibstudent12--2016-09-26--07-28.log;dibstudent12;2;1207496203;923;true;-0.17465107652008763;0.0;Infinity;1;B
dibstudent12--2016-09-26--07-28.log;dibstudent12;2;1277409972;1110;true;-0.8759985303133815;0.0;Infinity;1;B
dibstudent12--2016-09-26--07-28.log;dibstudent12;2;-1580084420;985;true;-0.13416256125485002;0.0;Infinity;1;B
dibstudent12--2016-09-26--07-28.log;dibstudent12;2;1273989715;1092;true;2.2816754692454673;0.0;Infinity;1;B
dibstudent12--2016-09-26--07-28.log;dibstudent12;2;-1646577932;1019;true;-0.08276067806762118;0.0;Infinity;1;B
dibstudent12--2016-09-26--07-28.log;dibstudent12;2;987869163;850;true;0.023932015639939307;0.0;Infinity;1;B
dibstudent12--2016-09-26--07-28.log;dibstudent12;2;1054362675;925;true;1.1568162814082055;0.0;Infinity;1;B
dibstudent12--2016-09-26--07-28.log;dibstudent12;2;487037684;883;true;-0.6103337751674766;0.0;Infinity;1;B
dibstudent12--2016-09-26--07-28.log;dibstudent12;2;-528776597;900;true;-0.40581521142049304;0.0;Infinity;1;B
dibstudent12--2016-09-26--07-28.log;dibstudent12;3;840799991;828;true;-0.9575814330544302;0.0;Infinity;1;B
dibstudent12--2016-09-26--07-28.log;dibstudent12;3;-1543393530;888;true;-0.45917237405903955;0.0;Infinity;1;B
dibstudent12--2016-09-26--07-28.log;dibstudent12;3;-462283085;886;true;1.2374447241317468;0.0;Infinity;1;B
dibstudent12--2016-09-26--07-28.log;dibstudent12;3;-1476900018;921;true;1.00332508828912;0.0;Infinity;1;B
dibstudent12--2016-09-26--07-28.log;dibstudent12;3;-1478293019;869;true;1.8864243685291304;0.0;Infinity;1;B
dibstudent12--2016-09-26--07-28.log;dibstudent12;3;1210916460;861;true;-0.9232416275518563;0.0;Infinity;1;B
dibstudent12--2016-09-26--07-28.log;dibstudent12;3;420544172;900;true;-0.8320349609629663;0.0;Infinity;1;B
dibstudent12--2016-09-26--07-28.log;dibstudent12;3;907293503;993;true;-0.9578893912752757;0.0;Infinity;1;B
dibstudent12--2016-09-26--07-28.log;dibstudent12;3;1207496203;889;true;-0.2755331311735346;0.0;Infinity;1;B
dibstudent12--2016-09-26--07-28.log;dibstudent12;3;1277409972;899;true;-0.9085353960862341;0.0;Infinity;1;B
dibstudent12--2016-09-26--07-28.log;dibstudent12;3;1273989715;901;true;1.9414283170005446;0.0;Infinity;1;B
dibstudent12--2016-09-26--07-28.log;dibstudent12;3;-1646577932;887;true;-0.19259730524368815;0.0;Infinity;1;B
dibstudent12--2016-09-26--07-28.log;dibstudent12;3;-1580084420;866;true;-0.2389901570353531;0.0;Infinity;1;B
dibstudent12--2016-09-26--07-28.log;dibstudent12;3;1054362675;840;true;0.9261848599127207;0.0;Infinity;1;B
dibstudent12--2016-09-26--07-28.log;dibstudent12;3;987869163;877;true;-0.09630164408281136;0.0;Infinity;1;B
dibstudent12--2016-09-26--07-28.log;dibstudent12;3;487037684;848;true;-0.6687592468961371;0.0;Infinity;1;B
dibstudent12--2016-09-26--07-28.log;dibstudent12;3;-528776597;799;true;-0.484170690441937;0.0;Infinity;1;B
dibstudent12--2016-09-26--07-28.log;dibstudent12;4;-1543393530;793;true;-0.3781178294108374;0.0;Infinity;1;B
dibstudent12--2016-09-26--07-28.log;dibstudent12;4;-1476900018;858;true;1.2422853322405627;0.0;Infinity;1;B
dibstudent12--2016-09-26--07-28.log;dibstudent12;4;840799991;897;true;-0.9303400628054337;0.0;Infinity;1;B
dibstudent12--2016-09-26--07-28.log;dibstudent12;4;-462283085;896;true;1.5016828408796274;0.0;Infinity;1;B
dibstudent12--2016-09-26--07-28.log;dibstudent12;4;1210916460;861;true;-0.8922925920648532;0.0;Infinity;1;B
dibstudent12--2016-09-26--07-28.log;dibstudent12;4;1207496203;832;true;-0.17465107652008763;0.0;Infinity;1;B
dibstudent12--2016-09-26--07-28.log;dibstudent12;4;420544172;911;true;-0.7912383511453297;0.0;Infinity;1;B
dibstudent12--2016-09-26--07-28.log;dibstudent12;4;907293503;878;true;-0.930681271243439;0.0;Infinity;1;B
dibstudent12--2016-09-26--07-28.log;dibstudent12;4;1277409972;812;true;-0.8759985303133815;0.0;Infinity;1;B
dibstudent12--2016-09-26--07-28.log;dibstudent12;4;1273989715;816;true;2.2816754692454673;0.0;Infinity;1;B
dibstudent12--2016-09-26--07-28.log;dibstudent12;4;-1646577932;873;true;-0.08276067806762118;0.0;Infinity;1;B
dibstudent12--2016-09-26--07-28.log;dibstudent12;4;-1580084420;866;true;-0.13416256125485002;0.0;Infinity;1;B
dibstudent12--2016-09-26--07-28.log;dibstudent12;4;1054362675;875;true;1.1568162814082055;0.0;Infinity;1;B
dibstudent12--2016-09-26--07-28.log;dibstudent12;4;987869163;968;true;0.023932015639939307;0.0;Infinity;1;B
dibstudent12--2016-09-26--07-28.log;dibstudent12;4;-528776597;982;true;-0.40581521142049304;0.0;Infinity;1;B
dibstudent12--2016-09-26--07-28.log;dibstudent12;4;487037684;988;true;-0.6103337751674766;0.0;Infinity;1;B
dibstudent12--2016-09-26--07-28.log;dibstudent12;5;-173291042;758;true;-0.7099277531147059;0.0;Infinity;1;B
dibstudent12--2016-09-26--07-28.log;dibstudent12;5;-106797530;827;true;-0.6875626645909491;0.0;Infinity;1;B
dibstudent12--2016-09-26--07-28.log;dibstudent12;5;-176711299;927;true;-0.050800686693632746;0.0;Infinity;1;B
dibstudent12--2016-09-26--07-28.log;dibstudent12;5;-110217787;933;true;1.191043160578802;0.0;Infinity;1;B
dibstudent12--2016-09-26--07-28.log;dibstudent12;5;-396338339;902;true;-0.4128933240373268;0.0;Infinity;1;B
dibstudent12--2016-09-26--07-28.log;dibstudent12;5;-897169818;922;true;-0.20578481809778446;0.0;Infinity;1;B
dibstudent12--2016-09-26--07-28.log;dibstudent12;5;1330675374;978;true;-0.6309006051310034;0.0;Infinity;1;B
dibstudent12--2016-09-26--07-28.log;dibstudent12;5;-1846490587;1029;true;3.007397675625278;0.0;Infinity;1;B
dibstudent12--2016-09-26--07-28.log;dibstudent12;5;-329844827;853;true;-0.14274571170343245;0.0;Infinity;1;B
dibstudent12--2016-09-26--07-28.log;dibstudent12;5;-963663330;889;true;-0.550137859181328;0.0;Infinity;1;B
dibstudent12--2016-09-26--07-28.log;dibstudent12;5;1367366264;990;true;-0.47437474111903016;0.0;Infinity;1;B
dibstudent12--2016-09-26--07-28.log;dibstudent12;5;1433859776;1027;true;0.16805724509491715;0.0;Infinity;1;B
dibstudent12--2016-09-26--07-28.log;dibstudent12;5;1264181862;780;true;-0.600543840419937;0.0;Infinity;1;B
dibstudent12--2016-09-26--07-28.log;dibstudent12;5;-1912984099;783;true;0.09917392279013545;0.0;Infinity;1;B
dibstudent12--2016-09-26--07-28.log;dibstudent12;6;-513704011;1000;true;-0.0322373262208451;0.0;Infinity;1;B
dibstudent12--2016-09-26--07-28.log;dibstudent12;6;1986602775;1002;true;4.085860480251869;0.0;Infinity;1;B
dibstudent12--2016-09-26--07-28.log;dibstudent12;6;-849723712;1005;true;0.005573333752452731;0.0;Infinity;1;B
dibstudent12--2016-09-26--07-28.log;dibstudent12;6;276668277;1021;true;-0.6001140568352541;0.0;Infinity;1;B
dibstudent12--2016-09-26--07-28.log;dibstudent12;6;375476603;876;true;1.4922672449489671;0.0;Infinity;1;B
dibstudent12--2016-09-26--07-28.log;dibstudent12;6;-1273579776;908;true;0.2999048826024385;0.0;Infinity;1;B
dibstudent12--2016-09-26--07-28.log;dibstudent12;6;-1528238303;939;true;-0.600429271340881;0.0;Infinity;1;B
dibstudent12--2016-09-26--07-28.log;dibstudent12;6;-1799044481;969;true;3.5581382595582443;0.0;Infinity;1;B
dibstudent12--2016-09-26--07-28.log;dibstudent12;6;538883801;942;true;-0.347401741362618;0.0;Infinity;1;B
dibstudent12--2016-09-26--07-28.log;dibstudent12;6;886888917;991;true;-0.30054889750128966;0.0;Infinity;1;B
dibstudent12--2016-09-26--07-28.log;dibstudent12;6;1860053659;953;true;-0.05537058395505117;0.0;Infinity;1;B
dibstudent12--2016-09-26--07-28.log;dibstudent12;6;802307928;947;true;-0.6007692635478624;0.0;Infinity;1;B
dibstudent12--2016-09-26--07-28.log;dibstudent12;6;-2085645688;770;true;-0.4090010829776708;0.0;Infinity;1;B
dibstudent12--2016-09-26--07-28.log;dibstudent12;6;1324797372;930;true;-0.22683436804502247;0.0;Infinity;1;B
dibstudent12--2016-09-26--07-28.log;dibstudent12;6;1481305882;954;true;-0.17912557591227957;0.0;Infinity;1;B
dibstudent12--2016-09-26--07-28.log;dibstudent12;6;-1644373776;960;true;-0.1242559396854059;0.0;Infinity;1;B
dibstudent12--2016-09-26--07-28.log;dibstudent12;6;-1710867288;831;true;-0.3941160590061777;0.0;Infinity;1;B
dibstudent12--2016-09-26--07-28.log;dibstudent12;6;-117038247;801;true;-0.5719841198213428;0.0;Infinity;1;B
dibstudent12--2016-09-26--07-28.log;dibstudent12;6;-1425053901;852;true;-0.475541744041068;0.0;Infinity;1;B
dibstudent12--2016-09-26--07-28.log;dibstudent12;6;-428974688;854;true;-0.5805089346746193;0.0;Infinity;1;B
dibstudent12--2016-09-26--07-28.log;dibstudent12;6;2115169660;894;true;-0.5242421673651222;0.0;Infinity;1;B
dibstudent12--2016-09-26--07-28.log;dibstudent12;6;2045255891;905;true;0.00448175475366772;0.0;Infinity;1;B
dibstudent12--2016-09-26--07-28.log;dibstudent12;6;954265416;904;true;-0.5055922506034601;0.0;Infinity;1;B
dibstudent12--2016-09-26--07-28.log;dibstudent12;6;-1594731815;902;true;-0.5708594642906363;0.0;Infinity;1;B
dibstudent12--2016-09-26--07-28.log;dibstudent12;6;1260000839;877;true;4.015314163099747;0.0;Infinity;1;B
dibstudent12--2016-09-26--07-28.log;dibstudent12;6;-1377098109;864;true;0.44855927655560224;0.0;Infinity;1;B
dibstudent12--2016-09-26--07-28.log;dibstudent12;6;-1365187169;895;true;0.08430735145690124;0.0;Infinity;1;B
dibstudent12--2016-09-26--07-28.log;dibstudent12;6;-916217224;903;true;-0.37626781224034556;0.0;Infinity;1;B
dibstudent12--2016-09-26--07-28.log;dibstudent12;6;-410436968;856;true;0.6523476244147802;0.0;Infinity;1;B
dibstudent12--2016-09-26--07-28.log;dibstudent12;6;1325835832;855;true;0.17591939584152969;0.0;Infinity;1;B
dibstudent12--2016-09-26--07-28.log;dibstudent12;6;-1443591621;905;true;-0.013108723189165998;0.0;Infinity;1;B
dibstudent12--2016-09-26--07-28.log;dibstudent12;6;1817325583;909;true;-0.11063312573819;0.0;Infinity;1;B
dibstudent12--2016-09-26--07-28.log;dibstudent12;6;1892122363;927;true;0.39126391378773834;0.0;Infinity;1;B
dibstudent12--2016-09-26--07-28.log;dibstudent12;6;-742324732;848;true;-0.3786654508980987;0.0;Infinity;1;B
dibstudent12--2016-09-26--07-28.log;dibstudent12;6;1307298112;854;true;-0.2635130677136774;0.0;Infinity;1;B
dibstudent12--2016-09-26--07-28.log;dibstudent12;6;887771904;884;true;-0.5484332274463198;0.0;Infinity;1;B
dibstudent12--2016-09-26--07-28.log;dibstudent12;6;-1711064936;923;true;-0.39238599710599054;0.0;Infinity;1;B
dibstudent12--2016-09-26--07-28.log;dibstudent12;6;1920109263;902;true;0.13383779925632563;0.0;Infinity;1;B
dibstudent12--2016-09-26--07-28.log;dibstudent12;6;1106208792;841;true;-0.5394675895573223;0.0;Infinity;1;B
dibstudent12--2016-09-26--07-28.log;dibstudent12;6;1087671072;899;true;0.47726650695271966;0.0;Infinity;1;B
dibstudent12--2016-09-26--07-28.log;dibstudent12;6;-824342562;869;true;-0.25610409753900215;0.0;Infinity;1;B
dibstudent12--2016-09-26--07-28.log;dibstudent12;6;1311627968;1022;true;-0.5616787489568175;0.0;Infinity;1;B
dibstudent12--2016-09-26--07-28.log;dibstudent12;6;-808818244;953;true;-0.17280121108774693;0.0;Infinity;1;B
dibstudent12--2016-09-26--07-28.log;dibstudent12;6;-1777558448;952;true;-0.564932536075122;0.0;Infinity;1;B
dibstudent12--2016-09-26--07-28.log;dibstudent12;6;2072066751;936;true;4.870965561057678;0.0;Infinity;1;B
dibstudent12--2016-09-26--07-28.log;dibstudent12;6;75705992;904;true;-0.5697551507908258;0.0;Infinity;1;B
dibstudent12--2016-09-26--07-28.log;dibstudent12;6;-890836074;951;true;-0.2656303297825578;0.0;Infinity;1;B
dibstudent12--2016-09-26--07-28.log;dibstudent12;6;1073101628;902;true;-0.5499060545837503;0.0;Infinity;1;B
dibstudent12--2016-09-26--07-28.log;dibstudent12;6;1647647669;832;true;-0.5706553167507483;0.0;Infinity;1;B
dibstudent12--2016-09-26--07-28.log;dibstudent12;6;1193507327;867;true;0.5559921643419908;0.0;Infinity;1;B
dibstudent12--2016-09-26--07-28.log;dibstudent12;6;-1463024780;923;true;4.318210565817862;0.0;Infinity;1;B
dibstudent12--2016-09-26--07-28.log;dibstudent12;6;-1491547413;924;true;-0.5545215612629617;0.0;Infinity;1;B
dibstudent12--2016-09-26--07-28.log;dibstudent12;6;-858212273;879;true;-0.571913102868474;0.0;Infinity;1;B
dibstudent12--2016-09-26--07-28.log;dibstudent12;6;-59351424;880;true;-0.5901688242220118;0.0;Infinity;1;B
dibstudent12--2016-09-26--07-28.log;dibstudent12;6;-62771681;865;true;0.987321835200662;0.0;Infinity;1;B
dibstudent12--2016-09-26--07-28.log;dibstudent12;6;-129265193;882;true;0.09835964303409976;0.0;Infinity;1;B
dibstudent12--2016-09-26--07-28.log;dibstudent12;6;-1480282511;895;true;0.007167187675887314;0.0;Infinity;1;B
dibstudent12--2016-09-26--07-28.log;dibstudent12;6;-125844936;876;true;-0.551223725397853;0.0;Infinity;1;B
dibstudent12--2016-09-26--07-28.log;dibstudent12;6;-1529518292;951;true;0.8024382716878137;0.0;Infinity;1;B
dibstudent12--2016-09-26--07-28.log;dibstudent12;6;1929967428;915;true;-0.532547099271113;0.0;Infinity;1;B
dibstudent12--2016-09-26--07-28.log;dibstudent12;6;1106515957;848;true;0.21581585705501796;0.0;Infinity;1;B
dibstudent12--2016-09-26--07-28.log;dibstudent12;6;206754508;922;true;0.3153146273172393;0.0;Infinity;1;B
dibstudent12--2016-09-26--07-28.log;dibstudent12;6;-348892233;907;true;-0.5240850458383299;0.0;Infinity;1;B
dibstudent12--2016-09-26--07-28.log;dibstudent12;6;178890394;913;true;-0.4421965680601703;0.0;Infinity;1;B
dibstudent12--2016-09-26--07-28.log;dibstudent12;6;1139595140;899;true;-0.3632374899309696;0.0;Infinity;1;B
dibstudent12--2016-09-26--07-28.log;dibstudent12;6;2005573239;865;true;0.11703424968841494;0.0;Infinity;1;B
dibstudent12--2016-09-26--07-28.log;dibstudent12;6;2142828096;972;true;-0.4231025006107483;0.0;Infinity;1;B
dibstudent12--2016-09-26--07-28.log;dibstudent12;6;-549701000;947;true;-0.4542860981922725;0.0;Infinity;1;B
dibstudent12--2016-09-26--07-28.log;dibstudent12;6;1640426619;905;true;-0.30215069181691745;0.0;Infinity;1;B
dibstudent12--2016-09-26--07-28.log;dibstudent12;6;-476930480;876;true;-0.22655817697427136;0.0;Infinity;1;B
dibstudent12--2016-09-26--07-28.log;dibstudent12;6;-1425537264;817;true;-0.11222761634255748;0.0;Infinity;1;B
dibstudent12--2016-09-26--07-28.log;dibstudent12;6;142199504;859;true;-0.5531785911883733;0.0;Infinity;1;B
dibstudent12--2016-09-26--07-28.log;dibstudent12;6;820395405;1028;true;-0.4399129118532741;0.0;Infinity;1;B
dibstudent12--2016-09-26--07-28.log;dibstudent12;6;1258303860;920;true;-0.477166811680644;0.0;Infinity;1;B
dibstudent12--2016-09-26--07-28.log;dibstudent12;6;1040022445;898;true;-0.11362924423461436;0.0;Infinity;1;B
dibstudent12--2016-09-26--07-28.log;dibstudent12;6;2111749403;847;true;1.2628850635579358;0.0;Infinity;1;B
dibstudent12--2016-09-26--07-28.log;dibstudent12;6;-791718761;907;true;-0.2269941124448518;0.0;Infinity;1;B
dibstudent12--2016-09-26--07-28.log;dibstudent12;6;-572091721;861;true;0.641675324765914;0.0;Infinity;1;B
dibstudent12--2016-09-26--07-28.log;dibstudent12;6;1926547171;857;true;0.0862227720728142;0.0;Infinity;1;B
dibstudent12--2016-09-26--07-28.log;dibstudent12;6;-994020476;1815;true;-0.4922203903611256;0.0;Infinity;1;B
dibstudent12--2016-09-26--07-28.log;dibstudent12;6;-638585233;2049;true;-0.10166321079920582;0.0;Infinity;1;B
dibstudent12--2016-09-26--07-28.log;dibstudent12;6;868801440;2078;true;-0.5816077830984834;0.0;Infinity;1;B
dibstudent12--2016-09-26--07-28.log;dibstudent12;6;1329256089;1912;true;-0.5507591758295554;0.0;Infinity;1;B
dibstudent12--2016-09-26--07-28.log;dibstudent12;6;-1557931408;1078;true;-0.5599917280752809;0.0;Infinity;1;B
dibstudent12--2016-09-26--07-28.log;dibstudent12;6;123780859;873;true;-0.3224841820073132;0.0;Infinity;1;B
dibstudent12--2016-09-26--07-28.log;dibstudent12;6;-1747558178;912;true;-0.5813157245112299;0.0;Infinity;1;B
dibstudent12--2016-09-26--07-28.log;dibstudent12;6;-50544735;927;true;-0.5273311643983293;0.0;Infinity;1;B
dibstudent12--2016-09-26--07-28.log;dibstudent12;6;1863473916;916;true;-0.5598078259853856;0.0;Infinity;1;B
dibstudent12--2016-09-26--07-28.log;dibstudent12;6;-1518320697;873;true;-0.217624130682751;0.0;Infinity;1;B
dibstudent12--2016-09-26--07-28.log;dibstudent12;6;1043442702;955;true;-0.3185172365343831;0.0;Infinity;1;B
dibstudent12--2016-09-26--07-28.log;dibstudent12;6;-1491437896;945;true;-0.4697544352564726;0.0;Infinity;1;B
dibstudent12--2016-09-26--07-28.log;dibstudent12;6;-1865537993;953;true;0.464139848889242;0.0;Infinity;1;B
dibstudent12--2016-09-26--07-28.log;dibstudent12;6;-927526964;876;true;-0.5712060518661408;0.0;Infinity;1;B
dibstudent12--2016-09-26--07-28.log;dibstudent12;6;1373791624;967;true;-0.09702940288027695;0.0;Infinity;1;B
dibstudent12--2016-09-26--07-28.log;dibstudent12;6;-1340073288;968;true;-0.4266959788716646;0.0;Infinity;1;B
dibstudent12--2016-09-26--07-28.log;dibstudent12;6;-1295273400;1028;true;-0.6007595802461482;0.0;Infinity;1;B
dibstudent12--2016-09-26--07-28.log;dibstudent12;6;971985842;1077;true;-0.18535896283965989;0.0;Infinity;1;B
dibstudent12--2016-09-26--07-28.log;dibstudent12;6;586839593;942;true;-0.5915916189982078;0.0;Infinity;1;B
dibstudent12--2016-09-26--07-28.log;dibstudent12;6;1714141181;994;true;-0.5903809655800739;0.0;Infinity;1;B
dibstudent12--2016-09-26--07-28.log;dibstudent12;6;1154164584;894;true;0.5092932586783762;0.0;Infinity;1;B
dibstudent12--2016-09-26--07-28.log;dibstudent12;6;308983091;888;true;-0.09069762216043925;0.0;Infinity;1;B
dibstudent12--2016-09-26--07-28.log;dibstudent12;6;-1814051690;930;true;-0.5422874651344604;0.0;Infinity;1;B
dibstudent12--2016-09-26--07-28.log;dibstudent12;6;-362481176;966;true;-0.49707972982286835;0.0;Infinity;1;B
dibstudent12--2016-09-26--07-28.log;dibstudent12;6;-483207488;910;true;-0.454706634306086;0.0;Infinity;1;B
dibstudent12--2016-09-26--07-28.log;dibstudent12;6;-1359043752;776;true;0.2746560037576259;0.0;Infinity;1;B
dibstudent12--2016-09-26--07-28.log;dibstudent12;6;1825628851;814;true;0.16081964507468924;0.0;Infinity;1;B
dibstudent12--2016-09-26--07-28.log;dibstudent12;6;1057449818;725;true;1.736883969535752;0.0;Infinity;1;B
dibstudent12--2016-09-26--07-28.log;dibstudent12;6;190274371;870;true;0.2513739084771916;0.0;Infinity;1;B
dibstudent12--2016-09-26--07-28.log;dibstudent12;6;-12872532;1043;true;-0.44412958153323745;0.0;Infinity;1;B
dibstudent12--2016-09-26--07-28.log;dibstudent12;6;210174765;847;true;-0.5794567125414604;0.0;Infinity;1;B
dibstudent12--2016-09-26--07-28.log;dibstudent12;6;-282398721;870;true;-0.45532958926397377;0.0;Infinity;1;B
dibstudent12--2016-09-26--07-28.log;dibstudent12;6;1706920131;873;true;-0.41807708764160156;0.0;Infinity;1;B
dibstudent12--2016-09-26--07-28.log;dibstudent12;6;1067256600;816;true;-0.5564266042633447;0.0;Infinity;1;B
dibstudent12--2016-09-26--07-28.log;dibstudent12;6;319563926;858;true;-0.08178272950023467;0.0;Infinity;1;B
dibstudent12--2016-09-26--07-28.log;dibstudent12;6;-705633842;828;true;-0.343523949795537;0.0;Infinity;1;B
dibstudent12--2016-09-26--07-28.log;dibstudent12;6;253070414;804;true;-0.2907519209897131;0.0;Infinity;1;B
dibstudent12--2016-09-26--07-28.log;dibstudent12;6;1109936214;753;true;-0.30084899271163074;0.0;Infinity;1;B
dibstudent12--2016-09-26--07-28.log;dibstudent12;6;990956306;832;true;-0.28132412765718745;0.0;Infinity;1;B
dibstudent12--2016-09-26--07-28.log;dibstudent12;6;-1584814209;836;true;-0.5715255056281993;0.0;Infinity;1;B
dibstudent12--2016-09-26--07-28.log;dibstudent12;6;-772748297;861;true;-0.4264716000135001;0.0;Infinity;1;B
dibstudent12--2016-09-26--07-28.log;dibstudent12;6;-1298693657;853;true;1.0604826115407109;0.0;Infinity;1;B
dibstudent12--2016-09-26--07-28.log;dibstudent12;6;1378121480;845;true;-0.6007692635478624;0.0;Infinity;1;B
dibstudent12--2016-09-26--07-28.log;dibstudent12;6;2048676148;850;true;-0.6006356812485426;0.0;Infinity;1;B
dibstudent12--2016-09-26--07-28.log;dibstudent12;6;-706254785;859;true;0.47817846067592334;0.0;Infinity;1;B
dibstudent12--2016-09-26--07-28.log;dibstudent12;6;905492330;964;true;-0.489777088310684;0.0;Infinity;1;B
dibstudent12--2016-09-26--07-28.log;dibstudent12;6;1000763088;892;true;-0.46886076636747653;0.0;Infinity;1;B
dibstudent12--2016-09-26--07-28.log;dibstudent12;6;1039715280;944;true;-0.5321613501464494;0.0;Infinity;1;B
dibstudent12--2016-09-26--07-28.log;dibstudent12;6;1750832071;981;true;-0.40879539835333045;0.0;Infinity;1;B
dibstudent12--2016-09-26--07-28.log;dibstudent12;6;-696250355;920;true;-0.026861882611605145;0.0;Infinity;1;B
dibstudent12--2016-09-26--07-28.log;dibstudent12;6;1414812370;834;true;-0.43406659322924074;0.0;Infinity;1;B
dibstudent12--2016-09-26--07-28.log;dibstudent12;6;245383906;860;true;0.14670883430946863;0.0;Infinity;1;B
dibstudent12--2016-09-26--07-28.log;dibstudent12;6;53620980;853;true;-0.4062554652019961;0.0;Infinity;1;B
dibstudent12--2016-09-26--07-28.log;dibstudent12;6;52639667;789;true;-0.551458038296031;0.0;Infinity;1;B
dibstudent12--2016-09-26--07-28.log;dibstudent12;6;-580197523;776;true;-0.369481054630692;0.0;Infinity;1;B
dibstudent12--2016-09-26--07-28.log;dibstudent12;6;-486627745;771;true;4.3508940514834356;0.0;Infinity;1;B
dibstudent12--2016-09-26--07-28.log;dibstudent12;6;-1546776023;1032;true;-0.03900320788884512;0.0;Infinity;1;B
dibstudent12--2016-09-26--07-28.log;dibstudent12;6;-13853845;862;true;-0.6040025963348622;0.0;Infinity;1;B
dibstudent12--2016-09-26--07-28.log;dibstudent12;6;273248020;918;true;0.8782665939171636;0.0;Infinity;1;B
dibstudent12--2016-09-26--07-28.log;dibstudent12;6;-639140330;862;true;0.4588800999677824;0.0;Infinity;1;B
dibstudent12--2016-09-26--07-28.log;dibstudent12;6;-629756843;890;true;1.4330217774100305;0.0;Infinity;1;B
dibstudent12--2016-09-26--07-28.log;dibstudent12;6;472390289;910;true;-0.5909396162957571;0.0;Infinity;1;B
dibstudent12--2016-09-26--07-28.log;dibstudent12;6;1259342320;874;true;-0.47589387414502377;0.0;Infinity;1;B
dibstudent12--2016-09-26--07-28.log;dibstudent12;6;-568671464;937;true;-0.56182589026231;0.0;Infinity;1;B
dibstudent12--2016-09-26--07-28.log;dibstudent12;6;-553121257;716;true;0.22523445326484903;0.0;Infinity;1;B
dibstudent12--2016-09-26--07-28.log;dibstudent12;7;-513704011;875;true;-0.0322373262208451;0.0;Infinity;1;B
dibstudent12--2016-09-26--07-28.log;dibstudent12;7;-849723712;937;true;-0.007982604653334072;0.0;Infinity;1;B
dibstudent12--2016-09-26--07-28.log;dibstudent12;7;276668277;938;true;-0.6017699250003631;0.0;Infinity;1;B
dibstudent12--2016-09-26--07-28.log;dibstudent12;7;1986602775;977;true;4.085860480251869;0.0;Infinity;1;B
dibstudent12--2016-09-26--07-28.log;dibstudent12;7;-1273579776;849;true;0.2999048826024385;0.0;Infinity;1;B
dibstudent12--2016-09-26--07-28.log;dibstudent12;7;375476603;835;true;1.4922672449489671;0.0;Infinity;1;B
dibstudent12--2016-09-26--07-28.log;dibstudent12;7;-1799044481;870;true;3.5581382595582443;0.0;Infinity;1;B
dibstudent12--2016-09-26--07-28.log;dibstudent12;7;-1528238303;909;true;-0.600429271340881;0.0;Infinity;1;B
dibstudent12--2016-09-26--07-28.log;dibstudent12;7;538883801;880;true;-0.347401741362618;0.0;Infinity;1;B
dibstudent12--2016-09-26--07-28.log;dibstudent12;7;886888917;886;true;-0.30054889750128966;0.0;Infinity;1;B
dibstudent12--2016-09-26--07-28.log;dibstudent12;7;1860053659;882;true;-0.05537058395505117;0.0;Infinity;1;B
dibstudent12--2016-09-26--07-28.log;dibstudent12;7;-2085645688;920;true;-0.4090010829776708;0.0;Infinity;1;B
dibstudent12--2016-09-26--07-28.log;dibstudent12;7;802307928;927;true;-0.6007692635478624;0.0;Infinity;1;B
dibstudent12--2016-09-26--07-28.log;dibstudent12;7;1481305882;917;true;-0.17912557591227957;0.0;Infinity;1;B
dibstudent12--2016-09-26--07-28.log;dibstudent12;7;1324797372;916;true;-0.22683436804502247;0.0;Infinity;1;B
dibstudent12--2016-09-26--07-28.log;dibstudent12;7;-1644373776;893;true;-0.1242559396854059;0.0;Infinity;1;B
dibstudent12--2016-09-26--07-28.log;dibstudent12;7;-1710867288;821;true;-0.3941160590061777;0.0;Infinity;1;B
dibstudent12--2016-09-26--07-28.log;dibstudent12;7;-117038247;861;true;-0.5719841198213428;0.0;Infinity;1;B
dibstudent12--2016-09-26--07-28.log;dibstudent12;7;-1425053901;916;true;-0.475541744041068;0.0;Infinity;1;B
dibstudent12--2016-09-26--07-28.log;dibstudent12;7;-428974688;926;true;-0.5805089346746193;0.0;Infinity;1;B
dibstudent12--2016-09-26--07-28.log;dibstudent12;7;2115169660;880;true;-0.5242421673651222;0.0;Infinity;1;B
dibstudent12--2016-09-26--07-28.log;dibstudent12;7;2045255891;865;true;0.00448175475366772;0.0;Infinity;1;B
dibstudent12--2016-09-26--07-28.log;dibstudent12;7;954265416;865;true;-0.5055922506034601;0.0;Infinity;1;B
dibstudent12--2016-09-26--07-28.log;dibstudent12;7;-1594731815;854;true;-0.5708594642906363;0.0;Infinity;1;B
dibstudent12--2016-09-26--07-28.log;dibstudent12;7;1260000839;888;true;4.015314163099747;0.0;Infinity;1;B
dibstudent12--2016-09-26--07-28.log;dibstudent12;7;-1377098109;875;true;0.44855927655560224;0.0;Infinity;1;B
dibstudent12--2016-09-26--07-28.log;dibstudent12;7;-1365187169;877;true;0.08430735145690124;0.0;Infinity;1;B
dibstudent12--2016-09-26--07-28.log;dibstudent12;7;-916217224;880;true;-0.37626781224034556;0.0;Infinity;1;B
dibstudent12--2016-09-26--07-28.log;dibstudent12;7;-410436968;893;true;0.6523476244147802;0.0;Infinity;1;B
dibstudent12--2016-09-26--07-28.log;dibstudent12;7;1325835832;904;true;0.17591939584152969;0.0;Infinity;1;B
dibstudent12--2016-09-26--07-28.log;dibstudent12;7;1817325583;829;true;-0.11063312573819;0.0;Infinity;1;B
dibstudent12--2016-09-26--07-28.log;dibstudent12;7;-1443591621;976;true;-0.013108723189165998;0.0;Infinity;1;B
dibstudent12--2016-09-26--07-28.log;dibstudent12;7;1892122363;841;true;0.39126391378773834;0.0;Infinity;1;B
dibstudent12--2016-09-26--07-28.log;dibstudent12;7;-742324732;837;true;-0.3786654508980987;0.0;Infinity;1;B
dibstudent12--2016-09-26--07-28.log;dibstudent12;7;1307298112;947;true;-0.2635130677136774;0.0;Infinity;1;B
dibstudent12--2016-09-26--07-28.log;dibstudent12;7;887771904;949;true;-0.5484332274463198;0.0;Infinity;1;B
dibstudent12--2016-09-26--07-28.log;dibstudent12;7;-1711064936;2343;true;-0.39238599710599054;0.0;Infinity;1;B
dibstudent12--2016-09-26--07-28.log;dibstudent12;7;1920109263;2332;true;0.13383779925632563;0.0;Infinity;1;B
dibstudent12--2016-09-26--07-28.log;dibstudent12;7;1087671072;2275;true;0.47726650695271966;0.0;Infinity;1;B
dibstudent12--2016-09-26--07-28.log;dibstudent12;7;1106208792;2388;true;-0.5394675895573223;0.0;Infinity;1;B
dibstudent12--2016-09-26--07-28.log;dibstudent12;7;-824342562;965;true;-0.25610409753900215;0.0;Infinity;1;B
dibstudent12--2016-09-26--07-28.log;dibstudent12;7;1311627968;976;true;-0.5616787489568175;0.0;Infinity;1;B
dibstudent12--2016-09-26--07-28.log;dibstudent12;7;-808818244;1085;true;-0.17280121108774693;0.0;Infinity;1;B
dibstudent12--2016-09-26--07-28.log;dibstudent12;7;-1777558448;1059;true;-0.564932536075122;0.0;Infinity;1;B
dibstudent12--2016-09-26--07-28.log;dibstudent12;7;2072066751;1006;true;4.870965561057678;0.0;Infinity;1;B
dibstudent12--2016-09-26--07-28.log;dibstudent12;7;75705992;1050;true;-0.5697551507908258;0.0;Infinity;1;B
dibstudent12--2016-09-26--07-28.log;dibstudent12;7;-890836074;912;true;-0.2656303297825578;0.0;Infinity;1;B
dibstudent12--2016-09-26--07-28.log;dibstudent12;7;1073101628;930;true;-0.5499060545837503;0.0;Infinity;1;B
dibstudent12--2016-09-26--07-28.log;dibstudent12;7;1647647669;993;true;-0.5706553167507483;0.0;Infinity;1;B
dibstudent12--2016-09-26--07-28.log;dibstudent12;7;1193507327;975;true;0.5559921643419908;0.0;Infinity;1;B
dibstudent12--2016-09-26--07-28.log;dibstudent12;7;-1463024780;881;true;4.318210565817862;0.0;Infinity;1;B
dibstudent12--2016-09-26--07-28.log;dibstudent12;7;-1491547413;921;true;-0.5545215612629617;0.0;Infinity;1;B
dibstudent12--2016-09-26--07-28.log;dibstudent12;7;-858212273;922;true;-0.571913102868474;0.0;Infinity;1;B
dibstudent12--2016-09-26--07-28.log;dibstudent12;7;-59351424;932;true;-0.5901688242220118;0.0;Infinity;1;B
dibstudent12--2016-09-26--07-28.log;dibstudent12;7;-62771681;893;true;0.987321835200662;0.0;Infinity;1;B
dibstudent12--2016-09-26--07-28.log;dibstudent12;7;-129265193;881;true;0.09835964303409976;0.0;Infinity;1;B
dibstudent12--2016-09-26--07-28.log;dibstudent12;7;-1480282511;858;true;0.007167187675887314;0.0;Infinity;1;B
dibstudent12--2016-09-26--07-28.log;dibstudent12;7;-125844936;840;true;-0.551223725397853;0.0;Infinity;1;B
dibstudent12--2016-09-26--07-28.log;dibstudent12;7;-1529518292;918;true;0.8024382716878137;0.0;Infinity;1;B
dibstudent12--2016-09-26--07-28.log;dibstudent12;7;1929967428;871;true;-0.532547099271113;0.0;Infinity;1;B
dibstudent12--2016-09-26--07-28.log;dibstudent12;7;206754508;850;true;0.3153146273172393;0.0;Infinity;1;B
dibstudent12--2016-09-26--07-28.log;dibstudent12;7;1106515957;897;true;0.21581585705501796;0.0;Infinity;1;B
dibstudent12--2016-09-26--07-28.log;dibstudent12;7;-348892233;825;true;-0.5240850458383299;0.0;Infinity;1;B
dibstudent12--2016-09-26--07-28.log;dibstudent12;7;178890394;973;true;-0.4421965680601703;0.0;Infinity;1;B
dibstudent12--2016-09-26--07-28.log;dibstudent12;7;1139595140;865;true;-0.3632374899309696;0.0;Infinity;1;B
dibstudent12--2016-09-26--07-28.log;dibstudent12;7;2005573239;863;true;0.11703424968841494;0.0;Infinity;1;B
dibstudent12--2016-09-26--07-28.log;dibstudent12;7;2142828096;868;true;-0.4231025006107483;0.0;Infinity;1;B
dibstudent12--2016-09-26--07-28.log;dibstudent12;7;-549701000;867;true;-0.4542860981922725;0.0;Infinity;1;B
dibstudent12--2016-09-26--07-28.log;dibstudent12;7;1640426619;948;true;-0.30215069181691745;0.0;Infinity;1;B
dibstudent12--2016-09-26--07-28.log;dibstudent12;7;-476930480;1000;true;-0.22655817697427136;0.0;Infinity;1;B
dibstudent12--2016-09-26--07-28.log;dibstudent12;7;-1425537264;957;true;-0.11222761634255748;0.0;Infinity;1;B
dibstudent12--2016-09-26--07-28.log;dibstudent12;7;142199504;945;true;-0.5531785911883733;0.0;Infinity;1;B
dibstudent12--2016-09-26--07-28.log;dibstudent12;7;820395405;995;true;-0.4399129118532741;0.0;Infinity;1;B
dibstudent12--2016-09-26--07-28.log;dibstudent12;7;1040022445;976;true;-0.11362924423461436;0.0;Infinity;1;B
dibstudent12--2016-09-26--07-28.log;dibstudent12;7;1258303860;1023;true;-0.477166811680644;0.0;Infinity;1;B
dibstudent12--2016-09-26--07-28.log;dibstudent12;7;2111749403;958;true;1.2628850635579358;0.0;Infinity;1;B
dibstudent12--2016-09-26--07-28.log;dibstudent12;7;-791718761;870;true;-0.2269941124448518;0.0;Infinity;1;B
dibstudent12--2016-09-26--07-28.log;dibstudent12;7;-572091721;890;true;0.641675324765914;0.0;Infinity;1;B
dibstudent12--2016-09-26--07-28.log;dibstudent12;7;1926547171;828;true;0.0862227720728142;0.0;Infinity;1;B
dibstudent12--2016-09-26--07-28.log;dibstudent12;7;-638585233;873;true;-0.10166321079920582;0.0;Infinity;1;B
dibstudent12--2016-09-26--07-28.log;dibstudent12;7;-994020476;850;true;-0.4922203903611256;0.0;Infinity;1;B
dibstudent12--2016-09-26--07-28.log;dibstudent12;7;868801440;913;true;0.0;0.0;Infinity;1;B
dibstudent12--2016-09-26--07-28.log;dibstudent12;7;1329256089;879;true;-0.5362867771337813;0.0;Infinity;1;B
dibstudent12--2016-09-26--07-28.log;dibstudent12;7;-1557931408;855;true;-0.5599917280752809;0.0;Infinity;1;B
dibstudent12--2016-09-26--07-28.log;dibstudent12;7;123780859;879;true;-0.3224841820073132;0.0;Infinity;1;B
dibstudent12--2016-09-26--07-28.log;dibstudent12;7;-1747558178;865;true;-0.5813157245112299;0.0;Infinity;1;B
dibstudent12--2016-09-26--07-28.log;dibstudent12;7;1863473916;928;true;-0.5598078259853856;0.0;Infinity;1;B
dibstudent12--2016-09-26--07-28.log;dibstudent12;7;-50544735;891;true;-0.5273311643983293;0.0;Infinity;1;B
dibstudent12--2016-09-26--07-28.log;dibstudent12;7;-1518320697;942;true;-0.217624130682751;0.0;Infinity;1;B
dibstudent12--2016-09-26--07-28.log;dibstudent12;7;1043442702;886;true;-0.3185172365343831;0.0;Infinity;1;B
dibstudent12--2016-09-26--07-28.log;dibstudent12;7;-1491437896;888;true;-0.4697544352564726;0.0;Infinity;1;B
dibstudent12--2016-09-26--07-28.log;dibstudent12;7;-1865537993;889;true;0.464139848889242;0.0;Infinity;1;B
dibstudent12--2016-09-26--07-28.log;dibstudent12;7;-927526964;815;true;-0.5712060518661408;0.0;Infinity;1;B
dibstudent12--2016-09-26--07-28.log;dibstudent12;7;1373791624;888;true;-0.09702940288027695;0.0;Infinity;1;B
dibstudent12--2016-09-26--07-28.log;dibstudent12;7;-1340073288;865;true;-0.4266959788716646;0.0;Infinity;1;B
dibstudent12--2016-09-26--07-28.log;dibstudent12;7;-1295273400;873;true;-0.6007595802461482;0.0;Infinity;1;B
dibstudent12--2016-09-26--07-28.log;dibstudent12;7;971985842;881;true;-0.18535896283965989;0.0;Infinity;1;B
dibstudent12--2016-09-26--07-28.log;dibstudent12;7;586839593;928;true;-0.5915916189982078;0.0;Infinity;1;B
dibstudent12--2016-09-26--07-28.log;dibstudent12;7;1714141181;944;true;-0.5903809655800739;0.0;Infinity;1;B
dibstudent12--2016-09-26--07-28.log;dibstudent12;7;308983091;936;true;-0.09069762216043925;0.0;Infinity;1;B
dibstudent12--2016-09-26--07-28.log;dibstudent12;7;1154164584;839;true;0.5092932586783762;0.0;Infinity;1;B
dibstudent12--2016-09-26--07-28.log;dibstudent12;7;-1814051690;879;true;-0.5422874651344604;0.0;Infinity;1;B
dibstudent12--2016-09-26--07-28.log;dibstudent12;7;-362481176;871;true;-0.49707972982286835;0.0;Infinity;1;B
dibstudent12--2016-09-26--07-28.log;dibstudent12;7;-483207488;910;true;-0.454706634306086;0.0;Infinity;1;B
dibstudent12--2016-09-26--07-28.log;dibstudent12;7;-1359043752;879;true;0.2746560037576259;0.0;Infinity;1;B
dibstudent12--2016-09-26--07-28.log;dibstudent12;7;1825628851;848;true;0.16081964507468924;0.0;Infinity;1;B
dibstudent12--2016-09-26--07-28.log;dibstudent12;7;190274371;841;true;0.2513739084771916;0.0;Infinity;1;B
dibstudent12--2016-09-26--07-28.log;dibstudent12;7;1057449818;818;true;1.736883969535752;0.0;Infinity;1;B
dibstudent12--2016-09-26--07-28.log;dibstudent12;7;-12872532;937;true;-0.44412958153323745;0.0;Infinity;1;B
dibstudent12--2016-09-26--07-28.log;dibstudent12;7;210174765;820;true;-0.5794567125414604;0.0;Infinity;1;B
dibstudent12--2016-09-26--07-28.log;dibstudent12;7;1706920131;874;true;-0.41807708764160156;0.0;Infinity;1;B
dibstudent12--2016-09-26--07-28.log;dibstudent12;7;-282398721;1074;true;-0.45532958926397377;0.0;Infinity;1;B
dibstudent12--2016-09-26--07-28.log;dibstudent12;7;319563926;867;true;-0.08178272950023467;0.0;Infinity;1;B
dibstudent12--2016-09-26--07-28.log;dibstudent12;7;1067256600;978;true;-0.5564266042633447;0.0;Infinity;1;B
dibstudent12--2016-09-26--07-28.log;dibstudent12;7;-705633842;961;true;-0.343523949795537;0.0;Infinity;1;B
dibstudent12--2016-09-26--07-28.log;dibstudent12;7;253070414;958;true;-0.2907519209897131;0.0;Infinity;1;B
dibstudent12--2016-09-26--07-28.log;dibstudent12;7;1109936214;981;true;-0.30084899271163074;0.0;Infinity;1;B
dibstudent12--2016-09-26--07-28.log;dibstudent12;7;990956306;925;true;-0.28132412765718745;0.0;Infinity;1;B
dibstudent12--2016-09-26--07-28.log;dibstudent12;7;-1584814209;921;true;-0.5715255056281993;0.0;Infinity;1;B
dibstudent12--2016-09-26--07-28.log;dibstudent12;7;-772748297;886;true;-0.4264716000135001;0.0;Infinity;1;B
dibstudent12--2016-09-26--07-28.log;dibstudent12;7;-1298693657;892;true;1.0604826115407109;0.0;Infinity;1;B
dibstudent12--2016-09-26--07-28.log;dibstudent12;7;2048676148;922;true;-0.6006356812485426;0.0;Infinity;1;B
dibstudent12--2016-09-26--07-28.log;dibstudent12;7;1378121480;949;true;-0.6007692635478624;0.0;Infinity;1;B
dibstudent12--2016-09-26--07-28.log;dibstudent12;7;-706254785;887;true;0.47817846067592334;0.0;Infinity;1;B
dibstudent12--2016-09-26--07-28.log;dibstudent12;7;905492330;836;true;-0.489777088310684;0.0;Infinity;1;B
dibstudent12--2016-09-26--07-28.log;dibstudent12;7;1000763088;920;true;-0.46886076636747653;0.0;Infinity;1;B
dibstudent12--2016-09-26--07-28.log;dibstudent12;7;1039715280;912;true;-0.5321613501464494;0.0;Infinity;1;B
dibstudent12--2016-09-26--07-28.log;dibstudent12;7;1750832071;948;true;-0.40879539835333045;0.0;Infinity;1;B
dibstudent12--2016-09-26--07-28.log;dibstudent12;7;-696250355;887;true;-0.026861882611605145;0.0;Infinity;1;B
dibstudent12--2016-09-26--07-28.log;dibstudent12;7;1414812370;937;true;-0.43406659322924074;0.0;Infinity;1;B
dibstudent12--2016-09-26--07-28.log;dibstudent12;7;245383906;881;true;0.14670883430946863;0.0;Infinity;1;B
dibstudent12--2016-09-26--07-28.log;dibstudent12;7;53620980;879;true;-0.4062554652019961;0.0;Infinity;1;B
dibstudent12--2016-09-26--07-28.log;dibstudent12;7;52639667;944;true;-0.551458038296031;0.0;Infinity;1;B
dibstudent12--2016-09-26--07-28.log;dibstudent12;7;-580197523;902;true;-0.369481054630692;0.0;Infinity;1;B
dibstudent12--2016-09-26--07-28.log;dibstudent12;7;-486627745;913;true;4.3508940514834356;0.0;Infinity;1;B
dibstudent12--2016-09-26--07-28.log;dibstudent12;7;-1546776023;874;true;-0.03900320788884512;0.0;Infinity;1;B
dibstudent12--2016-09-26--07-28.log;dibstudent12;7;-13853845;881;true;-0.6040025963348622;0.0;Infinity;1;B
dibstudent12--2016-09-26--07-28.log;dibstudent12;7;273248020;2469;true;0.8782665939171636;0.0;Infinity;1;B
dibstudent12--2016-09-26--07-28.log;dibstudent12;7;-639140330;2628;true;0.4588800999677824;0.0;Infinity;1;B
dibstudent12--2016-09-26--07-28.log;dibstudent12;7;-629756843;2541;true;1.4330217774100305;0.0;Infinity;1;B
dibstudent12--2016-09-26--07-28.log;dibstudent12;7;472390289;2361;true;-0.5909396162957571;0.0;Infinity;1;B
dibstudent12--2016-09-26--07-28.log;dibstudent12;7;1259342320;844;true;-0.47589387414502377;0.0;Infinity;1;B
dibstudent12--2016-09-26--07-28.log;dibstudent12;7;-568671464;849;true;-0.56182589026231;0.0;Infinity;1;B
dibstudent12--2016-09-26--07-28.log;dibstudent12;7;-553121257;905;true;0.22523445326484903;0.0;Infinity;1;B
dibstudent12--2016-09-26--07-28.log;dibstudent12;8;-1491437896;843;true;0.8916951509126553;0.0;Infinity;1;B
dibstudent12--2016-09-26--07-28.log;dibstudent12;8;1067256600;902;true;-0.46517587357882173;0.0;Infinity;1;B
dibstudent12--2016-09-26--07-28.log;dibstudent12;8;-50544735;902;true;-0.00968064656375246;0.0;Infinity;1;B
dibstudent12--2016-09-26--07-28.log;dibstudent12;8;52639667;939;true;-0.38739192895655455;0.0;Infinity;1;B
dibstudent12--2016-09-26--07-28.log;dibstudent12;8;1000763088;888;true;0.9056857252211407;0.0;Infinity;1;B
dibstudent12--2016-09-26--07-28.log;dibstudent12;8;-117038247;889;true;-0.7087320498647673;0.0;Infinity;1;B
dibstudent12--2016-09-26--07-28.log;dibstudent12;8;-1711064936;961;true;2.1029143131817625;0.0;Infinity;1;B
dibstudent12--2016-09-26--07-28.log;dibstudent12;8;-13853845;983;true;-1.2099880300411803;0.0;Infinity;1;B
dibstudent12--2016-09-26--07-28.log;dibstudent12;8;-1557931408;859;true;-0.5209886362518933;0.0;Infinity;1;B
dibstudent12--2016-09-26--07-28.log;dibstudent12;8;-1777558448;867;true;-0.5983380240585888;0.0;Infinity;1;B
dibstudent12--2016-09-26--07-28.log;dibstudent12;9;-1381493818;833;true;-0.3873919289565546;0.0;Infinity;1;B
dibstudent12--2016-09-26--07-28.log;dibstudent12;9;1149768875;887;true;2.102914313181763;0.0;Infinity;1;B
dibstudent12--2016-09-26--07-28.log;dibstudent12;9;1083275363;890;true;-0.5983380240585889;0.0;Infinity;1;B
dibstudent12--2016-09-26--07-28.log;dibstudent12;9;-1447987330;924;true;-1.2099880300411805;0.0;Infinity;1;B
dibstudent12--2016-09-26--07-28.log;dibstudent12;9;1369395915;868;true;0.8916951509126554;0.0;Infinity;1;B
dibstudent12--2016-09-26--07-28.log;dibstudent12;9;-433370397;875;true;0.9056857252211408;0.0;Infinity;1;B
dibstudent12--2016-09-26--07-28.log;dibstudent12;9;-366876885;944;true;-0.4651758735788218;0.0;Infinity;1;B
dibstudent12--2016-09-26--07-28.log;dibstudent12;9;-1484678220;918;true;-0.009680646563752462;0.0;Infinity;1;B
dibstudent12--2016-09-26--07-28.log;dibstudent12;9;1302902403;906;true;-0.5209886362518934;0.0;Infinity;1;B
dibstudent12--2016-09-26--07-28.log;dibstudent12;9;-1551171732;887;true;-0.7087320498647675;0.0;Infinity;1;B
dibstudent12--2016-09-26--07-28.log;dibstudent12;10;1083275363;772;true;-0.5983380240585889;0.0;Infinity;1;B
dibstudent12--2016-09-26--07-28.log;dibstudent12;10;-1447987330;837;true;-1.2099880300411805;0.0;Infinity;1;B
dibstudent12--2016-09-26--07-28.log;dibstudent12;10;-1381493818;869;true;-0.3873919289565546;0.0;Infinity;1;B
dibstudent12--2016-09-26--07-28.log;dibstudent12;10;1149768875;869;true;2.102914313181763;0.0;Infinity;1;B
dibstudent12--2016-09-26--07-28.log;dibstudent12;10;-366876885;835;true;-0.4651758735788218;0.0;Infinity;1;B
dibstudent12--2016-09-26--07-28.log;dibstudent12;10;1369395915;945;true;0.8916951509126554;0.0;Infinity;1;B
dibstudent12--2016-09-26--07-28.log;dibstudent12;10;-433370397;928;true;0.9056857252211408;0.0;Infinity;1;B
dibstudent12--2016-09-26--07-28.log;dibstudent12;10;-1484678220;928;true;-0.009680646563752462;0.0;Infinity;1;B
dibstudent12--2016-09-26--07-28.log;dibstudent12;10;1302902403;808;true;-0.5209886362518934;0.0;Infinity;1;B
dibstudent12--2016-09-26--07-28.log;dibstudent12;10;-1551171732;807;true;-0.7087320498647675;0.0;Infinity;1;B
dibstudent12--2016-09-26--07-28.log;dibstudent12;11;-1447987330;824;true;-1.2099880300411805;0.0;Infinity;1;B
dibstudent12--2016-09-26--07-28.log;dibstudent12;11;-1381493818;882;true;-0.3873919289565546;0.0;Infinity;1;B
dibstudent12--2016-09-26--07-28.log;dibstudent12;11;1149768875;914;true;2.102914313181763;0.0;Infinity;1;B
dibstudent12--2016-09-26--07-28.log;dibstudent12;11;1083275363;916;true;-0.5983380240585889;0.0;Infinity;1;B
dibstudent12--2016-09-26--07-28.log;dibstudent12;11;1369395915;872;true;0.8916951509126554;0.0;Infinity;1;B
dibstudent12--2016-09-26--07-28.log;dibstudent12;11;-366876885;864;true;-0.4651758735788218;0.0;Infinity;1;B
dibstudent12--2016-09-26--07-28.log;dibstudent12;11;-1484678220;925;true;-0.009680646563752462;0.0;Infinity;1;B
dibstudent12--2016-09-26--07-28.log;dibstudent12;11;-433370397;949;true;0.9056857252211408;0.0;Infinity;1;B
dibstudent12--2016-09-26--07-28.log;dibstudent12;11;1302902403;793;true;-0.5209886362518934;0.0;Infinity;1;B
dibstudent12--2016-09-26--07-28.log;dibstudent12;11;-1551171732;783;true;-0.7087320498647675;0.0;Infinity;1;B
dibstudent12--2016-09-26--07-28.log;dibstudent12;12;1083275363;800;true;-0.5983380240585889;0.0;Infinity;1;B
dibstudent12--2016-09-26--07-28.log;dibstudent12;12;1149768875;847;true;2.102914313181763;0.0;Infinity;1;B
dibstudent12--2016-09-26--07-28.log;dibstudent12;12;-1381493818;894;true;-0.3873919289565546;0.0;Infinity;1;B
dibstudent12--2016-09-26--07-28.log;dibstudent12;12;-1447987330;900;true;-1.2099880300411805;0.0;Infinity;1;B
dibstudent12--2016-09-26--07-28.log;dibstudent12;12;1369395915;838;true;0.8916951509126554;0.0;Infinity;1;B
dibstudent12--2016-09-26--07-28.log;dibstudent12;12;-366876885;842;true;-0.4651758735788218;0.0;Infinity;1;B
dibstudent12--2016-09-26--07-28.log;dibstudent12;12;-1484678220;845;true;-0.009680646563752462;0.0;Infinity;1;B
dibstudent12--2016-09-26--07-28.log;dibstudent12;12;-433370397;882;true;0.9056857252211408;0.0;Infinity;1;B
dibstudent12--2016-09-26--07-28.log;dibstudent12;12;1302902403;832;true;-0.5209886362518934;0.0;Infinity;1;B
dibstudent12--2016-09-26--07-28.log;dibstudent12;12;-1551171732;832;true;-0.7087320498647675;0.0;Infinity;1;B
dibstudent12--2016-09-26--07-28.log;dibstudent12;13;-128927973;1723;true;0.4076243845914653;0.0;Infinity;1;B
dibstudent12--2016-09-26--07-28.log;dibstudent12;13;-195421485;1723;true;-0.3745519249591101;0.0;Infinity;1;B
dibstudent12--2016-09-26--07-28.log;dibstudent12;13;988873362;1795;true;-0.21979483870577926;0.0;Infinity;1;B
dibstudent12--2016-09-26--07-28.log;dibstudent12;13;-1855941686;1795;true;-0.25103083438728274;0.0;Infinity;1;B
dibstudent12--2016-09-26--07-28.log;dibstudent12;13;1891362040;844;true;-0.8801523711548151;0.0;Infinity;1;B
dibstudent12--2016-09-26--07-28.log;dibstudent12;13;-1569821134;900;true;0.21581839010596118;0.0;Infinity;1;B
dibstudent12--2016-09-26--07-28.log;dibstudent12;13;-1636314646;828;true;-0.4992901211610957;0.0;Infinity;1;B
dibstudent12--2016-09-26--07-28.log;dibstudent12;13;-92237083;867;true;-0.9354127584588116;0.0;Infinity;1;B
dibstudent12--2016-09-26--07-28.log;dibstudent12;13;280790965;870;true;-0.7113340482955682;0.0;Infinity;1;B
dibstudent12--2016-09-26--07-28.log;dibstudent12;13;2017402864;860;true;-0.5055302473248491;0.0;Infinity;1;B
dibstudent12--2016-09-26--07-28.log;dibstudent12;13;-25743571;895;true;-0.18098897202193373;0.0;Infinity;1;B
dibstudent12--2016-09-26--07-28.log;dibstudent12;13;922379850;929;true;1.4318378933384097;0.0;Infinity;1;B
dibstudent12--2016-09-26--07-28.log;dibstudent12;13;-1789448174;828;true;2.771430138196901;0.0;Infinity;1;B
dibstudent12--2016-09-26--07-28.log;dibstudent12;13;347284477;840;true;-0.3863852899578323;0.0;Infinity;1;B
dibstudent12--2016-09-26--07-28.log;dibstudent12;14;1891362040;812;true;-0.8800540951011463;0.0;Infinity;1;B
dibstudent12--2016-09-26--07-28.log;dibstudent12;14;347284477;865;true;1.087428462649256;0.0;Infinity;1;B
dibstudent12--2016-09-26--07-28.log;dibstudent12;14;280790965;904;true;-0.20737436754811026;0.0;Infinity;1;B
dibstudent12--2016-09-26--07-28.log;dibstudent12;15;1891362040;847;true;-0.10363579603017621;0.0;Infinity;1;B
dibstudent12--2016-09-26--07-28.log;dibstudent12;15;280790965;849;true;0.5340322819624318;0.0;Infinity;1;B
dibstudent12--2016-09-26--07-28.log;dibstudent12;15;-763572447;895;true;-0.10363579603017606;0.0;Infinity;1;B
dibstudent12--2016-09-26--07-28.log;dibstudent12;15;1987317286;928;true;1.7614431853871177;0.0;Infinity;1;B
dibstudent12--2016-09-26--07-28.log;dibstudent12;15;347284477;791;true;1.7614431853871177;0.0;Infinity;1;B
dibstudent12--2016-09-26--07-28.log;dibstudent12;15;1920823774;848;true;0.5340322819624319;0.0;Infinity;1;B
dibstudent12--2016-09-26--07-28.log;dibstudent12;16;347284477;781;true;1.087428462649256;0.0;Infinity;1;B
dibstudent12--2016-09-26--07-28.log;dibstudent12;16;280790965;829;true;-0.20737436754811026;0.0;Infinity;1;B
dibstudent12--2016-09-26--07-28.log;dibstudent12;16;1891362040;871;true;-0.8800540951011463;0.0;Infinity;1;B
dibstudent12--2016-09-26--07-28.log;dibstudent12;17;1891362040;815;true;-0.10363579603017621;0.0;Infinity;1;B
dibstudent12--2016-09-26--07-28.log;dibstudent12;17;-119592136;874;true;-0.10363579603017606;0.0;Infinity;1;B
dibstudent12--2016-09-26--07-28.log;dibstudent12;17;-1663669699;991;true;1.7614431853871177;0.0;Infinity;1;B
dibstudent12--2016-09-26--07-28.log;dibstudent12;17;280790965;990;true;0.5340322819624318;0.0;Infinity;1;B
dibstudent12--2016-09-26--07-28.log;dibstudent12;17;-1730163211;836;true;0.5340322819624319;0.0;Infinity;1;B
dibstudent12--2016-09-26--07-28.log;dibstudent12;17;347284477;832;true;1.7614431853871177;0.0;Infinity;1;B
dibstudent12--2016-09-26--07-28.log;dibstudent12;18;347284477;803;true;1.087428462649256;0.0;Infinity;1;B
dibstudent12--2016-09-26--07-28.log;dibstudent12;18;1891362040;862;true;-0.8800540951011463;0.0;Infinity;1;B
dibstudent12--2016-09-26--07-28.log;dibstudent12;18;280790965;887;true;-0.20737436754811026;0.0;Infinity;1;B
dibstudent12--2016-09-26--07-28.log;dibstudent12;19;280790965;807;true;-0.20737436754811026;0.0;Infinity;1;B
dibstudent12--2016-09-26--07-28.log;dibstudent12;19;347284477;921;true;1.087428462649256;0.0;Infinity;1;B
dibstudent12--2016-09-26--07-28.log;dibstudent12;19;1891362040;1007;true;-0.8800540951011463;0.0;Infinity;1;B
dibstudent12--2016-09-26--07-28.log;dibstudent12;20;347284477;803;true;1.087428462649256;0.0;Infinity;1;B
dibstudent12--2016-09-26--07-28.log;dibstudent12;20;280790965;862;true;-0.20737436754811026;0.0;Infinity;1;B
dibstudent12--2016-09-26--07-28.log;dibstudent12;20;1891362040;893;true;-0.8800540951011463;0.0;Infinity;1;B
