session ;user;query position;cell hashcode;cell computation time;novelty;outlierness;relevance;surprise;query label;session label
dibstudent12--2016-09-26--07-49.log;dibstudent12;1;-1736318733;1314;true;-0.4660430336264236;0.0;Infinity;0;C
dibstudent12--2016-09-26--07-49.log;dibstudent12;1;2075951150;1321;true;1.341484376659656;0.0;Infinity;0;C
dibstudent12--2016-09-26--07-49.log;dibstudent12;1;-167244913;1329;true;-0.8255070437098444;0.0;Infinity;0;C
dibstudent12--2016-09-26--07-49.log;dibstudent12;1;-1316949809;1329;true;-0.9458121606306144;0.0;Infinity;0;C
dibstudent12--2016-09-26--07-49.log;dibstudent12;1;460028461;927;true;0.6494128469495879;0.0;Infinity;0;C
dibstudent12--2016-09-26--07-49.log;dibstudent12;1;567329620;982;true;1.8925241941752202;0.0;Infinity;0;C
dibstudent12--2016-09-26--07-49.log;dibstudent12;1;-1738165775;999;true;-0.48040756285792613;0.0;Infinity;0;C
dibstudent12--2016-09-26--07-49.log;dibstudent12;1;1419350758;1188;true;0.24767027668727995;0.0;Infinity;0;C
dibstudent12--2016-09-26--07-49.log;dibstudent12;1;-1739089296;950;true;-0.9443001526765381;0.0;Infinity;0;C
dibstudent12--2016-09-26--07-49.log;dibstudent12;1;-1737242254;952;true;-0.46902174097039806;0.0;Infinity;0;C
dibstudent12--2016-09-26--07-49.log;dibstudent12;4;-167244913;2319;false;-0.8255070437098444;1.0;54.32927673512501;0;C
dibstudent12--2016-09-26--07-49.log;dibstudent12;4;2075951150;2363;false;1.341484376659656;1.0;54.32927673512501;0;C
dibstudent12--2016-09-26--07-49.log;dibstudent12;4;-1736318733;2391;false;-0.4660430336264236;1.0;54.32927673512501;0;C
dibstudent12--2016-09-26--07-49.log;dibstudent12;4;-1316949809;2437;false;-0.9458121606306144;1.0;54.32927673512501;0;C
dibstudent12--2016-09-26--07-49.log;dibstudent12;4;-1738165775;1501;false;-0.48040756285792613;1.0;54.32927673512501;0;C
dibstudent12--2016-09-26--07-49.log;dibstudent12;4;460028461;1927;false;0.6494128469495879;1.0;54.32927673512501;0;C
dibstudent12--2016-09-26--07-49.log;dibstudent12;4;567329620;2038;false;1.8925241941752202;1.0;54.32927673512501;0;C
dibstudent12--2016-09-26--07-49.log;dibstudent12;4;1419350758;2108;false;0.24767027668727995;1.0;54.32927673512501;0;C
dibstudent12--2016-09-26--07-49.log;dibstudent12;4;-1739089296;1701;false;-0.9443001526765381;1.0;54.32927673512501;0;C
dibstudent12--2016-09-26--07-49.log;dibstudent12;4;-1737242254;1469;false;-0.46902174097039806;1.0;54.32927673512501;0;C
dibstudent12--2016-09-26--07-49.log;dibstudent12;6;-1736318733;1342;false;-0.4660430336264236;1.0;54.32927673512501;0;C
dibstudent12--2016-09-26--07-49.log;dibstudent12;6;-1316949809;1354;false;-0.9458121606306144;1.0;54.32927673512501;0;C
dibstudent12--2016-09-26--07-49.log;dibstudent12;6;-167244913;1359;false;-0.8255070437098444;1.0;54.32927673512501;0;C
dibstudent12--2016-09-26--07-49.log;dibstudent12;6;2075951150;1387;false;1.341484376659656;1.0;54.32927673512501;0;C
dibstudent12--2016-09-26--07-49.log;dibstudent12;6;460028461;1604;false;0.6494128469495879;1.0;54.32927673512501;0;C
dibstudent12--2016-09-26--07-49.log;dibstudent12;6;-1738165775;1652;false;-0.48040756285792613;1.0;54.32927673512501;0;C
dibstudent12--2016-09-26--07-49.log;dibstudent12;6;1419350758;1643;false;0.24767027668727995;1.0;54.32927673512501;0;C
dibstudent12--2016-09-26--07-49.log;dibstudent12;6;567329620;1661;false;1.8925241941752202;1.0;54.32927673512501;0;C
dibstudent12--2016-09-26--07-49.log;dibstudent12;6;-1739089296;1036;false;-0.9443001526765381;1.0;54.32927673512501;0;C
dibstudent12--2016-09-26--07-49.log;dibstudent12;6;-1737242254;1038;false;-0.46902174097039806;1.0;54.32927673512501;0;C
dibstudent12--2016-09-26--07-49.log;dibstudent12;7;-1316949809;1103;false;-0.7071067811865477;1.0;54.32927673512501;0;C
dibstudent12--2016-09-26--07-49.log;dibstudent12;7;460028461;1160;false;0.7071067811865475;1.0;54.32927673512501;0;C
dibstudent12--2016-09-26--07-49.log;dibstudent12;8;1838500150;1443;true;-0.858368619512962;1.0;Infinity;0;C
dibstudent12--2016-09-26--07-49.log;dibstudent12;8;-612995364;1477;true;0.9340826501591145;1.0;Infinity;0;C
dibstudent12--2016-09-26--07-49.log;dibstudent12;8;-679488876;1579;true;0.7951575729311732;1.0;Infinity;0;C
dibstudent12--2016-09-26--07-49.log;dibstudent12;8;1904993662;1582;true;-0.870871603577326;1.0;Infinity;0;C
dibstudent12--2016-09-26--07-49.log;dibstudent12;9;740491801;1121;true;3.255453443904884;1.0;Infinity;0;C
dibstudent12--2016-09-26--07-49.log;dibstudent12;9;1172127290;1166;true;0.5558028276638701;1.0;Infinity;0;C
dibstudent12--2016-09-26--07-49.log;dibstudent12;9;-160888034;1195;true;1.451042501047052;1.0;Infinity;0;C
dibstudent12--2016-09-26--07-49.log;dibstudent12;9;1670022079;1290;true;-0.27047672772135445;1.0;Infinity;0;C
dibstudent12--2016-09-26--07-49.log;dibstudent12;9;1456007351;2506;true;-0.2842806335523801;1.0;Infinity;0;C
dibstudent12--2016-09-26--07-49.log;dibstudent12;9;-1036486469;2533;true;-0.6179056209096291;1.0;Infinity;0;C
dibstudent12--2016-09-26--07-49.log;dibstudent12;9;673998289;1352;true;2.7736415627839976;1.0;Infinity;0;C
dibstudent12--2016-09-26--07-49.log;dibstudent12;9;-320970919;1698;true;-0.6817497584777897;1.0;Infinity;0;C
dibstudent12--2016-09-26--07-49.log;dibstudent12;9;-254477407;1673;true;-0.6804225871690941;1.0;Infinity;0;C
dibstudent12--2016-09-26--07-49.log;dibstudent12;9;-780732767;1757;true;0.24307602764789288;1.0;Infinity;0;C
dibstudent12--2016-09-26--07-49.log;dibstudent12;9;561246571;1119;true;-0.567763731957698;1.0;Infinity;0;C
dibstudent12--2016-09-26--07-49.log;dibstudent12;9;1522500863;1550;true;-0.2532637988494182;1.0;Infinity;0;C
dibstudent12--2016-09-26--07-49.log;dibstudent12;9;1738554890;1620;true;0.9062659579378934;1.0;Infinity;0;C
dibstudent12--2016-09-26--07-49.log;dibstudent12;9;1805048402;1836;true;0.8652939801205577;1.0;Infinity;0;C
dibstudent12--2016-09-26--07-49.log;dibstudent12;9;-1102979981;1498;true;-0.5510264532390045;1.0;Infinity;0;C
dibstudent12--2016-09-26--07-49.log;dibstudent12;9;1238620802;1298;true;0.704243480125834;1.0;Infinity;0;C
dibstudent12--2016-09-26--07-49.log;dibstudent12;9;1829743089;1760;true;-0.34791825517582986;1.0;Infinity;0;C
dibstudent12--2016-09-26--07-49.log;dibstudent12;9;-1937866304;1697;true;-0.6262345588788351;1.0;Infinity;0;C
dibstudent12--2016-09-26--07-49.log;dibstudent12;9;1803749771;1603;true;-0.6731615325760902;1.0;Infinity;0;C
dibstudent12--2016-09-26--07-49.log;dibstudent12;9;-2004359816;2301;true;-0.631023602228245;1.0;Infinity;0;C
dibstudent12--2016-09-26--07-49.log;dibstudent12;9;28070132;2501;true;-0.6824240937072047;1.0;Infinity;0;C
dibstudent12--2016-09-26--07-49.log;dibstudent12;9;-106956191;2372;true;-0.5741640077031114;1.0;Infinity;0;C
dibstudent12--2016-09-26--07-49.log;dibstudent12;9;-604850980;2348;true;-0.5797494518412138;1.0;Infinity;0;C
dibstudent12--2016-09-26--07-49.log;dibstudent12;9;-714239255;1728;true;0.33600533034688723;1.0;Infinity;0;C
dibstudent12--2016-09-26--07-49.log;dibstudent12;9;627740083;1993;true;-0.6142492326996938;1.0;Infinity;0;C
dibstudent12--2016-09-26--07-49.log;dibstudent12;9;-1215731699;2191;true;-0.6793921129689066;1.0;Infinity;0;C
dibstudent12--2016-09-26--07-49.log;dibstudent12;9;-38423380;2243;true;-0.6146133264572272;1.0;Infinity;0;C
dibstudent12--2016-09-26--07-49.log;dibstudent12;9;-538357468;1717;true;-0.6296705191955689;1.0;Infinity;0;C
dibstudent12--2016-09-26--07-49.log;dibstudent12;9;-227381546;1993;true;1.339065324209642;1.0;Infinity;0;C
dibstudent12--2016-09-26--07-49.log;dibstudent12;9;1896236601;2084;true;-0.29419305016381075;1.0;Infinity;0;C
dibstudent12--2016-09-26--07-49.log;dibstudent12;9;-1149238187;2117;true;-0.6612186948378838;1.0;Infinity;0;C
dibstudent12--2016-09-26--07-49.log;dibstudent12;9;-173449703;2124;true;-0.628130145158694;1.0;Infinity;0;C
dibstudent12--2016-09-26--07-49.log;dibstudent12;9;1603528567;1193;true;-0.2868585403198191;1.0;Infinity;0;C
dibstudent12--2016-09-26--07-49.log;dibstudent12;10;-1507999497;1500;true;-0.5619865999121322;0.8333333333333331;Infinity;0;C
dibstudent12--2016-09-26--07-49.log;dibstudent12;10;1790944009;1508;true;2.097236991598176;0.8333333333333331;Infinity;0;C
dibstudent12--2016-09-26--07-49.log;dibstudent12;10;1678192291;1512;true;-0.9135860935429844;0.8333333333333331;Infinity;0;C
dibstudent12--2016-09-26--07-49.log;dibstudent12;10;-1574493009;1519;true;-0.5858029679724487;0.8333333333333331;Infinity;0;C
dibstudent12--2016-09-26--07-49.log;dibstudent12;10;-1372973174;1398;true;0.2910728454724947;0.8333333333333331;Infinity;0;C
dibstudent12--2016-09-26--07-49.log;dibstudent12;10;889564174;1406;true;0.8645313005177694;0.8333333333333331;Infinity;0;C
dibstudent12--2016-09-26--07-49.log;dibstudent12;10;-1348278487;1514;true;-0.8453778205261985;0.8333333333333331;Infinity;0;C
dibstudent12--2016-09-26--07-49.log;dibstudent12;10;-1281784975;1561;true;-0.8393317533596177;0.8333333333333331;Infinity;0;C
dibstudent12--2016-09-26--07-49.log;dibstudent12;10;1857437521;1512;true;2.381925343207346;0.8333333333333331;Infinity;0;C
dibstudent12--2016-09-26--07-49.log;dibstudent12;10;-1939400774;1639;true;0.08729262640932649;0.8333333333333331;Infinity;0;C
dibstudent12--2016-09-26--07-49.log;dibstudent12;10;-1722014225;1646;true;-0.8506404238626945;0.8333333333333331;Infinity;0;C
dibstudent12--2016-09-26--07-49.log;dibstudent12;10;-2005894286;1485;true;0.04413689633893504;0.8333333333333331;Infinity;0;C
dibstudent12--2016-09-26--07-49.log;dibstudent12;10;402706465;1940;true;-0.2947586391566563;0.8333333333333331;Infinity;0;C
dibstudent12--2016-09-26--07-49.log;dibstudent12;10;956057686;1960;true;0.8372702842595285;0.8333333333333331;Infinity;0;C
dibstudent12--2016-09-26--07-49.log;dibstudent12;10;336212953;1974;true;-0.1771783360723407;0.8333333333333331;Infinity;0;C
dibstudent12--2016-09-26--07-49.log;dibstudent12;10;1744685803;1988;true;-0.900367345083605;0.8333333333333331;Infinity;0;C
dibstudent12--2016-09-26--07-49.log;dibstudent12;10;-1439466686;1176;true;0.29955777875146017;0.8333333333333331;Infinity;0;C
dibstudent12--2016-09-26--07-49.log;dibstudent12;10;-1655520713;1291;true;-0.8241994583626883;0.8333333333333331;Infinity;0;C
dibstudent12--2016-09-26--07-49.log;dibstudent12;11;1857437521;1132;false;0.9875489585601546;1.0;57.41008026079529;0;C
dibstudent12--2016-09-26--07-49.log;dibstudent12;11;1790944009;1727;false;0.7352838521030239;1.0;57.44644790496617;0;C
dibstudent12--2016-09-26--07-49.log;dibstudent12;11;-1372973174;1734;false;-0.8651756961223804;1.0;57.41008026079529;0;C
dibstudent12--2016-09-26--07-49.log;dibstudent12;11;-1439466686;1734;false;-0.8576571145407976;1.0;57.44644790496617;0;C
dibstudent12--2016-09-26--07-49.log;dibstudent12;12;1790944009;1917;false;0.7352838521030239;1.0;57.02149033665689;1;C
dibstudent12--2016-09-26--07-49.log;dibstudent12;12;1857437521;1928;false;0.9875489585601546;1.0;56.987588784981206;1;C
dibstudent12--2016-09-26--07-49.log;dibstudent12;12;-1439466686;1932;false;-0.8576571145407976;1.0;57.02149033665689;1;C
dibstudent12--2016-09-26--07-49.log;dibstudent12;12;-1372973174;1960;false;-0.8651756961223804;1.0;56.987588784981206;1;C
dibstudent12--2016-09-26--07-49.log;dibstudent12;13;1790944009;1577;false;0.7352838521030239;1.0;56.693653481431916;1;C
dibstudent12--2016-09-26--07-49.log;dibstudent12;13;-1372973174;1582;false;-0.8651756961223804;1.0;56.661904783117336;1;C
dibstudent12--2016-09-26--07-49.log;dibstudent12;13;1857437521;1628;false;0.9875489585601546;1.0;56.661904783117336;1;C
dibstudent12--2016-09-26--07-49.log;dibstudent12;13;-1439466686;1636;false;-0.8576571145407976;1.0;56.693653481431916;1;C
dibstudent12--2016-09-26--07-49.log;dibstudent12;14;1790944009;1422;false;0.7352838521030239;1.0;56.4294395996181;1;C
dibstudent12--2016-09-26--07-49.log;dibstudent12;14;-1439466686;1436;false;-0.8576571145407976;1.0;56.4294395996181;1;C
dibstudent12--2016-09-26--07-49.log;dibstudent12;14;-1372973174;1443;false;-0.8651756961223804;1.0;56.39958663646842;1;C
dibstudent12--2016-09-26--07-49.log;dibstudent12;14;1857437521;1463;false;0.9875489585601546;1.0;56.39958663646842;1;C
dibstudent12--2016-09-26--07-49.log;dibstudent12;15;-1439466686;1298;false;-0.8576571145407976;1.0;56.21011269109904;1;C
dibstudent12--2016-09-26--07-49.log;dibstudent12;15;1857437521;1396;false;0.9875489585601546;1.0;56.181941814132344;1;C
dibstudent12--2016-09-26--07-49.log;dibstudent12;15;1790944009;1405;false;0.7352838521030239;1.0;56.21011269109904;1;C
dibstudent12--2016-09-26--07-49.log;dibstudent12;15;-1372973174;1444;false;-0.8651756961223804;1.0;56.181941814132344;1;C
dibstudent12--2016-09-26--07-49.log;dibstudent12;16;-1439466686;1884;false;-0.8576571145407976;1.0;56.02408535090629;1;C
dibstudent12--2016-09-26--07-49.log;dibstudent12;16;-1372973174;1913;false;-0.8651756961223804;1.0;55.997417103824134;1;C
dibstudent12--2016-09-26--07-49.log;dibstudent12;16;1857437521;1915;false;0.9875489585601546;1.0;55.997417103824134;1;C
dibstudent12--2016-09-26--07-49.log;dibstudent12;16;1790944009;1933;false;0.7352838521030239;1.0;56.02408535090629;1;C
dibstudent12--2016-09-26--07-49.log;dibstudent12;17;-734873797;1579;true;NaN;1.0;55.86367922375879;1;C
dibstudent12--2016-09-26--07-49.log;dibstudent12;17;396176316;1681;true;NaN;1.0;55.8383614157745;1;C
dibstudent12--2016-09-26--07-49.log;dibstudent12;17;329682804;1702;true;NaN;1.0;55.86367922375879;1;C
dibstudent12--2016-09-26--07-49.log;dibstudent12;17;-668380285;1725;true;NaN;1.0;55.8383614157745;1;C
dibstudent12--2016-09-26--07-49.log;dibstudent12;18;1790944009;1482;false;0.7352838521030239;1.0;55.72354229047332;1;C
dibstudent12--2016-09-26--07-49.log;dibstudent12;18;1857437521;1551;false;0.9875489585601546;1.0;55.699444738894265;1;C
dibstudent12--2016-09-26--07-49.log;dibstudent12;18;-1439466686;1554;false;-0.8576571145407976;1.0;55.72354229047332;1;C
dibstudent12--2016-09-26--07-49.log;dibstudent12;18;-1372973174;1626;false;-0.8651756961223804;1.0;55.699444738894265;1;C
dibstudent12--2016-09-26--07-49.log;dibstudent12;19;-1127332868;1293;true;-0.8131172975224918;1.0;55.57680702876083;1;C
dibstudent12--2016-09-26--07-49.log;dibstudent12;19;-1193826380;1361;true;-0.334172004559226;1.0;55.59979654698553;1;C
dibstudent12--2016-09-26--07-49.log;dibstudent12;19;-62776267;1369;true;-0.31208469828178126;1.0;55.57680702876083;1;C
dibstudent12--2016-09-26--07-49.log;dibstudent12;19;-129269779;1420;true;1.4593740003634974;1.0;55.59979654698553;1;C
dibstudent12--2016-09-26--07-49.log;dibstudent12;20;1210672865;1203;true;-0.334172004559226;1.0;Infinity;1;C
dibstudent12--2016-09-26--07-49.log;dibstudent12;20;-2019737830;1279;true;1.4593740003634974;1.0;Infinity;1;C
dibstudent12--2016-09-26--07-49.log;dibstudent12;20;-1953244318;1662;true;-0.31208469828178126;1.0;Infinity;1;C
dibstudent12--2016-09-26--07-49.log;dibstudent12;20;1277166377;1683;true;-0.8131172975224918;1.0;Infinity;1;C
dibstudent12--2016-09-26--07-49.log;dibstudent12;21;-2019737830;1255;false;1.4593740003634974;1.0;58.84845847656748;1;C
dibstudent12--2016-09-26--07-49.log;dibstudent12;21;-1953244318;1355;false;-0.31208469828178126;1.0;58.82740506736965;1;C
dibstudent12--2016-09-26--07-49.log;dibstudent12;21;1277166377;1389;false;-0.8131172975224918;1.0;58.82740506736965;1;C
dibstudent12--2016-09-26--07-49.log;dibstudent12;21;1210672865;1397;false;-0.334172004559226;1.0;58.84845847656748;1;C
dibstudent12--2016-09-26--07-49.log;dibstudent12;22;1775295378;1973;true;-0.06173001605979303;1.0;59.61712253355444;1;C
dibstudent12--2016-09-26--07-49.log;dibstudent12;22;-1928549631;2103;true;-0.021261265913723553;1.0;60.04279034898013;1;C
dibstudent12--2016-09-26--07-49.log;dibstudent12;22;309293030;2110;true;-0.4697688043521769;1.0;59.63732524087196;1;C
dibstudent12--2016-09-26--07-49.log;dibstudent12;22;-2019737830;2134;false;-0.3929841319404542;1.0;58.09688019992481;1;C
dibstudent12--2016-09-26--07-49.log;dibstudent12;22;375786542;1101;true;-0.5705643212479182;1.0;59.61712253355444;1;C
dibstudent12--2016-09-26--07-49.log;dibstudent12;22;-177564679;1421;true;-0.031332184114750715;1.0;59.799444090348395;1;C
dibstudent12--2016-09-26--07-49.log;dibstudent12;22;-2088270641;1436;true;-0.2112141193744297;1.0;59.61712253355444;1;C
dibstudent12--2016-09-26--07-49.log;dibstudent12;22;1708801866;1598;true;-0.050284365636201485;1.0;59.63732524087196;1;C
dibstudent12--2016-09-26--07-49.log;dibstudent12;22;1097921147;2141;true;0.09693791084386504;1.0;59.63732524087196;1;C
dibstudent12--2016-09-26--07-49.log;dibstudent12;22;2140203143;2163;true;-0.6662965466892321;1.0;59.63732524087196;1;C
dibstudent12--2016-09-26--07-49.log;dibstudent12;22;-1862056119;2394;true;0.07548580190801517;1.0;60.022587641662604;1;C
dibstudent12--2016-09-26--07-49.log;dibstudent12;22;1164414659;2403;true;-0.46524966718101785;1.0;59.61712253355444;1;C
dibstudent12--2016-09-26--07-49.log;dibstudent12;22;1210672865;1525;false;-0.7204948897560509;1.0;58.09688019992481;1;C
dibstudent12--2016-09-26--07-49.log;dibstudent12;22;-1953244318;2103;false;-0.7164616336270324;1.0;58.076677492607296;1;C
dibstudent12--2016-09-26--07-49.log;dibstudent12;22;1277166377;2085;false;-0.807952772308314;1.0;58.076677492607296;1;C
dibstudent12--2016-09-26--07-49.log;dibstudent12;22;2059175439;2169;true;2.5220497498010666;1.0;59.61712253355444;1;C
dibstudent12--2016-09-26--07-49.log;dibstudent12;22;1992681927;2262;true;2.7285852589614983;1.0;59.63732524087196;1;C
dibstudent12--2016-09-26--07-49.log;dibstudent12;22;-244058191;1480;true;-0.2846897137083673;1.0;59.81964679766592;1;C
dibstudent12--2016-09-26--07-49.log;dibstudent12;23;1745346649;1371;true;-0.24680119778299744;1.0;Infinity;1;C
dibstudent12--2016-09-26--07-49.log;dibstudent12;23;1398885420;1430;true;0.5587535300009409;1.0;Infinity;1;C
dibstudent12--2016-09-26--07-49.log;dibstudent12;23;1530807993;1764;true;-0.11049999299017722;1.0;Infinity;1;C
dibstudent12--2016-09-26--07-49.log;dibstudent12;23;133696549;1843;true;-0.674894990285696;1.0;Infinity;1;C
dibstudent12--2016-09-26--07-49.log;dibstudent12;23;88690507;1447;true;0.7153419164995405;1.0;Infinity;1;C
dibstudent12--2016-09-26--07-49.log;dibstudent12;23;202229360;1843;true;-0.7611250140854444;1.0;Infinity;1;C
dibstudent12--2016-09-26--07-49.log;dibstudent12;23;1682765481;1546;true;0.16573686017687478;1.0;Infinity;1;C
dibstudent12--2016-09-26--07-49.log;dibstudent12;23;-1771298346;1481;true;-0.6756670512257061;1.0;Infinity;1;C
dibstudent12--2016-09-26--07-49.log;dibstudent12;23;-1690477644;1287;true;-0.9340121024735306;1.0;Infinity;1;C
dibstudent12--2016-09-26--07-49.log;dibstudent12;23;1246927932;1736;true;1.3381767696830782;1.0;Infinity;1;C
dibstudent12--2016-09-26--07-49.log;dibstudent12;23;758983034;1787;true;-1.0148786424058616;1.0;Infinity;1;C
dibstudent12--2016-09-26--07-49.log;dibstudent12;23;1879849044;1790;true;0.0;1.0;Infinity;1;C
dibstudent12--2016-09-26--07-49.log;dibstudent12;23;1859795953;1573;true;-0.4925204677312484;1.0;Infinity;1;C
dibstudent12--2016-09-26--07-49.log;dibstudent12;23;-1476462916;1740;true;-0.840392206967227;1.0;Infinity;1;C
dibstudent12--2016-09-26--07-49.log;dibstudent12;23;-1341436593;1875;true;-0.9039927242114705;1.0;Infinity;1;C
dibstudent12--2016-09-26--07-49.log;dibstudent12;23;-1533791508;1905;true;-0.7845579300812914;1.0;Infinity;1;C
dibstudent12--2016-09-26--07-49.log;dibstudent12;23;1793302441;1853;true;0.7985208922650141;1.0;Infinity;1;C
dibstudent12--2016-09-26--07-49.log;dibstudent12;23;1616271969;1557;true;2.1465208198675274;1.0;Infinity;1;C
dibstudent12--2016-09-26--07-49.log;dibstudent12;23;1211860765;1741;true;-0.9119137313097156;1.0;Infinity;1;C
dibstudent12--2016-09-26--07-49.log;dibstudent12;23;-51505683;1743;true;-0.5845760109925285;1.0;Infinity;1;C
dibstudent12--2016-09-26--07-49.log;dibstudent12;23;1888974102;1273;true;-0.9013561402057472;1.0;Infinity;1;C
dibstudent12--2016-09-26--07-49.log;dibstudent12;23;1811840161;1725;true;-0.32444537652500727;1.0;Infinity;1;C
dibstudent12--2016-09-26--07-49.log;dibstudent12;23;2092267673;1811;true;1.507553775532719;1.0;Infinity;1;C
dibstudent12--2016-09-26--07-49.log;dibstudent12;23;-90554723;1904;true;6.178284067840335;1.0;Infinity;1;C
dibstudent12--2016-09-26--07-49.log;dibstudent12;23;951727273;1860;true;0.05877999818325862;1.0;Infinity;1;C
dibstudent12--2016-09-26--07-49.log;dibstudent12;23;1977908999;1366;true;-0.7232372109723735;1.0;Infinity;1;C
dibstudent12--2016-09-26--07-49.log;dibstudent12;23;-1150111811;1414;true;-0.8210129269754723;1.0;Infinity;1;C
dibstudent12--2016-09-26--07-49.log;dibstudent12;23;1244435307;1370;true;0.782812782517226;1.0;Infinity;1;C
dibstudent12--2016-09-26--07-49.log;dibstudent12;23;-130118573;1381;true;0.8816485453259454;1.0;Infinity;1;C
dibstudent12--2016-09-26--07-49.log;dibstudent12;23;1177941795;1579;true;1.9528959357157472;1.0;Infinity;1;C
dibstudent12--2016-09-26--07-49.log;dibstudent12;23;-1694499018;1655;true;-0.6780669707459117;1.0;Infinity;1;C
dibstudent12--2016-09-26--07-49.log;dibstudent12;23;-751782446;1636;true;-0.2880031907899785;1.0;Infinity;1;C
dibstudent12--2016-09-26--07-49.log;dibstudent12;23;-1636272023;1726;true;0.7951380482394249;1.0;Infinity;1;C
dibstudent12--2016-09-26--07-49.log;dibstudent12;23;-482906960;1101;true;-0.48451385921868795;1.0;Infinity;1;C
dibstudent12--2016-09-26--07-49.log;dibstudent12;23;108215327;1048;true;-0.19534653028693943;1.0;Infinity;1;C
dibstudent12--2016-09-26--07-49.log;dibstudent12;23;359911071;1342;true;-0.7101059572810222;1.0;Infinity;1;C
dibstudent12--2016-09-26--07-49.log;dibstudent12;23;-86087392;1625;true;0.23955988626588384;1.0;Infinity;1;C
dibstudent12--2016-09-26--07-49.log;dibstudent12;23;-1907864193;1484;true;-0.8884129692106343;1.0;Infinity;1;C
dibstudent12--2016-09-26--07-49.log;dibstudent12;23;1153247108;1478;true;0.19859288405450812;1.0;Infinity;1;C
dibstudent12--2016-09-26--07-49.log;dibstudent12;23;-152580904;1264;true;-0.020046911795041922;1.0;Infinity;1;C
dibstudent12--2016-09-26--07-49.log;dibstudent12;23;394075269;1116;true;-0.851670004017039;1.0;Infinity;1;C
dibstudent12--2016-09-26--07-49.log;dibstudent12;23;-1697213564;1425;true;-0.7243022116259936;1.0;Infinity;1;C
dibstudent12--2016-09-26--07-49.log;dibstudent12;23;-1250248394;1748;true;-0.8122401347743566;1.0;Infinity;1;C
dibstudent12--2016-09-26--07-49.log;dibstudent12;23;-1881103525;1868;true;-0.39007854328554464;1.0;Infinity;1;C
dibstudent12--2016-09-26--07-49.log;dibstudent12;23;1086753596;1684;true;2.1566087319592504;1.0;Infinity;1;C
dibstudent12--2016-09-26--07-49.log;dibstudent12;23;1971037243;1380;true;0.3586729777359715;1.0;Infinity;1;C
dibstudent12--2016-09-26--07-49.log;dibstudent12;23;2044402511;1058;true;-0.5045628051052824;1.0;Infinity;1;C
dibstudent12--2016-09-26--07-49.log;dibstudent12;23;1594138672;1116;true;0.8604031021753462;1.0;Infinity;1;C
dibstudent12--2016-09-26--07-49.log;dibstudent12;23;870699569;1096;true;1.5254167300479815;1.0;Infinity;1;C
dibstudent12--2016-09-26--07-49.log;dibstudent12;23;-908585447;1476;true;-0.20357317041567596;1.0;Infinity;1;C
dibstudent12--2016-09-26--07-49.log;dibstudent12;23;-1972291724;1295;true;-0.07868694475938805;1.0;Infinity;1;C
dibstudent12--2016-09-26--07-49.log;dibstudent12;23;1258488940;1497;true;-0.5066947197590698;1.0;Infinity;1;C
dibstudent12--2016-09-26--07-49.log;dibstudent12;23;-492496012;1589;true;-0.4674679543288748;1.0;Infinity;1;C
dibstudent12--2016-09-26--07-49.log;dibstudent12;23;692758837;1263;true;0.8168965392348284;1.0;Infinity;1;C
dibstudent12--2016-09-26--07-49.log;dibstudent12;23;356739136;1092;true;-0.14165055042876637;1.0;Infinity;1;C
dibstudent12--2016-09-26--07-49.log;dibstudent12;23;586819508;1671;true;2.7504760876521157;1.0;Infinity;1;C
dibstudent12--2016-09-26--07-49.log;dibstudent12;23;-80318179;1707;true;-0.33051737720639923;1.0;Infinity;1;C
dibstudent12--2016-09-26--07-49.log;dibstudent12;23;-1905798212;1582;true;-0.21752461122575123;1.0;Infinity;1;C
dibstudent12--2016-09-26--07-49.log;dibstudent12;23;-1760992530;1731;true;-0.7443351265797431;1.0;Infinity;1;C
dibstudent12--2016-09-26--07-49.log;dibstudent12;23;1660632184;1395;true;0.9953395113040671;1.0;Infinity;1;C
dibstudent12--2016-09-26--07-49.log;dibstudent12;23;-1852326050;1503;true;1.2779699998200542;1.0;Infinity;1;C
dibstudent12--2016-09-26--07-49.log;dibstudent12;23;293417559;1677;true;-0.5338419069993099;1.0;Infinity;1;C
dibstudent12--2016-09-26--07-49.log;dibstudent12;23;1526026774;1731;true;0.34272661556907646;1.0;Infinity;1;C
dibstudent12--2016-09-26--07-49.log;dibstudent12;23;-1093787679;1333;true;-0.9044168366173388;1.0;Infinity;1;C
dibstudent12--2016-09-26--07-49.log;dibstudent12;23;-1558784788;1584;true;-0.7706853173432262;1.0;Infinity;1;C
dibstudent12--2016-09-26--07-49.log;dibstudent12;23;1990007707;1254;true;-0.1476306274107845;1.0;Infinity;1;C
dibstudent12--2016-09-26--07-49.log;dibstudent12;23;1813355532;1452;true;0.8244847477644299;1.0;Infinity;1;C
dibstudent12--2016-09-26--07-49.log;dibstudent12;23;-1646543226;1216;true;-1.0148786424058616;1.0;Infinity;1;C
dibstudent12--2016-09-26--07-49.log;dibstudent12;23;834262907;1233;true;0.13238420522051117;1.0;Infinity;1;C
dibstudent12--2016-09-26--07-49.log;dibstudent12;23;1822741484;1529;true;-0.32750832161379717;1.0;Infinity;1;C
dibstudent12--2016-09-26--07-49.log;dibstudent12;23;-13824667;1790;true;-0.3670521652254033;1.0;Infinity;1;C
dibstudent12--2016-09-26--07-49.log;dibstudent12;23;-1704804834;1494;true;-0.4284719549225795;1.0;Infinity;1;C
dibstudent12--2016-09-26--07-49.log;dibstudent12;23;1830286697;1284;true;0.2380219396964239;1.0;Infinity;1;C
dibstudent12--2016-09-26--07-49.log;dibstudent12;23;1898819508;1146;true;-0.454548592584045;1.0;Infinity;1;C
dibstudent12--2016-09-26--07-49.log;dibstudent12;23;-1545083824;1139;true;0.8357913350879504;1.0;Infinity;1;C
dibstudent12--2016-09-26--07-49.log;dibstudent12;23;-1648240812;1150;true;-0.45542664382401216;1.0;Infinity;1;C
dibstudent12--2016-09-26--07-49.log;dibstudent12;23;636047213;1111;true;-0.8742910398681716;1.0;Infinity;1;C
dibstudent12--2016-09-26--07-49.log;dibstudent12;23;-364198240;1500;true;-0.41358489170397644;1.0;Infinity;1;C
dibstudent12--2016-09-26--07-49.log;dibstudent12;23;-265520411;1652;true;-0.5305962480171961;1.0;Infinity;1;C
dibstudent12--2016-09-26--07-49.log;dibstudent12;23;-803004086;1706;true;0.15634801481210073;1.0;Infinity;1;C
dibstudent12--2016-09-26--07-49.log;dibstudent12;23;987594267;1548;true;-0.9070700888302351;1.0;Infinity;1;C
dibstudent12--2016-09-26--07-49.log;dibstudent12;23;-426002500;1085;true;-0.1356989871504762;1.0;Infinity;1;C
dibstudent12--2016-09-26--07-49.log;dibstudent12;23;434243046;1187;true;-0.8182061509955516;1.0;Infinity;1;C
dibstudent12--2016-09-26--07-49.log;dibstudent12;23;-645322375;1219;true;-0.37048454705300576;1.0;Infinity;1;C
dibstudent12--2016-09-26--07-49.log;dibstudent12;23;1597301505;1183;true;-0.062048852516449635;1.0;Infinity;1;C
dibstudent12--2016-09-26--07-49.log;dibstudent12;23;1313421444;1103;true;0.29066614360127735;1.0;Infinity;1;C
dibstudent12--2016-09-26--07-49.log;dibstudent12;23;2056501219;2137;true;-0.22308852789066194;1.0;Infinity;1;C
dibstudent12--2016-09-26--07-49.log;dibstudent12;23;1332391908;2246;true;-0.23299214262315562;1.0;Infinity;1;C
dibstudent12--2016-09-26--07-49.log;dibstudent12;23;-1867560687;2274;true;0.0;1.0;Infinity;1;C
dibstudent12--2016-09-26--07-49.log;dibstudent12;23;-799738238;2125;true;-0.6726843495703493;1.0;Infinity;1;C
dibstudent12--2016-09-26--07-49.log;dibstudent12;23;-1369431686;1039;true;0.3625559551093164;1.0;Infinity;1;C
dibstudent12--2016-09-26--07-49.log;dibstudent12;23;-517190699;1001;true;-0.028539503394972503;1.0;Infinity;1;C
dibstudent12--2016-09-26--07-49.log;dibstudent12;23;-1581747300;1034;true;-0.4908181396659573;1.0;Infinity;1;C
dibstudent12--2016-09-26--07-49.log;dibstudent12;23;1763793185;1078;true;-0.03961278758716938;1.0;Infinity;1;C
dibstudent12--2016-09-26--07-49.log;dibstudent12;23;815292443;1308;true;-0.09417417906837104;1.0;Infinity;1;C
dibstudent12--2016-09-26--07-49.log;dibstudent12;23;1258118971;1791;true;0.0;1.0;Infinity;1;C
dibstudent12--2016-09-26--07-49.log;dibstudent12;23;804206057;1877;true;1.2914060641965541;1.0;Infinity;1;C
dibstudent12--2016-09-26--07-49.log;dibstudent12;23;-1047529473;1732;true;-0.3388381163443376;1.0;Infinity;1;C
dibstudent12--2016-09-26--07-49.log;dibstudent12;23;-604261230;1083;true;-0.7520064084796607;1.0;Infinity;1;C
dibstudent12--2016-09-26--07-49.log;dibstudent12;23;1744822721;1055;true;-0.7963810615530046;1.0;Infinity;1;C
dibstudent12--2016-09-26--07-49.log;dibstudent12;23;-583684211;1162;true;-0.3337671614282776;1.0;Infinity;1;C
dibstudent12--2016-09-26--07-49.log;dibstudent12;23;423232648;1236;true;-0.18680495678855707;1.0;Infinity;1;C
dibstudent12--2016-09-26--07-49.log;dibstudent12;23;-1948909308;1176;true;-0.5463119149334622;1.0;Infinity;1;C
dibstudent12--2016-09-26--07-49.log;dibstudent12;23;1904543731;1287;true;-0.04508407269671453;1.0;Infinity;1;C
dibstudent12--2016-09-26--07-49.log;dibstudent12;23;268722872;1187;true;-0.6198019935159583;1.0;Infinity;1;C
dibstudent12--2016-09-26--07-49.log;dibstudent12;23;1709728872;1404;true;-0.7381286727651963;1.0;Infinity;1;C
dibstudent12--2016-09-26--07-49.log;dibstudent12;23;1756247972;1272;true;-0.2155143294661682;1.0;Infinity;1;C
dibstudent12--2016-09-26--07-49.log;dibstudent12;23;921100755;1057;true;-0.8776821861712814;1.0;Infinity;1;C
dibstudent12--2016-09-26--07-49.log;dibstudent12;23;-1600285020;1268;true;-0.5637715767074162;1.0;Infinity;1;C
dibstudent12--2016-09-26--07-49.log;dibstudent12;23;721511189;1817;true;0.7108428751581023;1.0;Infinity;1;C
dibstudent12--2016-09-26--07-49.log;dibstudent12;23;1039169065;2050;true;-0.06379473060365627;1.0;Infinity;1;C
dibstudent12--2016-09-26--07-49.log;dibstudent12;23;-866231750;1837;true;-0.4065523486949269;1.0;Infinity;1;C
dibstudent12--2016-09-26--07-49.log;dibstudent12;23;1306444732;1658;true;-0.45807012015851734;1.0;Infinity;1;C
dibstudent12--2016-09-26--07-49.log;dibstudent12;23;-283298962;1322;true;0.3041638227842805;1.0;Infinity;1;C
dibstudent12--2016-09-26--07-49.log;dibstudent12;23;894009357;1188;true;-0.1354039397992708;1.0;Infinity;1;C
dibstudent12--2016-09-26--07-49.log;dibstudent12;23;22196995;1394;true;2.29808396445409;1.0;Infinity;1;C
dibstudent12--2016-09-26--07-49.log;dibstudent12;23;-871536897;1787;true;-0.40045915326517767;1.0;Infinity;1;C
dibstudent12--2016-09-26--07-49.log;dibstudent12;23;-1083618299;1738;true;0.6333499128984167;1.0;Infinity;1;C
dibstudent12--2016-09-26--07-49.log;dibstudent12;23;-535728419;1725;true;-0.9126420964893118;1.0;Infinity;1;C
dibstudent12--2016-09-26--07-49.log;dibstudent12;23;825476546;1226;true;-1.0148786424058616;1.0;Infinity;1;C
dibstudent12--2016-09-26--07-49.log;dibstudent12;23;83520640;1698;true;-0.34928017919679577;1.0;Infinity;1;C
dibstudent12--2016-09-26--07-49.log;dibstudent12;23;2040128033;1493;true;-0.5983886455850349;1.0;Infinity;1;C
dibstudent12--2016-09-26--07-49.log;dibstudent12;23;-1918819562;1453;true;3.4527270874103095;1.0;Infinity;1;C
dibstudent12--2016-09-26--07-49.log;dibstudent12;23;1145367253;1287;true;-0.8380162020360842;1.0;Infinity;1;C
dibstudent12--2016-09-26--07-49.log;dibstudent12;23;67203037;1378;true;-0.34246367048477416;1.0;Infinity;1;C
dibstudent12--2016-09-26--07-49.log;dibstudent12;23;-469234907;1782;true;-0.7759674025228949;1.0;Infinity;1;C
dibstudent12--2016-09-26--07-49.log;dibstudent12;23;1965313020;1777;true;0.10470446943994817;1.0;Infinity;1;C
dibstudent12--2016-09-26--07-49.log;dibstudent12;23;972675553;1821;true;0.8582174505886614;1.0;Infinity;1;C
dibstudent12--2016-09-26--07-49.log;dibstudent12;23;-117999195;1106;true;-0.7262005242687583;1.0;Infinity;1;C
dibstudent12--2016-09-26--07-49.log;dibstudent12;23;-1882415796;2344;true;-0.4449824936895187;1.0;Infinity;1;C
dibstudent12--2016-09-26--07-49.log;dibstudent12;23;-444540220;2375;true;-0.34446246298369754;1.0;Infinity;1;C
dibstudent12--2016-09-26--07-49.log;dibstudent12;23;-718710534;2392;true;-0.22191211166566188;1.0;Infinity;1;C
dibstudent12--2016-09-26--07-49.log;dibstudent12;23;-1814610013;2228;true;0.013042441782606839;1.0;Infinity;1;C
dibstudent12--2016-09-26--07-49.log;dibstudent12;23;174708839;1406;true;-0.16838340600497553;1.0;Infinity;1;C
dibstudent12--2016-09-26--07-49.log;dibstudent12;23;-705932125;1509;true;0.34474724986608496;1.0;Infinity;1;C
dibstudent12--2016-09-26--07-49.log;dibstudent12;23;139407616;1513;true;2.517168323859723;1.0;Infinity;1;C
dibstudent12--2016-09-26--07-49.log;dibstudent12;23;-620468149;1330;true;0.048422878127305835;1.0;Infinity;1;C
dibstudent12--2016-09-26--07-49.log;dibstudent12;23;-199026899;1328;true;-0.22226435960144655;1.0;Infinity;1;C
dibstudent12--2016-09-26--07-49.log;dibstudent12;23;-1160281191;1415;true;-0.9143335857695231;1.0;Infinity;1;C
dibstudent12--2016-09-26--07-49.log;dibstudent12;23;-1316741906;1429;true;-0.8234266006092027;1.0;Infinity;1;C
dibstudent12--2016-09-26--07-49.log;dibstudent12;23;1592520286;1330;true;0.3121510889658292;1.0;Infinity;1;C
dibstudent12--2016-09-26--07-49.log;dibstudent12;23;-1035662507;1122;true;-0.6403258025628171;1.0;Infinity;1;C
dibstudent12--2016-09-26--07-49.log;dibstudent12;23;-549400472;1478;true;-0.6192871692337873;1.0;Infinity;1;C
dibstudent12--2016-09-26--07-49.log;dibstudent12;23;1776222384;1529;true;-0.9523511515343556;1.0;Infinity;1;C
dibstudent12--2016-09-26--07-49.log;dibstudent12;23;205901128;1542;true;3.4669145339480774;1.0;Infinity;1;C
dibstudent12--2016-09-26--07-49.log;dibstudent12;23;1822480590;1300;true;-0.9117284119601907;1.0;Infinity;1;C
dibstudent12--2016-09-26--07-49.log;dibstudent12;23;1191995428;1127;true;0.07164523894433049;1.0;Infinity;1;C
dibstudent12--2016-09-26--07-49.log;dibstudent12;23;-2136206111;1194;true;1.2376359191550126;1.0;Infinity;1;C
dibstudent12--2016-09-26--07-49.log;dibstudent12;23;-1432534061;1154;true;1.4685682401325484;1.0;Infinity;1;C
dibstudent12--2016-09-26--07-49.log;dibstudent12;23;-170547244;1088;true;-1.0148786424058616;1.0;Infinity;1;C
dibstudent12--2016-09-26--07-49.log;dibstudent12;23;-1801067175;1062;true;-0.33925210295891384;1.0;Infinity;1;C
dibstudent12--2016-09-26--07-49.log;dibstudent12;23;-711815887;1130;true;0.007984031221943107;1.0;Infinity;1;C
dibstudent12--2016-09-26--07-49.log;dibstudent12;23;-67116928;1187;true;0.96984297132413;1.0;Infinity;1;C
dibstudent12--2016-09-26--07-49.log;dibstudent12;23;-652217022;2189;true;-0.04489452009804445;1.0;Infinity;1;C
dibstudent12--2016-09-26--07-49.log;dibstudent12;23;1481386954;2394;true;-1.0250776683753242;1.0;Infinity;1;C
dibstudent12--2016-09-26--07-49.log;dibstudent12;23;-553974637;2596;true;0.0;1.0;Infinity;1;C
dibstudent12--2016-09-26--07-49.log;dibstudent12;23;900756419;2471;true;0.016987548764041262;1.0;Infinity;1;C
dibstudent12--2016-09-26--07-49.log;dibstudent12;23;702540725;1239;true;-0.4688942164880002;1.0;Infinity;1;C
dibstudent12--2016-09-26--07-49.log;dibstudent12;23;1547880466;1249;true;1.436663612417072;1.0;Infinity;1;C
dibstudent12--2016-09-26--07-49.log;dibstudent12;23;1324612483;1273;true;-0.18101360000655528;1.0;Infinity;1;C
dibstudent12--2016-09-26--07-49.log;dibstudent12;23;-975078959;1241;true;-0.19736504780587938;1.0;Infinity;1;C
dibstudent12--2016-09-26--07-49.log;dibstudent12;23;-1974357705;1201;true;-0.914284085580891;1.0;Infinity;1;C
dibstudent12--2016-09-26--07-49.log;dibstudent12;23;-818275958;1054;true;-0.24733089369873734;1.0;Infinity;1;C
dibstudent12--2016-09-26--07-49.log;dibstudent12;23;367749534;1090;true;-0.8903930051113387;1.0;Infinity;1;C
dibstudent12--2016-09-26--07-49.log;dibstudent12;23;1018220785;1110;true;0.12668050919743787;1.0;Infinity;1;C
dibstudent12--2016-09-26--07-49.log;dibstudent12;23;-862327241;1173;true;-0.5388066295990117;1.0;Infinity;1;C
dibstudent12--2016-09-26--07-49.log;dibstudent12;23;-795833729;1123;true;-0.3927912007295281;1.0;Infinity;1;C
dibstudent12--2016-09-26--07-49.log;dibstudent12;23;-297704728;1180;true;-0.7953905537602273;1.0;Infinity;1;C
dibstudent12--2016-09-26--07-49.log;dibstudent12;23;-623416;1151;true;-0.2476779978561383;1.0;Infinity;1;C
dibstudent12--2016-09-26--07-49.log;dibstudent12;23;-1019058113;1141;true;0.2394166060763057;1.0;Infinity;1;C
dibstudent12--2016-09-26--07-49.log;dibstudent12;23;-1569778511;1118;true;1.6630560821678517;1.0;Infinity;1;C
dibstudent12--2016-09-26--07-49.log;dibstudent12;23;1678329209;1216;true;-0.6879523760820128;1.0;Infinity;1;C
dibstudent12--2016-09-26--07-49.log;dibstudent12;23;-1302938174;1177;true;0.9209180359521318;1.0;Infinity;1;C
dibstudent12--2016-09-26--07-49.log;dibstudent12;23;-1478590312;1188;true;0.2747069160878942;1.0;Infinity;1;C
dibstudent12--2016-09-26--07-49.log;dibstudent12;23;17027128;1077;true;-0.5533579248414708;1.0;Infinity;1;C
dibstudent12--2016-09-26--07-49.log;dibstudent12;23;1859200279;1065;true;-0.369707355276913;1.0;Infinity;1;C
dibstudent12--2016-09-26--07-49.log;dibstudent12;23;-1542956428;1094;true;-0.9434126510033853;1.0;Infinity;1;C
dibstudent12--2016-09-26--07-49.log;dibstudent12;23;-1085551625;1221;true;0.23108935813584597;1.0;Infinity;1;C
dibstudent12--2016-09-26--07-49.log;dibstudent12;23;-104053732;1076;true;3.238478785726988;1.0;Infinity;1;C
dibstudent12--2016-09-26--07-49.log;dibstudent12;23;759252349;2341;true;2.0499713659320666;1.0;Infinity;1;C
dibstudent12--2016-09-26--07-49.log;dibstudent12;23;-938030409;3176;true;-0.4058414326533174;1.0;Infinity;1;C
dibstudent12--2016-09-26--07-49.log;dibstudent12;23;748798931;3087;true;0.020801342408105057;1.0;Infinity;1;C
dibstudent12--2016-09-26--07-49.log;dibstudent12;23;-639438613;2862;true;0.9826468377521416;1.0;Infinity;1;C
dibstudent12--2016-09-26--07-49.log;dibstudent12;23;1792706767;1527;true;-0.3507253748019728;1.0;Infinity;1;C
dibstudent12--2016-09-26--07-49.log;dibstudent12;23;-1763707076;1133;true;-0.7353621052774211;1.0;Infinity;1;C
dibstudent12--2016-09-26--07-49.log;dibstudent12;23;-24061211;1198;true;-0.6958112495104455;1.0;Infinity;1;C
dibstudent12--2016-09-26--07-49.log;dibstudent12;23;-879182840;1110;true;1.8835197587169676;1.0;Infinity;1;C
dibstudent12--2016-09-26--07-49.log;dibstudent12;23;-736510574;1074;true;-0.2179973406517464;1.0;Infinity;1;C
dibstudent12--2016-09-26--07-49.log;dibstudent12;23;-812689328;1092;true;1.2779040290820893;1.0;Infinity;1;C
dibstudent12--2016-09-26--07-49.log;dibstudent12;23;788004701;1095;true;-0.4275152908272382;1.0;Infinity;1;C
dibstudent12--2016-09-26--07-49.log;dibstudent12;23;1239951220;1133;true;-0.7496083874078716;1.0;Infinity;1;C
dibstudent12--2016-09-26--07-49.log;dibstudent12;23;-1713036738;1195;true;-1.0148786424058616;1.0;Infinity;1;C
dibstudent12--2016-09-26--07-49.log;dibstudent12;23;-1071927079;1035;true;-0.3472951846723617;1.0;Infinity;1;C
dibstudent12--2016-09-26--07-49.log;dibstudent12;23;-1407930105;1059;true;-0.8700768736307366;1.0;Infinity;1;C
dibstudent12--2016-09-26--07-49.log;dibstudent12;23;-2040824535;1073;true;-0.24879966385251792;1.0;Infinity;1;C
dibstudent12--2016-09-26--07-49.log;dibstudent12;23;-1913818893;1139;true;0.031396682582218116;1.0;Infinity;1;C
dibstudent12--2016-09-26--07-49.log;dibstudent12;23;-378046708;1187;true;0.41297802745411405;1.0;Infinity;1;C
dibstudent12--2016-09-26--07-49.log;dibstudent12;23;-670754742;1146;true;0.012421228329821567;1.0;Infinity;1;C
dibstudent12--2016-09-26--07-49.log;dibstudent12;23;-1980312405;1119;true;-0.9716723085460071;1.0;Infinity;1;C
dibstudent12--2016-09-26--07-49.log;dibstudent12;23;-981035961;1177;true;-0.30724216862721215;1.0;Infinity;1;C
dibstudent12--2016-09-26--07-49.log;dibstudent12;23;-196612085;1071;true;-0.20871904813207406;1.0;Infinity;1;C
dibstudent12--2016-09-26--07-49.log;dibstudent12;23;-1366040549;1164;true;1.1210082291137389;1.0;Infinity;1;C
dibstudent12--2016-09-26--07-49.log;dibstudent12;23;-1623984132;1259;true;-0.8380566545389142;1.0;Infinity;1;C
dibstudent12--2016-09-26--07-49.log;dibstudent12;23;520325996;1345;true;2.9166100686941063;1.0;Infinity;1;C
dibstudent12--2016-09-26--07-49.log;dibstudent12;23;-2107318047;1144;true;-0.9199825113071979;1.0;Infinity;1;C
dibstudent12--2016-09-26--07-49.log;dibstudent12;23;611461818;1142;true;-1.0148786424058616;1.0;Infinity;1;C
dibstudent12--2016-09-26--07-49.log;dibstudent12;23;2106621545;1131;true;0.4161610611937099;1.0;Infinity;1;C
dibstudent12--2016-09-26--07-49.log;dibstudent12;24;759252349;1550;false;0.7172304505432876;1.0;58.8788693294521;1;C
dibstudent12--2016-09-26--07-49.log;dibstudent12;24;-2136206111;1620;false;0.05482061092809698;1.0;58.91165915227509;1;C
dibstudent12--2016-09-26--07-49.log;dibstudent12;24;-1918819562;1629;false;1.7658552766790518;1.0;58.8788693294521;1;C
dibstudent12--2016-09-26--07-49.log;dibstudent12;24;692758837;1678;false;-0.288266602954389;1.0;58.8788693294521;1;C
dibstudent12--2016-09-26--07-49.log;dibstudent12;24;-1636272023;1648;false;-0.3060093206798283;1.0;58.342564620385126;1;C
dibstudent12--2016-09-26--07-49.log;dibstudent12;24;-1704804834;1658;false;-1.1568995673357523;1.0;58.84712063113752;1;C
dibstudent12--2016-09-26--07-49.log;dibstudent12;24;-1771298346;1672;false;-1.3753654236162374;1.0;58.84712063113752;1;C
dibstudent12--2016-09-26--07-49.log;dibstudent12;24;139407616;1735;false;1.0982009759554325;1.0;58.91165915227509;1;C
dibstudent12--2016-09-26--07-49.log;dibstudent12;24;2092267673;1641;false;0.2749221030663605;1.0;58.91165915227509;1;C
dibstudent12--2016-09-26--07-49.log;dibstudent12;24;-1569778511;1802;false;0.4017247169454524;1.0;58.342564620385126;1;C
dibstudent12--2016-09-26--07-49.log;dibstudent12;24;1481386954;1810;false;-1.7819671537500146;1.0;58.8788693294521;1;C
dibstudent12--2016-09-26--07-49.log;dibstudent12;24;-1852326050;1727;false;0.08771058515039513;1.0;58.8788693294521;1;C
dibstudent12--2016-09-26--07-49.log;dibstudent12;24;-1545083824;1189;false;-0.27285905335122196;1.0;58.98065202376204;1;C
dibstudent12--2016-09-26--07-49.log;dibstudent12;24;1660632184;1634;false;-0.14275728044752192;1.0;58.323872487372974;1;C
dibstudent12--2016-09-26--07-49.log;dibstudent12;24;-1478590312;1737;false;-0.7303890570892149;1.0;58.98065202376204;1;C
dibstudent12--2016-09-26--07-49.log;dibstudent12;24;1547880466;1823;false;0.2171155137244353;1.0;58.8788693294521;1;C
dibstudent12--2016-09-26--07-49.log;dibstudent12;24;1594138672;1172;false;-0.2527896636013461;1.0;58.323872487372974;1;C
dibstudent12--2016-09-26--07-49.log;dibstudent12;24;205901128;1456;false;1.872660883122853;1.0;58.91165915227509;1;C
dibstudent12--2016-09-26--07-49.log;dibstudent12;25;-2136206111;1364;false;0.05482061092809698;1.0;58.21128751570593;1;C
dibstudent12--2016-09-26--07-49.log;dibstudent12;25;759252349;1417;false;0.7172304505432876;1.0;58.18051585703918;1;C
dibstudent12--2016-09-26--07-49.log;dibstudent12;25;692758837;1438;false;-0.288266602954389;1.0;58.18051585703918;1;C
dibstudent12--2016-09-26--07-49.log;dibstudent12;25;-1918819562;1450;false;1.8610918887832384;1.0;58.18051585703918;1;C
dibstudent12--2016-09-26--07-49.log;dibstudent12;25;-1636272023;1374;false;-0.3060093206798283;1.0;57.66969023327319;1;C
dibstudent12--2016-09-26--07-49.log;dibstudent12;25;139407616;1532;false;1.1245029539024185;1.0;58.21128751570593;1;C
dibstudent12--2016-09-26--07-49.log;dibstudent12;25;-1771298346;1572;false;-1.506651206487472;1.0;58.150662893889496;1;C
dibstudent12--2016-09-26--07-49.log;dibstudent12;25;-1704804834;1575;false;-1.3037883898585454;1.0;58.150662893889496;1;C
dibstudent12--2016-09-26--07-49.log;dibstudent12;25;2092267673;1192;false;0.2749221030663605;1.0;58.21128751570593;1;C
dibstudent12--2016-09-26--07-49.log;dibstudent12;25;1481386954;1300;false;-1.7819671537500146;1.0;58.18051585703918;1;C
dibstudent12--2016-09-26--07-49.log;dibstudent12;25;-1569778511;1320;false;0.4017247169454524;1.0;57.66969023327319;1;C
dibstudent12--2016-09-26--07-49.log;dibstudent12;25;-1852326050;1301;false;0.08771058515039513;1.0;58.18051585703918;1;C
dibstudent12--2016-09-26--07-49.log;dibstudent12;25;-1545083824;1099;false;-0.27285905335122196;1.0;58.275826036843505;1;C
dibstudent12--2016-09-26--07-49.log;dibstudent12;25;-1478590312;1249;false;-0.7303890570892149;1.0;58.275826036843505;1;C
dibstudent12--2016-09-26--07-49.log;dibstudent12;25;1660632184;1275;false;-0.14275728044752192;1.0;57.65167172777051;1;C
dibstudent12--2016-09-26--07-49.log;dibstudent12;25;1547880466;1251;false;0.2171155137244353;1.0;58.18051585703918;1;C
dibstudent12--2016-09-26--07-49.log;dibstudent12;25;1594138672;1080;false;-0.2527896636013461;1.0;57.65167172777051;1;C
dibstudent12--2016-09-26--07-49.log;dibstudent12;25;205901128;1101;false;1.872660883122853;1.0;58.21128751570593;1;C
dibstudent12--2016-09-26--07-49.log;dibstudent12;26;-1918819562;1349;false;1.654906247117473;1.0;57.77334817931489;1;C
dibstudent12--2016-09-26--07-49.log;dibstudent12;26;759252349;1365;false;0.7472610195266832;1.0;57.77334817931489;1;C
dibstudent12--2016-09-26--07-49.log;dibstudent12;26;692758837;1397;false;-0.288266602954389;1.0;57.77334817931489;1;C
dibstudent12--2016-09-26--07-49.log;dibstudent12;26;-2136206111;1426;false;0.05482061092809698;1.0;57.80233571618814;1;C
dibstudent12--2016-09-26--07-49.log;dibstudent12;26;-1636272023;1287;false;-0.3060093206798283;1.0;57.28564497296975;1;C
dibstudent12--2016-09-26--07-49.log;dibstudent12;26;-1771298346;1450;false;-1.506651206487472;1.0;57.74517730234819;1;C
dibstudent12--2016-09-26--07-49.log;dibstudent12;26;-1704804834;1471;false;-1.3037883898585454;1.0;57.74517730234819;1;C
dibstudent12--2016-09-26--07-49.log;dibstudent12;26;139407616;1450;false;1.0982009759554325;1.0;57.80233571618814;1;C
dibstudent12--2016-09-26--07-49.log;dibstudent12;26;2092267673;1054;false;0.2749221030663605;1.0;57.80233571618814;1;C
dibstudent12--2016-09-26--07-49.log;dibstudent12;26;-1569778511;1150;false;0.4017247169454524;1.0;57.28564497296975;1;C
dibstudent12--2016-09-26--07-49.log;dibstudent12;26;1481386954;1189;false;-1.7819671537500146;1.0;57.77334817931489;1;C
dibstudent12--2016-09-26--07-49.log;dibstudent12;26;-1852326050;1308;false;0.08771058515039513;1.0;57.77334817931489;1;C
dibstudent12--2016-09-26--07-49.log;dibstudent12;26;-1545083824;1007;false;-0.27285905335122196;1.0;57.86296033800457;1;C
dibstudent12--2016-09-26--07-49.log;dibstudent12;26;1660632184;1123;false;-0.14275728044752192;1.0;57.268253230257876;1;C
dibstudent12--2016-09-26--07-49.log;dibstudent12;26;-1478590312;1097;false;-0.7303890570892149;1.0;57.86296033800457;1;C
dibstudent12--2016-09-26--07-49.log;dibstudent12;26;1547880466;1114;false;0.2171155137244353;1.0;57.77334817931489;1;C
dibstudent12--2016-09-26--07-49.log;dibstudent12;26;1594138672;1352;false;-0.2527896636013461;1.0;57.268253230257876;1;C
dibstudent12--2016-09-26--07-49.log;dibstudent12;26;205901128;1083;false;1.872660883122853;1.0;57.80233571618814;1;C
dibstudent12--2016-09-26--07-49.log;dibstudent12;27;-1636272023;1341;false;-0.060572093187424736;1.0;57.02016216959818;1;C
dibstudent12--2016-09-26--07-49.log;dibstudent12;27;692758837;1426;false;-0.043244476165913856;1.0;57.48678170085967;1;C
dibstudent12--2016-09-26--07-49.log;dibstudent12;27;-617438070;1434;true;1.3839395860223724;1.0;57.48678170085967;1;C
dibstudent12--2016-09-26--07-49.log;dibstudent12;27;-1170789291;1437;true;-0.9160801365979979;1.0;57.51418067504779;1;C
dibstudent12--2016-09-26--07-49.log;dibstudent12;27;-1771298346;1209;false;-1.2331242973759962;1.0;57.46011345377751;1;C
dibstudent12--2016-09-26--07-49.log;dibstudent12;27;350435277;1541;true;-0.19680338599033972;1.0;57.003355051281794;1;C
dibstudent12--2016-09-26--07-49.log;dibstudent12;27;848564278;1549;true;-0.02302366448557397;1.0;57.51418067504779;1;C
dibstudent12--2016-09-26--07-49.log;dibstudent12;27;139407616;1684;false;1.3107859261576977;1.0;57.51418067504779;1;C
dibstudent12--2016-09-26--07-49.log;dibstudent12;27;-1569778511;1263;false;0.6306041148111627;1.0;57.02016216959818;1;C
dibstudent12--2016-09-26--07-49.log;dibstudent12;27;-1852326050;1813;false;0.3239365174742792;1.0;57.48678170085967;1;C
dibstudent12--2016-09-26--07-49.log;dibstudent12;27;1414991878;2007;true;-0.6638969580617506;1.0;57.02016216959818;1;C
dibstudent12--2016-09-26--07-49.log;dibstudent12;27;1660632184;2116;false;0.09886057518388347;1.0;57.003355051281794;1;C
dibstudent12--2016-09-26--07-49.log;dibstudent12;27;-1478590312;1660;false;-0.47502323071796526;1.0;57.57133908888773;1;C
dibstudent12--2016-09-26--07-49.log;dibstudent12;27;1348498366;1166;true;-0.19714120528903817;1.0;57.02016216959818;1;C
dibstudent12--2016-09-26--07-49.log;dibstudent12;27;1213472043;1253;true;0.5095771828349048;1.0;57.46011345377751;1;C
dibstudent12--2016-09-26--07-49.log;dibstudent12;27;1065950827;1268;true;-0.9364514498842349;1.0;57.48678170085967;1;C
dibstudent12--2016-09-26--07-49.log;dibstudent12;27;205901128;1311;false;2.067126915039642;1.0;57.51418067504779;1;C
dibstudent12--2016-09-26--07-49.log;dibstudent12;27;-1918819562;1378;false;2.055828583727441;1.0;57.48678170085967;1;C
dibstudent12--2016-09-26--07-49.log;dibstudent12;27;759252349;1359;false;0.9387284171008661;1.0;57.48678170085967;1;C
dibstudent12--2016-09-26--07-49.log;dibstudent12;27;-2136206111;1221;false;0.29181602240749327;1.0;57.51418067504779;1;C
dibstudent12--2016-09-26--07-49.log;dibstudent12;27;1439686565;1198;true;-1.2562505763436878;1.0;57.57133908888773;1;C
dibstudent12--2016-09-26--07-49.log;dibstudent12;27;-1704804834;1107;false;-1.0350075686512257;1.0;57.46011345377751;1;C
dibstudent12--2016-09-26--07-49.log;dibstudent12;27;782070766;1378;true;-0.1083937274976463;1.0;57.51418067504779;1;C
dibstudent12--2016-09-26--07-49.log;dibstudent12;27;2092267673;1356;false;0.5067681182843664;1.0;57.51418067504779;1;C
dibstudent12--2016-09-26--07-49.log;dibstudent12;27;283941765;1264;true;0.9235519410903428;1.0;57.003355051281794;1;C
dibstudent12--2016-09-26--07-49.log;dibstudent12;27;-550944558;1236;true;1.3766874038928791;1.0;57.48678170085967;1;C
dibstudent12--2016-09-26--07-49.log;dibstudent12;27;1481386954;1439;false;-1.5019990756316324;1.0;57.48678170085967;1;C
dibstudent12--2016-09-26--07-49.log;dibstudent12;27;-1545083824;1384;false;-0.02819739471565644;1.0;57.57133908888773;1;C
dibstudent12--2016-09-26--07-49.log;dibstudent12;27;1506180077;1365;true;-1.4356273355094684;1.0;57.57133908888773;1;C
dibstudent12--2016-09-26--07-49.log;dibstudent12;27;1547880466;1114;false;0.4503139461030393;1.0;57.48678170085967;1;C
dibstudent12--2016-09-26--07-49.log;dibstudent12;27;171190047;1386;true;-1.4203226045643202;1.0;57.48678170085967;1;C
dibstudent12--2016-09-26--07-49.log;dibstudent12;27;237683559;1404;true;-0.9217417275942906;1.0;57.48678170085967;1;C
dibstudent12--2016-09-26--07-49.log;dibstudent12;27;1594138672;1343;false;-0.008597539449815245;1.0;57.003355051281794;1;C
dibstudent12--2016-09-26--07-49.log;dibstudent12;27;1132444339;1223;true;-0.6093038639475598;1.0;57.48678170085967;1;C
dibstudent12--2016-09-26--07-49.log;dibstudent12;27;-1104295779;1100;true;-1.2583450526384488;1.0;57.51418067504779;1;C
dibstudent12--2016-09-26--07-49.log;dibstudent12;27;1279965555;1228;true;1.46062211416961;1.0;57.46011345377751;1;C
dibstudent12--2016-09-26--07-49.log;dibstudent12;28;-1636272023;1267;false;-0.060572093187424736;1.0;56.6604041447795;1;C
dibstudent12--2016-09-26--07-49.log;dibstudent12;28;-1170789291;1343;false;-0.9160801365979979;1.0;57.11465941705709;1;C
dibstudent12--2016-09-26--07-49.log;dibstudent12;28;-617438070;1398;false;1.3839395860223724;1.0;57.08996680446672;1;C
dibstudent12--2016-09-26--07-49.log;dibstudent12;28;692758837;1490;false;-0.043244476165913856;1.0;57.08996680446672;1;C
dibstudent12--2016-09-26--07-49.log;dibstudent12;28;-1771298346;1090;false;-1.2331242973759962;1.0;57.06586925288766;1;C
dibstudent12--2016-09-26--07-49.log;dibstudent12;28;350435277;1158;false;-0.19680338599033972;1.0;56.64465578781136;1;C
dibstudent12--2016-09-26--07-49.log;dibstudent12;28;139407616;1142;false;1.3107859261576977;1.0;57.11465941705709;1;C
dibstudent12--2016-09-26--07-49.log;dibstudent12;28;848564278;1145;false;-0.02302366448557397;1.0;57.11465941705709;1;C
dibstudent12--2016-09-26--07-49.log;dibstudent12;28;-1569778511;1055;false;0.6306041148111627;1.0;56.6604041447795;1;C
dibstudent12--2016-09-26--07-49.log;dibstudent12;28;-1852326050;1144;false;0.3239365174742792;1.0;57.08996680446672;1;C
dibstudent12--2016-09-26--07-49.log;dibstudent12;28;1660632184;1155;false;0.09886057518388347;1.0;56.64465578781136;1;C
dibstudent12--2016-09-26--07-49.log;dibstudent12;28;1414991878;1243;false;-0.6638969580617506;1.0;56.6604041447795;1;C
dibstudent12--2016-09-26--07-49.log;dibstudent12;28;-1478590312;1065;false;-0.47502323071796526;1.0;57.165952711444646;1;C
dibstudent12--2016-09-26--07-49.log;dibstudent12;28;1348498366;1148;false;-0.19714120528903817;1.0;56.6604041447795;1;C
dibstudent12--2016-09-26--07-49.log;dibstudent12;28;1065950827;1143;false;-0.9364514498842349;1.0;57.08996680446672;1;C
dibstudent12--2016-09-26--07-49.log;dibstudent12;28;1213472043;1166;false;0.5095771828349048;1.0;57.06586925288766;1;C
dibstudent12--2016-09-26--07-49.log;dibstudent12;28;205901128;1053;false;2.067126915039642;1.0;57.11465941705709;1;C
dibstudent12--2016-09-26--07-49.log;dibstudent12;28;-1918819562;1160;false;2.055828583727441;1.0;57.08996680446672;1;C
dibstudent12--2016-09-26--07-49.log;dibstudent12;28;759252349;1180;false;0.9387284171008661;1.0;57.08996680446672;1;C
dibstudent12--2016-09-26--07-49.log;dibstudent12;28;-2136206111;1169;false;0.29181602240749327;1.0;57.11465941705709;1;C
dibstudent12--2016-09-26--07-49.log;dibstudent12;28;1439686565;1089;false;-1.2562505763436878;1.0;57.165952711444646;1;C
dibstudent12--2016-09-26--07-49.log;dibstudent12;28;-1704804834;1165;false;-1.0350075686512257;1.0;57.06586925288766;1;C
dibstudent12--2016-09-26--07-49.log;dibstudent12;28;782070766;1194;false;-0.1083937274976463;1.0;57.11465941705709;1;C
dibstudent12--2016-09-26--07-49.log;dibstudent12;28;2092267673;1101;false;0.5067681182843664;1.0;57.11465941705709;1;C
dibstudent12--2016-09-26--07-49.log;dibstudent12;28;283941765;996;false;0.9235519410903428;1.0;56.64465578781136;1;C
dibstudent12--2016-09-26--07-49.log;dibstudent12;28;-550944558;1066;false;1.3766874038928791;1.0;57.08996680446672;1;C
dibstudent12--2016-09-26--07-49.log;dibstudent12;28;1481386954;1707;false;-1.5019990756316324;1.0;57.08996680446672;1;C
dibstudent12--2016-09-26--07-49.log;dibstudent12;28;-1545083824;1655;false;-0.02819739471565644;1.0;57.165952711444646;1;C
dibstudent12--2016-09-26--07-49.log;dibstudent12;28;1506180077;1517;false;-1.4356273355094684;1.0;57.165952711444646;1;C
dibstudent12--2016-09-26--07-49.log;dibstudent12;28;1547880466;1572;false;0.4503139461030393;1.0;57.08996680446672;1;C
dibstudent12--2016-09-26--07-49.log;dibstudent12;28;1594138672;1221;false;-0.008597539449815245;1.0;56.64465578781136;1;C
dibstudent12--2016-09-26--07-49.log;dibstudent12;28;171190047;1240;false;-1.4203226045643202;1.0;57.08996680446672;1;C
dibstudent12--2016-09-26--07-49.log;dibstudent12;28;237683559;1165;false;-0.9217417275942906;1.0;57.08996680446672;1;C
dibstudent12--2016-09-26--07-49.log;dibstudent12;28;-1104295779;1184;false;-1.2583450526384488;1.0;57.11465941705709;1;C
dibstudent12--2016-09-26--07-49.log;dibstudent12;28;1132444339;1130;false;-0.6093038639475598;1.0;57.08996680446672;1;C
dibstudent12--2016-09-26--07-49.log;dibstudent12;28;1279965555;1137;false;1.46062211416961;1.0;57.06586925288766;1;C
dibstudent12--2016-09-26--07-49.log;dibstudent12;29;692758837;1167;false;-0.043244476165913856;1.0;56.81706603938392;1;C
dibstudent12--2016-09-26--07-49.log;dibstudent12;29;-1636272023;1224;false;-0.060572093187424736;1.0;56.41903590976327;1;C
dibstudent12--2016-09-26--07-49.log;dibstudent12;29;-617438070;1262;false;1.3839395860223724;1.0;56.81706603938392;1;C
dibstudent12--2016-09-26--07-49.log;dibstudent12;29;-1170789291;1263;false;-0.9160801365979979;1.0;56.839538895235975;1;C
dibstudent12--2016-09-26--07-49.log;dibstudent12;29;-1771298346;1005;false;-1.2331242973759962;1.0;56.79508713266514;1;C
dibstudent12--2016-09-26--07-49.log;dibstudent12;29;350435277;1155;false;-0.19680338599033972;1.0;56.40422082397813;1;C
dibstudent12--2016-09-26--07-49.log;dibstudent12;29;139407616;1806;false;1.3107859261576977;1.0;56.839538895235975;1;C
dibstudent12--2016-09-26--07-49.log;dibstudent12;29;848564278;1902;false;-0.02302366448557397;1.0;56.839538895235975;1;C
dibstudent12--2016-09-26--07-49.log;dibstudent12;29;-1569778511;1552;false;0.6306041148111627;1.0;56.41903590976327;1;C
dibstudent12--2016-09-26--07-49.log;dibstudent12;29;-1852326050;1650;false;0.3239365174742792;1.0;56.81706603938392;1;C
dibstudent12--2016-09-26--07-49.log;dibstudent12;29;1660632184;1170;false;0.09886057518388347;1.0;56.40422082397813;1;C
dibstudent12--2016-09-26--07-49.log;dibstudent12;29;1414991878;1122;false;-0.6638969580617506;1.0;56.41903590976327;1;C
dibstudent12--2016-09-26--07-49.log;dibstudent12;29;-1478590312;1146;false;-0.47502323071796526;1.0;56.886058910870865;1;C
dibstudent12--2016-09-26--07-49.log;dibstudent12;29;1348498366;1065;false;-0.19714120528903817;1.0;56.41903590976327;1;C
dibstudent12--2016-09-26--07-49.log;dibstudent12;29;1065950827;1100;false;-0.9364514498842349;1.0;56.81706603938392;1;C
dibstudent12--2016-09-26--07-49.log;dibstudent12;29;1213472043;1125;false;0.5095771828349048;1.0;56.79508713266514;1;C
dibstudent12--2016-09-26--07-49.log;dibstudent12;29;205901128;1032;false;2.067126915039642;1.0;56.839538895235975;1;C
dibstudent12--2016-09-26--07-49.log;dibstudent12;29;-1918819562;1040;false;2.055828583727441;1.0;56.81706603938392;1;C
dibstudent12--2016-09-26--07-49.log;dibstudent12;29;759252349;1063;false;0.9387284171008661;1.0;56.81706603938392;1;C
dibstudent12--2016-09-26--07-49.log;dibstudent12;29;-2136206111;1080;false;0.29181602240749327;1.0;56.839538895235975;1;C
dibstudent12--2016-09-26--07-49.log;dibstudent12;29;1439686565;1094;false;-1.2562505763436878;1.0;56.886058910870865;1;C
dibstudent12--2016-09-26--07-49.log;dibstudent12;29;-1704804834;1093;false;-1.0350075686512257;1.0;56.79508713266514;1;C
dibstudent12--2016-09-26--07-49.log;dibstudent12;29;782070766;1101;false;-0.1083937274976463;1.0;56.839538895235975;1;C
dibstudent12--2016-09-26--07-49.log;dibstudent12;29;2092267673;1100;false;0.5067681182843664;1.0;56.839538895235975;1;C
dibstudent12--2016-09-26--07-49.log;dibstudent12;29;283941765;1076;false;0.9235519410903428;1.0;56.40422082397813;1;C
dibstudent12--2016-09-26--07-49.log;dibstudent12;29;-550944558;1077;false;1.3766874038928791;1.0;56.81706603938392;1;C
dibstudent12--2016-09-26--07-49.log;dibstudent12;29;1481386954;1054;false;-1.5019990756316324;1.0;56.81706603938392;1;C
dibstudent12--2016-09-26--07-49.log;dibstudent12;29;-1545083824;1003;false;-0.02819739471565644;1.0;56.886058910870865;1;C
dibstudent12--2016-09-26--07-49.log;dibstudent12;29;1506180077;1046;false;-1.4356273355094684;1.0;56.886058910870865;1;C
dibstudent12--2016-09-26--07-49.log;dibstudent12;29;1547880466;991;false;0.4503139461030393;1.0;56.81706603938392;1;C
dibstudent12--2016-09-26--07-49.log;dibstudent12;29;171190047;1157;false;-1.4203226045643202;1.0;56.81706603938392;1;C
dibstudent12--2016-09-26--07-49.log;dibstudent12;29;1594138672;1175;false;-0.008597539449815245;1.0;56.40422082397813;1;C
dibstudent12--2016-09-26--07-49.log;dibstudent12;29;237683559;1127;false;-0.9217417275942906;1.0;56.81706603938392;1;C
dibstudent12--2016-09-26--07-49.log;dibstudent12;29;-1104295779;1132;false;-1.2583450526384488;1.0;56.839538895235975;1;C
dibstudent12--2016-09-26--07-49.log;dibstudent12;29;1279965555;1156;false;1.46062211416961;1.0;56.79508713266514;1;C
dibstudent12--2016-09-26--07-49.log;dibstudent12;29;1132444339;1238;false;-0.6093038639475598;1.0;56.81706603938392;1;C
dibstudent12--2016-09-26--07-49.log;dibstudent12;30;-2136206111;1481;false;0.05482061092809698;1.0;56.633439895646355;1;C
dibstudent12--2016-09-26--07-49.log;dibstudent12;30;692758837;1578;false;-0.288266602954389;1.0;56.61282060844362;1;C
dibstudent12--2016-09-26--07-49.log;dibstudent12;30;-1918819562;1593;false;1.8610918887832384;1.0;56.61282060844362;1;C
dibstudent12--2016-09-26--07-49.log;dibstudent12;30;759252349;1600;false;0.7172304505432876;1.0;56.61282060844362;1;C
dibstudent12--2016-09-26--07-49.log;dibstudent12;30;-1636272023;976;false;-0.3060093206798283;1.0;56.24196102951293;1;C
dibstudent12--2016-09-26--07-49.log;dibstudent12;30;-1771298346;1366;false;-1.506651206487472;1.0;56.5926179011261;1;C
dibstudent12--2016-09-26--07-49.log;dibstudent12;30;139407616;1404;false;1.0982009759554325;1.0;56.633439895646355;1;C
dibstudent12--2016-09-26--07-49.log;dibstudent12;30;-1704804834;1410;false;-1.3037883898585454;1.0;56.5926179011261;1;C
dibstudent12--2016-09-26--07-49.log;dibstudent12;30;2092267673;1100;false;0.2749221030663605;1.0;56.633439895646355;1;C
dibstudent12--2016-09-26--07-49.log;dibstudent12;30;-1569778511;1142;false;0.4017247169454524;1.0;56.24196102951293;1;C
dibstudent12--2016-09-26--07-49.log;dibstudent12;30;-1852326050;1130;false;0.08771058515039513;1.0;56.61282060844362;1;C
dibstudent12--2016-09-26--07-49.log;dibstudent12;30;1481386954;1167;false;-1.7819671537500146;1.0;56.61282060844362;1;C
dibstudent12--2016-09-26--07-49.log;dibstudent12;30;-1545083824;1082;false;-0.27285905335122196;1.0;56.675999510065154;1;C
dibstudent12--2016-09-26--07-49.log;dibstudent12;30;1660632184;1140;false;-0.14275728044752192;1.0;56.22797478753819;1;C
dibstudent12--2016-09-26--07-49.log;dibstudent12;30;-1478590312;1142;false;-0.7303890570892149;1.0;56.675999510065154;1;C
dibstudent12--2016-09-26--07-49.log;dibstudent12;30;1547880466;1172;false;0.2171155137244353;1.0;56.61282060844362;1;C
dibstudent12--2016-09-26--07-49.log;dibstudent12;30;1594138672;1270;false;-0.2527896636013461;1.0;56.22797478753819;1;C
dibstudent12--2016-09-26--07-49.log;dibstudent12;30;205901128;956;false;1.872660883122853;1.0;56.633439895646355;1;C
dibstudent12--2016-09-26--07-49.log;dibstudent12;31;-1918819562;1088;false;1.8610918887832384;1.0;56.52806384592476;1;C
dibstudent12--2016-09-26--07-49.log;dibstudent12;31;-2136206111;1132;false;0.05482061092809698;1.0;56.54786647322094;1;C
dibstudent12--2016-09-26--07-49.log;dibstudent12;31;692758837;1163;false;-0.288266602954389;1.0;56.52806384592476;1;C
dibstudent12--2016-09-26--07-49.log;dibstudent12;31;759252349;1182;false;0.7172304505432876;1.0;56.52806384592476;1;C
dibstudent12--2016-09-26--07-49.log;dibstudent12;31;-1636272023;1233;false;-0.3060093206798283;1.0;56.169430037500696;1;C
dibstudent12--2016-09-26--07-49.log;dibstudent12;31;-1771298346;1245;false;-1.506651206487472;1.0;56.50864576006766;1;C
dibstudent12--2016-09-26--07-49.log;dibstudent12;31;-1704804834;1265;false;-1.3037883898585454;1.0;56.50864576006766;1;C
dibstudent12--2016-09-26--07-49.log;dibstudent12;31;139407616;1305;false;1.0982009759554325;1.0;56.54786647322094;1;C
dibstudent12--2016-09-26--07-49.log;dibstudent12;31;2092267673;1070;false;0.2749221030663605;1.0;56.54786647322094;1;C
dibstudent12--2016-09-26--07-49.log;dibstudent12;31;-1569778511;1224;false;0.4017247169454524;1.0;56.169430037500696;1;C
dibstudent12--2016-09-26--07-49.log;dibstudent12;31;1481386954;1207;false;-1.7819671537500146;1.0;56.52806384592476;1;C
dibstudent12--2016-09-26--07-49.log;dibstudent12;31;-1852326050;1193;false;0.08771058515039513;1.0;56.52806384592476;1;C
dibstudent12--2016-09-26--07-49.log;dibstudent12;31;-1545083824;1218;false;-0.27285905335122196;1.0;56.58868846774119;1;C
dibstudent12--2016-09-26--07-49.log;dibstudent12;31;1660632184;1180;false;-0.14275728044752192;1.0;56.155824385444916;1;C
dibstudent12--2016-09-26--07-49.log;dibstudent12;31;-1478590312;1199;false;-0.7303890570892149;1.0;56.58868846774119;1;C
dibstudent12--2016-09-26--07-49.log;dibstudent12;31;1547880466;1187;false;0.2171155137244353;1.0;56.52806384592476;1;C
dibstudent12--2016-09-26--07-49.log;dibstudent12;31;1594138672;967;false;-0.2527896636013461;1.0;56.155824385444916;1;C
dibstudent12--2016-09-26--07-49.log;dibstudent12;31;205901128;893;false;1.872660883122853;1.0;56.54786647322094;1;C
dibstudent12--2016-09-26--07-49.log;dibstudent12;32;309293030;1106;false;-0.4697688043521769;1.0;56.82349946800588;1;C
dibstudent12--2016-09-26--07-49.log;dibstudent12;32;1775295378;1151;false;-0.06173001605979303;1.0;56.84254766297657;1;C
dibstudent12--2016-09-26--07-49.log;dibstudent12;32;-1928549631;1172;false;-0.021261265913723553;1.0;56.881768376129855;1;C
dibstudent12--2016-09-26--07-49.log;dibstudent12;32;-2019737830;1172;false;-0.3929841319404542;1.0;56.47630326802169;1;C
dibstudent12--2016-09-26--07-49.log;dibstudent12;32;375786542;1118;false;-0.5705643212479182;1.0;56.82349946800588;1;C
dibstudent12--2016-09-26--07-49.log;dibstudent12;32;-2088270641;1134;false;-0.2112141193744297;1.0;56.804807334993725;1;C
dibstudent12--2016-09-26--07-49.log;dibstudent12;32;1708801866;1119;false;-0.0440587027172174;1.0;56.84254766297657;1;C
dibstudent12--2016-09-26--07-49.log;dibstudent12;32;-177564679;1162;false;0.015893526280265798;1.0;56.84254766297657;1;C
dibstudent12--2016-09-26--07-49.log;dibstudent12;32;1097921147;1404;false;0.09693791084386504;1.0;56.82349946800588;1;C
dibstudent12--2016-09-26--07-49.log;dibstudent12;32;-1862056119;1456;false;0.07548580190801517;1.0;56.881768376129855;1;C
dibstudent12--2016-09-26--07-49.log;dibstudent12;32;1164414659;1535;false;-0.46524966718101785;1.0;56.82349946800588;1;C
dibstudent12--2016-09-26--07-49.log;dibstudent12;32;2140203143;1496;false;-0.6662965466892321;1.0;56.804807334993725;1;C
dibstudent12--2016-09-26--07-49.log;dibstudent12;32;1210672865;1274;false;-0.7204948897560509;1.0;56.46305804127167;1;C
dibstudent12--2016-09-26--07-49.log;dibstudent12;32;-1953244318;1271;false;-0.7164616336270324;1.0;56.47630326802169;1;C
dibstudent12--2016-09-26--07-49.log;dibstudent12;32;1277166377;1194;false;-0.807952772308314;1.0;56.46305804127167;1;C
dibstudent12--2016-09-26--07-49.log;dibstudent12;32;2059175439;1293;false;2.5220497498010666;1.0;56.82349946800588;1;C
dibstudent12--2016-09-26--07-49.log;dibstudent12;32;1992681927;956;false;2.7285852589614983;1.0;56.82349946800588;1;C
dibstudent12--2016-09-26--07-49.log;dibstudent12;32;-244058191;982;false;-0.2846897137083673;1.0;56.84254766297657;1;C
dibstudent12--2016-09-26--07-49.log;dibstudent12;33;-2136206111;1359;false;0.05482061092809698;1.0;56.482089127941144;1;C
dibstudent12--2016-09-26--07-49.log;dibstudent12;33;-1918819562;1509;false;1.8610918887832384;1.0;56.46373998927295;1;C
dibstudent12--2016-09-26--07-49.log;dibstudent12;33;692758837;1561;false;-0.288266602954389;1.0;56.46373998927295;1;C
dibstudent12--2016-09-26--07-49.log;dibstudent12;33;759252349;1696;false;0.7172304505432876;1.0;56.46373998927295;1;C
dibstudent12--2016-09-26--07-49.log;dibstudent12;33;-1636272023;1478;false;-0.3060093206798283;1.0;56.12726775265174;1;C
dibstudent12--2016-09-26--07-49.log;dibstudent12;33;-1771298346;1493;false;-1.506651206487472;1.0;56.44572148377027;1;C
dibstudent12--2016-09-26--07-49.log;dibstudent12;33;-1704804834;1519;false;-1.3037883898585454;1.0;56.44572148377027;1;C
dibstudent12--2016-09-26--07-49.log;dibstudent12;33;139407616;1522;false;1.0982009759554325;1.0;56.482089127941144;1;C
dibstudent12--2016-09-26--07-49.log;dibstudent12;33;2092267673;1131;false;0.2749221030663605;1.0;56.482089127941144;1;C
dibstudent12--2016-09-26--07-49.log;dibstudent12;33;-1569778511;1288;false;0.4017247169454524;1.0;56.12726775265174;1;C
dibstudent12--2016-09-26--07-49.log;dibstudent12;33;1481386954;1324;false;-1.7819671537500146;1.0;56.46373998927295;1;C
dibstudent12--2016-09-26--07-49.log;dibstudent12;33;-1852326050;1278;false;0.08771058515039513;1.0;56.46373998927295;1;C
dibstudent12--2016-09-26--07-49.log;dibstudent12;33;-1545083824;1031;false;-0.27285905335122196;1.0;56.519829455924;1;C
dibstudent12--2016-09-26--07-49.log;dibstudent12;33;1660632184;1150;false;-0.14275728044752192;1.0;56.11436434781583;1;C
dibstudent12--2016-09-26--07-49.log;dibstudent12;33;1547880466;1079;false;0.2171155137244353;1.0;56.46373998927295;1;C
dibstudent12--2016-09-26--07-49.log;dibstudent12;33;-1478590312;1211;false;-0.7303890570892149;1.0;56.519829455924;1;C
dibstudent12--2016-09-26--07-49.log;dibstudent12;33;1594138672;971;false;-0.2527896636013461;1.0;56.11436434781583;1;C
dibstudent12--2016-09-26--07-49.log;dibstudent12;33;205901128;1221;false;1.872660883122853;1.0;56.482089127941144;1;C
dibstudent12--2016-09-26--07-49.log;dibstudent12;34;692758837;1144;false;-0.938232211884183;1.0;56.39564086219391;1;C
dibstudent12--2016-09-26--07-49.log;dibstudent12;34;-1852326050;1199;false;-0.5386053414491737;1.0;56.39564086219391;1;C
dibstudent12--2016-09-26--07-49.log;dibstudent12;34;759252349;1244;false;0.1305125243228236;1.0;56.39564086219391;1;C
dibstudent12--2016-09-26--07-49.log;dibstudent12;34;-1918819562;1379;false;1.3463250290105344;1.0;56.39564086219391;1;C
dibstudent12--2016-09-26--07-49.log;dibstudent12;35;-1437850880;1077;true;1.3463250290105342;1.0;Infinity;1;C
dibstudent12--2016-09-26--07-49.log;dibstudent12;35;-1371357368;1133;true;-0.5386053414491746;1.0;Infinity;1;C
dibstudent12--2016-09-26--07-49.log;dibstudent12;35;1240221031;1178;true;0.13051252432282334;1.0;Infinity;1;C
dibstudent12--2016-09-26--07-49.log;dibstudent12;35;1173727519;1234;true;-0.9382322118841832;1.0;Infinity;1;C
dibstudent12--2016-09-26--07-49.log;dibstudent12;36;-1371357368;1132;false;-0.5386053414491746;1.0;61.32238008084869;1;C
dibstudent12--2016-09-26--07-49.log;dibstudent12;36;-1437850880;1161;false;1.3463250290105342;1.0;61.32238008084869;1;C
dibstudent12--2016-09-26--07-49.log;dibstudent12;36;1173727519;1165;false;-0.9382322118841832;1.0;61.32238008084869;1;C
dibstudent12--2016-09-26--07-49.log;dibstudent12;36;1240221031;1218;false;0.13051252432282334;1.0;61.32238008084869;1;C
dibstudent12--2016-09-26--07-49.log;dibstudent12;37;-1437850880;1159;false;1.3463250290105342;1.0;60.59761730813475;1;C
dibstudent12--2016-09-26--07-49.log;dibstudent12;37;-1371357368;1204;false;-0.5386053414491746;1.0;60.59761730813475;1;C
dibstudent12--2016-09-26--07-49.log;dibstudent12;37;1240221031;1209;false;0.13051252432282334;1.0;60.59761730813475;1;C
dibstudent12--2016-09-26--07-49.log;dibstudent12;37;1173727519;1253;false;-0.9382322118841832;1.0;60.59761730813475;1;C
dibstudent12--2016-09-26--07-49.log;dibstudent12;38;759252349;1094;false;0.1305125243228236;1.0;56.25974708750527;1;C
dibstudent12--2016-09-26--07-49.log;dibstudent12;38;-1852326050;1306;false;-0.5386053414491737;1.0;56.25974708750527;1;C
dibstudent12--2016-09-26--07-49.log;dibstudent12;38;-1918819562;1358;false;1.3463250290105344;1.0;56.25974708750527;1;C
dibstudent12--2016-09-26--07-49.log;dibstudent12;38;692758837;1387;false;-0.938232211884183;1.0;56.25974708750527;1;C
dibstudent12--2016-09-26--07-49.log;dibstudent12;39;-1918819562;1238;false;1.3463250290105344;1.0;56.22371765473347;1;C
dibstudent12--2016-09-26--07-49.log;dibstudent12;39;759252349;1237;false;0.1305125243228236;1.0;56.22371765473347;1;C
dibstudent12--2016-09-26--07-49.log;dibstudent12;39;692758837;1240;false;-0.938232211884183;1.0;56.22371765473347;1;C
dibstudent12--2016-09-26--07-49.log;dibstudent12;39;-1852326050;1245;false;-0.5386053414491737;1.0;56.22371765473347;1;C
dibstudent12--2016-09-26--07-49.log;dibstudent12;40;-1852326050;1257;false;-0.5386053414491737;1.0;56.18878448655686;1;C
dibstudent12--2016-09-26--07-49.log;dibstudent12;40;-1918819562;1311;false;1.3463250290105344;1.0;56.18878448655686;1;C
dibstudent12--2016-09-26--07-49.log;dibstudent12;40;692758837;1497;false;-0.938232211884183;1.0;56.18878448655686;1;C
dibstudent12--2016-09-26--07-49.log;dibstudent12;40;759252349;1632;false;0.1305125243228236;1.0;56.18878448655686;1;C
dibstudent12--2016-09-26--07-49.log;dibstudent12;41;-1918819562;2032;false;1.3463250290105344;1.0;56.15488920691009;1;C
dibstudent12--2016-09-26--07-49.log;dibstudent12;41;-1852326050;2058;false;-0.5386053414491737;1.0;56.15488920691009;1;C
dibstudent12--2016-09-26--07-49.log;dibstudent12;41;759252349;2060;false;0.1305125243228236;1.0;56.15488920691009;1;C
dibstudent12--2016-09-26--07-49.log;dibstudent12;41;692758837;2121;false;-0.938232211884183;1.0;56.15488920691009;1;C
dibstudent12--2016-09-26--07-49.log;dibstudent12;42;692758837;1173;false;-0.938232211884183;1.0;56.12197803785492;1;C
dibstudent12--2016-09-26--07-49.log;dibstudent12;42;-1918819562;1242;false;1.3463250290105344;1.0;56.12197803785492;1;C
dibstudent12--2016-09-26--07-49.log;dibstudent12;42;-1852326050;1250;false;-0.5386053414491737;1.0;56.12197803785492;1;C
dibstudent12--2016-09-26--07-49.log;dibstudent12;42;759252349;1290;false;0.1305125243228236;1.0;56.12197803785492;1;C
